pft,dbh,bal,growth
1,1,0,0.203427
1,1,2.5,0.203427
1,1,5,0.203427
1,1,7.5,0.203427
1,1,10,0.203427
1,1,12.5,0.166971
1,1,15,0.129055
1,1,17.5,0.110701
1,1,20,0.107176
1,1,22.5,0.103047
1,1,25,0.107945
1,1,27.5,0.0879159
1,1,30,0.0929797
1,1,32.5,0.0969111
1,1,35,0.0897806
1,1,37.5,0.0961446
1,1,40,0.0923677
1,1,42.5,0.0934697
1,1,45,0.0957663
1,1,47.5,0.0924169
1,1,50,0.0846584
1,1,52.5,0.0841191
1,1,55,0.0847067
1,1,57.5,0.0846666
1,1,60,0.0857375
1,1,62.5,0.0858537
1,1,65,0.0865779
1,1,67.5,0.0872808
1,1,70,0.0874309
1,1,72.5,0.0875477
1,1,75,0.087685
1,1,77.5,0.0879576
1,1,80,0.0881619
1,1,82.5,0.0881619
1,1,85,0.0881619
1,1,87.5,0.0881619
1,1,90,0.0881619
1,1,92.5,0.0881619
1,1,95,0.0881619
1,1,97.5,0.0881619
1,1,100,0.0881619
1,1,102.5,0.0881619
1,1,105,0.0881619
1,1,107.5,0.0881619
1,1,110,0.0881619
1,1.1334,0,0.204021
1,1.1334,2.5,0.204021
1,1.1334,5,0.204021
1,1.1334,7.5,0.204021
1,1.1334,10,0.204021
1,1.1334,12.5,0.167564
1,1.1334,15,0.129961
1,1.1334,17.5,0.111775
1,1.1334,20,0.108167
1,1.1334,22.5,0.103411
1,1.1334,25,0.107614
1,1.1334,27.5,0.085222
1,1.1334,30,0.0900422
1,1.1334,32.5,0.0930286
1,1.1334,35,0.0836563
1,1.1334,37.5,0.090124
1,1.1334,40,0.0864754
1,1.1334,42.5,0.0875701
1,1.1334,45,0.0901728
1,1.1334,47.5,0.0866584
1,1.1334,50,0.0786103
1,1.1334,52.5,0.0782693
1,1.1334,55,0.0788569
1,1.1334,57.5,0.0787172
1,1.1334,60,0.0797881
1,1.1334,62.5,0.0799043
1,1.1334,65,0.0806285
1,1.1334,67.5,0.0813314
1,1.1334,70,0.0814815
1,1.1334,72.5,0.0815983
1,1.1334,75,0.0817356
1,1.1334,77.5,0.0820082
1,1.1334,80,0.0822125
1,1.1334,82.5,0.0822125
1,1.1334,85,0.0822125
1,1.1334,87.5,0.0822125
1,1.1334,90,0.0822125
1,1.1334,92.5,0.0822125
1,1.1334,95,0.0822125
1,1.1334,97.5,0.0822125
1,1.1334,100,0.0822125
1,1.1334,102.5,0.0822125
1,1.1334,105,0.0822125
1,1.1334,107.5,0.0822125
1,1.1334,110,0.0822125
1,1.2847,0,0.220048
1,1.2847,2.5,0.220048
1,1.2847,5,0.220048
1,1.2847,7.5,0.220048
1,1.2847,10,0.220048
1,1.2847,12.5,0.186495
1,1.2847,15,0.142151
1,1.2847,17.5,0.12906
1,1.2847,20,0.125374
1,1.2847,22.5,0.104875
1,1.2847,25,0.1082
1,1.2847,27.5,0.0845282
1,1.2847,30,0.0935028
1,1.2847,32.5,0.097585
1,1.2847,35,0.085647
1,1.2847,37.5,0.0910587
1,1.2847,40,0.0863026
1,1.2847,42.5,0.0869099
1,1.2847,45,0.0888749
1,1.2847,47.5,0.0841053
1,1.2847,50,0.0761041
1,1.2847,52.5,0.0757631
1,1.2847,55,0.0763508
1,1.2847,57.5,0.0762111
1,1.2847,60,0.077282
1,1.2847,62.5,0.0773982
1,1.2847,65,0.0781224
1,1.2847,67.5,0.0788253
1,1.2847,70,0.0789754
1,1.2847,72.5,0.0790922
1,1.2847,75,0.0792295
1,1.2847,77.5,0.079502
1,1.2847,80,0.0797064
1,1.2847,82.5,0.0797064
1,1.2847,85,0.0797064
1,1.2847,87.5,0.0797064
1,1.2847,90,0.0797064
1,1.2847,92.5,0.0797064
1,1.2847,95,0.0797064
1,1.2847,97.5,0.0797064
1,1.2847,100,0.0797064
1,1.2847,102.5,0.0797064
1,1.2847,105,0.0797064
1,1.2847,107.5,0.0797064
1,1.2847,110,0.0797064
1,1.4562,0,0.223546
1,1.4562,2.5,0.223546
1,1.4562,5,0.223546
1,1.4562,7.5,0.223546
1,1.4562,10,0.223546
1,1.4562,12.5,0.190357
1,1.4562,15,0.14548
1,1.4562,17.5,0.137112
1,1.4562,20,0.136875
1,1.4562,22.5,0.108121
1,1.4562,25,0.110434
1,1.4562,27.5,0.0905973
1,1.4562,30,0.103143
1,1.4562,32.5,0.108394
1,1.4562,35,0.0926489
1,1.4562,37.5,0.0975448
1,1.4562,40,0.089315
1,1.4562,42.5,0.0888392
1,1.4562,45,0.0902642
1,1.4562,47.5,0.0845237
1,1.4562,50,0.0756364
1,1.4562,52.5,0.0752105
1,1.4562,55,0.0760916
1,1.4562,57.5,0.0759519
1,1.4562,60,0.0770229
1,1.4562,62.5,0.077139
1,1.4562,65,0.0778632
1,1.4562,67.5,0.0785661
1,1.4562,70,0.0787162
1,1.4562,72.5,0.078833
1,1.4562,75,0.0789703
1,1.4562,77.5,0.0792429
1,1.4562,80,0.0794473
1,1.4562,82.5,0.0794473
1,1.4562,85,0.0794473
1,1.4562,87.5,0.0794473
1,1.4562,90,0.0794473
1,1.4562,92.5,0.0794473
1,1.4562,95,0.0794473
1,1.4562,97.5,0.0794473
1,1.4562,100,0.0794473
1,1.4562,102.5,0.0794473
1,1.4562,105,0.0794473
1,1.4562,107.5,0.0794473
1,1.4562,110,0.0794473
1,1.6505,0,0.226784
1,1.6505,2.5,0.226784
1,1.6505,5,0.226784
1,1.6505,7.5,0.226784
1,1.6505,10,0.226784
1,1.6505,12.5,0.194426
1,1.6505,15,0.146143
1,1.6505,17.5,0.139645
1,1.6505,20,0.138097
1,1.6505,22.5,0.108811
1,1.6505,25,0.109848
1,1.6505,27.5,0.089771
1,1.6505,30,0.102234
1,1.6505,32.5,0.106598
1,1.6505,35,0.0901758
1,1.6505,37.5,0.0955151
1,1.6505,40,0.0864686
1,1.6505,42.5,0.0857958
1,1.6505,45,0.0871771
1,1.6505,47.5,0.0822883
1,1.6505,50,0.0744696
1,1.6505,52.5,0.0740437
1,1.6505,55,0.0749248
1,1.6505,57.5,0.0747851
1,1.6505,60,0.075856
1,1.6505,62.5,0.0759722
1,1.6505,65,0.0767492
1,1.6505,67.5,0.0774521
1,1.6505,70,0.0776022
1,1.6505,72.5,0.077719
1,1.6505,75,0.0778563
1,1.6505,77.5,0.0781289
1,1.6505,80,0.0783332
1,1.6505,82.5,0.0783332
1,1.6505,85,0.0783332
1,1.6505,87.5,0.0783332
1,1.6505,90,0.0783332
1,1.6505,92.5,0.0783332
1,1.6505,95,0.0783332
1,1.6505,97.5,0.0783332
1,1.6505,100,0.0783332
1,1.6505,102.5,0.0783332
1,1.6505,105,0.0783332
1,1.6505,107.5,0.0783332
1,1.6505,110,0.0783332
1,1.8707,0,0.23152
1,1.8707,2.5,0.23152
1,1.8707,5,0.23152
1,1.8707,7.5,0.23152
1,1.8707,10,0.23152
1,1.8707,12.5,0.199383
1,1.8707,15,0.148597
1,1.8707,17.5,0.144938
1,1.8707,20,0.145863
1,1.8707,22.5,0.122439
1,1.8707,25,0.122598
1,1.8707,27.5,0.0970667
1,1.8707,30,0.110503
1,1.8707,32.5,0.114502
1,1.8707,35,0.100257
1,1.8707,37.5,0.108351
1,1.8707,40,0.10031
1,1.8707,42.5,0.100722
1,1.8707,45,0.102774
1,1.8707,47.5,0.0945475
1,1.8707,50,0.0866469
1,1.8707,52.5,0.0863347
1,1.8707,55,0.0871727
1,1.8707,57.5,0.0869889
1,1.8707,60,0.087909
1,1.8707,62.5,0.0878984
1,1.8707,65,0.0886754
1,1.8707,67.5,0.0898242
1,1.8707,70,0.0900555
1,1.8707,72.5,0.0901723
1,1.8707,75,0.0903096
1,1.8707,77.5,0.0905822
1,1.8707,80,0.0907865
1,1.8707,82.5,0.0907865
1,1.8707,85,0.0907865
1,1.8707,87.5,0.0907865
1,1.8707,90,0.0907865
1,1.8707,92.5,0.0907865
1,1.8707,95,0.0907865
1,1.8707,97.5,0.0907865
1,1.8707,100,0.0907865
1,1.8707,102.5,0.0907865
1,1.8707,105,0.0907865
1,1.8707,107.5,0.0907865
1,1.8707,110,0.0907865
1,2.1204,0,0.2319
1,2.1204,2.5,0.2319
1,2.1204,5,0.2319
1,2.1204,7.5,0.2319
1,2.1204,10,0.2319
1,2.1204,12.5,0.199788
1,2.1204,15,0.149342
1,2.1204,17.5,0.145733
1,2.1204,20,0.143872
1,2.1204,22.5,0.121401
1,2.1204,25,0.125898
1,2.1204,27.5,0.0923777
1,2.1204,30,0.104706
1,2.1204,32.5,0.109056
1,2.1204,35,0.0963105
1,2.1204,37.5,0.105055
1,2.1204,40,0.0978404
1,2.1204,42.5,0.0984042
1,2.1204,45,0.100412
1,2.1204,47.5,0.0917314
1,2.1204,50,0.0851214
1,2.1204,52.5,0.0848092
1,2.1204,55,0.0854434
1,2.1204,57.5,0.0852596
1,2.1204,60,0.0859605
1,2.1204,62.5,0.0858511
1,2.1204,65,0.0866282
1,2.1204,67.5,0.0877769
1,2.1204,70,0.0880083
1,2.1204,72.5,0.088125
1,2.1204,75,0.0882624
1,2.1204,77.5,0.0885349
1,2.1204,80,0.0887393
1,2.1204,82.5,0.0887393
1,2.1204,85,0.0887393
1,2.1204,87.5,0.0887393
1,2.1204,90,0.0887393
1,2.1204,92.5,0.0887393
1,2.1204,95,0.0887393
1,2.1204,97.5,0.0887393
1,2.1204,100,0.0887393
1,2.1204,102.5,0.0887393
1,2.1204,105,0.0887393
1,2.1204,107.5,0.0887393
1,2.1204,110,0.0887393
1,2.4033,0,0.234054
1,2.4033,2.5,0.234054
1,2.4033,5,0.234054
1,2.4033,7.5,0.234054
1,2.4033,10,0.234054
1,2.4033,12.5,0.202206
1,2.4033,15,0.152003
1,2.4033,17.5,0.144316
1,2.4033,20,0.142556
1,2.4033,22.5,0.124639
1,2.4033,25,0.130138
1,2.4033,27.5,0.0915566
1,2.4033,30,0.101891
1,2.4033,32.5,0.106881
1,2.4033,35,0.0952786
1,2.4033,37.5,0.103481
1,2.4033,40,0.0965589
1,2.4033,42.5,0.0973123
1,2.4033,45,0.0994216
1,2.4033,47.5,0.0918052
1,2.4033,50,0.0853706
1,2.4033,52.5,0.0850584
1,2.4033,55,0.0856926
1,2.4033,57.5,0.0852821
1,2.4033,60,0.0859295
1,2.4033,62.5,0.0858201
1,2.4033,65,0.0865971
1,2.4033,67.5,0.0877459
1,2.4033,70,0.0879772
1,2.4033,72.5,0.088094
1,2.4033,75,0.0882313
1,2.4033,77.5,0.0885039
1,2.4033,80,0.0887082
1,2.4033,82.5,0.0887082
1,2.4033,85,0.0887082
1,2.4033,87.5,0.0887082
1,2.4033,90,0.0887082
1,2.4033,92.5,0.0887082
1,2.4033,95,0.0887082
1,2.4033,97.5,0.0887082
1,2.4033,100,0.0887082
1,2.4033,102.5,0.0887082
1,2.4033,105,0.0887082
1,2.4033,107.5,0.0887082
1,2.4033,110,0.0887082
1,2.7241,0,0.239201
1,2.7241,2.5,0.239201
1,2.7241,5,0.239201
1,2.7241,7.5,0.239201
1,2.7241,10,0.239201
1,2.7241,12.5,0.210443
1,2.7241,15,0.172171
1,2.7241,17.5,0.151629
1,2.7241,20,0.143782
1,2.7241,22.5,0.121722
1,2.7241,25,0.134299
1,2.7241,27.5,0.0955566
1,2.7241,30,0.105284
1,2.7241,32.5,0.110742
1,2.7241,35,0.102008
1,2.7241,37.5,0.107424
1,2.7241,40,0.0993356
1,2.7241,42.5,0.101911
1,2.7241,45,0.104409
1,2.7241,47.5,0.0975412
1,2.7241,50,0.0925125
1,2.7241,52.5,0.0920799
1,2.7241,55,0.0925535
1,2.7241,57.5,0.0918366
1,2.7241,60,0.0920044
1,2.7241,62.5,0.091779
1,2.7241,65,0.0925561
1,2.7241,67.5,0.0937048
1,2.7241,70,0.0939362
1,2.7241,72.5,0.0940529
1,2.7241,75,0.0941137
1,2.7241,77.5,0.0942451
1,2.7241,80,0.0943431
1,2.7241,82.5,0.0943431
1,2.7241,85,0.0943431
1,2.7241,87.5,0.0943431
1,2.7241,90,0.0943431
1,2.7241,92.5,0.0943431
1,2.7241,95,0.0943431
1,2.7241,97.5,0.0943431
1,2.7241,100,0.0943431
1,2.7241,102.5,0.0943431
1,2.7241,105,0.0943431
1,2.7241,107.5,0.0943431
1,2.7241,110,0.0943431
1,3.0876,0,0.239876
1,3.0876,2.5,0.239876
1,3.0876,5,0.239876
1,3.0876,7.5,0.239876
1,3.0876,10,0.239876
1,3.0876,12.5,0.212582
1,3.0876,15,0.177928
1,3.0876,17.5,0.155938
1,3.0876,20,0.149037
1,3.0876,22.5,0.128411
1,3.0876,25,0.138178
1,3.0876,27.5,0.108115
1,3.0876,30,0.128735
1,3.0876,32.5,0.13257
1,3.0876,35,0.125865
1,3.0876,37.5,0.120782
1,3.0876,40,0.112553
1,3.0876,42.5,0.119931
1,3.0876,45,0.121217
1,3.0876,47.5,0.114426
1,3.0876,50,0.111701
1,3.0876,52.5,0.110893
1,3.0876,55,0.109814
1,3.0876,57.5,0.109237
1,3.0876,60,0.108513
1,3.0876,62.5,0.108287
1,3.0876,65,0.108333
1,3.0876,67.5,0.108851
1,3.0876,70,0.109083
1,3.0876,72.5,0.109199
1,3.0876,75,0.10926
1,3.0876,77.5,0.109391
1,3.0876,80,0.109489
1,3.0876,82.5,0.109489
1,3.0876,85,0.109489
1,3.0876,87.5,0.109489
1,3.0876,90,0.109489
1,3.0876,92.5,0.109489
1,3.0876,95,0.109489
1,3.0876,97.5,0.109489
1,3.0876,100,0.109489
1,3.0876,102.5,0.109489
1,3.0876,105,0.109489
1,3.0876,107.5,0.109489
1,3.0876,110,0.109489
1,3.4996,0,0.234036
1,3.4996,2.5,0.234036
1,3.4996,5,0.234036
1,3.4996,7.5,0.234036
1,3.4996,10,0.234036
1,3.4996,12.5,0.205697
1,3.4996,15,0.172073
1,3.4996,17.5,0.160055
1,3.4996,20,0.154191
1,3.4996,22.5,0.129251
1,3.4996,25,0.135556
1,3.4996,27.5,0.111774
1,3.4996,30,0.137414
1,3.4996,32.5,0.145195
1,3.4996,35,0.140528
1,3.4996,37.5,0.129272
1,3.4996,40,0.117478
1,3.4996,42.5,0.124675
1,3.4996,45,0.124546
1,3.4996,47.5,0.118024
1,3.4996,50,0.116172
1,3.4996,52.5,0.11585
1,3.4996,55,0.114899
1,3.4996,57.5,0.114322
1,3.4996,60,0.113819
1,3.4996,62.5,0.113594
1,3.4996,65,0.113594
1,3.4996,67.5,0.113845
1,3.4996,70,0.114077
1,3.4996,72.5,0.114077
1,3.4996,75,0.114137
1,3.4996,77.5,0.114269
1,3.4996,80,0.114367
1,3.4996,82.5,0.114367
1,3.4996,85,0.114367
1,3.4996,87.5,0.114367
1,3.4996,90,0.114367
1,3.4996,92.5,0.114367
1,3.4996,95,0.114367
1,3.4996,97.5,0.114367
1,3.4996,100,0.114367
1,3.4996,102.5,0.114367
1,3.4996,105,0.114367
1,3.4996,107.5,0.114367
1,3.4996,110,0.114367
1,3.9667,0,0.23328
1,3.9667,2.5,0.23328
1,3.9667,5,0.23328
1,3.9667,7.5,0.23328
1,3.9667,10,0.23328
1,3.9667,12.5,0.204668
1,3.9667,15,0.173133
1,3.9667,17.5,0.163209
1,3.9667,20,0.159367
1,3.9667,22.5,0.135237
1,3.9667,25,0.13688
1,3.9667,27.5,0.113636
1,3.9667,30,0.141609
1,3.9667,32.5,0.148552
1,3.9667,35,0.144439
1,3.9667,37.5,0.131412
1,3.9667,40,0.116517
1,3.9667,42.5,0.123308
1,3.9667,45,0.12299
1,3.9667,47.5,0.116087
1,3.9667,50,0.114538
1,3.9667,52.5,0.114373
1,3.9667,55,0.113589
1,3.9667,57.5,0.113184
1,3.9667,60,0.112681
1,3.9667,62.5,0.112456
1,3.9667,65,0.112456
1,3.9667,67.5,0.112707
1,3.9667,70,0.112789
1,3.9667,72.5,0.112789
1,3.9667,75,0.112849
1,3.9667,77.5,0.112981
1,3.9667,80,0.113079
1,3.9667,82.5,0.113079
1,3.9667,85,0.113079
1,3.9667,87.5,0.113079
1,3.9667,90,0.113079
1,3.9667,92.5,0.113079
1,3.9667,95,0.113079
1,3.9667,97.5,0.113079
1,3.9667,100,0.113079
1,3.9667,102.5,0.113079
1,3.9667,105,0.113079
1,3.9667,107.5,0.113079
1,3.9667,110,0.113079
1,4.496,0,0.237155
1,4.496,2.5,0.237155
1,4.496,5,0.237155
1,4.496,7.5,0.237155
1,4.496,10,0.237155
1,4.496,12.5,0.211371
1,4.496,15,0.188042
1,4.496,17.5,0.17697
1,4.496,20,0.174499
1,4.496,22.5,0.143959
1,4.496,25,0.141856
1,4.496,27.5,0.113515
1,4.496,30,0.140871
1,4.496,32.5,0.14491
1,4.496,35,0.140807
1,4.496,37.5,0.126847
1,4.496,40,0.11338
1,4.496,42.5,0.119478
1,4.496,45,0.119081
1,4.496,47.5,0.112412
1,4.496,50,0.11097
1,4.496,52.5,0.110697
1,4.496,55,0.109483
1,4.496,57.5,0.108761
1,4.496,60,0.108258
1,4.496,62.5,0.108033
1,4.496,65,0.108033
1,4.496,67.5,0.108285
1,4.496,70,0.108366
1,4.496,72.5,0.108366
1,4.496,75,0.108426
1,4.496,77.5,0.108558
1,4.496,80,0.108656
1,4.496,82.5,0.108656
1,4.496,85,0.108656
1,4.496,87.5,0.108656
1,4.496,90,0.108656
1,4.496,92.5,0.108656
1,4.496,95,0.108656
1,4.496,97.5,0.108656
1,4.496,100,0.108656
1,4.496,102.5,0.108656
1,4.496,105,0.108656
1,4.496,107.5,0.108656
1,4.496,110,0.108656
1,5.096,0,0.241907
1,5.096,2.5,0.241907
1,5.096,5,0.241907
1,5.096,7.5,0.241162
1,5.096,10,0.240876
1,5.096,12.5,0.215962
1,5.096,15,0.196707
1,5.096,17.5,0.184556
1,5.096,20,0.180856
1,5.096,22.5,0.154796
1,5.096,25,0.154269
1,5.096,27.5,0.125635
1,5.096,30,0.150034
1,5.096,32.5,0.155027
1,5.096,35,0.152776
1,5.096,37.5,0.140569
1,5.096,40,0.124252
1,5.096,42.5,0.128797
1,5.096,45,0.128001
1,5.096,47.5,0.119662
1,5.096,50,0.11771
1,5.096,52.5,0.116937
1,5.096,55,0.115823
1,5.096,57.5,0.115498
1,5.096,60,0.114995
1,5.096,62.5,0.114896
1,5.096,65,0.114896
1,5.096,67.5,0.115148
1,5.096,70,0.115229
1,5.096,72.5,0.115229
1,5.096,75,0.11529
1,5.096,77.5,0.115422
1,5.096,80,0.115519
1,5.096,82.5,0.115519
1,5.096,85,0.115519
1,5.096,87.5,0.115519
1,5.096,90,0.115519
1,5.096,92.5,0.115519
1,5.096,95,0.115519
1,5.096,97.5,0.115519
1,5.096,100,0.115519
1,5.096,102.5,0.115519
1,5.096,105,0.115519
1,5.096,107.5,0.115519
1,5.096,110,0.115519
1,5.7761,0,0.258585
1,5.7761,2.5,0.258585
1,5.7761,5,0.258585
1,5.7761,7.5,0.255985
1,5.7761,10,0.246605
1,5.7761,12.5,0.228084
1,5.7761,15,0.2157
1,5.7761,17.5,0.19946
1,5.7761,20,0.182839
1,5.7761,22.5,0.152291
1,5.7761,25,0.149741
1,5.7761,27.5,0.127832
1,5.7761,30,0.146037
1,5.7761,32.5,0.149223
1,5.7761,35,0.148306
1,5.7761,37.5,0.136439
1,5.7761,40,0.12135
1,5.7761,42.5,0.124339
1,5.7761,45,0.123363
1,5.7761,47.5,0.116246
1,5.7761,50,0.115135
1,5.7761,52.5,0.11473
1,5.7761,55,0.113616
1,5.7761,57.5,0.113518
1,5.7761,60,0.113016
1,5.7761,62.5,0.112917
1,5.7761,65,0.112917
1,5.7761,67.5,0.113169
1,5.7761,70,0.11325
1,5.7761,72.5,0.11325
1,5.7761,75,0.113311
1,5.7761,77.5,0.113442
1,5.7761,80,0.11354
1,5.7761,82.5,0.11354
1,5.7761,85,0.11354
1,5.7761,87.5,0.11354
1,5.7761,90,0.11354
1,5.7761,92.5,0.11354
1,5.7761,95,0.11354
1,5.7761,97.5,0.11354
1,5.7761,100,0.11354
1,5.7761,102.5,0.11354
1,5.7761,105,0.11354
1,5.7761,107.5,0.11354
1,5.7761,110,0.11354
1,6.5469,0,0.311759
1,6.5469,2.5,0.311759
1,6.5469,5,0.311759
1,6.5469,7.5,0.297454
1,6.5469,10,0.255447
1,6.5469,12.5,0.24763
1,6.5469,15,0.235899
1,6.5469,17.5,0.226981
1,6.5469,20,0.184293
1,6.5469,22.5,0.160204
1,6.5469,25,0.153104
1,6.5469,27.5,0.165441
1,6.5469,30,0.171588
1,6.5469,32.5,0.173035
1,6.5469,35,0.174778
1,6.5469,37.5,0.16295
1,6.5469,40,0.155112
1,6.5469,42.5,0.151576
1,6.5469,45,0.149463
1,6.5469,47.5,0.148976
1,6.5469,50,0.149034
1,6.5469,52.5,0.149034
1,6.5469,55,0.149034
1,6.5469,57.5,0.149034
1,6.5469,60,0.149034
1,6.5469,62.5,0.149034
1,6.5469,65,0.149034
1,6.5469,67.5,0.149034
1,6.5469,70,0.149034
1,6.5469,72.5,0.149034
1,6.5469,75,0.149034
1,6.5469,77.5,0.149034
1,6.5469,80,0.149034
1,6.5469,82.5,0.149034
1,6.5469,85,0.149034
1,6.5469,87.5,0.149034
1,6.5469,90,0.149034
1,6.5469,92.5,0.149034
1,6.5469,95,0.149034
1,6.5469,97.5,0.149034
1,6.5469,100,0.149034
1,6.5469,102.5,0.149034
1,6.5469,105,0.149034
1,6.5469,107.5,0.149034
1,6.5469,110,0.149034
1,7.4206,0,0.313705
1,7.4206,2.5,0.313705
1,7.4206,5,0.313705
1,7.4206,7.5,0.300791
1,7.4206,10,0.25992
1,7.4206,12.5,0.248472
1,7.4206,15,0.234822
1,7.4206,17.5,0.224794
1,7.4206,20,0.184581
1,7.4206,22.5,0.162188
1,7.4206,25,0.154845
1,7.4206,27.5,0.170568
1,7.4206,30,0.177576
1,7.4206,32.5,0.178754
1,7.4206,35,0.180675
1,7.4206,37.5,0.165495
1,7.4206,40,0.156566
1,7.4206,42.5,0.153039
1,7.4206,45,0.15068
1,7.4206,47.5,0.150087
1,7.4206,50,0.149871
1,7.4206,52.5,0.14989
1,7.4206,55,0.150158
1,7.4206,57.5,0.150158
1,7.4206,60,0.150188
1,7.4206,62.5,0.150188
1,7.4206,65,0.150188
1,7.4206,67.5,0.150188
1,7.4206,70,0.150188
1,7.4206,72.5,0.150188
1,7.4206,75,0.150188
1,7.4206,77.5,0.150335
1,7.4206,80,0.150335
1,7.4206,82.5,0.150335
1,7.4206,85,0.150335
1,7.4206,87.5,0.150335
1,7.4206,90,0.150335
1,7.4206,92.5,0.150335
1,7.4206,95,0.150335
1,7.4206,97.5,0.150335
1,7.4206,100,0.150335
1,7.4206,102.5,0.150335
1,7.4206,105,0.150335
1,7.4206,107.5,0.150335
1,7.4206,110,0.150335
1,8.4108,0,0.316712
1,8.4108,2.5,0.316712
1,8.4108,5,0.316712
1,8.4108,7.5,0.302016
1,8.4108,10,0.254336
1,8.4108,12.5,0.235792
1,8.4108,15,0.220402
1,8.4108,17.5,0.200948
1,8.4108,20,0.182014
1,8.4108,22.5,0.172146
1,8.4108,25,0.160104
1,8.4108,27.5,0.174171
1,8.4108,30,0.178701
1,8.4108,32.5,0.1704
1,8.4108,35,0.167169
1,8.4108,37.5,0.156741
1,8.4108,40,0.154182
1,8.4108,42.5,0.151769
1,8.4108,45,0.15159
1,8.4108,47.5,0.151054
1,8.4108,50,0.152446
1,8.4108,52.5,0.15573
1,8.4108,55,0.156061
1,8.4108,57.5,0.155964
1,8.4108,60,0.15583
1,8.4108,62.5,0.155815
1,8.4108,65,0.155815
1,8.4108,67.5,0.156185
1,8.4108,70,0.156324
1,8.4108,72.5,0.156919
1,8.4108,75,0.156919
1,8.4108,77.5,0.157066
1,8.4108,80,0.157066
1,8.4108,82.5,0.157066
1,8.4108,85,0.157066
1,8.4108,87.5,0.157066
1,8.4108,90,0.157066
1,8.4108,92.5,0.157066
1,8.4108,95,0.157066
1,8.4108,97.5,0.157066
1,8.4108,100,0.157066
1,8.4108,102.5,0.157066
1,8.4108,105,0.157066
1,8.4108,107.5,0.157066
1,8.4108,110,0.157066
1,9.5333,0,0.32335
1,9.5333,2.5,0.32335
1,9.5333,5,0.32335
1,9.5333,7.5,0.307399
1,9.5333,10,0.25045
1,9.5333,12.5,0.230976
1,9.5333,15,0.21696
1,9.5333,17.5,0.205312
1,9.5333,20,0.214979
1,9.5333,22.5,0.197797
1,9.5333,25,0.179155
1,9.5333,27.5,0.179723
1,9.5333,30,0.185865
1,9.5333,32.5,0.171432
1,9.5333,35,0.155202
1,9.5333,37.5,0.150234
1,9.5333,40,0.152959
1,9.5333,42.5,0.155177
1,9.5333,45,0.157881
1,9.5333,47.5,0.157002
1,9.5333,50,0.158434
1,9.5333,52.5,0.163496
1,9.5333,55,0.163314
1,9.5333,57.5,0.163122
1,9.5333,60,0.16335
1,9.5333,62.5,0.164678
1,9.5333,65,0.166077
1,9.5333,67.5,0.166625
1,9.5333,70,0.166764
1,9.5333,72.5,0.167359
1,9.5333,75,0.167359
1,9.5333,77.5,0.167506
1,9.5333,80,0.167506
1,9.5333,82.5,0.167506
1,9.5333,85,0.167506
1,9.5333,87.5,0.167506
1,9.5333,90,0.167506
1,9.5333,92.5,0.167506
1,9.5333,95,0.167506
1,9.5333,97.5,0.167506
1,9.5333,100,0.167506
1,9.5333,102.5,0.167506
1,9.5333,105,0.167506
1,9.5333,107.5,0.167506
1,9.5333,110,0.167506
1,10.8055,0,0.319698
1,10.8055,2.5,0.319698
1,10.8055,5,0.319698
1,10.8055,7.5,0.302666
1,10.8055,10,0.240001
1,10.8055,12.5,0.227687
1,10.8055,15,0.222922
1,10.8055,17.5,0.198186
1,10.8055,20,0.200869
1,10.8055,22.5,0.186557
1,10.8055,25,0.187195
1,10.8055,27.5,0.196386
1,10.8055,30,0.198047
1,10.8055,32.5,0.184729
1,10.8055,35,0.170764
1,10.8055,37.5,0.16864
1,10.8055,40,0.175999
1,10.8055,42.5,0.179896
1,10.8055,45,0.18144
1,10.8055,47.5,0.180626
1,10.8055,50,0.180276
1,10.8055,52.5,0.184277
1,10.8055,55,0.183775
1,10.8055,57.5,0.183104
1,10.8055,60,0.182807
1,10.8055,62.5,0.182679
1,10.8055,65,0.1836
1,10.8055,67.5,0.184149
1,10.8055,70,0.183839
1,10.8055,72.5,0.184275
1,10.8055,75,0.184275
1,10.8055,77.5,0.184422
1,10.8055,80,0.184422
1,10.8055,82.5,0.184422
1,10.8055,85,0.184422
1,10.8055,87.5,0.184422
1,10.8055,90,0.184422
1,10.8055,92.5,0.184422
1,10.8055,95,0.184422
1,10.8055,97.5,0.184422
1,10.8055,100,0.184422
1,10.8055,102.5,0.184422
1,10.8055,105,0.184422
1,10.8055,107.5,0.184422
1,10.8055,110,0.184422
1,12.2474,0,0.318058
1,12.2474,2.5,0.318058
1,12.2474,5,0.318058
1,12.2474,7.5,0.300093
1,12.2474,10,0.23103
1,12.2474,12.5,0.238049
1,12.2474,15,0.238195
1,12.2474,17.5,0.203075
1,12.2474,20,0.193336
1,12.2474,22.5,0.171834
1,12.2474,25,0.163466
1,12.2474,27.5,0.173706
1,12.2474,30,0.176922
1,12.2474,32.5,0.166816
1,12.2474,35,0.154194
1,12.2474,37.5,0.151972
1,12.2474,40,0.153342
1,12.2474,42.5,0.156553
1,12.2474,45,0.157369
1,12.2474,47.5,0.158284
1,12.2474,50,0.158461
1,12.2474,52.5,0.164167
1,12.2474,55,0.163665
1,12.2474,57.5,0.163383
1,12.2474,60,0.163531
1,12.2474,62.5,0.164498
1,12.2474,65,0.165707
1,12.2474,67.5,0.166609
1,12.2474,70,0.167032
1,12.2474,72.5,0.167827
1,12.2474,75,0.167827
1,12.2474,77.5,0.167974
1,12.2474,80,0.167974
1,12.2474,82.5,0.167974
1,12.2474,85,0.167974
1,12.2474,87.5,0.167974
1,12.2474,90,0.167974
1,12.2474,92.5,0.167974
1,12.2474,95,0.167974
1,12.2474,97.5,0.167974
1,12.2474,100,0.167974
1,12.2474,102.5,0.167974
1,12.2474,105,0.167974
1,12.2474,107.5,0.167974
1,12.2474,110,0.167974
1,13.8819,0,0.342087
1,13.8819,2.5,0.342087
1,13.8819,5,0.342087
1,13.8819,7.5,0.317259
1,13.8819,10,0.271708
1,13.8819,12.5,0.269962
1,13.8819,15,0.245965
1,13.8819,17.5,0.220243
1,13.8819,20,0.215626
1,13.8819,22.5,0.204594
1,13.8819,25,0.194886
1,13.8819,27.5,0.202349
1,13.8819,30,0.199103
1,13.8819,32.5,0.191397
1,13.8819,35,0.184933
1,13.8819,37.5,0.182228
1,13.8819,40,0.181312
1,13.8819,42.5,0.178807
1,13.8819,45,0.174959
1,13.8819,47.5,0.175794
1,13.8819,50,0.176275
1,13.8819,52.5,0.179497
1,13.8819,55,0.179799
1,13.8819,57.5,0.180127
1,13.8819,60,0.179351
1,13.8819,62.5,0.179504
1,13.8819,65,0.180291
1,13.8819,67.5,0.18107
1,13.8819,70,0.181203
1,13.8819,72.5,0.181998
1,13.8819,75,0.181998
1,13.8819,77.5,0.182145
1,13.8819,80,0.182145
1,13.8819,82.5,0.182145
1,13.8819,85,0.182145
1,13.8819,87.5,0.182145
1,13.8819,90,0.182145
1,13.8819,92.5,0.182145
1,13.8819,95,0.182145
1,13.8819,97.5,0.182145
1,13.8819,100,0.182145
1,13.8819,102.5,0.182145
1,13.8819,105,0.182145
1,13.8819,107.5,0.182145
1,13.8819,110,0.182145
1,15.7344,0,0.413521
1,15.7344,2.5,0.413521
1,15.7344,5,0.414302
1,15.7344,7.5,0.395297
1,15.7344,10,0.389538
1,15.7344,12.5,0.333257
1,15.7344,15,0.293095
1,15.7344,17.5,0.244115
1,15.7344,20,0.242671
1,15.7344,22.5,0.241512
1,15.7344,25,0.230746
1,15.7344,27.5,0.230601
1,15.7344,30,0.231142
1,15.7344,32.5,0.229573
1,15.7344,35,0.229262
1,15.7344,37.5,0.226567
1,15.7344,40,0.227497
1,15.7344,42.5,0.225076
1,15.7344,45,0.22324
1,15.7344,47.5,0.223081
1,15.7344,50,0.223081
1,15.7344,52.5,0.223081
1,15.7344,55,0.223081
1,15.7344,57.5,0.223081
1,15.7344,60,0.223081
1,15.7344,62.5,0.223081
1,15.7344,65,0.223081
1,15.7344,67.5,0.223081
1,15.7344,70,0.223081
1,15.7344,72.5,0.223081
1,15.7344,75,0.223081
1,15.7344,77.5,0.223081
1,15.7344,80,0.223081
1,15.7344,82.5,0.223081
1,15.7344,85,0.223081
1,15.7344,87.5,0.223081
1,15.7344,90,0.223081
1,15.7344,92.5,0.223081
1,15.7344,95,0.223081
1,15.7344,97.5,0.223081
1,15.7344,100,0.223081
1,15.7344,102.5,0.223081
1,15.7344,105,0.223081
1,15.7344,107.5,0.223081
1,15.7344,110,0.223081
1,17.8342,0,0.423502
1,17.8342,2.5,0.423502
1,17.8342,5,0.424283
1,17.8342,7.5,0.405915
1,17.8342,10,0.400838
1,17.8342,12.5,0.357844
1,17.8342,15,0.331753
1,17.8342,17.5,0.29932
1,17.8342,20,0.297921
1,17.8342,22.5,0.299339
1,17.8342,25,0.289361
1,17.8342,27.5,0.287549
1,17.8342,30,0.289632
1,17.8342,32.5,0.292171
1,17.8342,35,0.290745
1,17.8342,37.5,0.288653
1,17.8342,40,0.28864
1,17.8342,42.5,0.288019
1,17.8342,45,0.286909
1,17.8342,47.5,0.286481
1,17.8342,50,0.286481
1,17.8342,52.5,0.286481
1,17.8342,55,0.286481
1,17.8342,57.5,0.286481
1,17.8342,60,0.286481
1,17.8342,62.5,0.286481
1,17.8342,65,0.286481
1,17.8342,67.5,0.286481
1,17.8342,70,0.286481
1,17.8342,72.5,0.286481
1,17.8342,75,0.286481
1,17.8342,77.5,0.286481
1,17.8342,80,0.286481
1,17.8342,82.5,0.286481
1,17.8342,85,0.286481
1,17.8342,87.5,0.286481
1,17.8342,90,0.286481
1,17.8342,92.5,0.286481
1,17.8342,95,0.286481
1,17.8342,97.5,0.286481
1,17.8342,100,0.286481
1,17.8342,102.5,0.286481
1,17.8342,105,0.286481
1,17.8342,107.5,0.286481
1,17.8342,110,0.286481
1,20.2141,0,0.445448
1,20.2141,2.5,0.445448
1,20.2141,5,0.44623
1,20.2141,7.5,0.436953
1,20.2141,10,0.432343
1,20.2141,12.5,0.392792
1,20.2141,15,0.371531
1,20.2141,17.5,0.328115
1,20.2141,20,0.321263
1,20.2141,22.5,0.320846
1,20.2141,25,0.313283
1,20.2141,27.5,0.310733
1,20.2141,30,0.312712
1,20.2141,32.5,0.31566
1,20.2141,35,0.314019
1,20.2141,37.5,0.311972
1,20.2141,40,0.311959
1,20.2141,42.5,0.311654
1,20.2141,45,0.310801
1,20.2141,47.5,0.310373
1,20.2141,50,0.310373
1,20.2141,52.5,0.310373
1,20.2141,55,0.310373
1,20.2141,57.5,0.310373
1,20.2141,60,0.310373
1,20.2141,62.5,0.310373
1,20.2141,65,0.310373
1,20.2141,67.5,0.310373
1,20.2141,70,0.310373
1,20.2141,72.5,0.310373
1,20.2141,75,0.310373
1,20.2141,77.5,0.310373
1,20.2141,80,0.310373
1,20.2141,82.5,0.310373
1,20.2141,85,0.310373
1,20.2141,87.5,0.310373
1,20.2141,90,0.310373
1,20.2141,92.5,0.310373
1,20.2141,95,0.310373
1,20.2141,97.5,0.310373
1,20.2141,100,0.310373
1,20.2141,102.5,0.310373
1,20.2141,105,0.310373
1,20.2141,107.5,0.310373
1,20.2141,110,0.310373
1,22.9117,0,0.543493
1,22.9117,2.5,0.545078
1,22.9117,5,0.550559
1,22.9117,7.5,0.553421
1,22.9117,10,0.547584
1,22.9117,12.5,0.520748
1,22.9117,15,0.487988
1,22.9117,17.5,0.456356
1,22.9117,20,0.442137
1,22.9117,22.5,0.43889
1,22.9117,25,0.432755
1,22.9117,27.5,0.426634
1,22.9117,30,0.423617
1,22.9117,32.5,0.423167
1,22.9117,35,0.42253
1,22.9117,37.5,0.421059
1,22.9117,40,0.42085
1,22.9117,42.5,0.42046
1,22.9117,45,0.42046
1,22.9117,47.5,0.42046
1,22.9117,50,0.42046
1,22.9117,52.5,0.42046
1,22.9117,55,0.42046
1,22.9117,57.5,0.42046
1,22.9117,60,0.42046
1,22.9117,62.5,0.42046
1,22.9117,65,0.42046
1,22.9117,67.5,0.42046
1,22.9117,70,0.42046
1,22.9117,72.5,0.42046
1,22.9117,75,0.42046
1,22.9117,77.5,0.42046
1,22.9117,80,0.42046
1,22.9117,82.5,0.42046
1,22.9117,85,0.42046
1,22.9117,87.5,0.42046
1,22.9117,90,0.42046
1,22.9117,92.5,0.42046
1,22.9117,95,0.42046
1,22.9117,97.5,0.42046
1,22.9117,100,0.42046
1,22.9117,102.5,0.42046
1,22.9117,105,0.42046
1,22.9117,107.5,0.42046
1,22.9117,110,0.42046
1,25.9692,0,0.579605
1,25.9692,2.5,0.582898
1,25.9692,5,0.592939
1,25.9692,7.5,0.598229
1,25.9692,10,0.587115
1,25.9692,12.5,0.567818
1,25.9692,15,0.535121
1,25.9692,17.5,0.513098
1,25.9692,20,0.496385
1,25.9692,22.5,0.490008
1,25.9692,25,0.479681
1,25.9692,27.5,0.473463
1,25.9692,30,0.469387
1,25.9692,32.5,0.468937
1,25.9692,35,0.468937
1,25.9692,37.5,0.467467
1,25.9692,40,0.467467
1,25.9692,42.5,0.467467
1,25.9692,45,0.467467
1,25.9692,47.5,0.467467
1,25.9692,50,0.467467
1,25.9692,52.5,0.467467
1,25.9692,55,0.467467
1,25.9692,57.5,0.467467
1,25.9692,60,0.467467
1,25.9692,62.5,0.467467
1,25.9692,65,0.467467
1,25.9692,67.5,0.467467
1,25.9692,70,0.467467
1,25.9692,72.5,0.467467
1,25.9692,75,0.467467
1,25.9692,77.5,0.467467
1,25.9692,80,0.467467
1,25.9692,82.5,0.467467
1,25.9692,85,0.467467
1,25.9692,87.5,0.467467
1,25.9692,90,0.467467
1,25.9692,92.5,0.467467
1,25.9692,95,0.467467
1,25.9692,97.5,0.467467
1,25.9692,100,0.467467
1,25.9692,102.5,0.467467
1,25.9692,105,0.467467
1,25.9692,107.5,0.467467
1,25.9692,110,0.467467
1,29.4348,0,0.639754
1,29.4348,2.5,0.643838
1,29.4348,5,0.660825
1,29.4348,7.5,0.670969
1,29.4348,10,0.654298
1,29.4348,12.5,0.641617
1,29.4348,15,0.611667
1,29.4348,17.5,0.598603
1,29.4348,20,0.573536
1,29.4348,22.5,0.560937
1,29.4348,25,0.538989
1,29.4348,27.5,0.528686
1,29.4348,30,0.52466
1,29.4348,32.5,0.522833
1,29.4348,35,0.522833
1,29.4348,37.5,0.521362
1,29.4348,40,0.521362
1,29.4348,42.5,0.521362
1,29.4348,45,0.521362
1,29.4348,47.5,0.521362
1,29.4348,50,0.521362
1,29.4348,52.5,0.521362
1,29.4348,55,0.521362
1,29.4348,57.5,0.521362
1,29.4348,60,0.521362
1,29.4348,62.5,0.521362
1,29.4348,65,0.521362
1,29.4348,67.5,0.521362
1,29.4348,70,0.521362
1,29.4348,72.5,0.521362
1,29.4348,75,0.521362
1,29.4348,77.5,0.521362
1,29.4348,80,0.521362
1,29.4348,82.5,0.521362
1,29.4348,85,0.521362
1,29.4348,87.5,0.521362
1,29.4348,90,0.521362
1,29.4348,92.5,0.521362
1,29.4348,95,0.521362
1,29.4348,97.5,0.521362
1,29.4348,100,0.521362
1,29.4348,102.5,0.521362
1,29.4348,105,0.521362
1,29.4348,107.5,0.521362
1,29.4348,110,0.521362
1,33.3629,0,0.644935
1,33.3629,2.5,0.648365
1,33.3629,5,0.665484
1,33.3629,7.5,0.677393
1,33.3629,10,0.659817
1,33.3629,12.5,0.648085
1,33.3629,15,0.617919
1,33.3629,17.5,0.607431
1,33.3629,20,0.581888
1,33.3629,22.5,0.567629
1,33.3629,25,0.545811
1,33.3629,27.5,0.535507
1,33.3629,30,0.531242
1,33.3629,32.5,0.529415
1,33.3629,35,0.529415
1,33.3629,37.5,0.527944
1,33.3629,40,0.527944
1,33.3629,42.5,0.527944
1,33.3629,45,0.527944
1,33.3629,47.5,0.527944
1,33.3629,50,0.527944
1,33.3629,52.5,0.527944
1,33.3629,55,0.527944
1,33.3629,57.5,0.527944
1,33.3629,60,0.527944
1,33.3629,62.5,0.527944
1,33.3629,65,0.527944
1,33.3629,67.5,0.527944
1,33.3629,70,0.527944
1,33.3629,72.5,0.527944
1,33.3629,75,0.527944
1,33.3629,77.5,0.527944
1,33.3629,80,0.527944
1,33.3629,82.5,0.527944
1,33.3629,85,0.527944
1,33.3629,87.5,0.527944
1,33.3629,90,0.527944
1,33.3629,92.5,0.527944
1,33.3629,95,0.527944
1,33.3629,97.5,0.527944
1,33.3629,100,0.527944
1,33.3629,102.5,0.527944
1,33.3629,105,0.527944
1,33.3629,107.5,0.527944
1,33.3629,110,0.527944
1,37.8152,0,0.603202
1,37.8152,2.5,0.606261
1,37.8152,5,0.623021
1,37.8152,7.5,0.634218
1,37.8152,10,0.610309
1,37.8152,12.5,0.602503
1,37.8152,15,0.572639
1,37.8152,17.5,0.564089
1,37.8152,20,0.541222
1,37.8152,22.5,0.529866
1,37.8152,25,0.519368
1,37.8152,27.5,0.512617
1,37.8152,30,0.509079
1,37.8152,32.5,0.507897
1,37.8152,35,0.507897
1,37.8152,37.5,0.506687
1,37.8152,40,0.506687
1,37.8152,42.5,0.506687
1,37.8152,45,0.506687
1,37.8152,47.5,0.506687
1,37.8152,50,0.506687
1,37.8152,52.5,0.506687
1,37.8152,55,0.506687
1,37.8152,57.5,0.506687
1,37.8152,60,0.506687
1,37.8152,62.5,0.506687
1,37.8152,65,0.506687
1,37.8152,67.5,0.506687
1,37.8152,70,0.506687
1,37.8152,72.5,0.506687
1,37.8152,75,0.506687
1,37.8152,77.5,0.506687
1,37.8152,80,0.506687
1,37.8152,82.5,0.506687
1,37.8152,85,0.506687
1,37.8152,87.5,0.506687
1,37.8152,90,0.506687
1,37.8152,92.5,0.506687
1,37.8152,95,0.506687
1,37.8152,97.5,0.506687
1,37.8152,100,0.506687
1,37.8152,102.5,0.506687
1,37.8152,105,0.506687
1,37.8152,107.5,0.506687
1,37.8152,110,0.506687
1,42.8616,0,0.610244
1,42.8616,2.5,0.613728
1,42.8616,5,0.629967
1,42.8616,7.5,0.641164
1,42.8616,10,0.618611
1,42.8616,12.5,0.612862
1,42.8616,15,0.585219
1,42.8616,17.5,0.576772
1,42.8616,20,0.553081
1,42.8616,22.5,0.543021
1,42.8616,25,0.527549
1,42.8616,27.5,0.519359
1,42.8616,30,0.515821
1,42.8616,32.5,0.514639
1,42.8616,35,0.514639
1,42.8616,37.5,0.513429
1,42.8616,40,0.513429
1,42.8616,42.5,0.513429
1,42.8616,45,0.513429
1,42.8616,47.5,0.513429
1,42.8616,50,0.513429
1,42.8616,52.5,0.513429
1,42.8616,55,0.513429
1,42.8616,57.5,0.513429
1,42.8616,60,0.513429
1,42.8616,62.5,0.513429
1,42.8616,65,0.513429
1,42.8616,67.5,0.513429
1,42.8616,70,0.513429
1,42.8616,72.5,0.513429
1,42.8616,75,0.513429
1,42.8616,77.5,0.513429
1,42.8616,80,0.513429
1,42.8616,82.5,0.513429
1,42.8616,85,0.513429
1,42.8616,87.5,0.513429
1,42.8616,90,0.513429
1,42.8616,92.5,0.513429
1,42.8616,95,0.513429
1,42.8616,97.5,0.513429
1,42.8616,100,0.513429
1,42.8616,102.5,0.513429
1,42.8616,105,0.513429
1,42.8616,107.5,0.513429
1,42.8616,110,0.513429
1,48.5815,0,0.635439
1,48.5815,2.5,0.638922
1,48.5815,5,0.654877
1,48.5815,7.5,0.662712
1,48.5815,10,0.638852
1,48.5815,12.5,0.634447
1,48.5815,15,0.608441
1,48.5815,17.5,0.59731
1,48.5815,20,0.567981
1,48.5815,22.5,0.555568
1,48.5815,25,0.536971
1,48.5815,27.5,0.526043
1,48.5815,30,0.520659
1,48.5815,32.5,0.519477
1,48.5815,35,0.519477
1,48.5815,37.5,0.518267
1,48.5815,40,0.518267
1,48.5815,42.5,0.518267
1,48.5815,45,0.518267
1,48.5815,47.5,0.518267
1,48.5815,50,0.518267
1,48.5815,52.5,0.518267
1,48.5815,55,0.518267
1,48.5815,57.5,0.518267
1,48.5815,60,0.518267
1,48.5815,62.5,0.518267
1,48.5815,65,0.518267
1,48.5815,67.5,0.518267
1,48.5815,70,0.518267
1,48.5815,72.5,0.518267
1,48.5815,75,0.518267
1,48.5815,77.5,0.518267
1,48.5815,80,0.518267
1,48.5815,82.5,0.518267
1,48.5815,85,0.518267
1,48.5815,87.5,0.518267
1,48.5815,90,0.518267
1,48.5815,92.5,0.518267
1,48.5815,95,0.518267
1,48.5815,97.5,0.518267
1,48.5815,100,0.518267
1,48.5815,102.5,0.518267
1,48.5815,105,0.518267
1,48.5815,107.5,0.518267
1,48.5815,110,0.518267
1,55.0647,0,0.621922
1,55.0647,2.5,0.625406
1,55.0647,5,0.64136
1,55.0647,7.5,0.644818
1,55.0647,10,0.620886
1,55.0647,12.5,0.616306
1,55.0647,15,0.592968
1,55.0647,17.5,0.582959
1,55.0647,20,0.558366
1,55.0647,22.5,0.545782
1,55.0647,25,0.530662
1,55.0647,27.5,0.521289
1,55.0647,30,0.515905
1,55.0647,32.5,0.514723
1,55.0647,35,0.514723
1,55.0647,37.5,0.513513
1,55.0647,40,0.513513
1,55.0647,42.5,0.513513
1,55.0647,45,0.513513
1,55.0647,47.5,0.513513
1,55.0647,50,0.513513
1,55.0647,52.5,0.513513
1,55.0647,55,0.513513
1,55.0647,57.5,0.513513
1,55.0647,60,0.513513
1,55.0647,62.5,0.513513
1,55.0647,65,0.513513
1,55.0647,67.5,0.513513
1,55.0647,70,0.513513
1,55.0647,72.5,0.513513
1,55.0647,75,0.513513
1,55.0647,77.5,0.513513
1,55.0647,80,0.513513
1,55.0647,82.5,0.513513
1,55.0647,85,0.513513
1,55.0647,87.5,0.513513
1,55.0647,90,0.513513
1,55.0647,92.5,0.513513
1,55.0647,95,0.513513
1,55.0647,97.5,0.513513
1,55.0647,100,0.513513
1,55.0647,102.5,0.513513
1,55.0647,105,0.513513
1,55.0647,107.5,0.513513
1,55.0647,110,0.513513
1,62.413,0,0.61483
1,62.413,2.5,0.618313
1,62.413,5,0.63315
1,62.413,7.5,0.635071
1,62.413,10,0.61125
1,62.413,12.5,0.6051
1,62.413,15,0.584334
1,62.413,17.5,0.57615
1,62.413,20,0.555832
1,62.413,22.5,0.542787
1,62.413,25,0.528808
1,62.413,27.5,0.520881
1,62.413,30,0.515497
1,62.413,32.5,0.514315
1,62.413,35,0.514315
1,62.413,37.5,0.513105
1,62.413,40,0.513105
1,62.413,42.5,0.513105
1,62.413,45,0.513105
1,62.413,47.5,0.513105
1,62.413,50,0.513105
1,62.413,52.5,0.513105
1,62.413,55,0.513105
1,62.413,57.5,0.513105
1,62.413,60,0.513105
1,62.413,62.5,0.513105
1,62.413,65,0.513105
1,62.413,67.5,0.513105
1,62.413,70,0.513105
1,62.413,72.5,0.513105
1,62.413,75,0.513105
1,62.413,77.5,0.513105
1,62.413,80,0.513105
1,62.413,82.5,0.513105
1,62.413,85,0.513105
1,62.413,87.5,0.513105
1,62.413,90,0.513105
1,62.413,92.5,0.513105
1,62.413,95,0.513105
1,62.413,97.5,0.513105
1,62.413,100,0.513105
1,62.413,102.5,0.513105
1,62.413,105,0.513105
1,62.413,107.5,0.513105
1,62.413,110,0.513105
1,70.742,0,0.585022
1,70.742,2.5,0.588137
1,70.742,5,0.600327
1,70.742,7.5,0.599593
1,70.742,10,0.578199
1,70.742,12.5,0.574248
1,70.742,15,0.556268
1,70.742,17.5,0.550232
1,70.742,20,0.53674
1,70.742,22.5,0.529319
1,70.742,25,0.519832
1,70.742,27.5,0.513361
1,70.742,30,0.509553
1,70.742,32.5,0.509194
1,70.742,35,0.509194
1,70.742,37.5,0.507984
1,70.742,40,0.507984
1,70.742,42.5,0.507984
1,70.742,45,0.507984
1,70.742,47.5,0.507984
1,70.742,50,0.507984
1,70.742,52.5,0.507984
1,70.742,55,0.507984
1,70.742,57.5,0.507984
1,70.742,60,0.507984
1,70.742,62.5,0.507984
1,70.742,65,0.507984
1,70.742,67.5,0.507984
1,70.742,70,0.507984
1,70.742,72.5,0.507984
1,70.742,75,0.507984
1,70.742,77.5,0.507984
1,70.742,80,0.507984
1,70.742,82.5,0.507984
1,70.742,85,0.507984
1,70.742,87.5,0.507984
1,70.742,90,0.507984
1,70.742,92.5,0.507984
1,70.742,95,0.507984
1,70.742,97.5,0.507984
1,70.742,100,0.507984
1,70.742,102.5,0.507984
1,70.742,105,0.507984
1,70.742,107.5,0.507984
1,70.742,110,0.507984
1,80.1825,0,0.413166
1,80.1825,2.5,0.415035
1,80.1825,5,0.416527
1,80.1825,7.5,0.416527
1,80.1825,10,0.414587
1,80.1825,12.5,0.414794
1,80.1825,15,0.41245
1,80.1825,17.5,0.411908
1,80.1825,20,0.409692
1,80.1825,22.5,0.408724
1,80.1825,25,0.407154
1,80.1825,27.5,0.406059
1,80.1825,30,0.404481
1,80.1825,32.5,0.404123
1,80.1825,35,0.404123
1,80.1825,37.5,0.402913
1,80.1825,40,0.402913
1,80.1825,42.5,0.402913
1,80.1825,45,0.402913
1,80.1825,47.5,0.402913
1,80.1825,50,0.402913
1,80.1825,52.5,0.402913
1,80.1825,55,0.402913
1,80.1825,57.5,0.402913
1,80.1825,60,0.402913
1,80.1825,62.5,0.402913
1,80.1825,65,0.402913
1,80.1825,67.5,0.402913
1,80.1825,70,0.402913
1,80.1825,72.5,0.402913
1,80.1825,75,0.402913
1,80.1825,77.5,0.402913
1,80.1825,80,0.402913
1,80.1825,82.5,0.402913
1,80.1825,85,0.402913
1,80.1825,87.5,0.402913
1,80.1825,90,0.402913
1,80.1825,92.5,0.402913
1,80.1825,95,0.402913
1,80.1825,97.5,0.402913
1,80.1825,100,0.402913
1,80.1825,102.5,0.402913
1,80.1825,105,0.402913
1,80.1825,107.5,0.402913
1,80.1825,110,0.402913
1,90.8829,0,0.402705
1,90.8829,2.5,0.404574
1,90.8829,5,0.406066
1,90.8829,7.5,0.406066
1,90.8829,10,0.404126
1,90.8829,12.5,0.404333
1,90.8829,15,0.402492
1,90.8829,17.5,0.401951
1,90.8829,20,0.400369
1,90.8829,22.5,0.400218
1,90.8829,25,0.398648
1,90.8829,27.5,0.397554
1,90.8829,30,0.395976
1,90.8829,32.5,0.395617
1,90.8829,35,0.395617
1,90.8829,37.5,0.394407
1,90.8829,40,0.394407
1,90.8829,42.5,0.394407
1,90.8829,45,0.394407
1,90.8829,47.5,0.394407
1,90.8829,50,0.394407
1,90.8829,52.5,0.394407
1,90.8829,55,0.394407
1,90.8829,57.5,0.394407
1,90.8829,60,0.394407
1,90.8829,62.5,0.394407
1,90.8829,65,0.394407
1,90.8829,67.5,0.394407
1,90.8829,70,0.394407
1,90.8829,72.5,0.394407
1,90.8829,75,0.394407
1,90.8829,77.5,0.394407
1,90.8829,80,0.394407
1,90.8829,82.5,0.394407
1,90.8829,85,0.394407
1,90.8829,87.5,0.394407
1,90.8829,90,0.394407
1,90.8829,92.5,0.394407
1,90.8829,95,0.394407
1,90.8829,97.5,0.394407
1,90.8829,100,0.394407
1,90.8829,102.5,0.394407
1,90.8829,105,0.394407
1,90.8829,107.5,0.394407
1,90.8829,110,0.394407
1,103.011,0,0.402705
1,103.011,2.5,0.404574
1,103.011,5,0.406066
1,103.011,7.5,0.406066
1,103.011,10,0.404126
1,103.011,12.5,0.404333
1,103.011,15,0.402492
1,103.011,17.5,0.401951
1,103.011,20,0.400369
1,103.011,22.5,0.400218
1,103.011,25,0.398648
1,103.011,27.5,0.397554
1,103.011,30,0.395976
1,103.011,32.5,0.395617
1,103.011,35,0.395617
1,103.011,37.5,0.394407
1,103.011,40,0.394407
1,103.011,42.5,0.394407
1,103.011,45,0.394407
1,103.011,47.5,0.394407
1,103.011,50,0.394407
1,103.011,52.5,0.394407
1,103.011,55,0.394407
1,103.011,57.5,0.394407
1,103.011,60,0.394407
1,103.011,62.5,0.394407
1,103.011,65,0.394407
1,103.011,67.5,0.394407
1,103.011,70,0.394407
1,103.011,72.5,0.394407
1,103.011,75,0.394407
1,103.011,77.5,0.394407
1,103.011,80,0.394407
1,103.011,82.5,0.394407
1,103.011,85,0.394407
1,103.011,87.5,0.394407
1,103.011,90,0.394407
1,103.011,92.5,0.394407
1,103.011,95,0.394407
1,103.011,97.5,0.394407
1,103.011,100,0.394407
1,103.011,102.5,0.394407
1,103.011,105,0.394407
1,103.011,107.5,0.394407
1,103.011,110,0.394407
1,116.758,0,0.402705
1,116.758,2.5,0.404574
1,116.758,5,0.406066
1,116.758,7.5,0.406066
1,116.758,10,0.404126
1,116.758,12.5,0.404333
1,116.758,15,0.402492
1,116.758,17.5,0.401951
1,116.758,20,0.400369
1,116.758,22.5,0.400218
1,116.758,25,0.398648
1,116.758,27.5,0.397554
1,116.758,30,0.395976
1,116.758,32.5,0.395617
1,116.758,35,0.395617
1,116.758,37.5,0.394407
1,116.758,40,0.394407
1,116.758,42.5,0.394407
1,116.758,45,0.394407
1,116.758,47.5,0.394407
1,116.758,50,0.394407
1,116.758,52.5,0.394407
1,116.758,55,0.394407
1,116.758,57.5,0.394407
1,116.758,60,0.394407
1,116.758,62.5,0.394407
1,116.758,65,0.394407
1,116.758,67.5,0.394407
1,116.758,70,0.394407
1,116.758,72.5,0.394407
1,116.758,75,0.394407
1,116.758,77.5,0.394407
1,116.758,80,0.394407
1,116.758,82.5,0.394407
1,116.758,85,0.394407
1,116.758,87.5,0.394407
1,116.758,90,0.394407
1,116.758,92.5,0.394407
1,116.758,95,0.394407
1,116.758,97.5,0.394407
1,116.758,100,0.394407
1,116.758,102.5,0.394407
1,116.758,105,0.394407
1,116.758,107.5,0.394407
1,116.758,110,0.394407
1,132.339,0,0.402705
1,132.339,2.5,0.404574
1,132.339,5,0.406066
1,132.339,7.5,0.406066
1,132.339,10,0.404126
1,132.339,12.5,0.404333
1,132.339,15,0.402492
1,132.339,17.5,0.401951
1,132.339,20,0.400369
1,132.339,22.5,0.400218
1,132.339,25,0.398648
1,132.339,27.5,0.397554
1,132.339,30,0.395976
1,132.339,32.5,0.395617
1,132.339,35,0.395617
1,132.339,37.5,0.394407
1,132.339,40,0.394407
1,132.339,42.5,0.394407
1,132.339,45,0.394407
1,132.339,47.5,0.394407
1,132.339,50,0.394407
1,132.339,52.5,0.394407
1,132.339,55,0.394407
1,132.339,57.5,0.394407
1,132.339,60,0.394407
1,132.339,62.5,0.394407
1,132.339,65,0.394407
1,132.339,67.5,0.394407
1,132.339,70,0.394407
1,132.339,72.5,0.394407
1,132.339,75,0.394407
1,132.339,77.5,0.394407
1,132.339,80,0.394407
1,132.339,82.5,0.394407
1,132.339,85,0.394407
1,132.339,87.5,0.394407
1,132.339,90,0.394407
1,132.339,92.5,0.394407
1,132.339,95,0.394407
1,132.339,97.5,0.394407
1,132.339,100,0.394407
1,132.339,102.5,0.394407
1,132.339,105,0.394407
1,132.339,107.5,0.394407
1,132.339,110,0.394407
1,150,0,0.402705
1,150,2.5,0.404574
1,150,5,0.406066
1,150,7.5,0.406066
1,150,10,0.404126
1,150,12.5,0.404333
1,150,15,0.402492
1,150,17.5,0.401951
1,150,20,0.400369
1,150,22.5,0.400218
1,150,25,0.398648
1,150,27.5,0.397554
1,150,30,0.395976
1,150,32.5,0.395617
1,150,35,0.395617
1,150,37.5,0.394407
1,150,40,0.394407
1,150,42.5,0.394407
1,150,45,0.394407
1,150,47.5,0.394407
1,150,50,0.394407
1,150,52.5,0.394407
1,150,55,0.394407
1,150,57.5,0.394407
1,150,60,0.394407
1,150,62.5,0.394407
1,150,65,0.394407
1,150,67.5,0.394407
1,150,70,0.394407
1,150,72.5,0.394407
1,150,75,0.394407
1,150,77.5,0.394407
1,150,80,0.394407
1,150,82.5,0.394407
1,150,85,0.394407
1,150,87.5,0.394407
1,150,90,0.394407
1,150,92.5,0.394407
1,150,95,0.394407
1,150,97.5,0.394407
1,150,100,0.394407
1,150,102.5,0.394407
1,150,105,0.394407
1,150,107.5,0.394407
1,150,110,0.394407
2,1,0,0.142427
2,1,2.5,0.142427
2,1,5,0.142427
2,1,7.5,0.142427
2,1,10,0.135955
2,1,12.5,0.13178
2,1,15,0.107112
2,1,17.5,0.096162
2,1,20,0.0936227
2,1,22.5,0.0954302
2,1,25,0.0991085
2,1,27.5,0.0790537
2,1,30,0.0849213
2,1,32.5,0.0878189
2,1,35,0.0807098
2,1,37.5,0.0841026
2,1,40,0.0922286
2,1,42.5,0.0942083
2,1,45,0.0924126
2,1,47.5,0.091216
2,1,50,0.0906352
2,1,52.5,0.0907164
2,1,55,0.0923231
2,1,57.5,0.0923156
2,1,60,0.084348
2,1,62.5,0.0795375
2,1,65,0.0792819
2,1,67.5,0.0790432
2,1,70,0.0786283
2,1,72.5,0.0786283
2,1,75,0.078647
2,1,77.5,0.078647
2,1,80,0.078647
2,1,82.5,0.078647
2,1,85,0.078647
2,1,87.5,0.0787066
2,1,90,0.0787066
2,1,92.5,0.0787066
2,1,95,0.0787066
2,1,97.5,0.0787066
2,1,100,0.0787066
2,1,102.5,0.0787066
2,1,105,0.0787066
2,1,107.5,0.0787066
2,1,110,0.0787066
2,1.1334,0,0.116148
2,1.1334,2.5,0.116148
2,1.1334,5,0.116148
2,1.1334,7.5,0.116148
2,1.1334,10,0.0987289
2,1.1334,12.5,0.0788986
2,1.1334,15,0.0638593
2,1.1334,17.5,0.0433378
2,1.1334,20,0.0468064
2,1.1334,22.5,0.0500393
2,1.1334,25,0.0536007
2,1.1334,27.5,0.0464444
2,1.1334,30,0.0530512
2,1.1334,32.5,0.0617551
2,1.1334,35,0.0434385
2,1.1334,37.5,0.0514458
2,1.1334,40,0.0392085
2,1.1334,42.5,0.0386373
2,1.1334,45,0.0528753
2,1.1334,47.5,0.0548003
2,1.1334,50,0.0514916
2,1.1334,52.5,0.0472256
2,1.1334,55,0.0474385
2,1.1334,57.5,0.0477078
2,1.1334,60,0.0478898
2,1.1334,62.5,0.0473081
2,1.1334,65,0.0472553
2,1.1334,67.5,0.0473435
2,1.1334,70,0.0493072
2,1.1334,72.5,0.0513862
2,1.1334,75,0.0546223
2,1.1334,77.5,0.0548596
2,1.1334,80,0.0548596
2,1.1334,82.5,0.0548596
2,1.1334,85,0.0548596
2,1.1334,87.5,0.0548596
2,1.1334,90,0.0548596
2,1.1334,92.5,0.0548596
2,1.1334,95,0.0548596
2,1.1334,97.5,0.0548596
2,1.1334,100,0.0548596
2,1.1334,102.5,0.0548596
2,1.1334,105,0.0548596
2,1.1334,107.5,0.0548596
2,1.1334,110,0.0548596
2,1.2847,0,0.113587
2,1.2847,2.5,0.113587
2,1.2847,5,0.113587
2,1.2847,7.5,0.113587
2,1.2847,10,0.0957194
2,1.2847,12.5,0.0741615
2,1.2847,15,0.0576618
2,1.2847,17.5,0.0425885
2,1.2847,20,0.049008
2,1.2847,22.5,0.051909
2,1.2847,25,0.0506622
2,1.2847,27.5,0.0475785
2,1.2847,30,0.0517278
2,1.2847,32.5,0.0596578
2,1.2847,35,0.0411993
2,1.2847,37.5,0.0480088
2,1.2847,40,0.0372051
2,1.2847,42.5,0.0369321
2,1.2847,45,0.049929
2,1.2847,47.5,0.0500049
2,1.2847,50,0.0456559
2,1.2847,52.5,0.0411056
2,1.2847,55,0.0419343
2,1.2847,57.5,0.0425346
2,1.2847,60,0.0425867
2,1.2847,62.5,0.0419346
2,1.2847,65,0.0419108
2,1.2847,67.5,0.0419972
2,1.2847,70,0.0447873
2,1.2847,72.5,0.047478
2,1.2847,75,0.0512529
2,1.2847,77.5,0.0514902
2,1.2847,80,0.0514902
2,1.2847,82.5,0.0514902
2,1.2847,85,0.0514902
2,1.2847,87.5,0.0514902
2,1.2847,90,0.0514902
2,1.2847,92.5,0.0514902
2,1.2847,95,0.0514902
2,1.2847,97.5,0.0514902
2,1.2847,100,0.0514902
2,1.2847,102.5,0.0514902
2,1.2847,105,0.0514902
2,1.2847,107.5,0.0514902
2,1.2847,110,0.0514902
2,1.4562,0,0.135178
2,1.4562,2.5,0.135178
2,1.4562,5,0.135178
2,1.4562,7.5,0.135178
2,1.4562,10,0.117195
2,1.4562,12.5,0.101954
2,1.4562,15,0.10567
2,1.4562,17.5,0.0815705
2,1.4562,20,0.0875813
2,1.4562,22.5,0.0776482
2,1.4562,25,0.0793219
2,1.4562,27.5,0.0776059
2,1.4562,30,0.0750477
2,1.4562,32.5,0.0665285
2,1.4562,35,0.0796253
2,1.4562,37.5,0.0850172
2,1.4562,40,0.0737959
2,1.4562,42.5,0.0764519
2,1.4562,45,0.0820971
2,1.4562,47.5,0.0906581
2,1.4562,50,0.0906131
2,1.4562,52.5,0.0902333
2,1.4562,55,0.090463
2,1.4562,57.5,0.090257
2,1.4562,60,0.0810569
2,1.4562,62.5,0.0682276
2,1.4562,65,0.067565
2,1.4562,67.5,0.067565
2,1.4562,70,0.067565
2,1.4562,72.5,0.067565
2,1.4562,75,0.067565
2,1.4562,77.5,0.067565
2,1.4562,80,0.067565
2,1.4562,82.5,0.067565
2,1.4562,85,0.067565
2,1.4562,87.5,0.067565
2,1.4562,90,0.067565
2,1.4562,92.5,0.067565
2,1.4562,95,0.067565
2,1.4562,97.5,0.067565
2,1.4562,100,0.067565
2,1.4562,102.5,0.067565
2,1.4562,105,0.067565
2,1.4562,107.5,0.067565
2,1.4562,110,0.067565
2,1.6505,0,0.141958
2,1.6505,2.5,0.141958
2,1.6505,5,0.141958
2,1.6505,7.5,0.141958
2,1.6505,10,0.119542
2,1.6505,12.5,0.074771
2,1.6505,15,0.0660927
2,1.6505,17.5,0.0551504
2,1.6505,20,0.0566141
2,1.6505,22.5,0.0493191
2,1.6505,25,0.0503128
2,1.6505,27.5,0.0489918
2,1.6505,30,0.0500195
2,1.6505,32.5,0.0485337
2,1.6505,35,0.0420295
2,1.6505,37.5,0.0563926
2,1.6505,40,0.0463863
2,1.6505,42.5,0.0401899
2,1.6505,45,0.0446452
2,1.6505,47.5,0.0469086
2,1.6505,50,0.0436519
2,1.6505,52.5,0.0394817
2,1.6505,55,0.0389124
2,1.6505,57.5,0.0403815
2,1.6505,60,0.0408919
2,1.6505,62.5,0.0415559
2,1.6505,65,0.0428171
2,1.6505,67.5,0.0446889
2,1.6505,70,0.0517914
2,1.6505,72.5,0.0520712
2,1.6505,75,0.0520712
2,1.6505,77.5,0.0520712
2,1.6505,80,0.0520712
2,1.6505,82.5,0.0520712
2,1.6505,85,0.0520712
2,1.6505,87.5,0.0520712
2,1.6505,90,0.0520712
2,1.6505,92.5,0.0520712
2,1.6505,95,0.0520712
2,1.6505,97.5,0.0520712
2,1.6505,100,0.0520712
2,1.6505,102.5,0.0520712
2,1.6505,105,0.0520712
2,1.6505,107.5,0.0520712
2,1.6505,110,0.0520712
2,1.8707,0,0.143025
2,1.8707,2.5,0.143025
2,1.8707,5,0.143025
2,1.8707,7.5,0.143025
2,1.8707,10,0.121606
2,1.8707,12.5,0.0826809
2,1.8707,15,0.0816167
2,1.8707,17.5,0.0582085
2,1.8707,20,0.0548963
2,1.8707,22.5,0.0487392
2,1.8707,25,0.0488071
2,1.8707,27.5,0.0481665
2,1.8707,30,0.0500699
2,1.8707,32.5,0.0503706
2,1.8707,35,0.0422561
2,1.8707,37.5,0.0554272
2,1.8707,40,0.0464047
2,1.8707,42.5,0.0402584
2,1.8707,45,0.0443195
2,1.8707,47.5,0.0458885
2,1.8707,50,0.0422585
2,1.8707,52.5,0.0376634
2,1.8707,55,0.0369557
2,1.8707,57.5,0.038319
2,1.8707,60,0.0387133
2,1.8707,62.5,0.0394902
2,1.8707,65,0.0408708
2,1.8707,67.5,0.0427079
2,1.8707,70,0.0501776
2,1.8707,72.5,0.0504575
2,1.8707,75,0.0504575
2,1.8707,77.5,0.0504575
2,1.8707,80,0.0504575
2,1.8707,82.5,0.0504575
2,1.8707,85,0.0504575
2,1.8707,87.5,0.0504575
2,1.8707,90,0.0504575
2,1.8707,92.5,0.0504575
2,1.8707,95,0.0504575
2,1.8707,97.5,0.0504575
2,1.8707,100,0.0504575
2,1.8707,102.5,0.0504575
2,1.8707,105,0.0504575
2,1.8707,107.5,0.0504575
2,1.8707,110,0.0504575
2,2.1204,0,0.152556
2,2.1204,2.5,0.152556
2,2.1204,5,0.152556
2,2.1204,7.5,0.152556
2,2.1204,10,0.132232
2,2.1204,12.5,0.0849963
2,2.1204,15,0.0807794
2,2.1204,17.5,0.0701382
2,2.1204,20,0.0522835
2,2.1204,22.5,0.0489349
2,2.1204,25,0.0440499
2,2.1204,27.5,0.0438423
2,2.1204,30,0.0495604
2,2.1204,32.5,0.0456804
2,2.1204,35,0.0447406
2,2.1204,37.5,0.0501059
2,2.1204,40,0.0439188
2,2.1204,42.5,0.0456773
2,2.1204,45,0.0518159
2,2.1204,47.5,0.0487555
2,2.1204,50,0.0459157
2,2.1204,52.5,0.0455976
2,2.1204,55,0.0476626
2,2.1204,57.5,0.0495225
2,2.1204,60,0.0499992
2,2.1204,62.5,0.0507569
2,2.1204,65,0.050824
2,2.1204,67.5,0.050824
2,2.1204,70,0.050824
2,2.1204,72.5,0.050824
2,2.1204,75,0.050824
2,2.1204,77.5,0.050824
2,2.1204,80,0.050824
2,2.1204,82.5,0.050824
2,2.1204,85,0.050824
2,2.1204,87.5,0.050824
2,2.1204,90,0.050824
2,2.1204,92.5,0.050824
2,2.1204,95,0.050824
2,2.1204,97.5,0.050824
2,2.1204,100,0.050824
2,2.1204,102.5,0.050824
2,2.1204,105,0.050824
2,2.1204,107.5,0.050824
2,2.1204,110,0.050824
2,2.4033,0,0.154438
2,2.4033,2.5,0.154438
2,2.4033,5,0.154438
2,2.4033,7.5,0.154438
2,2.4033,10,0.135348
2,2.4033,12.5,0.0904613
2,2.4033,15,0.0826684
2,2.4033,17.5,0.0730303
2,2.4033,20,0.0546957
2,2.4033,22.5,0.0523896
2,2.4033,25,0.053549
2,2.4033,27.5,0.0518095
2,2.4033,30,0.053367
2,2.4033,32.5,0.0465525
2,2.4033,35,0.0449225
2,2.4033,37.5,0.0548426
2,2.4033,40,0.0492925
2,2.4033,42.5,0.0512937
2,2.4033,45,0.0554903
2,2.4033,47.5,0.048084
2,2.4033,50,0.0450143
2,2.4033,52.5,0.0445452
2,2.4033,55,0.0466486
2,2.4033,57.5,0.048781
2,2.4033,60,0.0492189
2,2.4033,62.5,0.0499273
2,2.4033,65,0.0499945
2,2.4033,67.5,0.0499945
2,2.4033,70,0.0499945
2,2.4033,72.5,0.0499945
2,2.4033,75,0.0499945
2,2.4033,77.5,0.0499945
2,2.4033,80,0.0499945
2,2.4033,82.5,0.0500745
2,2.4033,85,0.0500745
2,2.4033,87.5,0.0500745
2,2.4033,90,0.0500745
2,2.4033,92.5,0.0500745
2,2.4033,95,0.0500745
2,2.4033,97.5,0.0500745
2,2.4033,100,0.0500745
2,2.4033,102.5,0.0500745
2,2.4033,105,0.0500745
2,2.4033,107.5,0.0500745
2,2.4033,110,0.0500745
2,2.7241,0,0.156755
2,2.7241,2.5,0.156755
2,2.7241,5,0.156755
2,2.7241,7.5,0.156755
2,2.7241,10,0.136979
2,2.7241,12.5,0.0823131
2,2.7241,15,0.076359
2,2.7241,17.5,0.0606293
2,2.7241,20,0.0644393
2,2.7241,22.5,0.0513287
2,2.7241,25,0.0556416
2,2.7241,27.5,0.0572912
2,2.7241,30,0.0536208
2,2.7241,32.5,0.0588862
2,2.7241,35,0.0589828
2,2.7241,37.5,0.0611619
2,2.7241,40,0.0537787
2,2.7241,42.5,0.05328
2,2.7241,45,0.0567989
2,2.7241,47.5,0.054701
2,2.7241,50,0.056028
2,2.7241,52.5,0.0569878
2,2.7241,55,0.0573187
2,2.7241,57.5,0.0573187
2,2.7241,60,0.0574334
2,2.7241,62.5,0.0574334
2,2.7241,65,0.0574334
2,2.7241,67.5,0.0574334
2,2.7241,70,0.0574539
2,2.7241,72.5,0.0574539
2,2.7241,75,0.0574539
2,2.7241,77.5,0.0574539
2,2.7241,80,0.0574539
2,2.7241,82.5,0.057534
2,2.7241,85,0.057534
2,2.7241,87.5,0.057534
2,2.7241,90,0.057534
2,2.7241,92.5,0.057534
2,2.7241,95,0.057534
2,2.7241,97.5,0.057534
2,2.7241,100,0.057534
2,2.7241,102.5,0.057534
2,2.7241,105,0.057534
2,2.7241,107.5,0.057534
2,2.7241,110,0.057534
2,3.0876,0,0.164564
2,3.0876,2.5,0.164564
2,3.0876,5,0.164564
2,3.0876,7.5,0.164564
2,3.0876,10,0.152411
2,3.0876,12.5,0.117816
2,3.0876,15,0.101651
2,3.0876,17.5,0.0757611
2,3.0876,20,0.0838537
2,3.0876,22.5,0.0633713
2,3.0876,25,0.0535541
2,3.0876,27.5,0.0612229
2,3.0876,30,0.0727729
2,3.0876,32.5,0.0565413
2,3.0876,35,0.0532228
2,3.0876,37.5,0.050431
2,3.0876,40,0.0476825
2,3.0876,42.5,0.0486038
2,3.0876,45,0.053696
2,3.0876,47.5,0.0554119
2,3.0876,50,0.0567806
2,3.0876,52.5,0.0573223
2,3.0876,55,0.0580123
2,3.0876,57.5,0.058296
2,3.0876,60,0.0584168
2,3.0876,62.5,0.0584168
2,3.0876,65,0.0584168
2,3.0876,67.5,0.0584168
2,3.0876,70,0.0583726
2,3.0876,72.5,0.0585672
2,3.0876,75,0.0585672
2,3.0876,77.5,0.0585672
2,3.0876,80,0.0585672
2,3.0876,82.5,0.0585767
2,3.0876,85,0.0585767
2,3.0876,87.5,0.0585767
2,3.0876,90,0.0585767
2,3.0876,92.5,0.0585767
2,3.0876,95,0.0585767
2,3.0876,97.5,0.0585767
2,3.0876,100,0.0585767
2,3.0876,102.5,0.0585767
2,3.0876,105,0.0585767
2,3.0876,107.5,0.0585767
2,3.0876,110,0.0585767
2,3.4996,0,0.179675
2,3.4996,2.5,0.179675
2,3.4996,5,0.179675
2,3.4996,7.5,0.179675
2,3.4996,10,0.173018
2,3.4996,12.5,0.127055
2,3.4996,15,0.0984173
2,3.4996,17.5,0.095213
2,3.4996,20,0.0984729
2,3.4996,22.5,0.102788
2,3.4996,25,0.0997071
2,3.4996,27.5,0.0974639
2,3.4996,30,0.0926334
2,3.4996,32.5,0.0890037
2,3.4996,35,0.0916809
2,3.4996,37.5,0.0954932
2,3.4996,40,0.0948346
2,3.4996,42.5,0.0945772
2,3.4996,45,0.0948773
2,3.4996,47.5,0.0945242
2,3.4996,50,0.0944638
2,3.4996,52.5,0.0943202
2,3.4996,55,0.094824
2,3.4996,57.5,0.0947661
2,3.4996,60,0.0947661
2,3.4996,62.5,0.0945943
2,3.4996,65,0.0945943
2,3.4996,67.5,0.0948182
2,3.4996,70,0.0948555
2,3.4996,72.5,0.0949861
2,3.4996,75,0.0949861
2,3.4996,77.5,0.0950008
2,3.4996,80,0.0950008
2,3.4996,82.5,0.0950008
2,3.4996,85,0.0950008
2,3.4996,87.5,0.0950008
2,3.4996,90,0.0950008
2,3.4996,92.5,0.0950008
2,3.4996,95,0.0950008
2,3.4996,97.5,0.0950008
2,3.4996,100,0.0950008
2,3.4996,102.5,0.0950008
2,3.4996,105,0.0950008
2,3.4996,107.5,0.0950008
2,3.4996,110,0.0950008
2,3.9667,0,0.177463
2,3.9667,2.5,0.177463
2,3.9667,5,0.177463
2,3.9667,7.5,0.177463
2,3.9667,10,0.174554
2,3.9667,12.5,0.134021
2,3.9667,15,0.108573
2,3.9667,17.5,0.115005
2,3.9667,20,0.114897
2,3.9667,22.5,0.114889
2,3.9667,25,0.109273
2,3.9667,27.5,0.109123
2,3.9667,30,0.112194
2,3.9667,32.5,0.112454
2,3.9667,35,0.106682
2,3.9667,37.5,0.103715
2,3.9667,40,0.101707
2,3.9667,42.5,0.101723
2,3.9667,45,0.103782
2,3.9667,47.5,0.102836
2,3.9667,50,0.102363
2,3.9667,52.5,0.102206
2,3.9667,55,0.102526
2,3.9667,57.5,0.102664
2,3.9667,60,0.101933
2,3.9667,62.5,0.101598
2,3.9667,65,0.101598
2,3.9667,67.5,0.102026
2,3.9667,70,0.102468
2,3.9667,72.5,0.102784
2,3.9667,75,0.102784
2,3.9667,77.5,0.102799
2,3.9667,80,0.102799
2,3.9667,82.5,0.102799
2,3.9667,85,0.102799
2,3.9667,87.5,0.102799
2,3.9667,90,0.102799
2,3.9667,92.5,0.102799
2,3.9667,95,0.102799
2,3.9667,97.5,0.102799
2,3.9667,100,0.102799
2,3.9667,102.5,0.102799
2,3.9667,105,0.102799
2,3.9667,107.5,0.102799
2,3.9667,110,0.102799
2,4.496,0,0.173792
2,4.496,2.5,0.173792
2,4.496,5,0.173792
2,4.496,7.5,0.173792
2,4.496,10,0.1706
2,4.496,12.5,0.135023
2,4.496,15,0.109457
2,4.496,17.5,0.114133
2,4.496,20,0.111914
2,4.496,22.5,0.110385
2,4.496,25,0.106449
2,4.496,27.5,0.102321
2,4.496,30,0.104559
2,4.496,32.5,0.106654
2,4.496,35,0.101828
2,4.496,37.5,0.0990276
2,4.496,40,0.0970912
2,4.496,42.5,0.0996863
2,4.496,45,0.105577
2,4.496,47.5,0.104923
2,4.496,50,0.103375
2,4.496,52.5,0.103571
2,4.496,55,0.104177
2,4.496,57.5,0.104336
2,4.496,60,0.10231
2,4.496,62.5,0.101833
2,4.496,65,0.10194
2,4.496,67.5,0.102875
2,4.496,70,0.10334
2,4.496,72.5,0.103757
2,4.496,75,0.103757
2,4.496,77.5,0.103772
2,4.496,80,0.103772
2,4.496,82.5,0.103772
2,4.496,85,0.103772
2,4.496,87.5,0.103772
2,4.496,90,0.103772
2,4.496,92.5,0.103772
2,4.496,95,0.103772
2,4.496,97.5,0.103772
2,4.496,100,0.103772
2,4.496,102.5,0.103772
2,4.496,105,0.103772
2,4.496,107.5,0.103772
2,4.496,110,0.103772
2,5.096,0,0.17599
2,5.096,2.5,0.17599
2,5.096,5,0.17599
2,5.096,7.5,0.175245
2,5.096,10,0.171185
2,5.096,12.5,0.140803
2,5.096,15,0.113877
2,5.096,17.5,0.101648
2,5.096,20,0.100814
2,5.096,22.5,0.0913451
2,5.096,25,0.101869
2,5.096,27.5,0.10371
2,5.096,30,0.105917
2,5.096,32.5,0.0972633
2,5.096,35,0.0826532
2,5.096,37.5,0.0749684
2,5.096,40,0.0742877
2,5.096,42.5,0.0801519
2,5.096,45,0.090175
2,5.096,47.5,0.0920936
2,5.096,50,0.091056
2,5.096,52.5,0.0917132
2,5.096,55,0.0933655
2,5.096,57.5,0.0939704
2,5.096,60,0.0919962
2,5.096,62.5,0.0911374
2,5.096,65,0.0912441
2,5.096,67.5,0.0925162
2,5.096,70,0.0929814
2,5.096,72.5,0.0932573
2,5.096,75,0.0932573
2,5.096,77.5,0.093272
2,5.096,80,0.093272
2,5.096,82.5,0.093272
2,5.096,85,0.093272
2,5.096,87.5,0.093272
2,5.096,90,0.093272
2,5.096,92.5,0.093272
2,5.096,95,0.093272
2,5.096,97.5,0.093272
2,5.096,100,0.093272
2,5.096,102.5,0.093272
2,5.096,105,0.093272
2,5.096,107.5,0.093272
2,5.096,110,0.093272
2,5.7761,0,0.201916
2,5.7761,2.5,0.201916
2,5.7761,5,0.201916
2,5.7761,7.5,0.198685
2,5.7761,10,0.177148
2,5.7761,12.5,0.146974
2,5.7761,15,0.13721
2,5.7761,17.5,0.12504
2,5.7761,20,0.111739
2,5.7761,22.5,0.106153
2,5.7761,25,0.116823
2,5.7761,27.5,0.112384
2,5.7761,30,0.103515
2,5.7761,32.5,0.0978154
2,5.7761,35,0.0874806
2,5.7761,37.5,0.0801957
2,5.7761,40,0.0812605
2,5.7761,42.5,0.0837072
2,5.7761,45,0.0903449
2,5.7761,47.5,0.0922364
2,5.7761,50,0.0916067
2,5.7761,52.5,0.0929274
2,5.7761,55,0.0953509
2,5.7761,57.5,0.0958941
2,5.7761,60,0.0954627
2,5.7761,62.5,0.0946965
2,5.7761,65,0.0948033
2,5.7761,67.5,0.0954523
2,5.7761,70,0.0959754
2,5.7761,72.5,0.0960368
2,5.7761,75,0.0960368
2,5.7761,77.5,0.0960515
2,5.7761,80,0.0960515
2,5.7761,82.5,0.0960515
2,5.7761,85,0.0960515
2,5.7761,87.5,0.0960515
2,5.7761,90,0.0960515
2,5.7761,92.5,0.0960515
2,5.7761,95,0.0960515
2,5.7761,97.5,0.0960515
2,5.7761,100,0.0960515
2,5.7761,102.5,0.0960515
2,5.7761,105,0.0960515
2,5.7761,107.5,0.0960515
2,5.7761,110,0.0960515
2,6.5469,0,0.298076
2,6.5469,2.5,0.298076
2,6.5469,5,0.298076
2,6.5469,7.5,0.279306
2,6.5469,10,0.201356
2,6.5469,12.5,0.168925
2,6.5469,15,0.154687
2,6.5469,17.5,0.141171
2,6.5469,20,0.118104
2,6.5469,22.5,0.115963
2,6.5469,25,0.117382
2,6.5469,27.5,0.113794
2,6.5469,30,0.106425
2,6.5469,32.5,0.104917
2,6.5469,35,0.103099
2,6.5469,37.5,0.10217
2,6.5469,40,0.103879
2,6.5469,42.5,0.104701
2,6.5469,45,0.1063
2,6.5469,47.5,0.109197
2,6.5469,50,0.108785
2,6.5469,52.5,0.109854
2,6.5469,55,0.110832
2,6.5469,57.5,0.111682
2,6.5469,60,0.111682
2,6.5469,62.5,0.11151
2,6.5469,65,0.11151
2,6.5469,67.5,0.11151
2,6.5469,70,0.11151
2,6.5469,72.5,0.11151
2,6.5469,75,0.11151
2,6.5469,77.5,0.11151
2,6.5469,80,0.11151
2,6.5469,82.5,0.11151
2,6.5469,85,0.11151
2,6.5469,87.5,0.11151
2,6.5469,90,0.11151
2,6.5469,92.5,0.11151
2,6.5469,95,0.11151
2,6.5469,97.5,0.11151
2,6.5469,100,0.11151
2,6.5469,102.5,0.11151
2,6.5469,105,0.11151
2,6.5469,107.5,0.11151
2,6.5469,110,0.11151
2,7.4206,0,0.307932
2,7.4206,2.5,0.307932
2,7.4206,5,0.307932
2,7.4206,7.5,0.2914
2,7.4206,10,0.227516
2,7.4206,12.5,0.196787
2,7.4206,15,0.189045
2,7.4206,17.5,0.168881
2,7.4206,20,0.132883
2,7.4206,22.5,0.131299
2,7.4206,25,0.127801
2,7.4206,27.5,0.125359
2,7.4206,30,0.122883
2,7.4206,32.5,0.117041
2,7.4206,35,0.114628
2,7.4206,37.5,0.111421
2,7.4206,40,0.111863
2,7.4206,42.5,0.115
2,7.4206,45,0.117263
2,7.4206,47.5,0.121435
2,7.4206,50,0.121349
2,7.4206,52.5,0.122705
2,7.4206,55,0.123903
2,7.4206,57.5,0.124526
2,7.4206,60,0.124556
2,7.4206,62.5,0.124556
2,7.4206,65,0.124556
2,7.4206,67.5,0.124556
2,7.4206,70,0.124556
2,7.4206,72.5,0.124556
2,7.4206,75,0.124556
2,7.4206,77.5,0.124703
2,7.4206,80,0.124703
2,7.4206,82.5,0.124703
2,7.4206,85,0.124703
2,7.4206,87.5,0.124703
2,7.4206,90,0.124703
2,7.4206,92.5,0.124703
2,7.4206,95,0.124703
2,7.4206,97.5,0.124703
2,7.4206,100,0.124703
2,7.4206,102.5,0.124703
2,7.4206,105,0.124703
2,7.4206,107.5,0.124703
2,7.4206,110,0.124703
2,8.4108,0,0.311485
2,8.4108,2.5,0.311485
2,8.4108,5,0.311485
2,8.4108,7.5,0.294254
2,8.4108,10,0.226844
2,8.4108,12.5,0.192799
2,8.4108,15,0.192931
2,8.4108,17.5,0.17422
2,8.4108,20,0.167903
2,8.4108,22.5,0.170695
2,8.4108,25,0.1667
2,8.4108,27.5,0.16073
2,8.4108,30,0.146777
2,8.4108,32.5,0.129293
2,8.4108,35,0.125204
2,8.4108,37.5,0.122197
2,8.4108,40,0.123967
2,8.4108,42.5,0.126658
2,8.4108,45,0.130248
2,8.4108,47.5,0.132229
2,8.4108,50,0.134088
2,8.4108,52.5,0.138868
2,8.4108,55,0.139199
2,8.4108,57.5,0.139307
2,8.4108,60,0.139174
2,8.4108,62.5,0.139159
2,8.4108,65,0.139159
2,8.4108,67.5,0.139995
2,8.4108,70,0.140105
2,8.4108,72.5,0.1407
2,8.4108,75,0.1407
2,8.4108,77.5,0.140847
2,8.4108,80,0.140847
2,8.4108,82.5,0.140847
2,8.4108,85,0.140847
2,8.4108,87.5,0.140847
2,8.4108,90,0.140847
2,8.4108,92.5,0.140847
2,8.4108,95,0.140847
2,8.4108,97.5,0.140847
2,8.4108,100,0.140847
2,8.4108,102.5,0.140847
2,8.4108,105,0.140847
2,8.4108,107.5,0.140847
2,8.4108,110,0.140847
2,9.5333,0,0.322196
2,9.5333,2.5,0.322196
2,9.5333,5,0.322196
2,9.5333,7.5,0.305554
2,9.5333,10,0.249664
2,9.5333,12.5,0.235574
2,9.5333,15,0.227453
2,9.5333,17.5,0.212917
2,9.5333,20,0.222906
2,9.5333,22.5,0.202398
2,9.5333,25,0.183849
2,9.5333,27.5,0.17309
2,9.5333,30,0.173139
2,9.5333,32.5,0.157923
2,9.5333,35,0.143888
2,9.5333,37.5,0.139875
2,9.5333,40,0.143625
2,9.5333,42.5,0.146278
2,9.5333,45,0.149339
2,9.5333,47.5,0.14932
2,9.5333,50,0.151483
2,9.5333,52.5,0.157932
2,9.5333,55,0.15775
2,9.5333,57.5,0.157558
2,9.5333,60,0.158157
2,9.5333,62.5,0.15939
2,9.5333,65,0.160789
2,9.5333,67.5,0.161475
2,9.5333,70,0.161585
2,9.5333,72.5,0.16218
2,9.5333,75,0.16218
2,9.5333,77.5,0.162326
2,9.5333,80,0.162326
2,9.5333,82.5,0.162326
2,9.5333,85,0.162326
2,9.5333,87.5,0.162326
2,9.5333,90,0.162326
2,9.5333,92.5,0.162326
2,9.5333,95,0.162326
2,9.5333,97.5,0.162326
2,9.5333,100,0.162326
2,9.5333,102.5,0.162326
2,9.5333,105,0.162326
2,9.5333,107.5,0.162326
2,9.5333,110,0.162326
2,10.8055,0,0.318848
2,10.8055,2.5,0.318848
2,10.8055,5,0.318848
2,10.8055,7.5,0.301187
2,10.8055,10,0.241301
2,10.8055,12.5,0.240002
2,10.8055,15,0.232195
2,10.8055,17.5,0.205229
2,10.8055,20,0.21312
2,10.8055,22.5,0.194056
2,10.8055,25,0.196562
2,10.8055,27.5,0.197271
2,10.8055,30,0.197442
2,10.8055,32.5,0.183537
2,10.8055,35,0.17169
2,10.8055,37.5,0.170467
2,10.8055,40,0.17983
2,10.8055,42.5,0.183976
2,10.8055,45,0.184633
2,10.8055,47.5,0.184239
2,10.8055,50,0.184467
2,10.8055,52.5,0.189058
2,10.8055,55,0.188556
2,10.8055,57.5,0.187885
2,10.8055,60,0.187753
2,10.8055,62.5,0.187098
2,10.8055,65,0.188019
2,10.8055,67.5,0.188705
2,10.8055,70,0.188814
2,10.8055,72.5,0.189061
2,10.8055,75,0.189061
2,10.8055,77.5,0.189207
2,10.8055,80,0.189207
2,10.8055,82.5,0.189207
2,10.8055,85,0.189207
2,10.8055,87.5,0.189207
2,10.8055,90,0.189207
2,10.8055,92.5,0.189207
2,10.8055,95,0.189207
2,10.8055,97.5,0.189207
2,10.8055,100,0.189207
2,10.8055,102.5,0.189207
2,10.8055,105,0.189207
2,10.8055,107.5,0.189207
2,10.8055,110,0.189207
2,12.2474,0,0.316614
2,12.2474,2.5,0.316614
2,12.2474,5,0.316614
2,12.2474,7.5,0.297472
2,12.2474,10,0.228149
2,12.2474,12.5,0.248293
2,12.2474,15,0.243834
2,12.2474,17.5,0.211337
2,12.2474,20,0.211172
2,12.2474,22.5,0.190369
2,12.2474,25,0.181578
2,12.2474,27.5,0.187385
2,12.2474,30,0.18866
2,12.2474,32.5,0.178206
2,12.2474,35,0.164858
2,12.2474,37.5,0.161898
2,12.2474,40,0.16471
2,12.2474,42.5,0.16773
2,12.2474,45,0.168207
2,12.2474,47.5,0.169575
2,12.2474,50,0.169985
2,12.2474,52.5,0.175739
2,12.2474,55,0.175237
2,12.2474,57.5,0.174955
2,12.2474,60,0.174999
2,12.2474,62.5,0.175575
2,12.2474,65,0.176784
2,12.2474,67.5,0.177968
2,12.2474,70,0.178297
2,12.2474,72.5,0.178902
2,12.2474,75,0.178902
2,12.2474,77.5,0.179049
2,12.2474,80,0.179049
2,12.2474,82.5,0.179049
2,12.2474,85,0.179049
2,12.2474,87.5,0.179049
2,12.2474,90,0.179049
2,12.2474,92.5,0.179049
2,12.2474,95,0.179049
2,12.2474,97.5,0.179049
2,12.2474,100,0.179049
2,12.2474,102.5,0.179049
2,12.2474,105,0.179049
2,12.2474,107.5,0.179049
2,12.2474,110,0.179049
2,13.8819,0,0.33092
2,13.8819,2.5,0.331966
2,13.8819,5,0.33048
2,13.8819,7.5,0.301705
2,13.8819,10,0.257066
2,13.8819,12.5,0.272044
2,13.8819,15,0.254083
2,13.8819,17.5,0.23771
2,13.8819,20,0.238755
2,13.8819,22.5,0.227863
2,13.8819,25,0.207243
2,13.8819,27.5,0.212292
2,13.8819,30,0.209685
2,13.8819,32.5,0.200889
2,13.8819,35,0.193601
2,13.8819,37.5,0.190197
2,13.8819,40,0.18961
2,13.8819,42.5,0.186562
2,13.8819,45,0.181913
2,13.8819,47.5,0.183474
2,13.8819,50,0.18438
2,13.8819,52.5,0.189002
2,13.8819,55,0.189304
2,13.8819,57.5,0.189632
2,13.8819,60,0.188856
2,13.8819,62.5,0.188617
2,13.8819,65,0.189405
2,13.8819,67.5,0.190466
2,13.8819,70,0.190727
2,13.8819,72.5,0.191332
2,13.8819,75,0.191332
2,13.8819,77.5,0.191479
2,13.8819,80,0.191479
2,13.8819,82.5,0.191479
2,13.8819,85,0.191479
2,13.8819,87.5,0.191479
2,13.8819,90,0.191479
2,13.8819,92.5,0.191479
2,13.8819,95,0.191479
2,13.8819,97.5,0.191479
2,13.8819,100,0.191479
2,13.8819,102.5,0.191479
2,13.8819,105,0.191479
2,13.8819,107.5,0.191479
2,13.8819,110,0.191479
2,15.7344,0,0.376019
2,15.7344,2.5,0.375554
2,15.7344,5,0.368909
2,15.7344,7.5,0.31038
2,15.7344,10,0.314593
2,15.7344,12.5,0.296969
2,15.7344,15,0.292993
2,15.7344,17.5,0.267399
2,15.7344,20,0.266512
2,15.7344,22.5,0.254594
2,15.7344,25,0.222025
2,15.7344,27.5,0.242184
2,15.7344,30,0.238331
2,15.7344,32.5,0.237933
2,15.7344,35,0.239345
2,15.7344,37.5,0.237677
2,15.7344,40,0.239438
2,15.7344,42.5,0.237039
2,15.7344,45,0.235045
2,15.7344,47.5,0.235371
2,15.7344,50,0.235239
2,15.7344,52.5,0.238074
2,15.7344,55,0.241254
2,15.7344,57.5,0.241254
2,15.7344,60,0.241254
2,15.7344,62.5,0.241254
2,15.7344,65,0.241254
2,15.7344,67.5,0.241254
2,15.7344,70,0.241254
2,15.7344,72.5,0.241254
2,15.7344,75,0.241254
2,15.7344,77.5,0.241254
2,15.7344,80,0.241254
2,15.7344,82.5,0.241254
2,15.7344,85,0.241254
2,15.7344,87.5,0.241254
2,15.7344,90,0.241254
2,15.7344,92.5,0.241254
2,15.7344,95,0.241254
2,15.7344,97.5,0.241254
2,15.7344,100,0.241254
2,15.7344,102.5,0.241254
2,15.7344,105,0.241254
2,15.7344,107.5,0.241254
2,15.7344,110,0.241254
2,17.8342,0,0.387492
2,17.8342,2.5,0.387706
2,17.8342,5,0.382535
2,17.8342,7.5,0.326185
2,17.8342,10,0.339135
2,17.8342,12.5,0.334949
2,17.8342,15,0.339258
2,17.8342,17.5,0.305616
2,17.8342,20,0.304247
2,17.8342,22.5,0.288328
2,17.8342,25,0.248408
2,17.8342,27.5,0.278124
2,17.8342,30,0.275893
2,17.8342,32.5,0.283176
2,17.8342,35,0.28307
2,17.8342,37.5,0.281938
2,17.8342,40,0.282317
2,17.8342,42.5,0.282385
2,17.8342,45,0.281008
2,17.8342,47.5,0.281192
2,17.8342,50,0.28106
2,17.8342,52.5,0.283779
2,17.8342,55,0.286959
2,17.8342,57.5,0.286959
2,17.8342,60,0.286959
2,17.8342,62.5,0.286959
2,17.8342,65,0.286959
2,17.8342,67.5,0.286959
2,17.8342,70,0.286959
2,17.8342,72.5,0.286959
2,17.8342,75,0.286959
2,17.8342,77.5,0.286959
2,17.8342,80,0.286959
2,17.8342,82.5,0.286959
2,17.8342,85,0.286959
2,17.8342,87.5,0.286959
2,17.8342,90,0.286959
2,17.8342,92.5,0.286959
2,17.8342,95,0.286959
2,17.8342,97.5,0.286959
2,17.8342,100,0.286959
2,17.8342,102.5,0.286959
2,17.8342,105,0.286959
2,17.8342,107.5,0.286959
2,17.8342,110,0.286959
2,20.2141,0,0.399403
2,20.2141,2.5,0.399617
2,20.2141,5,0.394466
2,20.2141,7.5,0.341158
2,20.2141,10,0.361134
2,20.2141,12.5,0.351912
2,20.2141,15,0.356969
2,20.2141,17.5,0.289483
2,20.2141,20,0.284248
2,20.2141,22.5,0.269269
2,20.2141,25,0.24026
2,20.2141,27.5,0.273016
2,20.2141,30,0.268204
2,20.2141,32.5,0.276865
2,20.2141,35,0.276338
2,20.2141,37.5,0.277263
2,20.2141,40,0.277642
2,20.2141,42.5,0.278027
2,20.2141,45,0.276782
2,20.2141,47.5,0.276966
2,20.2141,50,0.276834
2,20.2141,52.5,0.279017
2,20.2141,55,0.281769
2,20.2141,57.5,0.281769
2,20.2141,60,0.281769
2,20.2141,62.5,0.281769
2,20.2141,65,0.281769
2,20.2141,67.5,0.281769
2,20.2141,70,0.281769
2,20.2141,72.5,0.281769
2,20.2141,75,0.281769
2,20.2141,77.5,0.281769
2,20.2141,80,0.281769
2,20.2141,82.5,0.281769
2,20.2141,85,0.281769
2,20.2141,87.5,0.281769
2,20.2141,90,0.281769
2,20.2141,92.5,0.281769
2,20.2141,95,0.281769
2,20.2141,97.5,0.281769
2,20.2141,100,0.281769
2,20.2141,102.5,0.281769
2,20.2141,105,0.281769
2,20.2141,107.5,0.281769
2,20.2141,110,0.281769
2,22.9117,0,0.405272
2,22.9117,2.5,0.405087
2,22.9117,5,0.399054
2,22.9117,7.5,0.34958
2,22.9117,10,0.356618
2,22.9117,12.5,0.344381
2,22.9117,15,0.358682
2,22.9117,17.5,0.323795
2,22.9117,20,0.316928
2,22.9117,22.5,0.283045
2,22.9117,25,0.262217
2,22.9117,27.5,0.294666
2,22.9117,30,0.283353
2,22.9117,32.5,0.28522
2,22.9117,35,0.291023
2,22.9117,37.5,0.292234
2,22.9117,40,0.29274
2,22.9117,42.5,0.294372
2,22.9117,45,0.294531
2,22.9117,47.5,0.295143
2,22.9117,50,0.295012
2,22.9117,52.5,0.297194
2,22.9117,55,0.300317
2,22.9117,57.5,0.300317
2,22.9117,60,0.300317
2,22.9117,62.5,0.300317
2,22.9117,65,0.300317
2,22.9117,67.5,0.300317
2,22.9117,70,0.300317
2,22.9117,72.5,0.300317
2,22.9117,75,0.300317
2,22.9117,77.5,0.300317
2,22.9117,80,0.300317
2,22.9117,82.5,0.300317
2,22.9117,85,0.300317
2,22.9117,87.5,0.300317
2,22.9117,90,0.300317
2,22.9117,92.5,0.300317
2,22.9117,95,0.300317
2,22.9117,97.5,0.300317
2,22.9117,100,0.300317
2,22.9117,102.5,0.300317
2,22.9117,105,0.300317
2,22.9117,107.5,0.300317
2,22.9117,110,0.300317
2,25.9692,0,0.403802
2,25.9692,2.5,0.403292
2,25.9692,5,0.392793
2,25.9692,7.5,0.34035
2,25.9692,10,0.336658
2,25.9692,12.5,0.321626
2,25.9692,15,0.331868
2,25.9692,17.5,0.329511
2,25.9692,20,0.333132
2,25.9692,22.5,0.295395
2,25.9692,25,0.274294
2,25.9692,27.5,0.302876
2,25.9692,30,0.286087
2,25.9692,32.5,0.287166
2,25.9692,35,0.299417
2,25.9692,37.5,0.301961
2,25.9692,40,0.302121
2,25.9692,42.5,0.303612
2,25.9692,45,0.30439
2,25.9692,47.5,0.305003
2,25.9692,50,0.304871
2,25.9692,52.5,0.307141
2,25.9692,55,0.310264
2,25.9692,57.5,0.310264
2,25.9692,60,0.310264
2,25.9692,62.5,0.310264
2,25.9692,65,0.310264
2,25.9692,67.5,0.310264
2,25.9692,70,0.310264
2,25.9692,72.5,0.310264
2,25.9692,75,0.310264
2,25.9692,77.5,0.310264
2,25.9692,80,0.310264
2,25.9692,82.5,0.310264
2,25.9692,85,0.310264
2,25.9692,87.5,0.310264
2,25.9692,90,0.310264
2,25.9692,92.5,0.310264
2,25.9692,95,0.310264
2,25.9692,97.5,0.310264
2,25.9692,100,0.310264
2,25.9692,102.5,0.310264
2,25.9692,105,0.310264
2,25.9692,107.5,0.310264
2,25.9692,110,0.310264
2,29.4348,0,0.408703
2,29.4348,2.5,0.40695
2,29.4348,5,0.395283
2,29.4348,7.5,0.35085
2,29.4348,10,0.335087
2,29.4348,12.5,0.319998
2,29.4348,15,0.333071
2,29.4348,17.5,0.330336
2,29.4348,20,0.333515
2,29.4348,22.5,0.286827
2,29.4348,25,0.261615
2,29.4348,27.5,0.287907
2,29.4348,30,0.270566
2,29.4348,32.5,0.270664
2,29.4348,35,0.286237
2,29.4348,37.5,0.289935
2,29.4348,40,0.290157
2,29.4348,42.5,0.291648
2,29.4348,45,0.29432
2,29.4348,47.5,0.295316
2,29.4348,50,0.295184
2,29.4348,52.5,0.297454
2,29.4348,55,0.300902
2,29.4348,57.5,0.300902
2,29.4348,60,0.300902
2,29.4348,62.5,0.300902
2,29.4348,65,0.300902
2,29.4348,67.5,0.300902
2,29.4348,70,0.300902
2,29.4348,72.5,0.300902
2,29.4348,75,0.300902
2,29.4348,77.5,0.300902
2,29.4348,80,0.300902
2,29.4348,82.5,0.300902
2,29.4348,85,0.300902
2,29.4348,87.5,0.300902
2,29.4348,90,0.300902
2,29.4348,92.5,0.300902
2,29.4348,95,0.300902
2,29.4348,97.5,0.300902
2,29.4348,100,0.300902
2,29.4348,102.5,0.300902
2,29.4348,105,0.300902
2,29.4348,107.5,0.300902
2,29.4348,110,0.300902
2,33.3629,0,0.393309
2,33.3629,2.5,0.389959
2,33.3629,5,0.375671
2,33.3629,7.5,0.342074
2,33.3629,10,0.335942
2,33.3629,12.5,0.341114
2,33.3629,15,0.361686
2,33.3629,17.5,0.365346
2,33.3629,20,0.364301
2,33.3629,22.5,0.310459
2,33.3629,25,0.28409
2,33.3629,27.5,0.305813
2,33.3629,30,0.290201
2,33.3629,32.5,0.29059
2,33.3629,35,0.304653
2,33.3629,37.5,0.306751
2,33.3629,40,0.306828
2,33.3629,42.5,0.308319
2,33.3629,45,0.311509
2,33.3629,47.5,0.312034
2,33.3629,50,0.311324
2,33.3629,52.5,0.313594
2,33.3629,55,0.317042
2,33.3629,57.5,0.317042
2,33.3629,60,0.317042
2,33.3629,62.5,0.317042
2,33.3629,65,0.317042
2,33.3629,67.5,0.317042
2,33.3629,70,0.317042
2,33.3629,72.5,0.317042
2,33.3629,75,0.317042
2,33.3629,77.5,0.317042
2,33.3629,80,0.317042
2,33.3629,82.5,0.317042
2,33.3629,85,0.317042
2,33.3629,87.5,0.317042
2,33.3629,90,0.317042
2,33.3629,92.5,0.317042
2,33.3629,95,0.317042
2,33.3629,97.5,0.317042
2,33.3629,100,0.317042
2,33.3629,102.5,0.317042
2,33.3629,105,0.317042
2,33.3629,107.5,0.317042
2,33.3629,110,0.317042
2,37.8152,0,0.400999
2,37.8152,2.5,0.399258
2,37.8152,5,0.395834
2,37.8152,7.5,0.381485
2,37.8152,10,0.378723
2,37.8152,12.5,0.374413
2,37.8152,15,0.390306
2,37.8152,17.5,0.383095
2,37.8152,20,0.381052
2,37.8152,22.5,0.331046
2,37.8152,25,0.306662
2,37.8152,27.5,0.325156
2,37.8152,30,0.311354
2,37.8152,32.5,0.312597
2,37.8152,35,0.326776
2,37.8152,37.5,0.327928
2,37.8152,40,0.327629
2,37.8152,42.5,0.329343
2,37.8152,45,0.332205
2,37.8152,47.5,0.332894
2,37.8152,50,0.332185
2,37.8152,52.5,0.334154
2,37.8152,55,0.337602
2,37.8152,57.5,0.337602
2,37.8152,60,0.337602
2,37.8152,62.5,0.337602
2,37.8152,65,0.337602
2,37.8152,67.5,0.337602
2,37.8152,70,0.337602
2,37.8152,72.5,0.337602
2,37.8152,75,0.337602
2,37.8152,77.5,0.337602
2,37.8152,80,0.337602
2,37.8152,82.5,0.337602
2,37.8152,85,0.337602
2,37.8152,87.5,0.337602
2,37.8152,90,0.337602
2,37.8152,92.5,0.337602
2,37.8152,95,0.337602
2,37.8152,97.5,0.337602
2,37.8152,100,0.337602
2,37.8152,102.5,0.337602
2,37.8152,105,0.337602
2,37.8152,107.5,0.337602
2,37.8152,110,0.337602
2,42.8616,0,0.388316
2,42.8616,2.5,0.387258
2,42.8616,5,0.390347
2,42.8616,7.5,0.383467
2,42.8616,10,0.374827
2,42.8616,12.5,0.36666
2,42.8616,15,0.376446
2,42.8616,17.5,0.355345
2,42.8616,20,0.355507
2,42.8616,22.5,0.315022
2,42.8616,25,0.293725
2,42.8616,27.5,0.311532
2,42.8616,30,0.299091
2,42.8616,32.5,0.300334
2,42.8616,35,0.314501
2,42.8616,37.5,0.315974
2,42.8616,40,0.315674
2,42.8616,42.5,0.317388
2,42.8616,45,0.320416
2,42.8616,47.5,0.321363
2,42.8616,50,0.320653
2,42.8616,52.5,0.322622
2,42.8616,55,0.32607
2,42.8616,57.5,0.32607
2,42.8616,60,0.32607
2,42.8616,62.5,0.32607
2,42.8616,65,0.32607
2,42.8616,67.5,0.32607
2,42.8616,70,0.32607
2,42.8616,72.5,0.32607
2,42.8616,75,0.32607
2,42.8616,77.5,0.32607
2,42.8616,80,0.32607
2,42.8616,82.5,0.32607
2,42.8616,85,0.32607
2,42.8616,87.5,0.32607
2,42.8616,90,0.32607
2,42.8616,92.5,0.32607
2,42.8616,95,0.32607
2,42.8616,97.5,0.32607
2,42.8616,100,0.32607
2,42.8616,102.5,0.32607
2,42.8616,105,0.32607
2,42.8616,107.5,0.32607
2,42.8616,110,0.32607
2,48.5815,0,0.427707
2,48.5815,2.5,0.428483
2,48.5815,5,0.433725
2,48.5815,7.5,0.427687
2,48.5815,10,0.417124
2,48.5815,12.5,0.399379
2,48.5815,15,0.403082
2,48.5815,17.5,0.375582
2,48.5815,20,0.374611
2,48.5815,22.5,0.327543
2,48.5815,25,0.305041
2,48.5815,27.5,0.322027
2,48.5815,30,0.310229
2,48.5815,32.5,0.311472
2,48.5815,35,0.325721
2,48.5815,37.5,0.327194
2,48.5815,40,0.326895
2,48.5815,42.5,0.328608
2,48.5815,45,0.331636
2,48.5815,47.5,0.332583
2,48.5815,50,0.331874
2,48.5815,52.5,0.333843
2,48.5815,55,0.337291
2,48.5815,57.5,0.337291
2,48.5815,60,0.337291
2,48.5815,62.5,0.337291
2,48.5815,65,0.337291
2,48.5815,67.5,0.337291
2,48.5815,70,0.337291
2,48.5815,72.5,0.337291
2,48.5815,75,0.337291
2,48.5815,77.5,0.337291
2,48.5815,80,0.337291
2,48.5815,82.5,0.337291
2,48.5815,85,0.337291
2,48.5815,87.5,0.337291
2,48.5815,90,0.337291
2,48.5815,92.5,0.337291
2,48.5815,95,0.337291
2,48.5815,97.5,0.337291
2,48.5815,100,0.337291
2,48.5815,102.5,0.337291
2,48.5815,105,0.337291
2,48.5815,107.5,0.337291
2,48.5815,110,0.337291
2,55.0647,0,0.414499
2,55.0647,2.5,0.412965
2,55.0647,5,0.418876
2,55.0647,7.5,0.415889
2,55.0647,10,0.406293
2,55.0647,12.5,0.388955
2,55.0647,15,0.392658
2,55.0647,17.5,0.367259
2,55.0647,20,0.367731
2,55.0647,22.5,0.325709
2,55.0647,25,0.303899
2,55.0647,27.5,0.322353
2,55.0647,30,0.310555
2,55.0647,32.5,0.311798
2,55.0647,35,0.326047
2,55.0647,37.5,0.32752
2,55.0647,40,0.327221
2,55.0647,42.5,0.328934
2,55.0647,45,0.331962
2,55.0647,47.5,0.332909
2,55.0647,50,0.3322
2,55.0647,52.5,0.334169
2,55.0647,55,0.337617
2,55.0647,57.5,0.337617
2,55.0647,60,0.337617
2,55.0647,62.5,0.337617
2,55.0647,65,0.337617
2,55.0647,67.5,0.337617
2,55.0647,70,0.337617
2,55.0647,72.5,0.337617
2,55.0647,75,0.337617
2,55.0647,77.5,0.337617
2,55.0647,80,0.337617
2,55.0647,82.5,0.337617
2,55.0647,85,0.337617
2,55.0647,87.5,0.337617
2,55.0647,90,0.337617
2,55.0647,92.5,0.337617
2,55.0647,95,0.337617
2,55.0647,97.5,0.337617
2,55.0647,100,0.337617
2,55.0647,102.5,0.337617
2,55.0647,105,0.337617
2,55.0647,107.5,0.337617
2,55.0647,110,0.337617
2,62.413,0,0.373844
2,62.413,2.5,0.372309
2,62.413,5,0.379006
2,62.413,7.5,0.374816
2,62.413,10,0.364932
2,62.413,12.5,0.348452
2,62.413,15,0.352208
2,62.413,17.5,0.333892
2,62.413,20,0.336039
2,62.413,22.5,0.303365
2,62.413,25,0.283618
2,62.413,27.5,0.302072
2,62.413,30,0.290274
2,62.413,32.5,0.291517
2,62.413,35,0.305766
2,62.413,37.5,0.307239
2,62.413,40,0.306939
2,62.413,42.5,0.308653
2,62.413,45,0.311681
2,62.413,47.5,0.312628
2,62.413,50,0.311918
2,62.413,52.5,0.313887
2,62.413,55,0.317335
2,62.413,57.5,0.317335
2,62.413,60,0.317335
2,62.413,62.5,0.317335
2,62.413,65,0.317335
2,62.413,67.5,0.317335
2,62.413,70,0.317335
2,62.413,72.5,0.317335
2,62.413,75,0.317335
2,62.413,77.5,0.317335
2,62.413,80,0.317335
2,62.413,82.5,0.317335
2,62.413,85,0.317335
2,62.413,87.5,0.317335
2,62.413,90,0.317335
2,62.413,92.5,0.317335
2,62.413,95,0.317335
2,62.413,97.5,0.317335
2,62.413,100,0.317335
2,62.413,102.5,0.317335
2,62.413,105,0.317335
2,62.413,107.5,0.317335
2,62.413,110,0.317335
2,70.742,0,0.374696
2,70.742,2.5,0.373162
2,70.742,5,0.379438
2,70.742,7.5,0.375537
2,70.742,10,0.365366
2,70.742,12.5,0.348886
2,70.742,15,0.352642
2,70.742,17.5,0.333892
2,70.742,20,0.336039
2,70.742,22.5,0.303365
2,70.742,25,0.283618
2,70.742,27.5,0.302072
2,70.742,30,0.290274
2,70.742,32.5,0.291517
2,70.742,35,0.305766
2,70.742,37.5,0.307239
2,70.742,40,0.306939
2,70.742,42.5,0.308653
2,70.742,45,0.311681
2,70.742,47.5,0.312628
2,70.742,50,0.311918
2,70.742,52.5,0.313887
2,70.742,55,0.317335
2,70.742,57.5,0.317335
2,70.742,60,0.317335
2,70.742,62.5,0.317335
2,70.742,65,0.317335
2,70.742,67.5,0.317335
2,70.742,70,0.317335
2,70.742,72.5,0.317335
2,70.742,75,0.317335
2,70.742,77.5,0.317335
2,70.742,80,0.317335
2,70.742,82.5,0.317335
2,70.742,85,0.317335
2,70.742,87.5,0.317335
2,70.742,90,0.317335
2,70.742,92.5,0.317335
2,70.742,95,0.317335
2,70.742,97.5,0.317335
2,70.742,100,0.317335
2,70.742,102.5,0.317335
2,70.742,105,0.317335
2,70.742,107.5,0.317335
2,70.742,110,0.317335
2,80.1825,0,0.374696
2,80.1825,2.5,0.373162
2,80.1825,5,0.379438
2,80.1825,7.5,0.375537
2,80.1825,10,0.365366
2,80.1825,12.5,0.348886
2,80.1825,15,0.352642
2,80.1825,17.5,0.333892
2,80.1825,20,0.336039
2,80.1825,22.5,0.303365
2,80.1825,25,0.283618
2,80.1825,27.5,0.302072
2,80.1825,30,0.290274
2,80.1825,32.5,0.291517
2,80.1825,35,0.305766
2,80.1825,37.5,0.307239
2,80.1825,40,0.306939
2,80.1825,42.5,0.308653
2,80.1825,45,0.311681
2,80.1825,47.5,0.312628
2,80.1825,50,0.311918
2,80.1825,52.5,0.313887
2,80.1825,55,0.317335
2,80.1825,57.5,0.317335
2,80.1825,60,0.317335
2,80.1825,62.5,0.317335
2,80.1825,65,0.317335
2,80.1825,67.5,0.317335
2,80.1825,70,0.317335
2,80.1825,72.5,0.317335
2,80.1825,75,0.317335
2,80.1825,77.5,0.317335
2,80.1825,80,0.317335
2,80.1825,82.5,0.317335
2,80.1825,85,0.317335
2,80.1825,87.5,0.317335
2,80.1825,90,0.317335
2,80.1825,92.5,0.317335
2,80.1825,95,0.317335
2,80.1825,97.5,0.317335
2,80.1825,100,0.317335
2,80.1825,102.5,0.317335
2,80.1825,105,0.317335
2,80.1825,107.5,0.317335
2,80.1825,110,0.317335
2,90.8829,0,0.372853
2,90.8829,2.5,0.371318
2,90.8829,5,0.377595
2,90.8829,7.5,0.373855
2,90.8829,10,0.363684
2,90.8829,12.5,0.347204
2,90.8829,15,0.35096
2,90.8829,17.5,0.33221
2,90.8829,20,0.334357
2,90.8829,22.5,0.301684
2,90.8829,25,0.281936
2,90.8829,27.5,0.30039
2,90.8829,30,0.288592
2,90.8829,32.5,0.289835
2,90.8829,35,0.304084
2,90.8829,37.5,0.305557
2,90.8829,40,0.305258
2,90.8829,42.5,0.306972
2,90.8829,45,0.309999
2,90.8829,47.5,0.310947
2,90.8829,50,0.310237
2,90.8829,52.5,0.312206
2,90.8829,55,0.315654
2,90.8829,57.5,0.315654
2,90.8829,60,0.315654
2,90.8829,62.5,0.315654
2,90.8829,65,0.315654
2,90.8829,67.5,0.315654
2,90.8829,70,0.315654
2,90.8829,72.5,0.315654
2,90.8829,75,0.315654
2,90.8829,77.5,0.315654
2,90.8829,80,0.315654
2,90.8829,82.5,0.315654
2,90.8829,85,0.315654
2,90.8829,87.5,0.315654
2,90.8829,90,0.315654
2,90.8829,92.5,0.315654
2,90.8829,95,0.315654
2,90.8829,97.5,0.315654
2,90.8829,100,0.315654
2,90.8829,102.5,0.315654
2,90.8829,105,0.315654
2,90.8829,107.5,0.315654
2,90.8829,110,0.315654
2,103.011,0,0.372853
2,103.011,2.5,0.371318
2,103.011,5,0.377595
2,103.011,7.5,0.373855
2,103.011,10,0.363684
2,103.011,12.5,0.347204
2,103.011,15,0.35096
2,103.011,17.5,0.33221
2,103.011,20,0.334357
2,103.011,22.5,0.301684
2,103.011,25,0.281936
2,103.011,27.5,0.30039
2,103.011,30,0.288592
2,103.011,32.5,0.289835
2,103.011,35,0.304084
2,103.011,37.5,0.305557
2,103.011,40,0.305258
2,103.011,42.5,0.306972
2,103.011,45,0.309999
2,103.011,47.5,0.310947
2,103.011,50,0.310237
2,103.011,52.5,0.312206
2,103.011,55,0.315654
2,103.011,57.5,0.315654
2,103.011,60,0.315654
2,103.011,62.5,0.315654
2,103.011,65,0.315654
2,103.011,67.5,0.315654
2,103.011,70,0.315654
2,103.011,72.5,0.315654
2,103.011,75,0.315654
2,103.011,77.5,0.315654
2,103.011,80,0.315654
2,103.011,82.5,0.315654
2,103.011,85,0.315654
2,103.011,87.5,0.315654
2,103.011,90,0.315654
2,103.011,92.5,0.315654
2,103.011,95,0.315654
2,103.011,97.5,0.315654
2,103.011,100,0.315654
2,103.011,102.5,0.315654
2,103.011,105,0.315654
2,103.011,107.5,0.315654
2,103.011,110,0.315654
2,116.758,0,0.372853
2,116.758,2.5,0.371318
2,116.758,5,0.377595
2,116.758,7.5,0.373855
2,116.758,10,0.363684
2,116.758,12.5,0.347204
2,116.758,15,0.35096
2,116.758,17.5,0.33221
2,116.758,20,0.334357
2,116.758,22.5,0.301684
2,116.758,25,0.281936
2,116.758,27.5,0.30039
2,116.758,30,0.288592
2,116.758,32.5,0.289835
2,116.758,35,0.304084
2,116.758,37.5,0.305557
2,116.758,40,0.305258
2,116.758,42.5,0.306972
2,116.758,45,0.309999
2,116.758,47.5,0.310947
2,116.758,50,0.310237
2,116.758,52.5,0.312206
2,116.758,55,0.315654
2,116.758,57.5,0.315654
2,116.758,60,0.315654
2,116.758,62.5,0.315654
2,116.758,65,0.315654
2,116.758,67.5,0.315654
2,116.758,70,0.315654
2,116.758,72.5,0.315654
2,116.758,75,0.315654
2,116.758,77.5,0.315654
2,116.758,80,0.315654
2,116.758,82.5,0.315654
2,116.758,85,0.315654
2,116.758,87.5,0.315654
2,116.758,90,0.315654
2,116.758,92.5,0.315654
2,116.758,95,0.315654
2,116.758,97.5,0.315654
2,116.758,100,0.315654
2,116.758,102.5,0.315654
2,116.758,105,0.315654
2,116.758,107.5,0.315654
2,116.758,110,0.315654
2,132.339,0,0.372853
2,132.339,2.5,0.371318
2,132.339,5,0.377595
2,132.339,7.5,0.373855
2,132.339,10,0.363684
2,132.339,12.5,0.347204
2,132.339,15,0.35096
2,132.339,17.5,0.33221
2,132.339,20,0.334357
2,132.339,22.5,0.301684
2,132.339,25,0.281936
2,132.339,27.5,0.30039
2,132.339,30,0.288592
2,132.339,32.5,0.289835
2,132.339,35,0.304084
2,132.339,37.5,0.305557
2,132.339,40,0.305258
2,132.339,42.5,0.306972
2,132.339,45,0.309999
2,132.339,47.5,0.310947
2,132.339,50,0.310237
2,132.339,52.5,0.312206
2,132.339,55,0.315654
2,132.339,57.5,0.315654
2,132.339,60,0.315654
2,132.339,62.5,0.315654
2,132.339,65,0.315654
2,132.339,67.5,0.315654
2,132.339,70,0.315654
2,132.339,72.5,0.315654
2,132.339,75,0.315654
2,132.339,77.5,0.315654
2,132.339,80,0.315654
2,132.339,82.5,0.315654
2,132.339,85,0.315654
2,132.339,87.5,0.315654
2,132.339,90,0.315654
2,132.339,92.5,0.315654
2,132.339,95,0.315654
2,132.339,97.5,0.315654
2,132.339,100,0.315654
2,132.339,102.5,0.315654
2,132.339,105,0.315654
2,132.339,107.5,0.315654
2,132.339,110,0.315654
2,150,0,0.372853
2,150,2.5,0.371318
2,150,5,0.377595
2,150,7.5,0.373855
2,150,10,0.363684
2,150,12.5,0.347204
2,150,15,0.35096
2,150,17.5,0.33221
2,150,20,0.334357
2,150,22.5,0.301684
2,150,25,0.281936
2,150,27.5,0.30039
2,150,30,0.288592
2,150,32.5,0.289835
2,150,35,0.304084
2,150,37.5,0.305557
2,150,40,0.305258
2,150,42.5,0.306972
2,150,45,0.309999
2,150,47.5,0.310947
2,150,50,0.310237
2,150,52.5,0.312206
2,150,55,0.315654
2,150,57.5,0.315654
2,150,60,0.315654
2,150,62.5,0.315654
2,150,65,0.315654
2,150,67.5,0.315654
2,150,70,0.315654
2,150,72.5,0.315654
2,150,75,0.315654
2,150,77.5,0.315654
2,150,80,0.315654
2,150,82.5,0.315654
2,150,85,0.315654
2,150,87.5,0.315654
2,150,90,0.315654
2,150,92.5,0.315654
2,150,95,0.315654
2,150,97.5,0.315654
2,150,100,0.315654
2,150,102.5,0.315654
2,150,105,0.315654
2,150,107.5,0.315654
2,150,110,0.315654
3,1,0,0.103573
3,1,2.5,0.103573
3,1,5,0.103573
3,1,7.5,0.103573
3,1,10,0.103573
3,1,12.5,0.0828411
3,1,15,0.0903657
3,1,17.5,0.0792143
3,1,20,0.0781425
3,1,22.5,0.0731034
3,1,25,0.0784121
3,1,27.5,0.0744439
3,1,30,0.0732237
3,1,32.5,0.0866204
3,1,35,0.0766965
3,1,37.5,0.0766359
3,1,40,0.0908281
3,1,42.5,0.0825207
3,1,45,0.0746533
3,1,47.5,0.0890379
3,1,50,0.0840587
3,1,52.5,0.0743485
3,1,55,0.079625
3,1,57.5,0.0842482
3,1,60,0.0914129
3,1,62.5,0.0913641
3,1,65,0.0749337
3,1,67.5,0.0742521
3,1,70,0.0730015
3,1,72.5,0.0725696
3,1,75,0.072358
3,1,77.5,0.072204
3,1,80,0.0703692
3,1,82.5,0.0719707
3,1,85,0.0723411
3,1,87.5,0.0725487
3,1,90,0.0725487
3,1,92.5,0.0725487
3,1,95,0.0725487
3,1,97.5,0.0727054
3,1,100,0.0782538
3,1,102.5,0.0784057
3,1,105,0.0793246
3,1,107.5,0.0834222
3,1,110,0.083646
3,1.1334,0,0.0607624
3,1.1334,2.5,0.0607624
3,1.1334,5,0.0607624
3,1.1334,7.5,0.0607624
3,1.1334,10,0.0605606
3,1.1334,12.5,0.0485766
3,1.1334,15,0.0438821
3,1.1334,17.5,0.0448244
3,1.1334,20,0.0429445
3,1.1334,22.5,0.0421314
3,1.1334,25,0.0406017
3,1.1334,27.5,0.0407029
3,1.1334,30,0.0391308
3,1.1334,32.5,0.0426638
3,1.1334,35,0.0457127
3,1.1334,37.5,0.0447464
3,1.1334,40,0.0396473
3,1.1334,42.5,0.0350491
3,1.1334,45,0.041985
3,1.1334,47.5,0.0379215
3,1.1334,50,0.041105
3,1.1334,52.5,0.0420375
3,1.1334,55,0.0399824
3,1.1334,57.5,0.0403262
3,1.1334,60,0.0406224
3,1.1334,62.5,0.036783
3,1.1334,65,0.0416084
3,1.1334,67.5,0.04299
3,1.1334,70,0.0469946
3,1.1334,72.5,0.0427002
3,1.1334,75,0.0375101
3,1.1334,77.5,0.0376763
3,1.1334,80,0.0384273
3,1.1334,82.5,0.0406485
3,1.1334,85,0.0425528
3,1.1334,87.5,0.0429688
3,1.1334,90,0.0424145
3,1.1334,92.5,0.0428526
3,1.1334,95,0.0424393
3,1.1334,97.5,0.042078
3,1.1334,100,0.0419433
3,1.1334,102.5,0.0423681
3,1.1334,105,0.0423335
3,1.1334,107.5,0.0422844
3,1.1334,110,0.0423153
3,1.2847,0,0.0603057
3,1.2847,2.5,0.0603057
3,1.2847,5,0.0603057
3,1.2847,7.5,0.0603057
3,1.2847,10,0.0601039
3,1.2847,12.5,0.049408
3,1.2847,15,0.0408295
3,1.2847,17.5,0.0440293
3,1.2847,20,0.0418791
3,1.2847,22.5,0.0432621
3,1.2847,25,0.0381795
3,1.2847,27.5,0.0405654
3,1.2847,30,0.0393252
3,1.2847,32.5,0.0386969
3,1.2847,35,0.0443415
3,1.2847,37.5,0.0431974
3,1.2847,40,0.0382764
3,1.2847,42.5,0.0350449
3,1.2847,45,0.0434361
3,1.2847,47.5,0.0353215
3,1.2847,50,0.0406822
3,1.2847,52.5,0.0420635
3,1.2847,55,0.0391947
3,1.2847,57.5,0.0400083
3,1.2847,60,0.0406219
3,1.2847,62.5,0.0340776
3,1.2847,65,0.039025
3,1.2847,67.5,0.0407355
3,1.2847,70,0.044413
3,1.2847,72.5,0.0399269
3,1.2847,75,0.0339194
3,1.2847,77.5,0.0342331
3,1.2847,80,0.0351407
3,1.2847,82.5,0.0376524
3,1.2847,85,0.0397802
3,1.2847,87.5,0.0403502
3,1.2847,90,0.0397506
3,1.2847,92.5,0.0401458
3,1.2847,95,0.0397378
3,1.2847,97.5,0.0393765
3,1.2847,100,0.0390948
3,1.2847,102.5,0.0394776
3,1.2847,105,0.0394643
3,1.2847,107.5,0.039361
3,1.2847,110,0.0394132
3,1.4562,0,0.084313
3,1.4562,2.5,0.084313
3,1.4562,5,0.084313
3,1.4562,7.5,0.084313
3,1.4562,10,0.084313
3,1.4562,12.5,0.0806394
3,1.4562,15,0.083129
3,1.4562,17.5,0.0655481
3,1.4562,20,0.0755364
3,1.4562,22.5,0.0701288
3,1.4562,25,0.0665606
3,1.4562,27.5,0.0687445
3,1.4562,30,0.0654671
3,1.4562,32.5,0.0669554
3,1.4562,35,0.0641231
3,1.4562,37.5,0.0709481
3,1.4562,40,0.0704915
3,1.4562,42.5,0.067551
3,1.4562,45,0.0637196
3,1.4562,47.5,0.080097
3,1.4562,50,0.0712232
3,1.4562,52.5,0.0565854
3,1.4562,55,0.0706823
3,1.4562,57.5,0.0716122
3,1.4562,60,0.0726363
3,1.4562,62.5,0.0703146
3,1.4562,65,0.0696805
3,1.4562,67.5,0.0669338
3,1.4562,70,0.0616462
3,1.4562,72.5,0.0611628
3,1.4562,75,0.0609611
3,1.4562,77.5,0.062982
3,1.4562,80,0.0646019
3,1.4562,82.5,0.065099
3,1.4562,85,0.0654788
3,1.4562,87.5,0.0659407
3,1.4562,90,0.0660186
3,1.4562,92.5,0.06605
3,1.4562,95,0.0661651
3,1.4562,97.5,0.0673204
3,1.4562,100,0.0737271
3,1.4562,102.5,0.0738234
3,1.4562,105,0.0740401
3,1.4562,107.5,0.0741312
3,1.4562,110,0.0741312
3,1.6505,0,0.0595078
3,1.6505,2.5,0.0595078
3,1.6505,5,0.0595078
3,1.6505,7.5,0.0595078
3,1.6505,10,0.0595078
3,1.6505,12.5,0.0469309
3,1.6505,15,0.0427966
3,1.6505,17.5,0.0451716
3,1.6505,20,0.0398984
3,1.6505,22.5,0.0395793
3,1.6505,25,0.0404538
3,1.6505,27.5,0.0489971
3,1.6505,30,0.0397826
3,1.6505,32.5,0.0377986
3,1.6505,35,0.0498609
3,1.6505,37.5,0.0410294
3,1.6505,40,0.0325741
3,1.6505,42.5,0.0362285
3,1.6505,45,0.0558337
3,1.6505,47.5,0.0426151
3,1.6505,50,0.0402078
3,1.6505,52.5,0.0350116
3,1.6505,55,0.0372524
3,1.6505,57.5,0.0473225
3,1.6505,60,0.0474845
3,1.6505,62.5,0.0395551
3,1.6505,65,0.0397579
3,1.6505,67.5,0.039453
3,1.6505,70,0.0405787
3,1.6505,72.5,0.0394821
3,1.6505,75,0.0401762
3,1.6505,77.5,0.0408496
3,1.6505,80,0.0468564
3,1.6505,82.5,0.0478379
3,1.6505,85,0.0497732
3,1.6505,87.5,0.0496557
3,1.6505,90,0.0489386
3,1.6505,92.5,0.0486952
3,1.6505,95,0.0458553
3,1.6505,97.5,0.044531
3,1.6505,100,0.0434803
3,1.6505,102.5,0.0434604
3,1.6505,105,0.0434648
3,1.6505,107.5,0.043332
3,1.6505,110,0.043338
3,1.8707,0,0.0586905
3,1.8707,2.5,0.0586905
3,1.8707,5,0.0586905
3,1.8707,7.5,0.0586905
3,1.8707,10,0.0586905
3,1.8707,12.5,0.0446943
3,1.8707,15,0.0438616
3,1.8707,17.5,0.0435773
3,1.8707,20,0.0385288
3,1.8707,22.5,0.0406668
3,1.8707,25,0.0403411
3,1.8707,27.5,0.0491126
3,1.8707,30,0.0414163
3,1.8707,32.5,0.0371094
3,1.8707,35,0.0510429
3,1.8707,37.5,0.0428607
3,1.8707,40,0.0322974
3,1.8707,42.5,0.0353462
3,1.8707,45,0.0545186
3,1.8707,47.5,0.0426536
3,1.8707,50,0.0395828
3,1.8707,52.5,0.0378306
3,1.8707,55,0.0408675
3,1.8707,57.5,0.0491906
3,1.8707,60,0.0487237
3,1.8707,62.5,0.0400999
3,1.8707,65,0.0412735
3,1.8707,67.5,0.0409271
3,1.8707,70,0.0420863
3,1.8707,72.5,0.0407589
3,1.8707,75,0.0413553
3,1.8707,77.5,0.0420405
3,1.8707,80,0.0484711
3,1.8707,82.5,0.0495045
3,1.8707,85,0.0513358
3,1.8707,87.5,0.0514047
3,1.8707,90,0.0507811
3,1.8707,92.5,0.0504994
3,1.8707,95,0.0477229
3,1.8707,97.5,0.0464263
3,1.8707,100,0.0453502
3,1.8707,102.5,0.0453303
3,1.8707,105,0.0453347
3,1.8707,107.5,0.0452019
3,1.8707,110,0.0452079
3,2.1204,0,0.0540956
3,2.1204,2.5,0.0540956
3,2.1204,5,0.0540956
3,2.1204,7.5,0.0540956
3,2.1204,10,0.0540956
3,2.1204,12.5,0.047756
3,2.1204,15,0.0428307
3,2.1204,17.5,0.042249
3,2.1204,20,0.0410641
3,2.1204,22.5,0.0468951
3,2.1204,25,0.0406871
3,2.1204,27.5,0.0452863
3,2.1204,30,0.0395095
3,2.1204,32.5,0.0371766
3,2.1204,35,0.0395918
3,2.1204,37.5,0.0387702
3,2.1204,40,0.0427824
3,2.1204,42.5,0.0386901
3,2.1204,45,0.0493463
3,2.1204,47.5,0.0477288
3,2.1204,50,0.0423134
3,2.1204,52.5,0.0361424
3,2.1204,55,0.0454417
3,2.1204,57.5,0.0477174
3,2.1204,60,0.0480465
3,2.1204,62.5,0.041594
3,2.1204,65,0.042571
3,2.1204,67.5,0.0429492
3,2.1204,70,0.0445144
3,2.1204,72.5,0.0441928
3,2.1204,75,0.0436399
3,2.1204,77.5,0.0438301
3,2.1204,80,0.0445776
3,2.1204,82.5,0.0451235
3,2.1204,85,0.0451318
3,2.1204,87.5,0.0466672
3,2.1204,90,0.0464085
3,2.1204,92.5,0.0469852
3,2.1204,95,0.0467194
3,2.1204,97.5,0.046581
3,2.1204,100,0.046581
3,2.1204,102.5,0.046581
3,2.1204,105,0.046581
3,2.1204,107.5,0.046581
3,2.1204,110,0.046581
3,2.4033,0,0.0538303
3,2.4033,2.5,0.0538303
3,2.4033,5,0.0538303
3,2.4033,7.5,0.0538303
3,2.4033,10,0.0538303
3,2.4033,12.5,0.0514361
3,2.4033,15,0.0435518
3,2.4033,17.5,0.0388288
3,2.4033,20,0.039408
3,2.4033,22.5,0.0452234
3,2.4033,25,0.0393523
3,2.4033,27.5,0.0441725
3,2.4033,30,0.0411845
3,2.4033,32.5,0.038502
3,2.4033,35,0.0415809
3,2.4033,37.5,0.0422893
3,2.4033,40,0.0453911
3,2.4033,42.5,0.0411596
3,2.4033,45,0.0489781
3,2.4033,47.5,0.045455
3,2.4033,50,0.0407542
3,2.4033,52.5,0.0364506
3,2.4033,55,0.0448637
3,2.4033,57.5,0.0476011
3,2.4033,60,0.0474881
3,2.4033,62.5,0.0407002
3,2.4033,65,0.0417727
3,2.4033,67.5,0.0421969
3,2.4033,70,0.0433248
3,2.4033,72.5,0.042821
3,2.4033,75,0.0420509
3,2.4033,77.5,0.0419426
3,2.4033,80,0.0424702
3,2.4033,82.5,0.0430494
3,2.4033,85,0.0431049
3,2.4033,87.5,0.0445864
3,2.4033,90,0.0443443
3,2.4033,92.5,0.0449087
3,2.4033,95,0.0446275
3,2.4033,97.5,0.044489
3,2.4033,100,0.044489
3,2.4033,102.5,0.044489
3,2.4033,105,0.044489
3,2.4033,107.5,0.044489
3,2.4033,110,0.044489
3,2.7241,0,0.0572906
3,2.7241,2.5,0.0572906
3,2.7241,5,0.0572906
3,2.7241,7.5,0.0572906
3,2.7241,10,0.0572906
3,2.7241,12.5,0.0470393
3,2.7241,15,0.0459416
3,2.7241,17.5,0.0436679
3,2.7241,20,0.0456622
3,2.7241,22.5,0.0412532
3,2.7241,25,0.0474354
3,2.7241,27.5,0.0485605
3,2.7241,30,0.0550644
3,2.7241,32.5,0.0415853
3,2.7241,35,0.0385001
3,2.7241,37.5,0.0458312
3,2.7241,40,0.0396082
3,2.7241,42.5,0.0481107
3,2.7241,45,0.0470767
3,2.7241,47.5,0.0490577
3,2.7241,50,0.0495172
3,2.7241,52.5,0.0463053
3,2.7241,55,0.0473577
3,2.7241,57.5,0.0475053
3,2.7241,60,0.0470656
3,2.7241,62.5,0.0431826
3,2.7241,65,0.0418681
3,2.7241,67.5,0.0405574
3,2.7241,70,0.040386
3,2.7241,72.5,0.0402923
3,2.7241,75,0.0399983
3,2.7241,77.5,0.0402405
3,2.7241,80,0.0412662
3,2.7241,82.5,0.042447
3,2.7241,85,0.0461734
3,2.7241,87.5,0.0468526
3,2.7241,90,0.0468526
3,2.7241,92.5,0.0468526
3,2.7241,95,0.0468526
3,2.7241,97.5,0.0468526
3,2.7241,100,0.0468526
3,2.7241,102.5,0.0468526
3,2.7241,105,0.0468526
3,2.7241,107.5,0.0468526
3,2.7241,110,0.0468526
3,3.0876,0,0.0685212
3,3.0876,2.5,0.0685212
3,3.0876,5,0.0685212
3,3.0876,7.5,0.0685212
3,3.0876,10,0.0685212
3,3.0876,12.5,0.0543962
3,3.0876,15,0.0461915
3,3.0876,17.5,0.0468857
3,3.0876,20,0.0523862
3,3.0876,22.5,0.038433
3,3.0876,25,0.0455918
3,3.0876,27.5,0.0477946
3,3.0876,30,0.04738
3,3.0876,32.5,0.0436701
3,3.0876,35,0.0508788
3,3.0876,37.5,0.053478
3,3.0876,40,0.0481672
3,3.0876,42.5,0.0553544
3,3.0876,45,0.0532523
3,3.0876,47.5,0.0512435
3,3.0876,50,0.0494411
3,3.0876,52.5,0.0471229
3,3.0876,55,0.0469024
3,3.0876,57.5,0.0460752
3,3.0876,60,0.0469187
3,3.0876,62.5,0.0486262
3,3.0876,65,0.0485527
3,3.0876,67.5,0.0490672
3,3.0876,70,0.0494855
3,3.0876,72.5,0.0491431
3,3.0876,75,0.051427
3,3.0876,77.5,0.0522826
3,3.0876,80,0.0525318
3,3.0876,82.5,0.0525318
3,3.0876,85,0.0525318
3,3.0876,87.5,0.0525318
3,3.0876,90,0.0525318
3,3.0876,92.5,0.0525318
3,3.0876,95,0.0525318
3,3.0876,97.5,0.0525318
3,3.0876,100,0.0525318
3,3.0876,102.5,0.0525318
3,3.0876,105,0.0525318
3,3.0876,107.5,0.0525318
3,3.0876,110,0.0525318
3,3.4996,0,0.0842475
3,3.4996,2.5,0.0842475
3,3.4996,5,0.0842475
3,3.4996,7.5,0.0842475
3,3.4996,10,0.0818776
3,3.4996,12.5,0.0817382
3,3.4996,15,0.0847766
3,3.4996,17.5,0.0702843
3,3.4996,20,0.0677333
3,3.4996,22.5,0.068413
3,3.4996,25,0.0743703
3,3.4996,27.5,0.0776256
3,3.4996,30,0.0655161
3,3.4996,32.5,0.0831135
3,3.4996,35,0.0634304
3,3.4996,37.5,0.0640349
3,3.4996,40,0.0701121
3,3.4996,42.5,0.0793987
3,3.4996,45,0.0839832
3,3.4996,47.5,0.0819904
3,3.4996,50,0.0799897
3,3.4996,52.5,0.0798629
3,3.4996,55,0.0841902
3,3.4996,57.5,0.0837458
3,3.4996,60,0.0826366
3,3.4996,62.5,0.0782211
3,3.4996,65,0.0782211
3,3.4996,67.5,0.0782211
3,3.4996,70,0.0782211
3,3.4996,72.5,0.0782211
3,3.4996,75,0.0782211
3,3.4996,77.5,0.0782211
3,3.4996,80,0.0782211
3,3.4996,82.5,0.0782211
3,3.4996,85,0.0782211
3,3.4996,87.5,0.0782211
3,3.4996,90,0.0782211
3,3.4996,92.5,0.0782211
3,3.4996,95,0.0782211
3,3.4996,97.5,0.0782211
3,3.4996,100,0.0782211
3,3.4996,102.5,0.0782211
3,3.4996,105,0.0782211
3,3.4996,107.5,0.0782211
3,3.4996,110,0.0782211
3,3.9667,0,0.103313
3,3.9667,2.5,0.103313
3,3.9667,5,0.103313
3,3.9667,7.5,0.103313
3,3.9667,10,0.0974107
3,3.9667,12.5,0.0976765
3,3.9667,15,0.0821903
3,3.9667,17.5,0.092592
3,3.9667,20,0.0824995
3,3.9667,22.5,0.0670321
3,3.9667,25,0.0774875
3,3.9667,27.5,0.077591
3,3.9667,30,0.0780147
3,3.9667,32.5,0.0787563
3,3.9667,35,0.0817626
3,3.9667,37.5,0.0849032
3,3.9667,40,0.0882407
3,3.9667,42.5,0.0874097
3,3.9667,45,0.0878313
3,3.9667,47.5,0.0825665
3,3.9667,50,0.0820392
3,3.9667,52.5,0.0834947
3,3.9667,55,0.081288
3,3.9667,57.5,0.0813337
3,3.9667,60,0.0813081
3,3.9667,62.5,0.0813081
3,3.9667,65,0.0813081
3,3.9667,67.5,0.0813081
3,3.9667,70,0.0813081
3,3.9667,72.5,0.0813081
3,3.9667,75,0.0813081
3,3.9667,77.5,0.0813081
3,3.9667,80,0.0813081
3,3.9667,82.5,0.0813081
3,3.9667,85,0.0813081
3,3.9667,87.5,0.0813081
3,3.9667,90,0.0813081
3,3.9667,92.5,0.0813081
3,3.9667,95,0.0813081
3,3.9667,97.5,0.0813081
3,3.9667,100,0.0813081
3,3.9667,102.5,0.0813081
3,3.9667,105,0.0813081
3,3.9667,107.5,0.0813081
3,3.9667,110,0.0813081
3,4.496,0,0.0977609
3,4.496,2.5,0.0977609
3,4.496,5,0.0977609
3,4.496,7.5,0.0977609
3,4.496,10,0.0910499
3,4.496,12.5,0.0910642
3,4.496,15,0.0877252
3,4.496,17.5,0.101054
3,4.496,20,0.0859682
3,4.496,22.5,0.0872643
3,4.496,25,0.0870798
3,4.496,27.5,0.089466
3,4.496,30,0.0816284
3,4.496,32.5,0.0866608
3,4.496,35,0.0890758
3,4.496,37.5,0.0967489
3,4.496,40,0.09904
3,4.496,42.5,0.0990451
3,4.496,45,0.0992871
3,4.496,47.5,0.0949256
3,4.496,50,0.0914539
3,4.496,52.5,0.0906351
3,4.496,55,0.0906351
3,4.496,57.5,0.0906351
3,4.496,60,0.0906351
3,4.496,62.5,0.0906351
3,4.496,65,0.0906351
3,4.496,67.5,0.0906351
3,4.496,70,0.0906351
3,4.496,72.5,0.0906351
3,4.496,75,0.0906351
3,4.496,77.5,0.0906351
3,4.496,80,0.0906351
3,4.496,82.5,0.0906351
3,4.496,85,0.0906351
3,4.496,87.5,0.0906351
3,4.496,90,0.0906351
3,4.496,92.5,0.0906351
3,4.496,95,0.0906351
3,4.496,97.5,0.0906351
3,4.496,100,0.0906351
3,4.496,102.5,0.0906351
3,4.496,105,0.0906351
3,4.496,107.5,0.0906351
3,4.496,110,0.0906351
3,5.096,0,0.0870235
3,5.096,2.5,0.0870235
3,5.096,5,0.0870235
3,5.096,7.5,0.0870235
3,5.096,10,0.0771632
3,5.096,12.5,0.078147
3,5.096,15,0.0760276
3,5.096,17.5,0.0711476
3,5.096,20,0.0654595
3,5.096,22.5,0.0770361
3,5.096,25,0.0788517
3,5.096,27.5,0.0576861
3,5.096,30,0.0652152
3,5.096,32.5,0.0566853
3,5.096,35,0.0696166
3,5.096,37.5,0.0679369
3,5.096,40,0.0661402
3,5.096,42.5,0.0655463
3,5.096,45,0.0695229
3,5.096,47.5,0.0747606
3,5.096,50,0.0718079
3,5.096,52.5,0.0696273
3,5.096,55,0.0683374
3,5.096,57.5,0.066392
3,5.096,60,0.0650813
3,5.096,62.5,0.0646546
3,5.096,65,0.0648822
3,5.096,67.5,0.0660243
3,5.096,70,0.0690531
3,5.096,72.5,0.0712926
3,5.096,75,0.0728892
3,5.096,77.5,0.0733403
3,5.096,80,0.0738481
3,5.096,82.5,0.0744054
3,5.096,85,0.0744054
3,5.096,87.5,0.0745022
3,5.096,90,0.0745022
3,5.096,92.5,0.0745022
3,5.096,95,0.0745022
3,5.096,97.5,0.0745022
3,5.096,100,0.0745022
3,5.096,102.5,0.0745022
3,5.096,105,0.0745022
3,5.096,107.5,0.0745022
3,5.096,110,0.0745022
3,5.7761,0,0.0896238
3,5.7761,2.5,0.0896238
3,5.7761,5,0.0896238
3,5.7761,7.5,0.0892219
3,5.7761,10,0.0807314
3,5.7761,12.5,0.0803071
3,5.7761,15,0.0842557
3,5.7761,17.5,0.0737082
3,5.7761,20,0.0781814
3,5.7761,22.5,0.0774024
3,5.7761,25,0.0786238
3,5.7761,27.5,0.0643863
3,5.7761,30,0.0641664
3,5.7761,32.5,0.0608989
3,5.7761,35,0.0812426
3,5.7761,37.5,0.0778116
3,5.7761,40,0.0725553
3,5.7761,42.5,0.0723774
3,5.7761,45,0.074543
3,5.7761,47.5,0.078273
3,5.7761,50,0.0747464
3,5.7761,52.5,0.07215
3,5.7761,55,0.0706902
3,5.7761,57.5,0.0686661
3,5.7761,60,0.0666001
3,5.7761,62.5,0.0657913
3,5.7761,65,0.0662129
3,5.7761,67.5,0.0666157
3,5.7761,70,0.0699511
3,5.7761,72.5,0.0724093
3,5.7761,75,0.0739678
3,5.7761,77.5,0.0744002
3,5.7761,80,0.074908
3,5.7761,82.5,0.0756036
3,5.7761,85,0.0756036
3,5.7761,87.5,0.0757004
3,5.7761,90,0.0757004
3,5.7761,92.5,0.0757004
3,5.7761,95,0.0757004
3,5.7761,97.5,0.0757004
3,5.7761,100,0.0757004
3,5.7761,102.5,0.0760874
3,5.7761,105,0.0760874
3,5.7761,107.5,0.0764591
3,5.7761,110,0.0771192
3,6.5469,0,0.10093
3,6.5469,2.5,0.10093
3,6.5469,5,0.10093
3,6.5469,7.5,0.101968
3,6.5469,10,0.0984517
3,6.5469,12.5,0.0871188
3,6.5469,15,0.0931563
3,6.5469,17.5,0.0852707
3,6.5469,20,0.0829631
3,6.5469,22.5,0.0914475
3,6.5469,25,0.0685286
3,6.5469,27.5,0.0783891
3,6.5469,30,0.0873578
3,6.5469,32.5,0.0804003
3,6.5469,35,0.0886242
3,6.5469,37.5,0.0858574
3,6.5469,40,0.0808761
3,6.5469,42.5,0.0807367
3,6.5469,45,0.0838581
3,6.5469,47.5,0.0885416
3,6.5469,50,0.0869521
3,6.5469,52.5,0.0871297
3,6.5469,55,0.0875507
3,6.5469,57.5,0.0858377
3,6.5469,60,0.086298
3,6.5469,62.5,0.08362
3,6.5469,65,0.0817822
3,6.5469,67.5,0.0810024
3,6.5469,70,0.0806419
3,6.5469,72.5,0.0807174
3,6.5469,75,0.0808235
3,6.5469,77.5,0.0817
3,6.5469,80,0.0819135
3,6.5469,82.5,0.0823879
3,6.5469,85,0.0834281
3,6.5469,87.5,0.0837151
3,6.5469,90,0.0839543
3,6.5469,92.5,0.0839543
3,6.5469,95,0.0839543
3,6.5469,97.5,0.0855827
3,6.5469,100,0.0896254
3,6.5469,102.5,0.0931426
3,6.5469,105,0.102083
3,6.5469,107.5,0.105485
3,6.5469,110,0.108181
3,7.4206,0,0.10606
3,7.4206,2.5,0.10606
3,7.4206,5,0.10606
3,7.4206,7.5,0.108077
3,7.4206,10,0.100092
3,7.4206,12.5,0.0864692
3,7.4206,15,0.0873036
3,7.4206,17.5,0.0988239
3,7.4206,20,0.0878924
3,7.4206,22.5,0.0850874
3,7.4206,25,0.0885942
3,7.4206,27.5,0.0879997
3,7.4206,30,0.087557
3,7.4206,32.5,0.0839047
3,7.4206,35,0.0980859
3,7.4206,37.5,0.0843636
3,7.4206,40,0.0812141
3,7.4206,42.5,0.0832684
3,7.4206,45,0.0941205
3,7.4206,47.5,0.103073
3,7.4206,50,0.101639
3,7.4206,52.5,0.105118
3,7.4206,55,0.105693
3,7.4206,57.5,0.101023
3,7.4206,60,0.10154
3,7.4206,62.5,0.101212
3,7.4206,65,0.0974951
3,7.4206,67.5,0.0944812
3,7.4206,70,0.0932209
3,7.4206,72.5,0.091578
3,7.4206,75,0.0921391
3,7.4206,77.5,0.0942225
3,7.4206,80,0.0953491
3,7.4206,82.5,0.0960707
3,7.4206,85,0.0979842
3,7.4206,87.5,0.098316
3,7.4206,90,0.100093
3,7.4206,92.5,0.101159
3,7.4206,95,0.101962
3,7.4206,97.5,0.103996
3,7.4206,100,0.107301
3,7.4206,102.5,0.109987
3,7.4206,105,0.116716
3,7.4206,107.5,0.118969
3,7.4206,110,0.121036
3,8.4108,0,0.111432
3,8.4108,2.5,0.111432
3,8.4108,5,0.111432
3,8.4108,7.5,0.115452
3,8.4108,10,0.112212
3,8.4108,12.5,0.102062
3,8.4108,15,0.0965735
3,8.4108,17.5,0.0920467
3,8.4108,20,0.0962723
3,8.4108,22.5,0.0947632
3,8.4108,25,0.0901221
3,8.4108,27.5,0.0948372
3,8.4108,30,0.087996
3,8.4108,32.5,0.0866637
3,8.4108,35,0.0963226
3,8.4108,37.5,0.0836781
3,8.4108,40,0.0825213
3,8.4108,42.5,0.0844037
3,8.4108,45,0.095581
3,8.4108,47.5,0.106674
3,8.4108,50,0.105338
3,8.4108,52.5,0.109629
3,8.4108,55,0.109623
3,8.4108,57.5,0.105105
3,8.4108,60,0.105734
3,8.4108,62.5,0.105857
3,8.4108,65,0.101426
3,8.4108,67.5,0.0987667
3,8.4108,70,0.0972375
3,8.4108,72.5,0.0957028
3,8.4108,75,0.0962639
3,8.4108,77.5,0.0989293
3,8.4108,80,0.100296
3,8.4108,82.5,0.101585
3,8.4108,85,0.103772
3,8.4108,87.5,0.104248
3,8.4108,90,0.105929
3,8.4108,92.5,0.106926
3,8.4108,95,0.107524
3,8.4108,97.5,0.109353
3,8.4108,100,0.112279
3,8.4108,102.5,0.114901
3,8.4108,105,0.121087
3,8.4108,107.5,0.123277
3,8.4108,110,0.125233
3,9.5333,0,0.0931121
3,9.5333,2.5,0.0931121
3,9.5333,5,0.0931121
3,9.5333,7.5,0.0963454
3,9.5333,10,0.102305
3,9.5333,12.5,0.0944157
3,9.5333,15,0.0984925
3,9.5333,17.5,0.0872086
3,9.5333,20,0.0810682
3,9.5333,22.5,0.085108
3,9.5333,25,0.0835385
3,9.5333,27.5,0.0900499
3,9.5333,30,0.0825419
3,9.5333,32.5,0.0846841
3,9.5333,35,0.0862861
3,9.5333,37.5,0.0695748
3,9.5333,40,0.0727639
3,9.5333,42.5,0.0757745
3,9.5333,45,0.0853498
3,9.5333,47.5,0.0936815
3,9.5333,50,0.0927824
3,9.5333,52.5,0.0991829
3,9.5333,55,0.0996326
3,9.5333,57.5,0.0967821
3,9.5333,60,0.0983618
3,9.5333,62.5,0.0987224
3,9.5333,65,0.0936229
3,9.5333,67.5,0.0917078
3,9.5333,70,0.0899048
3,9.5333,72.5,0.088966
3,9.5333,75,0.0898609
3,9.5333,77.5,0.0928767
3,9.5333,80,0.0945835
3,9.5333,82.5,0.0961344
3,9.5333,85,0.0984546
3,9.5333,87.5,0.0994463
3,9.5333,90,0.101533
3,9.5333,92.5,0.102616
3,9.5333,95,0.1033
3,9.5333,97.5,0.105334
3,9.5333,100,0.108613
3,9.5333,102.5,0.111518
3,9.5333,105,0.118665
3,9.5333,107.5,0.120656
3,9.5333,110,0.122577
3,10.8055,0,0.078785
3,10.8055,2.5,0.078785
3,10.8055,5,0.078785
3,10.8055,7.5,0.0811502
3,10.8055,10,0.0965785
3,10.8055,12.5,0.0945505
3,10.8055,15,0.0910763
3,10.8055,17.5,0.0857307
3,10.8055,20,0.0902503
3,10.8055,22.5,0.094473
3,10.8055,25,0.0921869
3,10.8055,27.5,0.095015
3,10.8055,30,0.0949477
3,10.8055,32.5,0.0973841
3,10.8055,35,0.0929391
3,10.8055,37.5,0.080034
3,10.8055,40,0.0820045
3,10.8055,42.5,0.0818022
3,10.8055,45,0.0880712
3,10.8055,47.5,0.0923366
3,10.8055,50,0.0906944
3,10.8055,52.5,0.0951563
3,10.8055,55,0.0957549
3,10.8055,57.5,0.0933377
3,10.8055,60,0.0952532
3,10.8055,62.5,0.0958629
3,10.8055,65,0.0908873
3,10.8055,67.5,0.0896696
3,10.8055,70,0.0885082
3,10.8055,72.5,0.0878813
3,10.8055,75,0.0886155
3,10.8055,77.5,0.0913746
3,10.8055,80,0.093124
3,10.8055,82.5,0.0944772
3,10.8055,85,0.0965771
3,10.8055,87.5,0.0974479
3,10.8055,90,0.0993108
3,10.8055,92.5,0.100552
3,10.8055,95,0.101284
3,10.8055,97.5,0.10346
3,10.8055,100,0.106784
3,10.8055,102.5,0.109721
3,10.8055,105,0.117143
3,10.8055,107.5,0.119343
3,10.8055,110,0.121456
3,12.2474,0,0.10689
3,12.2474,2.5,0.10689
3,12.2474,5,0.10689
3,12.2474,7.5,0.107652
3,12.2474,10,0.115813
3,12.2474,12.5,0.120344
3,12.2474,15,0.123346
3,12.2474,17.5,0.10556
3,12.2474,20,0.10558
3,12.2474,22.5,0.0978573
3,12.2474,25,0.0981338
3,12.2474,27.5,0.10336
3,12.2474,30,0.107333
3,12.2474,32.5,0.102278
3,12.2474,35,0.103185
3,12.2474,37.5,0.103374
3,12.2474,40,0.112809
3,12.2474,42.5,0.114264
3,12.2474,45,0.116004
3,12.2474,47.5,0.115001
3,12.2474,50,0.114472
3,12.2474,52.5,0.114664
3,12.2474,55,0.114742
3,12.2474,57.5,0.114597
3,12.2474,60,0.115299
3,12.2474,62.5,0.115299
3,12.2474,65,0.114198
3,12.2474,67.5,0.11406
3,12.2474,70,0.113824
3,12.2474,72.5,0.113824
3,12.2474,75,0.114294
3,12.2474,77.5,0.114835
3,12.2474,80,0.115573
3,12.2474,82.5,0.116078
3,12.2474,85,0.116647
3,12.2474,87.5,0.116647
3,12.2474,90,0.117135
3,12.2474,92.5,0.117369
3,12.2474,95,0.117943
3,12.2474,97.5,0.118243
3,12.2474,100,0.118618
3,12.2474,102.5,0.118922
3,12.2474,105,0.12091
3,12.2474,107.5,0.12244
3,12.2474,110,0.123517
3,13.8819,0,0.143311
3,13.8819,2.5,0.143311
3,13.8819,5,0.143311
3,13.8819,7.5,0.143311
3,13.8819,10,0.147562
3,13.8819,12.5,0.148598
3,13.8819,15,0.140401
3,13.8819,17.5,0.137669
3,13.8819,20,0.140721
3,13.8819,22.5,0.137936
3,13.8819,25,0.133696
3,13.8819,27.5,0.133903
3,13.8819,30,0.137085
3,13.8819,32.5,0.135581
3,13.8819,35,0.136181
3,13.8819,37.5,0.140304
3,13.8819,40,0.145355
3,13.8819,42.5,0.146218
3,13.8819,45,0.146192
3,13.8819,47.5,0.146192
3,13.8819,50,0.146145
3,13.8819,52.5,0.146145
3,13.8819,55,0.146343
3,13.8819,57.5,0.146343
3,13.8819,60,0.146343
3,13.8819,62.5,0.146343
3,13.8819,65,0.146343
3,13.8819,67.5,0.146343
3,13.8819,70,0.146343
3,13.8819,72.5,0.146343
3,13.8819,75,0.146343
3,13.8819,77.5,0.146343
3,13.8819,80,0.146343
3,13.8819,82.5,0.146343
3,13.8819,85,0.146343
3,13.8819,87.5,0.146343
3,13.8819,90,0.146343
3,13.8819,92.5,0.146343
3,13.8819,95,0.146343
3,13.8819,97.5,0.146343
3,13.8819,100,0.146343
3,13.8819,102.5,0.146343
3,13.8819,105,0.146343
3,13.8819,107.5,0.146343
3,13.8819,110,0.146343
3,15.7344,0,0.183903
3,15.7344,2.5,0.183903
3,15.7344,5,0.183903
3,15.7344,7.5,0.184965
3,15.7344,10,0.191992
3,15.7344,12.5,0.182025
3,15.7344,15,0.168488
3,15.7344,17.5,0.163215
3,15.7344,20,0.155969
3,15.7344,22.5,0.13806
3,15.7344,25,0.137151
3,15.7344,27.5,0.151055
3,15.7344,30,0.153007
3,15.7344,32.5,0.153951
3,15.7344,35,0.156281
3,15.7344,37.5,0.156417
3,15.7344,40,0.153735
3,15.7344,42.5,0.153032
3,15.7344,45,0.154386
3,15.7344,47.5,0.154699
3,15.7344,50,0.154491
3,15.7344,52.5,0.154381
3,15.7344,55,0.154649
3,15.7344,57.5,0.154649
3,15.7344,60,0.154649
3,15.7344,62.5,0.154649
3,15.7344,65,0.154649
3,15.7344,67.5,0.154649
3,15.7344,70,0.154649
3,15.7344,72.5,0.154649
3,15.7344,75,0.154649
3,15.7344,77.5,0.154649
3,15.7344,80,0.154649
3,15.7344,82.5,0.154649
3,15.7344,85,0.154649
3,15.7344,87.5,0.154649
3,15.7344,90,0.154649
3,15.7344,92.5,0.154649
3,15.7344,95,0.154649
3,15.7344,97.5,0.154649
3,15.7344,100,0.154649
3,15.7344,102.5,0.154649
3,15.7344,105,0.154649
3,15.7344,107.5,0.154649
3,15.7344,110,0.154649
3,17.8342,0,0.191404
3,17.8342,2.5,0.191404
3,17.8342,5,0.191404
3,17.8342,7.5,0.193582
3,17.8342,10,0.205225
3,17.8342,12.5,0.197937
3,17.8342,15,0.163645
3,17.8342,17.5,0.154021
3,17.8342,20,0.145397
3,17.8342,22.5,0.13261
3,17.8342,25,0.136428
3,17.8342,27.5,0.159507
3,17.8342,30,0.160928
3,17.8342,32.5,0.161889
3,17.8342,35,0.16346
3,17.8342,37.5,0.163634
3,17.8342,40,0.161996
3,17.8342,42.5,0.160884
3,17.8342,45,0.16185
3,17.8342,47.5,0.161684
3,17.8342,50,0.161503
3,17.8342,52.5,0.161393
3,17.8342,55,0.161661
3,17.8342,57.5,0.161661
3,17.8342,60,0.161661
3,17.8342,62.5,0.161661
3,17.8342,65,0.161661
3,17.8342,67.5,0.161661
3,17.8342,70,0.161661
3,17.8342,72.5,0.161661
3,17.8342,75,0.161661
3,17.8342,77.5,0.161661
3,17.8342,80,0.161661
3,17.8342,82.5,0.161661
3,17.8342,85,0.161661
3,17.8342,87.5,0.161661
3,17.8342,90,0.161661
3,17.8342,92.5,0.161661
3,17.8342,95,0.161661
3,17.8342,97.5,0.161661
3,17.8342,100,0.161661
3,17.8342,102.5,0.161661
3,17.8342,105,0.161661
3,17.8342,107.5,0.161661
3,17.8342,110,0.161661
3,20.2141,0,0.189707
3,20.2141,2.5,0.189707
3,20.2141,5,0.189707
3,20.2141,7.5,0.19491
3,20.2141,10,0.207843
3,20.2141,12.5,0.223893
3,20.2141,15,0.208924
3,20.2141,17.5,0.1984
3,20.2141,20,0.18097
3,20.2141,22.5,0.179758
3,20.2141,25,0.183032
3,20.2141,27.5,0.18431
3,20.2141,30,0.181098
3,20.2141,32.5,0.180309
3,20.2141,35,0.180647
3,20.2141,37.5,0.18128
3,20.2141,40,0.182085
3,20.2141,42.5,0.181585
3,20.2141,45,0.181899
3,20.2141,47.5,0.181899
3,20.2141,50,0.181899
3,20.2141,52.5,0.181789
3,20.2141,55,0.182082
3,20.2141,57.5,0.182082
3,20.2141,60,0.182082
3,20.2141,62.5,0.182082
3,20.2141,65,0.182082
3,20.2141,67.5,0.182082
3,20.2141,70,0.182082
3,20.2141,72.5,0.182082
3,20.2141,75,0.182082
3,20.2141,77.5,0.182082
3,20.2141,80,0.182082
3,20.2141,82.5,0.182082
3,20.2141,85,0.182082
3,20.2141,87.5,0.182082
3,20.2141,90,0.182082
3,20.2141,92.5,0.182082
3,20.2141,95,0.182082
3,20.2141,97.5,0.182082
3,20.2141,100,0.182082
3,20.2141,102.5,0.182082
3,20.2141,105,0.182082
3,20.2141,107.5,0.182082
3,20.2141,110,0.182082
3,22.9117,0,0.197105
3,22.9117,2.5,0.197105
3,22.9117,5,0.197444
3,22.9117,7.5,0.20508
3,22.9117,10,0.221619
3,22.9117,12.5,0.236141
3,22.9117,15,0.22242
3,22.9117,17.5,0.211507
3,22.9117,20,0.205794
3,22.9117,22.5,0.208344
3,22.9117,25,0.215356
3,22.9117,27.5,0.212979
3,22.9117,30,0.209353
3,22.9117,32.5,0.209327
3,22.9117,35,0.209313
3,22.9117,37.5,0.209256
3,22.9117,40,0.209452
3,22.9117,42.5,0.208834
3,22.9117,45,0.208834
3,22.9117,47.5,0.208834
3,22.9117,50,0.208834
3,22.9117,52.5,0.208834
3,22.9117,55,0.208765
3,22.9117,57.5,0.208765
3,22.9117,60,0.208765
3,22.9117,62.5,0.208765
3,22.9117,65,0.208765
3,22.9117,67.5,0.208765
3,22.9117,70,0.208765
3,22.9117,72.5,0.208765
3,22.9117,75,0.208765
3,22.9117,77.5,0.208765
3,22.9117,80,0.208765
3,22.9117,82.5,0.208765
3,22.9117,85,0.208765
3,22.9117,87.5,0.208765
3,22.9117,90,0.208765
3,22.9117,92.5,0.208765
3,22.9117,95,0.208765
3,22.9117,97.5,0.208765
3,22.9117,100,0.208765
3,22.9117,102.5,0.208765
3,22.9117,105,0.208765
3,22.9117,107.5,0.208765
3,22.9117,110,0.208765
3,25.9692,0,0.197296
3,25.9692,2.5,0.197296
3,25.9692,5,0.199105
3,25.9692,7.5,0.209152
3,25.9692,10,0.227028
3,25.9692,12.5,0.242211
3,25.9692,15,0.237863
3,25.9692,17.5,0.22334
3,25.9692,20,0.218968
3,25.9692,22.5,0.221582
3,25.9692,25,0.22564
3,25.9692,27.5,0.223534
3,25.9692,30,0.218444
3,25.9692,32.5,0.21948
3,25.9692,35,0.220546
3,25.9692,37.5,0.220172
3,25.9692,40,0.220368
3,25.9692,42.5,0.220145
3,25.9692,45,0.220793
3,25.9692,47.5,0.220793
3,25.9692,50,0.220793
3,25.9692,52.5,0.220793
3,25.9692,55,0.220793
3,25.9692,57.5,0.220793
3,25.9692,60,0.220793
3,25.9692,62.5,0.220793
3,25.9692,65,0.220793
3,25.9692,67.5,0.220793
3,25.9692,70,0.220793
3,25.9692,72.5,0.220793
3,25.9692,75,0.220793
3,25.9692,77.5,0.220793
3,25.9692,80,0.220793
3,25.9692,82.5,0.220793
3,25.9692,85,0.220793
3,25.9692,87.5,0.220793
3,25.9692,90,0.220793
3,25.9692,92.5,0.220793
3,25.9692,95,0.220793
3,25.9692,97.5,0.220793
3,25.9692,100,0.220793
3,25.9692,102.5,0.220793
3,25.9692,105,0.220793
3,25.9692,107.5,0.220793
3,25.9692,110,0.220793
3,29.4348,0,0.240908
3,29.4348,2.5,0.240908
3,29.4348,5,0.244842
3,29.4348,7.5,0.250691
3,29.4348,10,0.260023
3,29.4348,12.5,0.265523
3,29.4348,15,0.265275
3,29.4348,17.5,0.24773
3,29.4348,20,0.244224
3,29.4348,22.5,0.245332
3,29.4348,25,0.246286
3,29.4348,27.5,0.252932
3,29.4348,30,0.252833
3,29.4348,32.5,0.25411
3,29.4348,35,0.255566
3,29.4348,37.5,0.254976
3,29.4348,40,0.254976
3,29.4348,42.5,0.254753
3,29.4348,45,0.25615
3,29.4348,47.5,0.25615
3,29.4348,50,0.25615
3,29.4348,52.5,0.25615
3,29.4348,55,0.25615
3,29.4348,57.5,0.25615
3,29.4348,60,0.25615
3,29.4348,62.5,0.25615
3,29.4348,65,0.25615
3,29.4348,67.5,0.25615
3,29.4348,70,0.25615
3,29.4348,72.5,0.25615
3,29.4348,75,0.25615
3,29.4348,77.5,0.25615
3,29.4348,80,0.25615
3,29.4348,82.5,0.25615
3,29.4348,85,0.25615
3,29.4348,87.5,0.25615
3,29.4348,90,0.25615
3,29.4348,92.5,0.25615
3,29.4348,95,0.25615
3,29.4348,97.5,0.25615
3,29.4348,100,0.25615
3,29.4348,102.5,0.25615
3,29.4348,105,0.25615
3,29.4348,107.5,0.25615
3,29.4348,110,0.25615
3,33.3629,0,0.261261
3,33.3629,2.5,0.260617
3,33.3629,5,0.267758
3,33.3629,7.5,0.272567
3,33.3629,10,0.273474
3,33.3629,12.5,0.276786
3,33.3629,15,0.277598
3,33.3629,17.5,0.25857
3,33.3629,20,0.256169
3,33.3629,22.5,0.255843
3,33.3629,25,0.255607
3,33.3629,27.5,0.262663
3,33.3629,30,0.263375
3,33.3629,32.5,0.264355
3,33.3629,35,0.2657
3,33.3629,37.5,0.265374
3,33.3629,40,0.265374
3,33.3629,42.5,0.265151
3,33.3629,45,0.266548
3,33.3629,47.5,0.266548
3,33.3629,50,0.266548
3,33.3629,52.5,0.266548
3,33.3629,55,0.266548
3,33.3629,57.5,0.266548
3,33.3629,60,0.266548
3,33.3629,62.5,0.266548
3,33.3629,65,0.266548
3,33.3629,67.5,0.266548
3,33.3629,70,0.266548
3,33.3629,72.5,0.266548
3,33.3629,75,0.266548
3,33.3629,77.5,0.266548
3,33.3629,80,0.266548
3,33.3629,82.5,0.266548
3,33.3629,85,0.266548
3,33.3629,87.5,0.266548
3,33.3629,90,0.266548
3,33.3629,92.5,0.266548
3,33.3629,95,0.266548
3,33.3629,97.5,0.266548
3,33.3629,100,0.266548
3,33.3629,102.5,0.266548
3,33.3629,105,0.266548
3,33.3629,107.5,0.266548
3,33.3629,110,0.266548
3,37.8152,0,0.298739
3,37.8152,2.5,0.295274
3,37.8152,5,0.303381
3,37.8152,7.5,0.307878
3,37.8152,10,0.299712
3,37.8152,12.5,0.298722
3,37.8152,15,0.296307
3,37.8152,17.5,0.279006
3,37.8152,20,0.277042
3,37.8152,22.5,0.274715
3,37.8152,25,0.271855
3,37.8152,27.5,0.2787
3,37.8152,30,0.279799
3,37.8152,32.5,0.280511
3,37.8152,35,0.281229
3,37.8152,37.5,0.281119
3,37.8152,40,0.281119
3,37.8152,42.5,0.281119
3,37.8152,45,0.281955
3,37.8152,47.5,0.281955
3,37.8152,50,0.281955
3,37.8152,52.5,0.281955
3,37.8152,55,0.281955
3,37.8152,57.5,0.281955
3,37.8152,60,0.281955
3,37.8152,62.5,0.281955
3,37.8152,65,0.281955
3,37.8152,67.5,0.281955
3,37.8152,70,0.281955
3,37.8152,72.5,0.281955
3,37.8152,75,0.281955
3,37.8152,77.5,0.281955
3,37.8152,80,0.281955
3,37.8152,82.5,0.281955
3,37.8152,85,0.281955
3,37.8152,87.5,0.281955
3,37.8152,90,0.281955
3,37.8152,92.5,0.281955
3,37.8152,95,0.281955
3,37.8152,97.5,0.281955
3,37.8152,100,0.281955
3,37.8152,102.5,0.281955
3,37.8152,105,0.281955
3,37.8152,107.5,0.281955
3,37.8152,110,0.281955
3,42.8616,0,0.323313
3,42.8616,2.5,0.318936
3,42.8616,5,0.325257
3,42.8616,7.5,0.326643
3,42.8616,10,0.316285
3,42.8616,12.5,0.31391
3,42.8616,15,0.309079
3,42.8616,17.5,0.293164
3,42.8616,20,0.291311
3,42.8616,22.5,0.289777
3,42.8616,25,0.286581
3,42.8616,27.5,0.292072
3,42.8616,30,0.293133
3,42.8616,32.5,0.293808
3,42.8616,35,0.294813
3,42.8616,37.5,0.294702
3,42.8616,40,0.294702
3,42.8616,42.5,0.294702
3,42.8616,45,0.295539
3,42.8616,47.5,0.295539
3,42.8616,50,0.295539
3,42.8616,52.5,0.295539
3,42.8616,55,0.295539
3,42.8616,57.5,0.295539
3,42.8616,60,0.295539
3,42.8616,62.5,0.295539
3,42.8616,65,0.295539
3,42.8616,67.5,0.295539
3,42.8616,70,0.295539
3,42.8616,72.5,0.295539
3,42.8616,75,0.295539
3,42.8616,77.5,0.295539
3,42.8616,80,0.295539
3,42.8616,82.5,0.295539
3,42.8616,85,0.295539
3,42.8616,87.5,0.295539
3,42.8616,90,0.295539
3,42.8616,92.5,0.295539
3,42.8616,95,0.295539
3,42.8616,97.5,0.295539
3,42.8616,100,0.295539
3,42.8616,102.5,0.295539
3,42.8616,105,0.295539
3,42.8616,107.5,0.295539
3,42.8616,110,0.295539
3,48.5815,0,0.360002
3,48.5815,2.5,0.357679
3,48.5815,5,0.359017
3,48.5815,7.5,0.356828
3,48.5815,10,0.34736
3,48.5815,12.5,0.346567
3,48.5815,15,0.342876
3,48.5815,17.5,0.325937
3,48.5815,20,0.324129
3,48.5815,22.5,0.320945
3,48.5815,25,0.318192
3,48.5815,27.5,0.319597
3,48.5815,30,0.320632
3,48.5815,32.5,0.321308
3,48.5815,35,0.322312
3,48.5815,37.5,0.322312
3,48.5815,40,0.322312
3,48.5815,42.5,0.322312
3,48.5815,45,0.323149
3,48.5815,47.5,0.323149
3,48.5815,50,0.323149
3,48.5815,52.5,0.323149
3,48.5815,55,0.323149
3,48.5815,57.5,0.323149
3,48.5815,60,0.323149
3,48.5815,62.5,0.323149
3,48.5815,65,0.323149
3,48.5815,67.5,0.323149
3,48.5815,70,0.323149
3,48.5815,72.5,0.323149
3,48.5815,75,0.323149
3,48.5815,77.5,0.323149
3,48.5815,80,0.323149
3,48.5815,82.5,0.323149
3,48.5815,85,0.323149
3,48.5815,87.5,0.323149
3,48.5815,90,0.323149
3,48.5815,92.5,0.323149
3,48.5815,95,0.323149
3,48.5815,97.5,0.323149
3,48.5815,100,0.323149
3,48.5815,102.5,0.323149
3,48.5815,105,0.323149
3,48.5815,107.5,0.323149
3,48.5815,110,0.323149
3,55.0647,0,0.381103
3,55.0647,2.5,0.376799
3,55.0647,5,0.378137
3,55.0647,7.5,0.375654
3,55.0647,10,0.36412
3,55.0647,12.5,0.364159
3,55.0647,15,0.361085
3,55.0647,17.5,0.342908
3,55.0647,20,0.341045
3,55.0647,22.5,0.339055
3,55.0647,25,0.336135
3,55.0647,27.5,0.339008
3,55.0647,30,0.339784
3,55.0647,32.5,0.340459
3,55.0647,35,0.341464
3,55.0647,37.5,0.341464
3,55.0647,40,0.341464
3,55.0647,42.5,0.341464
3,55.0647,45,0.342301
3,55.0647,47.5,0.342301
3,55.0647,50,0.342301
3,55.0647,52.5,0.342301
3,55.0647,55,0.342301
3,55.0647,57.5,0.342301
3,55.0647,60,0.342301
3,55.0647,62.5,0.342301
3,55.0647,65,0.342301
3,55.0647,67.5,0.342301
3,55.0647,70,0.342301
3,55.0647,72.5,0.342301
3,55.0647,75,0.342301
3,55.0647,77.5,0.342301
3,55.0647,80,0.342301
3,55.0647,82.5,0.342301
3,55.0647,85,0.342301
3,55.0647,87.5,0.342301
3,55.0647,90,0.342301
3,55.0647,92.5,0.342301
3,55.0647,95,0.342301
3,55.0647,97.5,0.342301
3,55.0647,100,0.342301
3,55.0647,102.5,0.342301
3,55.0647,105,0.342301
3,55.0647,107.5,0.342301
3,55.0647,110,0.342301
3,62.413,0,0.443977
3,62.413,2.5,0.439673
3,62.413,5,0.4328
3,62.413,7.5,0.42895
3,62.413,10,0.424224
3,62.413,12.5,0.420428
3,62.413,15,0.417324
3,62.413,17.5,0.407923
3,62.413,20,0.405601
3,62.413,22.5,0.403552
3,62.413,25,0.401047
3,62.413,27.5,0.402209
3,62.413,30,0.401943
3,62.413,32.5,0.401943
3,62.413,35,0.401943
3,62.413,37.5,0.401943
3,62.413,40,0.401943
3,62.413,42.5,0.401943
3,62.413,45,0.40278
3,62.413,47.5,0.40278
3,62.413,50,0.40278
3,62.413,52.5,0.40278
3,62.413,55,0.40278
3,62.413,57.5,0.40278
3,62.413,60,0.40278
3,62.413,62.5,0.40278
3,62.413,65,0.40278
3,62.413,67.5,0.40278
3,62.413,70,0.40278
3,62.413,72.5,0.40278
3,62.413,75,0.40278
3,62.413,77.5,0.40278
3,62.413,80,0.40278
3,62.413,82.5,0.40278
3,62.413,85,0.40278
3,62.413,87.5,0.40278
3,62.413,90,0.40278
3,62.413,92.5,0.40278
3,62.413,95,0.40278
3,62.413,97.5,0.40278
3,62.413,100,0.40278
3,62.413,102.5,0.40278
3,62.413,105,0.40278
3,62.413,107.5,0.40278
3,62.413,110,0.40278
3,70.742,0,0.444829
3,70.742,2.5,0.440525
3,70.742,5,0.433232
3,70.742,7.5,0.429671
3,70.742,10,0.424658
3,70.742,12.5,0.420862
3,70.742,15,0.417759
3,70.742,17.5,0.407923
3,70.742,20,0.405601
3,70.742,22.5,0.403552
3,70.742,25,0.401047
3,70.742,27.5,0.402209
3,70.742,30,0.401943
3,70.742,32.5,0.401943
3,70.742,35,0.401943
3,70.742,37.5,0.401943
3,70.742,40,0.401943
3,70.742,42.5,0.401943
3,70.742,45,0.40278
3,70.742,47.5,0.40278
3,70.742,50,0.40278
3,70.742,52.5,0.40278
3,70.742,55,0.40278
3,70.742,57.5,0.40278
3,70.742,60,0.40278
3,70.742,62.5,0.40278
3,70.742,65,0.40278
3,70.742,67.5,0.40278
3,70.742,70,0.40278
3,70.742,72.5,0.40278
3,70.742,75,0.40278
3,70.742,77.5,0.40278
3,70.742,80,0.40278
3,70.742,82.5,0.40278
3,70.742,85,0.40278
3,70.742,87.5,0.40278
3,70.742,90,0.40278
3,70.742,92.5,0.40278
3,70.742,95,0.40278
3,70.742,97.5,0.40278
3,70.742,100,0.40278
3,70.742,102.5,0.40278
3,70.742,105,0.40278
3,70.742,107.5,0.40278
3,70.742,110,0.40278
3,80.1825,0,0.444829
3,80.1825,2.5,0.440525
3,80.1825,5,0.433232
3,80.1825,7.5,0.429671
3,80.1825,10,0.424658
3,80.1825,12.5,0.420862
3,80.1825,15,0.417759
3,80.1825,17.5,0.407923
3,80.1825,20,0.405601
3,80.1825,22.5,0.403552
3,80.1825,25,0.401047
3,80.1825,27.5,0.402209
3,80.1825,30,0.401943
3,80.1825,32.5,0.401943
3,80.1825,35,0.401943
3,80.1825,37.5,0.401943
3,80.1825,40,0.401943
3,80.1825,42.5,0.401943
3,80.1825,45,0.40278
3,80.1825,47.5,0.40278
3,80.1825,50,0.40278
3,80.1825,52.5,0.40278
3,80.1825,55,0.40278
3,80.1825,57.5,0.40278
3,80.1825,60,0.40278
3,80.1825,62.5,0.40278
3,80.1825,65,0.40278
3,80.1825,67.5,0.40278
3,80.1825,70,0.40278
3,80.1825,72.5,0.40278
3,80.1825,75,0.40278
3,80.1825,77.5,0.40278
3,80.1825,80,0.40278
3,80.1825,82.5,0.40278
3,80.1825,85,0.40278
3,80.1825,87.5,0.40278
3,80.1825,90,0.40278
3,80.1825,92.5,0.40278
3,80.1825,95,0.40278
3,80.1825,97.5,0.40278
3,80.1825,100,0.40278
3,80.1825,102.5,0.40278
3,80.1825,105,0.40278
3,80.1825,107.5,0.40278
3,80.1825,110,0.40278
3,90.8829,0,0.444829
3,90.8829,2.5,0.440525
3,90.8829,5,0.433232
3,90.8829,7.5,0.429671
3,90.8829,10,0.424658
3,90.8829,12.5,0.420862
3,90.8829,15,0.417759
3,90.8829,17.5,0.407923
3,90.8829,20,0.405601
3,90.8829,22.5,0.403552
3,90.8829,25,0.401047
3,90.8829,27.5,0.402209
3,90.8829,30,0.401943
3,90.8829,32.5,0.401943
3,90.8829,35,0.401943
3,90.8829,37.5,0.401943
3,90.8829,40,0.401943
3,90.8829,42.5,0.401943
3,90.8829,45,0.40278
3,90.8829,47.5,0.40278
3,90.8829,50,0.40278
3,90.8829,52.5,0.40278
3,90.8829,55,0.40278
3,90.8829,57.5,0.40278
3,90.8829,60,0.40278
3,90.8829,62.5,0.40278
3,90.8829,65,0.40278
3,90.8829,67.5,0.40278
3,90.8829,70,0.40278
3,90.8829,72.5,0.40278
3,90.8829,75,0.40278
3,90.8829,77.5,0.40278
3,90.8829,80,0.40278
3,90.8829,82.5,0.40278
3,90.8829,85,0.40278
3,90.8829,87.5,0.40278
3,90.8829,90,0.40278
3,90.8829,92.5,0.40278
3,90.8829,95,0.40278
3,90.8829,97.5,0.40278
3,90.8829,100,0.40278
3,90.8829,102.5,0.40278
3,90.8829,105,0.40278
3,90.8829,107.5,0.40278
3,90.8829,110,0.40278
3,103.011,0,0.444829
3,103.011,2.5,0.440525
3,103.011,5,0.433232
3,103.011,7.5,0.429671
3,103.011,10,0.424658
3,103.011,12.5,0.420862
3,103.011,15,0.417759
3,103.011,17.5,0.407923
3,103.011,20,0.405601
3,103.011,22.5,0.403552
3,103.011,25,0.401047
3,103.011,27.5,0.402209
3,103.011,30,0.401943
3,103.011,32.5,0.401943
3,103.011,35,0.401943
3,103.011,37.5,0.401943
3,103.011,40,0.401943
3,103.011,42.5,0.401943
3,103.011,45,0.40278
3,103.011,47.5,0.40278
3,103.011,50,0.40278
3,103.011,52.5,0.40278
3,103.011,55,0.40278
3,103.011,57.5,0.40278
3,103.011,60,0.40278
3,103.011,62.5,0.40278
3,103.011,65,0.40278
3,103.011,67.5,0.40278
3,103.011,70,0.40278
3,103.011,72.5,0.40278
3,103.011,75,0.40278
3,103.011,77.5,0.40278
3,103.011,80,0.40278
3,103.011,82.5,0.40278
3,103.011,85,0.40278
3,103.011,87.5,0.40278
3,103.011,90,0.40278
3,103.011,92.5,0.40278
3,103.011,95,0.40278
3,103.011,97.5,0.40278
3,103.011,100,0.40278
3,103.011,102.5,0.40278
3,103.011,105,0.40278
3,103.011,107.5,0.40278
3,103.011,110,0.40278
3,116.758,0,0.444829
3,116.758,2.5,0.440525
3,116.758,5,0.433232
3,116.758,7.5,0.429671
3,116.758,10,0.424658
3,116.758,12.5,0.420862
3,116.758,15,0.417759
3,116.758,17.5,0.407923
3,116.758,20,0.405601
3,116.758,22.5,0.403552
3,116.758,25,0.401047
3,116.758,27.5,0.402209
3,116.758,30,0.401943
3,116.758,32.5,0.401943
3,116.758,35,0.401943
3,116.758,37.5,0.401943
3,116.758,40,0.401943
3,116.758,42.5,0.401943
3,116.758,45,0.40278
3,116.758,47.5,0.40278
3,116.758,50,0.40278
3,116.758,52.5,0.40278
3,116.758,55,0.40278
3,116.758,57.5,0.40278
3,116.758,60,0.40278
3,116.758,62.5,0.40278
3,116.758,65,0.40278
3,116.758,67.5,0.40278
3,116.758,70,0.40278
3,116.758,72.5,0.40278
3,116.758,75,0.40278
3,116.758,77.5,0.40278
3,116.758,80,0.40278
3,116.758,82.5,0.40278
3,116.758,85,0.40278
3,116.758,87.5,0.40278
3,116.758,90,0.40278
3,116.758,92.5,0.40278
3,116.758,95,0.40278
3,116.758,97.5,0.40278
3,116.758,100,0.40278
3,116.758,102.5,0.40278
3,116.758,105,0.40278
3,116.758,107.5,0.40278
3,116.758,110,0.40278
3,132.339,0,0.444829
3,132.339,2.5,0.440525
3,132.339,5,0.433232
3,132.339,7.5,0.429671
3,132.339,10,0.424658
3,132.339,12.5,0.420862
3,132.339,15,0.417759
3,132.339,17.5,0.407923
3,132.339,20,0.405601
3,132.339,22.5,0.403552
3,132.339,25,0.401047
3,132.339,27.5,0.402209
3,132.339,30,0.401943
3,132.339,32.5,0.401943
3,132.339,35,0.401943
3,132.339,37.5,0.401943
3,132.339,40,0.401943
3,132.339,42.5,0.401943
3,132.339,45,0.40278
3,132.339,47.5,0.40278
3,132.339,50,0.40278
3,132.339,52.5,0.40278
3,132.339,55,0.40278
3,132.339,57.5,0.40278
3,132.339,60,0.40278
3,132.339,62.5,0.40278
3,132.339,65,0.40278
3,132.339,67.5,0.40278
3,132.339,70,0.40278
3,132.339,72.5,0.40278
3,132.339,75,0.40278
3,132.339,77.5,0.40278
3,132.339,80,0.40278
3,132.339,82.5,0.40278
3,132.339,85,0.40278
3,132.339,87.5,0.40278
3,132.339,90,0.40278
3,132.339,92.5,0.40278
3,132.339,95,0.40278
3,132.339,97.5,0.40278
3,132.339,100,0.40278
3,132.339,102.5,0.40278
3,132.339,105,0.40278
3,132.339,107.5,0.40278
3,132.339,110,0.40278
3,150,0,0.444829
3,150,2.5,0.440525
3,150,5,0.433232
3,150,7.5,0.429671
3,150,10,0.424658
3,150,12.5,0.420862
3,150,15,0.417759
3,150,17.5,0.407923
3,150,20,0.405601
3,150,22.5,0.403552
3,150,25,0.401047
3,150,27.5,0.402209
3,150,30,0.401943
3,150,32.5,0.401943
3,150,35,0.401943
3,150,37.5,0.401943
3,150,40,0.401943
3,150,42.5,0.401943
3,150,45,0.40278
3,150,47.5,0.40278
3,150,50,0.40278
3,150,52.5,0.40278
3,150,55,0.40278
3,150,57.5,0.40278
3,150,60,0.40278
3,150,62.5,0.40278
3,150,65,0.40278
3,150,67.5,0.40278
3,150,70,0.40278
3,150,72.5,0.40278
3,150,75,0.40278
3,150,77.5,0.40278
3,150,80,0.40278
3,150,82.5,0.40278
3,150,85,0.40278
3,150,87.5,0.40278
3,150,90,0.40278
3,150,92.5,0.40278
3,150,95,0.40278
3,150,97.5,0.40278
3,150,100,0.40278
3,150,102.5,0.40278
3,150,105,0.40278
3,150,107.5,0.40278
3,150,110,0.40278
