pft,dbh,growth,mortality
1,1,0,0.141966
1,1,0.01262,0.141966
1,1,0.02524,0.141966
1,1,0.03786,0.141966
1,1,0.05048,0.141966
1,1,0.0631,0.141966
1,1,0.07572,0.141966
1,1,0.08834,0.141966
1,1,0.10096,0.153272
1,1,0.11358,0.146648
1,1,0.1262,0.146583
1,1,0.13882,0.146678
1,1,0.15144,0.146678
1,1,0.16406,0.146678
1,1,0.17668,0.146678
1,1,0.18929,0.146678
1,1,0.20191,0.146678
1,1,0.21453,0.146678
1,1,0.22715,0.146678
1,1,0.23977,0.146678
1,1,0.25239,0.146678
1,1,0.26501,0.146678
1,1,0.27763,0.146678
1,1,0.29025,0.146678
1,1,0.30287,0.146678
1,1,0.31549,0.146678
1,1,0.32811,0.146678
1,1,0.34073,0.146678
1,1,0.35335,0.146678
1,1,0.36597,0.146678
1,1,0.37859,0.146678
1,1,0.39121,0.146678
1,1,0.40383,0.146678
1,1,0.41645,0.146678
1,1,0.42907,0.146678
1,1,0.44169,0.146678
1,1,0.45431,0.146678
1,1,0.46693,0.146678
1,1,0.47955,0.146678
1,1,0.49217,0.146678
1,1,0.50479,0.146678
1,1.1334,0,0.141728
1,1.1334,0.01262,0.141728
1,1.1334,0.02524,0.141728
1,1.1334,0.03786,0.141728
1,1.1334,0.05048,0.141728
1,1.1334,0.0631,0.141728
1,1.1334,0.07572,0.141728
1,1.1334,0.08834,0.141728
1,1.1334,0.10096,0.152928
1,1.1334,0.11358,0.146295
1,1.1334,0.1262,0.146302
1,1.1334,0.13882,0.146396
1,1.1334,0.15144,0.146396
1,1.1334,0.16406,0.146396
1,1.1334,0.17668,0.146396
1,1.1334,0.18929,0.146396
1,1.1334,0.20191,0.146396
1,1.1334,0.21453,0.146396
1,1.1334,0.22715,0.146396
1,1.1334,0.23977,0.146396
1,1.1334,0.25239,0.146396
1,1.1334,0.26501,0.146396
1,1.1334,0.27763,0.146396
1,1.1334,0.29025,0.146396
1,1.1334,0.30287,0.146396
1,1.1334,0.31549,0.146396
1,1.1334,0.32811,0.146396
1,1.1334,0.34073,0.146396
1,1.1334,0.35335,0.146396
1,1.1334,0.36597,0.146396
1,1.1334,0.37859,0.146396
1,1.1334,0.39121,0.146396
1,1.1334,0.40383,0.146396
1,1.1334,0.41645,0.146396
1,1.1334,0.42907,0.146396
1,1.1334,0.44169,0.146396
1,1.1334,0.45431,0.146396
1,1.1334,0.46693,0.146396
1,1.1334,0.47955,0.146396
1,1.1334,0.49217,0.146396
1,1.1334,0.50479,0.146396
1,1.2847,0,0.119952
1,1.2847,0.01262,0.119952
1,1.2847,0.02524,0.119952
1,1.2847,0.03786,0.119952
1,1.2847,0.05048,0.119952
1,1.2847,0.0631,0.119952
1,1.2847,0.07572,0.119952
1,1.2847,0.08834,0.119952
1,1.2847,0.10096,0.1233
1,1.2847,0.11358,0.122856
1,1.2847,0.1262,0.12298
1,1.2847,0.13882,0.12312
1,1.2847,0.15144,0.12312
1,1.2847,0.16406,0.12312
1,1.2847,0.17668,0.12312
1,1.2847,0.18929,0.12312
1,1.2847,0.20191,0.12312
1,1.2847,0.21453,0.12312
1,1.2847,0.22715,0.12312
1,1.2847,0.23977,0.12312
1,1.2847,0.25239,0.12312
1,1.2847,0.26501,0.12312
1,1.2847,0.27763,0.12312
1,1.2847,0.29025,0.12312
1,1.2847,0.30287,0.12312
1,1.2847,0.31549,0.12312
1,1.2847,0.32811,0.12312
1,1.2847,0.34073,0.12312
1,1.2847,0.35335,0.12312
1,1.2847,0.36597,0.12312
1,1.2847,0.37859,0.12312
1,1.2847,0.39121,0.12312
1,1.2847,0.40383,0.12312
1,1.2847,0.41645,0.12312
1,1.2847,0.42907,0.12312
1,1.2847,0.44169,0.12312
1,1.2847,0.45431,0.12312
1,1.2847,0.46693,0.12312
1,1.2847,0.47955,0.12312
1,1.2847,0.49217,0.12312
1,1.2847,0.50479,0.12312
1,1.4562,0,0.0821406
1,1.4562,0.01262,0.0821406
1,1.4562,0.02524,0.0821406
1,1.4562,0.03786,0.0821406
1,1.4562,0.05048,0.0821406
1,1.4562,0.0631,0.0821406
1,1.4562,0.07572,0.0821406
1,1.4562,0.08834,0.0821406
1,1.4562,0.10096,0.0821406
1,1.4562,0.11358,0.096173
1,1.4562,0.1262,0.0973573
1,1.4562,0.13882,0.0973573
1,1.4562,0.15144,0.0973573
1,1.4562,0.16406,0.0973573
1,1.4562,0.17668,0.0973573
1,1.4562,0.18929,0.0973573
1,1.4562,0.20191,0.0973573
1,1.4562,0.21453,0.0973573
1,1.4562,0.22715,0.0973573
1,1.4562,0.23977,0.0973573
1,1.4562,0.25239,0.0973573
1,1.4562,0.26501,0.0973573
1,1.4562,0.27763,0.0973573
1,1.4562,0.29025,0.0973573
1,1.4562,0.30287,0.0973573
1,1.4562,0.31549,0.0973573
1,1.4562,0.32811,0.0973573
1,1.4562,0.34073,0.0973573
1,1.4562,0.35335,0.0973573
1,1.4562,0.36597,0.0973573
1,1.4562,0.37859,0.0973573
1,1.4562,0.39121,0.0973573
1,1.4562,0.40383,0.0973573
1,1.4562,0.41645,0.0973573
1,1.4562,0.42907,0.0973573
1,1.4562,0.44169,0.0973573
1,1.4562,0.45431,0.0973573
1,1.4562,0.46693,0.0973573
1,1.4562,0.47955,0.0973573
1,1.4562,0.49217,0.0973573
1,1.4562,0.50479,0.0973573
1,1.6505,0,0.0762327
1,1.6505,0.01262,0.0762327
1,1.6505,0.02524,0.0762327
1,1.6505,0.03786,0.0762327
1,1.6505,0.05048,0.0762327
1,1.6505,0.0631,0.0762327
1,1.6505,0.07572,0.0762327
1,1.6505,0.08834,0.0762327
1,1.6505,0.10096,0.0762327
1,1.6505,0.11358,0.0837819
1,1.6505,0.1262,0.0876071
1,1.6505,0.13882,0.0876071
1,1.6505,0.15144,0.0876071
1,1.6505,0.16406,0.0876071
1,1.6505,0.17668,0.0876071
1,1.6505,0.18929,0.0876071
1,1.6505,0.20191,0.0876071
1,1.6505,0.21453,0.0876071
1,1.6505,0.22715,0.0876071
1,1.6505,0.23977,0.0876071
1,1.6505,0.25239,0.0876071
1,1.6505,0.26501,0.0876071
1,1.6505,0.27763,0.0876071
1,1.6505,0.29025,0.0876071
1,1.6505,0.30287,0.0876071
1,1.6505,0.31549,0.0876071
1,1.6505,0.32811,0.0876071
1,1.6505,0.34073,0.0876071
1,1.6505,0.35335,0.0876071
1,1.6505,0.36597,0.0876071
1,1.6505,0.37859,0.0876071
1,1.6505,0.39121,0.0876071
1,1.6505,0.40383,0.0876071
1,1.6505,0.41645,0.0876071
1,1.6505,0.42907,0.0876071
1,1.6505,0.44169,0.0876071
1,1.6505,0.45431,0.0876071
1,1.6505,0.46693,0.0876071
1,1.6505,0.47955,0.0876071
1,1.6505,0.49217,0.0876071
1,1.6505,0.50479,0.0876071
1,1.8707,0,0.0713767
1,1.8707,0.01262,0.0713767
1,1.8707,0.02524,0.0713767
1,1.8707,0.03786,0.0713767
1,1.8707,0.05048,0.0713767
1,1.8707,0.0631,0.0713767
1,1.8707,0.07572,0.0713767
1,1.8707,0.08834,0.0713767
1,1.8707,0.10096,0.0713767
1,1.8707,0.11358,0.0732974
1,1.8707,0.1262,0.077416
1,1.8707,0.13882,0.0775553
1,1.8707,0.15144,0.0775294
1,1.8707,0.16406,0.0775294
1,1.8707,0.17668,0.0775294
1,1.8707,0.18929,0.0775294
1,1.8707,0.20191,0.0775294
1,1.8707,0.21453,0.0775294
1,1.8707,0.22715,0.0775294
1,1.8707,0.23977,0.0775294
1,1.8707,0.25239,0.0775294
1,1.8707,0.26501,0.0775294
1,1.8707,0.27763,0.0775294
1,1.8707,0.29025,0.0775294
1,1.8707,0.30287,0.0775294
1,1.8707,0.31549,0.0775294
1,1.8707,0.32811,0.0775294
1,1.8707,0.34073,0.0775294
1,1.8707,0.35335,0.0775294
1,1.8707,0.36597,0.0775294
1,1.8707,0.37859,0.0775294
1,1.8707,0.39121,0.0775294
1,1.8707,0.40383,0.0775294
1,1.8707,0.41645,0.0775294
1,1.8707,0.42907,0.0775294
1,1.8707,0.44169,0.0775294
1,1.8707,0.45431,0.0775294
1,1.8707,0.46693,0.0775294
1,1.8707,0.47955,0.0775294
1,1.8707,0.49217,0.0775294
1,1.8707,0.50479,0.0775294
1,2.1204,0,0.065893
1,2.1204,0.01262,0.065893
1,2.1204,0.02524,0.065893
1,2.1204,0.03786,0.065893
1,2.1204,0.05048,0.065893
1,2.1204,0.0631,0.065893
1,2.1204,0.07572,0.065893
1,2.1204,0.08834,0.065893
1,2.1204,0.10096,0.065893
1,2.1204,0.11358,0.0658107
1,2.1204,0.1262,0.0701308
1,2.1204,0.13882,0.0700878
1,2.1204,0.15144,0.0699967
1,2.1204,0.16406,0.0699728
1,2.1204,0.17668,0.0700516
1,2.1204,0.18929,0.0700516
1,2.1204,0.20191,0.0700516
1,2.1204,0.21453,0.0700516
1,2.1204,0.22715,0.0700516
1,2.1204,0.23977,0.0700516
1,2.1204,0.25239,0.0700516
1,2.1204,0.26501,0.0700516
1,2.1204,0.27763,0.0700516
1,2.1204,0.29025,0.0700516
1,2.1204,0.30287,0.0700516
1,2.1204,0.31549,0.0700516
1,2.1204,0.32811,0.0700516
1,2.1204,0.34073,0.0700516
1,2.1204,0.35335,0.0700516
1,2.1204,0.36597,0.0700516
1,2.1204,0.37859,0.0700516
1,2.1204,0.39121,0.0700516
1,2.1204,0.40383,0.0700516
1,2.1204,0.41645,0.0700516
1,2.1204,0.42907,0.0700516
1,2.1204,0.44169,0.0700516
1,2.1204,0.45431,0.0700516
1,2.1204,0.46693,0.0700516
1,2.1204,0.47955,0.0700516
1,2.1204,0.49217,0.0700516
1,2.1204,0.50479,0.0700516
1,2.4033,0,0.0539628
1,2.4033,0.01262,0.0539628
1,2.4033,0.02524,0.0539628
1,2.4033,0.03786,0.0539628
1,2.4033,0.05048,0.0539628
1,2.4033,0.0631,0.0539628
1,2.4033,0.07572,0.0539628
1,2.4033,0.08834,0.0539628
1,2.4033,0.10096,0.0539628
1,2.4033,0.11358,0.0537614
1,2.4033,0.1262,0.0568473
1,2.4033,0.13882,0.0570118
1,2.4033,0.15144,0.0574787
1,2.4033,0.16406,0.0573575
1,2.4033,0.17668,0.0579633
1,2.4033,0.18929,0.0580617
1,2.4033,0.20191,0.0580617
1,2.4033,0.21453,0.0580617
1,2.4033,0.22715,0.0580617
1,2.4033,0.23977,0.0580617
1,2.4033,0.25239,0.0580617
1,2.4033,0.26501,0.0580617
1,2.4033,0.27763,0.0580617
1,2.4033,0.29025,0.0580617
1,2.4033,0.30287,0.0580617
1,2.4033,0.31549,0.0580617
1,2.4033,0.32811,0.0580617
1,2.4033,0.34073,0.0580617
1,2.4033,0.35335,0.0580617
1,2.4033,0.36597,0.0580617
1,2.4033,0.37859,0.0580617
1,2.4033,0.39121,0.0580617
1,2.4033,0.40383,0.0580617
1,2.4033,0.41645,0.0580617
1,2.4033,0.42907,0.0580617
1,2.4033,0.44169,0.0580617
1,2.4033,0.45431,0.0580617
1,2.4033,0.46693,0.0580617
1,2.4033,0.47955,0.0580617
1,2.4033,0.49217,0.0580617
1,2.4033,0.50479,0.0580617
1,2.7241,0,0.0507222
1,2.7241,0.01262,0.0507222
1,2.7241,0.02524,0.0507222
1,2.7241,0.03786,0.0507222
1,2.7241,0.05048,0.0507222
1,2.7241,0.0631,0.0507222
1,2.7241,0.07572,0.0507222
1,2.7241,0.08834,0.0507222
1,2.7241,0.10096,0.0507222
1,2.7241,0.11358,0.0505637
1,2.7241,0.1262,0.0531057
1,2.7241,0.13882,0.0536658
1,2.7241,0.15144,0.0540836
1,2.7241,0.16406,0.0542044
1,2.7241,0.17668,0.0550675
1,2.7241,0.18929,0.0552327
1,2.7241,0.20191,0.0552327
1,2.7241,0.21453,0.0552327
1,2.7241,0.22715,0.0552327
1,2.7241,0.23977,0.0552327
1,2.7241,0.25239,0.0552327
1,2.7241,0.26501,0.0552327
1,2.7241,0.27763,0.0552327
1,2.7241,0.29025,0.0552327
1,2.7241,0.30287,0.0552327
1,2.7241,0.31549,0.0552327
1,2.7241,0.32811,0.0552327
1,2.7241,0.34073,0.0552327
1,2.7241,0.35335,0.0552327
1,2.7241,0.36597,0.0552327
1,2.7241,0.37859,0.0552327
1,2.7241,0.39121,0.0552327
1,2.7241,0.40383,0.0552327
1,2.7241,0.41645,0.0552327
1,2.7241,0.42907,0.0552327
1,2.7241,0.44169,0.0552327
1,2.7241,0.45431,0.0552327
1,2.7241,0.46693,0.0552327
1,2.7241,0.47955,0.0552327
1,2.7241,0.49217,0.0552327
1,2.7241,0.50479,0.0552327
1,3.0876,0,0.0519941
1,3.0876,0.01262,0.0519941
1,3.0876,0.02524,0.0519941
1,3.0876,0.03786,0.0519941
1,3.0876,0.05048,0.0519941
1,3.0876,0.0631,0.0519941
1,3.0876,0.07572,0.0519941
1,3.0876,0.08834,0.0519941
1,3.0876,0.10096,0.0519941
1,3.0876,0.11358,0.0518346
1,3.0876,0.1262,0.0542105
1,3.0876,0.13882,0.05478
1,3.0876,0.15144,0.0549903
1,3.0876,0.16406,0.0550395
1,3.0876,0.17668,0.0558724
1,3.0876,0.18929,0.0560382
1,3.0876,0.20191,0.0560382
1,3.0876,0.21453,0.0560382
1,3.0876,0.22715,0.0560382
1,3.0876,0.23977,0.0560382
1,3.0876,0.25239,0.0560382
1,3.0876,0.26501,0.0560382
1,3.0876,0.27763,0.0560382
1,3.0876,0.29025,0.0560382
1,3.0876,0.30287,0.0560382
1,3.0876,0.31549,0.0560382
1,3.0876,0.32811,0.0560382
1,3.0876,0.34073,0.0560382
1,3.0876,0.35335,0.0560382
1,3.0876,0.36597,0.0560382
1,3.0876,0.37859,0.0560382
1,3.0876,0.39121,0.0560382
1,3.0876,0.40383,0.0560382
1,3.0876,0.41645,0.0560382
1,3.0876,0.42907,0.0560382
1,3.0876,0.44169,0.0560382
1,3.0876,0.45431,0.0560382
1,3.0876,0.46693,0.0560382
1,3.0876,0.47955,0.0560382
1,3.0876,0.49217,0.0560382
1,3.0876,0.50479,0.0560382
1,3.4996,0,0.0544893
1,3.4996,0.01262,0.0544893
1,3.4996,0.02524,0.0544893
1,3.4996,0.03786,0.0544893
1,3.4996,0.05048,0.0544893
1,3.4996,0.0631,0.0544893
1,3.4996,0.07572,0.0544893
1,3.4996,0.08834,0.0544893
1,3.4996,0.10096,0.0544893
1,3.4996,0.11358,0.0543278
1,3.4996,0.1262,0.0562513
1,3.4996,0.13882,0.0567401
1,3.4996,0.15144,0.0568952
1,3.4996,0.16406,0.0569286
1,3.4996,0.17668,0.057665
1,3.4996,0.18929,0.0577805
1,3.4996,0.20191,0.0577805
1,3.4996,0.21453,0.0577805
1,3.4996,0.22715,0.0577805
1,3.4996,0.23977,0.0577805
1,3.4996,0.25239,0.0577805
1,3.4996,0.26501,0.0577805
1,3.4996,0.27763,0.0577805
1,3.4996,0.29025,0.0577805
1,3.4996,0.30287,0.0577805
1,3.4996,0.31549,0.0577805
1,3.4996,0.32811,0.0577805
1,3.4996,0.34073,0.0577805
1,3.4996,0.35335,0.0577805
1,3.4996,0.36597,0.0577805
1,3.4996,0.37859,0.0577805
1,3.4996,0.39121,0.0577805
1,3.4996,0.40383,0.0577805
1,3.4996,0.41645,0.0577805
1,3.4996,0.42907,0.0577805
1,3.4996,0.44169,0.0577805
1,3.4996,0.45431,0.0577805
1,3.4996,0.46693,0.0577805
1,3.4996,0.47955,0.0577805
1,3.4996,0.49217,0.0577805
1,3.4996,0.50479,0.0577805
1,3.9667,0,0.0468966
1,3.9667,0.01262,0.0468966
1,3.9667,0.02524,0.0468966
1,3.9667,0.03786,0.0468966
1,3.9667,0.05048,0.0468966
1,3.9667,0.0631,0.0468966
1,3.9667,0.07572,0.0468966
1,3.9667,0.08834,0.0468966
1,3.9667,0.10096,0.0468966
1,3.9667,0.11358,0.046793
1,3.9667,0.1262,0.0476456
1,3.9667,0.13882,0.046971
1,3.9667,0.15144,0.0486955
1,3.9667,0.16406,0.0487762
1,3.9667,0.17668,0.0496296
1,3.9667,0.18929,0.0497405
1,3.9667,0.20191,0.0497405
1,3.9667,0.21453,0.0497631
1,3.9667,0.22715,0.0497631
1,3.9667,0.23977,0.0496584
1,3.9667,0.25239,0.0494819
1,3.9667,0.26501,0.0493964
1,3.9667,0.27763,0.0493964
1,3.9667,0.29025,0.0493964
1,3.9667,0.30287,0.0493964
1,3.9667,0.31549,0.0494377
1,3.9667,0.32811,0.0494377
1,3.9667,0.34073,0.0494377
1,3.9667,0.35335,0.0494602
1,3.9667,0.36597,0.0493443
1,3.9667,0.37859,0.0493443
1,3.9667,0.39121,0.0493443
1,3.9667,0.40383,0.0492379
1,3.9667,0.41645,0.0489166
1,3.9667,0.42907,0.0488087
1,3.9667,0.44169,0.0488087
1,3.9667,0.45431,0.0488087
1,3.9667,0.46693,0.0488087
1,3.9667,0.47955,0.0488087
1,3.9667,0.49217,0.0488087
1,3.9667,0.50479,0.0488087
1,4.496,0,0.0440063
1,4.496,0.01262,0.0440063
1,4.496,0.02524,0.0440063
1,4.496,0.03786,0.0440063
1,4.496,0.05048,0.0440063
1,4.496,0.0631,0.0440063
1,4.496,0.07572,0.0440063
1,4.496,0.08834,0.0440063
1,4.496,0.10096,0.0440063
1,4.496,0.11358,0.0439595
1,4.496,0.1262,0.0440374
1,4.496,0.13882,0.043816
1,4.496,0.15144,0.0452974
1,4.496,0.16406,0.0454946
1,4.496,0.17668,0.0459393
1,4.496,0.18929,0.0460993
1,4.496,0.20191,0.0461419
1,4.496,0.21453,0.046099
1,4.496,0.22715,0.046099
1,4.496,0.23977,0.0459012
1,4.496,0.25239,0.045596
1,4.496,0.26501,0.0455121
1,4.496,0.27763,0.0455121
1,4.496,0.29025,0.0455121
1,4.496,0.30287,0.0455121
1,4.496,0.31549,0.0455526
1,4.496,0.32811,0.0455526
1,4.496,0.34073,0.0455526
1,4.496,0.35335,0.0455747
1,4.496,0.36597,0.045461
1,4.496,0.37859,0.045461
1,4.496,0.39121,0.045461
1,4.496,0.40383,0.0454151
1,4.496,0.41645,0.0450389
1,4.496,0.42907,0.044933
1,4.496,0.44169,0.044933
1,4.496,0.45431,0.044933
1,4.496,0.46693,0.044933
1,4.496,0.47955,0.044933
1,4.496,0.49217,0.044933
1,4.496,0.50479,0.044933
1,5.096,0,0.035728
1,5.096,0.01262,0.035728
1,5.096,0.02524,0.035728
1,5.096,0.03786,0.035728
1,5.096,0.05048,0.035728
1,5.096,0.0631,0.035728
1,5.096,0.07572,0.035728
1,5.096,0.08834,0.035728
1,5.096,0.10096,0.035728
1,5.096,0.11358,0.035728
1,5.096,0.1262,0.035728
1,5.096,0.13882,0.0356427
1,5.096,0.15144,0.035811
1,5.096,0.16406,0.0368442
1,5.096,0.17668,0.0349761
1,5.096,0.18929,0.0359107
1,5.096,0.20191,0.0364352
1,5.096,0.21453,0.0364405
1,5.096,0.22715,0.0347816
1,5.096,0.23977,0.0348755
1,5.096,0.25239,0.0343682
1,5.096,0.26501,0.0343908
1,5.096,0.27763,0.0343567
1,5.096,0.29025,0.0344736
1,5.096,0.30287,0.0344257
1,5.096,0.31549,0.0348218
1,5.096,0.32811,0.0350007
1,5.096,0.34073,0.0351035
1,5.096,0.35335,0.0351244
1,5.096,0.36597,0.0349655
1,5.096,0.37859,0.0349542
1,5.096,0.39121,0.0348435
1,5.096,0.40383,0.0347063
1,5.096,0.41645,0.034513
1,5.096,0.42907,0.0344841
1,5.096,0.44169,0.0343347
1,5.096,0.45431,0.0342474
1,5.096,0.46693,0.0342474
1,5.096,0.47955,0.0342388
1,5.096,0.49217,0.0342388
1,5.096,0.50479,0.0342388
1,5.7761,0,0.0347805
1,5.7761,0.01262,0.0347805
1,5.7761,0.02524,0.0347805
1,5.7761,0.03786,0.0347805
1,5.7761,0.05048,0.0347805
1,5.7761,0.0631,0.0347805
1,5.7761,0.07572,0.0347805
1,5.7761,0.08834,0.0347805
1,5.7761,0.10096,0.0347805
1,5.7761,0.11358,0.0347805
1,5.7761,0.1262,0.0347805
1,5.7761,0.13882,0.0347119
1,5.7761,0.15144,0.0345137
1,5.7761,0.16406,0.035781
1,5.7761,0.17668,0.0335083
1,5.7761,0.18929,0.0346359
1,5.7761,0.20191,0.0354426
1,5.7761,0.21453,0.0355162
1,5.7761,0.22715,0.0334257
1,5.7761,0.23977,0.0336342
1,5.7761,0.25239,0.0328796
1,5.7761,0.26501,0.032902
1,5.7761,0.27763,0.0328906
1,5.7761,0.29025,0.0330536
1,5.7761,0.30287,0.0330061
1,5.7761,0.31549,0.0335136
1,5.7761,0.32811,0.033739
1,5.7761,0.34073,0.0338412
1,5.7761,0.35335,0.0338619
1,5.7761,0.36597,0.033704
1,5.7761,0.37859,0.0336928
1,5.7761,0.39121,0.0335174
1,5.7761,0.40383,0.0333811
1,5.7761,0.41645,0.0331891
1,5.7761,0.42907,0.0331604
1,5.7761,0.44169,0.0330111
1,5.7761,0.45431,0.0328773
1,5.7761,0.46693,0.0328773
1,5.7761,0.47955,0.0328687
1,5.7761,0.49217,0.0328687
1,5.7761,0.50479,0.0328687
1,6.5469,0,0.0347063
1,6.5469,0.01262,0.0347063
1,6.5469,0.02524,0.0347063
1,6.5469,0.03786,0.0347063
1,6.5469,0.05048,0.0347063
1,6.5469,0.0631,0.0347063
1,6.5469,0.07572,0.0347063
1,6.5469,0.08834,0.0347063
1,6.5469,0.10096,0.0347063
1,6.5469,0.11358,0.0347063
1,6.5469,0.1262,0.0347063
1,6.5469,0.13882,0.0347063
1,6.5469,0.15144,0.0345458
1,6.5469,0.16406,0.0358381
1,6.5469,0.17668,0.0333633
1,6.5469,0.18929,0.0346182
1,6.5469,0.20191,0.0354217
1,6.5469,0.21453,0.0354618
1,6.5469,0.22715,0.0335008
1,6.5469,0.23977,0.0336728
1,6.5469,0.25239,0.0326153
1,6.5469,0.26501,0.0326564
1,6.5469,0.27763,0.032645
1,6.5469,0.29025,0.0328218
1,6.5469,0.30287,0.0327743
1,6.5469,0.31549,0.0333384
1,6.5469,0.32811,0.0336143
1,6.5469,0.34073,0.0337163
1,6.5469,0.35335,0.0337371
1,6.5469,0.36597,0.0335793
1,6.5469,0.37859,0.033568
1,6.5469,0.39121,0.0333927
1,6.5469,0.40383,0.0332565
1,6.5469,0.41645,0.0330646
1,6.5469,0.42907,0.033036
1,6.5469,0.44169,0.0328113
1,6.5469,0.45431,0.0326777
1,6.5469,0.46693,0.0326777
1,6.5469,0.47955,0.0326691
1,6.5469,0.49217,0.0326691
1,6.5469,0.50479,0.0326691
1,7.4206,0,0.033499
1,7.4206,0.01262,0.033499
1,7.4206,0.02524,0.033499
1,7.4206,0.03786,0.033499
1,7.4206,0.05048,0.033499
1,7.4206,0.0631,0.033499
1,7.4206,0.07572,0.033499
1,7.4206,0.08834,0.033499
1,7.4206,0.10096,0.033499
1,7.4206,0.11358,0.033499
1,7.4206,0.1262,0.033499
1,7.4206,0.13882,0.033499
1,7.4206,0.15144,0.0333178
1,7.4206,0.16406,0.0346131
1,7.4206,0.17668,0.032037
1,7.4206,0.18929,0.0335231
1,7.4206,0.20191,0.0345933
1,7.4206,0.21453,0.0348451
1,7.4206,0.22715,0.0328012
1,7.4206,0.23977,0.0330536
1,7.4206,0.25239,0.031994
1,7.4206,0.26501,0.0320558
1,7.4206,0.27763,0.031993
1,7.4206,0.29025,0.0321934
1,7.4206,0.30287,0.032146
1,7.4206,0.31549,0.0327083
1,7.4206,0.32811,0.0329833
1,7.4206,0.34073,0.0330864
1,7.4206,0.35335,0.0331071
1,7.4206,0.36597,0.0330486
1,7.4206,0.37859,0.0330374
1,7.4206,0.39121,0.0328086
1,7.4206,0.40383,0.03264
1,7.4206,0.41645,0.0324487
1,7.4206,0.42907,0.0324033
1,7.4206,0.44169,0.0321351
1,7.4206,0.45431,0.0319745
1,7.4206,0.46693,0.0319466
1,7.4206,0.47955,0.031938
1,7.4206,0.49217,0.031938
1,7.4206,0.50479,0.031938
1,8.4108,0,0.0338782
1,8.4108,0.01262,0.0338782
1,8.4108,0.02524,0.0338782
1,8.4108,0.03786,0.0338782
1,8.4108,0.05048,0.0338782
1,8.4108,0.0631,0.0338782
1,8.4108,0.07572,0.0338782
1,8.4108,0.08834,0.0338782
1,8.4108,0.10096,0.0338782
1,8.4108,0.11358,0.0338782
1,8.4108,0.1262,0.0338782
1,8.4108,0.13882,0.0338782
1,8.4108,0.15144,0.0337379
1,8.4108,0.16406,0.0349618
1,8.4108,0.17668,0.0322326
1,8.4108,0.18929,0.0340238
1,8.4108,0.20191,0.0351734
1,8.4108,0.21453,0.0354948
1,8.4108,0.22715,0.0332634
1,8.4108,0.23977,0.0335202
1,8.4108,0.25239,0.0325115
1,8.4108,0.26501,0.0325433
1,8.4108,0.27763,0.0324804
1,8.4108,0.29025,0.0326812
1,8.4108,0.30287,0.0326338
1,8.4108,0.31549,0.0331953
1,8.4108,0.32811,0.033471
1,8.4108,0.34073,0.0335743
1,8.4108,0.35335,0.0335951
1,8.4108,0.36597,0.0335365
1,8.4108,0.37859,0.0335253
1,8.4108,0.39121,0.0332484
1,8.4108,0.40383,0.0330794
1,8.4108,0.41645,0.0328877
1,8.4108,0.42907,0.0328289
1,8.4108,0.44169,0.0325509
1,8.4108,0.45431,0.0323901
1,8.4108,0.46693,0.0323621
1,8.4108,0.47955,0.0323076
1,8.4108,0.49217,0.0323076
1,8.4108,0.50479,0.0323076
1,9.5333,0,0.0337174
1,9.5333,0.01262,0.0337174
1,9.5333,0.02524,0.0337174
1,9.5333,0.03786,0.0337174
1,9.5333,0.05048,0.0337174
1,9.5333,0.0631,0.0337174
1,9.5333,0.07572,0.0337174
1,9.5333,0.08834,0.0337174
1,9.5333,0.10096,0.0337174
1,9.5333,0.11358,0.0337174
1,9.5333,0.1262,0.0337174
1,9.5333,0.13882,0.0337174
1,9.5333,0.15144,0.0335282
1,9.5333,0.16406,0.0347147
1,9.5333,0.17668,0.032494
1,9.5333,0.18929,0.034859
1,9.5333,0.20191,0.0360012
1,9.5333,0.21453,0.0363164
1,9.5333,0.22715,0.0341937
1,9.5333,0.23977,0.0344836
1,9.5333,0.25239,0.0333943
1,9.5333,0.26501,0.0334263
1,9.5333,0.27763,0.0333631
1,9.5333,0.29025,0.0335526
1,9.5333,0.30287,0.0334045
1,9.5333,0.31549,0.0339682
1,9.5333,0.32811,0.0342315
1,9.5333,0.34073,0.0343352
1,9.5333,0.35335,0.0343561
1,9.5333,0.36597,0.0342572
1,9.5333,0.37859,0.034246
1,9.5333,0.39121,0.0339184
1,9.5333,0.40383,0.0336397
1,9.5333,0.41645,0.0333561
1,9.5333,0.42907,0.0332972
1,9.5333,0.44169,0.03297
1,9.5333,0.45431,0.0328088
1,9.5333,0.46693,0.0327807
1,9.5333,0.47955,0.0327261
1,9.5333,0.49217,0.0327261
1,9.5333,0.50479,0.0327261
1,10.8055,0,0.0322724
1,10.8055,0.01262,0.0322724
1,10.8055,0.02524,0.0322724
1,10.8055,0.03786,0.0322724
1,10.8055,0.05048,0.0322724
1,10.8055,0.0631,0.0322724
1,10.8055,0.07572,0.0322724
1,10.8055,0.08834,0.0322724
1,10.8055,0.10096,0.0322724
1,10.8055,0.11358,0.0322724
1,10.8055,0.1262,0.0322724
1,10.8055,0.13882,0.0322724
1,10.8055,0.15144,0.0320949
1,10.8055,0.16406,0.0331461
1,10.8055,0.17668,0.0310874
1,10.8055,0.18929,0.0337335
1,10.8055,0.20191,0.0344874
1,10.8055,0.21453,0.0347572
1,10.8055,0.22715,0.032925
1,10.8055,0.23977,0.0332689
1,10.8055,0.25239,0.0321383
1,10.8055,0.26501,0.0323001
1,10.8055,0.27763,0.0323374
1,10.8055,0.29025,0.0326265
1,10.8055,0.30287,0.0325133
1,10.8055,0.31549,0.0330977
1,10.8055,0.32811,0.0334189
1,10.8055,0.34073,0.0334866
1,10.8055,0.35335,0.0335073
1,10.8055,0.36597,0.0333907
1,10.8055,0.37859,0.0333795
1,10.8055,0.39121,0.0330347
1,10.8055,0.40383,0.0327841
1,10.8055,0.41645,0.0325264
1,10.8055,0.42907,0.0324678
1,10.8055,0.44169,0.0321775
1,10.8055,0.45431,0.0320331
1,10.8055,0.46693,0.0320051
1,10.8055,0.47955,0.0319764
1,10.8055,0.49217,0.0319764
1,10.8055,0.50479,0.0319764
1,12.2474,0,0.0331489
1,12.2474,0.01262,0.0331489
1,12.2474,0.02524,0.0331489
1,12.2474,0.03786,0.0331489
1,12.2474,0.05048,0.0331489
1,12.2474,0.0631,0.0331489
1,12.2474,0.07572,0.0331489
1,12.2474,0.08834,0.0331489
1,12.2474,0.10096,0.0331489
1,12.2474,0.11358,0.0331489
1,12.2474,0.1262,0.0331489
1,12.2474,0.13882,0.0331489
1,12.2474,0.15144,0.0329707
1,12.2474,0.16406,0.0341643
1,12.2474,0.17668,0.0326339
1,12.2474,0.18929,0.035204
1,12.2474,0.20191,0.0357746
1,12.2474,0.21453,0.0358182
1,12.2474,0.22715,0.0338174
1,12.2474,0.23977,0.0342066
1,12.2474,0.25239,0.0328921
1,12.2474,0.26501,0.0331334
1,12.2474,0.27763,0.0332213
1,12.2474,0.29025,0.0334705
1,12.2474,0.30287,0.0333097
1,12.2474,0.31549,0.0339634
1,12.2474,0.32811,0.034303
1,12.2474,0.34073,0.034371
1,12.2474,0.35335,0.0343918
1,12.2474,0.36597,0.0342747
1,12.2474,0.37859,0.0342634
1,12.2474,0.39121,0.0339022
1,12.2474,0.40383,0.0336505
1,12.2474,0.41645,0.0333917
1,12.2474,0.42907,0.0333328
1,12.2474,0.44169,0.0329822
1,12.2474,0.45431,0.032783
1,12.2474,0.46693,0.0327372
1,12.2474,0.47955,0.0327084
1,12.2474,0.49217,0.0327084
1,12.2474,0.50479,0.0327084
1,13.8819,0,0.0345397
1,13.8819,0.01262,0.0345397
1,13.8819,0.02524,0.0345397
1,13.8819,0.03786,0.0345397
1,13.8819,0.05048,0.0345397
1,13.8819,0.0631,0.0345397
1,13.8819,0.07572,0.0345397
1,13.8819,0.08834,0.0345397
1,13.8819,0.10096,0.0345397
1,13.8819,0.11358,0.0345397
1,13.8819,0.1262,0.0345397
1,13.8819,0.13882,0.0345397
1,13.8819,0.15144,0.0344067
1,13.8819,0.16406,0.0355303
1,13.8819,0.17668,0.0341288
1,13.8819,0.18929,0.0362666
1,13.8819,0.20191,0.0365438
1,13.8819,0.21453,0.0364582
1,13.8819,0.22715,0.0349201
1,13.8819,0.23977,0.0356463
1,13.8819,0.25239,0.0341609
1,13.8819,0.26501,0.0344001
1,13.8819,0.27763,0.0344575
1,13.8819,0.29025,0.0348798
1,13.8819,0.30287,0.0347171
1,13.8819,0.31549,0.0353119
1,13.8819,0.32811,0.0356306
1,13.8819,0.34073,0.0357556
1,13.8819,0.35335,0.0357766
1,13.8819,0.36597,0.0357038
1,13.8819,0.37859,0.0356925
1,13.8819,0.39121,0.0353045
1,13.8819,0.40383,0.0348997
1,13.8819,0.41645,0.0345837
1,13.8819,0.42907,0.0345207
1,13.8819,0.44169,0.034168
1,13.8819,0.45431,0.0340345
1,13.8819,0.46693,0.0339884
1,13.8819,0.47955,0.0339594
1,13.8819,0.49217,0.0339594
1,13.8819,0.50479,0.0339594
1,15.7344,0,0.0345614
1,15.7344,0.01262,0.0345614
1,15.7344,0.02524,0.0345614
1,15.7344,0.03786,0.0345614
1,15.7344,0.05048,0.0345614
1,15.7344,0.0631,0.0345614
1,15.7344,0.07572,0.0345614
1,15.7344,0.08834,0.0345614
1,15.7344,0.10096,0.0345614
1,15.7344,0.11358,0.0345614
1,15.7344,0.1262,0.0345614
1,15.7344,0.13882,0.0345614
1,15.7344,0.15144,0.0344836
1,15.7344,0.16406,0.0356588
1,15.7344,0.17668,0.0343968
1,15.7344,0.18929,0.0362745
1,15.7344,0.20191,0.0366242
1,15.7344,0.21453,0.036606
1,15.7344,0.22715,0.0353903
1,15.7344,0.23977,0.0360049
1,15.7344,0.25239,0.0345728
1,15.7344,0.26501,0.0348125
1,15.7344,0.27763,0.03487
1,15.7344,0.29025,0.0352932
1,15.7344,0.30287,0.0351302
1,15.7344,0.31549,0.0357464
1,15.7344,0.32811,0.036122
1,15.7344,0.34073,0.0362473
1,15.7344,0.35335,0.0362683
1,15.7344,0.36597,0.03607
1,15.7344,0.37859,0.0360319
1,15.7344,0.39121,0.0355988
1,15.7344,0.40383,0.0351402
1,15.7344,0.41645,0.0348238
1,15.7344,0.42907,0.034735
1,15.7344,0.44169,0.0344091
1,15.7344,0.45431,0.0342755
1,15.7344,0.46693,0.0342294
1,15.7344,0.47955,0.0342003
1,15.7344,0.49217,0.0342003
1,15.7344,0.50479,0.0342003
1,17.8342,0,0.0343514
1,17.8342,0.01262,0.0343514
1,17.8342,0.02524,0.0343514
1,17.8342,0.03786,0.0343514
1,17.8342,0.05048,0.0343514
1,17.8342,0.0631,0.0343514
1,17.8342,0.07572,0.0343514
1,17.8342,0.08834,0.0343514
1,17.8342,0.10096,0.0343514
1,17.8342,0.11358,0.0343514
1,17.8342,0.1262,0.0343514
1,17.8342,0.13882,0.0343514
1,17.8342,0.15144,0.0342737
1,17.8342,0.16406,0.0354569
1,17.8342,0.17668,0.0342287
1,17.8342,0.18929,0.0358121
1,17.8342,0.20191,0.0361184
1,17.8342,0.21453,0.0361846
1,17.8342,0.22715,0.0352437
1,17.8342,0.23977,0.0358349
1,17.8342,0.25239,0.0344922
1,17.8342,0.26501,0.0346826
1,17.8342,0.27763,0.03474
1,17.8342,0.29025,0.0351629
1,17.8342,0.30287,0.0350001
1,17.8342,0.31549,0.0356158
1,17.8342,0.32811,0.0360258
1,17.8342,0.34073,0.0361511
1,17.8342,0.35335,0.0361721
1,17.8342,0.36597,0.0359739
1,17.8342,0.37859,0.0359358
1,17.8342,0.39121,0.035503
1,17.8342,0.40383,0.0350269
1,17.8342,0.41645,0.0346989
1,17.8342,0.42907,0.0346101
1,17.8342,0.44169,0.0342599
1,17.8342,0.45431,0.034079
1,17.8342,0.46693,0.0340601
1,17.8342,0.47955,0.0340023
1,17.8342,0.49217,0.0340284
1,17.8342,0.50479,0.0340284
1,20.2141,0,0.0334974
1,20.2141,0.01262,0.0334974
1,20.2141,0.02524,0.0334974
1,20.2141,0.03786,0.0334974
1,20.2141,0.05048,0.0334974
1,20.2141,0.0631,0.0334974
1,20.2141,0.07572,0.0334974
1,20.2141,0.08834,0.0334974
1,20.2141,0.10096,0.0334974
1,20.2141,0.11358,0.0334974
1,20.2141,0.1262,0.0334974
1,20.2141,0.13882,0.0334974
1,20.2141,0.15144,0.0334281
1,20.2141,0.16406,0.0344114
1,20.2141,0.17668,0.0332736
1,20.2141,0.18929,0.0347113
1,20.2141,0.20191,0.0349956
1,20.2141,0.21453,0.0350167
1,20.2141,0.22715,0.0340045
1,20.2141,0.23977,0.0345996
1,20.2141,0.25239,0.0333459
1,20.2141,0.26501,0.0334428
1,20.2141,0.27763,0.0335226
1,20.2141,0.29025,0.033943
1,20.2141,0.30287,0.0338246
1,20.2141,0.31549,0.0344854
1,20.2141,0.32811,0.0348931
1,20.2141,0.34073,0.0350177
1,20.2141,0.35335,0.035055
1,20.2141,0.36597,0.0348579
1,20.2141,0.37859,0.0349282
1,20.2141,0.39121,0.0344976
1,20.2141,0.40383,0.0340501
1,20.2141,0.41645,0.0337237
1,20.2141,0.42907,0.0336354
1,20.2141,0.44169,0.0332869
1,20.2141,0.45431,0.0331068
1,20.2141,0.46693,0.033088
1,20.2141,0.47955,0.0330305
1,20.2141,0.49217,0.0330565
1,20.2141,0.50479,0.0330468
1,22.9117,0,0.0302694
1,22.9117,0.01262,0.0302694
1,22.9117,0.02524,0.0302694
1,22.9117,0.03786,0.0302694
1,22.9117,0.05048,0.0302694
1,22.9117,0.0631,0.0302694
1,22.9117,0.07572,0.0302694
1,22.9117,0.08834,0.0302694
1,22.9117,0.10096,0.0302694
1,22.9117,0.11358,0.0302694
1,22.9117,0.1262,0.0302694
1,22.9117,0.13882,0.0302694
1,22.9117,0.15144,0.0302012
1,22.9117,0.16406,0.0308629
1,22.9117,0.17668,0.0301225
1,22.9117,0.18929,0.0310583
1,22.9117,0.20191,0.0312628
1,22.9117,0.21453,0.0311665
1,22.9117,0.22715,0.0306392
1,22.9117,0.23977,0.0310128
1,22.9117,0.25239,0.0299455
1,22.9117,0.26501,0.0298434
1,22.9117,0.27763,0.0298491
1,22.9117,0.29025,0.0300499
1,22.9117,0.30287,0.0298404
1,22.9117,0.31549,0.0302821
1,22.9117,0.32811,0.0305212
1,22.9117,0.34073,0.0305958
1,22.9117,0.35335,0.0306478
1,22.9117,0.36597,0.0306246
1,22.9117,0.37859,0.0307721
1,22.9117,0.39121,0.0303953
1,22.9117,0.40383,0.0299964
1,22.9117,0.41645,0.0295942
1,22.9117,0.42907,0.0294037
1,22.9117,0.44169,0.0290625
1,22.9117,0.45431,0.0288862
1,22.9117,0.46693,0.0289358
1,22.9117,0.47955,0.0289389
1,22.9117,0.49217,0.0290225
1,22.9117,0.50479,0.0291259
1,25.9692,0,0.0289956
1,25.9692,0.01262,0.0289956
1,25.9692,0.02524,0.0289956
1,25.9692,0.03786,0.0289956
1,25.9692,0.05048,0.0289956
1,25.9692,0.0631,0.0289956
1,25.9692,0.07572,0.0289956
1,25.9692,0.08834,0.0289956
1,25.9692,0.10096,0.0289956
1,25.9692,0.11358,0.0289956
1,25.9692,0.1262,0.0289956
1,25.9692,0.13882,0.0289956
1,25.9692,0.15144,0.0289278
1,25.9692,0.16406,0.0293821
1,25.9692,0.17668,0.0288594
1,25.9692,0.18929,0.0296454
1,25.9692,0.20191,0.0297733
1,25.9692,0.21453,0.0296468
1,25.9692,0.22715,0.0293834
1,25.9692,0.23977,0.0295953
1,25.9692,0.25239,0.0286247
1,25.9692,0.26501,0.0285233
1,25.9692,0.27763,0.0285106
1,25.9692,0.29025,0.0287101
1,25.9692,0.30287,0.0285227
1,25.9692,0.31549,0.0288154
1,25.9692,0.32811,0.0289667
1,25.9692,0.34073,0.0290407
1,25.9692,0.35335,0.0290923
1,25.9692,0.36597,0.0290814
1,25.9692,0.37859,0.0292502
1,25.9692,0.39121,0.0288764
1,25.9692,0.40383,0.0285276
1,25.9692,0.41645,0.0281284
1,25.9692,0.42907,0.0279393
1,25.9692,0.44169,0.0276006
1,25.9692,0.45431,0.0274256
1,25.9692,0.46693,0.0274748
1,25.9692,0.47955,0.0274778
1,25.9692,0.49217,0.0275608
1,25.9692,0.50479,0.0276635
1,29.4348,0,0.0279704
1,29.4348,0.01262,0.0279704
1,29.4348,0.02524,0.0279704
1,29.4348,0.03786,0.0279704
1,29.4348,0.05048,0.0279704
1,29.4348,0.0631,0.0279704
1,29.4348,0.07572,0.0279704
1,29.4348,0.08834,0.0279704
1,29.4348,0.10096,0.0279704
1,29.4348,0.11358,0.0279704
1,29.4348,0.1262,0.0279704
1,29.4348,0.13882,0.0279704
1,29.4348,0.15144,0.0279369
1,29.4348,0.16406,0.028357
1,29.4348,0.17668,0.0278771
1,29.4348,0.18929,0.0286073
1,29.4348,0.20191,0.0287494
1,29.4348,0.21453,0.0286484
1,29.4348,0.22715,0.0284517
1,29.4348,0.23977,0.0286033
1,29.4348,0.25239,0.0276684
1,29.4348,0.26501,0.0275674
1,29.4348,0.27763,0.0275548
1,29.4348,0.29025,0.0276902
1,29.4348,0.30287,0.0275038
1,29.4348,0.31549,0.0277732
1,29.4348,0.32811,0.0278865
1,29.4348,0.34073,0.0279777
1,29.4348,0.35335,0.0280209
1,29.4348,0.36597,0.0279894
1,29.4348,0.37859,0.0281791
1,29.4348,0.39121,0.0279193
1,29.4348,0.40383,0.0275721
1,29.4348,0.41645,0.0271748
1,29.4348,0.42907,0.0269866
1,29.4348,0.44169,0.0266495
1,29.4348,0.45431,0.0264753
1,29.4348,0.46693,0.0265243
1,29.4348,0.47955,0.0265273
1,29.4348,0.49217,0.0266099
1,29.4348,0.50479,0.0267122
1,33.3629,0,0.0247351
1,33.3629,0.01262,0.0247351
1,33.3629,0.02524,0.0247351
1,33.3629,0.03786,0.0247351
1,33.3629,0.05048,0.0247351
1,33.3629,0.0631,0.0247351
1,33.3629,0.07572,0.0247351
1,33.3629,0.08834,0.0247351
1,33.3629,0.10096,0.0247351
1,33.3629,0.11358,0.0247351
1,33.3629,0.1262,0.0247351
1,33.3629,0.13882,0.0247351
1,33.3629,0.15144,0.024737
1,33.3629,0.16406,0.0250343
1,33.3629,0.17668,0.0247534
1,33.3629,0.18929,0.0253281
1,33.3629,0.20191,0.0253501
1,33.3629,0.21453,0.02534
1,33.3629,0.22715,0.0250851
1,33.3629,0.23977,0.0251902
1,33.3629,0.25239,0.0245999
1,33.3629,0.26501,0.0244956
1,33.3629,0.27763,0.0245113
1,33.3629,0.29025,0.0246152
1,33.3629,0.30287,0.0245344
1,33.3629,0.31549,0.0246814
1,33.3629,0.32811,0.0246463
1,33.3629,0.34073,0.0246538
1,33.3629,0.35335,0.0246962
1,33.3629,0.36597,0.0246288
1,33.3629,0.37859,0.0246489
1,33.3629,0.39121,0.0244559
1,33.3629,0.40383,0.0243879
1,33.3629,0.41645,0.0240534
1,33.3629,0.42907,0.0239348
1,33.3629,0.44169,0.0238366
1,33.3629,0.45431,0.0237069
1,33.3629,0.46693,0.0237294
1,33.3629,0.47955,0.0237324
1,33.3629,0.49217,0.0238138
1,33.3629,0.50479,0.0239146
1,37.8152,0,0.0230269
1,37.8152,0.01262,0.0230269
1,37.8152,0.02524,0.0230269
1,37.8152,0.03786,0.0230269
1,37.8152,0.05048,0.0230269
1,37.8152,0.0631,0.0230269
1,37.8152,0.07572,0.0230269
1,37.8152,0.08834,0.0230269
1,37.8152,0.10096,0.0230269
1,37.8152,0.11358,0.0230269
1,37.8152,0.1262,0.0230269
1,37.8152,0.13882,0.0230269
1,37.8152,0.15144,0.0230287
1,37.8152,0.16406,0.0231853
1,37.8152,0.17668,0.0230774
1,37.8152,0.18929,0.0234734
1,37.8152,0.20191,0.0235809
1,37.8152,0.21453,0.0234463
1,37.8152,0.22715,0.0233138
1,37.8152,0.23977,0.0234287
1,37.8152,0.25239,0.0228498
1,37.8152,0.26501,0.0227464
1,37.8152,0.27763,0.0227406
1,37.8152,0.29025,0.0228298
1,37.8152,0.30287,0.0227496
1,37.8152,0.31549,0.0229206
1,37.8152,0.32811,0.0229519
1,37.8152,0.34073,0.0229079
1,37.8152,0.35335,0.0229621
1,37.8152,0.36597,0.0228767
1,37.8152,0.37859,0.0228577
1,37.8152,0.39121,0.0228259
1,37.8152,0.40383,0.0226671
1,37.8152,0.41645,0.0223843
1,37.8152,0.42907,0.0222666
1,37.8152,0.44169,0.0222329
1,37.8152,0.45431,0.0222046
1,37.8152,0.46693,0.0221612
1,37.8152,0.47955,0.0221641
1,37.8152,0.49217,0.0222449
1,37.8152,0.50479,0.022345
1,42.8616,0,0.0201301
1,42.8616,0.01262,0.0201301
1,42.8616,0.02524,0.0201301
1,42.8616,0.03786,0.0201301
1,42.8616,0.05048,0.0201301
1,42.8616,0.0631,0.0201301
1,42.8616,0.07572,0.0201301
1,42.8616,0.08834,0.0201301
1,42.8616,0.10096,0.0201301
1,42.8616,0.11358,0.0201301
1,42.8616,0.1262,0.0201301
1,42.8616,0.13882,0.0201301
1,42.8616,0.15144,0.020132
1,42.8616,0.16406,0.0202322
1,42.8616,0.17668,0.0202257
1,42.8616,0.18929,0.0204467
1,42.8616,0.20191,0.0204467
1,42.8616,0.21453,0.0203834
1,42.8616,0.22715,0.020338
1,42.8616,0.23977,0.0202603
1,42.8616,0.25239,0.0198976
1,42.8616,0.26501,0.0198417
1,42.8616,0.27763,0.0197925
1,42.8616,0.29025,0.0198483
1,42.8616,0.30287,0.0198347
1,42.8616,0.31549,0.0200214
1,42.8616,0.32811,0.0200214
1,42.8616,0.34073,0.0199662
1,42.8616,0.35335,0.0200196
1,42.8616,0.36597,0.0200306
1,42.8616,0.37859,0.0200664
1,42.8616,0.39121,0.0200924
1,42.8616,0.40383,0.0199456
1,42.8616,0.41645,0.0195672
1,42.8616,0.42907,0.0194318
1,42.8616,0.44169,0.0193985
1,42.8616,0.45431,0.0193985
1,42.8616,0.46693,0.0193985
1,42.8616,0.47955,0.0193666
1,42.8616,0.49217,0.0193969
1,42.8616,0.50479,0.0194433
1,48.5815,0,0.0199489
1,48.5815,0.01262,0.0199489
1,48.5815,0.02524,0.0199489
1,48.5815,0.03786,0.0199489
1,48.5815,0.05048,0.0199489
1,48.5815,0.0631,0.0199489
1,48.5815,0.07572,0.0199489
1,48.5815,0.08834,0.0199489
1,48.5815,0.10096,0.0199489
1,48.5815,0.11358,0.0199489
1,48.5815,0.1262,0.0199489
1,48.5815,0.13882,0.0199489
1,48.5815,0.15144,0.0199508
1,48.5815,0.16406,0.0200509
1,48.5815,0.17668,0.0200444
1,48.5815,0.18929,0.0202652
1,48.5815,0.20191,0.0202652
1,48.5815,0.21453,0.020202
1,48.5815,0.22715,0.0201566
1,48.5815,0.23977,0.020079
1,48.5815,0.25239,0.0197166
1,48.5815,0.26501,0.0196607
1,48.5815,0.27763,0.0196116
1,48.5815,0.29025,0.0196674
1,48.5815,0.30287,0.0196538
1,48.5815,0.31549,0.0198304
1,48.5815,0.32811,0.0198304
1,48.5815,0.34073,0.019817
1,48.5815,0.35335,0.0198704
1,48.5815,0.36597,0.0198676
1,48.5815,0.37859,0.0199035
1,48.5815,0.39121,0.0199294
1,48.5815,0.40383,0.0197563
1,48.5815,0.41645,0.0193313
1,48.5815,0.42907,0.0191532
1,48.5815,0.44169,0.0191199
1,48.5815,0.45431,0.0191199
1,48.5815,0.46693,0.0191199
1,48.5815,0.47955,0.0190881
1,48.5815,0.49217,0.0191183
1,48.5815,0.50479,0.0191647
1,55.0647,0,0.0169955
1,55.0647,0.01262,0.0169955
1,55.0647,0.02524,0.0169955
1,55.0647,0.03786,0.0169955
1,55.0647,0.05048,0.0169955
1,55.0647,0.0631,0.0169955
1,55.0647,0.07572,0.0169955
1,55.0647,0.08834,0.0169955
1,55.0647,0.10096,0.0169955
1,55.0647,0.11358,0.0169955
1,55.0647,0.1262,0.0169955
1,55.0647,0.13882,0.0169955
1,55.0647,0.15144,0.0169973
1,55.0647,0.16406,0.0170588
1,55.0647,0.17668,0.0170453
1,55.0647,0.18929,0.01716
1,55.0647,0.20191,0.01716
1,55.0647,0.21453,0.0171386
1,55.0647,0.22715,0.0171427
1,55.0647,0.23977,0.0170488
1,55.0647,0.25239,0.0166733
1,55.0647,0.26501,0.0166183
1,55.0647,0.27763,0.0166183
1,55.0647,0.29025,0.0166508
1,55.0647,0.30287,0.0166375
1,55.0647,0.31549,0.0167867
1,55.0647,0.32811,0.0167867
1,55.0647,0.34073,0.0167735
1,55.0647,0.35335,0.0168261
1,55.0647,0.36597,0.0167787
1,55.0647,0.37859,0.0168065
1,55.0647,0.39121,0.0168015
1,55.0647,0.40383,0.0165099
1,55.0647,0.41645,0.0160018
1,55.0647,0.42907,0.0157489
1,55.0647,0.44169,0.0157489
1,55.0647,0.45431,0.0157489
1,55.0647,0.46693,0.0157489
1,55.0647,0.47955,0.0157702
1,55.0647,0.49217,0.0158
1,55.0647,0.50479,0.0158456
1,62.413,0,0.0169955
1,62.413,0.01262,0.0169955
1,62.413,0.02524,0.0169955
1,62.413,0.03786,0.0169955
1,62.413,0.05048,0.0169955
1,62.413,0.0631,0.0169955
1,62.413,0.07572,0.0169955
1,62.413,0.08834,0.0169955
1,62.413,0.10096,0.0169955
1,62.413,0.11358,0.0169955
1,62.413,0.1262,0.0169955
1,62.413,0.13882,0.0169955
1,62.413,0.15144,0.0169973
1,62.413,0.16406,0.0170588
1,62.413,0.17668,0.0170453
1,62.413,0.18929,0.01716
1,62.413,0.20191,0.01716
1,62.413,0.21453,0.0171386
1,62.413,0.22715,0.0171427
1,62.413,0.23977,0.0170488
1,62.413,0.25239,0.0166733
1,62.413,0.26501,0.0166183
1,62.413,0.27763,0.0166183
1,62.413,0.29025,0.0166508
1,62.413,0.30287,0.0166375
1,62.413,0.31549,0.0167867
1,62.413,0.32811,0.0167867
1,62.413,0.34073,0.0167735
1,62.413,0.35335,0.0168261
1,62.413,0.36597,0.0167787
1,62.413,0.37859,0.0168065
1,62.413,0.39121,0.0168015
1,62.413,0.40383,0.0165099
1,62.413,0.41645,0.0160018
1,62.413,0.42907,0.0157489
1,62.413,0.44169,0.0157489
1,62.413,0.45431,0.0157489
1,62.413,0.46693,0.0157489
1,62.413,0.47955,0.0157702
1,62.413,0.49217,0.0158
1,62.413,0.50479,0.0158456
1,70.742,0,0.0169955
1,70.742,0.01262,0.0169955
1,70.742,0.02524,0.0169955
1,70.742,0.03786,0.0169955
1,70.742,0.05048,0.0169955
1,70.742,0.0631,0.0169955
1,70.742,0.07572,0.0169955
1,70.742,0.08834,0.0169955
1,70.742,0.10096,0.0169955
1,70.742,0.11358,0.0169955
1,70.742,0.1262,0.0169955
1,70.742,0.13882,0.0169955
1,70.742,0.15144,0.0169973
1,70.742,0.16406,0.0170588
1,70.742,0.17668,0.0170453
1,70.742,0.18929,0.01716
1,70.742,0.20191,0.01716
1,70.742,0.21453,0.0171386
1,70.742,0.22715,0.0171427
1,70.742,0.23977,0.0170488
1,70.742,0.25239,0.0166733
1,70.742,0.26501,0.0166183
1,70.742,0.27763,0.0166183
1,70.742,0.29025,0.0166508
1,70.742,0.30287,0.0166375
1,70.742,0.31549,0.0167867
1,70.742,0.32811,0.0167867
1,70.742,0.34073,0.0167735
1,70.742,0.35335,0.0168261
1,70.742,0.36597,0.0167787
1,70.742,0.37859,0.0168065
1,70.742,0.39121,0.0168015
1,70.742,0.40383,0.0165099
1,70.742,0.41645,0.0160018
1,70.742,0.42907,0.0157489
1,70.742,0.44169,0.0157489
1,70.742,0.45431,0.0157489
1,70.742,0.46693,0.0157489
1,70.742,0.47955,0.0157702
1,70.742,0.49217,0.0158
1,70.742,0.50479,0.0158456
1,80.1825,0,0.0169955
1,80.1825,0.01262,0.0169955
1,80.1825,0.02524,0.0169955
1,80.1825,0.03786,0.0169955
1,80.1825,0.05048,0.0169955
1,80.1825,0.0631,0.0169955
1,80.1825,0.07572,0.0169955
1,80.1825,0.08834,0.0169955
1,80.1825,0.10096,0.0169955
1,80.1825,0.11358,0.0169955
1,80.1825,0.1262,0.0169955
1,80.1825,0.13882,0.0169955
1,80.1825,0.15144,0.0169973
1,80.1825,0.16406,0.0170588
1,80.1825,0.17668,0.0170453
1,80.1825,0.18929,0.01716
1,80.1825,0.20191,0.01716
1,80.1825,0.21453,0.0171386
1,80.1825,0.22715,0.0171427
1,80.1825,0.23977,0.0170488
1,80.1825,0.25239,0.0166733
1,80.1825,0.26501,0.0166183
1,80.1825,0.27763,0.0166183
1,80.1825,0.29025,0.0166508
1,80.1825,0.30287,0.0166375
1,80.1825,0.31549,0.0167867
1,80.1825,0.32811,0.0167867
1,80.1825,0.34073,0.0167735
1,80.1825,0.35335,0.0168261
1,80.1825,0.36597,0.0167787
1,80.1825,0.37859,0.0168065
1,80.1825,0.39121,0.0168015
1,80.1825,0.40383,0.0165099
1,80.1825,0.41645,0.0160018
1,80.1825,0.42907,0.0157489
1,80.1825,0.44169,0.0157489
1,80.1825,0.45431,0.0157489
1,80.1825,0.46693,0.0157489
1,80.1825,0.47955,0.0157702
1,80.1825,0.49217,0.0158
1,80.1825,0.50479,0.0158456
1,90.8829,0,0.0169955
1,90.8829,0.01262,0.0169955
1,90.8829,0.02524,0.0169955
1,90.8829,0.03786,0.0169955
1,90.8829,0.05048,0.0169955
1,90.8829,0.0631,0.0169955
1,90.8829,0.07572,0.0169955
1,90.8829,0.08834,0.0169955
1,90.8829,0.10096,0.0169955
1,90.8829,0.11358,0.0169955
1,90.8829,0.1262,0.0169955
1,90.8829,0.13882,0.0169955
1,90.8829,0.15144,0.0169973
1,90.8829,0.16406,0.0170588
1,90.8829,0.17668,0.0170453
1,90.8829,0.18929,0.01716
1,90.8829,0.20191,0.01716
1,90.8829,0.21453,0.0171386
1,90.8829,0.22715,0.0171427
1,90.8829,0.23977,0.0170488
1,90.8829,0.25239,0.0166733
1,90.8829,0.26501,0.0166183
1,90.8829,0.27763,0.0166183
1,90.8829,0.29025,0.0166508
1,90.8829,0.30287,0.0166375
1,90.8829,0.31549,0.0167867
1,90.8829,0.32811,0.0167867
1,90.8829,0.34073,0.0167735
1,90.8829,0.35335,0.0168261
1,90.8829,0.36597,0.0167787
1,90.8829,0.37859,0.0168065
1,90.8829,0.39121,0.0168015
1,90.8829,0.40383,0.0165099
1,90.8829,0.41645,0.0160018
1,90.8829,0.42907,0.0157489
1,90.8829,0.44169,0.0157489
1,90.8829,0.45431,0.0157489
1,90.8829,0.46693,0.0157489
1,90.8829,0.47955,0.0157702
1,90.8829,0.49217,0.0158
1,90.8829,0.50479,0.0158456
1,103.011,0,0.0169955
1,103.011,0.01262,0.0169955
1,103.011,0.02524,0.0169955
1,103.011,0.03786,0.0169955
1,103.011,0.05048,0.0169955
1,103.011,0.0631,0.0169955
1,103.011,0.07572,0.0169955
1,103.011,0.08834,0.0169955
1,103.011,0.10096,0.0169955
1,103.011,0.11358,0.0169955
1,103.011,0.1262,0.0169955
1,103.011,0.13882,0.0169955
1,103.011,0.15144,0.0169973
1,103.011,0.16406,0.0170588
1,103.011,0.17668,0.0170453
1,103.011,0.18929,0.01716
1,103.011,0.20191,0.01716
1,103.011,0.21453,0.0171386
1,103.011,0.22715,0.0171427
1,103.011,0.23977,0.0170488
1,103.011,0.25239,0.0166733
1,103.011,0.26501,0.0166183
1,103.011,0.27763,0.0166183
1,103.011,0.29025,0.0166508
1,103.011,0.30287,0.0166375
1,103.011,0.31549,0.0167867
1,103.011,0.32811,0.0167867
1,103.011,0.34073,0.0167735
1,103.011,0.35335,0.0168261
1,103.011,0.36597,0.0167787
1,103.011,0.37859,0.0168065
1,103.011,0.39121,0.0168015
1,103.011,0.40383,0.0165099
1,103.011,0.41645,0.0160018
1,103.011,0.42907,0.0157489
1,103.011,0.44169,0.0157489
1,103.011,0.45431,0.0157489
1,103.011,0.46693,0.0157489
1,103.011,0.47955,0.0157702
1,103.011,0.49217,0.0158
1,103.011,0.50479,0.0158456
1,116.758,0,0.0169955
1,116.758,0.01262,0.0169955
1,116.758,0.02524,0.0169955
1,116.758,0.03786,0.0169955
1,116.758,0.05048,0.0169955
1,116.758,0.0631,0.0169955
1,116.758,0.07572,0.0169955
1,116.758,0.08834,0.0169955
1,116.758,0.10096,0.0169955
1,116.758,0.11358,0.0169955
1,116.758,0.1262,0.0169955
1,116.758,0.13882,0.0169955
1,116.758,0.15144,0.0169973
1,116.758,0.16406,0.0170588
1,116.758,0.17668,0.0170453
1,116.758,0.18929,0.01716
1,116.758,0.20191,0.01716
1,116.758,0.21453,0.0171386
1,116.758,0.22715,0.0171427
1,116.758,0.23977,0.0170488
1,116.758,0.25239,0.0166733
1,116.758,0.26501,0.0166183
1,116.758,0.27763,0.0166183
1,116.758,0.29025,0.0166508
1,116.758,0.30287,0.0166375
1,116.758,0.31549,0.0167867
1,116.758,0.32811,0.0167867
1,116.758,0.34073,0.0167735
1,116.758,0.35335,0.0168261
1,116.758,0.36597,0.0167787
1,116.758,0.37859,0.0168065
1,116.758,0.39121,0.0168015
1,116.758,0.40383,0.0165099
1,116.758,0.41645,0.0160018
1,116.758,0.42907,0.0157489
1,116.758,0.44169,0.0157489
1,116.758,0.45431,0.0157489
1,116.758,0.46693,0.0157489
1,116.758,0.47955,0.0157702
1,116.758,0.49217,0.0158
1,116.758,0.50479,0.0158456
1,132.339,0,0.0169955
1,132.339,0.01262,0.0169955
1,132.339,0.02524,0.0169955
1,132.339,0.03786,0.0169955
1,132.339,0.05048,0.0169955
1,132.339,0.0631,0.0169955
1,132.339,0.07572,0.0169955
1,132.339,0.08834,0.0169955
1,132.339,0.10096,0.0169955
1,132.339,0.11358,0.0169955
1,132.339,0.1262,0.0169955
1,132.339,0.13882,0.0169955
1,132.339,0.15144,0.0169973
1,132.339,0.16406,0.0170588
1,132.339,0.17668,0.0170453
1,132.339,0.18929,0.01716
1,132.339,0.20191,0.01716
1,132.339,0.21453,0.0171386
1,132.339,0.22715,0.0171427
1,132.339,0.23977,0.0170488
1,132.339,0.25239,0.0166733
1,132.339,0.26501,0.0166183
1,132.339,0.27763,0.0166183
1,132.339,0.29025,0.0166508
1,132.339,0.30287,0.0166375
1,132.339,0.31549,0.0167867
1,132.339,0.32811,0.0167867
1,132.339,0.34073,0.0167735
1,132.339,0.35335,0.0168261
1,132.339,0.36597,0.0167787
1,132.339,0.37859,0.0168065
1,132.339,0.39121,0.0168015
1,132.339,0.40383,0.0165099
1,132.339,0.41645,0.0160018
1,132.339,0.42907,0.0157489
1,132.339,0.44169,0.0157489
1,132.339,0.45431,0.0157489
1,132.339,0.46693,0.0157489
1,132.339,0.47955,0.0157702
1,132.339,0.49217,0.0158
1,132.339,0.50479,0.0158456
1,150,0,0.0169955
1,150,0.01262,0.0169955
1,150,0.02524,0.0169955
1,150,0.03786,0.0169955
1,150,0.05048,0.0169955
1,150,0.0631,0.0169955
1,150,0.07572,0.0169955
1,150,0.08834,0.0169955
1,150,0.10096,0.0169955
1,150,0.11358,0.0169955
1,150,0.1262,0.0169955
1,150,0.13882,0.0169955
1,150,0.15144,0.0169973
1,150,0.16406,0.0170588
1,150,0.17668,0.0170453
1,150,0.18929,0.01716
1,150,0.20191,0.01716
1,150,0.21453,0.0171386
1,150,0.22715,0.0171427
1,150,0.23977,0.0170488
1,150,0.25239,0.0166733
1,150,0.26501,0.0166183
1,150,0.27763,0.0166183
1,150,0.29025,0.0166508
1,150,0.30287,0.0166375
1,150,0.31549,0.0167867
1,150,0.32811,0.0167867
1,150,0.34073,0.0167735
1,150,0.35335,0.0168261
1,150,0.36597,0.0167787
1,150,0.37859,0.0168065
1,150,0.39121,0.0168015
1,150,0.40383,0.0165099
1,150,0.41645,0.0160018
1,150,0.42907,0.0157489
1,150,0.44169,0.0157489
1,150,0.45431,0.0157489
1,150,0.46693,0.0157489
1,150,0.47955,0.0157702
1,150,0.49217,0.0158
1,150,0.50479,0.0158456
2,1,0,0.0650375
2,1,0.01262,0.0650375
2,1,0.02524,0.0650375
2,1,0.03786,0.0650375
2,1,0.05048,0.0644648
2,1,0.0631,0.0685553
2,1,0.07572,0.0650981
2,1,0.08834,0.0659794
2,1,0.10096,0.0614179
2,1,0.11358,0.073166
2,1,0.1262,0.073166
2,1,0.13882,0.073166
2,1,0.15144,0.073166
2,1,0.16406,0.073166
2,1,0.17668,0.073166
2,1,0.18929,0.073166
2,1,0.20191,0.073166
2,1,0.21453,0.073166
2,1,0.22715,0.073166
2,1,0.23977,0.073166
2,1,0.25239,0.073166
2,1,0.26501,0.073166
2,1,0.27763,0.073166
2,1,0.29025,0.073166
2,1,0.30287,0.073166
2,1,0.31549,0.073166
2,1,0.32811,0.073166
2,1,0.34073,0.073166
2,1,0.35335,0.073166
2,1,0.36597,0.073166
2,1,0.37859,0.073166
2,1,0.39121,0.073166
2,1,0.40383,0.073166
2,1,0.41645,0.073166
2,1,0.42907,0.073166
2,1,0.44169,0.073166
2,1,0.45431,0.073166
2,1,0.46693,0.073166
2,1,0.47955,0.073166
2,1,0.49217,0.073166
2,1,0.50479,0.073166
2,1.1334,0,0.0674143
2,1.1334,0.01262,0.0674143
2,1.1334,0.02524,0.0674143
2,1.1334,0.03786,0.0674143
2,1.1334,0.05048,0.0666294
2,1.1334,0.0631,0.0771209
2,1.1334,0.07572,0.0736062
2,1.1334,0.08834,0.0717601
2,1.1334,0.10096,0.066774
2,1.1334,0.11358,0.0751903
2,1.1334,0.1262,0.0751903
2,1.1334,0.13882,0.0751903
2,1.1334,0.15144,0.0751903
2,1.1334,0.16406,0.0751903
2,1.1334,0.17668,0.0751903
2,1.1334,0.18929,0.0751903
2,1.1334,0.20191,0.0751903
2,1.1334,0.21453,0.0751903
2,1.1334,0.22715,0.0751903
2,1.1334,0.23977,0.0751903
2,1.1334,0.25239,0.0751903
2,1.1334,0.26501,0.0751903
2,1.1334,0.27763,0.0751903
2,1.1334,0.29025,0.0751903
2,1.1334,0.30287,0.0751903
2,1.1334,0.31549,0.0751903
2,1.1334,0.32811,0.0751903
2,1.1334,0.34073,0.0751903
2,1.1334,0.35335,0.0751903
2,1.1334,0.36597,0.0751903
2,1.1334,0.37859,0.0751903
2,1.1334,0.39121,0.0751903
2,1.1334,0.40383,0.0751903
2,1.1334,0.41645,0.0751903
2,1.1334,0.42907,0.0751903
2,1.1334,0.44169,0.0751903
2,1.1334,0.45431,0.0751903
2,1.1334,0.46693,0.0751903
2,1.1334,0.47955,0.0751903
2,1.1334,0.49217,0.0751903
2,1.1334,0.50479,0.0751903
2,1.2847,0,0.0591109
2,1.2847,0.01262,0.0591109
2,1.2847,0.02524,0.0591109
2,1.2847,0.03786,0.0591109
2,1.2847,0.05048,0.0601267
2,1.2847,0.0631,0.0627354
2,1.2847,0.07572,0.0631764
2,1.2847,0.08834,0.0634222
2,1.2847,0.10096,0.0627131
2,1.2847,0.11358,0.0650128
2,1.2847,0.1262,0.0650128
2,1.2847,0.13882,0.0650128
2,1.2847,0.15144,0.0650128
2,1.2847,0.16406,0.0650128
2,1.2847,0.17668,0.0650128
2,1.2847,0.18929,0.0650128
2,1.2847,0.20191,0.0650128
2,1.2847,0.21453,0.0650128
2,1.2847,0.22715,0.0650128
2,1.2847,0.23977,0.0650128
2,1.2847,0.25239,0.0650128
2,1.2847,0.26501,0.0650128
2,1.2847,0.27763,0.0650128
2,1.2847,0.29025,0.0650128
2,1.2847,0.30287,0.0650128
2,1.2847,0.31549,0.0650128
2,1.2847,0.32811,0.0650128
2,1.2847,0.34073,0.0650128
2,1.2847,0.35335,0.0650128
2,1.2847,0.36597,0.0650128
2,1.2847,0.37859,0.0650128
2,1.2847,0.39121,0.0650128
2,1.2847,0.40383,0.0650128
2,1.2847,0.41645,0.0650128
2,1.2847,0.42907,0.0650128
2,1.2847,0.44169,0.0650128
2,1.2847,0.45431,0.0650128
2,1.2847,0.46693,0.0650128
2,1.2847,0.47955,0.0650128
2,1.2847,0.49217,0.0650128
2,1.2847,0.50479,0.0650128
2,1.4562,0,0.0521925
2,1.4562,0.01262,0.0521925
2,1.4562,0.02524,0.0521925
2,1.4562,0.03786,0.0521925
2,1.4562,0.05048,0.0517605
2,1.4562,0.0631,0.0489292
2,1.4562,0.07572,0.0531213
2,1.4562,0.08834,0.0524664
2,1.4562,0.10096,0.0525663
2,1.4562,0.11358,0.0525663
2,1.4562,0.1262,0.0525663
2,1.4562,0.13882,0.0525663
2,1.4562,0.15144,0.0525663
2,1.4562,0.16406,0.0525663
2,1.4562,0.17668,0.0525663
2,1.4562,0.18929,0.0525663
2,1.4562,0.20191,0.0525663
2,1.4562,0.21453,0.0525663
2,1.4562,0.22715,0.0525663
2,1.4562,0.23977,0.0525663
2,1.4562,0.25239,0.0525663
2,1.4562,0.26501,0.0525663
2,1.4562,0.27763,0.0525663
2,1.4562,0.29025,0.0525663
2,1.4562,0.30287,0.0525663
2,1.4562,0.31549,0.0525663
2,1.4562,0.32811,0.0525663
2,1.4562,0.34073,0.0525663
2,1.4562,0.35335,0.0525663
2,1.4562,0.36597,0.0525663
2,1.4562,0.37859,0.0525663
2,1.4562,0.39121,0.0525663
2,1.4562,0.40383,0.0525663
2,1.4562,0.41645,0.0525663
2,1.4562,0.42907,0.0525663
2,1.4562,0.44169,0.0525663
2,1.4562,0.45431,0.0525663
2,1.4562,0.46693,0.0525663
2,1.4562,0.47955,0.0525663
2,1.4562,0.49217,0.0525663
2,1.4562,0.50479,0.0525663
2,1.6505,0,0.0460027
2,1.6505,0.01262,0.0460027
2,1.6505,0.02524,0.0460027
2,1.6505,0.03786,0.0460027
2,1.6505,0.05048,0.0505174
2,1.6505,0.0631,0.0522909
2,1.6505,0.07572,0.0545317
2,1.6505,0.08834,0.0538727
2,1.6505,0.10096,0.0539611
2,1.6505,0.11358,0.0539611
2,1.6505,0.1262,0.0539611
2,1.6505,0.13882,0.0539611
2,1.6505,0.15144,0.0539611
2,1.6505,0.16406,0.0539611
2,1.6505,0.17668,0.0539611
2,1.6505,0.18929,0.0539611
2,1.6505,0.20191,0.0539611
2,1.6505,0.21453,0.0539611
2,1.6505,0.22715,0.0539611
2,1.6505,0.23977,0.0539611
2,1.6505,0.25239,0.0539611
2,1.6505,0.26501,0.0539611
2,1.6505,0.27763,0.0539611
2,1.6505,0.29025,0.0539611
2,1.6505,0.30287,0.0539611
2,1.6505,0.31549,0.0539611
2,1.6505,0.32811,0.0539611
2,1.6505,0.34073,0.0539611
2,1.6505,0.35335,0.0539611
2,1.6505,0.36597,0.0539611
2,1.6505,0.37859,0.0539611
2,1.6505,0.39121,0.0539611
2,1.6505,0.40383,0.0539611
2,1.6505,0.41645,0.0539611
2,1.6505,0.42907,0.0539611
2,1.6505,0.44169,0.0539611
2,1.6505,0.45431,0.0539611
2,1.6505,0.46693,0.0539611
2,1.6505,0.47955,0.0539611
2,1.6505,0.49217,0.0539611
2,1.6505,0.50479,0.0539611
2,1.8707,0,0.0472285
2,1.8707,0.01262,0.0472285
2,1.8707,0.02524,0.0472285
2,1.8707,0.03786,0.0472285
2,1.8707,0.05048,0.0453327
2,1.8707,0.0631,0.0498388
2,1.8707,0.07572,0.0485293
2,1.8707,0.08834,0.0501355
2,1.8707,0.10096,0.0503007
2,1.8707,0.11358,0.0503007
2,1.8707,0.1262,0.0503007
2,1.8707,0.13882,0.0503007
2,1.8707,0.15144,0.0503007
2,1.8707,0.16406,0.0503007
2,1.8707,0.17668,0.0503007
2,1.8707,0.18929,0.0503007
2,1.8707,0.20191,0.0503007
2,1.8707,0.21453,0.0503007
2,1.8707,0.22715,0.0503007
2,1.8707,0.23977,0.0503007
2,1.8707,0.25239,0.0503007
2,1.8707,0.26501,0.0503007
2,1.8707,0.27763,0.0503007
2,1.8707,0.29025,0.0503007
2,1.8707,0.30287,0.0503007
2,1.8707,0.31549,0.0503007
2,1.8707,0.32811,0.0503007
2,1.8707,0.34073,0.0503007
2,1.8707,0.35335,0.0503007
2,1.8707,0.36597,0.0503007
2,1.8707,0.37859,0.0503007
2,1.8707,0.39121,0.0503007
2,1.8707,0.40383,0.0503007
2,1.8707,0.41645,0.0503007
2,1.8707,0.42907,0.0503007
2,1.8707,0.44169,0.0503007
2,1.8707,0.45431,0.0503007
2,1.8707,0.46693,0.0503007
2,1.8707,0.47955,0.0503007
2,1.8707,0.49217,0.0503007
2,1.8707,0.50479,0.0503007
2,2.1204,0,0.0461531
2,2.1204,0.01262,0.0461531
2,2.1204,0.02524,0.0461531
2,2.1204,0.03786,0.0461531
2,2.1204,0.05048,0.0386287
2,2.1204,0.0631,0.0436072
2,2.1204,0.07572,0.0410465
2,2.1204,0.08834,0.0444944
2,2.1204,0.10096,0.0441679
2,2.1204,0.11358,0.0443405
2,2.1204,0.1262,0.0443405
2,2.1204,0.13882,0.0443405
2,2.1204,0.15144,0.0443405
2,2.1204,0.16406,0.0443405
2,2.1204,0.17668,0.0443405
2,2.1204,0.18929,0.0443405
2,2.1204,0.20191,0.0443405
2,2.1204,0.21453,0.0443405
2,2.1204,0.22715,0.0443405
2,2.1204,0.23977,0.0443405
2,2.1204,0.25239,0.0443405
2,2.1204,0.26501,0.0443405
2,2.1204,0.27763,0.0443405
2,2.1204,0.29025,0.0443405
2,2.1204,0.30287,0.0443405
2,2.1204,0.31549,0.0443405
2,2.1204,0.32811,0.0443405
2,2.1204,0.34073,0.0443405
2,2.1204,0.35335,0.0443405
2,2.1204,0.36597,0.0443405
2,2.1204,0.37859,0.0443405
2,2.1204,0.39121,0.0443405
2,2.1204,0.40383,0.0443405
2,2.1204,0.41645,0.0443405
2,2.1204,0.42907,0.0443405
2,2.1204,0.44169,0.0443405
2,2.1204,0.45431,0.0443405
2,2.1204,0.46693,0.0443405
2,2.1204,0.47955,0.0443405
2,2.1204,0.49217,0.0443405
2,2.1204,0.50479,0.0443405
2,2.4033,0,0.0431426
2,2.4033,0.01262,0.0431426
2,2.4033,0.02524,0.0431426
2,2.4033,0.03786,0.0431426
2,2.4033,0.05048,0.0390091
2,2.4033,0.0631,0.0401078
2,2.4033,0.07572,0.0383251
2,2.4033,0.08834,0.0411539
2,2.4033,0.10096,0.0426805
2,2.4033,0.11358,0.0430341
2,2.4033,0.1262,0.0432206
2,2.4033,0.13882,0.0432206
2,2.4033,0.15144,0.0432206
2,2.4033,0.16406,0.0432206
2,2.4033,0.17668,0.0432206
2,2.4033,0.18929,0.0432206
2,2.4033,0.20191,0.0432206
2,2.4033,0.21453,0.0432206
2,2.4033,0.22715,0.0432206
2,2.4033,0.23977,0.0432206
2,2.4033,0.25239,0.0432206
2,2.4033,0.26501,0.0432206
2,2.4033,0.27763,0.0432206
2,2.4033,0.29025,0.0432206
2,2.4033,0.30287,0.0432206
2,2.4033,0.31549,0.0432206
2,2.4033,0.32811,0.0432206
2,2.4033,0.34073,0.0432206
2,2.4033,0.35335,0.0432206
2,2.4033,0.36597,0.0432206
2,2.4033,0.37859,0.0432206
2,2.4033,0.39121,0.0432206
2,2.4033,0.40383,0.0432206
2,2.4033,0.41645,0.0432206
2,2.4033,0.42907,0.0432206
2,2.4033,0.44169,0.0432206
2,2.4033,0.45431,0.0432206
2,2.4033,0.46693,0.0432206
2,2.4033,0.47955,0.0432206
2,2.4033,0.49217,0.0432206
2,2.4033,0.50479,0.0432206
2,2.7241,0,0.0386745
2,2.7241,0.01262,0.0386745
2,2.7241,0.02524,0.0386745
2,2.7241,0.03786,0.0386745
2,2.7241,0.05048,0.0375649
2,2.7241,0.0631,0.0370584
2,2.7241,0.07572,0.0359747
2,2.7241,0.08834,0.0392174
2,2.7241,0.10096,0.0410377
2,2.7241,0.11358,0.0416808
2,2.7241,0.1262,0.0419027
2,2.7241,0.13882,0.0419027
2,2.7241,0.15144,0.0419027
2,2.7241,0.16406,0.0419027
2,2.7241,0.17668,0.0419027
2,2.7241,0.18929,0.0419027
2,2.7241,0.20191,0.0419027
2,2.7241,0.21453,0.0419027
2,2.7241,0.22715,0.0419027
2,2.7241,0.23977,0.0419027
2,2.7241,0.25239,0.0419027
2,2.7241,0.26501,0.0419027
2,2.7241,0.27763,0.0419027
2,2.7241,0.29025,0.0419027
2,2.7241,0.30287,0.0419027
2,2.7241,0.31549,0.0419027
2,2.7241,0.32811,0.0419027
2,2.7241,0.34073,0.0419027
2,2.7241,0.35335,0.0419027
2,2.7241,0.36597,0.0419027
2,2.7241,0.37859,0.0419027
2,2.7241,0.39121,0.0419027
2,2.7241,0.40383,0.0419027
2,2.7241,0.41645,0.0419027
2,2.7241,0.42907,0.0419027
2,2.7241,0.44169,0.0419027
2,2.7241,0.45431,0.0419027
2,2.7241,0.46693,0.0419027
2,2.7241,0.47955,0.0419027
2,2.7241,0.49217,0.0419027
2,2.7241,0.50479,0.0419027
2,3.0876,0,0.0385934
2,3.0876,0.01262,0.0385934
2,3.0876,0.02524,0.0385934
2,3.0876,0.03786,0.0385934
2,3.0876,0.05048,0.0382726
2,3.0876,0.0631,0.035563
2,3.0876,0.07572,0.036169
2,3.0876,0.08834,0.0389436
2,3.0876,0.10096,0.0390228
2,3.0876,0.11358,0.0405966
2,3.0876,0.1262,0.0411738
2,3.0876,0.13882,0.0412296
2,3.0876,0.15144,0.0412296
2,3.0876,0.16406,0.0412296
2,3.0876,0.17668,0.0412296
2,3.0876,0.18929,0.0412296
2,3.0876,0.20191,0.0412296
2,3.0876,0.21453,0.0412296
2,3.0876,0.22715,0.0412296
2,3.0876,0.23977,0.0412296
2,3.0876,0.25239,0.0412296
2,3.0876,0.26501,0.0412296
2,3.0876,0.27763,0.0412296
2,3.0876,0.29025,0.0412296
2,3.0876,0.30287,0.0412296
2,3.0876,0.31549,0.0412296
2,3.0876,0.32811,0.0412296
2,3.0876,0.34073,0.0412296
2,3.0876,0.35335,0.0412296
2,3.0876,0.36597,0.0412296
2,3.0876,0.37859,0.0412296
2,3.0876,0.39121,0.0412296
2,3.0876,0.40383,0.0412296
2,3.0876,0.41645,0.0412296
2,3.0876,0.42907,0.0412296
2,3.0876,0.44169,0.0412296
2,3.0876,0.45431,0.0412296
2,3.0876,0.46693,0.0412296
2,3.0876,0.47955,0.0412296
2,3.0876,0.49217,0.0412296
2,3.0876,0.50479,0.0412296
2,3.4996,0,0.0358894
2,3.4996,0.01262,0.0358894
2,3.4996,0.02524,0.0358894
2,3.4996,0.03786,0.0358894
2,3.4996,0.05048,0.0357596
2,3.4996,0.0631,0.0339212
2,3.4996,0.07572,0.0328299
2,3.4996,0.08834,0.0322639
2,3.4996,0.10096,0.0334433
2,3.4996,0.11358,0.0348633
2,3.4996,0.1262,0.0360251
2,3.4996,0.13882,0.0362511
2,3.4996,0.15144,0.0362511
2,3.4996,0.16406,0.0363346
2,3.4996,0.17668,0.0363346
2,3.4996,0.18929,0.0363346
2,3.4996,0.20191,0.0363346
2,3.4996,0.21453,0.0363346
2,3.4996,0.22715,0.0363346
2,3.4996,0.23977,0.0363346
2,3.4996,0.25239,0.0363346
2,3.4996,0.26501,0.0363346
2,3.4996,0.27763,0.0363346
2,3.4996,0.29025,0.0363346
2,3.4996,0.30287,0.0363346
2,3.4996,0.31549,0.0363346
2,3.4996,0.32811,0.0363346
2,3.4996,0.34073,0.0363346
2,3.4996,0.35335,0.0363346
2,3.4996,0.36597,0.0363346
2,3.4996,0.37859,0.0363346
2,3.4996,0.39121,0.0363346
2,3.4996,0.40383,0.0363346
2,3.4996,0.41645,0.0363346
2,3.4996,0.42907,0.0363346
2,3.4996,0.44169,0.0363346
2,3.4996,0.45431,0.0363346
2,3.4996,0.46693,0.0363346
2,3.4996,0.47955,0.0363346
2,3.4996,0.49217,0.0363346
2,3.4996,0.50479,0.0363346
2,3.9667,0,0.0330236
2,3.9667,0.01262,0.0330236
2,3.9667,0.02524,0.0330236
2,3.9667,0.03786,0.0330236
2,3.9667,0.05048,0.0330236
2,3.9667,0.0631,0.0326437
2,3.9667,0.07572,0.0312905
2,3.9667,0.08834,0.0314878
2,3.9667,0.10096,0.0311335
2,3.9667,0.11358,0.0283719
2,3.9667,0.1262,0.0323534
2,3.9667,0.13882,0.0327117
2,3.9667,0.15144,0.0338023
2,3.9667,0.16406,0.0346798
2,3.9667,0.17668,0.0348148
2,3.9667,0.18929,0.0347497
2,3.9667,0.20191,0.0347781
2,3.9667,0.21453,0.0347781
2,3.9667,0.22715,0.0347781
2,3.9667,0.23977,0.0347132
2,3.9667,0.25239,0.034491
2,3.9667,0.26501,0.0344122
2,3.9667,0.27763,0.0344473
2,3.9667,0.29025,0.0344473
2,3.9667,0.30287,0.0344473
2,3.9667,0.31549,0.0345036
2,3.9667,0.32811,0.0345036
2,3.9667,0.34073,0.0345036
2,3.9667,0.35335,0.0345036
2,3.9667,0.36597,0.0345036
2,3.9667,0.37859,0.0345036
2,3.9667,0.39121,0.0345036
2,3.9667,0.40383,0.034516
2,3.9667,0.41645,0.034516
2,3.9667,0.42907,0.034516
2,3.9667,0.44169,0.034516
2,3.9667,0.45431,0.034516
2,3.9667,0.46693,0.034516
2,3.9667,0.47955,0.034516
2,3.9667,0.49217,0.034516
2,3.9667,0.50479,0.034516
2,4.496,0,0.030561
2,4.496,0.01262,0.030561
2,4.496,0.02524,0.030561
2,4.496,0.03786,0.030561
2,4.496,0.05048,0.030561
2,4.496,0.0631,0.0303391
2,4.496,0.07572,0.0291711
2,4.496,0.08834,0.0308438
2,4.496,0.10096,0.0313535
2,4.496,0.11358,0.0268109
2,4.496,0.1262,0.0306495
2,4.496,0.13882,0.0309218
2,4.496,0.15144,0.0328425
2,4.496,0.16406,0.034362
2,4.496,0.17668,0.034429
2,4.496,0.18929,0.034364
2,4.496,0.20191,0.0343923
2,4.496,0.21453,0.0343923
2,4.496,0.22715,0.0343923
2,4.496,0.23977,0.0343276
2,4.496,0.25239,0.0340614
2,4.496,0.26501,0.0339828
2,4.496,0.27763,0.0340178
2,4.496,0.29025,0.0340178
2,4.496,0.30287,0.0340178
2,4.496,0.31549,0.0340933
2,4.496,0.32811,0.0340933
2,4.496,0.34073,0.0340933
2,4.496,0.35335,0.0340933
2,4.496,0.36597,0.0340933
2,4.496,0.37859,0.0340933
2,4.496,0.39121,0.0340933
2,4.496,0.40383,0.0341057
2,4.496,0.41645,0.0341057
2,4.496,0.42907,0.0341057
2,4.496,0.44169,0.0341057
2,4.496,0.45431,0.0341057
2,4.496,0.46693,0.0341057
2,4.496,0.47955,0.0341057
2,4.496,0.49217,0.0341057
2,4.496,0.50479,0.0341057
2,5.096,0,0.0305771
2,5.096,0.01262,0.0305771
2,5.096,0.02524,0.0305771
2,5.096,0.03786,0.0305771
2,5.096,0.05048,0.0305771
2,5.096,0.0631,0.0305686
2,5.096,0.07572,0.029948
2,5.096,0.08834,0.0310942
2,5.096,0.10096,0.0296547
2,5.096,0.11358,0.0265619
2,5.096,0.1262,0.0292348
2,5.096,0.13882,0.0293911
2,5.096,0.15144,0.0317496
2,5.096,0.16406,0.0332518
2,5.096,0.17668,0.0333052
2,5.096,0.18929,0.0332832
2,5.096,0.20191,0.0332803
2,5.096,0.21453,0.033239
2,5.096,0.22715,0.0332502
2,5.096,0.23977,0.0331858
2,5.096,0.25239,0.0329212
2,5.096,0.26501,0.032843
2,5.096,0.27763,0.0328778
2,5.096,0.29025,0.0328778
2,5.096,0.30287,0.0328778
2,5.096,0.31549,0.0329528
2,5.096,0.32811,0.0329528
2,5.096,0.34073,0.0329528
2,5.096,0.35335,0.0329528
2,5.096,0.36597,0.0329528
2,5.096,0.37859,0.0329528
2,5.096,0.39121,0.0329528
2,5.096,0.40383,0.0329652
2,5.096,0.41645,0.0329652
2,5.096,0.42907,0.0329652
2,5.096,0.44169,0.0329652
2,5.096,0.45431,0.0329652
2,5.096,0.46693,0.0329652
2,5.096,0.47955,0.0329652
2,5.096,0.49217,0.0329652
2,5.096,0.50479,0.0329652
2,5.7761,0,0.0301314
2,5.7761,0.01262,0.0301314
2,5.7761,0.02524,0.0301314
2,5.7761,0.03786,0.0301314
2,5.7761,0.05048,0.0301314
2,5.7761,0.0631,0.0301314
2,5.7761,0.07572,0.0295086
2,5.7761,0.08834,0.0303742
2,5.7761,0.10096,0.0302751
2,5.7761,0.11358,0.0255403
2,5.7761,0.1262,0.0277755
2,5.7761,0.13882,0.0277336
2,5.7761,0.15144,0.0304957
2,5.7761,0.16406,0.0324124
2,5.7761,0.17668,0.0325131
2,5.7761,0.18929,0.0325264
2,5.7761,0.20191,0.0325235
2,5.7761,0.21453,0.0324312
2,5.7761,0.22715,0.0324424
2,5.7761,0.23977,0.0323937
2,5.7761,0.25239,0.0321301
2,5.7761,0.26501,0.0320522
2,5.7761,0.27763,0.0320869
2,5.7761,0.29025,0.0320869
2,5.7761,0.30287,0.0320869
2,5.7761,0.31549,0.0321616
2,5.7761,0.32811,0.0321616
2,5.7761,0.34073,0.0321616
2,5.7761,0.35335,0.0321616
2,5.7761,0.36597,0.0321616
2,5.7761,0.37859,0.0321616
2,5.7761,0.39121,0.0321616
2,5.7761,0.40383,0.032174
2,5.7761,0.41645,0.032174
2,5.7761,0.42907,0.032174
2,5.7761,0.44169,0.032174
2,5.7761,0.45431,0.032174
2,5.7761,0.46693,0.032174
2,5.7761,0.47955,0.032174
2,5.7761,0.49217,0.032174
2,5.7761,0.50479,0.032174
2,6.5469,0,0.0278396
2,6.5469,0.01262,0.0278396
2,6.5469,0.02524,0.0278396
2,6.5469,0.03786,0.0278396
2,6.5469,0.05048,0.0278396
2,6.5469,0.0631,0.0278396
2,6.5469,0.07572,0.0274203
2,6.5469,0.08834,0.0280245
2,6.5469,0.10096,0.0283234
2,6.5469,0.11358,0.0243506
2,6.5469,0.1262,0.0254531
2,6.5469,0.13882,0.0259804
2,6.5469,0.15144,0.0291405
2,6.5469,0.16406,0.0310919
2,6.5469,0.17668,0.0311164
2,6.5469,0.18929,0.0312782
2,6.5469,0.20191,0.0313122
2,6.5469,0.21453,0.031167
2,6.5469,0.22715,0.0311358
2,6.5469,0.23977,0.0309966
2,6.5469,0.25239,0.0308649
2,6.5469,0.26501,0.0308153
2,6.5469,0.27763,0.0308451
2,6.5469,0.29025,0.0308451
2,6.5469,0.30287,0.0308427
2,6.5469,0.31549,0.0308895
2,6.5469,0.32811,0.0308448
2,6.5469,0.34073,0.0308448
2,6.5469,0.35335,0.0308448
2,6.5469,0.36597,0.0308448
2,6.5469,0.37859,0.0308564
2,6.5469,0.39121,0.0308892
2,6.5469,0.40383,0.0309015
2,6.5469,0.41645,0.0309015
2,6.5469,0.42907,0.0309015
2,6.5469,0.44169,0.0309015
2,6.5469,0.45431,0.0309015
2,6.5469,0.46693,0.0309015
2,6.5469,0.47955,0.0309015
2,6.5469,0.49217,0.0309015
2,6.5469,0.50479,0.0309015
2,7.4206,0,0.0216783
2,7.4206,0.01262,0.0216783
2,7.4206,0.02524,0.0216783
2,7.4206,0.03786,0.0216783
2,7.4206,0.05048,0.0216783
2,7.4206,0.0631,0.0216783
2,7.4206,0.07572,0.0216783
2,7.4206,0.08834,0.021833
2,7.4206,0.10096,0.0218489
2,7.4206,0.11358,0.020744
2,7.4206,0.1262,0.0206759
2,7.4206,0.13882,0.0235402
2,7.4206,0.15144,0.0266907
2,7.4206,0.16406,0.0270674
2,7.4206,0.17668,0.0267796
2,7.4206,0.18929,0.0273198
2,7.4206,0.20191,0.027731
2,7.4206,0.21453,0.0276954
2,7.4206,0.22715,0.0274641
2,7.4206,0.23977,0.0270312
2,7.4206,0.25239,0.0270051
2,7.4206,0.26501,0.0270612
2,7.4206,0.27763,0.0270189
2,7.4206,0.29025,0.0270471
2,7.4206,0.30287,0.0272478
2,7.4206,0.31549,0.0274029
2,7.4206,0.32811,0.0272272
2,7.4206,0.34073,0.0270653
2,7.4206,0.35335,0.0270367
2,7.4206,0.36597,0.0271215
2,7.4206,0.37859,0.0271961
2,7.4206,0.39121,0.0272465
2,7.4206,0.40383,0.0273489
2,7.4206,0.41645,0.0273489
2,7.4206,0.42907,0.0273489
2,7.4206,0.44169,0.0273489
2,7.4206,0.45431,0.0273489
2,7.4206,0.46693,0.0273489
2,7.4206,0.47955,0.0273489
2,7.4206,0.49217,0.0273489
2,7.4206,0.50479,0.0273489
2,8.4108,0,0.020804
2,8.4108,0.01262,0.020804
2,8.4108,0.02524,0.020804
2,8.4108,0.03786,0.020804
2,8.4108,0.05048,0.020804
2,8.4108,0.0631,0.020804
2,8.4108,0.07572,0.020804
2,8.4108,0.08834,0.020836
2,8.4108,0.10096,0.0207673
2,8.4108,0.11358,0.0202637
2,8.4108,0.1262,0.0201319
2,8.4108,0.13882,0.0213382
2,8.4108,0.15144,0.0229886
2,8.4108,0.16406,0.0230431
2,8.4108,0.17668,0.0223275
2,8.4108,0.18929,0.0230509
2,8.4108,0.20191,0.0238474
2,8.4108,0.21453,0.0242514
2,8.4108,0.22715,0.0243772
2,8.4108,0.23977,0.0236045
2,8.4108,0.25239,0.0238257
2,8.4108,0.26501,0.0239402
2,8.4108,0.27763,0.0238799
2,8.4108,0.29025,0.0239513
2,8.4108,0.30287,0.0242423
2,8.4108,0.31549,0.0245174
2,8.4108,0.32811,0.0243841
2,8.4108,0.34073,0.0242245
2,8.4108,0.35335,0.0242176
2,8.4108,0.36597,0.0243165
2,8.4108,0.37859,0.0244008
2,8.4108,0.39121,0.0244685
2,8.4108,0.40383,0.0246449
2,8.4108,0.41645,0.0246449
2,8.4108,0.42907,0.0246449
2,8.4108,0.44169,0.0246449
2,8.4108,0.45431,0.0246449
2,8.4108,0.46693,0.0246449
2,8.4108,0.47955,0.0246449
2,8.4108,0.49217,0.0246449
2,8.4108,0.50479,0.0246449
2,9.5333,0,0.0213867
2,9.5333,0.01262,0.0213867
2,9.5333,0.02524,0.0213867
2,9.5333,0.03786,0.0213867
2,9.5333,0.05048,0.0213867
2,9.5333,0.0631,0.0213867
2,9.5333,0.07572,0.0213867
2,9.5333,0.08834,0.0214188
2,9.5333,0.10096,0.0213499
2,9.5333,0.11358,0.0208636
2,9.5333,0.1262,0.020826
2,9.5333,0.13882,0.0226468
2,9.5333,0.15144,0.0246595
2,9.5333,0.16406,0.0245428
2,9.5333,0.17668,0.0237817
2,9.5333,0.18929,0.0237876
2,9.5333,0.20191,0.024654
2,9.5333,0.21453,0.0248951
2,9.5333,0.22715,0.0249345
2,9.5333,0.23977,0.0241044
2,9.5333,0.25239,0.0242657
2,9.5333,0.26501,0.024371
2,9.5333,0.27763,0.024301
2,9.5333,0.29025,0.0243401
2,9.5333,0.30287,0.024689
2,9.5333,0.31549,0.0249762
2,9.5333,0.32811,0.0248657
2,9.5333,0.34073,0.0246851
2,9.5333,0.35335,0.024631
2,9.5333,0.36597,0.0247301
2,9.5333,0.37859,0.0248167
2,9.5333,0.39121,0.0248846
2,9.5333,0.40383,0.0250139
2,9.5333,0.41645,0.0250139
2,9.5333,0.42907,0.0250139
2,9.5333,0.44169,0.0250139
2,9.5333,0.45431,0.0250139
2,9.5333,0.46693,0.0250139
2,9.5333,0.47955,0.0250139
2,9.5333,0.49217,0.0250139
2,9.5333,0.50479,0.0250139
2,10.8055,0,0.0209521
2,10.8055,0.01262,0.0209521
2,10.8055,0.02524,0.0209521
2,10.8055,0.03786,0.0209521
2,10.8055,0.05048,0.0209521
2,10.8055,0.0631,0.0209521
2,10.8055,0.07572,0.0209521
2,10.8055,0.08834,0.0209841
2,10.8055,0.10096,0.0208772
2,10.8055,0.11358,0.0204555
2,10.8055,0.1262,0.0204365
2,10.8055,0.13882,0.0215946
2,10.8055,0.15144,0.0232015
2,10.8055,0.16406,0.0229406
2,10.8055,0.17668,0.0222775
2,10.8055,0.18929,0.0214809
2,10.8055,0.20191,0.0225712
2,10.8055,0.21453,0.0229426
2,10.8055,0.22715,0.022391
2,10.8055,0.23977,0.0217987
2,10.8055,0.25239,0.0222899
2,10.8055,0.26501,0.022809
2,10.8055,0.27763,0.0227748
2,10.8055,0.29025,0.0227654
2,10.8055,0.30287,0.023642
2,10.8055,0.31549,0.0240759
2,10.8055,0.32811,0.0239527
2,10.8055,0.34073,0.0235802
2,10.8055,0.35335,0.023527
2,10.8055,0.36597,0.0237122
2,10.8055,0.37859,0.0238262
2,10.8055,0.39121,0.0238844
2,10.8055,0.40383,0.0241168
2,10.8055,0.41645,0.0241168
2,10.8055,0.42907,0.0241168
2,10.8055,0.44169,0.0241168
2,10.8055,0.45431,0.0241168
2,10.8055,0.46693,0.0241168
2,10.8055,0.47955,0.0241168
2,10.8055,0.49217,0.0241168
2,10.8055,0.50479,0.0241168
2,12.2474,0,0.0207287
2,12.2474,0.01262,0.0207287
2,12.2474,0.02524,0.0207287
2,12.2474,0.03786,0.0207287
2,12.2474,0.05048,0.0207287
2,12.2474,0.0631,0.0207287
2,12.2474,0.07572,0.0207287
2,12.2474,0.08834,0.020784
2,12.2474,0.10096,0.0207185
2,12.2474,0.11358,0.0203855
2,12.2474,0.1262,0.0203317
2,12.2474,0.13882,0.0215606
2,12.2474,0.15144,0.0228672
2,12.2474,0.16406,0.0226395
2,12.2474,0.17668,0.022166
2,12.2474,0.18929,0.0219714
2,12.2474,0.20191,0.0232406
2,12.2474,0.21453,0.0238085
2,12.2474,0.22715,0.0231259
2,12.2474,0.23977,0.0223308
2,12.2474,0.25239,0.0228553
2,12.2474,0.26501,0.0234653
2,12.2474,0.27763,0.0233792
2,12.2474,0.29025,0.0233454
2,12.2474,0.30287,0.0244122
2,12.2474,0.31549,0.0249481
2,12.2474,0.32811,0.0248744
2,12.2474,0.34073,0.0242435
2,12.2474,0.35335,0.0242231
2,12.2474,0.36597,0.0246314
2,12.2474,0.37859,0.0247184
2,12.2474,0.39121,0.0247887
2,12.2474,0.40383,0.0250349
2,12.2474,0.41645,0.0250349
2,12.2474,0.42907,0.0250349
2,12.2474,0.44169,0.0250349
2,12.2474,0.45431,0.0250349
2,12.2474,0.46693,0.0250349
2,12.2474,0.47955,0.0250349
2,12.2474,0.49217,0.0250349
2,12.2474,0.50479,0.0250349
2,13.8819,0,0.0200453
2,13.8819,0.01262,0.0200453
2,13.8819,0.02524,0.0200453
2,13.8819,0.03786,0.0200453
2,13.8819,0.05048,0.0200453
2,13.8819,0.0631,0.0200453
2,13.8819,0.07572,0.0200453
2,13.8819,0.08834,0.0200672
2,13.8819,0.10096,0.0200422
2,13.8819,0.11358,0.019749
2,13.8819,0.1262,0.0198707
2,13.8819,0.13882,0.0203922
2,13.8819,0.15144,0.02123
2,13.8819,0.16406,0.0211403
2,13.8819,0.17668,0.0208625
2,13.8819,0.18929,0.0202559
2,13.8819,0.20191,0.0209727
2,13.8819,0.21453,0.0213256
2,13.8819,0.22715,0.0207599
2,13.8819,0.23977,0.0198967
2,13.8819,0.25239,0.0208168
2,13.8819,0.26501,0.0219048
2,13.8819,0.27763,0.0218271
2,13.8819,0.29025,0.021812
2,13.8819,0.30287,0.0234113
2,13.8819,0.31549,0.0240076
2,13.8819,0.32811,0.0239217
2,13.8819,0.34073,0.0230718
2,13.8819,0.35335,0.0229834
2,13.8819,0.36597,0.023718
2,13.8819,0.37859,0.0238995
2,13.8819,0.39121,0.024065
2,13.8819,0.40383,0.0244657
2,13.8819,0.41645,0.0244657
2,13.8819,0.42907,0.0244657
2,13.8819,0.44169,0.0244657
2,13.8819,0.45431,0.0244657
2,13.8819,0.46693,0.0244657
2,13.8819,0.47955,0.0244657
2,13.8819,0.49217,0.0244657
2,13.8819,0.50479,0.0244657
2,15.7344,0,0.0198342
2,15.7344,0.01262,0.0198342
2,15.7344,0.02524,0.0198342
2,15.7344,0.03786,0.0198342
2,15.7344,0.05048,0.0198342
2,15.7344,0.0631,0.0198342
2,15.7344,0.07572,0.0198342
2,15.7344,0.08834,0.019856
2,15.7344,0.10096,0.0198311
2,15.7344,0.11358,0.0195382
2,15.7344,0.1262,0.0196366
2,15.7344,0.13882,0.0201036
2,15.7344,0.15144,0.0207076
2,15.7344,0.16406,0.0207093
2,15.7344,0.17668,0.020483
2,15.7344,0.18929,0.0199021
2,15.7344,0.20191,0.0205414
2,15.7344,0.21453,0.0207968
2,15.7344,0.22715,0.0202137
2,15.7344,0.23977,0.0195409
2,15.7344,0.25239,0.0202719
2,15.7344,0.26501,0.0211858
2,15.7344,0.27763,0.0208081
2,15.7344,0.29025,0.0207129
2,15.7344,0.30287,0.0228263
2,15.7344,0.31549,0.023623
2,15.7344,0.32811,0.0236233
2,15.7344,0.34073,0.0225593
2,15.7344,0.35335,0.0223555
2,15.7344,0.36597,0.0232578
2,15.7344,0.37859,0.0235156
2,15.7344,0.39121,0.0237117
2,15.7344,0.40383,0.0241809
2,15.7344,0.41645,0.0241809
2,15.7344,0.42907,0.0241809
2,15.7344,0.44169,0.0241809
2,15.7344,0.45431,0.0241809
2,15.7344,0.46693,0.0241809
2,15.7344,0.47955,0.0241809
2,15.7344,0.49217,0.0241809
2,15.7344,0.50479,0.0241809
2,17.8342,0,0.0197251
2,17.8342,0.01262,0.0197251
2,17.8342,0.02524,0.0197251
2,17.8342,0.03786,0.0197251
2,17.8342,0.05048,0.0197251
2,17.8342,0.0631,0.0197251
2,17.8342,0.07572,0.0197251
2,17.8342,0.08834,0.0197469
2,17.8342,0.10096,0.019722
2,17.8342,0.11358,0.0195077
2,17.8342,0.1262,0.0195342
2,17.8342,0.13882,0.0200423
2,17.8342,0.15144,0.0205437
2,17.8342,0.16406,0.0204529
2,17.8342,0.17668,0.0203296
2,17.8342,0.18929,0.0198372
2,17.8342,0.20191,0.0204058
2,17.8342,0.21453,0.0206751
2,17.8342,0.22715,0.0202072
2,17.8342,0.23977,0.0195386
2,17.8342,0.25239,0.0201978
2,17.8342,0.26501,0.020933
2,17.8342,0.27763,0.0203494
2,17.8342,0.29025,0.0201878
2,17.8342,0.30287,0.0224985
2,17.8342,0.31549,0.0233438
2,17.8342,0.32811,0.0234748
2,17.8342,0.34073,0.0222998
2,17.8342,0.35335,0.0220079
2,17.8342,0.36597,0.0231526
2,17.8342,0.37859,0.0233705
2,17.8342,0.39121,0.0235481
2,17.8342,0.40383,0.0242152
2,17.8342,0.41645,0.0242152
2,17.8342,0.42907,0.0242152
2,17.8342,0.44169,0.0242152
2,17.8342,0.45431,0.0242152
2,17.8342,0.46693,0.0242152
2,17.8342,0.47955,0.0242152
2,17.8342,0.49217,0.0242401
2,17.8342,0.50479,0.0242401
2,20.2141,0,0.0189302
2,20.2141,0.01262,0.0189302
2,20.2141,0.02524,0.0189302
2,20.2141,0.03786,0.0189302
2,20.2141,0.05048,0.0189302
2,20.2141,0.0631,0.0189302
2,20.2141,0.07572,0.0189302
2,20.2141,0.08834,0.018952
2,20.2141,0.10096,0.0188956
2,20.2141,0.11358,0.0187842
2,20.2141,0.1262,0.018838
2,20.2141,0.13882,0.019023
2,20.2141,0.15144,0.0193753
2,20.2141,0.16406,0.019304
2,20.2141,0.17668,0.0193007
2,20.2141,0.18929,0.0188481
2,20.2141,0.20191,0.0193204
2,20.2141,0.21453,0.0195404
2,20.2141,0.22715,0.019237
2,20.2141,0.23977,0.0187574
2,20.2141,0.25239,0.0191521
2,20.2141,0.26501,0.0194606
2,20.2141,0.27763,0.0185161
2,20.2141,0.29025,0.0181583
2,20.2141,0.30287,0.02043
2,20.2141,0.31549,0.0216643
2,20.2141,0.32811,0.0217733
2,20.2141,0.34073,0.0205606
2,20.2141,0.35335,0.0202468
2,20.2141,0.36597,0.0216532
2,20.2141,0.37859,0.0222115
2,20.2141,0.39121,0.0226561
2,20.2141,0.40383,0.0236749
2,20.2141,0.41645,0.0236749
2,20.2141,0.42907,0.0236749
2,20.2141,0.44169,0.0236749
2,20.2141,0.45431,0.0236749
2,20.2141,0.46693,0.0236749
2,20.2141,0.47955,0.0236749
2,20.2141,0.49217,0.0236996
2,20.2141,0.50479,0.023716
2,22.9117,0,0.0173988
2,22.9117,0.01262,0.0173988
2,22.9117,0.02524,0.0173988
2,22.9117,0.03786,0.0173988
2,22.9117,0.05048,0.0173988
2,22.9117,0.0631,0.0173988
2,22.9117,0.07572,0.0173988
2,22.9117,0.08834,0.0174204
2,22.9117,0.10096,0.0173644
2,22.9117,0.11358,0.0172277
2,22.9117,0.1262,0.0172814
2,22.9117,0.13882,0.0173998
2,22.9117,0.15144,0.0176378
2,22.9117,0.16406,0.0176672
2,22.9117,0.17668,0.0176867
2,22.9117,0.18929,0.0173756
2,22.9117,0.20191,0.0176287
2,22.9117,0.21453,0.0177418
2,22.9117,0.22715,0.0176911
2,22.9117,0.23977,0.0171825
2,22.9117,0.25239,0.0172054
2,22.9117,0.26501,0.0173908
2,22.9117,0.27763,0.0169093
2,22.9117,0.29025,0.0165692
2,22.9117,0.30287,0.0181548
2,22.9117,0.31549,0.0197565
2,22.9117,0.32811,0.0198424
2,22.9117,0.34073,0.0186244
2,22.9117,0.35335,0.018515
2,22.9117,0.36597,0.020258
2,22.9117,0.37859,0.020962
2,22.9117,0.39121,0.0217048
2,22.9117,0.40383,0.0229765
2,22.9117,0.41645,0.0228969
2,22.9117,0.42907,0.0227963
2,22.9117,0.44169,0.0227963
2,22.9117,0.45431,0.0227963
2,22.9117,0.46693,0.0228623
2,22.9117,0.47955,0.0229198
2,22.9117,0.49217,0.023001
2,22.9117,0.50479,0.0231269
2,25.9692,0,0.0171163
2,25.9692,0.01262,0.0171163
2,25.9692,0.02524,0.0171163
2,25.9692,0.03786,0.0171163
2,25.9692,0.05048,0.0171163
2,25.9692,0.0631,0.0171163
2,25.9692,0.07572,0.0171163
2,25.9692,0.08834,0.0171379
2,25.9692,0.10096,0.017082
2,25.9692,0.11358,0.0169455
2,25.9692,0.1262,0.016999
2,25.9692,0.13882,0.0170558
2,25.9692,0.15144,0.0172483
2,25.9692,0.16406,0.0172959
2,25.9692,0.17668,0.0173153
2,25.9692,0.18929,0.0170358
2,25.9692,0.20191,0.0172549
2,25.9692,0.21453,0.0173414
2,25.9692,0.22715,0.0172571
2,25.9692,0.23977,0.0168228
2,25.9692,0.25239,0.0167675
2,25.9692,0.26501,0.0169124
2,25.9692,0.27763,0.0165896
2,25.9692,0.29025,0.0162788
2,25.9692,0.30287,0.0174939
2,25.9692,0.31549,0.0189424
2,25.9692,0.32811,0.0189998
2,25.9692,0.34073,0.0181463
2,25.9692,0.35335,0.0180989
2,25.9692,0.36597,0.0197974
2,25.9692,0.37859,0.0205084
2,25.9692,0.39121,0.0213194
2,25.9692,0.40383,0.0227235
2,25.9692,0.41645,0.022644
2,25.9692,0.42907,0.0225435
2,25.9692,0.44169,0.0225435
2,25.9692,0.45431,0.0225435
2,25.9692,0.46693,0.0226094
2,25.9692,0.47955,0.0226669
2,25.9692,0.49217,0.0227479
2,25.9692,0.50479,0.0228737
2,29.4348,0,0.0170825
2,29.4348,0.01262,0.0170825
2,29.4348,0.02524,0.0170825
2,29.4348,0.03786,0.0170825
2,29.4348,0.05048,0.0170825
2,29.4348,0.0631,0.0170825
2,29.4348,0.07572,0.0170825
2,29.4348,0.08834,0.0171041
2,29.4348,0.10096,0.0170482
2,29.4348,0.11358,0.0169117
2,29.4348,0.1262,0.0169653
2,29.4348,0.13882,0.017022
2,29.4348,0.15144,0.0172145
2,29.4348,0.16406,0.017262
2,29.4348,0.17668,0.0172815
2,29.4348,0.18929,0.01699
2,29.4348,0.20191,0.0171789
2,29.4348,0.21453,0.0172382
2,29.4348,0.22715,0.0171718
2,29.4348,0.23977,0.0167568
2,29.4348,0.25239,0.0167015
2,29.4348,0.26501,0.0168185
2,29.4348,0.27763,0.016513
2,29.4348,0.29025,0.0162417
2,29.4348,0.30287,0.0172357
2,29.4348,0.31549,0.0184011
2,29.4348,0.32811,0.0183982
2,29.4348,0.34073,0.0177182
2,29.4348,0.35335,0.0179483
2,29.4348,0.36597,0.0196219
2,29.4348,0.37859,0.0203476
2,29.4348,0.39121,0.0211515
2,29.4348,0.40383,0.0227166
2,29.4348,0.41645,0.0226371
2,29.4348,0.42907,0.0225366
2,29.4348,0.44169,0.0225366
2,29.4348,0.45431,0.0225366
2,29.4348,0.46693,0.0226026
2,29.4348,0.47955,0.02266
2,29.4348,0.49217,0.0227411
2,29.4348,0.50479,0.0228668
2,33.3629,0,0.017148
2,33.3629,0.01262,0.017148
2,33.3629,0.02524,0.017148
2,33.3629,0.03786,0.017148
2,33.3629,0.05048,0.017148
2,33.3629,0.0631,0.017148
2,33.3629,0.07572,0.017148
2,33.3629,0.08834,0.0171696
2,33.3629,0.10096,0.0171137
2,33.3629,0.11358,0.0169771
2,33.3629,0.1262,0.0170307
2,33.3629,0.13882,0.0170875
2,33.3629,0.15144,0.01728
2,33.3629,0.16406,0.0173276
2,33.3629,0.17668,0.017347
2,33.3629,0.18929,0.0170554
2,33.3629,0.20191,0.0172239
2,33.3629,0.21453,0.0172832
2,33.3629,0.22715,0.0172454
2,33.3629,0.23977,0.0168312
2,33.3629,0.25239,0.0167651
2,33.3629,0.26501,0.0168396
2,33.3629,0.27763,0.016554
2,33.3629,0.29025,0.0162976
2,33.3629,0.30287,0.017128
2,33.3629,0.31549,0.0181851
2,33.3629,0.32811,0.0179607
2,33.3629,0.34073,0.0174368
2,33.3629,0.35335,0.0177627
2,33.3629,0.36597,0.0193146
2,33.3629,0.37859,0.0197303
2,33.3629,0.39121,0.0205199
2,33.3629,0.40383,0.0221304
2,33.3629,0.41645,0.0220521
2,33.3629,0.42907,0.0219948
2,33.3629,0.44169,0.0220176
2,33.3629,0.45431,0.0220176
2,33.3629,0.46693,0.0220834
2,33.3629,0.47955,0.0221407
2,33.3629,0.49217,0.0222215
2,33.3629,0.50479,0.0223469
2,37.8152,0,0.0175614
2,37.8152,0.01262,0.0175614
2,37.8152,0.02524,0.0175614
2,37.8152,0.03786,0.0175614
2,37.8152,0.05048,0.0175614
2,37.8152,0.0631,0.0175614
2,37.8152,0.07572,0.0175614
2,37.8152,0.08834,0.017583
2,37.8152,0.10096,0.017527
2,37.8152,0.11358,0.0173902
2,37.8152,0.1262,0.0174439
2,37.8152,0.13882,0.0175008
2,37.8152,0.15144,0.0176937
2,37.8152,0.16406,0.0177414
2,37.8152,0.17668,0.0177609
2,37.8152,0.18929,0.0174686
2,37.8152,0.20191,0.0176374
2,37.8152,0.21453,0.0176968
2,37.8152,0.22715,0.017659
2,37.8152,0.23977,0.017244
2,37.8152,0.25239,0.0171777
2,37.8152,0.26501,0.0172524
2,37.8152,0.27763,0.0169662
2,37.8152,0.29025,0.0167093
2,37.8152,0.30287,0.0175978
2,37.8152,0.31549,0.0186401
2,37.8152,0.32811,0.018464
2,37.8152,0.34073,0.0178179
2,37.8152,0.35335,0.0181127
2,37.8152,0.36597,0.0193044
2,37.8152,0.37859,0.0196455
2,37.8152,0.39121,0.0202807
2,37.8152,0.40383,0.0216501
2,37.8152,0.41645,0.021572
2,37.8152,0.42907,0.0215149
2,37.8152,0.44169,0.0215376
2,37.8152,0.45431,0.0215376
2,37.8152,0.46693,0.0215376
2,37.8152,0.47955,0.0215947
2,37.8152,0.49217,0.0216753
2,37.8152,0.50479,0.0218004
2,42.8616,0,0.0184805
2,42.8616,0.01262,0.0184805
2,42.8616,0.02524,0.0184805
2,42.8616,0.03786,0.0184805
2,42.8616,0.05048,0.0184805
2,42.8616,0.0631,0.0184805
2,42.8616,0.07572,0.0184805
2,42.8616,0.08834,0.0185022
2,42.8616,0.10096,0.0184459
2,42.8616,0.11358,0.0183085
2,42.8616,0.1262,0.0183624
2,42.8616,0.13882,0.0184196
2,42.8616,0.15144,0.0186134
2,42.8616,0.16406,0.0186613
2,42.8616,0.17668,0.0186809
2,42.8616,0.18929,0.0183873
2,42.8616,0.20191,0.0185568
2,42.8616,0.21453,0.0186572
2,42.8616,0.22715,0.0186611
2,42.8616,0.23977,0.018244
2,42.8616,0.25239,0.0182225
2,42.8616,0.26501,0.0183252
2,42.8616,0.27763,0.0180374
2,42.8616,0.29025,0.0177792
2,42.8616,0.30287,0.0187088
2,42.8616,0.31549,0.0197472
2,42.8616,0.32811,0.0195173
2,42.8616,0.34073,0.0188905
2,42.8616,0.35335,0.0192863
2,42.8616,0.36597,0.0203343
2,42.8616,0.37859,0.0206325
2,42.8616,0.39121,0.0211693
2,42.8616,0.40383,0.0220695
2,42.8616,0.41645,0.0219201
2,42.8616,0.42907,0.0218433
2,42.8616,0.44169,0.021866
2,42.8616,0.45431,0.021866
2,42.8616,0.46693,0.021866
2,42.8616,0.47955,0.021888
2,42.8616,0.49217,0.0219187
2,42.8616,0.50479,0.0219657
2,48.5815,0,0.0192522
2,48.5815,0.01262,0.0192522
2,48.5815,0.02524,0.0192522
2,48.5815,0.03786,0.0192522
2,48.5815,0.05048,0.0192522
2,48.5815,0.0631,0.0192522
2,48.5815,0.07572,0.0192522
2,48.5815,0.08834,0.019274
2,48.5815,0.10096,0.0192175
2,48.5815,0.11358,0.0190795
2,48.5815,0.1262,0.0191336
2,48.5815,0.13882,0.019191
2,48.5815,0.15144,0.0193856
2,48.5815,0.16406,0.0194337
2,48.5815,0.17668,0.0194533
2,48.5815,0.18929,0.0191586
2,48.5815,0.20191,0.0193288
2,48.5815,0.21453,0.0194295
2,48.5815,0.22715,0.0194335
2,48.5815,0.23977,0.0190148
2,48.5815,0.25239,0.0190522
2,48.5815,0.26501,0.0191553
2,48.5815,0.27763,0.0188663
2,48.5815,0.29025,0.018607
2,48.5815,0.30287,0.0196566
2,48.5815,0.31549,0.0206126
2,48.5815,0.32811,0.0204515
2,48.5815,0.34073,0.0199311
2,48.5815,0.35335,0.0204247
2,48.5815,0.36597,0.0214
2,48.5815,0.37859,0.0216852
2,48.5815,0.39121,0.0220837
2,48.5815,0.40383,0.0229612
2,48.5815,0.41645,0.0227633
2,48.5815,0.42907,0.0226425
2,48.5815,0.44169,0.0226653
2,48.5815,0.45431,0.0226653
2,48.5815,0.46693,0.0226653
2,48.5815,0.47955,0.0226874
2,48.5815,0.49217,0.0227182
2,48.5815,0.50479,0.0227654
2,55.0647,0,0.0198099
2,55.0647,0.01262,0.0198099
2,55.0647,0.02524,0.0198099
2,55.0647,0.03786,0.0198099
2,55.0647,0.05048,0.0198099
2,55.0647,0.0631,0.0198099
2,55.0647,0.07572,0.0198099
2,55.0647,0.08834,0.0198317
2,55.0647,0.10096,0.0197751
2,55.0647,0.11358,0.0196367
2,55.0647,0.1262,0.019691
2,55.0647,0.13882,0.0197486
2,55.0647,0.15144,0.0199437
2,55.0647,0.16406,0.0199919
2,55.0647,0.17668,0.0200116
2,55.0647,0.18929,0.019716
2,55.0647,0.20191,0.0198867
2,55.0647,0.21453,0.0199877
2,55.0647,0.22715,0.0199917
2,55.0647,0.23977,0.0195718
2,55.0647,0.25239,0.0196228
2,55.0647,0.26501,0.0197624
2,55.0647,0.27763,0.0195075
2,55.0647,0.29025,0.0192474
2,55.0647,0.30287,0.0202773
2,55.0647,0.31549,0.021184
2,55.0647,0.32811,0.0209976
2,55.0647,0.34073,0.0204758
2,55.0647,0.35335,0.0209232
2,55.0647,0.36597,0.0218698
2,55.0647,0.37859,0.022164
2,55.0647,0.39121,0.0224629
2,55.0647,0.40383,0.0233351
2,55.0647,0.41645,0.0231116
2,55.0647,0.42907,0.0229475
2,55.0647,0.44169,0.0229475
2,55.0647,0.45431,0.0229475
2,55.0647,0.46693,0.0229475
2,55.0647,0.47955,0.0229696
2,55.0647,0.49217,0.0230004
2,55.0647,0.50479,0.0230477
2,62.413,0,0.0198099
2,62.413,0.01262,0.0198099
2,62.413,0.02524,0.0198099
2,62.413,0.03786,0.0198099
2,62.413,0.05048,0.0198099
2,62.413,0.0631,0.0198099
2,62.413,0.07572,0.0198099
2,62.413,0.08834,0.0198317
2,62.413,0.10096,0.0197751
2,62.413,0.11358,0.0196367
2,62.413,0.1262,0.019691
2,62.413,0.13882,0.0197486
2,62.413,0.15144,0.0199437
2,62.413,0.16406,0.0199919
2,62.413,0.17668,0.0200116
2,62.413,0.18929,0.019716
2,62.413,0.20191,0.0198867
2,62.413,0.21453,0.0199877
2,62.413,0.22715,0.0199917
2,62.413,0.23977,0.0195718
2,62.413,0.25239,0.0196228
2,62.413,0.26501,0.0197624
2,62.413,0.27763,0.0195075
2,62.413,0.29025,0.0192474
2,62.413,0.30287,0.0202773
2,62.413,0.31549,0.021184
2,62.413,0.32811,0.0209976
2,62.413,0.34073,0.0204758
2,62.413,0.35335,0.0209232
2,62.413,0.36597,0.0218698
2,62.413,0.37859,0.022164
2,62.413,0.39121,0.0224629
2,62.413,0.40383,0.0233351
2,62.413,0.41645,0.0231116
2,62.413,0.42907,0.0229475
2,62.413,0.44169,0.0229475
2,62.413,0.45431,0.0229475
2,62.413,0.46693,0.0229475
2,62.413,0.47955,0.0229696
2,62.413,0.49217,0.0230004
2,62.413,0.50479,0.0230477
2,70.742,0,0.0198099
2,70.742,0.01262,0.0198099
2,70.742,0.02524,0.0198099
2,70.742,0.03786,0.0198099
2,70.742,0.05048,0.0198099
2,70.742,0.0631,0.0198099
2,70.742,0.07572,0.0198099
2,70.742,0.08834,0.0198317
2,70.742,0.10096,0.0197751
2,70.742,0.11358,0.0196367
2,70.742,0.1262,0.019691
2,70.742,0.13882,0.0197486
2,70.742,0.15144,0.0199437
2,70.742,0.16406,0.0199919
2,70.742,0.17668,0.0200116
2,70.742,0.18929,0.019716
2,70.742,0.20191,0.0198867
2,70.742,0.21453,0.0199877
2,70.742,0.22715,0.0199917
2,70.742,0.23977,0.0195718
2,70.742,0.25239,0.0196228
2,70.742,0.26501,0.0197624
2,70.742,0.27763,0.0195075
2,70.742,0.29025,0.0192474
2,70.742,0.30287,0.0202773
2,70.742,0.31549,0.021184
2,70.742,0.32811,0.0209976
2,70.742,0.34073,0.0204758
2,70.742,0.35335,0.0209232
2,70.742,0.36597,0.0218698
2,70.742,0.37859,0.022164
2,70.742,0.39121,0.0224629
2,70.742,0.40383,0.0233351
2,70.742,0.41645,0.0231116
2,70.742,0.42907,0.0229475
2,70.742,0.44169,0.0229475
2,70.742,0.45431,0.0229475
2,70.742,0.46693,0.0229475
2,70.742,0.47955,0.0229696
2,70.742,0.49217,0.0230004
2,70.742,0.50479,0.0230477
2,80.1825,0,0.0198099
2,80.1825,0.01262,0.0198099
2,80.1825,0.02524,0.0198099
2,80.1825,0.03786,0.0198099
2,80.1825,0.05048,0.0198099
2,80.1825,0.0631,0.0198099
2,80.1825,0.07572,0.0198099
2,80.1825,0.08834,0.0198317
2,80.1825,0.10096,0.0197751
2,80.1825,0.11358,0.0196367
2,80.1825,0.1262,0.019691
2,80.1825,0.13882,0.0197486
2,80.1825,0.15144,0.0199437
2,80.1825,0.16406,0.0199919
2,80.1825,0.17668,0.0200116
2,80.1825,0.18929,0.019716
2,80.1825,0.20191,0.0198867
2,80.1825,0.21453,0.0199877
2,80.1825,0.22715,0.0199917
2,80.1825,0.23977,0.0195718
2,80.1825,0.25239,0.0196228
2,80.1825,0.26501,0.0197624
2,80.1825,0.27763,0.0195075
2,80.1825,0.29025,0.0192474
2,80.1825,0.30287,0.0202773
2,80.1825,0.31549,0.021184
2,80.1825,0.32811,0.0209976
2,80.1825,0.34073,0.0204758
2,80.1825,0.35335,0.0209232
2,80.1825,0.36597,0.0218698
2,80.1825,0.37859,0.022164
2,80.1825,0.39121,0.0224629
2,80.1825,0.40383,0.0233351
2,80.1825,0.41645,0.0231116
2,80.1825,0.42907,0.0229475
2,80.1825,0.44169,0.0229475
2,80.1825,0.45431,0.0229475
2,80.1825,0.46693,0.0229475
2,80.1825,0.47955,0.0229696
2,80.1825,0.49217,0.0230004
2,80.1825,0.50479,0.0230477
2,90.8829,0,0.0198099
2,90.8829,0.01262,0.0198099
2,90.8829,0.02524,0.0198099
2,90.8829,0.03786,0.0198099
2,90.8829,0.05048,0.0198099
2,90.8829,0.0631,0.0198099
2,90.8829,0.07572,0.0198099
2,90.8829,0.08834,0.0198317
2,90.8829,0.10096,0.0197751
2,90.8829,0.11358,0.0196367
2,90.8829,0.1262,0.019691
2,90.8829,0.13882,0.0197486
2,90.8829,0.15144,0.0199437
2,90.8829,0.16406,0.0199919
2,90.8829,0.17668,0.0200116
2,90.8829,0.18929,0.019716
2,90.8829,0.20191,0.0198867
2,90.8829,0.21453,0.0199877
2,90.8829,0.22715,0.0199917
2,90.8829,0.23977,0.0195718
2,90.8829,0.25239,0.0196228
2,90.8829,0.26501,0.0197624
2,90.8829,0.27763,0.0195075
2,90.8829,0.29025,0.0192474
2,90.8829,0.30287,0.0202773
2,90.8829,0.31549,0.021184
2,90.8829,0.32811,0.0209976
2,90.8829,0.34073,0.0204758
2,90.8829,0.35335,0.0209232
2,90.8829,0.36597,0.0218698
2,90.8829,0.37859,0.022164
2,90.8829,0.39121,0.0224629
2,90.8829,0.40383,0.0233351
2,90.8829,0.41645,0.0231116
2,90.8829,0.42907,0.0229475
2,90.8829,0.44169,0.0229475
2,90.8829,0.45431,0.0229475
2,90.8829,0.46693,0.0229475
2,90.8829,0.47955,0.0229696
2,90.8829,0.49217,0.0230004
2,90.8829,0.50479,0.0230477
2,103.011,0,0.0198099
2,103.011,0.01262,0.0198099
2,103.011,0.02524,0.0198099
2,103.011,0.03786,0.0198099
2,103.011,0.05048,0.0198099
2,103.011,0.0631,0.0198099
2,103.011,0.07572,0.0198099
2,103.011,0.08834,0.0198317
2,103.011,0.10096,0.0197751
2,103.011,0.11358,0.0196367
2,103.011,0.1262,0.019691
2,103.011,0.13882,0.0197486
2,103.011,0.15144,0.0199437
2,103.011,0.16406,0.0199919
2,103.011,0.17668,0.0200116
2,103.011,0.18929,0.019716
2,103.011,0.20191,0.0198867
2,103.011,0.21453,0.0199877
2,103.011,0.22715,0.0199917
2,103.011,0.23977,0.0195718
2,103.011,0.25239,0.0196228
2,103.011,0.26501,0.0197624
2,103.011,0.27763,0.0195075
2,103.011,0.29025,0.0192474
2,103.011,0.30287,0.0202773
2,103.011,0.31549,0.021184
2,103.011,0.32811,0.0209976
2,103.011,0.34073,0.0204758
2,103.011,0.35335,0.0209232
2,103.011,0.36597,0.0218698
2,103.011,0.37859,0.022164
2,103.011,0.39121,0.0224629
2,103.011,0.40383,0.0233351
2,103.011,0.41645,0.0231116
2,103.011,0.42907,0.0229475
2,103.011,0.44169,0.0229475
2,103.011,0.45431,0.0229475
2,103.011,0.46693,0.0229475
2,103.011,0.47955,0.0229696
2,103.011,0.49217,0.0230004
2,103.011,0.50479,0.0230477
2,116.758,0,0.0198099
2,116.758,0.01262,0.0198099
2,116.758,0.02524,0.0198099
2,116.758,0.03786,0.0198099
2,116.758,0.05048,0.0198099
2,116.758,0.0631,0.0198099
2,116.758,0.07572,0.0198099
2,116.758,0.08834,0.0198317
2,116.758,0.10096,0.0197751
2,116.758,0.11358,0.0196367
2,116.758,0.1262,0.019691
2,116.758,0.13882,0.0197486
2,116.758,0.15144,0.0199437
2,116.758,0.16406,0.0199919
2,116.758,0.17668,0.0200116
2,116.758,0.18929,0.019716
2,116.758,0.20191,0.0198867
2,116.758,0.21453,0.0199877
2,116.758,0.22715,0.0199917
2,116.758,0.23977,0.0195718
2,116.758,0.25239,0.0196228
2,116.758,0.26501,0.0197624
2,116.758,0.27763,0.0195075
2,116.758,0.29025,0.0192474
2,116.758,0.30287,0.0202773
2,116.758,0.31549,0.021184
2,116.758,0.32811,0.0209976
2,116.758,0.34073,0.0204758
2,116.758,0.35335,0.0209232
2,116.758,0.36597,0.0218698
2,116.758,0.37859,0.022164
2,116.758,0.39121,0.0224629
2,116.758,0.40383,0.0233351
2,116.758,0.41645,0.0231116
2,116.758,0.42907,0.0229475
2,116.758,0.44169,0.0229475
2,116.758,0.45431,0.0229475
2,116.758,0.46693,0.0229475
2,116.758,0.47955,0.0229696
2,116.758,0.49217,0.0230004
2,116.758,0.50479,0.0230477
2,132.339,0,0.0198099
2,132.339,0.01262,0.0198099
2,132.339,0.02524,0.0198099
2,132.339,0.03786,0.0198099
2,132.339,0.05048,0.0198099
2,132.339,0.0631,0.0198099
2,132.339,0.07572,0.0198099
2,132.339,0.08834,0.0198317
2,132.339,0.10096,0.0197751
2,132.339,0.11358,0.0196367
2,132.339,0.1262,0.019691
2,132.339,0.13882,0.0197486
2,132.339,0.15144,0.0199437
2,132.339,0.16406,0.0199919
2,132.339,0.17668,0.0200116
2,132.339,0.18929,0.019716
2,132.339,0.20191,0.0198867
2,132.339,0.21453,0.0199877
2,132.339,0.22715,0.0199917
2,132.339,0.23977,0.0195718
2,132.339,0.25239,0.0196228
2,132.339,0.26501,0.0197624
2,132.339,0.27763,0.0195075
2,132.339,0.29025,0.0192474
2,132.339,0.30287,0.0202773
2,132.339,0.31549,0.021184
2,132.339,0.32811,0.0209976
2,132.339,0.34073,0.0204758
2,132.339,0.35335,0.0209232
2,132.339,0.36597,0.0218698
2,132.339,0.37859,0.022164
2,132.339,0.39121,0.0224629
2,132.339,0.40383,0.0233351
2,132.339,0.41645,0.0231116
2,132.339,0.42907,0.0229475
2,132.339,0.44169,0.0229475
2,132.339,0.45431,0.0229475
2,132.339,0.46693,0.0229475
2,132.339,0.47955,0.0229696
2,132.339,0.49217,0.0230004
2,132.339,0.50479,0.0230477
2,150,0,0.0198099
2,150,0.01262,0.0198099
2,150,0.02524,0.0198099
2,150,0.03786,0.0198099
2,150,0.05048,0.0198099
2,150,0.0631,0.0198099
2,150,0.07572,0.0198099
2,150,0.08834,0.0198317
2,150,0.10096,0.0197751
2,150,0.11358,0.0196367
2,150,0.1262,0.019691
2,150,0.13882,0.0197486
2,150,0.15144,0.0199437
2,150,0.16406,0.0199919
2,150,0.17668,0.0200116
2,150,0.18929,0.019716
2,150,0.20191,0.0198867
2,150,0.21453,0.0199877
2,150,0.22715,0.0199917
2,150,0.23977,0.0195718
2,150,0.25239,0.0196228
2,150,0.26501,0.0197624
2,150,0.27763,0.0195075
2,150,0.29025,0.0192474
2,150,0.30287,0.0202773
2,150,0.31549,0.021184
2,150,0.32811,0.0209976
2,150,0.34073,0.0204758
2,150,0.35335,0.0209232
2,150,0.36597,0.0218698
2,150,0.37859,0.022164
2,150,0.39121,0.0224629
2,150,0.40383,0.0233351
2,150,0.41645,0.0231116
2,150,0.42907,0.0229475
2,150,0.44169,0.0229475
2,150,0.45431,0.0229475
2,150,0.46693,0.0229475
2,150,0.47955,0.0229696
2,150,0.49217,0.0230004
2,150,0.50479,0.0230477
3,1,0,0.0404682
3,1,0.01262,0.0404682
3,1,0.02524,0.0404682
3,1,0.03786,0.0397956
3,1,0.05048,0.0397293
3,1,0.0631,0.0436499
3,1,0.07572,0.0327105
3,1,0.08834,0.0356228
3,1,0.10096,0.0392467
3,1,0.11358,0.0392467
3,1,0.1262,0.0392467
3,1,0.13882,0.0392467
3,1,0.15144,0.0392467
3,1,0.16406,0.0392467
3,1,0.17668,0.0392467
3,1,0.18929,0.0392467
3,1,0.20191,0.0392467
3,1,0.21453,0.0392467
3,1,0.22715,0.0392467
3,1,0.23977,0.0392467
3,1,0.25239,0.0392467
3,1,0.26501,0.0392467
3,1,0.27763,0.0392467
3,1,0.29025,0.0392467
3,1,0.30287,0.0392467
3,1,0.31549,0.0392467
3,1,0.32811,0.0392467
3,1,0.34073,0.0392467
3,1,0.35335,0.0392467
3,1,0.36597,0.0392467
3,1,0.37859,0.0392467
3,1,0.39121,0.0392467
3,1,0.40383,0.0392467
3,1,0.41645,0.0392467
3,1,0.42907,0.0392467
3,1,0.44169,0.0392467
3,1,0.45431,0.0392467
3,1,0.46693,0.0392467
3,1,0.47955,0.0392467
3,1,0.49217,0.0392467
3,1,0.50479,0.0392467
3,1.1334,0,0.0404682
3,1.1334,0.01262,0.0404682
3,1.1334,0.02524,0.0404682
3,1.1334,0.03786,0.0397956
3,1.1334,0.05048,0.0397293
3,1.1334,0.0631,0.0436499
3,1.1334,0.07572,0.0327105
3,1.1334,0.08834,0.0356228
3,1.1334,0.10096,0.0392467
3,1.1334,0.11358,0.0392467
3,1.1334,0.1262,0.0392467
3,1.1334,0.13882,0.0392467
3,1.1334,0.15144,0.0392467
3,1.1334,0.16406,0.0392467
3,1.1334,0.17668,0.0392467
3,1.1334,0.18929,0.0392467
3,1.1334,0.20191,0.0392467
3,1.1334,0.21453,0.0392467
3,1.1334,0.22715,0.0392467
3,1.1334,0.23977,0.0392467
3,1.1334,0.25239,0.0392467
3,1.1334,0.26501,0.0392467
3,1.1334,0.27763,0.0392467
3,1.1334,0.29025,0.0392467
3,1.1334,0.30287,0.0392467
3,1.1334,0.31549,0.0392467
3,1.1334,0.32811,0.0392467
3,1.1334,0.34073,0.0392467
3,1.1334,0.35335,0.0392467
3,1.1334,0.36597,0.0392467
3,1.1334,0.37859,0.0392467
3,1.1334,0.39121,0.0392467
3,1.1334,0.40383,0.0392467
3,1.1334,0.41645,0.0392467
3,1.1334,0.42907,0.0392467
3,1.1334,0.44169,0.0392467
3,1.1334,0.45431,0.0392467
3,1.1334,0.46693,0.0392467
3,1.1334,0.47955,0.0392467
3,1.1334,0.49217,0.0392467
3,1.1334,0.50479,0.0392467
3,1.2847,0,0.0358972
3,1.2847,0.01262,0.0358972
3,1.2847,0.02524,0.0358972
3,1.2847,0.03786,0.0366582
3,1.2847,0.05048,0.0416085
3,1.2847,0.0631,0.0439299
3,1.2847,0.07572,0.0354635
3,1.2847,0.08834,0.0373406
3,1.2847,0.10096,0.0399185
3,1.2847,0.11358,0.0399185
3,1.2847,0.1262,0.0399185
3,1.2847,0.13882,0.0399185
3,1.2847,0.15144,0.0399185
3,1.2847,0.16406,0.0399185
3,1.2847,0.17668,0.0399185
3,1.2847,0.18929,0.0399185
3,1.2847,0.20191,0.0399185
3,1.2847,0.21453,0.0399185
3,1.2847,0.22715,0.0399185
3,1.2847,0.23977,0.0399185
3,1.2847,0.25239,0.0399185
3,1.2847,0.26501,0.0399185
3,1.2847,0.27763,0.0399185
3,1.2847,0.29025,0.0399185
3,1.2847,0.30287,0.0399185
3,1.2847,0.31549,0.0399185
3,1.2847,0.32811,0.0399185
3,1.2847,0.34073,0.0399185
3,1.2847,0.35335,0.0399185
3,1.2847,0.36597,0.0399185
3,1.2847,0.37859,0.0399185
3,1.2847,0.39121,0.0399185
3,1.2847,0.40383,0.0399185
3,1.2847,0.41645,0.0399185
3,1.2847,0.42907,0.0399185
3,1.2847,0.44169,0.0399185
3,1.2847,0.45431,0.0399185
3,1.2847,0.46693,0.0399185
3,1.2847,0.47955,0.0399185
3,1.2847,0.49217,0.0399185
3,1.2847,0.50479,0.0399185
3,1.4562,0,0.030424
3,1.4562,0.01262,0.030424
3,1.4562,0.02524,0.030424
3,1.4562,0.03786,0.0318196
3,1.4562,0.05048,0.0327957
3,1.4562,0.0631,0.0319526
3,1.4562,0.07572,0.0345085
3,1.4562,0.08834,0.0322289
3,1.4562,0.10096,0.0322289
3,1.4562,0.11358,0.0322289
3,1.4562,0.1262,0.0322289
3,1.4562,0.13882,0.0322289
3,1.4562,0.15144,0.0322289
3,1.4562,0.16406,0.0322289
3,1.4562,0.17668,0.0322289
3,1.4562,0.18929,0.0322289
3,1.4562,0.20191,0.0322289
3,1.4562,0.21453,0.0322289
3,1.4562,0.22715,0.0322289
3,1.4562,0.23977,0.0322289
3,1.4562,0.25239,0.0322289
3,1.4562,0.26501,0.0322289
3,1.4562,0.27763,0.0322289
3,1.4562,0.29025,0.0322289
3,1.4562,0.30287,0.0322289
3,1.4562,0.31549,0.0322289
3,1.4562,0.32811,0.0322289
3,1.4562,0.34073,0.0322289
3,1.4562,0.35335,0.0322289
3,1.4562,0.36597,0.0322289
3,1.4562,0.37859,0.0322289
3,1.4562,0.39121,0.0322289
3,1.4562,0.40383,0.0322289
3,1.4562,0.41645,0.0322289
3,1.4562,0.42907,0.0322289
3,1.4562,0.44169,0.0322289
3,1.4562,0.45431,0.0322289
3,1.4562,0.46693,0.0322289
3,1.4562,0.47955,0.0322289
3,1.4562,0.49217,0.0322289
3,1.4562,0.50479,0.0322289
3,1.6505,0,0.0279681
3,1.6505,0.01262,0.0279681
3,1.6505,0.02524,0.0279681
3,1.6505,0.03786,0.0297875
3,1.6505,0.05048,0.0311191
3,1.6505,0.0631,0.0301582
3,1.6505,0.07572,0.0312525
3,1.6505,0.08834,0.0308933
3,1.6505,0.10096,0.0308933
3,1.6505,0.11358,0.0308933
3,1.6505,0.1262,0.0308933
3,1.6505,0.13882,0.0308933
3,1.6505,0.15144,0.0308933
3,1.6505,0.16406,0.0308933
3,1.6505,0.17668,0.0308933
3,1.6505,0.18929,0.0308933
3,1.6505,0.20191,0.0308933
3,1.6505,0.21453,0.0308933
3,1.6505,0.22715,0.0308933
3,1.6505,0.23977,0.0308933
3,1.6505,0.25239,0.0308933
3,1.6505,0.26501,0.0308933
3,1.6505,0.27763,0.0308933
3,1.6505,0.29025,0.0308933
3,1.6505,0.30287,0.0308933
3,1.6505,0.31549,0.0308933
3,1.6505,0.32811,0.0308933
3,1.6505,0.34073,0.0308933
3,1.6505,0.35335,0.0308933
3,1.6505,0.36597,0.0308933
3,1.6505,0.37859,0.0308933
3,1.6505,0.39121,0.0308933
3,1.6505,0.40383,0.0308933
3,1.6505,0.41645,0.0308933
3,1.6505,0.42907,0.0308933
3,1.6505,0.44169,0.0308933
3,1.6505,0.45431,0.0308933
3,1.6505,0.46693,0.0308933
3,1.6505,0.47955,0.0308933
3,1.6505,0.49217,0.0308933
3,1.6505,0.50479,0.0308933
3,1.8707,0,0.0258508
3,1.8707,0.01262,0.0258508
3,1.8707,0.02524,0.0258508
3,1.8707,0.03786,0.0283159
3,1.8707,0.05048,0.0293738
3,1.8707,0.0631,0.0289552
3,1.8707,0.07572,0.0287158
3,1.8707,0.08834,0.030118
3,1.8707,0.10096,0.0301282
3,1.8707,0.11358,0.0301282
3,1.8707,0.1262,0.0301282
3,1.8707,0.13882,0.0301282
3,1.8707,0.15144,0.0301282
3,1.8707,0.16406,0.0301282
3,1.8707,0.17668,0.0301282
3,1.8707,0.18929,0.0301282
3,1.8707,0.20191,0.0301282
3,1.8707,0.21453,0.0301282
3,1.8707,0.22715,0.0301282
3,1.8707,0.23977,0.0301282
3,1.8707,0.25239,0.0301282
3,1.8707,0.26501,0.0301282
3,1.8707,0.27763,0.0301282
3,1.8707,0.29025,0.0301282
3,1.8707,0.30287,0.0301282
3,1.8707,0.31549,0.0301282
3,1.8707,0.32811,0.0301282
3,1.8707,0.34073,0.0301282
3,1.8707,0.35335,0.0301282
3,1.8707,0.36597,0.0301282
3,1.8707,0.37859,0.0301282
3,1.8707,0.39121,0.0301282
3,1.8707,0.40383,0.0301282
3,1.8707,0.41645,0.0301282
3,1.8707,0.42907,0.0301282
3,1.8707,0.44169,0.0301282
3,1.8707,0.45431,0.0301282
3,1.8707,0.46693,0.0301282
3,1.8707,0.47955,0.0301282
3,1.8707,0.49217,0.0301282
3,1.8707,0.50479,0.0301282
3,2.1204,0,0.0242971
3,2.1204,0.01262,0.0242971
3,2.1204,0.02524,0.0242971
3,2.1204,0.03786,0.0263065
3,2.1204,0.05048,0.0253339
3,2.1204,0.0631,0.0272765
3,2.1204,0.07572,0.0263661
3,2.1204,0.08834,0.0292655
3,2.1204,0.10096,0.0292025
3,2.1204,0.11358,0.0292025
3,2.1204,0.1262,0.0292025
3,2.1204,0.13882,0.0292025
3,2.1204,0.15144,0.0292025
3,2.1204,0.16406,0.0292025
3,2.1204,0.17668,0.0292025
3,2.1204,0.18929,0.0292025
3,2.1204,0.20191,0.0292025
3,2.1204,0.21453,0.0292025
3,2.1204,0.22715,0.0292025
3,2.1204,0.23977,0.0292025
3,2.1204,0.25239,0.0292025
3,2.1204,0.26501,0.0292025
3,2.1204,0.27763,0.0292025
3,2.1204,0.29025,0.0292025
3,2.1204,0.30287,0.0292025
3,2.1204,0.31549,0.0292025
3,2.1204,0.32811,0.0292025
3,2.1204,0.34073,0.0292025
3,2.1204,0.35335,0.0292025
3,2.1204,0.36597,0.0292025
3,2.1204,0.37859,0.0292025
3,2.1204,0.39121,0.0292025
3,2.1204,0.40383,0.0292025
3,2.1204,0.41645,0.0292025
3,2.1204,0.42907,0.0292025
3,2.1204,0.44169,0.0292025
3,2.1204,0.45431,0.0292025
3,2.1204,0.46693,0.0292025
3,2.1204,0.47955,0.0292025
3,2.1204,0.49217,0.0292025
3,2.1204,0.50479,0.0292025
3,2.4033,0,0.024224
3,2.4033,0.01262,0.024224
3,2.4033,0.02524,0.024224
3,2.4033,0.03786,0.025088
3,2.4033,0.05048,0.0272871
3,2.4033,0.0631,0.027486
3,2.4033,0.07572,0.0273181
3,2.4033,0.08834,0.0289434
3,2.4033,0.10096,0.028862
3,2.4033,0.11358,0.028862
3,2.4033,0.1262,0.028862
3,2.4033,0.13882,0.028862
3,2.4033,0.15144,0.028862
3,2.4033,0.16406,0.028862
3,2.4033,0.17668,0.028862
3,2.4033,0.18929,0.028862
3,2.4033,0.20191,0.028862
3,2.4033,0.21453,0.028862
3,2.4033,0.22715,0.028862
3,2.4033,0.23977,0.028862
3,2.4033,0.25239,0.028862
3,2.4033,0.26501,0.028862
3,2.4033,0.27763,0.028862
3,2.4033,0.29025,0.028862
3,2.4033,0.30287,0.028862
3,2.4033,0.31549,0.028862
3,2.4033,0.32811,0.028862
3,2.4033,0.34073,0.028862
3,2.4033,0.35335,0.028862
3,2.4033,0.36597,0.028862
3,2.4033,0.37859,0.028862
3,2.4033,0.39121,0.028862
3,2.4033,0.40383,0.028862
3,2.4033,0.41645,0.028862
3,2.4033,0.42907,0.028862
3,2.4033,0.44169,0.028862
3,2.4033,0.45431,0.028862
3,2.4033,0.46693,0.028862
3,2.4033,0.47955,0.028862
3,2.4033,0.49217,0.028862
3,2.4033,0.50479,0.028862
3,2.7241,0,0.02415
3,2.7241,0.01262,0.02415
3,2.7241,0.02524,0.02415
3,2.7241,0.03786,0.0244402
3,2.7241,0.05048,0.0224232
3,2.7241,0.0631,0.0245711
3,2.7241,0.07572,0.0262431
3,2.7241,0.08834,0.0279316
3,2.7241,0.10096,0.0279614
3,2.7241,0.11358,0.0279614
3,2.7241,0.1262,0.0279614
3,2.7241,0.13882,0.0279614
3,2.7241,0.15144,0.0279614
3,2.7241,0.16406,0.0279614
3,2.7241,0.17668,0.0279614
3,2.7241,0.18929,0.0279614
3,2.7241,0.20191,0.0279614
3,2.7241,0.21453,0.0279614
3,2.7241,0.22715,0.0279614
3,2.7241,0.23977,0.0279614
3,2.7241,0.25239,0.0279614
3,2.7241,0.26501,0.0279614
3,2.7241,0.27763,0.0279614
3,2.7241,0.29025,0.0279614
3,2.7241,0.30287,0.0279614
3,2.7241,0.31549,0.0279614
3,2.7241,0.32811,0.0279614
3,2.7241,0.34073,0.0279614
3,2.7241,0.35335,0.0279614
3,2.7241,0.36597,0.0279614
3,2.7241,0.37859,0.0279614
3,2.7241,0.39121,0.0279614
3,2.7241,0.40383,0.0279614
3,2.7241,0.41645,0.0279614
3,2.7241,0.42907,0.0279614
3,2.7241,0.44169,0.0279614
3,2.7241,0.45431,0.0279614
3,2.7241,0.46693,0.0279614
3,2.7241,0.47955,0.0279614
3,2.7241,0.49217,0.0279614
3,2.7241,0.50479,0.0279614
3,3.0876,0,0.0228457
3,3.0876,0.01262,0.0228457
3,3.0876,0.02524,0.0228457
3,3.0876,0.03786,0.0230929
3,3.0876,0.05048,0.0219078
3,3.0876,0.0631,0.025872
3,3.0876,0.07572,0.0263053
3,3.0876,0.08834,0.0270078
3,3.0876,0.10096,0.0272024
3,3.0876,0.11358,0.0272024
3,3.0876,0.1262,0.0272024
3,3.0876,0.13882,0.0272024
3,3.0876,0.15144,0.0272024
3,3.0876,0.16406,0.0272024
3,3.0876,0.17668,0.0272024
3,3.0876,0.18929,0.0272024
3,3.0876,0.20191,0.0272024
3,3.0876,0.21453,0.0272024
3,3.0876,0.22715,0.0272024
3,3.0876,0.23977,0.0272024
3,3.0876,0.25239,0.0272024
3,3.0876,0.26501,0.0272024
3,3.0876,0.27763,0.0272024
3,3.0876,0.29025,0.0272024
3,3.0876,0.30287,0.0272024
3,3.0876,0.31549,0.0272024
3,3.0876,0.32811,0.0272024
3,3.0876,0.34073,0.0272024
3,3.0876,0.35335,0.0272024
3,3.0876,0.36597,0.0272024
3,3.0876,0.37859,0.0272024
3,3.0876,0.39121,0.0272024
3,3.0876,0.40383,0.0272024
3,3.0876,0.41645,0.0272024
3,3.0876,0.42907,0.0272024
3,3.0876,0.44169,0.0272024
3,3.0876,0.45431,0.0272024
3,3.0876,0.46693,0.0272024
3,3.0876,0.47955,0.0272024
3,3.0876,0.49217,0.0272024
3,3.0876,0.50479,0.0272024
3,3.4996,0,0.0228432
3,3.4996,0.01262,0.0228432
3,3.4996,0.02524,0.0228432
3,3.4996,0.03786,0.0230773
3,3.4996,0.05048,0.0232799
3,3.4996,0.0631,0.0245468
3,3.4996,0.07572,0.0272464
3,3.4996,0.08834,0.0268085
3,3.4996,0.10096,0.0271056
3,3.4996,0.11358,0.0271056
3,3.4996,0.1262,0.0271056
3,3.4996,0.13882,0.0271056
3,3.4996,0.15144,0.0271056
3,3.4996,0.16406,0.0271056
3,3.4996,0.17668,0.0271056
3,3.4996,0.18929,0.0271056
3,3.4996,0.20191,0.0271056
3,3.4996,0.21453,0.0271056
3,3.4996,0.22715,0.0271056
3,3.4996,0.23977,0.0271056
3,3.4996,0.25239,0.0271056
3,3.4996,0.26501,0.0271056
3,3.4996,0.27763,0.0271056
3,3.4996,0.29025,0.0271056
3,3.4996,0.30287,0.0271056
3,3.4996,0.31549,0.0271056
3,3.4996,0.32811,0.0271056
3,3.4996,0.34073,0.0271056
3,3.4996,0.35335,0.0271056
3,3.4996,0.36597,0.0271056
3,3.4996,0.37859,0.0271056
3,3.4996,0.39121,0.0271056
3,3.4996,0.40383,0.0271056
3,3.4996,0.41645,0.0271056
3,3.4996,0.42907,0.0271056
3,3.4996,0.44169,0.0271056
3,3.4996,0.45431,0.0271056
3,3.4996,0.46693,0.0271056
3,3.4996,0.47955,0.0271056
3,3.4996,0.49217,0.0271056
3,3.4996,0.50479,0.0271056
3,3.9667,0,0.0232082
3,3.9667,0.01262,0.0232082
3,3.9667,0.02524,0.0232082
3,3.9667,0.03786,0.0234231
3,3.9667,0.05048,0.0225642
3,3.9667,0.0631,0.0250572
3,3.9667,0.07572,0.027088
3,3.9667,0.08834,0.0264738
3,3.9667,0.10096,0.0269972
3,3.9667,0.11358,0.0269972
3,3.9667,0.1262,0.0269972
3,3.9667,0.13882,0.0269972
3,3.9667,0.15144,0.0269972
3,3.9667,0.16406,0.0269972
3,3.9667,0.17668,0.0269972
3,3.9667,0.18929,0.0269972
3,3.9667,0.20191,0.0269972
3,3.9667,0.21453,0.0269972
3,3.9667,0.22715,0.0269972
3,3.9667,0.23977,0.0269972
3,3.9667,0.25239,0.0269972
3,3.9667,0.26501,0.0269972
3,3.9667,0.27763,0.0269972
3,3.9667,0.29025,0.0269972
3,3.9667,0.30287,0.0269972
3,3.9667,0.31549,0.0269972
3,3.9667,0.32811,0.0269972
3,3.9667,0.34073,0.0269972
3,3.9667,0.35335,0.0269972
3,3.9667,0.36597,0.0269972
3,3.9667,0.37859,0.0269972
3,3.9667,0.39121,0.0269972
3,3.9667,0.40383,0.0269972
3,3.9667,0.41645,0.0269972
3,3.9667,0.42907,0.0269972
3,3.9667,0.44169,0.0269972
3,3.9667,0.45431,0.0269972
3,3.9667,0.46693,0.0269972
3,3.9667,0.47955,0.0269972
3,3.9667,0.49217,0.0269972
3,3.9667,0.50479,0.0269972
3,4.496,0,0.02324
3,4.496,0.01262,0.02324
3,4.496,0.02524,0.02324
3,4.496,0.03786,0.0234605
3,4.496,0.05048,0.0231801
3,4.496,0.0631,0.025479
3,4.496,0.07572,0.02676
3,4.496,0.08834,0.0267738
3,4.496,0.10096,0.0269577
3,4.496,0.11358,0.0269577
3,4.496,0.1262,0.0269577
3,4.496,0.13882,0.0269577
3,4.496,0.15144,0.0269577
3,4.496,0.16406,0.0269577
3,4.496,0.17668,0.0269577
3,4.496,0.18929,0.0269577
3,4.496,0.20191,0.0269577
3,4.496,0.21453,0.0269577
3,4.496,0.22715,0.0269577
3,4.496,0.23977,0.0269577
3,4.496,0.25239,0.0269577
3,4.496,0.26501,0.0269577
3,4.496,0.27763,0.0269577
3,4.496,0.29025,0.0269577
3,4.496,0.30287,0.0269577
3,4.496,0.31549,0.0269577
3,4.496,0.32811,0.0269577
3,4.496,0.34073,0.0269577
3,4.496,0.35335,0.0269577
3,4.496,0.36597,0.0269577
3,4.496,0.37859,0.0269577
3,4.496,0.39121,0.0269577
3,4.496,0.40383,0.0269577
3,4.496,0.41645,0.0269577
3,4.496,0.42907,0.0269577
3,4.496,0.44169,0.0269577
3,4.496,0.45431,0.0269577
3,4.496,0.46693,0.0269577
3,4.496,0.47955,0.0269577
3,4.496,0.49217,0.0269577
3,4.496,0.50479,0.0269577
3,5.096,0,0.0230844
3,5.096,0.01262,0.0230844
3,5.096,0.02524,0.0230844
3,5.096,0.03786,0.0232219
3,5.096,0.05048,0.0229578
3,5.096,0.0631,0.0243714
3,5.096,0.07572,0.0257492
3,5.096,0.08834,0.0268797
3,5.096,0.10096,0.0261641
3,5.096,0.11358,0.0261641
3,5.096,0.1262,0.0261641
3,5.096,0.13882,0.0261641
3,5.096,0.15144,0.0261641
3,5.096,0.16406,0.0261641
3,5.096,0.17668,0.0261641
3,5.096,0.18929,0.0261641
3,5.096,0.20191,0.0261641
3,5.096,0.21453,0.0261641
3,5.096,0.22715,0.0261641
3,5.096,0.23977,0.0261641
3,5.096,0.25239,0.0261641
3,5.096,0.26501,0.0261641
3,5.096,0.27763,0.0261641
3,5.096,0.29025,0.0261641
3,5.096,0.30287,0.0261641
3,5.096,0.31549,0.0261641
3,5.096,0.32811,0.0261641
3,5.096,0.34073,0.0261641
3,5.096,0.35335,0.0261641
3,5.096,0.36597,0.0261641
3,5.096,0.37859,0.0261641
3,5.096,0.39121,0.0261641
3,5.096,0.40383,0.0261641
3,5.096,0.41645,0.0261641
3,5.096,0.42907,0.0261641
3,5.096,0.44169,0.0261641
3,5.096,0.45431,0.0261641
3,5.096,0.46693,0.0261641
3,5.096,0.47955,0.0261641
3,5.096,0.49217,0.0261641
3,5.096,0.50479,0.0261641
3,5.7761,0,0.022011
3,5.7761,0.01262,0.022011
3,5.7761,0.02524,0.022011
3,5.7761,0.03786,0.0220086
3,5.7761,0.05048,0.0220127
3,5.7761,0.0631,0.0223357
3,5.7761,0.07572,0.0217214
3,5.7761,0.08834,0.0219849
3,5.7761,0.10096,0.0225282
3,5.7761,0.11358,0.0228222
3,5.7761,0.1262,0.0228222
3,5.7761,0.13882,0.0228324
3,5.7761,0.15144,0.0228243
3,5.7761,0.16406,0.0228122
3,5.7761,0.17668,0.0228994
3,5.7761,0.18929,0.0229334
3,5.7761,0.20191,0.0228401
3,5.7761,0.21453,0.0228183
3,5.7761,0.22715,0.0227755
3,5.7761,0.23977,0.0227407
3,5.7761,0.25239,0.0227915
3,5.7761,0.26501,0.0235165
3,5.7761,0.27763,0.0245337
3,5.7761,0.29025,0.0247461
3,5.7761,0.30287,0.0247694
3,5.7761,0.31549,0.0246567
3,5.7761,0.32811,0.0246567
3,5.7761,0.34073,0.0246567
3,5.7761,0.35335,0.0246567
3,5.7761,0.36597,0.0246567
3,5.7761,0.37859,0.0246567
3,5.7761,0.39121,0.0246567
3,5.7761,0.40383,0.0246567
3,5.7761,0.41645,0.0246567
3,5.7761,0.42907,0.0246567
3,5.7761,0.44169,0.0246567
3,5.7761,0.45431,0.0246567
3,5.7761,0.46693,0.0246567
3,5.7761,0.47955,0.0246567
3,5.7761,0.49217,0.0246567
3,5.7761,0.50479,0.0246567
3,6.5469,0,0.0195036
3,6.5469,0.01262,0.0195036
3,6.5469,0.02524,0.0195036
3,6.5469,0.03786,0.0195036
3,6.5469,0.05048,0.0195036
3,6.5469,0.0631,0.0195036
3,6.5469,0.07572,0.0191078
3,6.5469,0.08834,0.0188925
3,6.5469,0.10096,0.0206586
3,6.5469,0.11358,0.0213469
3,6.5469,0.1262,0.0213692
3,6.5469,0.13882,0.0214146
3,6.5469,0.15144,0.0215127
3,6.5469,0.16406,0.0213619
3,6.5469,0.17668,0.0216235
3,6.5469,0.18929,0.0216913
3,6.5469,0.20191,0.0214201
3,6.5469,0.21453,0.0213535
3,6.5469,0.22715,0.0212238
3,6.5469,0.23977,0.0211893
3,6.5469,0.25239,0.0212981
3,6.5469,0.26501,0.0223749
3,6.5469,0.27763,0.0237017
3,6.5469,0.29025,0.0239592
3,6.5469,0.30287,0.0239526
3,6.5469,0.31549,0.0238404
3,6.5469,0.32811,0.0237893
3,6.5469,0.34073,0.0237893
3,6.5469,0.35335,0.0237893
3,6.5469,0.36597,0.0237893
3,6.5469,0.37859,0.0237893
3,6.5469,0.39121,0.0237893
3,6.5469,0.40383,0.0237893
3,6.5469,0.41645,0.0237893
3,6.5469,0.42907,0.0237893
3,6.5469,0.44169,0.0237893
3,6.5469,0.45431,0.0237893
3,6.5469,0.46693,0.0237893
3,6.5469,0.47955,0.0237893
3,6.5469,0.49217,0.0237893
3,6.5469,0.50479,0.0237893
3,7.4206,0,0.0190217
3,7.4206,0.01262,0.0190217
3,7.4206,0.02524,0.0190217
3,7.4206,0.03786,0.0190217
3,7.4206,0.05048,0.0190217
3,7.4206,0.0631,0.0190217
3,7.4206,0.07572,0.0186128
3,7.4206,0.08834,0.017825
3,7.4206,0.10096,0.0193242
3,7.4206,0.11358,0.0203453
3,7.4206,0.1262,0.0203215
3,7.4206,0.13882,0.0205086
3,7.4206,0.15144,0.0208979
3,7.4206,0.16406,0.020573
3,7.4206,0.17668,0.0210676
3,7.4206,0.18929,0.0211582
3,7.4206,0.20191,0.02075
3,7.4206,0.21453,0.0205794
3,7.4206,0.22715,0.0203745
3,7.4206,0.23977,0.0203923
3,7.4206,0.25239,0.0204816
3,7.4206,0.26501,0.0216269
3,7.4206,0.27763,0.023107
3,7.4206,0.29025,0.0233809
3,7.4206,0.30287,0.0233743
3,7.4206,0.31549,0.0232375
3,7.4206,0.32811,0.0231866
3,7.4206,0.34073,0.0231866
3,7.4206,0.35335,0.0231866
3,7.4206,0.36597,0.0231866
3,7.4206,0.37859,0.0231866
3,7.4206,0.39121,0.0231866
3,7.4206,0.40383,0.0231866
3,7.4206,0.41645,0.0231866
3,7.4206,0.42907,0.0231866
3,7.4206,0.44169,0.0231866
3,7.4206,0.45431,0.0231866
3,7.4206,0.46693,0.0231866
3,7.4206,0.47955,0.0231866
3,7.4206,0.49217,0.0231866
3,7.4206,0.50479,0.0231866
3,8.4108,0,0.0179563
3,8.4108,0.01262,0.0179563
3,8.4108,0.02524,0.0179563
3,8.4108,0.03786,0.0179563
3,8.4108,0.05048,0.0179563
3,8.4108,0.0631,0.0179563
3,8.4108,0.07572,0.0177618
3,8.4108,0.08834,0.0157812
3,8.4108,0.10096,0.0165515
3,8.4108,0.11358,0.0188745
3,8.4108,0.1262,0.0185135
3,8.4108,0.13882,0.0192811
3,8.4108,0.15144,0.0206317
3,8.4108,0.16406,0.0195378
3,8.4108,0.17668,0.0212443
3,8.4108,0.18929,0.0215968
3,8.4108,0.20191,0.0208801
3,8.4108,0.21453,0.0204953
3,8.4108,0.22715,0.0200549
3,8.4108,0.23977,0.0199419
3,8.4108,0.25239,0.020024
3,8.4108,0.26501,0.0212659
3,8.4108,0.27763,0.0229093
3,8.4108,0.29025,0.0232756
3,8.4108,0.30287,0.0232607
3,8.4108,0.31549,0.023124
3,8.4108,0.32811,0.0230731
3,8.4108,0.34073,0.0230731
3,8.4108,0.35335,0.0230731
3,8.4108,0.36597,0.0230731
3,8.4108,0.37859,0.0230731
3,8.4108,0.39121,0.0230731
3,8.4108,0.40383,0.0230731
3,8.4108,0.41645,0.0230731
3,8.4108,0.42907,0.0230731
3,8.4108,0.44169,0.0230731
3,8.4108,0.45431,0.0230731
3,8.4108,0.46693,0.0230731
3,8.4108,0.47955,0.0230731
3,8.4108,0.49217,0.0230731
3,8.4108,0.50479,0.0230731
3,9.5333,0,0.0174932
3,9.5333,0.01262,0.0174932
3,9.5333,0.02524,0.0174932
3,9.5333,0.03786,0.0174932
3,9.5333,0.05048,0.0174932
3,9.5333,0.0631,0.0174932
3,9.5333,0.07572,0.0174574
3,9.5333,0.08834,0.0148491
3,9.5333,0.10096,0.0153305
3,9.5333,0.11358,0.0173281
3,9.5333,0.1262,0.0169313
3,9.5333,0.13882,0.018131
3,9.5333,0.15144,0.0200246
3,9.5333,0.16406,0.0187074
3,9.5333,0.17668,0.0206949
3,9.5333,0.18929,0.0212794
3,9.5333,0.20191,0.0204073
3,9.5333,0.21453,0.0199553
3,9.5333,0.22715,0.0194808
3,9.5333,0.23977,0.0193957
3,9.5333,0.25239,0.0194594
3,9.5333,0.26501,0.0208188
3,9.5333,0.27763,0.0225448
3,9.5333,0.29025,0.02296
3,9.5333,0.30287,0.0229451
3,9.5333,0.31549,0.0228085
3,9.5333,0.32811,0.0227577
3,9.5333,0.34073,0.0227577
3,9.5333,0.35335,0.0227577
3,9.5333,0.36597,0.0227577
3,9.5333,0.37859,0.0227577
3,9.5333,0.39121,0.0227577
3,9.5333,0.40383,0.0227577
3,9.5333,0.41645,0.0227577
3,9.5333,0.42907,0.0227577
3,9.5333,0.44169,0.0227577
3,9.5333,0.45431,0.0227577
3,9.5333,0.46693,0.0227577
3,9.5333,0.47955,0.0227577
3,9.5333,0.49217,0.0227577
3,9.5333,0.50479,0.0227577
3,10.8055,0,0.0177214
3,10.8055,0.01262,0.0177214
3,10.8055,0.02524,0.0177214
3,10.8055,0.03786,0.0177214
3,10.8055,0.05048,0.0177214
3,10.8055,0.0631,0.0177214
3,10.8055,0.07572,0.0176856
3,10.8055,0.08834,0.0150439
3,10.8055,0.10096,0.0149367
3,10.8055,0.11358,0.0167552
3,10.8055,0.1262,0.0162762
3,10.8055,0.13882,0.0179218
3,10.8055,0.15144,0.0200147
3,10.8055,0.16406,0.0186265
3,10.8055,0.17668,0.0206417
3,10.8055,0.18929,0.0212677
3,10.8055,0.20191,0.0203721
3,10.8055,0.21453,0.0199202
3,10.8055,0.22715,0.0194344
3,10.8055,0.23977,0.0193492
3,10.8055,0.25239,0.0194129
3,10.8055,0.26501,0.0207949
3,10.8055,0.27763,0.0225207
3,10.8055,0.29025,0.0229359
3,10.8055,0.30287,0.022921
3,10.8055,0.31549,0.0227845
3,10.8055,0.32811,0.0227336
3,10.8055,0.34073,0.0227336
3,10.8055,0.35335,0.0227336
3,10.8055,0.36597,0.0227336
3,10.8055,0.37859,0.0227336
3,10.8055,0.39121,0.0227336
3,10.8055,0.40383,0.0227336
3,10.8055,0.41645,0.0227336
3,10.8055,0.42907,0.0227336
3,10.8055,0.44169,0.0227336
3,10.8055,0.45431,0.0227336
3,10.8055,0.46693,0.0227336
3,10.8055,0.47955,0.0227336
3,10.8055,0.49217,0.0227336
3,10.8055,0.50479,0.0227336
3,12.2474,0,0.0178419
3,12.2474,0.01262,0.0178419
3,12.2474,0.02524,0.0178419
3,12.2474,0.03786,0.0178419
3,12.2474,0.05048,0.0178419
3,12.2474,0.0631,0.0178419
3,12.2474,0.07572,0.0178061
3,12.2474,0.08834,0.0153586
3,12.2474,0.10096,0.0157093
3,12.2474,0.11358,0.0173261
3,12.2474,0.1262,0.0162625
3,12.2474,0.13882,0.0181522
3,12.2474,0.15144,0.0201856
3,12.2474,0.16406,0.0187787
3,12.2474,0.17668,0.020819
3,12.2474,0.18929,0.0214079
3,12.2474,0.20191,0.0205001
3,12.2474,0.21453,0.0200479
3,12.2474,0.22715,0.0195618
3,12.2474,0.23977,0.0194766
3,12.2474,0.25239,0.0195247
3,12.2474,0.26501,0.0208722
3,12.2474,0.27763,0.022658
3,12.2474,0.29025,0.0230735
3,12.2474,0.30287,0.0230586
3,12.2474,0.31549,0.022922
3,12.2474,0.32811,0.0228711
3,12.2474,0.34073,0.0228711
3,12.2474,0.35335,0.0228711
3,12.2474,0.36597,0.0228711
3,12.2474,0.37859,0.0228711
3,12.2474,0.39121,0.0228711
3,12.2474,0.40383,0.0228711
3,12.2474,0.41645,0.0228711
3,12.2474,0.42907,0.0228711
3,12.2474,0.44169,0.0228711
3,12.2474,0.45431,0.0228711
3,12.2474,0.46693,0.0228711
3,12.2474,0.47955,0.0228711
3,12.2474,0.49217,0.0228711
3,12.2474,0.50479,0.0228711
3,13.8819,0,0.0183071
3,13.8819,0.01262,0.0183071
3,13.8819,0.02524,0.0183071
3,13.8819,0.03786,0.0183071
3,13.8819,0.05048,0.0183071
3,13.8819,0.0631,0.0183071
3,13.8819,0.07572,0.0182712
3,13.8819,0.08834,0.016236
3,13.8819,0.10096,0.0170958
3,13.8819,0.11358,0.0183639
3,13.8819,0.1262,0.0175622
3,13.8819,0.13882,0.0196645
3,13.8819,0.15144,0.0217586
3,13.8819,0.16406,0.0199561
3,13.8819,0.17668,0.0222497
3,13.8819,0.18929,0.0229544
3,13.8819,0.20191,0.021935
3,13.8819,0.21453,0.0213818
3,13.8819,0.22715,0.0208338
3,13.8819,0.23977,0.0206928
3,13.8819,0.25239,0.0206311
3,13.8819,0.26501,0.0218279
3,13.8819,0.27763,0.0232631
3,13.8819,0.29025,0.0236798
3,13.8819,0.30287,0.0236648
3,13.8819,0.31549,0.0235278
3,13.8819,0.32811,0.0234768
3,13.8819,0.34073,0.0234768
3,13.8819,0.35335,0.0234768
3,13.8819,0.36597,0.0234768
3,13.8819,0.37859,0.0234768
3,13.8819,0.39121,0.0234768
3,13.8819,0.40383,0.0234768
3,13.8819,0.41645,0.0234768
3,13.8819,0.42907,0.0234768
3,13.8819,0.44169,0.0234768
3,13.8819,0.45431,0.0234768
3,13.8819,0.46693,0.0234768
3,13.8819,0.47955,0.0234768
3,13.8819,0.49217,0.0234768
3,13.8819,0.50479,0.0234768
3,15.7344,0,0.0178229
3,15.7344,0.01262,0.0178229
3,15.7344,0.02524,0.0178229
3,15.7344,0.03786,0.0178229
3,15.7344,0.05048,0.0178229
3,15.7344,0.0631,0.0178229
3,15.7344,0.07572,0.0177871
3,15.7344,0.08834,0.0158345
3,15.7344,0.10096,0.0164069
3,15.7344,0.11358,0.0173984
3,15.7344,0.1262,0.0166456
3,15.7344,0.13882,0.0178397
3,15.7344,0.15144,0.0190005
3,15.7344,0.16406,0.016978
3,15.7344,0.17668,0.0205877
3,15.7344,0.18929,0.0220379
3,15.7344,0.20191,0.0208051
3,15.7344,0.21453,0.0200376
3,15.7344,0.22715,0.0195045
3,15.7344,0.23977,0.0194371
3,15.7344,0.25239,0.0193488
3,15.7344,0.26501,0.0209106
3,15.7344,0.27763,0.0226247
3,15.7344,0.29025,0.0230796
3,15.7344,0.30287,0.0230647
3,15.7344,0.31549,0.0229281
3,15.7344,0.32811,0.0228772
3,15.7344,0.34073,0.0228772
3,15.7344,0.35335,0.0228772
3,15.7344,0.36597,0.0228772
3,15.7344,0.37859,0.0228772
3,15.7344,0.39121,0.0228772
3,15.7344,0.40383,0.0228772
3,15.7344,0.41645,0.0228772
3,15.7344,0.42907,0.0228772
3,15.7344,0.44169,0.0228772
3,15.7344,0.45431,0.0228772
3,15.7344,0.46693,0.0228772
3,15.7344,0.47955,0.0228772
3,15.7344,0.49217,0.0228772
3,15.7344,0.50479,0.0228772
3,17.8342,0,0.0178703
3,17.8342,0.01262,0.0178703
3,17.8342,0.02524,0.0178703
3,17.8342,0.03786,0.0178703
3,17.8342,0.05048,0.0178703
3,17.8342,0.0631,0.0178703
3,17.8342,0.07572,0.0178345
3,17.8342,0.08834,0.0158814
3,17.8342,0.10096,0.0164581
3,17.8342,0.11358,0.0173208
3,17.8342,0.1262,0.0165749
3,17.8342,0.13882,0.017572
3,17.8342,0.15144,0.0182871
3,17.8342,0.16406,0.0162864
3,17.8342,0.17668,0.0199505
3,17.8342,0.18929,0.0218716
3,17.8342,0.20191,0.0202318
3,17.8342,0.21453,0.0195681
3,17.8342,0.22715,0.0190196
3,17.8342,0.23977,0.0190085
3,17.8342,0.25239,0.0188601
3,17.8342,0.26501,0.0203678
3,17.8342,0.27763,0.0222343
3,17.8342,0.29025,0.0227549
3,17.8342,0.30287,0.0227401
3,17.8342,0.31549,0.0226037
3,17.8342,0.32811,0.0225529
3,17.8342,0.34073,0.0225529
3,17.8342,0.35335,0.0225529
3,17.8342,0.36597,0.0225529
3,17.8342,0.37859,0.0225529
3,17.8342,0.39121,0.0225529
3,17.8342,0.40383,0.0225529
3,17.8342,0.41645,0.0225529
3,17.8342,0.42907,0.0225529
3,17.8342,0.44169,0.0225529
3,17.8342,0.45431,0.0225529
3,17.8342,0.46693,0.0225529
3,17.8342,0.47955,0.0225529
3,17.8342,0.49217,0.0225529
3,17.8342,0.50479,0.0225529
3,20.2141,0,0.017682
3,20.2141,0.01262,0.017682
3,20.2141,0.02524,0.017682
3,20.2141,0.03786,0.017682
3,20.2141,0.05048,0.017682
3,20.2141,0.0631,0.017682
3,20.2141,0.07572,0.0176462
3,20.2141,0.08834,0.0156807
3,20.2141,0.10096,0.0162392
3,20.2141,0.11358,0.0171
3,20.2141,0.1262,0.016288
3,20.2141,0.13882,0.0171753
3,20.2141,0.15144,0.0178348
3,20.2141,0.16406,0.0159694
3,20.2141,0.17668,0.0185599
3,20.2141,0.18929,0.0200936
3,20.2141,0.20191,0.0185763
3,20.2141,0.21453,0.0179737
3,20.2141,0.22715,0.0175933
3,20.2141,0.23977,0.0176446
3,20.2141,0.25239,0.0176632
3,20.2141,0.26501,0.0193922
3,20.2141,0.27763,0.0215663
3,20.2141,0.29025,0.0220753
3,20.2141,0.30287,0.0220605
3,20.2141,0.31549,0.0219245
3,20.2141,0.32811,0.0218739
3,20.2141,0.34073,0.0218739
3,20.2141,0.35335,0.0218739
3,20.2141,0.36597,0.0218739
3,20.2141,0.37859,0.0218739
3,20.2141,0.39121,0.0218739
3,20.2141,0.40383,0.0218739
3,20.2141,0.41645,0.0218739
3,20.2141,0.42907,0.0218739
3,20.2141,0.44169,0.0218739
3,20.2141,0.45431,0.0218739
3,20.2141,0.46693,0.0218739
3,20.2141,0.47955,0.0218739
3,20.2141,0.49217,0.0218739
3,20.2141,0.50479,0.0218739
3,22.9117,0,0.0178632
3,22.9117,0.01262,0.0178632
3,22.9117,0.02524,0.0178632
3,22.9117,0.03786,0.0178632
3,22.9117,0.05048,0.0178632
3,22.9117,0.0631,0.0178632
3,22.9117,0.07572,0.0178274
3,22.9117,0.08834,0.0159798
3,22.9117,0.10096,0.0165076
3,22.9117,0.11358,0.0174475
3,22.9117,0.1262,0.0166771
3,22.9117,0.13882,0.0177323
3,22.9117,0.15144,0.0186283
3,22.9117,0.16406,0.0168519
3,22.9117,0.17668,0.0194761
3,22.9117,0.18929,0.0210347
3,22.9117,0.20191,0.0195744
3,22.9117,0.21453,0.0189462
3,22.9117,0.22715,0.0179135
3,22.9117,0.23977,0.0178799
3,22.9117,0.25239,0.0178554
3,22.9117,0.26501,0.0196794
3,22.9117,0.27763,0.0217673
3,22.9117,0.29025,0.0222655
3,22.9117,0.30287,0.0222507
3,22.9117,0.31549,0.0221146
3,22.9117,0.32811,0.0220415
3,22.9117,0.34073,0.0220415
3,22.9117,0.35335,0.0220415
3,22.9117,0.36597,0.0220415
3,22.9117,0.37859,0.0220415
3,22.9117,0.39121,0.0220415
3,22.9117,0.40383,0.0220415
3,22.9117,0.41645,0.0220415
3,22.9117,0.42907,0.0220415
3,22.9117,0.44169,0.0220415
3,22.9117,0.45431,0.0220415
3,22.9117,0.46693,0.0220415
3,22.9117,0.47955,0.0220415
3,22.9117,0.49217,0.0220415
3,22.9117,0.50479,0.0220415
3,25.9692,0,0.0180123
3,25.9692,0.01262,0.0180123
3,25.9692,0.02524,0.0180123
3,25.9692,0.03786,0.0180123
3,25.9692,0.05048,0.0180123
3,25.9692,0.0631,0.0180123
3,25.9692,0.07572,0.0179765
3,25.9692,0.08834,0.0161615
3,25.9692,0.10096,0.0166891
3,25.9692,0.11358,0.0175413
3,25.9692,0.1262,0.016839
3,25.9692,0.13882,0.0178485
3,25.9692,0.15144,0.0186465
3,25.9692,0.16406,0.0170029
3,25.9692,0.17668,0.0194966
3,25.9692,0.18929,0.0210074
3,25.9692,0.20191,0.0203291
3,25.9692,0.21453,0.0198443
3,25.9692,0.22715,0.0188069
3,25.9692,0.23977,0.0187732
3,25.9692,0.25239,0.0185342
3,25.9692,0.26501,0.0201811
3,25.9692,0.27763,0.0221291
3,25.9692,0.29025,0.022582
3,25.9692,0.30287,0.0225672
3,25.9692,0.31549,0.0224309
3,25.9692,0.32811,0.0223576
3,25.9692,0.34073,0.0223576
3,25.9692,0.35335,0.0223576
3,25.9692,0.36597,0.0223576
3,25.9692,0.37859,0.0223576
3,25.9692,0.39121,0.0223576
3,25.9692,0.40383,0.0223576
3,25.9692,0.41645,0.0223576
3,25.9692,0.42907,0.0223576
3,25.9692,0.44169,0.0223576
3,25.9692,0.45431,0.0223576
3,25.9692,0.46693,0.0223576
3,25.9692,0.47955,0.0223576
3,25.9692,0.49217,0.0223576
3,25.9692,0.50479,0.0223576
3,29.4348,0,0.0187114
3,29.4348,0.01262,0.0187114
3,29.4348,0.02524,0.0187114
3,29.4348,0.03786,0.0187114
3,29.4348,0.05048,0.0187114
3,29.4348,0.0631,0.0187114
3,29.4348,0.07572,0.0186755
3,29.4348,0.08834,0.016947
3,29.4348,0.10096,0.0174671
3,29.4348,0.11358,0.0182409
3,29.4348,0.1262,0.0176351
3,29.4348,0.13882,0.0185681
3,29.4348,0.15144,0.0193865
3,29.4348,0.16406,0.0178476
3,29.4348,0.17668,0.0200658
3,29.4348,0.18929,0.0214654
3,29.4348,0.20191,0.0209112
3,29.4348,0.21453,0.0204856
3,29.4348,0.22715,0.0195484
3,29.4348,0.23977,0.0195145
3,29.4348,0.25239,0.0192747
3,29.4348,0.26501,0.0209102
3,29.4348,0.27763,0.0229058
3,29.4348,0.29025,0.0233486
3,29.4348,0.30287,0.0233192
3,29.4348,0.31549,0.0231104
3,29.4348,0.32811,0.0230557
3,29.4348,0.34073,0.0230557
3,29.4348,0.35335,0.0230557
3,29.4348,0.36597,0.0230557
3,29.4348,0.37859,0.0230557
3,29.4348,0.39121,0.0230557
3,29.4348,0.40383,0.0230557
3,29.4348,0.41645,0.0230557
3,29.4348,0.42907,0.0230557
3,29.4348,0.44169,0.0230557
3,29.4348,0.45431,0.0230557
3,29.4348,0.46693,0.0230557
3,29.4348,0.47955,0.0230557
3,29.4348,0.49217,0.0230557
3,29.4348,0.50479,0.0230557
3,33.3629,0,0.0216224
3,33.3629,0.01262,0.0216224
3,33.3629,0.02524,0.0216224
3,33.3629,0.03786,0.0216224
3,33.3629,0.05048,0.0216224
3,33.3629,0.0631,0.0216224
3,33.3629,0.07572,0.0216008
3,33.3629,0.08834,0.0203696
3,33.3629,0.10096,0.0209798
3,33.3629,0.11358,0.0213453
3,33.3629,0.1262,0.0210758
3,33.3629,0.13882,0.0216842
3,33.3629,0.15144,0.0222637
3,33.3629,0.16406,0.02103
3,33.3629,0.17668,0.0225866
3,33.3629,0.18929,0.0235637
3,33.3629,0.20191,0.0232844
3,33.3629,0.21453,0.0231915
3,33.3629,0.22715,0.0228282
3,33.3629,0.23977,0.0228717
3,33.3629,0.25239,0.0226278
3,33.3629,0.26501,0.0242912
3,33.3629,0.27763,0.026321
3,33.3629,0.29025,0.0267697
3,33.3629,0.30287,0.0266264
3,33.3629,0.31549,0.0259716
3,33.3629,0.32811,0.0257914
3,33.3629,0.34073,0.0257914
3,33.3629,0.35335,0.0257914
3,33.3629,0.36597,0.0257914
3,33.3629,0.37859,0.0257914
3,33.3629,0.39121,0.0257914
3,33.3629,0.40383,0.0257914
3,33.3629,0.41645,0.0257914
3,33.3629,0.42907,0.0257914
3,33.3629,0.44169,0.0257914
3,33.3629,0.45431,0.0257914
3,33.3629,0.46693,0.0257914
3,33.3629,0.47955,0.0257914
3,33.3629,0.49217,0.0257914
3,33.3629,0.50479,0.0257914
3,37.8152,0,0.021817
3,37.8152,0.01262,0.021817
3,37.8152,0.02524,0.021817
3,37.8152,0.03786,0.021817
3,37.8152,0.05048,0.021817
3,37.8152,0.0631,0.021817
3,37.8152,0.07572,0.0217953
3,37.8152,0.08834,0.0205715
3,37.8152,0.10096,0.0211841
3,37.8152,0.11358,0.0215878
3,37.8152,0.1262,0.0213084
3,37.8152,0.13882,0.021906
3,37.8152,0.15144,0.022536
3,37.8152,0.16406,0.0213447
3,37.8152,0.17668,0.0228718
3,37.8152,0.18929,0.0237694
3,37.8152,0.20191,0.023487
3,37.8152,0.21453,0.0234053
3,37.8152,0.22715,0.0230255
3,37.8152,0.23977,0.023074
3,37.8152,0.25239,0.0228703
3,37.8152,0.26501,0.0245357
3,37.8152,0.27763,0.026568
3,37.8152,0.29025,0.0270173
3,37.8152,0.30287,0.0268738
3,37.8152,0.31549,0.0262182
3,37.8152,0.32811,0.0260377
3,37.8152,0.34073,0.0260377
3,37.8152,0.35335,0.0260377
3,37.8152,0.36597,0.0260377
3,37.8152,0.37859,0.0260377
3,37.8152,0.39121,0.0260377
3,37.8152,0.40383,0.0260377
3,37.8152,0.41645,0.0260377
3,37.8152,0.42907,0.0260377
3,37.8152,0.44169,0.0260377
3,37.8152,0.45431,0.0260377
3,37.8152,0.46693,0.0260377
3,37.8152,0.47955,0.0260377
3,37.8152,0.49217,0.0260377
3,37.8152,0.50479,0.0260377
3,42.8616,0,0.0217167
3,42.8616,0.01262,0.0217167
3,42.8616,0.02524,0.0217167
3,42.8616,0.03786,0.0217167
3,42.8616,0.05048,0.0217167
3,42.8616,0.0631,0.0217167
3,42.8616,0.07572,0.021695
3,42.8616,0.08834,0.020531
3,42.8616,0.10096,0.0211112
3,42.8616,0.11358,0.021534
3,42.8616,0.1262,0.0212317
3,42.8616,0.13882,0.0218291
3,42.8616,0.15144,0.0225007
3,42.8616,0.16406,0.0213095
3,42.8616,0.17668,0.0227794
3,42.8616,0.18929,0.023667
3,42.8616,0.20191,0.0234027
3,42.8616,0.21453,0.0232583
3,42.8616,0.22715,0.022886
3,42.8616,0.23977,0.0229345
3,42.8616,0.25239,0.0227789
3,42.8616,0.26501,0.0242524
3,42.8616,0.27763,0.0262818
3,42.8616,0.29025,0.0267305
3,42.8616,0.30287,0.0265871
3,42.8616,0.31549,0.0259325
3,42.8616,0.32811,0.0257523
3,42.8616,0.34073,0.0257523
3,42.8616,0.35335,0.0257523
3,42.8616,0.36597,0.0257523
3,42.8616,0.37859,0.0257523
3,42.8616,0.39121,0.0257523
3,42.8616,0.40383,0.0257523
3,42.8616,0.41645,0.0257523
3,42.8616,0.42907,0.0257523
3,42.8616,0.44169,0.0257523
3,42.8616,0.45431,0.0257523
3,42.8616,0.46693,0.0257523
3,42.8616,0.47955,0.0257523
3,42.8616,0.49217,0.0257523
3,42.8616,0.50479,0.0257523
3,48.5815,0,0.0217167
3,48.5815,0.01262,0.0217167
3,48.5815,0.02524,0.0217167
3,48.5815,0.03786,0.0217167
3,48.5815,0.05048,0.0217167
3,48.5815,0.0631,0.0217167
3,48.5815,0.07572,0.021695
3,48.5815,0.08834,0.020531
3,48.5815,0.10096,0.0211112
3,48.5815,0.11358,0.021534
3,48.5815,0.1262,0.0212317
3,48.5815,0.13882,0.0218291
3,48.5815,0.15144,0.0225007
3,48.5815,0.16406,0.0213095
3,48.5815,0.17668,0.0227794
3,48.5815,0.18929,0.023667
3,48.5815,0.20191,0.0234027
3,48.5815,0.21453,0.0232583
3,48.5815,0.22715,0.022886
3,48.5815,0.23977,0.0229345
3,48.5815,0.25239,0.0227789
3,48.5815,0.26501,0.0242148
3,48.5815,0.27763,0.0262438
3,48.5815,0.29025,0.0266923
3,48.5815,0.30287,0.026549
3,48.5815,0.31549,0.0258945
3,48.5815,0.32811,0.0257144
3,48.5815,0.34073,0.0257144
3,48.5815,0.35335,0.0257144
3,48.5815,0.36597,0.0257144
3,48.5815,0.37859,0.0257144
3,48.5815,0.39121,0.0257144
3,48.5815,0.40383,0.0257144
3,48.5815,0.41645,0.0257144
3,48.5815,0.42907,0.0257144
3,48.5815,0.44169,0.0257144
3,48.5815,0.45431,0.0257144
3,48.5815,0.46693,0.0257144
3,48.5815,0.47955,0.0257144
3,48.5815,0.49217,0.0257144
3,48.5815,0.50479,0.0257144
3,55.0647,0,0.0217167
3,55.0647,0.01262,0.0217167
3,55.0647,0.02524,0.0217167
3,55.0647,0.03786,0.0217167
3,55.0647,0.05048,0.0217167
3,55.0647,0.0631,0.0217167
3,55.0647,0.07572,0.021695
3,55.0647,0.08834,0.020531
3,55.0647,0.10096,0.0211112
3,55.0647,0.11358,0.021534
3,55.0647,0.1262,0.0212317
3,55.0647,0.13882,0.0218291
3,55.0647,0.15144,0.0225007
3,55.0647,0.16406,0.0213095
3,55.0647,0.17668,0.0227794
3,55.0647,0.18929,0.023667
3,55.0647,0.20191,0.0234027
3,55.0647,0.21453,0.0232583
3,55.0647,0.22715,0.022886
3,55.0647,0.23977,0.0229345
3,55.0647,0.25239,0.0227789
3,55.0647,0.26501,0.0242148
3,55.0647,0.27763,0.0262438
3,55.0647,0.29025,0.0266923
3,55.0647,0.30287,0.026549
3,55.0647,0.31549,0.0258945
3,55.0647,0.32811,0.0257144
3,55.0647,0.34073,0.0257144
3,55.0647,0.35335,0.0257144
3,55.0647,0.36597,0.0257144
3,55.0647,0.37859,0.0257144
3,55.0647,0.39121,0.0257144
3,55.0647,0.40383,0.0257144
3,55.0647,0.41645,0.0257144
3,55.0647,0.42907,0.0257144
3,55.0647,0.44169,0.0257144
3,55.0647,0.45431,0.0257144
3,55.0647,0.46693,0.0257144
3,55.0647,0.47955,0.0257144
3,55.0647,0.49217,0.0257144
3,55.0647,0.50479,0.0257144
3,62.413,0,0.0217167
3,62.413,0.01262,0.0217167
3,62.413,0.02524,0.0217167
3,62.413,0.03786,0.0217167
3,62.413,0.05048,0.0217167
3,62.413,0.0631,0.0217167
3,62.413,0.07572,0.021695
3,62.413,0.08834,0.020531
3,62.413,0.10096,0.0211112
3,62.413,0.11358,0.021534
3,62.413,0.1262,0.0212317
3,62.413,0.13882,0.0218291
3,62.413,0.15144,0.0225007
3,62.413,0.16406,0.0213095
3,62.413,0.17668,0.0227794
3,62.413,0.18929,0.023667
3,62.413,0.20191,0.0234027
3,62.413,0.21453,0.0232583
3,62.413,0.22715,0.022886
3,62.413,0.23977,0.0229345
3,62.413,0.25239,0.0227789
3,62.413,0.26501,0.0242148
3,62.413,0.27763,0.0262438
3,62.413,0.29025,0.0266923
3,62.413,0.30287,0.026549
3,62.413,0.31549,0.0258945
3,62.413,0.32811,0.0257144
3,62.413,0.34073,0.0257144
3,62.413,0.35335,0.0257144
3,62.413,0.36597,0.0257144
3,62.413,0.37859,0.0257144
3,62.413,0.39121,0.0257144
3,62.413,0.40383,0.0257144
3,62.413,0.41645,0.0257144
3,62.413,0.42907,0.0257144
3,62.413,0.44169,0.0257144
3,62.413,0.45431,0.0257144
3,62.413,0.46693,0.0257144
3,62.413,0.47955,0.0257144
3,62.413,0.49217,0.0257144
3,62.413,0.50479,0.0257144
3,70.742,0,0.0217167
3,70.742,0.01262,0.0217167
3,70.742,0.02524,0.0217167
3,70.742,0.03786,0.0217167
3,70.742,0.05048,0.0217167
3,70.742,0.0631,0.0217167
3,70.742,0.07572,0.021695
3,70.742,0.08834,0.020531
3,70.742,0.10096,0.0211112
3,70.742,0.11358,0.021534
3,70.742,0.1262,0.0212317
3,70.742,0.13882,0.0218291
3,70.742,0.15144,0.0225007
3,70.742,0.16406,0.0213095
3,70.742,0.17668,0.0227794
3,70.742,0.18929,0.023667
3,70.742,0.20191,0.0234027
3,70.742,0.21453,0.0232583
3,70.742,0.22715,0.022886
3,70.742,0.23977,0.0229345
3,70.742,0.25239,0.0227789
3,70.742,0.26501,0.0242148
3,70.742,0.27763,0.0262438
3,70.742,0.29025,0.0266923
3,70.742,0.30287,0.026549
3,70.742,0.31549,0.0258945
3,70.742,0.32811,0.0257144
3,70.742,0.34073,0.0257144
3,70.742,0.35335,0.0257144
3,70.742,0.36597,0.0257144
3,70.742,0.37859,0.0257144
3,70.742,0.39121,0.0257144
3,70.742,0.40383,0.0257144
3,70.742,0.41645,0.0257144
3,70.742,0.42907,0.0257144
3,70.742,0.44169,0.0257144
3,70.742,0.45431,0.0257144
3,70.742,0.46693,0.0257144
3,70.742,0.47955,0.0257144
3,70.742,0.49217,0.0257144
3,70.742,0.50479,0.0257144
3,80.1825,0,0.0217167
3,80.1825,0.01262,0.0217167
3,80.1825,0.02524,0.0217167
3,80.1825,0.03786,0.0217167
3,80.1825,0.05048,0.0217167
3,80.1825,0.0631,0.0217167
3,80.1825,0.07572,0.021695
3,80.1825,0.08834,0.020531
3,80.1825,0.10096,0.0211112
3,80.1825,0.11358,0.021534
3,80.1825,0.1262,0.0212317
3,80.1825,0.13882,0.0218291
3,80.1825,0.15144,0.0225007
3,80.1825,0.16406,0.0213095
3,80.1825,0.17668,0.0227794
3,80.1825,0.18929,0.023667
3,80.1825,0.20191,0.0234027
3,80.1825,0.21453,0.0232583
3,80.1825,0.22715,0.022886
3,80.1825,0.23977,0.0229345
3,80.1825,0.25239,0.0227789
3,80.1825,0.26501,0.0242148
3,80.1825,0.27763,0.0262438
3,80.1825,0.29025,0.0266923
3,80.1825,0.30287,0.026549
3,80.1825,0.31549,0.0258945
3,80.1825,0.32811,0.0257144
3,80.1825,0.34073,0.0257144
3,80.1825,0.35335,0.0257144
3,80.1825,0.36597,0.0257144
3,80.1825,0.37859,0.0257144
3,80.1825,0.39121,0.0257144
3,80.1825,0.40383,0.0257144
3,80.1825,0.41645,0.0257144
3,80.1825,0.42907,0.0257144
3,80.1825,0.44169,0.0257144
3,80.1825,0.45431,0.0257144
3,80.1825,0.46693,0.0257144
3,80.1825,0.47955,0.0257144
3,80.1825,0.49217,0.0257144
3,80.1825,0.50479,0.0257144
3,90.8829,0,0.0217167
3,90.8829,0.01262,0.0217167
3,90.8829,0.02524,0.0217167
3,90.8829,0.03786,0.0217167
3,90.8829,0.05048,0.0217167
3,90.8829,0.0631,0.0217167
3,90.8829,0.07572,0.021695
3,90.8829,0.08834,0.020531
3,90.8829,0.10096,0.0211112
3,90.8829,0.11358,0.021534
3,90.8829,0.1262,0.0212317
3,90.8829,0.13882,0.0218291
3,90.8829,0.15144,0.0225007
3,90.8829,0.16406,0.0213095
3,90.8829,0.17668,0.0227794
3,90.8829,0.18929,0.023667
3,90.8829,0.20191,0.0234027
3,90.8829,0.21453,0.0232583
3,90.8829,0.22715,0.022886
3,90.8829,0.23977,0.0229345
3,90.8829,0.25239,0.0227789
3,90.8829,0.26501,0.0242148
3,90.8829,0.27763,0.0262438
3,90.8829,0.29025,0.0266923
3,90.8829,0.30287,0.026549
3,90.8829,0.31549,0.0258945
3,90.8829,0.32811,0.0257144
3,90.8829,0.34073,0.0257144
3,90.8829,0.35335,0.0257144
3,90.8829,0.36597,0.0257144
3,90.8829,0.37859,0.0257144
3,90.8829,0.39121,0.0257144
3,90.8829,0.40383,0.0257144
3,90.8829,0.41645,0.0257144
3,90.8829,0.42907,0.0257144
3,90.8829,0.44169,0.0257144
3,90.8829,0.45431,0.0257144
3,90.8829,0.46693,0.0257144
3,90.8829,0.47955,0.0257144
3,90.8829,0.49217,0.0257144
3,90.8829,0.50479,0.0257144
3,103.011,0,0.0217167
3,103.011,0.01262,0.0217167
3,103.011,0.02524,0.0217167
3,103.011,0.03786,0.0217167
3,103.011,0.05048,0.0217167
3,103.011,0.0631,0.0217167
3,103.011,0.07572,0.021695
3,103.011,0.08834,0.020531
3,103.011,0.10096,0.0211112
3,103.011,0.11358,0.021534
3,103.011,0.1262,0.0212317
3,103.011,0.13882,0.0218291
3,103.011,0.15144,0.0225007
3,103.011,0.16406,0.0213095
3,103.011,0.17668,0.0227794
3,103.011,0.18929,0.023667
3,103.011,0.20191,0.0234027
3,103.011,0.21453,0.0232583
3,103.011,0.22715,0.022886
3,103.011,0.23977,0.0229345
3,103.011,0.25239,0.0227789
3,103.011,0.26501,0.0242148
3,103.011,0.27763,0.0262438
3,103.011,0.29025,0.0266923
3,103.011,0.30287,0.026549
3,103.011,0.31549,0.0258945
3,103.011,0.32811,0.0257144
3,103.011,0.34073,0.0257144
3,103.011,0.35335,0.0257144
3,103.011,0.36597,0.0257144
3,103.011,0.37859,0.0257144
3,103.011,0.39121,0.0257144
3,103.011,0.40383,0.0257144
3,103.011,0.41645,0.0257144
3,103.011,0.42907,0.0257144
3,103.011,0.44169,0.0257144
3,103.011,0.45431,0.0257144
3,103.011,0.46693,0.0257144
3,103.011,0.47955,0.0257144
3,103.011,0.49217,0.0257144
3,103.011,0.50479,0.0257144
3,116.758,0,0.0217167
3,116.758,0.01262,0.0217167
3,116.758,0.02524,0.0217167
3,116.758,0.03786,0.0217167
3,116.758,0.05048,0.0217167
3,116.758,0.0631,0.0217167
3,116.758,0.07572,0.021695
3,116.758,0.08834,0.020531
3,116.758,0.10096,0.0211112
3,116.758,0.11358,0.021534
3,116.758,0.1262,0.0212317
3,116.758,0.13882,0.0218291
3,116.758,0.15144,0.0225007
3,116.758,0.16406,0.0213095
3,116.758,0.17668,0.0227794
3,116.758,0.18929,0.023667
3,116.758,0.20191,0.0234027
3,116.758,0.21453,0.0232583
3,116.758,0.22715,0.022886
3,116.758,0.23977,0.0229345
3,116.758,0.25239,0.0227789
3,116.758,0.26501,0.0242148
3,116.758,0.27763,0.0262438
3,116.758,0.29025,0.0266923
3,116.758,0.30287,0.026549
3,116.758,0.31549,0.0258945
3,116.758,0.32811,0.0257144
3,116.758,0.34073,0.0257144
3,116.758,0.35335,0.0257144
3,116.758,0.36597,0.0257144
3,116.758,0.37859,0.0257144
3,116.758,0.39121,0.0257144
3,116.758,0.40383,0.0257144
3,116.758,0.41645,0.0257144
3,116.758,0.42907,0.0257144
3,116.758,0.44169,0.0257144
3,116.758,0.45431,0.0257144
3,116.758,0.46693,0.0257144
3,116.758,0.47955,0.0257144
3,116.758,0.49217,0.0257144
3,116.758,0.50479,0.0257144
3,132.339,0,0.0217167
3,132.339,0.01262,0.0217167
3,132.339,0.02524,0.0217167
3,132.339,0.03786,0.0217167
3,132.339,0.05048,0.0217167
3,132.339,0.0631,0.0217167
3,132.339,0.07572,0.021695
3,132.339,0.08834,0.020531
3,132.339,0.10096,0.0211112
3,132.339,0.11358,0.021534
3,132.339,0.1262,0.0212317
3,132.339,0.13882,0.0218291
3,132.339,0.15144,0.0225007
3,132.339,0.16406,0.0213095
3,132.339,0.17668,0.0227794
3,132.339,0.18929,0.023667
3,132.339,0.20191,0.0234027
3,132.339,0.21453,0.0232583
3,132.339,0.22715,0.022886
3,132.339,0.23977,0.0229345
3,132.339,0.25239,0.0227789
3,132.339,0.26501,0.0242148
3,132.339,0.27763,0.0262438
3,132.339,0.29025,0.0266923
3,132.339,0.30287,0.026549
3,132.339,0.31549,0.0258945
3,132.339,0.32811,0.0257144
3,132.339,0.34073,0.0257144
3,132.339,0.35335,0.0257144
3,132.339,0.36597,0.0257144
3,132.339,0.37859,0.0257144
3,132.339,0.39121,0.0257144
3,132.339,0.40383,0.0257144
3,132.339,0.41645,0.0257144
3,132.339,0.42907,0.0257144
3,132.339,0.44169,0.0257144
3,132.339,0.45431,0.0257144
3,132.339,0.46693,0.0257144
3,132.339,0.47955,0.0257144
3,132.339,0.49217,0.0257144
3,132.339,0.50479,0.0257144
3,150,0,0.0217167
3,150,0.01262,0.0217167
3,150,0.02524,0.0217167
3,150,0.03786,0.0217167
3,150,0.05048,0.0217167
3,150,0.0631,0.0217167
3,150,0.07572,0.021695
3,150,0.08834,0.020531
3,150,0.10096,0.0211112
3,150,0.11358,0.021534
3,150,0.1262,0.0212317
3,150,0.13882,0.0218291
3,150,0.15144,0.0225007
3,150,0.16406,0.0213095
3,150,0.17668,0.0227794
3,150,0.18929,0.023667
3,150,0.20191,0.0234027
3,150,0.21453,0.0232583
3,150,0.22715,0.022886
3,150,0.23977,0.0229345
3,150,0.25239,0.0227789
3,150,0.26501,0.0242148
3,150,0.27763,0.0262438
3,150,0.29025,0.0266923
3,150,0.30287,0.026549
3,150,0.31549,0.0258945
3,150,0.32811,0.0257144
3,150,0.34073,0.0257144
3,150,0.35335,0.0257144
3,150,0.36597,0.0257144
3,150,0.37859,0.0257144
3,150,0.39121,0.0257144
3,150,0.40383,0.0257144
3,150,0.41645,0.0257144
3,150,0.42907,0.0257144
3,150,0.44169,0.0257144
3,150,0.45431,0.0257144
3,150,0.46693,0.0257144
3,150,0.47955,0.0257144
3,150,0.49217,0.0257144
3,150,0.50479,0.0257144
