datetime,patch,sw_in_W_m2,air_temp_K,cas_temp_K,gpp_umol_m2_s,le_W_m2,soil_temp_top_K,leaf_temp_mean_K,leaf_temp_tallest_K,wood_temp_mean_K,wood_temp_tallest_K
2024-01-01 00:00:15,1, 0.000000E+00, 2.733296E+02, 2.857612E+02, 0.000000E+00, 1.446932E+03, 2.880004E+02, 2.863028E+02, 2.855489E+02, 2.876200E+02, 2.876670E+02
2024-01-01 00:15:15,1, 0.000000E+00, 2.733296E+02, 2.741872E+02, 0.000000E+00, 1.744780E+01, 2.877021E+02, 2.751985E+02, 2.743227E+02, 2.747819E+02, 2.746681E+02
2024-01-01 00:30:15,1, 0.000000E+00, 2.733296E+02, 2.740488E+02, 0.000000E+00, 4.022717E+00, 2.873876E+02, 2.750432E+02, 2.741925E+02, 2.743462E+02, 2.741086E+02
2024-01-01 00:45:15,1, 0.000000E+00, 2.733296E+02, 2.740368E+02, 0.000000E+00, 2.514008E+00, 2.871269E+02, 2.750048E+02, 2.741659E+02, 2.743192E+02, 2.740821E+02
2024-01-01 01:00:15,1, 0.000000E+00, 2.733289E+02, 2.740289E+02, 0.000000E+00, 2.197723E+00, 2.869049E+02, 2.749745E+02, 2.741453E+02, 2.743046E+02, 2.740703E+02
2024-01-01 01:15:15,1, 0.000000E+00, 2.732878E+02, 2.739878E+02, 0.000000E+00, 1.727474E+00, 2.867096E+02, 2.749048E+02, 2.740719E+02, 2.742620E+02, 2.740289E+02
2024-01-01 01:30:15,1, 0.000000E+00, 2.732466E+02, 2.739370E+02, 0.000000E+00, 1.575740E+00, 2.865333E+02, 2.748274E+02, 2.739899E+02, 2.742039E+02, 2.739701E+02
2024-01-01 01:45:15,1, 0.000000E+00, 2.732055E+02, 2.738862E+02, 0.000000E+00, 1.501379E+00, 2.863716E+02, 2.747514E+02, 2.739083E+02, 2.741458E+02, 2.739109E+02
2024-01-01 02:00:15,1, 0.000000E+00, 2.731650E+02, 2.738360E+02, 0.000000E+00, 1.444513E+00, 2.862214E+02, 2.746769E+02, 2.738270E+02, 2.740885E+02, 2.738524E+02
2024-01-01 02:15:15,1, 0.000000E+00, 2.731610E+02, 2.738249E+02, 0.000000E+00, 1.486119E+00, 2.860842E+02, 2.746789E+02, 2.738576E+02, 2.740716E+02, 2.738389E+02
2024-01-01 02:30:15,1, 0.000000E+00, 2.731571E+02, 2.738269E+02, 0.000000E+00, 1.502536E+00, 2.859627E+02, 2.746954E+02, 2.739002E+02, 2.740768E+02, 2.738509E+02
2024-01-01 02:45:15,1, 0.000000E+00, 2.731532E+02, 2.738297E+02, 0.000000E+00, 1.498150E+00, 2.858536E+02, 2.747137E+02, 2.739433E+02, 2.740838E+02, 2.738648E+02
2024-01-01 03:00:15,1, 0.000000E+00, 2.731488E+02, 2.738329E+02, 0.000000E+00, 1.496214E+00, 2.857545E+02, 2.747328E+02, 2.739860E+02, 2.740914E+02, 2.738790E+02
2024-01-01 03:15:15,1, 0.000000E+00, 2.731211E+02, 2.738069E+02, 0.000000E+00, 1.633479E+00, 2.856606E+02, 2.746877E+02, 2.739336E+02, 2.740669E+02, 2.738553E+02
2024-01-01 03:30:15,1, 0.000000E+00, 2.730933E+02, 2.737718E+02, 0.000000E+00, 1.624673E+00, 2.855717E+02, 2.746335E+02, 2.738720E+02, 2.740267E+02, 2.738134E+02
2024-01-01 03:45:15,1, 0.000000E+00, 2.730655E+02, 2.737366E+02, 0.000000E+00, 1.596802E+00, 2.854861E+02, 2.745793E+02, 2.738100E+02, 2.739861E+02, 2.737708E+02
2024-01-01 04:00:15,1, 0.000000E+00, 2.730381E+02, 2.737015E+02, 0.000000E+00, 1.574118E+00, 2.854029E+02, 2.745255E+02, 2.737482E+02, 2.739455E+02, 2.737282E+02
2024-01-01 04:15:15,1, 0.000000E+00, 2.730297E+02, 2.736858E+02, 0.000000E+00, 1.855597E+00, 2.853231E+02, 2.745073E+02, 2.737369E+02, 2.739246E+02, 2.737075E+02
2024-01-01 04:30:15,1, 0.000000E+00, 2.730213E+02, 2.736765E+02, 0.000000E+00, 1.925327E+00, 2.852476E+02, 2.744961E+02, 2.737323E+02, 2.739144E+02, 2.736990E+02
2024-01-01 04:45:15,1, 0.000000E+00, 2.730129E+02, 2.736677E+02, 0.000000E+00, 1.937156E+00, 2.851756E+02, 2.744855E+02, 2.737282E+02, 2.739050E+02, 2.736914E+02
2024-01-01 05:00:15,1, 0.000000E+00, 2.730044E+02, 2.736590E+02, 0.000000E+00, 1.940431E+00, 2.851068E+02, 2.744754E+02, 2.737243E+02, 2.738959E+02, 2.736841E+02
2024-01-01 05:15:15,1, 0.000000E+00, 2.729879E+02, 2.736424E+02, 0.000000E+00, 2.073666E+00, 2.850399E+02, 2.744519E+02, 2.737014E+02, 2.738791E+02, 2.736682E+02
2024-01-01 05:30:15,1, 0.000000E+00, 2.729713E+02, 2.736245E+02, 0.000000E+00, 2.101830E+00, 2.849701E+02, 2.744262E+02, 2.736759E+02, 2.738588E+02, 2.736479E+02
2024-01-01 05:45:15,1, 0.000000E+00, 2.729548E+02, 2.736072E+02, 0.000000E+00, 2.108638E+00, 2.848979E+02, 2.744009E+02, 2.736510E+02, 2.738393E+02, 2.736283E+02
2024-01-01 06:00:15,1, 0.000000E+00, 2.729370E+02, 2.735894E+02, 0.000000E+00, 2.150838E+00, 2.848246E+02, 2.743746E+02, 2.736249E+02, 2.738193E+02, 2.736084E+02
2024-01-01 06:15:15,1, 0.000000E+00, 2.728504E+02, 2.735064E+02, 0.000000E+00, 3.366298E+00, 2.847448E+02, 2.742431E+02, 2.734557E+02, 2.737360E+02, 2.735188E+02
2024-01-01 06:30:15,1, 0.000000E+00, 2.727638E+02, 2.734010E+02, 0.000000E+00, 3.562563E+00, 2.846540E+02, 2.740889E+02, 2.732723E+02, 2.736176E+02, 2.733913E+02
2024-01-01 06:45:15,1, 0.000000E+00, 2.726771E+02, 2.732931E+02, 0.000000E+00, 3.577701E+00, 2.845553E+02, 2.739325E+02, 2.730907E+02, 2.734959E+02, 2.732621E+02
2024-01-01 07:00:15,1, 0.000000E+00, 2.725909E+02, 2.731840E+02, 0.000000E+00, 3.539304E+00, 2.844510E+02, 2.737761E+02, 2.729107E+02, 2.733799E+02, 2.731600E+02
2024-01-01 07:15:15,1, 0.000000E+00, 2.725321E+02, 2.731119E+02, 0.000000E+00, 3.234593E+00, 2.843472E+02, 2.736962E+02, 2.728321E+02, 2.733186E+02, 2.731600E+02
2024-01-01 07:30:15,1, 0.000000E+00, 2.724733E+02, 2.730524E+02, 0.000000E+00, 3.203457E+00, 2.842458E+02, 2.736299E+02, 2.727679E+02, 2.732722E+02, 2.731600E+02
2024-01-01 07:45:15,1, 0.000000E+00, 2.724145E+02, 2.729944E+02, 0.000000E+00, 3.203478E+00, 2.841467E+02, 2.735646E+02, 2.727050E+02, 2.732372E+02, 2.731600E+02
2024-01-01 08:00:15,1, 0.000000E+00, 2.723550E+02, 2.729379E+02, 0.000000E+00, 3.220752E+00, 2.840498E+02, 2.734996E+02, 2.726429E+02, 2.732077E+02, 2.731600E+02
2024-01-01 08:15:15,1, 0.000000E+00, 2.722592E+02, 2.728426E+02, 0.000000E+00, 3.385601E+00, 2.839510E+02, 2.733561E+02, 2.724727E+02, 2.731691E+02, 2.731600E+02
2024-01-01 08:30:15,1, 0.000000E+00, 2.721634E+02, 2.727352E+02, 0.000000E+00, 3.364993E+00, 2.838485E+02, 2.731992E+02, 2.722900E+02, 2.731600E+02, 2.731600E+02
2024-01-01 08:45:15,1, 0.000000E+00, 2.720676E+02, 2.726272E+02, 0.000000E+00, 3.334291E+00, 2.837435E+02, 2.730410E+02, 2.721070E+02, 2.731600E+02, 2.731600E+02
2024-01-01 09:00:15,1, 0.000000E+00, 2.719729E+02, 2.725190E+02, 0.000000E+00, 3.302512E+00, 2.836366E+02, 2.728835E+02, 2.719258E+02, 2.731600E+02, 2.731600E+02
2024-01-01 09:15:15,1, 0.000000E+00, 2.719489E+02, 2.724961E+02, 0.000000E+00, 3.878128E+00, 2.835384E+02, 2.729180E+02, 2.720087E+02, 2.731600E+02, 2.731600E+02
2024-01-01 09:30:15,1, 0.000000E+00, 2.719248E+02, 2.725039E+02, 0.000000E+00, 4.226230E+00, 2.834532E+02, 2.729842E+02, 2.721255E+02, 2.731600E+02, 2.731600E+02
2024-01-01 09:45:15,1, 0.000000E+00, 2.719008E+02, 2.725123E+02, 0.000000E+00, 4.332922E+00, 2.833784E+02, 2.730488E+02, 2.722414E+02, 2.731600E+02, 2.731600E+02
2024-01-01 10:00:15,1, 0.000000E+00, 2.718767E+02, 2.725198E+02, 0.000000E+00, 4.366691E+00, 2.833127E+02, 2.731121E+02, 2.723550E+02, 2.731600E+02, 2.731600E+02
2024-01-01 10:15:15,1, 0.000000E+00, 2.718475E+02, 2.725083E+02, 0.000000E+00, 4.029777E+00, 2.832519E+02, 2.731184E+02, 2.723786E+02, 2.731600E+02, 2.731600E+02
2024-01-01 10:30:15,1, 0.000000E+00, 2.718184E+02, 2.724907E+02, 0.000000E+00, 3.974443E+00, 2.831936E+02, 2.731185E+02, 2.723953E+02, 2.731600E+02, 2.731600E+02
2024-01-01 10:45:15,1, 0.000000E+00, 2.717892E+02, 2.724727E+02, 0.000000E+00, 3.990862E+00, 2.831379E+02, 2.731185E+02, 2.724122E+02, 2.731600E+02, 2.731600E+02
2024-01-01 11:00:15,1, 0.000000E+00, 2.717598E+02, 2.724544E+02, 0.000000E+00, 4.017258E+00, 2.830846E+02, 2.731184E+02, 2.724288E+02, 2.731600E+02, 2.731600E+02
2024-01-01 11:15:15,1, 0.000000E+00, 2.717110E+02, 2.724104E+02, 0.000000E+00, 3.836451E+00, 2.830300E+02, 2.730538E+02, 2.723537E+02, 2.731600E+02, 2.731600E+02
2024-01-01 11:30:15,1, 0.000000E+00, 2.716622E+02, 2.723585E+02, 0.000000E+00, 3.796992E+00, 2.829716E+02, 2.729806E+02, 2.722701E+02, 2.731600E+02, 2.731600E+02
2024-01-01 11:45:15,1, 0.000000E+00, 2.716135E+02, 2.723063E+02, 0.000000E+00, 3.794897E+00, 2.829106E+02, 2.729069E+02, 2.721865E+02, 2.731600E+02, 2.731600E+02
2024-01-01 12:00:15,1, 0.000000E+00, 2.715648E+02, 2.722540E+02, 0.000000E+00, 3.794005E+00, 2.828477E+02, 2.728333E+02, 2.721035E+02, 2.731600E+02, 2.731600E+02
2024-01-01 12:15:15,1, 0.000000E+00, 2.715264E+02, 2.722177E+02, 0.000000E+00, 3.699070E+00, 2.827856E+02, 2.728006E+02, 2.720806E+02, 2.731600E+02, 2.731600E+02
2024-01-01 12:30:15,1, 0.000000E+00, 2.714879E+02, 2.721862E+02, 0.000000E+00, 3.707006E+00, 2.827259E+02, 2.727734E+02, 2.720631E+02, 2.731600E+02, 2.731600E+02
2024-01-01 12:45:15,1, 0.000000E+00, 2.714495E+02, 2.721548E+02, 0.000000E+00, 3.724966E+00, 2.826682E+02, 2.727466E+02, 2.720458E+02, 2.731600E+02, 2.731600E+02
2024-01-01 13:00:15,1, 1.751296E+01, 2.714124E+02, 2.721272E+02, 1.756305E+00, 3.911926E+00, 2.826134E+02, 2.727837E+02, 2.721390E+02, 2.731600E+02, 2.731600E+02
2024-01-01 13:15:15,1, 3.017846E+01, 2.714549E+02, 2.722166E+02, 2.225309E+00, 6.909384E+00, 2.826047E+02, 2.729929E+02, 2.724261E+02, 2.731600E+02, 2.731600E+02
2024-01-01 13:30:15,1, 4.234414E+01, 2.714974E+02, 2.722915E+02, 2.426722E+00, 8.001474E+00, 2.826114E+02, 2.731485E+02, 2.726349E+02, 2.731600E+02, 2.731600E+02
2024-01-01 13:45:15,1, 5.395789E+01, 2.715398E+02, 2.723650E+02, 2.536252E+00, 8.592592E+00, 2.826308E+02, 2.733014E+02, 2.728329E+02, 2.731600E+02, 2.731600E+02
2024-01-01 14:00:15,1, 7.473928E+01, 2.715834E+02, 2.724397E+02, 2.628004E+00, 8.995415E+00, 2.826610E+02, 2.735014E+02, 2.731092E+02, 2.731600E+02, 2.731600E+02
2024-01-01 14:15:15,1, 8.666086E+01, 2.716875E+02, 2.725907E+02, 2.730609E+00, 8.955738E+00, 2.827218E+02, 2.737789E+02, 2.734417E+02, 2.731629E+02, 2.731600E+02
2024-01-01 14:30:15,1, 9.778502E+01, 2.717916E+02, 2.727282E+02, 2.801268E+00, 9.344506E+00, 2.827927E+02, 2.740043E+02, 2.737106E+02, 2.732982E+02, 2.732689E+02
2024-01-01 14:45:15,1, 1.080641E+02, 2.718957E+02, 2.728715E+02, 2.869180E+00, 9.799865E+00, 2.828722E+02, 2.742267E+02, 2.739713E+02, 2.734858E+02, 2.734718E+02
2024-01-01 15:00:15,1, 2.117613E+02, 2.720013E+02, 2.730399E+02, 2.956708E+00, 1.027337E+01, 2.829639E+02, 2.749347E+02, 2.750812E+02, 2.737739E+02, 2.738123E+02
2024-01-01 15:15:15,1, 2.270154E+02, 2.721945E+02, 2.735263E+02, 3.347208E+00, 1.225336E+01, 2.832172E+02, 2.756708E+02, 2.758505E+02, 2.745934E+02, 2.747777E+02
2024-01-01 15:30:15,1, 2.405288E+02, 2.723877E+02, 2.737314E+02, 3.412977E+00, 1.256607E+01, 2.834450E+02, 2.758885E+02, 2.760448E+02, 2.748355E+02, 2.750142E+02
2024-01-01 15:45:15,1, 2.522435E+02, 2.725810E+02, 2.739277E+02, 3.471768E+00, 1.297054E+01, 2.836524E+02, 2.760829E+02, 2.762136E+02, 2.750561E+02, 2.752294E+02
2024-01-01 16:00:15,1, 3.326040E+02, 2.727740E+02, 2.741378E+02, 3.530551E+00, 1.342139E+01, 2.838467E+02, 2.765912E+02, 2.769251E+02, 2.753421E+02, 2.755329E+02
2024-01-01 16:15:15,1, 3.427238E+02, 2.729540E+02, 2.745094E+02, 3.823960E+00, 1.564528E+01, 2.841467E+02, 2.770981E+02, 2.774261E+02, 2.759330E+02, 2.762010E+02
2024-01-01 16:30:15,1, 3.504007E+02, 2.731340E+02, 2.747015E+02, 3.876735E+00, 1.607058E+01, 2.844157E+02, 2.772640E+02, 2.775632E+02, 2.761224E+02, 2.763764E+02
2024-01-01 16:45:15,1, 3.556017E+02, 2.733140E+02, 2.748849E+02, 3.922570E+00, 1.647517E+01, 2.846564E+02, 2.774081E+02, 2.776806E+02, 2.762939E+02, 2.765360E+02
2024-01-01 17:00:15,1, 2.942864E+02, 2.734904E+02, 2.750426E+02, 3.955356E+00, 1.682965E+01, 2.848661E+02, 2.772509E+02, 2.773295E+02, 2.763820E+02, 2.765969E+02
2024-01-01 17:15:15,1, 2.944452E+02, 2.734573E+02, 2.749087E+02, 3.771922E+00, 1.659520E+01, 2.849400E+02, 2.770271E+02, 2.771122E+02, 2.760870E+02, 2.762413E+02
2024-01-01 17:30:15,1, 2.925420E+02, 2.734242E+02, 2.748941E+02, 3.776294E+00, 1.676977E+01, 2.850192E+02, 2.770358E+02, 2.771379E+02, 2.760674E+02, 2.762245E+02
2024-01-01 17:45:15,1, 2.885850E+02, 2.733911E+02, 2.748747E+02, 3.774417E+00, 1.684030E+01, 2.850955E+02, 2.770274E+02, 2.771434E+02, 2.760386E+02, 2.761975E+02
2024-01-01 18:00:15,1, 2.029026E+02, 2.733547E+02, 2.748252E+02, 3.752157E+00, 1.683696E+01, 2.851579E+02, 2.766347E+02, 2.765384E+02, 2.759110E+02, 2.760483E+02
2024-01-01 18:15:15,1, 1.971549E+02, 2.731230E+02, 2.744203E+02, 3.443895E+00, 1.569273E+01, 2.850653E+02, 2.760951E+02, 2.759809E+02, 2.753042E+02, 2.753604E+02
2024-01-01 18:30:15,1, 1.899878E+02, 2.728913E+02, 2.741905E+02, 3.377262E+00, 1.540713E+01, 2.849893E+02, 2.758796E+02, 2.757660E+02, 2.750639E+02, 2.751186E+02
2024-01-01 18:45:15,1, 1.814319E+02, 2.726596E+02, 2.739584E+02, 3.307379E+00, 1.501689E+01, 2.849200E+02, 2.756526E+02, 2.755357E+02, 2.748188E+02, 2.748703E+02
2024-01-01 19:00:15,1, 1.733649E+02, 2.724299E+02, 2.737227E+02, 3.234188E+00, 1.454752E+01, 2.848503E+02, 2.754203E+02, 2.753021E+02, 2.745665E+02, 2.746139E+02
2024-01-01 19:15:15,1, 1.620268E+02, 2.723234E+02, 2.735650E+02, 3.161366E+00, 1.326706E+01, 2.847741E+02, 2.751801E+02, 2.750241E+02, 2.743629E+02, 2.743994E+02
2024-01-01 19:30:15,1, 1.494136E+02, 2.722170E+02, 2.734117E+02, 3.082473E+00, 1.274528E+01, 2.846817E+02, 2.749280E+02, 2.747299E+02, 2.741606E+02, 2.741822E+02
2024-01-01 19:45:15,1, 1.355792E+02, 2.721105E+02, 2.732524E+02, 2.999239E+00, 1.222706E+01, 2.845727E+02, 2.746597E+02, 2.744159E+02, 2.739476E+02, 2.739529E+02
2024-01-01 20:00:15,1, 9.688453E+01, 2.720034E+02, 2.730791E+02, 2.896643E+00, 1.166880E+01, 2.844456E+02, 2.742563E+02, 2.738704E+02, 2.736971E+02, 2.736741E+02
2024-01-01 20:15:15,1, 8.395347E+01, 2.718626E+02, 2.728207E+02, 2.745818E+00, 1.077160E+01, 2.842715E+02, 2.738831E+02, 2.734521E+02, 2.733305E+02, 2.732584E+02
2024-01-01 20:30:15,1, 7.019579E+01, 2.717217E+02, 2.726436E+02, 2.660063E+00, 1.039778E+01, 2.841020E+02, 2.736346E+02, 2.731712E+02, 2.731691E+02, 2.731600E+02
2024-01-01 20:45:15,1, 5.567043E+01, 2.715809E+02, 2.724791E+02, 2.555877E+00, 9.968364E+00, 2.839331E+02, 2.733872E+02, 2.728877E+02, 2.731600E+02, 2.731600E+02
2024-01-01 21:00:15,1, 3.128243E+01, 2.714401E+02, 2.723103E+02, 2.239968E+00, 9.389893E+00, 2.837610E+02, 2.730901E+02, 2.725222E+02, 2.731600E+02, 2.731600E+02
2024-01-01 21:15:15,1, 1.900515E+01, 2.713061E+02, 2.721273E+02, 1.805214E+00, 8.108430E+00, 2.835689E+02, 2.728120E+02, 2.721884E+02, 2.731600E+02, 2.731600E+02
2024-01-01 21:30:15,1, 6.285158E+00, 2.711721E+02, 2.719769E+02, 8.263578E-01, 6.332732E+00, 2.833804E+02, 2.726022E+02, 2.719331E+02, 2.731600E+02, 2.731600E+02
2024-01-01 21:45:15,1, 0.000000E+00, 2.710380E+02, 2.718439E+02, 0.000000E+00, 4.026118E+00, 2.831964E+02, 2.724482E+02, 2.717844E+02, 2.731600E+02, 2.731600E+02
2024-01-01 22:00:15,1, 0.000000E+00, 2.709045E+02, 2.717279E+02, 0.000000E+00, 3.660589E+00, 2.830317E+02, 2.723415E+02, 2.716924E+02, 2.731600E+02, 2.731600E+02
2024-01-01 22:15:15,1, 0.000000E+00, 2.708016E+02, 2.716258E+02, 0.000000E+00, 3.391862E+00, 2.828824E+02, 2.722238E+02, 2.715708E+02, 2.731600E+02, 2.731600E+02
2024-01-01 22:30:15,1, 0.000000E+00, 2.706987E+02, 2.715271E+02, 0.000000E+00, 3.338732E+00, 2.827436E+02, 2.721099E+02, 2.714527E+02, 2.731600E+02, 2.731600E+02
2024-01-01 22:45:15,1, 0.000000E+00, 2.705957E+02, 2.714286E+02, 0.000000E+00, 3.307420E+00, 2.826131E+02, 2.719969E+02, 2.713352E+02, 2.731600E+02, 2.731600E+02
2024-01-01 23:00:15,1, 0.000000E+00, 2.704936E+02, 2.713305E+02, 0.000000E+00, 3.277286E+00, 2.824893E+02, 2.718848E+02, 2.712186E+02, 2.731600E+02, 2.731600E+02
2024-01-01 23:15:15,1, 0.000000E+00, 2.704390E+02, 2.712707E+02, 0.000000E+00, 3.252515E+00, 2.823729E+02, 2.718222E+02, 2.711626E+02, 2.731600E+02, 2.731600E+02
2024-01-01 23:30:15,1, 0.000000E+00, 2.703845E+02, 2.712210E+02, 0.000000E+00, 3.248311E+00, 2.822641E+02, 2.717699E+02, 2.711170E+02, 2.731600E+02, 2.731600E+02
2024-01-01 23:45:15,1, 0.000000E+00, 2.703299E+02, 2.711716E+02, 0.000000E+00, 3.241467E+00, 2.821615E+02, 2.717185E+02, 2.710719E+02, 2.731600E+02, 2.731600E+02
2024-01-01 00:00:15,2, 0.000000E+00, 2.733296E+02, 2.857615E+02, 0.000000E+00, 1.446781E+03, 2.880004E+02, 2.863296E+02, 2.856112E+02, 2.876223E+02, 2.876719E+02
2024-01-01 00:15:15,2, 0.000000E+00, 2.733296E+02, 2.741878E+02, 0.000000E+00, 1.745699E+01, 2.877022E+02, 2.752333E+02, 2.743917E+02, 2.747881E+02, 2.746755E+02
2024-01-01 00:30:15,2, 0.000000E+00, 2.733296E+02, 2.740489E+02, 0.000000E+00, 4.023052E+00, 2.873878E+02, 2.750767E+02, 2.742593E+02, 2.743556E+02, 2.741272E+02
2024-01-01 00:45:15,2, 0.000000E+00, 2.733296E+02, 2.740368E+02, 0.000000E+00, 2.514836E+00, 2.871271E+02, 2.750379E+02, 2.742319E+02, 2.743285E+02, 2.741006E+02
2024-01-01 01:00:15,2, 0.000000E+00, 2.733289E+02, 2.740289E+02, 0.000000E+00, 2.198527E+00, 2.869051E+02, 2.750072E+02, 2.742107E+02, 2.743138E+02, 2.740886E+02
2024-01-01 01:15:15,2, 0.000000E+00, 2.732878E+02, 2.739878E+02, 0.000000E+00, 1.728330E+00, 2.867098E+02, 2.749378E+02, 2.741382E+02, 2.742712E+02, 2.740473E+02
2024-01-01 01:30:15,2, 0.000000E+00, 2.732466E+02, 2.739370E+02, 0.000000E+00, 1.576558E+00, 2.865336E+02, 2.748607E+02, 2.740573E+02, 2.742132E+02, 2.739886E+02
2024-01-01 01:45:15,2, 0.000000E+00, 2.732055E+02, 2.738862E+02, 0.000000E+00, 1.502256E+00, 2.863719E+02, 2.747851E+02, 2.739772E+02, 2.741551E+02, 2.739295E+02
2024-01-01 02:00:15,2, 0.000000E+00, 2.731650E+02, 2.738359E+02, 0.000000E+00, 1.445634E+00, 2.862217E+02, 2.747114E+02, 2.738984E+02, 2.740978E+02, 2.738709E+02
2024-01-01 02:15:15,2, 0.000000E+00, 2.731610E+02, 2.738249E+02, 0.000000E+00, 1.487258E+00, 2.860845E+02, 2.747118E+02, 2.739242E+02, 2.740809E+02, 2.738574E+02
2024-01-01 02:30:15,2, 0.000000E+00, 2.731571E+02, 2.738269E+02, 0.000000E+00, 1.503458E+00, 2.859630E+02, 2.747269E+02, 2.739636E+02, 2.740857E+02, 2.738687E+02
2024-01-01 02:45:15,2, 0.000000E+00, 2.731532E+02, 2.738298E+02, 0.000000E+00, 1.498937E+00, 2.858539E+02, 2.747441E+02, 2.740040E+02, 2.740925E+02, 2.738819E+02
2024-01-01 03:00:15,2, 0.000000E+00, 2.731488E+02, 2.738330E+02, 0.000000E+00, 1.496938E+00, 2.857548E+02, 2.747622E+02, 2.740443E+02, 2.740998E+02, 2.738955E+02
2024-01-01 03:15:15,2, 0.000000E+00, 2.731211E+02, 2.738069E+02, 0.000000E+00, 1.634139E+00, 2.856610E+02, 2.747174E+02, 2.739928E+02, 2.740753E+02, 2.738719E+02
2024-01-01 03:30:15,2, 0.000000E+00, 2.730933E+02, 2.737719E+02, 0.000000E+00, 1.625323E+00, 2.855720E+02, 2.746636E+02, 2.739321E+02, 2.740352E+02, 2.738302E+02
2024-01-01 03:45:15,2, 0.000000E+00, 2.730655E+02, 2.737367E+02, 0.000000E+00, 1.597458E+00, 2.854865E+02, 2.746098E+02, 2.738713E+02, 2.739946E+02, 2.737877E+02
2024-01-01 04:00:15,2, 0.000000E+00, 2.730381E+02, 2.737015E+02, 0.000000E+00, 1.574794E+00, 2.854033E+02, 2.745565E+02, 2.738107E+02, 2.739542E+02, 2.737454E+02
2024-01-01 04:15:15,2, 0.000000E+00, 2.730297E+02, 2.736858E+02, 0.000000E+00, 1.856241E+00, 2.853235E+02, 2.745380E+02, 2.737988E+02, 2.739332E+02, 2.737246E+02
2024-01-01 04:30:15,2, 0.000000E+00, 2.730213E+02, 2.736766E+02, 0.000000E+00, 1.926017E+00, 2.852480E+02, 2.745264E+02, 2.737935E+02, 2.739229E+02, 2.737160E+02
2024-01-01 04:45:15,2, 0.000000E+00, 2.730129E+02, 2.736678E+02, 0.000000E+00, 1.937859E+00, 2.851760E+02, 2.745156E+02, 2.737887E+02, 2.739135E+02, 2.737083E+02
2024-01-01 05:00:15,2, 0.000000E+00, 2.730044E+02, 2.736591E+02, 0.000000E+00, 1.941129E+00, 2.851072E+02, 2.745052E+02, 2.737842E+02, 2.739043E+02, 2.737007E+02
2024-01-01 05:15:15,2, 0.000000E+00, 2.729879E+02, 2.736424E+02, 0.000000E+00, 2.074330E+00, 2.850403E+02, 2.744817E+02, 2.737614E+02, 2.738875E+02, 2.736848E+02
2024-01-01 05:30:15,2, 0.000000E+00, 2.729713E+02, 2.736245E+02, 0.000000E+00, 2.102544E+00, 2.849705E+02, 2.744559E+02, 2.737355E+02, 2.738672E+02, 2.736644E+02
2024-01-01 05:45:15,2, 0.000000E+00, 2.729548E+02, 2.736073E+02, 0.000000E+00, 2.109303E+00, 2.848983E+02, 2.744303E+02, 2.737096E+02, 2.738476E+02, 2.736446E+02
2024-01-01 06:00:15,2, 0.000000E+00, 2.729370E+02, 2.735895E+02, 0.000000E+00, 2.151392E+00, 2.848250E+02, 2.744039E+02, 2.736828E+02, 2.738275E+02, 2.736245E+02
2024-01-01 06:15:15,2, 0.000000E+00, 2.728504E+02, 2.735065E+02, 0.000000E+00, 3.366474E+00, 2.847452E+02, 2.742738E+02, 2.735171E+02, 2.737446E+02, 2.735361E+02
2024-01-01 06:30:15,2, 0.000000E+00, 2.727638E+02, 2.734011E+02, 0.000000E+00, 3.562384E+00, 2.846544E+02, 2.741209E+02, 2.733316E+02, 2.736269E+02, 2.734087E+02
2024-01-01 06:45:15,2, 0.000000E+00, 2.726771E+02, 2.732933E+02, 0.000000E+00, 3.577622E+00, 2.845557E+02, 2.739648E+02, 2.731501E+02, 2.735052E+02, 2.732793E+02
2024-01-01 07:00:15,2, 0.000000E+00, 2.725909E+02, 2.731839E+02, 0.000000E+00, 3.537418E+00, 2.844514E+02, 2.738088E+02, 2.729710E+02, 2.733850E+02, 2.731600E+02
2024-01-01 07:15:15,2, 0.000000E+00, 2.725321E+02, 2.731118E+02, 0.000000E+00, 3.234532E+00, 2.843475E+02, 2.737290E+02, 2.728922E+02, 2.733237E+02, 2.731600E+02
2024-01-01 07:30:15,2, 0.000000E+00, 2.724733E+02, 2.730528E+02, 0.000000E+00, 3.205373E+00, 2.842462E+02, 2.736626E+02, 2.728276E+02, 2.732775E+02, 2.731600E+02
2024-01-01 07:45:15,2, 0.000000E+00, 2.724145E+02, 2.729947E+02, 0.000000E+00, 3.202056E+00, 2.841471E+02, 2.735970E+02, 2.727640E+02, 2.732373E+02, 2.731600E+02
2024-01-01 08:00:15,2, 0.000000E+00, 2.723550E+02, 2.729381E+02, 0.000000E+00, 3.219684E+00, 2.840501E+02, 2.735318E+02, 2.727012E+02, 2.732078E+02, 2.731600E+02
2024-01-01 08:15:15,2, 0.000000E+00, 2.722592E+02, 2.728428E+02, 0.000000E+00, 3.385172E+00, 2.839514E+02, 2.733892E+02, 2.725327E+02, 2.731691E+02, 2.731600E+02
2024-01-01 08:30:15,2, 0.000000E+00, 2.721634E+02, 2.727354E+02, 0.000000E+00, 3.364946E+00, 2.838489E+02, 2.732335E+02, 2.723518E+02, 2.731600E+02, 2.731600E+02
2024-01-01 08:45:15,2, 0.000000E+00, 2.720676E+02, 2.726275E+02, 0.000000E+00, 3.334632E+00, 2.837439E+02, 2.730765E+02, 2.721708E+02, 2.731600E+02, 2.731600E+02
2024-01-01 09:00:15,2, 0.000000E+00, 2.719729E+02, 2.725195E+02, 0.000000E+00, 3.303477E+00, 2.836370E+02, 2.729203E+02, 2.719917E+02, 2.731600E+02, 2.731600E+02
2024-01-01 09:15:15,2, 0.000000E+00, 2.719489E+02, 2.724966E+02, 0.000000E+00, 3.877873E+00, 2.835388E+02, 2.729525E+02, 2.720708E+02, 2.731600E+02, 2.731600E+02
2024-01-01 09:30:15,2, 0.000000E+00, 2.719248E+02, 2.725042E+02, 0.000000E+00, 4.224655E+00, 2.834536E+02, 2.730164E+02, 2.721835E+02, 2.731600E+02, 2.731600E+02
2024-01-01 09:45:15,2, 0.000000E+00, 2.719008E+02, 2.725124E+02, 0.000000E+00, 4.331388E+00, 2.833788E+02, 2.730788E+02, 2.722956E+02, 2.731600E+02, 2.731600E+02
2024-01-01 10:00:15,2, 0.000000E+00, 2.718767E+02, 2.725197E+02, 0.000000E+00, 4.365355E+00, 2.833131E+02, 2.731402E+02, 2.724060E+02, 2.731600E+02, 2.731600E+02
2024-01-01 10:15:15,2, 0.000000E+00, 2.718475E+02, 2.725081E+02, 0.000000E+00, 4.029055E+00, 2.832523E+02, 2.731458E+02, 2.724284E+02, 2.731600E+02, 2.731600E+02
2024-01-01 10:30:15,2, 0.000000E+00, 2.718184E+02, 2.724902E+02, 0.000000E+00, 3.973663E+00, 2.831941E+02, 2.731452E+02, 2.724443E+02, 2.731600E+02, 2.731600E+02
2024-01-01 10:45:15,2, 0.000000E+00, 2.717892E+02, 2.724718E+02, 0.000000E+00, 3.989245E+00, 2.831384E+02, 2.731445E+02, 2.724605E+02, 2.731600E+02, 2.731600E+02
2024-01-01 11:00:15,2, 0.000000E+00, 2.717598E+02, 2.724537E+02, 0.000000E+00, 4.019035E+00, 2.830852E+02, 2.731442E+02, 2.724773E+02, 2.731600E+02, 2.731600E+02
2024-01-01 11:15:15,2, 0.000000E+00, 2.717110E+02, 2.724089E+02, 0.000000E+00, 3.833643E+00, 2.830305E+02, 2.730790E+02, 2.724011E+02, 2.731600E+02, 2.731600E+02
2024-01-01 11:30:15,2, 0.000000E+00, 2.716622E+02, 2.723577E+02, 0.000000E+00, 3.797992E+00, 2.829722E+02, 2.730065E+02, 2.723180E+02, 2.731600E+02, 2.731600E+02
2024-01-01 11:45:15,2, 0.000000E+00, 2.716135E+02, 2.723058E+02, 0.000000E+00, 3.795640E+00, 2.829112E+02, 2.729333E+02, 2.722349E+02, 2.731600E+02, 2.731600E+02
2024-01-01 12:00:15,2, 0.000000E+00, 2.715648E+02, 2.722537E+02, 0.000000E+00, 3.794448E+00, 2.828483E+02, 2.728601E+02, 2.721524E+02, 2.731600E+02, 2.731600E+02
2024-01-01 12:15:15,2, 0.000000E+00, 2.715264E+02, 2.722173E+02, 0.000000E+00, 3.699024E+00, 2.827862E+02, 2.728271E+02, 2.721288E+02, 2.731600E+02, 2.731600E+02
2024-01-01 12:30:15,2, 0.000000E+00, 2.714879E+02, 2.721857E+02, 0.000000E+00, 3.706751E+00, 2.827265E+02, 2.727995E+02, 2.721107E+02, 2.731600E+02, 2.731600E+02
2024-01-01 12:45:15,2, 0.000000E+00, 2.714495E+02, 2.721542E+02, 0.000000E+00, 3.724629E+00, 2.826688E+02, 2.727722E+02, 2.720927E+02, 2.731600E+02, 2.731600E+02
2024-01-01 13:00:15,2, 1.751296E+01, 2.714124E+02, 2.721265E+02, 1.761570E+00, 3.911392E+00, 2.826140E+02, 2.728070E+02, 2.721807E+02, 2.731600E+02, 2.731600E+02
2024-01-01 13:15:15,2, 3.017846E+01, 2.714549E+02, 2.722169E+02, 2.226750E+00, 6.914564E+00, 2.826053E+02, 2.730128E+02, 2.724581E+02, 2.731600E+02, 2.731600E+02
2024-01-01 13:30:15,2, 4.234414E+01, 2.714974E+02, 2.722917E+02, 2.427362E+00, 8.003512E+00, 2.826120E+02, 2.731659E+02, 2.726622E+02, 2.731600E+02, 2.731600E+02
2024-01-01 13:45:15,2, 5.395789E+01, 2.715398E+02, 2.723653E+02, 2.537262E+00, 8.594771E+00, 2.826314E+02, 2.733168E+02, 2.728564E+02, 2.731600E+02, 2.731600E+02
2024-01-01 14:00:15,2, 7.473928E+01, 2.715834E+02, 2.724399E+02, 2.629472E+00, 8.998460E+00, 2.826616E+02, 2.735137E+02, 2.731256E+02, 2.731600E+02, 2.731600E+02
2024-01-01 14:15:15,2, 8.666086E+01, 2.716875E+02, 2.725910E+02, 2.732233E+00, 8.959782E+00, 2.827223E+02, 2.737887E+02, 2.734531E+02, 2.731630E+02, 2.731600E+02
2024-01-01 14:30:15,2, 9.778502E+01, 2.717916E+02, 2.727284E+02, 2.802998E+00, 9.349107E+00, 2.827932E+02, 2.740123E+02, 2.737184E+02, 2.732985E+02, 2.732666E+02
2024-01-01 14:45:15,2, 1.080641E+02, 2.718957E+02, 2.728718E+02, 2.870995E+00, 9.804923E+00, 2.828727E+02, 2.742331E+02, 2.739758E+02, 2.734855E+02, 2.734682E+02
2024-01-01 15:00:15,2, 2.117613E+02, 2.720013E+02, 2.730401E+02, 2.958678E+00, 1.027863E+01, 2.829643E+02, 2.749239E+02, 2.750388E+02, 2.737704E+02, 2.737998E+02
2024-01-01 15:15:15,2, 2.270154E+02, 2.721945E+02, 2.735257E+02, 3.348490E+00, 1.225414E+01, 2.832180E+02, 2.756570E+02, 2.758011E+02, 2.745831E+02, 2.747457E+02
2024-01-01 15:30:15,2, 2.405288E+02, 2.723877E+02, 2.737307E+02, 3.414263E+00, 1.256687E+01, 2.834460E+02, 2.758758E+02, 2.759980E+02, 2.748254E+02, 2.749830E+02
2024-01-01 15:45:15,2, 2.522435E+02, 2.725810E+02, 2.739271E+02, 3.473055E+00, 1.297124E+01, 2.836536E+02, 2.760713E+02, 2.761695E+02, 2.750463E+02, 2.751987E+02
2024-01-01 16:00:15,2, 3.326040E+02, 2.727740E+02, 2.741370E+02, 3.531854E+00, 1.342140E+01, 2.838480E+02, 2.765706E+02, 2.768484E+02, 2.753307E+02, 2.754960E+02
2024-01-01 16:15:15,2, 3.427238E+02, 2.729540E+02, 2.745072E+02, 3.823669E+00, 1.563405E+01, 2.841486E+02, 2.770759E+02, 2.773446E+02, 2.759170E+02, 2.761473E+02
2024-01-01 16:30:15,2, 3.504007E+02, 2.731340E+02, 2.746993E+02, 3.876471E+00, 1.605947E+01, 2.844180E+02, 2.772431E+02, 2.774850E+02, 2.761070E+02, 2.763243E+02
2024-01-01 16:45:15,2, 3.556017E+02, 2.733140E+02, 2.748827E+02, 3.922335E+00, 1.646408E+01, 2.846591E+02, 2.773885E+02, 2.776054E+02, 2.762792E+02, 2.764854E+02
2024-01-01 17:00:15,2, 2.942864E+02, 2.734904E+02, 2.750406E+02, 3.955132E+00, 1.681918E+01, 2.848691E+02, 2.772397E+02, 2.772837E+02, 2.763691E+02, 2.765531E+02
2024-01-01 17:15:15,2, 2.944452E+02, 2.734573E+02, 2.749079E+02, 3.773172E+00, 1.659566E+01, 2.849428E+02, 2.770175E+02, 2.770713E+02, 2.760780E+02, 2.762117E+02
2024-01-01 17:30:15,2, 2.925420E+02, 2.734242E+02, 2.748933E+02, 3.777574E+00, 1.677039E+01, 2.850219E+02, 2.770255E+02, 2.770955E+02, 2.760583E+02, 2.761948E+02
2024-01-01 17:45:15,2, 2.885850E+02, 2.733911E+02, 2.748739E+02, 3.775724E+00, 1.684112E+01, 2.850982E+02, 2.770164E+02, 2.770997E+02, 2.760295E+02, 2.761678E+02
2024-01-01 18:00:15,2, 2.029026E+02, 2.733547E+02, 2.748245E+02, 3.753457E+00, 1.683838E+01, 2.851606E+02, 2.766324E+02, 2.765217E+02, 2.759036E+02, 2.760243E+02
2024-01-01 18:15:15,2, 1.971549E+02, 2.731230E+02, 2.744205E+02, 3.446045E+00, 1.570047E+01, 2.850677E+02, 2.760952E+02, 2.759700E+02, 2.753011E+02, 2.753494E+02
2024-01-01 18:30:15,2, 1.899878E+02, 2.728913E+02, 2.741908E+02, 3.379372E+00, 1.541445E+01, 2.849915E+02, 2.758796E+02, 2.757547E+02, 2.750608E+02, 2.751076E+02
2024-01-01 18:45:15,2, 1.814319E+02, 2.726596E+02, 2.739587E+02, 3.309445E+00, 1.502395E+01, 2.849220E+02, 2.756527E+02, 2.755243E+02, 2.748159E+02, 2.748595E+02
2024-01-01 19:00:15,2, 1.733649E+02, 2.724299E+02, 2.737230E+02, 3.236208E+00, 1.455433E+01, 2.848522E+02, 2.754204E+02, 2.752903E+02, 2.745637E+02, 2.746033E+02
2024-01-01 19:15:15,2, 1.620268E+02, 2.723234E+02, 2.735652E+02, 3.163311E+00, 1.327340E+01, 2.847760E+02, 2.751817E+02, 2.750154E+02, 2.743605E+02, 2.743896E+02
2024-01-01 19:30:15,2, 1.494136E+02, 2.722170E+02, 2.734119E+02, 3.084348E+00, 1.275119E+01, 2.846835E+02, 2.749313E+02, 2.747247E+02, 2.741588E+02, 2.741736E+02
2024-01-01 19:45:15,2, 1.355792E+02, 2.721105E+02, 2.732526E+02, 3.001040E+00, 1.223256E+01, 2.845745E+02, 2.746649E+02, 2.744145E+02, 2.739464E+02, 2.739456E+02
2024-01-01 20:00:15,2, 9.688453E+01, 2.720034E+02, 2.730792E+02, 2.898276E+00, 1.167390E+01, 2.844474E+02, 2.742676E+02, 2.738838E+02, 2.736974E+02, 2.736702E+02
2024-01-01 20:15:15,2, 8.395347E+01, 2.718626E+02, 2.728210E+02, 2.747402E+00, 1.077666E+01, 2.842732E+02, 2.738966E+02, 2.734703E+02, 2.733330E+02, 2.732599E+02
2024-01-01 20:30:15,2, 7.019579E+01, 2.717217E+02, 2.726439E+02, 2.661454E+00, 1.040216E+01, 2.841037E+02, 2.736495E+02, 2.731919E+02, 2.731693E+02, 2.731600E+02
2024-01-01 20:45:15,2, 5.567043E+01, 2.715809E+02, 2.724794E+02, 2.556917E+00, 9.971987E+00, 2.839347E+02, 2.734036E+02, 2.729112E+02, 2.731600E+02, 2.731600E+02
2024-01-01 21:00:15,2, 3.128243E+01, 2.714401E+02, 2.723106E+02, 2.242793E+00, 9.392910E+00, 2.837627E+02, 2.731094E+02, 2.725502E+02, 2.731600E+02, 2.731600E+02
2024-01-01 21:15:15,2, 1.900515E+01, 2.713061E+02, 2.721275E+02, 1.815907E+00, 8.124742E+00, 2.835706E+02, 2.728341E+02, 2.722226E+02, 2.731600E+02, 2.731600E+02
2024-01-01 21:30:15,2, 6.285158E+00, 2.711721E+02, 2.719762E+02, 8.286914E-01, 6.344887E+00, 2.833821E+02, 2.726268E+02, 2.719773E+02, 2.731600E+02, 2.731600E+02
2024-01-01 21:45:15,2, 0.000000E+00, 2.710380E+02, 2.718426E+02, 0.000000E+00, 4.028415E+00, 2.831980E+02, 2.724720E+02, 2.718282E+02, 2.731600E+02, 2.731600E+02
2024-01-01 22:00:15,2, 0.000000E+00, 2.709045E+02, 2.717258E+02, 0.000000E+00, 3.660799E+00, 2.830333E+02, 2.723644E+02, 2.717354E+02, 2.731600E+02, 2.731600E+02
2024-01-01 22:15:15,2, 0.000000E+00, 2.708016E+02, 2.716235E+02, 0.000000E+00, 3.391888E+00, 2.828840E+02, 2.722463E+02, 2.716130E+02, 2.731600E+02, 2.731600E+02
2024-01-01 22:30:15,2, 0.000000E+00, 2.706987E+02, 2.715257E+02, 0.000000E+00, 3.339680E+00, 2.827452E+02, 2.721332E+02, 2.714955E+02, 2.731600E+02, 2.731600E+02
2024-01-01 22:45:15,2, 0.000000E+00, 2.705957E+02, 2.714276E+02, 0.000000E+00, 3.308061E+00, 2.826147E+02, 2.720207E+02, 2.713784E+02, 2.731600E+02, 2.731600E+02
2024-01-01 23:00:15,2, 0.000000E+00, 2.704936E+02, 2.713296E+02, 0.000000E+00, 3.277800E+00, 2.824908E+02, 2.719089E+02, 2.712621E+02, 2.731600E+02, 2.731600E+02
2024-01-01 23:15:15,2, 0.000000E+00, 2.704390E+02, 2.712699E+02, 0.000000E+00, 3.252749E+00, 2.823744E+02, 2.718460E+02, 2.712058E+02, 2.731600E+02, 2.731600E+02
2024-01-01 23:30:15,2, 0.000000E+00, 2.703845E+02, 2.712201E+02, 0.000000E+00, 3.248496E+00, 2.822656E+02, 2.717934E+02, 2.711596E+02, 2.731600E+02, 2.731600E+02
2024-01-01 23:45:15,2, 0.000000E+00, 2.703299E+02, 2.711706E+02, 0.000000E+00, 3.241629E+00, 2.821629E+02, 2.717417E+02, 2.711140E+02, 2.731600E+02, 2.731600E+02
2024-01-02 00:00:15,1, 0.000000E+00, 2.702753E+02, 2.711223E+02, 0.000000E+00, 3.236663E+00, 2.820641E+02, 2.716677E+02, 2.710272E+02, 2.731600E+02, 2.731600E+02
2024-01-02 00:15:15,1, 0.000000E+00, 2.702158E+02, 2.710704E+02, 0.000000E+00, 3.264918E+00, 2.819709E+02, 2.716150E+02, 2.709830E+02, 2.731600E+02, 2.731600E+02
2024-01-02 00:30:15,1, 0.000000E+00, 2.701562E+02, 2.710178E+02, 0.000000E+00, 3.262952E+00, 2.818808E+02, 2.715618E+02, 2.709382E+02, 2.731600E+02, 2.731600E+02
2024-01-02 00:45:15,1, 0.000000E+00, 2.700967E+02, 2.709653E+02, 0.000000E+00, 3.258750E+00, 2.817936E+02, 2.715091E+02, 2.708936E+02, 2.731600E+02, 2.731600E+02
2024-01-02 01:00:15,1, 0.000000E+00, 2.700377E+02, 2.709129E+02, 0.000000E+00, 3.229088E+00, 2.817092E+02, 2.714566E+02, 2.708490E+02, 2.731600E+02, 2.731600E+02
2024-01-02 01:15:15,1, 0.000000E+00, 2.700151E+02, 2.708861E+02, 0.000000E+00, 2.665726E+00, 2.816281E+02, 2.714273E+02, 2.708262E+02, 2.731600E+02, 2.731600E+02
2024-01-02 01:30:15,1, 0.000000E+00, 2.699925E+02, 2.708653E+02, 0.000000E+00, 2.610066E+00, 2.815507E+02, 2.714046E+02, 2.708099E+02, 2.731600E+02, 2.731600E+02
2024-01-02 01:45:15,1, 0.000000E+00, 2.699699E+02, 2.708446E+02, 0.000000E+00, 2.598702E+00, 2.814766E+02, 2.713824E+02, 2.707939E+02, 2.731600E+02, 2.731600E+02
2024-01-02 02:00:15,1, 0.000000E+00, 2.699476E+02, 2.708240E+02, 0.000000E+00, 2.583278E+00, 2.814053E+02, 2.713604E+02, 2.707779E+02, 2.731600E+02, 2.731600E+02
2024-01-02 02:15:15,1, 0.000000E+00, 2.699469E+02, 2.708146E+02, 0.000000E+00, 2.392300E+00, 2.813364E+02, 2.713374E+02, 2.707504E+02, 2.731600E+02, 2.731600E+02
2024-01-02 02:30:15,1, 0.000000E+00, 2.699461E+02, 2.708077E+02, 0.000000E+00, 2.365976E+00, 2.812697E+02, 2.713169E+02, 2.707254E+02, 2.731600E+02, 2.731600E+02
2024-01-02 02:45:15,1, 0.000000E+00, 2.699453E+02, 2.708008E+02, 0.000000E+00, 2.353625E+00, 2.812049E+02, 2.712965E+02, 2.707005E+02, 2.731600E+02, 2.731600E+02
2024-01-02 03:00:15,1, 0.000000E+00, 2.699451E+02, 2.707939E+02, 0.000000E+00, 2.349667E+00, 2.811420E+02, 2.712764E+02, 2.706759E+02, 2.731600E+02, 2.731600E+02
2024-01-02 03:15:15,1, 0.000000E+00, 2.699813E+02, 2.708162E+02, 0.000000E+00, 2.529315E+00, 2.810823E+02, 2.712933E+02, 2.706957E+02, 2.731600E+02, 2.731600E+02
2024-01-02 03:30:15,1, 0.000000E+00, 2.700175E+02, 2.708457E+02, 0.000000E+00, 2.554920E+00, 2.810267E+02, 2.713182E+02, 2.707234E+02, 2.731600E+02, 2.731600E+02
2024-01-02 03:45:15,1, 0.000000E+00, 2.700537E+02, 2.708755E+02, 0.000000E+00, 2.563426E+00, 2.809747E+02, 2.713435E+02, 2.707515E+02, 2.731600E+02, 2.731600E+02
2024-01-02 04:00:15,1, 0.000000E+00, 2.700898E+02, 2.709054E+02, 0.000000E+00, 2.536223E+00, 2.809257E+02, 2.713692E+02, 2.707796E+02, 2.731600E+02, 2.731600E+02
2024-01-02 04:15:15,1, 0.000000E+00, 2.701239E+02, 2.709302E+02, 0.000000E+00, 1.714565E+00, 2.808787E+02, 2.713798E+02, 2.707838E+02, 2.731600E+02, 2.731600E+02
2024-01-02 04:30:15,1, 0.000000E+00, 2.701579E+02, 2.709532E+02, 0.000000E+00, 1.614856E+00, 2.808331E+02, 2.713886E+02, 2.707860E+02, 2.731600E+02, 2.731600E+02
2024-01-02 04:45:15,1, 0.000000E+00, 2.701919E+02, 2.709762E+02, 0.000000E+00, 1.590244E+00, 2.807887E+02, 2.713974E+02, 2.707880E+02, 2.731600E+02, 2.731600E+02
2024-01-02 05:00:15,1, 0.000000E+00, 2.702261E+02, 2.709991E+02, 0.000000E+00, 1.580226E+00, 2.807457E+02, 2.714062E+02, 2.707901E+02, 2.731600E+02, 2.731600E+02
2024-01-02 05:15:15,1, 0.000000E+00, 2.702665E+02, 2.710309E+02, 0.000000E+00, 1.740222E+00, 2.807040E+02, 2.714330E+02, 2.708227E+02, 2.731600E+02, 2.731600E+02
2024-01-02 05:30:15,1, 0.000000E+00, 2.703070E+02, 2.710652E+02, 0.000000E+00, 1.757708E+00, 2.806636E+02, 2.714625E+02, 2.708581E+02, 2.731600E+02, 2.731600E+02
2024-01-02 05:45:15,1, 0.000000E+00, 2.703475E+02, 2.710996E+02, 0.000000E+00, 1.757318E+00, 2.806244E+02, 2.714923E+02, 2.708936E+02, 2.731600E+02, 2.731600E+02
2024-01-02 06:00:15,1, 0.000000E+00, 2.703884E+02, 2.711340E+02, 0.000000E+00, 1.752206E+00, 2.805863E+02, 2.715222E+02, 2.709291E+02, 2.731600E+02, 2.731600E+02
2024-01-02 06:15:15,1, 0.000000E+00, 2.704584E+02, 2.711879E+02, 0.000000E+00, 1.699172E+00, 2.805509E+02, 2.715713E+02, 2.709805E+02, 2.731600E+02, 2.731600E+02
2024-01-02 06:30:15,1, 0.000000E+00, 2.705285E+02, 2.712472E+02, 0.000000E+00, 1.695791E+00, 2.805188E+02, 2.716262E+02, 2.710376E+02, 2.731600E+02, 2.731600E+02
2024-01-02 06:45:15,1, 0.000000E+00, 2.705985E+02, 2.713066E+02, 0.000000E+00, 1.696721E+00, 2.804895E+02, 2.716815E+02, 2.710949E+02, 2.731600E+02, 2.731600E+02
2024-01-02 07:00:15,1, 0.000000E+00, 2.706677E+02, 2.713660E+02, 0.000000E+00, 1.698758E+00, 2.804627E+02, 2.717369E+02, 2.711520E+02, 2.731600E+02, 2.731600E+02
2024-01-02 07:15:15,1, 0.000000E+00, 2.706924E+02, 2.713917E+02, 0.000000E+00, 1.673278E+00, 2.804363E+02, 2.717515E+02, 2.711608E+02, 2.731600E+02, 2.731600E+02
2024-01-02 07:30:15,1, 0.000000E+00, 2.707170E+02, 2.714078E+02, 0.000000E+00, 1.654178E+00, 2.804093E+02, 2.717562E+02, 2.711595E+02, 2.731600E+02, 2.731600E+02
2024-01-02 07:45:15,1, 0.000000E+00, 2.707417E+02, 2.714236E+02, 0.000000E+00, 1.640239E+00, 2.803819E+02, 2.717606E+02, 2.711577E+02, 2.731600E+02, 2.731600E+02
2024-01-02 08:00:15,1, 0.000000E+00, 2.707664E+02, 2.714393E+02, 0.000000E+00, 1.640107E+00, 2.803545E+02, 2.717648E+02, 2.711557E+02, 2.731600E+02, 2.731600E+02
2024-01-02 08:15:15,1, 0.000000E+00, 2.707927E+02, 2.714571E+02, 0.000000E+00, 1.992399E+00, 2.803264E+02, 2.717720E+02, 2.711642E+02, 2.731600E+02, 2.731600E+02
2024-01-02 08:30:15,1, 0.000000E+00, 2.708191E+02, 2.714757E+02, 0.000000E+00, 2.046127E+00, 2.802971E+02, 2.717798E+02, 2.711734E+02, 2.731600E+02, 2.731600E+02
2024-01-02 08:45:15,1, 0.000000E+00, 2.708455E+02, 2.714941E+02, 0.000000E+00, 2.053044E+00, 2.802669E+02, 2.717877E+02, 2.711828E+02, 2.731600E+02, 2.731600E+02
2024-01-02 09:00:15,1, 0.000000E+00, 2.708712E+02, 2.715123E+02, 0.000000E+00, 2.026601E+00, 2.802362E+02, 2.717951E+02, 2.711911E+02, 2.731600E+02, 2.731600E+02
2024-01-02 09:15:15,1, 0.000000E+00, 2.708606E+02, 2.714951E+02, 0.000000E+00, 1.251729E+00, 2.802029E+02, 2.717409E+02, 2.711137E+02, 2.731600E+02, 2.731600E+02
2024-01-02 09:30:15,1, 0.000000E+00, 2.708500E+02, 2.714664E+02, 0.000000E+00, 1.089218E+00, 2.801657E+02, 2.716738E+02, 2.710229E+02, 2.731600E+02, 2.731600E+02
2024-01-02 09:45:15,1, 0.000000E+00, 2.708394E+02, 2.714362E+02, 0.000000E+00, 1.023762E+00, 2.801256E+02, 2.716044E+02, 2.709296E+02, 2.731600E+02, 2.731600E+02
2024-01-02 10:00:15,1, 0.000000E+00, 2.708291E+02, 2.714056E+02, 0.000000E+00, 9.740521E-01, 2.800833E+02, 2.715336E+02, 2.708354E+02, 2.731600E+02, 2.731600E+02
2024-01-02 10:15:15,1, 0.000000E+00, 2.708340E+02, 2.714048E+02, 0.000000E+00, 9.758147E-01, 2.800428E+02, 2.715411E+02, 2.708518E+02, 2.731600E+02, 2.731600E+02
2024-01-02 10:30:15,1, 0.000000E+00, 2.708389E+02, 2.714124E+02, 0.000000E+00, 9.686469E-01, 2.800068E+02, 2.715586E+02, 2.708786E+02, 2.731600E+02, 2.731600E+02
2024-01-02 10:45:15,1, 0.000000E+00, 2.708438E+02, 2.714217E+02, 0.000000E+00, 9.571593E-01, 2.799740E+02, 2.715777E+02, 2.709069E+02, 2.731600E+02, 2.731600E+02
2024-01-02 11:00:15,1, 0.000000E+00, 2.708486E+02, 2.714322E+02, 0.000000E+00, 9.661579E-01, 2.799439E+02, 2.715978E+02, 2.709362E+02, 2.731600E+02, 2.731600E+02
2024-01-02 11:15:15,1, 0.000000E+00, 2.708427E+02, 2.714261E+02, 0.000000E+00, 1.580641E+00, 2.799143E+02, 2.715818E+02, 2.709148E+02, 2.731600E+02, 2.731600E+02
2024-01-02 11:30:15,1, 0.000000E+00, 2.708368E+02, 2.714136E+02, 0.000000E+00, 1.680073E+00, 2.798841E+02, 2.715583E+02, 2.708855E+02, 2.731600E+02, 2.731600E+02
2024-01-02 11:45:15,1, 0.000000E+00, 2.708309E+02, 2.714045E+02, 0.000000E+00, 1.694113E+00, 2.798535E+02, 2.715378E+02, 2.708594E+02, 2.731600E+02, 2.731600E+02
2024-01-02 12:00:15,1, 0.000000E+00, 2.708252E+02, 2.713947E+02, 0.000000E+00, 1.689933E+00, 2.798228E+02, 2.715168E+02, 2.708325E+02, 2.731600E+02, 2.731600E+02
2024-01-02 12:15:15,1, 0.000000E+00, 2.708311E+02, 2.713921E+02, 0.000000E+00, 1.833622E+00, 2.797919E+02, 2.715027E+02, 2.708149E+02, 2.731600E+02, 2.731600E+02
2024-01-02 12:30:15,1, 0.000000E+00, 2.708370E+02, 2.713919E+02, 0.000000E+00, 1.861395E+00, 2.797608E+02, 2.714910E+02, 2.707999E+02, 2.731600E+02, 2.731600E+02
2024-01-02 12:45:15,1, 0.000000E+00, 2.708430E+02, 2.713917E+02, 0.000000E+00, 1.862192E+00, 2.797297E+02, 2.714793E+02, 2.707848E+02, 2.731600E+02, 2.731600E+02
2024-01-02 13:00:15,1, 2.930735E+01, 2.708509E+02, 2.713991E+02, 1.922771E+00, 2.035741E+00, 2.797005E+02, 2.715882E+02, 2.710086E+02, 2.731600E+02, 2.731600E+02
2024-01-02 13:15:15,1, 5.057987E+01, 2.709790E+02, 2.716135E+02, 2.228476E+00, 6.032040E+00, 2.797381E+02, 2.719847E+02, 2.715346E+02, 2.731600E+02, 2.731600E+02
2024-01-02 13:30:15,1, 7.101650E+01, 2.711070E+02, 2.717829E+02, 2.349303E+00, 7.249076E+00, 2.797946E+02, 2.722638E+02, 2.718885E+02, 2.731600E+02, 2.731600E+02
2024-01-02 13:45:15,1, 9.052971E+01, 2.712351E+02, 2.719493E+02, 2.434943E+00, 7.866032E+00, 2.798672E+02, 2.725311E+02, 2.722058E+02, 2.731600E+02, 2.731600E+02
2024-01-02 14:00:15,1, 1.509727E+02, 2.713656E+02, 2.721241E+02, 2.515687E+00, 8.308356E+00, 2.799548E+02, 2.730046E+02, 2.730180E+02, 2.731600E+02, 2.731600E+02
2024-01-02 14:15:15,1, 1.750928E+02, 2.716385E+02, 2.725676E+02, 2.787114E+00, 9.180699E+00, 2.801063E+02, 2.737271E+02, 2.738703E+02, 2.732354E+02, 2.733989E+02
2024-01-02 14:30:15,1, 1.976055E+02, 2.719114E+02, 2.729181E+02, 2.931588E+00, 9.976702E+00, 2.802890E+02, 2.742395E+02, 2.744187E+02, 2.736599E+02, 2.738547E+02
2024-01-02 14:45:15,1, 2.184145E+02, 2.721843E+02, 2.732620E+02, 3.074663E+00, 1.088390E+01, 2.804986E+02, 2.747328E+02, 2.749427E+02, 2.740926E+02, 2.742976E+02
2024-01-02 15:00:15,1, 2.807281E+02, 2.724576E+02, 2.736100E+02, 3.218982E+00, 1.182620E+01, 2.807318E+02, 2.754172E+02, 2.758598E+02, 2.745593E+02, 2.748001E+02
2024-01-02 15:15:15,1, 3.009962E+02, 2.727554E+02, 2.740754E+02, 3.499442E+00, 1.342643E+01, 2.810331E+02, 2.760605E+02, 2.765181E+02, 2.752311E+02, 2.755520E+02
2024-01-02 15:30:15,1, 3.189614E+02, 2.730533E+02, 2.744006E+02, 3.625223E+00, 1.422568E+01, 2.813376E+02, 2.764618E+02, 2.768944E+02, 2.756239E+02, 2.759357E+02
2024-01-02 15:45:15,1, 3.345469E+02, 2.733512E+02, 2.747171E+02, 3.745440E+00, 1.506298E+01, 2.816425E+02, 2.768382E+02, 2.772457E+02, 2.759976E+02, 2.763013E+02
2024-01-02 16:00:15,1, 3.539166E+02, 2.736484E+02, 2.750280E+02, 3.860608E+00, 1.588653E+01, 2.819452E+02, 2.772199E+02, 2.776226E+02, 2.763629E+02, 2.766614E+02
2024-01-02 16:15:15,1, 3.647435E+02, 2.739060E+02, 2.753225E+02, 3.988907E+00, 1.683309E+01, 2.822533E+02, 2.775686E+02, 2.779554E+02, 2.767178E+02, 2.770173E+02
2024-01-02 16:30:15,1, 3.729765E+02, 2.741637E+02, 2.755904E+02, 4.087689E+00, 1.756277E+01, 2.825517E+02, 2.778607E+02, 2.782303E+02, 2.770145E+02, 2.773079E+02
2024-01-02 16:45:15,1, 3.785804E+02, 2.744214E+02, 2.758515E+02, 4.179082E+00, 1.825295E+01, 2.828365E+02, 2.781277E+02, 2.784809E+02, 2.772944E+02, 2.775826E+02
2024-01-02 17:00:15,1, 4.243708E+02, 2.746790E+02, 2.761175E+02, 4.266168E+00, 1.893796E+01, 2.831070E+02, 2.785654E+02, 2.790211E+02, 2.776051E+02, 2.779001E+02
2024-01-02 17:15:15,1, 4.246876E+02, 2.749321E+02, 2.764640E+02, 4.492334E+00, 2.066825E+01, 2.834350E+02, 2.789644E+02, 2.794060E+02, 2.780749E+02, 2.784082E+02
2024-01-02 17:30:15,1, 4.220379E+02, 2.751852E+02, 2.767041E+02, 4.557915E+00, 2.117309E+01, 2.837216E+02, 2.791503E+02, 2.795748E+02, 2.783001E+02, 2.786287E+02
2024-01-02 17:45:15,1, 4.164330E+02, 2.754383E+02, 2.769359E+02, 4.613284E+00, 2.162601E+01, 2.839675E+02, 2.793074E+02, 2.797182E+02, 2.785047E+02, 2.788310E+02
2024-01-02 18:00:15,1, 3.890473E+02, 2.756900E+02, 2.771545E+02, 4.656226E+00, 2.192035E+01, 2.841717E+02, 2.793496E+02, 2.796948E+02, 2.786697E+02, 2.789902E+02
2024-01-02 18:15:15,1, 3.781448E+02, 2.758601E+02, 2.772691E+02, 4.620584E+00, 2.056335E+01, 2.843057E+02, 2.793620E+02, 2.797133E+02, 2.787003E+02, 2.790056E+02
2024-01-02 18:30:15,1, 3.645283E+02, 2.760301E+02, 2.774115E+02, 4.641898E+00, 2.059430E+01, 2.844114E+02, 2.794222E+02, 2.797867E+02, 2.787981E+02, 2.791117E+02
2024-01-02 18:45:15,1, 3.482559E+02, 2.762002E+02, 2.775463E+02, 4.652246E+00, 2.055685E+01, 2.844856E+02, 2.794545E+02, 2.798346E+02, 2.788780E+02, 2.792015E+02
2024-01-02 19:00:15,1, 3.225631E+02, 2.763675E+02, 2.776700E+02, 4.649644E+00, 2.047428E+01, 2.845255E+02, 2.794240E+02, 2.797937E+02, 2.789299E+02, 2.792616E+02
2024-01-02 19:15:15,1, 3.016424E+02, 2.763779E+02, 2.776299E+02, 4.556905E+00, 2.051934E+01, 2.845169E+02, 2.792296E+02, 2.795943E+02, 2.788174E+02, 2.791474E+02
2024-01-02 19:30:15,1, 2.783578E+02, 2.763882E+02, 2.775712E+02, 4.467534E+00, 1.968819E+01, 2.844677E+02, 2.790067E+02, 2.793728E+02, 2.786772E+02, 2.790181E+02
2024-01-02 19:45:15,1, 2.528091E+02, 2.763986E+02, 2.775004E+02, 4.362794E+00, 1.869368E+01, 2.843800E+02, 2.787457E+02, 2.791119E+02, 2.785118E+02, 2.788641E+02
2024-01-02 20:00:15,1, 1.986030E+02, 2.764053E+02, 2.774061E+02, 4.234259E+00, 1.747357E+01, 2.842563E+02, 2.783031E+02, 2.784630E+02, 2.782885E+02, 2.786218E+02
2024-01-02 20:15:15,1, 1.723649E+02, 2.761991E+02, 2.770516E+02, 3.937498E+00, 1.341319E+01, 2.840883E+02, 2.777131E+02, 2.777827E+02, 2.777687E+02, 2.780068E+02
2024-01-02 20:30:15,1, 1.444426E+02, 2.759929E+02, 2.767437E+02, 3.733130E+00, 1.151418E+01, 2.839004E+02, 2.772049E+02, 2.772239E+02, 2.773534E+02, 2.775839E+02
2024-01-02 20:45:15,1, 1.149560E+02, 2.757867E+02, 2.764185E+02, 3.480253E+00, 9.368144E+00, 2.836962E+02, 2.766444E+02, 2.765735E+02, 2.769094E+02, 2.771255E+02
2024-01-02 21:00:15,1, 6.675797E+01, 2.755790E+02, 2.760652E+02, 2.797962E+00, 6.495361E+00, 2.834790E+02, 2.759471E+02, 2.756193E+02, 2.763921E+02, 2.765553E+02
2024-01-02 21:15:15,1, 4.115254E+01, 2.752834E+02, 2.755158E+02, 2.031134E+00, 2.665840E+00, 2.832305E+02, 2.751607E+02, 2.744962E+02, 2.756705E+02, 2.756896E+02
2024-01-02 21:30:15,1, 1.461940E+01, 2.749878E+02, 2.747714E+02, 1.286840E+00, 2.175770E+00, 2.829824E+02, 2.743093E+02, 2.732869E+02, 2.748376E+02, 2.746541E+02
2024-01-02 21:45:15,1, 0.000000E+00, 2.746922E+02, 2.738525E+02, 0.000000E+00, 1.697677E+00, 2.827282E+02, 2.734131E+02, 2.722533E+02, 2.738675E+02, 2.735436E+02
2024-01-02 22:00:15,1, 0.000000E+00, 2.743968E+02, 2.730731E+02, 0.000000E+00, 1.445965E+00, 2.824880E+02, 2.727302E+02, 2.715725E+02, 2.732139E+02, 2.731600E+02
2024-01-02 22:15:15,1, 0.000000E+00, 2.741156E+02, 2.725676E+02, 0.000000E+00, 1.557488E+00, 2.822678E+02, 2.722727E+02, 2.711250E+02, 2.731600E+02, 2.731600E+02
2024-01-02 22:30:15,1, 0.000000E+00, 2.738344E+02, 2.722630E+02, 0.000000E+00, 1.686440E+00, 2.820682E+02, 2.719858E+02, 2.708457E+02, 2.731600E+02, 2.731600E+02
2024-01-02 22:45:15,1, 0.000000E+00, 2.735531E+02, 2.720664E+02, 0.000000E+00, 1.819885E+00, 2.818870E+02, 2.717930E+02, 2.706572E+02, 2.731600E+02, 2.731600E+02
2024-01-02 23:00:15,1, 0.000000E+00, 2.732747E+02, 2.719277E+02, 0.000000E+00, 1.949192E+00, 2.817215E+02, 2.716524E+02, 2.705194E+02, 2.731600E+02, 2.731600E+02
2024-01-02 23:15:15,1, 0.000000E+00, 2.731627E+02, 2.718301E+02, 0.000000E+00, 2.063155E+00, 2.815698E+02, 2.715558E+02, 2.704328E+02, 2.731600E+02, 2.731600E+02
2024-01-02 23:30:15,1, 0.000000E+00, 2.730507E+02, 2.717628E+02, 0.000000E+00, 2.173240E+00, 2.814305E+02, 2.714870E+02, 2.703724E+02, 2.731600E+02, 2.731600E+02
2024-01-02 23:45:15,1, 0.000000E+00, 2.729386E+02, 2.717123E+02, 0.000000E+00, 2.277956E+00, 2.813019E+02, 2.714331E+02, 2.703258E+02, 2.731600E+02, 2.731600E+02
2024-01-02 00:00:15,2, 0.000000E+00, 2.702753E+02, 2.711213E+02, 0.000000E+00, 3.236798E+00, 2.820656E+02, 2.716907E+02, 2.710689E+02, 2.731600E+02, 2.731600E+02
2024-01-02 00:15:15,2, 0.000000E+00, 2.702158E+02, 2.710692E+02, 0.000000E+00, 3.264993E+00, 2.819723E+02, 2.716375E+02, 2.710241E+02, 2.731600E+02, 2.731600E+02
2024-01-02 00:30:15,2, 0.000000E+00, 2.701562E+02, 2.710165E+02, 0.000000E+00, 3.262971E+00, 2.818822E+02, 2.715840E+02, 2.709786E+02, 2.731600E+02, 2.731600E+02
2024-01-02 00:45:15,2, 0.000000E+00, 2.700967E+02, 2.709638E+02, 0.000000E+00, 3.258689E+00, 2.817950E+02, 2.715307E+02, 2.709333E+02, 2.731600E+02, 2.731600E+02
2024-01-02 01:00:15,2, 0.000000E+00, 2.700377E+02, 2.709111E+02, 0.000000E+00, 3.228947E+00, 2.817106E+02, 2.714778E+02, 2.708881E+02, 2.731600E+02, 2.731600E+02
2024-01-02 01:15:15,2, 0.000000E+00, 2.700151E+02, 2.708841E+02, 0.000000E+00, 2.665788E+00, 2.816295E+02, 2.714480E+02, 2.708647E+02, 2.731600E+02, 2.731600E+02
2024-01-02 01:30:15,2, 0.000000E+00, 2.699925E+02, 2.708630E+02, 0.000000E+00, 2.609859E+00, 2.815521E+02, 2.714250E+02, 2.708479E+02, 2.731600E+02, 2.731600E+02
2024-01-02 01:45:15,2, 0.000000E+00, 2.699699E+02, 2.708420E+02, 0.000000E+00, 2.598306E+00, 2.814780E+02, 2.714023E+02, 2.708313E+02, 2.731600E+02, 2.731600E+02
2024-01-02 02:00:15,2, 0.000000E+00, 2.699476E+02, 2.708210E+02, 0.000000E+00, 2.582627E+00, 2.814067E+02, 2.713797E+02, 2.708145E+02, 2.731600E+02, 2.731600E+02
2024-01-02 02:15:15,2, 0.000000E+00, 2.699469E+02, 2.708126E+02, 0.000000E+00, 2.392886E+00, 2.813378E+02, 2.713575E+02, 2.707877E+02, 2.731600E+02, 2.731600E+02
2024-01-02 02:30:15,2, 0.000000E+00, 2.699461E+02, 2.708063E+02, 0.000000E+00, 2.366484E+00, 2.812711E+02, 2.713377E+02, 2.707634E+02, 2.731600E+02, 2.731600E+02
2024-01-02 02:45:15,2, 0.000000E+00, 2.699453E+02, 2.707997E+02, 0.000000E+00, 2.354074E+00, 2.812063E+02, 2.713178E+02, 2.707390E+02, 2.731600E+02, 2.731600E+02
2024-01-02 03:00:15,2, 0.000000E+00, 2.699451E+02, 2.707931E+02, 0.000000E+00, 2.350098E+00, 2.811433E+02, 2.712980E+02, 2.707148E+02, 2.731600E+02, 2.731600E+02
2024-01-02 03:15:15,2, 0.000000E+00, 2.699813E+02, 2.708154E+02, 0.000000E+00, 2.529592E+00, 2.810836E+02, 2.713148E+02, 2.707344E+02, 2.731600E+02, 2.731600E+02
2024-01-02 03:30:15,2, 0.000000E+00, 2.700175E+02, 2.708450E+02, 0.000000E+00, 2.555229E+00, 2.810281E+02, 2.713396E+02, 2.707620E+02, 2.731600E+02, 2.731600E+02
2024-01-02 03:45:15,2, 0.000000E+00, 2.700537E+02, 2.708749E+02, 0.000000E+00, 2.563752E+00, 2.809760E+02, 2.713649E+02, 2.707900E+02, 2.731600E+02, 2.731600E+02
2024-01-02 04:00:15,2, 0.000000E+00, 2.700898E+02, 2.709048E+02, 0.000000E+00, 2.536593E+00, 2.809270E+02, 2.713905E+02, 2.708179E+02, 2.731600E+02, 2.731600E+02
2024-01-02 04:15:15,2, 0.000000E+00, 2.701239E+02, 2.709297E+02, 0.000000E+00, 1.715223E+00, 2.808800E+02, 2.714015E+02, 2.708226E+02, 2.731600E+02, 2.731600E+02
2024-01-02 04:30:15,2, 0.000000E+00, 2.701579E+02, 2.709529E+02, 0.000000E+00, 1.615380E+00, 2.808343E+02, 2.714107E+02, 2.708255E+02, 2.731600E+02, 2.731600E+02
2024-01-02 04:45:15,2, 0.000000E+00, 2.701919E+02, 2.709760E+02, 0.000000E+00, 1.590756E+00, 2.807900E+02, 2.714199E+02, 2.708281E+02, 2.731600E+02, 2.731600E+02
2024-01-02 05:00:15,2, 0.000000E+00, 2.702261E+02, 2.709990E+02, 0.000000E+00, 1.580752E+00, 2.807470E+02, 2.714291E+02, 2.708307E+02, 2.731600E+02, 2.731600E+02
2024-01-02 05:15:15,2, 0.000000E+00, 2.702665E+02, 2.710309E+02, 0.000000E+00, 1.740691E+00, 2.807053E+02, 2.714556E+02, 2.708630E+02, 2.731600E+02, 2.731600E+02
2024-01-02 05:30:15,2, 0.000000E+00, 2.703070E+02, 2.710653E+02, 0.000000E+00, 1.758186E+00, 2.806648E+02, 2.714850E+02, 2.708980E+02, 2.731600E+02, 2.731600E+02
2024-01-02 05:45:15,2, 0.000000E+00, 2.703475E+02, 2.710996E+02, 0.000000E+00, 1.757806E+00, 2.806256E+02, 2.715145E+02, 2.709331E+02, 2.731600E+02, 2.731600E+02
2024-01-02 06:00:15,2, 0.000000E+00, 2.703884E+02, 2.711340E+02, 0.000000E+00, 1.752702E+00, 2.805875E+02, 2.715442E+02, 2.709683E+02, 2.731600E+02, 2.731600E+02
2024-01-02 06:15:15,2, 0.000000E+00, 2.704584E+02, 2.711880E+02, 0.000000E+00, 1.699678E+00, 2.805521E+02, 2.715933E+02, 2.710195E+02, 2.731600E+02, 2.731600E+02
2024-01-02 06:30:15,2, 0.000000E+00, 2.705285E+02, 2.712473E+02, 0.000000E+00, 1.696304E+00, 2.805200E+02, 2.716482E+02, 2.710765E+02, 2.731600E+02, 2.731600E+02
2024-01-02 06:45:15,2, 0.000000E+00, 2.705985E+02, 2.713067E+02, 0.000000E+00, 1.697240E+00, 2.804907E+02, 2.717034E+02, 2.711336E+02, 2.731600E+02, 2.731600E+02
2024-01-02 07:00:15,2, 0.000000E+00, 2.706677E+02, 2.713661E+02, 0.000000E+00, 1.699285E+00, 2.804638E+02, 2.717587E+02, 2.711907E+02, 2.731600E+02, 2.731600E+02
2024-01-02 07:15:15,2, 0.000000E+00, 2.706924E+02, 2.713919E+02, 0.000000E+00, 1.673876E+00, 2.804374E+02, 2.717736E+02, 2.712000E+02, 2.731600E+02, 2.731600E+02
2024-01-02 07:30:15,2, 0.000000E+00, 2.707170E+02, 2.714080E+02, 0.000000E+00, 1.654812E+00, 2.804104E+02, 2.717787E+02, 2.711992E+02, 2.731600E+02, 2.731600E+02
2024-01-02 07:45:15,2, 0.000000E+00, 2.707417E+02, 2.714239E+02, 0.000000E+00, 1.640904E+00, 2.803830E+02, 2.717834E+02, 2.711980E+02, 2.731600E+02, 2.731600E+02
2024-01-02 08:00:15,2, 0.000000E+00, 2.707664E+02, 2.714397E+02, 0.000000E+00, 1.640807E+00, 2.803556E+02, 2.717879E+02, 2.711965E+02, 2.731600E+02, 2.731600E+02
2024-01-02 08:15:15,2, 0.000000E+00, 2.707927E+02, 2.714576E+02, 0.000000E+00, 1.993129E+00, 2.803275E+02, 2.717951E+02, 2.712050E+02, 2.731600E+02, 2.731600E+02
2024-01-02 08:30:15,2, 0.000000E+00, 2.708191E+02, 2.714762E+02, 0.000000E+00, 2.046880E+00, 2.802981E+02, 2.718029E+02, 2.712142E+02, 2.731600E+02, 2.731600E+02
2024-01-02 08:45:15,2, 0.000000E+00, 2.708455E+02, 2.714947E+02, 0.000000E+00, 2.053827E+00, 2.802680E+02, 2.718109E+02, 2.712235E+02, 2.731600E+02, 2.731600E+02
2024-01-02 09:00:15,2, 0.000000E+00, 2.708712E+02, 2.715130E+02, 0.000000E+00, 2.027411E+00, 2.802373E+02, 2.718183E+02, 2.712319E+02, 2.731600E+02, 2.731600E+02
2024-01-02 09:15:15,2, 0.000000E+00, 2.708606E+02, 2.714961E+02, 0.000000E+00, 1.252694E+00, 2.802039E+02, 2.717654E+02, 2.711566E+02, 2.731600E+02, 2.731600E+02
2024-01-02 09:30:15,2, 0.000000E+00, 2.708500E+02, 2.714677E+02, 0.000000E+00, 1.090614E+00, 2.801667E+02, 2.716999E+02, 2.710681E+02, 2.731600E+02, 2.731600E+02
2024-01-02 09:45:15,2, 0.000000E+00, 2.708394E+02, 2.714384E+02, 0.000000E+00, 1.026034E+00, 2.801267E+02, 2.716325E+02, 2.709777E+02, 2.731600E+02, 2.731600E+02
2024-01-02 10:00:15,2, 0.000000E+00, 2.708291E+02, 2.714082E+02, 0.000000E+00, 9.760422E-01, 2.800843E+02, 2.715639E+02, 2.708862E+02, 2.731600E+02, 2.731600E+02
2024-01-02 10:15:15,2, 0.000000E+00, 2.708340E+02, 2.714070E+02, 0.000000E+00, 9.777024E-01, 2.800439E+02, 2.715704E+02, 2.709013E+02, 2.731600E+02, 2.731600E+02
2024-01-02 10:30:15,2, 0.000000E+00, 2.708389E+02, 2.714160E+02, 0.000000E+00, 9.721666E-01, 2.800078E+02, 2.715885E+02, 2.709287E+02, 2.731600E+02, 2.731600E+02
2024-01-02 10:45:15,2, 0.000000E+00, 2.708438E+02, 2.714255E+02, 0.000000E+00, 9.594839E-01, 2.799750E+02, 2.716073E+02, 2.709566E+02, 2.731600E+02, 2.731600E+02
2024-01-02 11:00:15,2, 0.000000E+00, 2.708486E+02, 2.714350E+02, 0.000000E+00, 9.674665E-01, 2.799448E+02, 2.716260E+02, 2.709841E+02, 2.731600E+02, 2.731600E+02
2024-01-02 11:15:15,2, 0.000000E+00, 2.708427E+02, 2.714291E+02, 0.000000E+00, 1.584089E+00, 2.799152E+02, 2.716105E+02, 2.709634E+02, 2.731600E+02, 2.731600E+02
2024-01-02 11:30:15,2, 0.000000E+00, 2.708368E+02, 2.714183E+02, 0.000000E+00, 1.686361E+00, 2.798850E+02, 2.715890E+02, 2.709363E+02, 2.731600E+02, 2.731600E+02
2024-01-02 11:45:15,2, 0.000000E+00, 2.708309E+02, 2.714073E+02, 0.000000E+00, 1.694684E+00, 2.798544E+02, 2.715674E+02, 2.709089E+02, 2.731600E+02, 2.731600E+02
2024-01-02 12:00:15,2, 0.000000E+00, 2.708252E+02, 2.713962E+02, 0.000000E+00, 1.689629E+00, 2.798236E+02, 2.715455E+02, 2.708813E+02, 2.731600E+02, 2.731600E+02
2024-01-02 12:15:15,2, 0.000000E+00, 2.708311E+02, 2.713926E+02, 0.000000E+00, 1.832846E+00, 2.797928E+02, 2.715307E+02, 2.708630E+02, 2.731600E+02, 2.731600E+02
2024-01-02 12:30:15,2, 0.000000E+00, 2.708370E+02, 2.713913E+02, 0.000000E+00, 1.859456E+00, 2.797618E+02, 2.715181E+02, 2.708472E+02, 2.731600E+02, 2.731600E+02
2024-01-02 12:45:15,2, 0.000000E+00, 2.708430E+02, 2.713893E+02, 0.000000E+00, 1.857950E+00, 2.797308E+02, 2.715048E+02, 2.708306E+02, 2.731600E+02, 2.731600E+02
2024-01-02 13:00:15,2, 2.930735E+01, 2.708509E+02, 2.713977E+02, 1.927485E+00, 2.036139E+00, 2.797016E+02, 2.716095E+02, 2.710377E+02, 2.731600E+02, 2.731600E+02
2024-01-02 13:15:15,2, 5.057987E+01, 2.709790E+02, 2.716134E+02, 2.229390E+00, 6.034337E+00, 2.797395E+02, 2.719995E+02, 2.715502E+02, 2.731600E+02, 2.731600E+02
2024-01-02 13:30:15,2, 7.101650E+01, 2.711070E+02, 2.717828E+02, 2.350468E+00, 7.251144E+00, 2.797962E+02, 2.722755E+02, 2.718988E+02, 2.731600E+02, 2.731600E+02
2024-01-02 13:45:15,2, 9.052971E+01, 2.712351E+02, 2.719492E+02, 2.436236E+00, 7.868393E+00, 2.798690E+02, 2.725408E+02, 2.722130E+02, 2.731600E+02, 2.731600E+02
2024-01-02 14:00:15,2, 1.509727E+02, 2.713656E+02, 2.721239E+02, 2.517094E+00, 8.310839E+00, 2.799566E+02, 2.729981E+02, 2.729770E+02, 2.731600E+02, 2.731600E+02
2024-01-02 14:15:15,2, 1.750928E+02, 2.716385E+02, 2.725659E+02, 2.787758E+00, 9.176808E+00, 2.801089E+02, 2.737140E+02, 2.738155E+02, 2.732246E+02, 2.733614E+02
2024-01-02 14:30:15,2, 1.976055E+02, 2.719114E+02, 2.729165E+02, 2.932256E+00, 9.974687E+00, 2.802922E+02, 2.742253E+02, 2.743629E+02, 2.736481E+02, 2.738164E+02
2024-01-02 14:45:15,2, 2.184145E+02, 2.721843E+02, 2.732605E+02, 3.075337E+00, 1.088160E+01, 2.805021E+02, 2.747176E+02, 2.748856E+02, 2.740804E+02, 2.742589E+02
2024-01-02 15:00:15,2, 2.807281E+02, 2.724576E+02, 2.736084E+02, 3.219681E+00, 1.182329E+01, 2.807355E+02, 2.753913E+02, 2.757691E+02, 2.745452E+02, 2.747546E+02
2024-01-02 15:15:15,2, 3.009962E+02, 2.727554E+02, 2.740727E+02, 3.498909E+00, 1.341464E+01, 2.810375E+02, 2.760329E+02, 2.764226E+02, 2.752124E+02, 2.754910E+02
2024-01-02 15:30:15,2, 3.189614E+02, 2.730533E+02, 2.743980E+02, 3.624629E+00, 1.421302E+01, 2.813425E+02, 2.764354E+02, 2.768018E+02, 2.756056E+02, 2.758755E+02
2024-01-02 15:45:15,2, 3.345469E+02, 2.733512E+02, 2.747144E+02, 3.744790E+00, 1.504944E+01, 2.816477E+02, 2.768130E+02, 2.771557E+02, 2.759797E+02, 2.762417E+02
2024-01-02 16:00:15,2, 3.539166E+02, 2.736484E+02, 2.750253E+02, 3.859906E+00, 1.587206E+01, 2.819506E+02, 2.771949E+02, 2.775317E+02, 2.763452E+02, 2.766016E+02
2024-01-02 16:15:15,2, 3.647435E+02, 2.739060E+02, 2.753197E+02, 3.988004E+00, 1.681689E+01, 2.822590E+02, 2.775442E+02, 2.778655E+02, 2.766999E+02, 2.769563E+02
2024-01-02 16:30:15,2, 3.729765E+02, 2.741637E+02, 2.755875E+02, 4.086766E+00, 1.754592E+01, 2.825576E+02, 2.778370E+02, 2.781420E+02, 2.769969E+02, 2.772474E+02
2024-01-02 16:45:15,2, 3.785804E+02, 2.744214E+02, 2.758487E+02, 4.178145E+00, 1.823551E+01, 2.828426E+02, 2.781046E+02, 2.783940E+02, 2.772770E+02, 2.775225E+02
2024-01-02 17:00:15,2, 4.243708E+02, 2.746790E+02, 2.761145E+02, 4.265231E+00, 1.891951E+01, 2.831132E+02, 2.785379E+02, 2.789170E+02, 2.775870E+02, 2.778366E+02
2024-01-02 17:15:15,2, 4.246876E+02, 2.749321E+02, 2.764604E+02, 4.490320E+00, 2.064079E+01, 2.834416E+02, 2.789362E+02, 2.792996E+02, 2.780544E+02, 2.783355E+02
2024-01-02 17:30:15,2, 4.220379E+02, 2.751852E+02, 2.767004E+02, 4.555927E+00, 2.114516E+01, 2.837285E+02, 2.791227E+02, 2.794698E+02, 2.782798E+02, 2.785566E+02
2024-01-02 17:45:15,2, 4.164330E+02, 2.754383E+02, 2.769322E+02, 4.611330E+00, 2.159777E+01, 2.839748E+02, 2.792804E+02, 2.796143E+02, 2.784845E+02, 2.787592E+02
2024-01-02 18:00:15,2, 3.890473E+02, 2.756900E+02, 2.771508E+02, 4.654315E+00, 2.189225E+01, 2.841794E+02, 2.793253E+02, 2.795999E+02, 2.786500E+02, 2.789203E+02
2024-01-02 18:15:15,2, 3.781448E+02, 2.758601E+02, 2.772657E+02, 4.619200E+00, 2.053978E+01, 2.843136E+02, 2.793378E+02, 2.796188E+02, 2.786816E+02, 2.789396E+02
2024-01-02 18:30:15,2, 3.645283E+02, 2.760301E+02, 2.774082E+02, 4.640587E+00, 2.057072E+01, 2.844196E+02, 2.793972E+02, 2.796904E+02, 2.787791E+02, 2.790451E+02
2024-01-02 18:45:15,2, 3.482559E+02, 2.762002E+02, 2.775429E+02, 4.651020E+00, 2.053358E+01, 2.844940E+02, 2.794287E+02, 2.797361E+02, 2.788585E+02, 2.791340E+02
2024-01-02 19:00:15,2, 3.225631E+02, 2.763675E+02, 2.776666E+02, 4.648515E+00, 2.045149E+01, 2.845343E+02, 2.793984E+02, 2.796968E+02, 2.789102E+02, 2.791938E+02
2024-01-02 19:15:15,2, 3.016424E+02, 2.763779E+02, 2.776267E+02, 4.556066E+00, 2.049906E+01, 2.845260E+02, 2.792042E+02, 2.794964E+02, 2.787981E+02, 2.790808E+02
2024-01-02 19:30:15,2, 2.783578E+02, 2.763882E+02, 2.775680E+02, 4.466770E+00, 1.966848E+01, 2.844773E+02, 2.789808E+02, 2.792721E+02, 2.786572E+02, 2.789497E+02
2024-01-02 19:45:15,2, 2.528091E+02, 2.763986E+02, 2.774971E+02, 4.362126E+00, 1.867451E+01, 2.843901E+02, 2.787192E+02, 2.790076E+02, 2.784913E+02, 2.787937E+02
2024-01-02 20:00:15,2, 1.986030E+02, 2.764053E+02, 2.774029E+02, 4.233678E+00, 1.745568E+01, 2.842670E+02, 2.782862E+02, 2.783862E+02, 2.782690E+02, 2.785548E+02
2024-01-02 20:15:15,2, 1.723649E+02, 2.761991E+02, 2.770494E+02, 3.937969E+00, 1.340675E+01, 2.840992E+02, 2.777004E+02, 2.777126E+02, 2.777546E+02, 2.779555E+02
2024-01-02 20:30:15,2, 1.444426E+02, 2.759929E+02, 2.767415E+02, 3.733599E+00, 1.150679E+01, 2.839117E+02, 2.771937E+02, 2.771509E+02, 2.773395E+02, 2.775315E+02
2024-01-02 20:45:15,2, 1.149560E+02, 2.757867E+02, 2.764161E+02, 3.480420E+00, 9.350299E+00, 2.837080E+02, 2.766366E+02, 2.764978E+02, 2.768992E+02, 2.770757E+02
2024-01-02 21:00:15,2, 6.675797E+01, 2.755790E+02, 2.760634E+02, 2.792882E+00, 6.464107E+00, 2.834914E+02, 2.759502E+02, 2.755573E+02, 2.763807E+02, 2.764932E+02
2024-01-02 21:15:15,2, 4.115254E+01, 2.752834E+02, 2.755120E+02, 2.102888E+00, 2.674170E+00, 2.832434E+02, 2.751775E+02, 2.744652E+02, 2.756652E+02, 2.756438E+02
2024-01-02 21:30:15,2, 1.461940E+01, 2.749878E+02, 2.747634E+02, 1.392216E+00, 2.211584E+00, 2.829950E+02, 2.743413E+02, 2.733268E+02, 2.748381E+02, 2.746442E+02
2024-01-02 21:45:15,2, 0.000000E+00, 2.746922E+02, 2.738462E+02, 0.000000E+00, 1.730568E+00, 2.827396E+02, 2.734548E+02, 2.723361E+02, 2.738753E+02, 2.735634E+02
2024-01-02 22:00:15,2, 0.000000E+00, 2.743968E+02, 2.730692E+02, 0.000000E+00, 1.472774E+00, 2.824985E+02, 2.727735E+02, 2.716559E+02, 2.732121E+02, 2.731600E+02
2024-01-02 22:15:15,2, 0.000000E+00, 2.741156E+02, 2.725660E+02, 0.000000E+00, 1.580419E+00, 2.822776E+02, 2.723172E+02, 2.712088E+02, 2.731600E+02, 2.731600E+02
2024-01-02 22:30:15,2, 0.000000E+00, 2.738344E+02, 2.722626E+02, 0.000000E+00, 1.706606E+00, 2.820774E+02, 2.720309E+02, 2.709298E+02, 2.731600E+02, 2.731600E+02
2024-01-02 22:45:15,2, 0.000000E+00, 2.735531E+02, 2.720665E+02, 0.000000E+00, 1.837852E+00, 2.818957E+02, 2.718385E+02, 2.707415E+02, 2.731600E+02, 2.731600E+02
2024-01-02 23:00:15,2, 0.000000E+00, 2.732747E+02, 2.719281E+02, 0.000000E+00, 1.965290E+00, 2.817298E+02, 2.716981E+02, 2.706038E+02, 2.731600E+02, 2.731600E+02
2024-01-02 23:15:15,2, 0.000000E+00, 2.731627E+02, 2.718306E+02, 0.000000E+00, 2.077192E+00, 2.815779E+02, 2.716012E+02, 2.705165E+02, 2.731600E+02, 2.731600E+02
2024-01-02 23:30:15,2, 0.000000E+00, 2.730507E+02, 2.717633E+02, 0.000000E+00, 2.185548E+00, 2.814383E+02, 2.715320E+02, 2.704555E+02, 2.731600E+02, 2.731600E+02
2024-01-02 23:45:15,2, 0.000000E+00, 2.729386E+02, 2.717128E+02, 0.000000E+00, 2.288783E+00, 2.813094E+02, 2.714778E+02, 2.704084E+02, 2.731600E+02, 2.731600E+02
2024-01-03 00:00:15,1, 0.000000E+00, 2.728264E+02, 2.716714E+02, 0.000000E+00, 2.373288E+00, 2.811824E+02, 2.713884E+02, 2.702875E+02, 2.731600E+02, 2.731600E+02
2024-01-03 00:15:15,1, 0.000000E+00, 2.727024E+02, 2.716394E+02, 0.000000E+00, 2.251658E+00, 2.810714E+02, 2.713569E+02, 2.702633E+02, 2.731600E+02, 2.731600E+02
2024-01-03 00:30:15,1, 0.000000E+00, 2.725785E+02, 2.716146E+02, 0.000000E+00, 2.147196E+00, 2.809682E+02, 2.713326E+02, 2.702456E+02, 2.731600E+02, 2.731600E+02
2024-01-03 00:45:15,1, 0.000000E+00, 2.724545E+02, 2.715941E+02, 0.000000E+00, 2.057195E+00, 2.808718E+02, 2.713126E+02, 2.702316E+02, 2.731600E+02, 2.731600E+02
2024-01-03 01:00:15,1, 0.000000E+00, 2.723305E+02, 2.715759E+02, 0.000000E+00, 1.981173E+00, 2.807816E+02, 2.712951E+02, 2.702193E+02, 2.731600E+02, 2.731600E+02
2024-01-03 01:15:15,1, 0.000000E+00, 2.722046E+02, 2.715452E+02, 0.000000E+00, 1.982288E+00, 2.806949E+02, 2.712458E+02, 2.701635E+02, 2.731600E+02, 2.731600E+02
2024-01-03 01:30:15,1, 0.000000E+00, 2.720786E+02, 2.714973E+02, 0.000000E+00, 1.975984E+00, 2.806097E+02, 2.711813E+02, 2.700928E+02, 2.731600E+02, 2.731600E+02
2024-01-03 01:45:15,1, 0.000000E+00, 2.719527E+02, 2.714405E+02, 0.000000E+00, 1.966297E+00, 2.805260E+02, 2.711096E+02, 2.700147E+02, 2.731600E+02, 2.731600E+02
2024-01-03 02:00:15,1, 0.000000E+00, 2.718280E+02, 2.713796E+02, 0.000000E+00, 1.955236E+00, 2.804438E+02, 2.710347E+02, 2.699334E+02, 2.731600E+02, 2.731600E+02
2024-01-03 02:15:15,1, 0.000000E+00, 2.717768E+02, 2.713522E+02, 0.000000E+00, 1.931787E+00, 2.803675E+02, 2.710412E+02, 2.699636E+02, 2.731600E+02, 2.731600E+02
2024-01-03 02:30:15,1, 0.000000E+00, 2.717257E+02, 2.713704E+02, 0.000000E+00, 1.946610E+00, 2.803004E+02, 2.710885E+02, 2.700320E+02, 2.731600E+02, 2.731600E+02
2024-01-03 02:45:15,1, 0.000000E+00, 2.716745E+02, 2.714123E+02, 0.000000E+00, 1.987465E+00, 2.802417E+02, 2.711575E+02, 2.701204E+02, 2.731600E+02, 2.731600E+02
2024-01-03 03:00:15,1, 0.000000E+00, 2.716236E+02, 2.714665E+02, 0.000000E+00, 2.050744E+00, 2.801904E+02, 2.712375E+02, 2.702189E+02, 2.731600E+02, 2.731600E+02
2024-01-03 03:15:15,1, 0.000000E+00, 2.715841E+02, 2.715112E+02, 0.000000E+00, 2.092544E+00, 2.801434E+02, 2.712845E+02, 2.702705E+02, 2.731600E+02, 2.731600E+02
2024-01-03 03:30:15,1, 0.000000E+00, 2.715446E+02, 2.715390E+02, 0.000000E+00, 2.124064E+00, 2.800984E+02, 2.713167E+02, 2.703080E+02, 2.731600E+02, 2.731600E+02
2024-01-03 03:45:15,1, 0.000000E+00, 2.715051E+02, 2.715578E+02, 0.000000E+00, 2.152811E+00, 2.800553E+02, 2.713412E+02, 2.703383E+02, 2.731600E+02, 2.731600E+02
2024-01-03 04:00:15,1, 0.000000E+00, 2.714659E+02, 2.715716E+02, 0.000000E+00, 2.179711E+00, 2.800140E+02, 2.713615E+02, 2.703646E+02, 2.731600E+02, 2.731600E+02
2024-01-03 04:15:15,1, 0.000000E+00, 2.714392E+02, 2.715803E+02, 0.000000E+00, 2.075225E+00, 2.799741E+02, 2.713727E+02, 2.703800E+02, 2.731600E+02, 2.731600E+02
2024-01-03 04:30:15,1, 0.000000E+00, 2.714125E+02, 2.715848E+02, 0.000000E+00, 1.984127E+00, 2.799352E+02, 2.713803E+02, 2.703919E+02, 2.731600E+02, 2.731600E+02
2024-01-03 04:45:15,1, 0.000000E+00, 2.713858E+02, 2.715870E+02, 0.000000E+00, 1.909046E+00, 2.798974E+02, 2.713860E+02, 2.704020E+02, 2.731600E+02, 2.731600E+02
2024-01-03 05:00:15,1, 0.000000E+00, 2.713610E+02, 2.715879E+02, 0.000000E+00, 1.842241E+00, 2.798607E+02, 2.713916E+02, 2.704126E+02, 2.731600E+02, 2.731600E+02
2024-01-03 05:15:15,1, 0.000000E+00, 2.714538E+02, 2.716542E+02, 0.000000E+00, 1.586611E+00, 2.798330E+02, 2.715457E+02, 2.706308E+02, 2.731600E+02, 2.731600E+02
2024-01-03 05:30:15,1, 0.000000E+00, 2.715467E+02, 2.717974E+02, 0.000000E+00, 1.544711E+00, 2.798202E+02, 2.717701E+02, 2.709129E+02, 2.731600E+02, 2.731600E+02
2024-01-03 05:45:15,1, 0.000000E+00, 2.716395E+02, 2.719725E+02, 0.000000E+00, 1.934039E+00, 2.798200E+02, 2.720287E+02, 2.712407E+02, 2.731600E+02, 2.731600E+02
2024-01-03 06:00:15,1, 0.000000E+00, 2.717319E+02, 2.721409E+02, 0.000000E+00, 2.672873E+00, 2.798231E+02, 2.722919E+02, 2.715914E+02, 2.731600E+02, 2.731600E+02
2024-01-03 06:15:15,1, 0.000000E+00, 2.718028E+02, 2.722540E+02, 0.000000E+00, 1.539026E+00, 2.798255E+02, 2.724388E+02, 2.717714E+02, 2.731600E+02, 2.731600E+02
2024-01-03 06:30:15,1, 0.000000E+00, 2.718737E+02, 2.723386E+02, 0.000000E+00, 6.496718E-01, 2.798286E+02, 2.725552E+02, 2.719119E+02, 2.731600E+02, 2.731600E+02
2024-01-03 06:45:15,1, 0.000000E+00, 2.719446E+02, 2.724175E+02, 0.000000E+00, 2.343428E-01, 2.798329E+02, 2.726674E+02, 2.720518E+02, 2.731600E+02, 2.731600E+02
2024-01-03 07:00:15,1, 0.000000E+00, 2.720149E+02, 2.724954E+02, 0.000000E+00, 5.649378E-02, 2.798391E+02, 2.727771E+02, 2.721837E+02, 2.731600E+02, 2.731600E+02
2024-01-03 07:15:15,1, 0.000000E+00, 2.720504E+02, 2.725418E+02, 0.000000E+00, 5.913366E-01, 2.798449E+02, 2.728353E+02, 2.722517E+02, 2.731600E+02, 2.731600E+02
2024-01-03 07:30:15,1, 0.000000E+00, 2.720859E+02, 2.725784E+02, 0.000000E+00, 7.842409E-01, 2.798492E+02, 2.728829E+02, 2.723079E+02, 2.731600E+02, 2.731600E+02
2024-01-03 07:45:15,1, 0.000000E+00, 2.721214E+02, 2.726147E+02, 0.000000E+00, 8.532197E-01, 2.798528E+02, 2.729301E+02, 2.723639E+02, 2.731600E+02, 2.731600E+02
2024-01-03 08:00:15,1, 0.000000E+00, 2.721566E+02, 2.726511E+02, 0.000000E+00, 8.769374E-01, 2.798560E+02, 2.729771E+02, 2.724196E+02, 2.731600E+02, 2.731600E+02
2024-01-03 08:15:15,1, 0.000000E+00, 2.721758E+02, 2.726730E+02, 0.000000E+00, 8.075763E-01, 2.798578E+02, 2.729985E+02, 2.724416E+02, 2.731600E+02, 2.731600E+02
2024-01-03 08:30:15,1, 0.000000E+00, 2.721950E+02, 2.726900E+02, 0.000000E+00, 7.664425E-01, 2.798578E+02, 2.730149E+02, 2.724582E+02, 2.731600E+02, 2.731600E+02
2024-01-03 08:45:15,1, 0.000000E+00, 2.722142E+02, 2.727068E+02, 0.000000E+00, 7.435673E-01, 2.798566E+02, 2.730310E+02, 2.724746E+02, 2.731600E+02, 2.731600E+02
2024-01-03 09:00:15,1, 0.000000E+00, 2.722335E+02, 2.727236E+02, 0.000000E+00, 7.291206E-01, 2.798545E+02, 2.730469E+02, 2.724910E+02, 2.731600E+02, 2.731600E+02
2024-01-03 09:15:15,1, 0.000000E+00, 2.722554E+02, 2.727453E+02, 0.000000E+00, 8.053631E-01, 2.798525E+02, 2.730778E+02, 2.725287E+02, 2.731600E+02, 2.731600E+02
2024-01-03 09:30:15,1, 0.000000E+00, 2.722774E+02, 2.727689E+02, 0.000000E+00, 8.338053E-01, 2.798513E+02, 2.731105E+02, 2.725684E+02, 2.731600E+02, 2.731600E+02
2024-01-03 09:45:15,1, 0.000000E+00, 2.722993E+02, 2.727926E+02, 0.000000E+00, 8.416144E-01, 2.798506E+02, 2.731434E+02, 2.726084E+02, 2.731600E+02, 2.731600E+02
2024-01-03 10:00:15,1, 0.000000E+00, 2.723207E+02, 2.728163E+02, 0.000000E+00, 8.494476E-01, 2.798505E+02, 2.731757E+02, 2.726473E+02, 2.731600E+02, 2.731600E+02
2024-01-03 10:15:15,1, 0.000000E+00, 2.723066E+02, 2.728001E+02, 0.000000E+00, 1.019982E+00, 2.798461E+02, 2.731225E+02, 2.725699E+02, 2.731600E+02, 2.731600E+02
2024-01-03 10:30:15,1, 0.000000E+00, 2.722924E+02, 2.727708E+02, 0.000000E+00, 1.015263E+00, 2.798355E+02, 2.730538E+02, 2.724763E+02, 2.731600E+02, 2.731600E+02
2024-01-03 10:45:15,1, 0.000000E+00, 2.722783E+02, 2.727423E+02, 0.000000E+00, 9.284858E-01, 2.798206E+02, 2.729832E+02, 2.723751E+02, 2.731600E+02, 2.731600E+02
2024-01-03 11:00:15,1, 0.000000E+00, 2.722646E+02, 2.727122E+02, 0.000000E+00, 8.964434E-01, 2.798041E+02, 2.729113E+02, 2.722752E+02, 2.731600E+02, 2.731600E+02
2024-01-03 11:15:15,1, 0.000000E+00, 2.722742E+02, 2.727085E+02, 0.000000E+00, 1.051184E+00, 2.797891E+02, 2.729093E+02, 2.722727E+02, 2.731600E+02, 2.731600E+02
2024-01-03 11:30:15,1, 0.000000E+00, 2.722838E+02, 2.727183E+02, 0.000000E+00, 1.191851E+00, 2.797767E+02, 2.729231E+02, 2.722905E+02, 2.731600E+02, 2.731600E+02
2024-01-03 11:45:15,1, 0.000000E+00, 2.722934E+02, 2.727293E+02, 0.000000E+00, 1.272769E+00, 2.797657E+02, 2.729383E+02, 2.723100E+02, 2.731600E+02, 2.731600E+02
2024-01-03 12:00:15,1, 0.000000E+00, 2.723030E+02, 2.727405E+02, 0.000000E+00, 1.316734E+00, 2.797557E+02, 2.729538E+02, 2.723297E+02, 2.731600E+02, 2.731600E+02
2024-01-03 12:15:15,1, 0.000000E+00, 2.723110E+02, 2.727484E+02, 0.000000E+00, 1.299632E+00, 2.797463E+02, 2.729584E+02, 2.723329E+02, 2.731600E+02, 2.731600E+02
2024-01-03 12:30:15,1, 0.000000E+00, 2.723189E+02, 2.727549E+02, 0.000000E+00, 1.275499E+00, 2.797371E+02, 2.729612E+02, 2.723335E+02, 2.731600E+02, 2.731600E+02
2024-01-03 12:45:15,1, 0.000000E+00, 2.723269E+02, 2.727613E+02, 0.000000E+00, 1.257325E+00, 2.797283E+02, 2.729639E+02, 2.723339E+02, 2.731600E+02, 2.731600E+02
2024-01-03 13:00:15,1, 1.969473E+01, 2.723370E+02, 2.727721E+02, 1.888441E+00, 1.269219E+00, 2.797211E+02, 2.730526E+02, 2.724853E+02, 2.731600E+02, 2.731600E+02
2024-01-03 13:15:15,1, 3.401622E+01, 2.724745E+02, 2.729545E+02, 2.374255E+00, 3.870093E+00, 2.797633E+02, 2.734001E+02, 2.729425E+02, 2.731929E+02, 2.731600E+02
2024-01-03 13:30:15,1, 4.777734E+01, 2.726119E+02, 2.731342E+02, 2.592010E+00, 5.581103E+00, 2.798216E+02, 2.736745E+02, 2.732879E+02, 2.733995E+02, 2.733328E+02
2024-01-03 13:45:15,1, 6.091917E+01, 2.727494E+02, 2.733242E+02, 2.727374E+00, 6.642601E+00, 2.798955E+02, 2.739518E+02, 2.736191E+02, 2.736461E+02, 2.736014E+02
2024-01-03 14:00:15,1, 9.404956E+01, 2.728884E+02, 2.735170E+02, 2.859508E+00, 7.258705E+00, 2.799841E+02, 2.743411E+02, 2.741530E+02, 2.739118E+02, 2.738974E+02
2024-01-03 14:15:15,1, 1.090919E+02, 2.731221E+02, 2.738689E+02, 3.053474E+00, 9.673269E+00, 2.801243E+02, 2.748552E+02, 2.747390E+02, 2.743861E+02, 2.744297E+02
2024-01-03 14:30:15,1, 1.231356E+02, 2.733557E+02, 2.741575E+02, 3.168677E+00, 1.044476E+01, 2.802741E+02, 2.752251E+02, 2.751529E+02, 2.747298E+02, 2.747884E+02
2024-01-03 14:45:15,1, 1.361205E+02, 2.735893E+02, 2.744380E+02, 3.279081E+00, 1.121233E+01, 2.804320E+02, 2.755732E+02, 2.755426E+02, 2.750552E+02, 2.751286E+02
2024-01-03 15:00:15,1, 1.729599E+02, 2.738229E+02, 2.747200E+02, 3.393917E+00, 1.198808E+01, 2.805979E+02, 2.760378E+02, 2.761394E+02, 2.753967E+02, 2.754930E+02
2024-01-03 15:15:15,1, 1.854714E+02, 2.740507E+02, 2.750805E+02, 3.602990E+00, 1.286795E+01, 2.808154E+02, 2.765286E+02, 2.766787E+02, 2.758773E+02, 2.760231E+02
2024-01-03 15:30:15,1, 1.965676E+02, 2.742786E+02, 2.753506E+02, 3.713235E+00, 1.353164E+01, 2.810325E+02, 2.768570E+02, 2.770355E+02, 2.761834E+02, 2.763380E+02
2024-01-03 15:45:15,1, 2.062009E+02, 2.745064E+02, 2.756129E+02, 3.818641E+00, 1.432663E+01, 2.812483E+02, 2.771668E+02, 2.773695E+02, 2.764739E+02, 2.766359E+02
2024-01-03 16:00:15,1, 1.375345E+02, 2.747310E+02, 2.758456E+02, 3.885710E+00, 1.508427E+01, 2.814564E+02, 2.770754E+02, 2.770656E+02, 2.766670E+02, 2.768137E+02
2024-01-03 16:15:15,1, 1.417634E+02, 2.747654E+02, 2.756968E+02, 3.655310E+00, 1.398333E+01, 2.815084E+02, 2.768029E+02, 2.767929E+02, 2.763342E+02, 2.764033E+02
2024-01-03 16:30:15,1, 1.449867E+02, 2.747997E+02, 2.757531E+02, 3.693041E+00, 1.457590E+01, 2.815793E+02, 2.769101E+02, 2.769229E+02, 2.764076E+02, 2.764852E+02
2024-01-03 16:45:15,1, 1.471905E+02, 2.748341E+02, 2.758100E+02, 3.727963E+00, 1.492254E+01, 2.816619E+02, 2.770110E+02, 2.770425E+02, 2.764832E+02, 2.765672E+02
2024-01-03 17:00:15,1, 1.510266E+02, 2.748687E+02, 2.758639E+02, 3.760179E+00, 1.519429E+01, 2.817504E+02, 2.771147E+02, 2.771692E+02, 2.765543E+02, 2.766440E+02
2024-01-03 17:15:15,1, 1.511702E+02, 2.749164E+02, 2.759219E+02, 3.784719E+00, 1.497871E+01, 2.818426E+02, 2.771755E+02, 2.772268E+02, 2.766212E+02, 2.767133E+02
2024-01-03 17:30:15,1, 1.502606E+02, 2.749642E+02, 2.759667E+02, 3.793949E+00, 1.503956E+01, 2.819271E+02, 2.772087E+02, 2.772532E+02, 2.766619E+02, 2.767516E+02
2024-01-03 17:45:15,1, 1.483019E+02, 2.750120E+02, 2.760070E+02, 3.798277E+00, 1.510513E+01, 2.820031E+02, 2.772296E+02, 2.772645E+02, 2.766938E+02, 2.767800E+02
2024-01-03 18:00:15,1, 1.491500E+02, 2.750601E+02, 2.760444E+02, 3.800037E+00, 1.510250E+01, 2.820699E+02, 2.772582E+02, 2.772922E+02, 2.767217E+02, 2.768042E+02
2024-01-03 18:15:15,1, 1.450159E+02, 2.751290E+02, 2.761049E+02, 3.815919E+00, 1.442404E+01, 2.821353E+02, 2.772983E+02, 2.773169E+02, 2.767803E+02, 2.768619E+02
2024-01-03 18:30:15,1, 1.398444E+02, 2.751978E+02, 2.761523E+02, 3.813234E+00, 1.428239E+01, 2.821898E+02, 2.773083E+02, 2.773070E+02, 2.768133E+02, 2.768886E+02
2024-01-03 18:45:15,1, 1.336575E+02, 2.752667E+02, 2.761949E+02, 3.804756E+00, 1.415509E+01, 2.822332E+02, 2.773052E+02, 2.772808E+02, 2.768370E+02, 2.769048E+02
2024-01-03 19:00:15,1, 1.070216E+02, 2.753338E+02, 2.762267E+02, 3.766053E+00, 1.393696E+01, 2.822638E+02, 2.771871E+02, 2.770731E+02, 2.768302E+02, 2.768837E+02
2024-01-03 19:15:15,1, 1.001393E+02, 2.753010E+02, 2.761237E+02, 3.659627E+00, 1.202562E+01, 2.822464E+02, 2.770117E+02, 2.768681E+02, 2.766615E+02, 2.766845E+02
2024-01-03 19:30:15,1, 9.247569E+01, 2.752682E+02, 2.760672E+02, 3.616349E+00, 1.156509E+01, 2.822292E+02, 2.769287E+02, 2.767603E+02, 2.765878E+02, 2.766028E+02
2024-01-03 19:45:15,1, 8.406370E+01, 2.752354E+02, 2.760081E+02, 3.564182E+00, 1.108856E+01, 2.822093E+02, 2.768366E+02, 2.766404E+02, 2.765098E+02, 2.765158E+02
2024-01-03 20:00:15,1, 7.395326E+01, 2.752016E+02, 2.759449E+02, 3.493888E+00, 1.055213E+01, 2.821847E+02, 2.767222E+02, 2.764967E+02, 2.764193E+02, 2.764192E+02
2024-01-03 20:15:15,1, 6.428451E+01, 2.751130E+02, 2.758300E+02, 3.385216E+00, 9.573149E+00, 2.821489E+02, 2.765360E+02, 2.762684E+02, 2.762699E+02, 2.762580E+02
2024-01-03 20:30:15,1, 5.399270E+01, 2.750244E+02, 2.757015E+02, 3.243067E+00, 8.664702E+00, 2.821008E+02, 2.763338E+02, 2.760188E+02, 2.760985E+02, 2.760733E+02
2024-01-03 20:45:15,1, 4.312193E+01, 2.749357E+02, 2.755695E+02, 3.037740E+00, 7.694161E+00, 2.820410E+02, 2.761197E+02, 2.757499E+02, 2.759180E+02, 2.758789E+02
2024-01-03 21:00:15,1, 3.247530E+01, 2.748457E+02, 2.754354E+02, 2.711653E+00, 6.629041E+00, 2.819703E+02, 2.759011E+02, 2.754772E+02, 2.757305E+02, 2.756807E+02
2024-01-03 21:15:15,1, 2.030498E+01, 2.746754E+02, 2.752312E+02, 2.120471E+00, 7.566564E+00, 2.818800E+02, 2.755822E+02, 2.750594E+02, 2.754661E+02, 2.753723E+02
2024-01-03 21:30:15,1, 7.691647E+00, 2.745050E+02, 2.749956E+02, 1.005849E+00, 5.876675E+00, 2.817669E+02, 2.752479E+02, 2.746568E+02, 2.751536E+02, 2.750136E+02
2024-01-03 21:45:15,1, 0.000000E+00, 2.743346E+02, 2.747695E+02, 0.000000E+00, 3.471604E+00, 2.816397E+02, 2.749503E+02, 2.743237E+02, 2.748666E+02, 2.746930E+02
2024-01-03 22:00:15,1, 0.000000E+00, 2.741648E+02, 2.745649E+02, 0.000000E+00, 2.960517E+00, 2.815197E+02, 2.747211E+02, 2.740769E+02, 2.746516E+02, 2.744718E+02
2024-01-03 22:15:15,1, 0.000000E+00, 2.740281E+02, 2.744151E+02, 0.000000E+00, 2.311028E+00, 2.814147E+02, 2.746043E+02, 2.739687E+02, 2.744981E+02, 2.743194E+02
2024-01-03 22:30:15,1, 0.000000E+00, 2.738914E+02, 2.743023E+02, 0.000000E+00, 2.377051E+00, 2.813242E+02, 2.745256E+02, 2.739090E+02, 2.743914E+02, 2.742181E+02
2024-01-03 22:45:15,1, 0.000000E+00, 2.737547E+02, 2.741934E+02, 0.000000E+00, 2.418237E+00, 2.812431E+02, 2.744512E+02, 2.738539E+02, 2.742916E+02, 2.741238E+02
2024-01-03 23:00:15,1, 0.000000E+00, 2.736190E+02, 2.740800E+02, 0.000000E+00, 2.421599E+00, 2.811687E+02, 2.743728E+02, 2.737963E+02, 2.741885E+02, 2.740265E+02
2024-01-03 23:15:15,1, 0.000000E+00, 2.735451E+02, 2.739851E+02, 0.000000E+00, 1.688366E+00, 2.810998E+02, 2.742493E+02, 2.736453E+02, 2.740841E+02, 2.739163E+02
2024-01-03 23:30:15,1, 0.000000E+00, 2.734712E+02, 2.738926E+02, 0.000000E+00, 1.426427E+00, 2.810333E+02, 2.741274E+02, 2.734988E+02, 2.739836E+02, 2.738091E+02
2024-01-03 23:45:15,1, 0.000000E+00, 2.733973E+02, 2.737980E+02, 0.000000E+00, 1.240491E+00, 2.809689E+02, 2.740021E+02, 2.733468E+02, 2.738809E+02, 2.736992E+02
2024-01-03 00:00:15,2, 0.000000E+00, 2.728264E+02, 2.716720E+02, 0.000000E+00, 2.382834E+00, 2.811897E+02, 2.714329E+02, 2.703697E+02, 2.731600E+02, 2.731600E+02
2024-01-03 00:15:15,2, 0.000000E+00, 2.727024E+02, 2.716399E+02, 0.000000E+00, 2.260123E+00, 2.810785E+02, 2.714010E+02, 2.703450E+02, 2.731600E+02, 2.731600E+02
2024-01-03 00:30:15,2, 0.000000E+00, 2.725785E+02, 2.716151E+02, 0.000000E+00, 2.154718E+00, 2.809751E+02, 2.713765E+02, 2.703269E+02, 2.731600E+02, 2.731600E+02
2024-01-03 00:45:15,2, 0.000000E+00, 2.724545E+02, 2.715945E+02, 0.000000E+00, 2.063888E+00, 2.808785E+02, 2.713562E+02, 2.703125E+02, 2.731600E+02, 2.731600E+02
2024-01-03 01:00:15,2, 0.000000E+00, 2.723305E+02, 2.715763E+02, 0.000000E+00, 1.987137E+00, 2.807881E+02, 2.713384E+02, 2.702998E+02, 2.731600E+02, 2.731600E+02
2024-01-03 01:15:15,2, 0.000000E+00, 2.722046E+02, 2.715457E+02, 0.000000E+00, 1.987657E+00, 2.807012E+02, 2.712898E+02, 2.702447E+02, 2.731600E+02, 2.731600E+02
2024-01-03 01:30:15,2, 0.000000E+00, 2.720786E+02, 2.714984E+02, 0.000000E+00, 1.981141E+00, 2.806160E+02, 2.712266E+02, 2.701753E+02, 2.731600E+02, 2.731600E+02
2024-01-03 01:45:15,2, 0.000000E+00, 2.719527E+02, 2.714423E+02, 0.000000E+00, 1.971388E+00, 2.805322E+02, 2.711559E+02, 2.700983E+02, 2.731600E+02, 2.731600E+02
2024-01-03 02:00:15,2, 0.000000E+00, 2.718280E+02, 2.713816E+02, 0.000000E+00, 1.960043E+00, 2.804499E+02, 2.710813E+02, 2.700177E+02, 2.731600E+02, 2.731600E+02
2024-01-03 02:15:15,2, 0.000000E+00, 2.717768E+02, 2.713544E+02, 0.000000E+00, 1.936141E+00, 2.803734E+02, 2.710868E+02, 2.700460E+02, 2.731600E+02, 2.731600E+02
2024-01-03 02:30:15,2, 0.000000E+00, 2.717257E+02, 2.713724E+02, 0.000000E+00, 1.950620E+00, 2.803063E+02, 2.711331E+02, 2.701126E+02, 2.731600E+02, 2.731600E+02
2024-01-03 02:45:15,2, 0.000000E+00, 2.716745E+02, 2.714141E+02, 0.000000E+00, 1.991119E+00, 2.802474E+02, 2.712009E+02, 2.701992E+02, 2.731600E+02, 2.731600E+02
2024-01-03 03:00:15,2, 0.000000E+00, 2.716236E+02, 2.714679E+02, 0.000000E+00, 2.053967E+00, 2.801960E+02, 2.712797E+02, 2.702959E+02, 2.731600E+02, 2.731600E+02
2024-01-03 03:15:15,2, 0.000000E+00, 2.715841E+02, 2.715121E+02, 0.000000E+00, 2.095132E+00, 2.801489E+02, 2.713259E+02, 2.703467E+02, 2.731600E+02, 2.731600E+02
2024-01-03 03:30:15,2, 0.000000E+00, 2.715446E+02, 2.715396E+02, 0.000000E+00, 2.125933E+00, 2.801038E+02, 2.713574E+02, 2.703835E+02, 2.731600E+02, 2.731600E+02
2024-01-03 03:45:15,2, 0.000000E+00, 2.715051E+02, 2.715580E+02, 0.000000E+00, 2.153944E+00, 2.800606E+02, 2.713812E+02, 2.704131E+02, 2.731600E+02, 2.731600E+02
2024-01-03 04:00:15,2, 0.000000E+00, 2.714659E+02, 2.715714E+02, 0.000000E+00, 2.180110E+00, 2.800192E+02, 2.714010E+02, 2.704387E+02, 2.731600E+02, 2.731600E+02
2024-01-03 04:15:15,2, 0.000000E+00, 2.714392E+02, 2.715799E+02, 0.000000E+00, 2.075063E+00, 2.799792E+02, 2.714117E+02, 2.704535E+02, 2.731600E+02, 2.731600E+02
2024-01-03 04:30:15,2, 0.000000E+00, 2.714125E+02, 2.715842E+02, 0.000000E+00, 1.983554E+00, 2.799402E+02, 2.714188E+02, 2.704650E+02, 2.731600E+02, 2.731600E+02
2024-01-03 04:45:15,2, 0.000000E+00, 2.713858E+02, 2.715862E+02, 0.000000E+00, 1.908139E+00, 2.799022E+02, 2.714241E+02, 2.704745E+02, 2.731600E+02, 2.731600E+02
2024-01-03 05:00:15,2, 0.000000E+00, 2.713610E+02, 2.715869E+02, 0.000000E+00, 1.841062E+00, 2.798654E+02, 2.714293E+02, 2.704847E+02, 2.731600E+02, 2.731600E+02
2024-01-03 05:15:15,2, 0.000000E+00, 2.714538E+02, 2.716532E+02, 0.000000E+00, 1.585894E+00, 2.798376E+02, 2.715811E+02, 2.706976E+02, 2.731600E+02, 2.731600E+02
2024-01-03 05:30:15,2, 0.000000E+00, 2.715467E+02, 2.717961E+02, 0.000000E+00, 1.543303E+00, 2.798246E+02, 2.718031E+02, 2.709751E+02, 2.731600E+02, 2.731600E+02
2024-01-03 05:45:15,2, 0.000000E+00, 2.716395E+02, 2.719703E+02, 0.000000E+00, 1.901374E+00, 2.798244E+02, 2.720586E+02, 2.712951E+02, 2.731600E+02, 2.731600E+02
2024-01-03 06:00:15,2, 0.000000E+00, 2.717319E+02, 2.721428E+02, 0.000000E+00, 2.720160E+00, 2.798276E+02, 2.723221E+02, 2.716433E+02, 2.731600E+02, 2.731600E+02
2024-01-03 06:15:15,2, 0.000000E+00, 2.718028E+02, 2.722559E+02, 0.000000E+00, 1.551615E+00, 2.798297E+02, 2.724670E+02, 2.718202E+02, 2.731600E+02, 2.731600E+02
2024-01-03 06:30:15,2, 0.000000E+00, 2.718737E+02, 2.723397E+02, 0.000000E+00, 6.481388E-01, 2.798326E+02, 2.725815E+02, 2.719578E+02, 2.731600E+02, 2.731600E+02
2024-01-03 06:45:15,2, 0.000000E+00, 2.719446E+02, 2.724180E+02, 0.000000E+00, 2.310394E-01, 2.798365E+02, 2.726916E+02, 2.720944E+02, 2.731600E+02, 2.731600E+02
2024-01-03 07:00:15,2, 0.000000E+00, 2.720149E+02, 2.724958E+02, 0.000000E+00, 5.536339E-02, 2.798427E+02, 2.728002E+02, 2.722246E+02, 2.731600E+02, 2.731600E+02
2024-01-03 07:15:15,2, 0.000000E+00, 2.720504E+02, 2.725422E+02, 0.000000E+00, 5.917075E-01, 2.798485E+02, 2.728579E+02, 2.722916E+02, 2.731600E+02, 2.731600E+02
2024-01-03 07:30:15,2, 0.000000E+00, 2.720859E+02, 2.725787E+02, 0.000000E+00, 7.848416E-01, 2.798527E+02, 2.729050E+02, 2.723471E+02, 2.731600E+02, 2.731600E+02
2024-01-03 07:45:15,2, 0.000000E+00, 2.721214E+02, 2.726150E+02, 0.000000E+00, 8.537902E-01, 2.798563E+02, 2.729518E+02, 2.724024E+02, 2.731600E+02, 2.731600E+02
2024-01-03 08:00:15,2, 0.000000E+00, 2.721566E+02, 2.726513E+02, 0.000000E+00, 8.774542E-01, 2.798595E+02, 2.729985E+02, 2.724574E+02, 2.731600E+02, 2.731600E+02
2024-01-03 08:15:15,2, 0.000000E+00, 2.721758E+02, 2.726732E+02, 0.000000E+00, 8.081064E-01, 2.798612E+02, 2.730197E+02, 2.724794E+02, 2.731600E+02, 2.731600E+02
2024-01-03 08:30:15,2, 0.000000E+00, 2.721950E+02, 2.726902E+02, 0.000000E+00, 7.670136E-01, 2.798612E+02, 2.730362E+02, 2.724960E+02, 2.731600E+02, 2.731600E+02
2024-01-03 08:45:15,2, 0.000000E+00, 2.722142E+02, 2.727070E+02, 0.000000E+00, 7.441501E-01, 2.798599E+02, 2.730523E+02, 2.725124E+02, 2.731600E+02, 2.731600E+02
2024-01-03 09:00:15,2, 0.000000E+00, 2.722335E+02, 2.727238E+02, 0.000000E+00, 7.297047E-01, 2.798577E+02, 2.730682E+02, 2.725288E+02, 2.731600E+02, 2.731600E+02
2024-01-03 09:15:15,2, 0.000000E+00, 2.722554E+02, 2.727455E+02, 0.000000E+00, 8.059025E-01, 2.798557E+02, 2.730987E+02, 2.725660E+02, 2.731600E+02, 2.731600E+02
2024-01-03 09:30:15,2, 0.000000E+00, 2.722774E+02, 2.727691E+02, 0.000000E+00, 8.342802E-01, 2.798545E+02, 2.731312E+02, 2.726053E+02, 2.731600E+02, 2.731600E+02
2024-01-03 09:45:15,2, 0.000000E+00, 2.722993E+02, 2.727928E+02, 0.000000E+00, 8.420516E-01, 2.798538E+02, 2.731638E+02, 2.726447E+02, 2.731600E+02, 2.731600E+02
2024-01-03 10:00:15,2, 0.000000E+00, 2.723207E+02, 2.728164E+02, 0.000000E+00, 8.498621E-01, 2.798536E+02, 2.731958E+02, 2.726832E+02, 2.731600E+02, 2.731600E+02
2024-01-03 10:15:15,2, 0.000000E+00, 2.723066E+02, 2.728003E+02, 0.000000E+00, 1.020652E+00, 2.798492E+02, 2.731436E+02, 2.726075E+02, 2.731600E+02, 2.731600E+02
2024-01-03 10:30:15,2, 0.000000E+00, 2.722924E+02, 2.727711E+02, 0.000000E+00, 1.016227E+00, 2.798385E+02, 2.730761E+02, 2.725159E+02, 2.731600E+02, 2.731600E+02
2024-01-03 10:45:15,2, 0.000000E+00, 2.722783E+02, 2.727424E+02, 0.000000E+00, 9.272932E-01, 2.798235E+02, 2.730070E+02, 2.724177E+02, 2.731600E+02, 2.731600E+02
2024-01-03 11:00:15,2, 0.000000E+00, 2.722646E+02, 2.727127E+02, 0.000000E+00, 8.981498E-01, 2.798070E+02, 2.729370E+02, 2.723205E+02, 2.731600E+02, 2.731600E+02
2024-01-03 11:15:15,2, 0.000000E+00, 2.722742E+02, 2.727093E+02, 0.000000E+00, 1.054980E+00, 2.797919E+02, 2.729350E+02, 2.723187E+02, 2.731600E+02, 2.731600E+02
2024-01-03 11:30:15,2, 0.000000E+00, 2.722838E+02, 2.727191E+02, 0.000000E+00, 1.194926E+00, 2.797794E+02, 2.729486E+02, 2.723363E+02, 2.731600E+02, 2.731600E+02
2024-01-03 11:45:15,2, 0.000000E+00, 2.722934E+02, 2.727300E+02, 0.000000E+00, 1.274918E+00, 2.797683E+02, 2.729636E+02, 2.723554E+02, 2.731600E+02, 2.731600E+02
2024-01-03 12:00:15,2, 0.000000E+00, 2.723030E+02, 2.727412E+02, 0.000000E+00, 1.318192E+00, 2.797583E+02, 2.729787E+02, 2.723747E+02, 2.731600E+02, 2.731600E+02
2024-01-03 12:15:15,2, 0.000000E+00, 2.723110E+02, 2.727491E+02, 0.000000E+00, 1.300793E+00, 2.797488E+02, 2.729834E+02, 2.723780E+02, 2.731600E+02, 2.731600E+02
2024-01-03 12:30:15,2, 0.000000E+00, 2.723189E+02, 2.727555E+02, 0.000000E+00, 1.276630E+00, 2.797396E+02, 2.729863E+02, 2.723790E+02, 2.731600E+02, 2.731600E+02
2024-01-03 12:45:15,2, 0.000000E+00, 2.723269E+02, 2.727619E+02, 0.000000E+00, 1.258469E+00, 2.797307E+02, 2.729890E+02, 2.723796E+02, 2.731600E+02, 2.731600E+02
2024-01-03 13:00:15,2, 1.969473E+01, 2.723370E+02, 2.727727E+02, 1.894199E+00, 1.270897E+00, 2.797235E+02, 2.730745E+02, 2.725236E+02, 2.731600E+02, 2.731600E+02
2024-01-03 13:15:15,2, 3.401622E+01, 2.724745E+02, 2.729544E+02, 2.375803E+00, 3.857708E+00, 2.797656E+02, 2.734175E+02, 2.729729E+02, 2.731938E+02, 2.731600E+02
2024-01-03 13:30:15,2, 4.777734E+01, 2.726119E+02, 2.731343E+02, 2.592830E+00, 5.580591E+00, 2.798240E+02, 2.736884E+02, 2.733099E+02, 2.734017E+02, 2.733350E+02
2024-01-03 13:45:15,2, 6.091917E+01, 2.727494E+02, 2.733243E+02, 2.728591E+00, 6.644333E+00, 2.798980E+02, 2.739633E+02, 2.736365E+02, 2.736476E+02, 2.736020E+02
2024-01-03 14:00:15,2, 9.404956E+01, 2.728884E+02, 2.735172E+02, 2.861222E+00, 7.261739E+00, 2.799865E+02, 2.743465E+02, 2.741556E+02, 2.739119E+02, 2.738949E+02
2024-01-03 14:15:15,2, 1.090919E+02, 2.731221E+02, 2.738689E+02, 3.055288E+00, 9.676783E+00, 2.801267E+02, 2.748568E+02, 2.747339E+02, 2.743834E+02, 2.744206E+02
2024-01-03 14:30:15,2, 1.231356E+02, 2.733557E+02, 2.741576E+02, 3.170616E+00, 1.044960E+01, 2.802766E+02, 2.752248E+02, 2.751440E+02, 2.747264E+02, 2.747780E+02
2024-01-03 14:45:15,2, 1.361205E+02, 2.735893E+02, 2.744381E+02, 3.281122E+00, 1.121787E+01, 2.804344E+02, 2.755711E+02, 2.755303E+02, 2.750513E+02, 2.751171E+02
2024-01-03 15:00:15,2, 1.729599E+02, 2.738229E+02, 2.747201E+02, 3.396077E+00, 1.199416E+01, 2.806003E+02, 2.760302E+02, 2.761132E+02, 2.753916E+02, 2.754786E+02
2024-01-03 15:15:15,2, 1.854714E+02, 2.740507E+02, 2.750804E+02, 3.605075E+00, 1.287349E+01, 2.808179E+02, 2.765185E+02, 2.766473E+02, 2.758700E+02, 2.760030E+02
2024-01-03 15:30:15,2, 1.965676E+02, 2.742786E+02, 2.753505E+02, 3.715402E+00, 1.353778E+01, 2.810350E+02, 2.768457E+02, 2.770020E+02, 2.761757E+02, 2.763173E+02
2024-01-03 15:45:15,2, 2.062009E+02, 2.745064E+02, 2.756129E+02, 3.820885E+00, 1.433325E+01, 2.812507E+02, 2.771545E+02, 2.773339E+02, 2.764660E+02, 2.766148E+02
2024-01-03 16:00:15,2, 1.375345E+02, 2.747310E+02, 2.758457E+02, 3.887921E+00, 1.509146E+01, 2.814588E+02, 2.770714E+02, 2.770518E+02, 2.766605E+02, 2.767963E+02
2024-01-03 16:15:15,2, 1.417634E+02, 2.747654E+02, 2.756972E+02, 3.657776E+00, 1.399244E+01, 2.815106E+02, 2.768001E+02, 2.767814E+02, 2.763311E+02, 2.763948E+02
2024-01-03 16:30:15,2, 1.449867E+02, 2.747997E+02, 2.757535E+02, 3.695546E+00, 1.458501E+01, 2.815815E+02, 2.769063E+02, 2.769092E+02, 2.764041E+02, 2.764759E+02
2024-01-03 16:45:15,2, 1.471905E+02, 2.748341E+02, 2.758104E+02, 3.730502E+00, 1.493190E+01, 2.816640E+02, 2.770063E+02, 2.770270E+02, 2.764794E+02, 2.765573E+02
2024-01-03 17:00:15,2, 1.510266E+02, 2.748687E+02, 2.758643E+02, 3.762752E+00, 1.520389E+01, 2.817524E+02, 2.771090E+02, 2.771515E+02, 2.765503E+02, 2.766335E+02
2024-01-03 17:15:15,2, 1.511702E+02, 2.749164E+02, 2.759224E+02, 3.787304E+00, 1.498848E+01, 2.818445E+02, 2.771698E+02, 2.772091E+02, 2.766171E+02, 2.767027E+02
2024-01-03 17:30:15,2, 1.502606E+02, 2.749642E+02, 2.759671E+02, 3.796534E+00, 1.504935E+01, 2.819290E+02, 2.772033E+02, 2.772361E+02, 2.766579E+02, 2.767412E+02
2024-01-03 17:45:15,2, 1.483019E+02, 2.750120E+02, 2.760074E+02, 3.800855E+00, 1.511489E+01, 2.820049E+02, 2.772246E+02, 2.772481E+02, 2.766899E+02, 2.767699E+02
2024-01-03 18:00:15,2, 1.491500E+02, 2.750601E+02, 2.760448E+02, 3.802610E+00, 1.511222E+01, 2.820717E+02, 2.772533E+02, 2.772759E+02, 2.767180E+02, 2.767944E+02
2024-01-03 18:15:15,2, 1.450159E+02, 2.751290E+02, 2.761053E+02, 3.818480E+00, 1.443373E+01, 2.821370E+02, 2.772939E+02, 2.773017E+02, 2.767766E+02, 2.768521E+02
2024-01-03 18:30:15,2, 1.398444E+02, 2.751978E+02, 2.761526E+02, 3.815769E+00, 1.429187E+01, 2.821915E+02, 2.773046E+02, 2.772934E+02, 2.768098E+02, 2.768793E+02
2024-01-03 18:45:15,2, 1.336575E+02, 2.752667E+02, 2.761952E+02, 3.807254E+00, 1.416436E+01, 2.822349E+02, 2.773024E+02, 2.772691E+02, 2.768339E+02, 2.768962E+02
2024-01-03 19:00:15,2, 1.070216E+02, 2.753338E+02, 2.762271E+02, 3.768372E+00, 1.394592E+01, 2.822654E+02, 2.771879E+02, 2.770692E+02, 2.768278E+02, 2.768768E+02
2024-01-03 19:15:15,2, 1.001393E+02, 2.753010E+02, 2.761240E+02, 3.661820E+00, 1.203371E+01, 2.822480E+02, 2.770139E+02, 2.768668E+02, 2.766604E+02, 2.766802E+02
2024-01-03 19:30:15,2, 9.247569E+01, 2.752682E+02, 2.760675E+02, 3.618416E+00, 1.157259E+01, 2.822308E+02, 2.769318E+02, 2.767609E+02, 2.765870E+02, 2.765992E+02
2024-01-03 19:45:15,2, 8.406370E+01, 2.752354E+02, 2.760084E+02, 3.566073E+00, 1.109544E+01, 2.822109E+02, 2.768409E+02, 2.766432E+02, 2.765093E+02, 2.765130E+02
2024-01-03 20:00:15,2, 7.395326E+01, 2.752016E+02, 2.759451E+02, 3.495492E+00, 1.055824E+01, 2.821862E+02, 2.767279E+02, 2.765024E+02, 2.764193E+02, 2.764174E+02
2024-01-03 20:15:15,2, 6.428451E+01, 2.751130E+02, 2.758302E+02, 3.386485E+00, 9.578240E+00, 2.821505E+02, 2.765438E+02, 2.762781E+02, 2.762706E+02, 2.762576E+02
2024-01-03 20:30:15,2, 5.399270E+01, 2.750244E+02, 2.757017E+02, 3.244061E+00, 8.668671E+00, 2.821024E+02, 2.763439E+02, 2.760331E+02, 2.761000E+02, 2.760744E+02
2024-01-03 20:45:15,2, 4.312193E+01, 2.749357E+02, 2.755697E+02, 3.039113E+00, 7.698611E+00, 2.820426E+02, 2.761316E+02, 2.757696E+02, 2.759194E+02, 2.758815E+02
2024-01-03 21:00:15,2, 3.247530E+01, 2.748457E+02, 2.754355E+02, 2.717461E+00, 6.634390E+00, 2.819719E+02, 2.759157E+02, 2.755011E+02, 2.757323E+02, 2.756830E+02
2024-01-03 21:15:15,2, 2.030498E+01, 2.746754E+02, 2.752313E+02, 2.130031E+00, 7.575312E+00, 2.818817E+02, 2.756011E+02, 2.750899E+02, 2.754704E+02, 2.753803E+02
2024-01-03 21:30:15,2, 7.691647E+00, 2.745050E+02, 2.749957E+02, 1.007688E+00, 5.887182E+00, 2.817686E+02, 2.752703E+02, 2.746961E+02, 2.751593E+02, 2.750237E+02
2024-01-03 21:45:15,2, 0.000000E+00, 2.743346E+02, 2.747694E+02, 0.000000E+00, 3.469723E+00, 2.816414E+02, 2.749749E+02, 2.743673E+02, 2.748734E+02, 2.747057E+02
2024-01-03 22:00:15,2, 0.000000E+00, 2.741648E+02, 2.745649E+02, 0.000000E+00, 2.961427E+00, 2.815214E+02, 2.747467E+02, 2.741219E+02, 2.746586E+02, 2.744849E+02
2024-01-03 22:15:15,2, 0.000000E+00, 2.740281E+02, 2.744152E+02, 0.000000E+00, 2.312278E+00, 2.814164E+02, 2.746295E+02, 2.740133E+02, 2.745052E+02, 2.743324E+02
2024-01-03 22:30:15,2, 0.000000E+00, 2.738914E+02, 2.743024E+02, 0.000000E+00, 2.378803E+00, 2.813259E+02, 2.745497E+02, 2.739520E+02, 2.743983E+02, 2.742306E+02
2024-01-03 22:45:15,2, 0.000000E+00, 2.737547E+02, 2.741936E+02, 0.000000E+00, 2.419654E+00, 2.812448E+02, 2.744742E+02, 2.738951E+02, 2.742982E+02, 2.741358E+02
2024-01-03 23:00:15,2, 0.000000E+00, 2.736190E+02, 2.740800E+02, 0.000000E+00, 2.417992E+00, 2.811703E+02, 2.743945E+02, 2.738353E+02, 2.741947E+02, 2.740378E+02
2024-01-03 23:15:15,2, 0.000000E+00, 2.735451E+02, 2.739852E+02, 0.000000E+00, 1.688383E+00, 2.811015E+02, 2.742727E+02, 2.736872E+02, 2.740908E+02, 2.739284E+02
2024-01-03 23:30:15,2, 0.000000E+00, 2.734712E+02, 2.738928E+02, 0.000000E+00, 1.426884E+00, 2.810349E+02, 2.741520E+02, 2.735430E+02, 2.739907E+02, 2.738219E+02
2024-01-03 23:45:15,2, 0.000000E+00, 2.733973E+02, 2.737982E+02, 0.000000E+00, 1.241358E+00, 2.809705E+02, 2.740278E+02, 2.733936E+02, 2.738881E+02, 2.737128E+02
2024-01-04 00:00:15,1, 0.000000E+00, 2.733250E+02, 2.737000E+02, 0.000000E+00, 1.032657E+00, 2.809066E+02, 2.738728E+02, 2.731867E+02, 2.737745E+02, 2.735849E+02
2024-01-04 00:15:15,1, 0.000000E+00, 2.733490E+02, 2.736521E+02, 0.000000E+00, 6.535495E-01, 2.808529E+02, 2.738445E+02, 2.731666E+02, 2.737190E+02, 2.735284E+02
2024-01-04 00:30:15,1, 0.000000E+00, 2.733731E+02, 2.736530E+02, 0.000000E+00, 5.976271E-01, 2.808061E+02, 2.738629E+02, 2.732024E+02, 2.737184E+02, 2.735320E+02
2024-01-04 00:45:15,1, 0.000000E+00, 2.733971E+02, 2.736804E+02, 0.000000E+00, 5.774373E-01, 2.807654E+02, 2.739038E+02, 2.732592E+02, 2.737459E+02, 2.735636E+02
2024-01-04 01:00:15,1, 0.000000E+00, 2.734200E+02, 2.737235E+02, 0.000000E+00, 5.805651E-01, 2.807303E+02, 2.739579E+02, 2.733279E+02, 2.737901E+02, 2.736117E+02
2024-01-04 01:15:15,1, 0.000000E+00, 2.733725E+02, 2.737311E+02, 0.000000E+00, 9.658154E-01, 2.806959E+02, 2.739340E+02, 2.732862E+02, 2.737999E+02, 2.736191E+02
2024-01-04 01:30:15,1, 0.000000E+00, 2.733250E+02, 2.736824E+02, 0.000000E+00, 1.182217E+00, 2.806563E+02, 2.738621E+02, 2.732012E+02, 2.737516E+02, 2.735681E+02
2024-01-04 01:45:15,1, 0.000000E+00, 2.732775E+02, 2.736114E+02, 0.000000E+00, 1.116582E+00, 2.806146E+02, 2.737677E+02, 2.730858E+02, 2.736763E+02, 2.734873E+02
2024-01-04 02:00:15,1, 0.000000E+00, 2.732305E+02, 2.735265E+02, 0.000000E+00, 1.130589E+00, 2.805710E+02, 2.736648E+02, 2.729695E+02, 2.735881E+02, 2.733949E+02
2024-01-04 02:15:15,1, 0.000000E+00, 2.732116E+02, 2.734673E+02, 0.000000E+00, 1.071812E+00, 2.805292E+02, 2.736362E+02, 2.729598E+02, 2.735285E+02, 2.733385E+02
2024-01-04 02:30:15,1, 0.000000E+00, 2.731927E+02, 2.734517E+02, 0.000000E+00, 1.091824E+00, 2.804932E+02, 2.736443E+02, 2.729847E+02, 2.735135E+02, 2.733278E+02
2024-01-04 02:45:15,1, 0.000000E+00, 2.731738E+02, 2.734621E+02, 0.000000E+00, 1.149157E+00, 2.804625E+02, 2.736744E+02, 2.730305E+02, 2.735260E+02, 2.733443E+02
2024-01-04 03:00:15,1, 0.000000E+00, 2.731548E+02, 2.734870E+02, 0.000000E+00, 1.237879E+00, 2.804366E+02, 2.737167E+02, 2.730876E+02, 2.735539E+02, 2.733762E+02
2024-01-04 03:15:15,1, 0.000000E+00, 2.731335E+02, 2.734981E+02, 0.000000E+00, 1.550584E+00, 2.804114E+02, 2.737257E+02, 2.731031E+02, 2.735694E+02, 2.733945E+02
2024-01-04 03:30:15,1, 0.000000E+00, 2.731122E+02, 2.734866E+02, 0.000000E+00, 1.574341E+00, 2.803840E+02, 2.737134E+02, 2.730937E+02, 2.735605E+02, 2.733870E+02
2024-01-04 03:45:15,1, 0.000000E+00, 2.730909E+02, 2.734677E+02, 0.000000E+00, 1.494229E+00, 2.803565E+02, 2.736936E+02, 2.730745E+02, 2.735422E+02, 2.733690E+02
2024-01-04 04:00:15,1, 0.000000E+00, 2.730694E+02, 2.734468E+02, 0.000000E+00, 1.421549E+00, 2.803294E+02, 2.736717E+02, 2.730526E+02, 2.735213E+02, 2.733481E+02
2024-01-04 04:15:15,1, 0.000000E+00, 2.730375E+02, 2.734113E+02, 0.000000E+00, 1.393673E+00, 2.803008E+02, 2.736202E+02, 2.729912E+02, 2.734848E+02, 2.733097E+02
2024-01-04 04:30:15,1, 0.000000E+00, 2.730056E+02, 2.733636E+02, 0.000000E+00, 1.246334E+00, 2.802706E+02, 2.735562E+02, 2.729133E+02, 2.734337E+02, 2.732550E+02
2024-01-04 04:45:15,1, 0.000000E+00, 2.729737E+02, 2.733107E+02, 0.000000E+00, 1.096917E+00, 2.802401E+02, 2.734871E+02, 2.728281E+02, 2.733769E+02, 2.731939E+02
2024-01-04 05:00:15,1, 0.000000E+00, 2.729425E+02, 2.732538E+02, 0.000000E+00, 1.018486E+00, 2.802093E+02, 2.734156E+02, 2.727423E+02, 2.733239E+02, 2.731600E+02
2024-01-04 05:15:15,1, 0.000000E+00, 2.729541E+02, 2.732324E+02, 0.000000E+00, 9.320297E-01, 2.801811E+02, 2.734271E+02, 2.727770E+02, 2.733059E+02, 2.731600E+02
2024-01-04 05:30:15,1, 0.000000E+00, 2.729657E+02, 2.732563E+02, 0.000000E+00, 9.356107E-01, 2.801597E+02, 2.734782E+02, 2.728506E+02, 2.733237E+02, 2.731600E+02
2024-01-04 05:45:15,1, 0.000000E+00, 2.729774E+02, 2.733041E+02, 0.000000E+00, 1.024530E+00, 2.801442E+02, 2.735502E+02, 2.729454E+02, 2.733704E+02, 2.731986E+02
2024-01-04 06:00:15,1, 0.000000E+00, 2.729907E+02, 2.733585E+02, 0.000000E+00, 1.367354E+00, 2.801304E+02, 2.736320E+02, 2.730593E+02, 2.734327E+02, 2.732700E+02
2024-01-04 06:15:15,1, 0.000000E+00, 2.731057E+02, 2.734425E+02, 0.000000E+00, 8.272340E-01, 2.801222E+02, 2.737219E+02, 2.731575E+02, 2.735128E+02, 2.733519E+02
2024-01-04 06:30:15,1, 0.000000E+00, 2.732206E+02, 2.735532E+02, 0.000000E+00, 7.066645E-01, 2.801209E+02, 2.738375E+02, 2.732876E+02, 2.736220E+02, 2.734643E+02
2024-01-04 06:45:15,1, 0.000000E+00, 2.733356E+02, 2.736741E+02, 0.000000E+00, 6.929866E-01, 2.801237E+02, 2.739632E+02, 2.734299E+02, 2.737433E+02, 2.735899E+02
2024-01-04 07:00:15,1, 0.000000E+00, 2.734487E+02, 2.737990E+02, 0.000000E+00, 7.341506E-01, 2.801295E+02, 2.740928E+02, 2.735767E+02, 2.738697E+02, 2.737212E+02
2024-01-04 07:15:15,1, 0.000000E+00, 2.734503E+02, 2.738524E+02, 0.000000E+00, 1.254432E+00, 2.801285E+02, 2.741250E+02, 2.736097E+02, 2.739339E+02, 2.737894E+02
2024-01-04 07:30:15,1, 0.000000E+00, 2.734519E+02, 2.738462E+02, 0.000000E+00, 1.162655E+00, 2.801221E+02, 2.741008E+02, 2.735770E+02, 2.739281E+02, 2.737818E+02
2024-01-04 07:45:15,1, 0.000000E+00, 2.734535E+02, 2.738287E+02, 0.000000E+00, 1.048476E+00, 2.801138E+02, 2.740662E+02, 2.735320E+02, 2.739067E+02, 2.737576E+02
2024-01-04 08:00:15,1, 0.000000E+00, 2.734528E+02, 2.738074E+02, 0.000000E+00, 9.915297E-01, 2.801040E+02, 2.740270E+02, 2.734815E+02, 2.738811E+02, 2.737290E+02
2024-01-04 08:15:15,1, 0.000000E+00, 2.733222E+02, 2.736675E+02, 0.000000E+00, 1.467147E+00, 2.800794E+02, 2.737691E+02, 2.731504E+02, 2.737357E+02, 2.735663E+02
2024-01-04 08:30:15,1, 0.000000E+00, 2.731916E+02, 2.734215E+02, 0.000000E+00, 9.777173E-01, 2.800368E+02, 2.734024E+02, 2.726751E+02, 2.734681E+02, 2.732720E+02
2024-01-04 08:45:15,1, 0.000000E+00, 2.730610E+02, 2.730914E+02, 0.000000E+00, 8.269573E-01, 2.799802E+02, 2.729732E+02, 2.721529E+02, 2.732025E+02, 2.731600E+02
2024-01-04 09:00:15,1, 0.000000E+00, 2.729324E+02, 2.727392E+02, 0.000000E+00, 8.586154E-01, 2.799045E+02, 2.725249E+02, 2.716379E+02, 2.731600E+02, 2.731600E+02
2024-01-04 09:15:15,1, 0.000000E+00, 2.729203E+02, 2.725192E+02, 0.000000E+00, 8.464943E-01, 2.798302E+02, 2.723917E+02, 2.715547E+02, 2.731600E+02, 2.731600E+02
2024-01-04 09:30:15,1, 0.000000E+00, 2.729083E+02, 2.724680E+02, 0.000000E+00, 8.897225E-01, 2.797724E+02, 2.724081E+02, 2.716120E+02, 2.731600E+02, 2.731600E+02
2024-01-04 09:45:15,1, 0.000000E+00, 2.728963E+02, 2.725067E+02, 0.000000E+00, 9.558860E-01, 2.797295E+02, 2.725037E+02, 2.717453E+02, 2.731600E+02, 2.731600E+02
2024-01-04 10:00:15,1, 0.000000E+00, 2.728840E+02, 2.725931E+02, 0.000000E+00, 1.037484E+00, 2.796998E+02, 2.726421E+02, 2.719197E+02, 2.731600E+02, 2.731600E+02
2024-01-04 10:15:15,1, 0.000000E+00, 2.728536E+02, 2.726820E+02, 0.000000E+00, 1.082507E+00, 2.796782E+02, 2.727475E+02, 2.720396E+02, 2.731600E+02, 2.731600E+02
2024-01-04 10:30:15,1, 0.000000E+00, 2.728233E+02, 2.727549E+02, 0.000000E+00, 1.133890E+00, 2.796622E+02, 2.728388E+02, 2.721450E+02, 2.731600E+02, 2.731600E+02
2024-01-04 10:45:15,1, 0.000000E+00, 2.727930E+02, 2.728293E+02, 0.000000E+00, 1.843369E+00, 2.796476E+02, 2.729400E+02, 2.722852E+02, 2.731600E+02, 2.731600E+02
2024-01-04 11:00:15,1, 0.000000E+00, 2.727627E+02, 2.729098E+02, 0.000000E+00, 2.601642E+00, 2.796279E+02, 2.730463E+02, 2.724362E+02, 2.731600E+02, 2.731600E+02
2024-01-04 11:15:15,1, 0.000000E+00, 2.727333E+02, 2.729656E+02, 0.000000E+00, 3.104345E+00, 2.796048E+02, 2.731258E+02, 2.725651E+02, 2.731600E+02, 2.731600E+02
2024-01-04 11:30:15,1, 0.000000E+00, 2.727039E+02, 2.729914E+02, 0.000000E+00, 2.935489E+00, 2.795823E+02, 2.731779E+02, 2.726548E+02, 2.731600E+02, 2.731600E+02
2024-01-04 11:45:15,1, 0.000000E+00, 2.726744E+02, 2.730004E+02, 0.000000E+00, 2.675371E+00, 2.795617E+02, 2.732146E+02, 2.727229E+02, 2.731618E+02, 2.731600E+02
2024-01-04 12:00:15,1, 0.000000E+00, 2.726442E+02, 2.730021E+02, 0.000000E+00, 2.541136E+00, 2.795430E+02, 2.732437E+02, 2.727799E+02, 2.731631E+02, 2.731600E+02
2024-01-04 12:15:15,1, 0.000000E+00, 2.725649E+02, 2.729422E+02, 0.000000E+00, 3.075174E+00, 2.795181E+02, 2.731505E+02, 2.726790E+02, 2.731600E+02, 2.731600E+02
2024-01-04 12:30:15,1, 0.000000E+00, 2.724855E+02, 2.728540E+02, 0.000000E+00, 3.134370E+00, 2.794846E+02, 2.730310E+02, 2.725491E+02, 2.731600E+02, 2.731600E+02
2024-01-04 12:45:15,1, 0.000000E+00, 2.724062E+02, 2.727641E+02, 0.000000E+00, 3.133516E+00, 2.794438E+02, 2.729103E+02, 2.724184E+02, 2.731600E+02, 2.731600E+02
2024-01-04 13:00:15,1, 2.606700E+01, 2.723274E+02, 2.726813E+02, 2.072447E+00, 3.354412E+00, 2.793981E+02, 2.728935E+02, 2.724749E+02, 2.731600E+02, 2.731600E+02
2024-01-04 13:15:15,1, 4.502250E+01, 2.722782E+02, 2.727634E+02, 2.446058E+00, 9.135295E+00, 2.794094E+02, 2.731211E+02, 2.728040E+02, 2.731600E+02, 2.731600E+02
2024-01-04 13:30:15,1, 6.323942E+01, 2.722291E+02, 2.727775E+02, 2.566853E+00, 1.045696E+01, 2.794348E+02, 2.732275E+02, 2.729648E+02, 2.731600E+02, 2.731600E+02
2024-01-04 13:45:15,1, 8.063978E+01, 2.721799E+02, 2.727838E+02, 2.626266E+00, 1.103223E+01, 2.794733E+02, 2.733200E+02, 2.730969E+02, 2.731600E+02, 2.731600E+02
2024-01-04 14:00:15,1, 1.073392E+02, 2.721311E+02, 2.727881E+02, 2.669660E+00, 1.164971E+01, 2.795226E+02, 2.734479E+02, 2.733014E+02, 2.731631E+02, 2.731680E+02
2024-01-04 14:15:15,1, 1.245175E+02, 2.720994E+02, 2.728514E+02, 2.742556E+00, 1.608986E+01, 2.795998E+02, 2.736305E+02, 2.735316E+02, 2.732722E+02, 2.733030E+02
2024-01-04 14:30:15,1, 1.405596E+02, 2.720678E+02, 2.728812E+02, 2.781476E+00, 1.703051E+01, 2.796888E+02, 2.737508E+02, 2.736837E+02, 2.733508E+02, 2.733930E+02
2024-01-04 14:45:15,1, 1.553968E+02, 2.720362E+02, 2.729033E+02, 2.814588E+00, 1.774065E+01, 2.797868E+02, 2.738548E+02, 2.738148E+02, 2.734165E+02, 2.734683E+02
2024-01-04 15:00:15,1, 1.349736E+02, 2.720033E+02, 2.729072E+02, 2.834497E+00, 1.825433E+01, 2.798889E+02, 2.737910E+02, 2.736742E+02, 2.734346E+02, 2.734829E+02
2024-01-04 15:15:15,1, 1.447529E+02, 2.718942E+02, 2.727500E+02, 2.757560E+00, 1.569784E+01, 2.799342E+02, 2.736605E+02, 2.735629E+02, 2.732433E+02, 2.732684E+02
2024-01-04 15:30:15,1, 1.534307E+02, 2.717850E+02, 2.726894E+02, 2.766227E+00, 1.602755E+01, 2.799923E+02, 2.736776E+02, 2.736073E+02, 2.732151E+02, 2.732497E+02
2024-01-04 15:45:15,1, 1.609697E+02, 2.716759E+02, 2.726257E+02, 2.771611E+00, 1.638007E+01, 2.800583E+02, 2.736848E+02, 2.736384E+02, 2.731815E+02, 2.732243E+02
2024-01-04 16:00:15,1, 2.257304E+02, 2.715679E+02, 2.725776E+02, 2.781424E+00, 1.666429E+01, 2.801322E+02, 2.739369E+02, 2.740611E+02, 2.732202E+02, 2.732680E+02
2024-01-04 16:15:15,1, 2.327041E+02, 2.715267E+02, 2.727345E+02, 2.946381E+00, 1.644702E+01, 2.803201E+02, 2.742468E+02, 2.743877E+02, 2.735094E+02, 2.736260E+02
2024-01-04 16:30:15,1, 2.380316E+02, 2.714854E+02, 2.727264E+02, 2.959543E+00, 1.668371E+01, 2.804887E+02, 2.742910E+02, 2.744397E+02, 2.735268E+02, 2.736464E+02
2024-01-04 16:45:15,1, 2.416900E+02, 2.714442E+02, 2.727107E+02, 2.967468E+00, 1.696662E+01, 2.806403E+02, 2.743175E+02, 2.744717E+02, 2.735301E+02, 2.736520E+02
2024-01-04 17:00:15,1, 2.318888E+02, 2.714025E+02, 2.726854E+02, 2.969417E+00, 1.712482E+01, 2.807755E+02, 2.742779E+02, 2.744073E+02, 2.735103E+02, 2.736307E+02
2024-01-04 17:15:15,1, 2.321556E+02, 2.713353E+02, 2.725978E+02, 2.925438E+00, 1.563715E+01, 2.808701E+02, 2.741777E+02, 2.742965E+02, 2.734045E+02, 2.735142E+02
2024-01-04 17:30:15,1, 2.308100E+02, 2.712680E+02, 2.725302E+02, 2.904780E+00, 1.559807E+01, 2.809496E+02, 2.741059E+02, 2.742126E+02, 2.733361E+02, 2.734427E+02
2024-01-04 17:45:15,1, 2.278576E+02, 2.712008E+02, 2.724572E+02, 2.879729E+00, 1.555729E+01, 2.810134E+02, 2.740189E+02, 2.741107E+02, 2.732577E+02, 2.733601E+02
2024-01-04 18:00:15,1, 2.359760E+02, 2.711327E+02, 2.723828E+02, 2.851566E+00, 1.527667E+01, 2.810616E+02, 2.739701E+02, 2.740762E+02, 2.731929E+02, 2.732826E+02
2024-01-04 18:15:15,1, 2.295077E+02, 2.710170E+02, 2.723005E+02, 2.843919E+00, 1.153860E+01, 2.811150E+02, 2.738828E+02, 2.739758E+02, 2.731749E+02, 2.732194E+02
2024-01-04 18:30:15,1, 2.214031E+02, 2.709012E+02, 2.721781E+02, 2.799679E+00, 1.104861E+01, 2.811436E+02, 2.737228E+02, 2.737995E+02, 2.731600E+02, 2.731600E+02
2024-01-04 18:45:15,1, 2.116969E+02, 2.707855E+02, 2.720541E+02, 2.752171E+00, 1.063842E+01, 2.811485E+02, 2.735498E+02, 2.736071E+02, 2.731600E+02, 2.731600E+02
2024-01-04 19:00:15,1, 1.915783E+02, 2.706701E+02, 2.719225E+02, 2.699785E+00, 1.037570E+01, 2.811299E+02, 2.733222E+02, 2.733322E+02, 2.731600E+02, 2.731600E+02
2024-01-04 19:15:15,1, 1.793648E+02, 2.705731E+02, 2.717762E+02, 2.620972E+00, 1.278263E+01, 2.810741E+02, 2.730738E+02, 2.730460E+02, 2.731600E+02, 2.731600E+02
2024-01-04 19:30:15,1, 1.657586E+02, 2.704762E+02, 2.716468E+02, 2.559881E+00, 1.253239E+01, 2.809994E+02, 2.728463E+02, 2.727805E+02, 2.731600E+02, 2.731600E+02
2024-01-04 19:45:15,1, 1.508180E+02, 2.703793E+02, 2.715124E+02, 2.495282E+00, 1.217896E+01, 2.809056E+02, 2.726027E+02, 2.724957E+02, 2.731600E+02, 2.731600E+02
2024-01-04 20:00:15,1, 1.363459E+02, 2.702817E+02, 2.713730E+02, 2.427402E+00, 1.175766E+01, 2.807928E+02, 2.723505E+02, 2.722055E+02, 2.731600E+02, 2.731600E+02
2024-01-04 20:15:15,1, 1.187089E+02, 2.701478E+02, 2.712069E+02, 2.355433E+00, 1.053157E+01, 2.806632E+02, 2.720621E+02, 2.718706E+02, 2.731600E+02, 2.731600E+02
2024-01-04 20:30:15,1, 9.993090E+01, 2.700138E+02, 2.710254E+02, 2.273676E+00, 1.000435E+01, 2.805141E+02, 2.717441E+02, 2.714989E+02, 2.731600E+02, 2.731600E+02
2024-01-04 20:45:15,1, 8.009232E+01, 2.698798E+02, 2.708373E+02, 2.185127E+00, 9.482370E+00, 2.803468E+02, 2.714086E+02, 2.710999E+02, 2.731600E+02, 2.731600E+02
2024-01-04 21:00:15,1, 5.377464E+01, 2.697452E+02, 2.706397E+02, 2.047080E+00, 8.910252E+00, 2.801619E+02, 2.710278E+02, 2.706607E+02, 2.731600E+02, 2.731600E+02
2024-01-04 21:15:15,1, 3.408862E+01, 2.695726E+02, 2.704038E+02, 1.820194E+00, 8.076278E+00, 2.799455E+02, 2.706249E+02, 2.701576E+02, 2.731600E+02, 2.731600E+02
2024-01-04 21:30:15,1, 1.368269E+01, 2.694000E+02, 2.701773E+02, 1.266615E+00, 6.765090E+00, 2.797234E+02, 2.702553E+02, 2.696450E+02, 2.731600E+02, 2.731600E+02
2024-01-04 21:45:15,1, 0.000000E+00, 2.692274E+02, 2.699712E+02, 0.000000E+00, 3.778160E+00, 2.794970E+02, 2.699615E+02, 2.692854E+02, 2.731600E+02, 2.731600E+02
2024-01-04 22:00:15,1, 0.000000E+00, 2.690564E+02, 2.698045E+02, 0.000000E+00, 3.174128E+00, 2.792895E+02, 2.697672E+02, 2.690813E+02, 2.731600E+02, 2.731600E+02
2024-01-04 22:15:15,1, 0.000000E+00, 2.689774E+02, 2.697141E+02, 0.000000E+00, 2.812467E+00, 2.791059E+02, 2.696727E+02, 2.689930E+02, 2.731600E+02, 2.731600E+02
2024-01-04 22:30:15,1, 0.000000E+00, 2.688984E+02, 2.696431E+02, 0.000000E+00, 2.766737E+00, 2.789439E+02, 2.695999E+02, 2.689258E+02, 2.731600E+02, 2.731600E+02
2024-01-04 22:45:15,1, 0.000000E+00, 2.688194E+02, 2.695730E+02, 0.000000E+00, 2.740619E+00, 2.787985E+02, 2.695292E+02, 2.688601E+02, 2.731600E+02, 2.731600E+02
2024-01-04 23:00:15,1, 0.000000E+00, 2.687408E+02, 2.695034E+02, 0.000000E+00, 2.700032E+00, 2.786663E+02, 2.694598E+02, 2.687950E+02, 2.731600E+02, 2.731600E+02
2024-01-04 23:15:15,1, 0.000000E+00, 2.686867E+02, 2.694469E+02, 0.000000E+00, 2.306156E+00, 2.785440E+02, 2.693918E+02, 2.687256E+02, 2.731600E+02, 2.731600E+02
2024-01-04 23:30:15,1, 0.000000E+00, 2.686325E+02, 2.693937E+02, 0.000000E+00, 2.251805E+00, 2.784293E+02, 2.693272E+02, 2.686594E+02, 2.731600E+02, 2.731600E+02
2024-01-04 23:45:15,1, 0.000000E+00, 2.685784E+02, 2.693408E+02, 0.000000E+00, 2.223062E+00, 2.783211E+02, 2.692632E+02, 2.685936E+02, 2.731600E+02, 2.731600E+02
2024-01-04 00:00:15,2, 0.000000E+00, 2.733250E+02, 2.737002E+02, 0.000000E+00, 1.033737E+00, 2.809082E+02, 2.738998E+02, 2.732365E+02, 2.737821E+02, 2.735993E+02
2024-01-04 00:15:15,2, 0.000000E+00, 2.733490E+02, 2.736525E+02, 0.000000E+00, 6.535592E-01, 2.808545E+02, 2.738710E+02, 2.732162E+02, 2.737267E+02, 2.735429E+02
2024-01-04 00:30:15,2, 0.000000E+00, 2.733731E+02, 2.736535E+02, 0.000000E+00, 5.977526E-01, 2.808076E+02, 2.738888E+02, 2.732508E+02, 2.737260E+02, 2.735461E+02
2024-01-04 00:45:15,2, 0.000000E+00, 2.733971E+02, 2.736810E+02, 0.000000E+00, 5.776440E-01, 2.807670E+02, 2.739291E+02, 2.733066E+02, 2.737535E+02, 2.735774E+02
2024-01-04 01:00:15,2, 0.000000E+00, 2.734200E+02, 2.737242E+02, 0.000000E+00, 5.808541E-01, 2.807319E+02, 2.739825E+02, 2.733744E+02, 2.737975E+02, 2.736253E+02
2024-01-04 01:15:15,2, 0.000000E+00, 2.733725E+02, 2.737316E+02, 0.000000E+00, 9.699599E-01, 2.806974E+02, 2.739595E+02, 2.733344E+02, 2.738075E+02, 2.736335E+02
2024-01-04 01:30:15,2, 0.000000E+00, 2.733250E+02, 2.736828E+02, 0.000000E+00, 1.184603E+00, 2.806578E+02, 2.738881E+02, 2.732497E+02, 2.737591E+02, 2.735823E+02
2024-01-04 01:45:15,2, 0.000000E+00, 2.732775E+02, 2.736117E+02, 0.000000E+00, 1.115450E+00, 2.806161E+02, 2.737952E+02, 2.731380E+02, 2.736841E+02, 2.735023E+02
2024-01-04 02:00:15,2, 0.000000E+00, 2.732305E+02, 2.735268E+02, 0.000000E+00, 1.129959E+00, 2.805725E+02, 2.736925E+02, 2.730205E+02, 2.735958E+02, 2.734099E+02
2024-01-04 02:15:15,2, 0.000000E+00, 2.732116E+02, 2.734678E+02, 0.000000E+00, 1.071444E+00, 2.805307E+02, 2.736629E+02, 2.730093E+02, 2.735362E+02, 2.733530E+02
2024-01-04 02:30:15,2, 0.000000E+00, 2.731927E+02, 2.734522E+02, 0.000000E+00, 1.091748E+00, 2.804947E+02, 2.736702E+02, 2.730330E+02, 2.735212E+02, 2.733419E+02
2024-01-04 02:45:15,2, 0.000000E+00, 2.731738E+02, 2.734628E+02, 0.000000E+00, 1.149395E+00, 2.804640E+02, 2.736996E+02, 2.730779E+02, 2.735335E+02, 2.733581E+02
2024-01-04 03:00:15,2, 0.000000E+00, 2.731548E+02, 2.734875E+02, 0.000000E+00, 1.238374E+00, 2.804381E+02, 2.737416E+02, 2.731354E+02, 2.735614E+02, 2.733900E+02
2024-01-04 03:15:15,2, 0.000000E+00, 2.731335E+02, 2.734986E+02, 0.000000E+00, 1.554075E+00, 2.804129E+02, 2.737500E+02, 2.731487E+02, 2.735766E+02, 2.734078E+02
2024-01-04 03:30:15,2, 0.000000E+00, 2.731122E+02, 2.734870E+02, 0.000000E+00, 1.575116E+00, 2.803854E+02, 2.737375E+02, 2.731387E+02, 2.735676E+02, 2.734001E+02
2024-01-04 03:45:15,2, 0.000000E+00, 2.730909E+02, 2.734680E+02, 0.000000E+00, 1.494175E+00, 2.803579E+02, 2.737176E+02, 2.731194E+02, 2.735492E+02, 2.733820E+02
2024-01-04 04:00:15,2, 0.000000E+00, 2.730694E+02, 2.734472E+02, 0.000000E+00, 1.421369E+00, 2.803307E+02, 2.736958E+02, 2.730975E+02, 2.735282E+02, 2.733611E+02
2024-01-04 04:15:15,2, 0.000000E+00, 2.730375E+02, 2.734116E+02, 0.000000E+00, 1.393356E+00, 2.803021E+02, 2.736447E+02, 2.730368E+02, 2.734918E+02, 2.733228E+02
2024-01-04 04:30:15,2, 0.000000E+00, 2.730056E+02, 2.733639E+02, 0.000000E+00, 1.246377E+00, 2.802719E+02, 2.735813E+02, 2.729601E+02, 2.734409E+02, 2.732685E+02
2024-01-04 04:45:15,2, 0.000000E+00, 2.729737E+02, 2.733111E+02, 0.000000E+00, 1.097509E+00, 2.802414E+02, 2.735129E+02, 2.728764E+02, 2.733843E+02, 2.732079E+02
2024-01-04 05:00:15,2, 0.000000E+00, 2.729425E+02, 2.732537E+02, 0.000000E+00, 1.016405E+00, 2.802106E+02, 2.734418E+02, 2.727919E+02, 2.733277E+02, 2.731600E+02
2024-01-04 05:15:15,2, 0.000000E+00, 2.729541E+02, 2.732319E+02, 0.000000E+00, 9.300693E-01, 2.801824E+02, 2.734518E+02, 2.728243E+02, 2.733092E+02, 2.731600E+02
2024-01-04 05:30:15,2, 0.000000E+00, 2.729657E+02, 2.732555E+02, 0.000000E+00, 9.335943E-01, 2.801609E+02, 2.735017E+02, 2.728961E+02, 2.733268E+02, 2.731604E+02
2024-01-04 05:45:15,2, 0.000000E+00, 2.729774E+02, 2.733037E+02, 0.000000E+00, 1.019758E+00, 2.801454E+02, 2.735729E+02, 2.729891E+02, 2.733765E+02, 2.732104E+02
2024-01-04 06:00:15,2, 0.000000E+00, 2.729907E+02, 2.733586E+02, 0.000000E+00, 1.368168E+00, 2.801317E+02, 2.736539E+02, 2.731003E+02, 2.734389E+02, 2.732815E+02
2024-01-04 06:15:15,2, 0.000000E+00, 2.731057E+02, 2.734428E+02, 0.000000E+00, 8.289690E-01, 2.801234E+02, 2.737437E+02, 2.731990E+02, 2.735191E+02, 2.733635E+02
2024-01-04 06:30:15,2, 0.000000E+00, 2.732206E+02, 2.735536E+02, 0.000000E+00, 7.083011E-01, 2.801221E+02, 2.738588E+02, 2.733285E+02, 2.736283E+02, 2.734758E+02
2024-01-04 06:45:15,2, 0.000000E+00, 2.733356E+02, 2.736745E+02, 0.000000E+00, 6.942818E-01, 2.801249E+02, 2.739839E+02, 2.734696E+02, 2.737494E+02, 2.736011E+02
2024-01-04 07:00:15,2, 0.000000E+00, 2.734487E+02, 2.737994E+02, 0.000000E+00, 7.349451E-01, 2.801306E+02, 2.741127E+02, 2.736149E+02, 2.738756E+02, 2.737320E+02
2024-01-04 07:15:15,2, 0.000000E+00, 2.734503E+02, 2.738527E+02, 0.000000E+00, 1.253461E+00, 2.801296E+02, 2.741451E+02, 2.736459E+02, 2.739397E+02, 2.737997E+02
2024-01-04 07:30:15,2, 0.000000E+00, 2.734519E+02, 2.738464E+02, 0.000000E+00, 1.161733E+00, 2.801232E+02, 2.741212E+02, 2.736136E+02, 2.739339E+02, 2.737922E+02
2024-01-04 07:45:15,2, 0.000000E+00, 2.734535E+02, 2.738289E+02, 0.000000E+00, 1.048053E+00, 2.801149E+02, 2.740869E+02, 2.735693E+02, 2.739127E+02, 2.737683E+02
2024-01-04 08:00:15,2, 0.000000E+00, 2.734528E+02, 2.738076E+02, 0.000000E+00, 9.914180E-01, 2.801052E+02, 2.740483E+02, 2.735196E+02, 2.738872E+02, 2.737399E+02
2024-01-04 08:15:15,2, 0.000000E+00, 2.733222E+02, 2.736675E+02, 0.000000E+00, 1.466545E+00, 2.800806E+02, 2.737945E+02, 2.731942E+02, 2.737424E+02, 2.735788E+02
2024-01-04 08:30:15,2, 0.000000E+00, 2.731916E+02, 2.734214E+02, 0.000000E+00, 9.767285E-01, 2.800381E+02, 2.734311E+02, 2.727281E+02, 2.734765E+02, 2.732871E+02
2024-01-04 08:45:15,2, 0.000000E+00, 2.730610E+02, 2.730913E+02, 0.000000E+00, 8.271163E-01, 2.799815E+02, 2.730055E+02, 2.722135E+02, 2.732025E+02, 2.731600E+02
2024-01-04 09:00:15,2, 0.000000E+00, 2.729324E+02, 2.727391E+02, 0.000000E+00, 8.586864E-01, 2.799058E+02, 2.725600E+02, 2.717037E+02, 2.731600E+02, 2.731600E+02
2024-01-04 09:15:15,2, 0.000000E+00, 2.729203E+02, 2.725191E+02, 0.000000E+00, 8.465913E-01, 2.798316E+02, 2.724252E+02, 2.716163E+02, 2.731600E+02, 2.731600E+02
2024-01-04 09:30:15,2, 0.000000E+00, 2.729083E+02, 2.724681E+02, 0.000000E+00, 8.898790E-01, 2.797738E+02, 2.724402E+02, 2.716703E+02, 2.731600E+02, 2.731600E+02
2024-01-04 09:45:15,2, 0.000000E+00, 2.728963E+02, 2.725068E+02, 0.000000E+00, 9.560601E-01, 2.797310E+02, 2.725344E+02, 2.718005E+02, 2.731600E+02, 2.731600E+02
2024-01-04 10:00:15,2, 0.000000E+00, 2.728840E+02, 2.725928E+02, 0.000000E+00, 1.037528E+00, 2.797012E+02, 2.726713E+02, 2.719718E+02, 2.731600E+02, 2.731600E+02
2024-01-04 10:15:15,2, 0.000000E+00, 2.728536E+02, 2.726807E+02, 0.000000E+00, 1.081707E+00, 2.796797E+02, 2.727755E+02, 2.720899E+02, 2.731600E+02, 2.731600E+02
2024-01-04 10:30:15,2, 0.000000E+00, 2.728233E+02, 2.727533E+02, 0.000000E+00, 1.134302E+00, 2.796636E+02, 2.728661E+02, 2.721940E+02, 2.731600E+02, 2.731600E+02
2024-01-04 10:45:15,2, 0.000000E+00, 2.727930E+02, 2.728289E+02, 0.000000E+00, 1.840859E+00, 2.796491E+02, 2.729667E+02, 2.723314E+02, 2.731600E+02, 2.731600E+02
2024-01-04 11:00:15,2, 0.000000E+00, 2.727627E+02, 2.729109E+02, 0.000000E+00, 2.613130E+00, 2.796294E+02, 2.730715E+02, 2.724796E+02, 2.731600E+02, 2.731600E+02
2024-01-04 11:15:15,2, 0.000000E+00, 2.727333E+02, 2.729665E+02, 0.000000E+00, 3.107728E+00, 2.796062E+02, 2.731483E+02, 2.726043E+02, 2.731600E+02, 2.731600E+02
2024-01-04 11:30:15,2, 0.000000E+00, 2.727039E+02, 2.729919E+02, 0.000000E+00, 2.934003E+00, 2.795837E+02, 2.731983E+02, 2.726906E+02, 2.731600E+02, 2.731600E+02
2024-01-04 11:45:15,2, 0.000000E+00, 2.726744E+02, 2.730007E+02, 0.000000E+00, 2.674179E+00, 2.795631E+02, 2.732335E+02, 2.727561E+02, 2.731619E+02, 2.731600E+02
2024-01-04 12:00:15,2, 0.000000E+00, 2.726442E+02, 2.730023E+02, 0.000000E+00, 2.540744E+00, 2.795444E+02, 2.732613E+02, 2.728109E+02, 2.731631E+02, 2.731600E+02
2024-01-04 12:15:15,2, 0.000000E+00, 2.725649E+02, 2.729424E+02, 0.000000E+00, 3.075324E+00, 2.795195E+02, 2.731684E+02, 2.727107E+02, 2.731600E+02, 2.731600E+02
2024-01-04 12:30:15,2, 0.000000E+00, 2.724855E+02, 2.728543E+02, 0.000000E+00, 3.134929E+00, 2.794860E+02, 2.730496E+02, 2.725818E+02, 2.731600E+02, 2.731600E+02
2024-01-04 12:45:15,2, 0.000000E+00, 2.724062E+02, 2.727646E+02, 0.000000E+00, 3.134431E+00, 2.794452E+02, 2.729296E+02, 2.724522E+02, 2.731600E+02, 2.731600E+02
2024-01-04 13:00:15,2, 2.606700E+01, 2.723274E+02, 2.726822E+02, 2.079712E+00, 3.357189E+00, 2.793995E+02, 2.729092E+02, 2.724984E+02, 2.731600E+02, 2.731600E+02
2024-01-04 13:15:15,2, 4.502250E+01, 2.722782E+02, 2.727634E+02, 2.447232E+00, 9.135589E+00, 2.794109E+02, 2.731316E+02, 2.728166E+02, 2.731600E+02, 2.731600E+02
2024-01-04 13:30:15,2, 6.323942E+01, 2.722291E+02, 2.727776E+02, 2.568117E+00, 1.045887E+01, 2.794365E+02, 2.732356E+02, 2.729731E+02, 2.731600E+02, 2.731600E+02
2024-01-04 13:45:15,2, 8.063978E+01, 2.721799E+02, 2.727839E+02, 2.627751E+00, 1.103503E+01, 2.794750E+02, 2.733265E+02, 2.731024E+02, 2.731600E+02, 2.731600E+02
2024-01-04 14:00:15,2, 1.073392E+02, 2.721311E+02, 2.727881E+02, 2.671277E+00, 1.165298E+01, 2.795244E+02, 2.734511E+02, 2.732987E+02, 2.731627E+02, 2.731660E+02
2024-01-04 14:15:15,2, 1.245175E+02, 2.720994E+02, 2.728513E+02, 2.744159E+00, 1.609281E+01, 2.796016E+02, 2.736315E+02, 2.735248E+02, 2.732700E+02, 2.732947E+02
2024-01-04 14:30:15,2, 1.405596E+02, 2.720678E+02, 2.728811E+02, 2.783121E+00, 1.703445E+01, 2.796907E+02, 2.737505E+02, 2.736745E+02, 2.733482E+02, 2.733838E+02
2024-01-04 14:45:15,2, 1.553968E+02, 2.720362E+02, 2.729032E+02, 2.816266E+00, 1.774512E+01, 2.797887E+02, 2.738534E+02, 2.738034E+02, 2.734134E+02, 2.734584E+02
2024-01-04 15:00:15,2, 1.349736E+02, 2.720033E+02, 2.729072E+02, 2.836180E+00, 1.825934E+01, 2.798908E+02, 2.737927E+02, 2.736719E+02, 2.734320E+02, 2.734746E+02
2024-01-04 15:15:15,2, 1.447529E+02, 2.718942E+02, 2.727503E+02, 2.759377E+00, 1.570403E+01, 2.799359E+02, 2.736620E+02, 2.735599E+02, 2.732418E+02, 2.732632E+02
2024-01-04 15:30:15,2, 1.534307E+02, 2.717850E+02, 2.726897E+02, 2.768067E+00, 1.603384E+01, 2.799939E+02, 2.736779E+02, 2.736018E+02, 2.732132E+02, 2.732436E+02
2024-01-04 15:45:15,2, 1.609697E+02, 2.716759E+02, 2.726260E+02, 2.773469E+00, 1.638666E+01, 2.800598E+02, 2.736840E+02, 2.736305E+02, 2.731794E+02, 2.732175E+02
2024-01-04 16:00:15,2, 2.257304E+02, 2.715679E+02, 2.725778E+02, 2.783298E+00, 1.667066E+01, 2.801337E+02, 2.739291E+02, 2.740350E+02, 2.732170E+02, 2.732572E+02
2024-01-04 16:15:15,2, 2.327041E+02, 2.715267E+02, 2.727344E+02, 2.948076E+00, 1.645270E+01, 2.803216E+02, 2.742374E+02, 2.743581E+02, 2.735035E+02, 2.736091E+02
2024-01-04 16:30:15,2, 2.380316E+02, 2.714854E+02, 2.727263E+02, 2.961249E+00, 1.668954E+01, 2.804902E+02, 2.742812E+02, 2.744091E+02, 2.735207E+02, 2.736292E+02
2024-01-04 16:45:15,2, 2.416900E+02, 2.714442E+02, 2.727107E+02, 2.969182E+00, 1.697261E+01, 2.806418E+02, 2.743075E+02, 2.744404E+02, 2.735240E+02, 2.736346E+02
2024-01-04 17:00:15,2, 2.318888E+02, 2.714025E+02, 2.726854E+02, 2.971133E+00, 1.713103E+01, 2.807769E+02, 2.742688E+02, 2.743787E+02, 2.735043E+02, 2.736137E+02
2024-01-04 17:15:15,2, 2.321556E+02, 2.713353E+02, 2.725979E+02, 2.927216E+00, 1.564394E+01, 2.808715E+02, 2.741692E+02, 2.742691E+02, 2.733990E+02, 2.734987E+02
2024-01-04 17:30:15,2, 2.308100E+02, 2.712680E+02, 2.725303E+02, 2.906539E+00, 1.560475E+01, 2.809510E+02, 2.740979E+02, 2.741861E+02, 2.733307E+02, 2.734273E+02
2024-01-04 17:45:15,2, 2.278576E+02, 2.712008E+02, 2.724573E+02, 2.881468E+00, 1.556390E+01, 2.810148E+02, 2.740114E+02, 2.740853E+02, 2.732525E+02, 2.733451E+02
2024-01-04 18:00:15,2, 2.359760E+02, 2.711327E+02, 2.723829E+02, 2.853283E+00, 1.528329E+01, 2.810629E+02, 2.739620E+02, 2.740485E+02, 2.731885E+02, 2.732672E+02
2024-01-04 18:15:15,2, 2.295077E+02, 2.710170E+02, 2.723003E+02, 2.845534E+00, 1.154447E+01, 2.811164E+02, 2.738750E+02, 2.739485E+02, 2.731708E+02, 2.732031E+02
2024-01-04 18:30:15,2, 2.214031E+02, 2.709012E+02, 2.721781E+02, 2.801288E+00, 1.105471E+01, 2.811450E+02, 2.737157E+02, 2.737734E+02, 2.731600E+02, 2.731600E+02
2024-01-04 18:45:15,2, 2.116969E+02, 2.707855E+02, 2.720541E+02, 2.753760E+00, 1.064418E+01, 2.811499E+02, 2.735435E+02, 2.735826E+02, 2.731600E+02, 2.731600E+02
2024-01-04 19:00:15,2, 1.915783E+02, 2.706701E+02, 2.719226E+02, 2.701347E+00, 1.038119E+01, 2.811315E+02, 2.733180E+02, 2.733126E+02, 2.731600E+02, 2.731600E+02
2024-01-04 19:15:15,2, 1.793648E+02, 2.705731E+02, 2.717763E+02, 2.622549E+00, 1.278816E+01, 2.810757E+02, 2.730712E+02, 2.730300E+02, 2.731600E+02, 2.731600E+02
2024-01-04 19:30:15,2, 1.657586E+02, 2.704762E+02, 2.716470E+02, 2.561416E+00, 1.253780E+01, 2.810010E+02, 2.728453E+02, 2.727676E+02, 2.731600E+02, 2.731600E+02
2024-01-04 19:45:15,2, 1.508180E+02, 2.703793E+02, 2.715125E+02, 2.496772E+00, 1.218417E+01, 2.809073E+02, 2.726034E+02, 2.724861E+02, 2.731600E+02, 2.731600E+02
2024-01-04 20:00:15,2, 1.363459E+02, 2.702817E+02, 2.713731E+02, 2.428847E+00, 1.176266E+01, 2.807946E+02, 2.723527E+02, 2.721986E+02, 2.731600E+02, 2.731600E+02
2024-01-04 20:15:15,2, 1.187089E+02, 2.701478E+02, 2.712070E+02, 2.356822E+00, 1.053637E+01, 2.806651E+02, 2.720662E+02, 2.718671E+02, 2.731600E+02, 2.731600E+02
2024-01-04 20:30:15,2, 9.993090E+01, 2.700138E+02, 2.710255E+02, 2.275009E+00, 1.000885E+01, 2.805162E+02, 2.717504E+02, 2.714993E+02, 2.731600E+02, 2.731600E+02
2024-01-04 20:45:15,2, 8.009232E+01, 2.698798E+02, 2.708374E+02, 2.186385E+00, 9.486587E+00, 2.803491E+02, 2.714176E+02, 2.711049E+02, 2.731600E+02, 2.731600E+02
2024-01-04 21:00:15,2, 5.377464E+01, 2.697452E+02, 2.706398E+02, 2.047985E+00, 8.914019E+00, 2.801644E+02, 2.710387E+02, 2.706645E+02, 2.731600E+02, 2.731600E+02
2024-01-04 21:15:15,2, 3.408862E+01, 2.695726E+02, 2.704050E+02, 1.824594E+00, 8.087822E+00, 2.799484E+02, 2.706417E+02, 2.701700E+02, 2.731600E+02, 2.731600E+02
2024-01-04 21:30:15,2, 1.368269E+01, 2.694000E+02, 2.701762E+02, 1.295924E+00, 6.813398E+00, 2.797264E+02, 2.702768E+02, 2.696759E+02, 2.731600E+02, 2.731600E+02
2024-01-04 21:45:15,2, 0.000000E+00, 2.692274E+02, 2.699712E+02, 0.000000E+00, 3.790653E+00, 2.794999E+02, 2.699879E+02, 2.693330E+02, 2.731600E+02, 2.731600E+02
2024-01-04 22:00:15,2, 0.000000E+00, 2.690564E+02, 2.698046E+02, 0.000000E+00, 3.176170E+00, 2.792922E+02, 2.697941E+02, 2.691299E+02, 2.731600E+02, 2.731600E+02
2024-01-04 22:15:15,2, 0.000000E+00, 2.689774E+02, 2.697142E+02, 0.000000E+00, 2.813660E+00, 2.791085E+02, 2.696994E+02, 2.690413E+02, 2.731600E+02, 2.731600E+02
2024-01-04 22:30:15,2, 0.000000E+00, 2.688984E+02, 2.696432E+02, 0.000000E+00, 2.767829E+00, 2.789464E+02, 2.696263E+02, 2.689737E+02, 2.731600E+02, 2.731600E+02
2024-01-04 22:45:15,2, 0.000000E+00, 2.688194E+02, 2.695732E+02, 0.000000E+00, 2.741685E+00, 2.788010E+02, 2.695554E+02, 2.689076E+02, 2.731600E+02, 2.731600E+02
2024-01-04 23:00:15,2, 0.000000E+00, 2.687408E+02, 2.695036E+02, 0.000000E+00, 2.701088E+00, 2.786687E+02, 2.694859E+02, 2.688423E+02, 2.731600E+02, 2.731600E+02
2024-01-04 23:15:15,2, 0.000000E+00, 2.686867E+02, 2.694471E+02, 0.000000E+00, 2.307230E+00, 2.785464E+02, 2.694179E+02, 2.687731E+02, 2.731600E+02, 2.731600E+02
2024-01-04 23:30:15,2, 0.000000E+00, 2.686325E+02, 2.693939E+02, 0.000000E+00, 2.252846E+00, 2.784317E+02, 2.693534E+02, 2.687072E+02, 2.731600E+02, 2.731600E+02
2024-01-04 23:45:15,2, 0.000000E+00, 2.685784E+02, 2.693410E+02, 0.000000E+00, 2.224086E+00, 2.783234E+02, 2.692896E+02, 2.686416E+02, 2.731600E+02, 2.731600E+02
2024-01-05 00:00:15,1, 0.000000E+00, 2.685246E+02, 2.692881E+02, 0.000000E+00, 2.197399E+00, 2.782184E+02, 2.692001E+02, 2.685284E+02, 2.731600E+02, 2.731600E+02
2024-01-05 00:15:15,1, 0.000000E+00, 2.684908E+02, 2.692559E+02, 0.000000E+00, 2.198578E+00, 2.781225E+02, 2.691740E+02, 2.685112E+02, 2.731600E+02, 2.731600E+02
2024-01-05 00:30:15,1, 0.000000E+00, 2.684569E+02, 2.692290E+02, 0.000000E+00, 2.188125E+00, 2.780339E+02, 2.691545E+02, 2.685003E+02, 2.731600E+02, 2.731600E+02
2024-01-05 00:45:15,1, 0.000000E+00, 2.684231E+02, 2.692024E+02, 0.000000E+00, 2.176166E+00, 2.779514E+02, 2.691358E+02, 2.684899E+02, 2.731600E+02, 2.731600E+02
2024-01-05 01:00:15,1, 0.000000E+00, 2.683896E+02, 2.691760E+02, 0.000000E+00, 2.153882E+00, 2.778743E+02, 2.691175E+02, 2.684797E+02, 2.731600E+02, 2.731600E+02
2024-01-05 01:15:15,1, 0.000000E+00, 2.683758E+02, 2.691577E+02, 0.000000E+00, 1.908580E+00, 2.778005E+02, 2.690903E+02, 2.684529E+02, 2.731600E+02, 2.731600E+02
2024-01-05 01:30:15,1, 0.000000E+00, 2.683620E+02, 2.691412E+02, 0.000000E+00, 1.873615E+00, 2.777284E+02, 2.690650E+02, 2.684281E+02, 2.731600E+02, 2.731600E+02
2024-01-05 01:45:15,1, 0.000000E+00, 2.683483E+02, 2.691248E+02, 0.000000E+00, 1.854857E+00, 2.776583E+02, 2.690399E+02, 2.684034E+02, 2.731600E+02, 2.731600E+02
2024-01-05 02:00:15,1, 0.000000E+00, 2.683353E+02, 2.691085E+02, 0.000000E+00, 1.832514E+00, 2.775900E+02, 2.690156E+02, 2.683798E+02, 2.731600E+02, 2.731600E+02
2024-01-05 02:15:15,1, 0.000000E+00, 2.683709E+02, 2.691425E+02, 0.000000E+00, 1.743064E+00, 2.775290E+02, 2.690829E+02, 2.684726E+02, 2.731600E+02, 2.731600E+02
2024-01-05 02:30:15,1, 0.000000E+00, 2.684065E+02, 2.691892E+02, 0.000000E+00, 1.746743E+00, 2.774788E+02, 2.691656E+02, 2.685804E+02, 2.731600E+02, 2.731600E+02
2024-01-05 02:45:15,1, 0.000000E+00, 2.684421E+02, 2.692362E+02, 0.000000E+00, 1.756345E+00, 2.774374E+02, 2.692490E+02, 2.686886E+02, 2.731600E+02, 2.731600E+02
2024-01-05 03:00:15,1, 0.000000E+00, 2.684775E+02, 2.692829E+02, 0.000000E+00, 1.773718E+00, 2.774036E+02, 2.693325E+02, 2.687962E+02, 2.731600E+02, 2.731600E+02
2024-01-05 03:15:15,1, 0.000000E+00, 2.685065E+02, 2.693135E+02, 0.000000E+00, 1.911455E+00, 2.773728E+02, 2.693672E+02, 2.688369E+02, 2.731600E+02, 2.731600E+02
2024-01-05 03:30:15,1, 0.000000E+00, 2.685354E+02, 2.693402E+02, 0.000000E+00, 1.921152E+00, 2.773419E+02, 2.693972E+02, 2.688727E+02, 2.731600E+02, 2.731600E+02
2024-01-05 03:45:15,1, 0.000000E+00, 2.685644E+02, 2.693668E+02, 0.000000E+00, 1.922289E+00, 2.773114E+02, 2.694270E+02, 2.689086E+02, 2.731600E+02, 2.731600E+02
2024-01-05 04:00:15,1, 0.000000E+00, 2.685931E+02, 2.693934E+02, 0.000000E+00, 1.917626E+00, 2.772818E+02, 2.694567E+02, 2.689440E+02, 2.731600E+02, 2.731600E+02
2024-01-05 04:15:15,1, 0.000000E+00, 2.686077E+02, 2.694075E+02, 0.000000E+00, 1.794391E+00, 2.772524E+02, 2.694666E+02, 2.689538E+02, 2.731600E+02, 2.731600E+02
2024-01-05 04:30:15,1, 0.000000E+00, 2.686223E+02, 2.694185E+02, 0.000000E+00, 1.777365E+00, 2.772228E+02, 2.694730E+02, 2.689601E+02, 2.731600E+02, 2.731600E+02
2024-01-05 04:45:15,1, 0.000000E+00, 2.686369E+02, 2.694295E+02, 0.000000E+00, 1.768532E+00, 2.771933E+02, 2.694794E+02, 2.689662E+02, 2.731600E+02, 2.731600E+02
2024-01-05 05:00:15,1, 0.000000E+00, 2.686517E+02, 2.694405E+02, 0.000000E+00, 1.771207E+00, 2.771642E+02, 2.694860E+02, 2.689728E+02, 2.731600E+02, 2.731600E+02
2024-01-05 05:15:15,1, 0.000000E+00, 2.686786E+02, 2.694672E+02, 0.000000E+00, 2.013100E+00, 2.771382E+02, 2.695292E+02, 2.690267E+02, 2.731600E+02, 2.731600E+02
2024-01-05 05:30:15,1, 0.000000E+00, 2.687055E+02, 2.694979E+02, 0.000000E+00, 2.039734E+00, 2.771173E+02, 2.695774E+02, 2.690854E+02, 2.731600E+02, 2.731600E+02
2024-01-05 05:45:15,1, 0.000000E+00, 2.687324E+02, 2.695281E+02, 0.000000E+00, 2.049264E+00, 2.771005E+02, 2.696257E+02, 2.691440E+02, 2.731600E+02, 2.731600E+02
2024-01-05 06:00:15,1, 0.000000E+00, 2.687586E+02, 2.695584E+02, 0.000000E+00, 2.054950E+00, 2.770873E+02, 2.696740E+02, 2.692023E+02, 2.731600E+02, 2.731600E+02
2024-01-05 06:15:15,1, 0.000000E+00, 2.687422E+02, 2.695479E+02, 0.000000E+00, 1.941114E+00, 2.770737E+02, 2.696517E+02, 2.691690E+02, 2.731600E+02, 2.731600E+02
2024-01-05 06:30:15,1, 0.000000E+00, 2.687258E+02, 2.695310E+02, 0.000000E+00, 1.917702E+00, 2.770572E+02, 2.696210E+02, 2.691273E+02, 2.731600E+02, 2.731600E+02
2024-01-05 06:45:15,1, 0.000000E+00, 2.687095E+02, 2.695121E+02, 0.000000E+00, 1.900459E+00, 2.770387E+02, 2.695882E+02, 2.690830E+02, 2.731600E+02, 2.731600E+02
2024-01-05 07:00:15,1, 0.000000E+00, 2.686934E+02, 2.694926E+02, 0.000000E+00, 1.892944E+00, 2.770190E+02, 2.695545E+02, 2.690374E+02, 2.731600E+02, 2.731600E+02
2024-01-05 07:15:15,1, 0.000000E+00, 2.686938E+02, 2.694863E+02, 0.000000E+00, 2.103684E+00, 2.769986E+02, 2.695397E+02, 2.690173E+02, 2.731600E+02, 2.731600E+02
2024-01-05 07:30:15,1, 0.000000E+00, 2.686942E+02, 2.694833E+02, 0.000000E+00, 2.119033E+00, 2.769782E+02, 2.695285E+02, 2.690007E+02, 2.731600E+02, 2.731600E+02
2024-01-05 07:45:15,1, 0.000000E+00, 2.686946E+02, 2.694803E+02, 0.000000E+00, 2.115622E+00, 2.769578E+02, 2.695172E+02, 2.689837E+02, 2.731600E+02, 2.731600E+02
2024-01-05 08:00:15,1, 0.000000E+00, 2.686949E+02, 2.694772E+02, 0.000000E+00, 2.114460E+00, 2.769375E+02, 2.695056E+02, 2.689663E+02, 2.731600E+02, 2.731600E+02
2024-01-05 08:15:15,1, 0.000000E+00, 2.686886E+02, 2.694661E+02, 0.000000E+00, 2.197867E+00, 2.769162E+02, 2.694766E+02, 2.689264E+02, 2.731600E+02, 2.731600E+02
2024-01-05 08:30:15,1, 0.000000E+00, 2.686823E+02, 2.694528E+02, 0.000000E+00, 2.197241E+00, 2.768930E+02, 2.694447E+02, 2.688835E+02, 2.731600E+02, 2.731600E+02
2024-01-05 08:45:15,1, 0.000000E+00, 2.686760E+02, 2.694393E+02, 0.000000E+00, 2.188589E+00, 2.768685E+02, 2.694122E+02, 2.688398E+02, 2.731600E+02, 2.731600E+02
2024-01-05 09:00:15,1, 0.000000E+00, 2.686692E+02, 2.694254E+02, 0.000000E+00, 2.170829E+00, 2.768429E+02, 2.693788E+02, 2.687948E+02, 2.731600E+02, 2.731600E+02
2024-01-05 09:15:15,1, 0.000000E+00, 2.686308E+02, 2.693768E+02, 0.000000E+00, 1.922693E+00, 2.768118E+02, 2.692750E+02, 2.686601E+02, 2.731600E+02, 2.731600E+02
2024-01-05 09:30:15,1, 0.000000E+00, 2.685923E+02, 2.693178E+02, 0.000000E+00, 1.857815E+00, 2.767727E+02, 2.691586E+02, 2.685127E+02, 2.731600E+02, 2.731600E+02
2024-01-05 09:45:15,1, 0.000000E+00, 2.685539E+02, 2.692578E+02, 0.000000E+00, 1.815887E+00, 2.767271E+02, 2.690397E+02, 2.683631E+02, 2.731600E+02, 2.731600E+02
2024-01-05 10:00:15,1, 0.000000E+00, 2.685154E+02, 2.691967E+02, 0.000000E+00, 1.755351E+00, 2.766761E+02, 2.689183E+02, 2.682113E+02, 2.731600E+02, 2.731600E+02
2024-01-05 10:15:15,1, 0.000000E+00, 2.684777E+02, 2.691455E+02, 0.000000E+00, 1.205246E+00, 2.766237E+02, 2.688355E+02, 2.681110E+02, 2.731600E+02, 2.731600E+02
2024-01-05 10:30:15,1, 0.000000E+00, 2.684400E+02, 2.690967E+02, 0.000000E+00, 1.094557E+00, 2.765725E+02, 2.687548E+02, 2.680125E+02, 2.731600E+02, 2.731600E+02
2024-01-05 10:45:15,1, 0.000000E+00, 2.684022E+02, 2.690496E+02, 0.000000E+00, 1.046127E+00, 2.765220E+02, 2.686748E+02, 2.679143E+02, 2.731600E+02, 2.731600E+02
2024-01-05 11:00:15,1, 0.000000E+00, 2.683654E+02, 2.690026E+02, 0.000000E+00, 1.007743E+00, 2.764718E+02, 2.685950E+02, 2.678159E+02, 2.731600E+02, 2.731600E+02
2024-01-05 11:15:15,1, 0.000000E+00, 2.683805E+02, 2.690081E+02, 0.000000E+00, 1.094167E+00, 2.764267E+02, 2.686193E+02, 2.678546E+02, 2.731600E+02, 2.731600E+02
2024-01-05 11:30:15,1, 0.000000E+00, 2.683955E+02, 2.690304E+02, 0.000000E+00, 1.115008E+00, 2.763894E+02, 2.686638E+02, 2.679142E+02, 2.731600E+02, 2.731600E+02
2024-01-05 11:45:15,1, 0.000000E+00, 2.684106E+02, 2.690529E+02, 0.000000E+00, 1.116067E+00, 2.763582E+02, 2.687091E+02, 2.679742E+02, 2.731600E+02, 2.731600E+02
2024-01-05 12:00:15,1, 0.000000E+00, 2.684260E+02, 2.690767E+02, 0.000000E+00, 1.102147E+00, 2.763320E+02, 2.687558E+02, 2.680353E+02, 2.731600E+02, 2.731600E+02
2024-01-05 12:15:15,1, 0.000000E+00, 2.684555E+02, 2.691041E+02, 0.000000E+00, 7.141943E-01, 2.763086E+02, 2.687862E+02, 2.680710E+02, 2.731600E+02, 2.731600E+02
2024-01-05 12:30:15,1, 0.000000E+00, 2.684851E+02, 2.691317E+02, 0.000000E+00, 6.369932E-01, 2.762865E+02, 2.688170E+02, 2.681073E+02, 2.731600E+02, 2.731600E+02
2024-01-05 12:45:15,1, 0.000000E+00, 2.685147E+02, 2.691594E+02, 0.000000E+00, 6.119148E-01, 2.762656E+02, 2.688481E+02, 2.681436E+02, 2.731600E+02, 2.731600E+02
2024-01-05 13:00:15,1, 3.162380E+01, 2.685468E+02, 2.691960E+02, 1.581949E+00, 7.681785E-01, 2.762480E+02, 2.690183E+02, 2.684606E+02, 2.731600E+02, 2.731600E+02
2024-01-05 13:15:15,1, 5.457857E+01, 2.687319E+02, 2.694836E+02, 1.795853E+00, 3.837237E+00, 2.763091E+02, 2.695736E+02, 2.691842E+02, 2.731600E+02, 2.731600E+02
2024-01-05 13:30:15,1, 7.664267E+01, 2.689169E+02, 2.697263E+02, 1.904666E+00, 4.734146E+00, 2.764003E+02, 2.700050E+02, 2.697234E+02, 2.731600E+02, 2.731600E+02
2024-01-05 13:45:15,1, 9.772164E+01, 2.691020E+02, 2.699763E+02, 2.002372E+00, 5.314371E+00, 2.765174E+02, 2.704296E+02, 2.702361E+02, 2.731600E+02, 2.731600E+02
2024-01-05 14:00:15,1, 1.444131E+02, 2.692885E+02, 2.702260E+02, 2.096582E+00, 5.923076E+00, 2.766572E+02, 2.709689E+02, 2.710292E+02, 2.731600E+02, 2.731600E+02
2024-01-05 14:15:15,1, 1.675271E+02, 2.695639E+02, 2.706103E+02, 2.270527E+00, 9.361207E+00, 2.768406E+02, 2.715451E+02, 2.716901E+02, 2.731600E+02, 2.731600E+02
2024-01-05 14:30:15,1, 1.891178E+02, 2.698394E+02, 2.709131E+02, 2.369194E+00, 1.021924E+01, 2.770386E+02, 2.719604E+02, 2.721259E+02, 2.731600E+02, 2.731600E+02
2024-01-05 14:45:15,1, 2.090929E+02, 2.701148E+02, 2.712071E+02, 2.464206E+00, 1.092838E+01, 2.772497E+02, 2.723517E+02, 2.725319E+02, 2.731600E+02, 2.731600E+02
2024-01-05 15:00:15,1, 2.752456E+02, 2.703895E+02, 2.715093E+02, 2.558446E+00, 1.152156E+01, 2.774737E+02, 2.729407E+02, 2.733343E+02, 2.731600E+02, 2.731600E+02
2024-01-05 15:15:15,1, 2.952133E+02, 2.706232E+02, 2.718944E+02, 2.786528E+00, 1.035471E+01, 2.777733E+02, 2.735484E+02, 2.739715E+02, 2.731600E+02, 2.731600E+02
2024-01-05 15:30:15,1, 3.129413E+02, 2.708570E+02, 2.721580E+02, 2.889297E+00, 1.086585E+01, 2.780822E+02, 2.739337E+02, 2.743470E+02, 2.732380E+02, 2.734477E+02
2024-01-05 15:45:15,1, 3.283536E+02, 2.710907E+02, 2.724298E+02, 2.992067E+00, 1.151543E+01, 2.783971E+02, 2.743098E+02, 2.747171E+02, 2.735190E+02, 2.737823E+02
2024-01-05 16:00:15,1, 3.302787E+02, 2.713237E+02, 2.726949E+02, 3.092552E+00, 1.219116E+01, 2.787141E+02, 2.746208E+02, 2.749919E+02, 2.738351E+02, 2.740951E+02
2024-01-05 16:15:15,1, 3.405274E+02, 2.715141E+02, 2.728901E+02, 3.143091E+00, 1.336510E+01, 2.790079E+02, 2.748562E+02, 2.752178E+02, 2.740455E+02, 2.742918E+02
2024-01-05 16:30:15,1, 3.483740E+02, 2.717045E+02, 2.730995E+02, 3.216466E+00, 1.392160E+01, 2.792948E+02, 2.751110E+02, 2.754661E+02, 2.742866E+02, 2.745312E+02
2024-01-05 16:45:15,1, 3.537850E+02, 2.718949E+02, 2.733025E+02, 3.284509E+00, 1.441131E+01, 2.795709E+02, 2.753444E+02, 2.756928E+02, 2.745138E+02, 2.747571E+02
2024-01-05 17:00:15,1, 3.530216E+02, 2.720852E+02, 2.734978E+02, 3.346566E+00, 1.484793E+01, 2.798322E+02, 2.755403E+02, 2.758727E+02, 2.747228E+02, 2.749641E+02
2024-01-05 17:15:15,1, 3.534973E+02, 2.722652E+02, 2.736791E+02, 3.402640E+00, 1.503445E+01, 2.800719E+02, 2.757442E+02, 2.760835E+02, 2.749119E+02, 2.751532E+02
2024-01-05 17:30:15,1, 3.515253E+02, 2.724453E+02, 2.738631E+02, 3.463538E+00, 1.545564E+01, 2.802974E+02, 2.759430E+02, 2.762892E+02, 2.751068E+02, 2.753520E+02
2024-01-05 17:45:15,1, 3.471140E+02, 2.726253E+02, 2.740404E+02, 3.518110E+00, 1.583679E+01, 2.805047E+02, 2.761200E+02, 2.764729E+02, 2.752874E+02, 2.755369E+02
2024-01-05 18:00:15,1, 3.013619E+02, 2.728038E+02, 2.741997E+02, 3.562895E+00, 1.608075E+01, 2.806881E+02, 2.761018E+02, 2.763538E+02, 2.754110E+02, 2.756543E+02
2024-01-05 18:15:15,1, 2.931940E+02, 2.728892E+02, 2.741950E+02, 3.468487E+00, 1.429230E+01, 2.807796E+02, 2.760055E+02, 2.762586E+02, 2.752906E+02, 2.754973E+02
2024-01-05 18:30:15,1, 2.829434E+02, 2.729746E+02, 2.742682E+02, 3.481186E+00, 1.426978E+01, 2.808629E+02, 2.760491E+02, 2.763101E+02, 2.753395E+02, 2.755489E+02
2024-01-05 18:45:15,1, 2.706539E+02, 2.730600E+02, 2.743358E+02, 3.487073E+00, 1.421868E+01, 2.809327E+02, 2.760726E+02, 2.763398E+02, 2.753764E+02, 2.755878E+02
2024-01-05 19:00:15,1, 2.964696E+02, 2.731453E+02, 2.744089E+02, 3.489227E+00, 1.422063E+01, 2.809867E+02, 2.762615E+02, 2.766872E+02, 2.754434E+02, 2.756753E+02
2024-01-05 19:15:15,1, 2.777357E+02, 2.732253E+02, 2.745393E+02, 3.574251E+00, 1.613338E+01, 2.810637E+02, 2.763108E+02, 2.767271E+02, 2.756309E+02, 2.759223E+02
2024-01-05 19:30:15,1, 2.568558E+02, 2.733053E+02, 2.745398E+02, 3.510284E+00, 1.562404E+01, 2.810834E+02, 2.761304E+02, 2.765167E+02, 2.755574E+02, 2.758473E+02
2024-01-05 19:45:15,1, 2.339196E+02, 2.733853E+02, 2.745273E+02, 3.434065E+00, 1.498990E+01, 2.810526E+02, 2.759122E+02, 2.762668E+02, 2.754575E+02, 2.757463E+02
2024-01-05 20:00:15,1, 2.092303E+02, 2.734613E+02, 2.745004E+02, 3.344688E+00, 1.419455E+01, 2.809776E+02, 2.756543E+02, 2.759735E+02, 2.753318E+02, 2.756188E+02
2024-01-05 20:15:15,1, 1.824580E+02, 2.733016E+02, 2.742767E+02, 3.196692E+00, 1.166497E+01, 2.808603E+02, 2.751967E+02, 2.754629E+02, 2.750278E+02, 2.753097E+02
2024-01-05 20:30:15,1, 1.539469E+02, 2.731419E+02, 2.739910E+02, 3.020134E+00, 1.003901E+01, 2.807031E+02, 2.746491E+02, 2.748448E+02, 2.746274E+02, 2.748983E+02
2024-01-05 20:45:15,1, 1.238191E+02, 2.729822E+02, 2.736815E+02, 2.818116E+00, 8.298523E+00, 2.805137E+02, 2.740389E+02, 2.741250E+02, 2.741923E+02, 2.744384E+02
2024-01-05 21:00:15,1, 6.306410E+01, 2.728222E+02, 2.733331E+02, 2.517890E+00, 5.843525E+00, 2.802995E+02, 2.731781E+02, 2.727317E+02, 2.736757E+02, 2.738588E+02
2024-01-05 21:15:15,1, 4.051529E+01, 2.726488E+02, 2.727333E+02, 2.063078E+00, 1.813786E+00, 2.800653E+02, 2.723401E+02, 2.715672E+02, 2.731600E+02, 2.731600E+02
2024-01-05 21:30:15,1, 1.713811E+01, 2.724753E+02, 2.721937E+02, 1.420706E+00, 1.724909E+00, 2.798319E+02, 2.716853E+02, 2.707126E+02, 2.731600E+02, 2.731600E+02
2024-01-05 21:45:15,1, 0.000000E+00, 2.723019E+02, 2.716887E+02, 0.000000E+00, 1.417199E+00, 2.795965E+02, 2.711233E+02, 2.700438E+02, 2.731600E+02, 2.731600E+02
2024-01-05 22:00:15,1, 0.000000E+00, 2.721281E+02, 2.713672E+02, 0.000000E+00, 1.149664E+00, 2.793847E+02, 2.708451E+02, 2.697912E+02, 2.731600E+02, 2.731600E+02
2024-01-05 22:15:15,1, 0.000000E+00, 2.719354E+02, 2.712035E+02, 0.000000E+00, 1.048511E+00, 2.792036E+02, 2.707328E+02, 2.697097E+02, 2.731600E+02, 2.731600E+02
2024-01-05 22:30:15,1, 0.000000E+00, 2.717426E+02, 2.711408E+02, 0.000000E+00, 9.816390E-01, 2.790503E+02, 2.707091E+02, 2.697122E+02, 2.731600E+02, 2.731600E+02
2024-01-05 22:45:15,1, 0.000000E+00, 2.715499E+02, 2.711326E+02, 0.000000E+00, 9.376870E-01, 2.789200E+02, 2.707353E+02, 2.697602E+02, 2.731600E+02, 2.731600E+02
2024-01-05 23:00:15,1, 0.000000E+00, 2.713580E+02, 2.711526E+02, 0.000000E+00, 9.214138E-01, 2.788090E+02, 2.707872E+02, 2.698306E+02, 2.731600E+02, 2.731600E+02
2024-01-05 23:15:15,1, 0.000000E+00, 2.712152E+02, 2.711430E+02, 0.000000E+00, 1.200597E+00, 2.787078E+02, 2.707427E+02, 2.697674E+02, 2.731600E+02, 2.731600E+02
2024-01-05 23:30:15,1, 0.000000E+00, 2.710723E+02, 2.710849E+02, 0.000000E+00, 1.437205E+00, 2.786092E+02, 2.706541E+02, 2.696624E+02, 2.731600E+02, 2.731600E+02
2024-01-05 23:45:15,1, 0.000000E+00, 2.709294E+02, 2.710010E+02, 0.000000E+00, 1.627812E+00, 2.785126E+02, 2.705437E+02, 2.695371E+02, 2.731600E+02, 2.731600E+02
2024-01-05 00:00:15,2, 0.000000E+00, 2.685246E+02, 2.692884E+02, 0.000000E+00, 2.198409E+00, 2.782208E+02, 2.692265E+02, 2.685767E+02, 2.731600E+02, 2.731600E+02
2024-01-05 00:15:15,2, 0.000000E+00, 2.684908E+02, 2.692561E+02, 0.000000E+00, 2.199571E+00, 2.781248E+02, 2.692001E+02, 2.685587E+02, 2.731600E+02, 2.731600E+02
2024-01-05 00:30:15,2, 0.000000E+00, 2.684569E+02, 2.692292E+02, 0.000000E+00, 2.189110E+00, 2.780362E+02, 2.691802E+02, 2.685472E+02, 2.731600E+02, 2.731600E+02
2024-01-05 00:45:15,2, 0.000000E+00, 2.684231E+02, 2.692026E+02, 0.000000E+00, 2.177145E+00, 2.779537E+02, 2.691612E+02, 2.685362E+02, 2.731600E+02, 2.731600E+02
2024-01-05 01:00:15,2, 0.000000E+00, 2.683896E+02, 2.691762E+02, 0.000000E+00, 2.154857E+00, 2.778766E+02, 2.691425E+02, 2.685252E+02, 2.731600E+02, 2.731600E+02
2024-01-05 01:15:15,2, 0.000000E+00, 2.683758E+02, 2.691579E+02, 0.000000E+00, 1.909573E+00, 2.778027E+02, 2.691153E+02, 2.684986E+02, 2.731600E+02, 2.731600E+02
2024-01-05 01:30:15,2, 0.000000E+00, 2.683620E+02, 2.691414E+02, 0.000000E+00, 1.874591E+00, 2.777307E+02, 2.690900E+02, 2.684738E+02, 2.731600E+02, 2.731600E+02
2024-01-05 01:45:15,2, 0.000000E+00, 2.683483E+02, 2.691250E+02, 0.000000E+00, 1.855825E+00, 2.776605E+02, 2.690650E+02, 2.684492E+02, 2.731600E+02, 2.731600E+02
2024-01-05 02:00:15,2, 0.000000E+00, 2.683353E+02, 2.691088E+02, 0.000000E+00, 1.833476E+00, 2.775922E+02, 2.690406E+02, 2.684256E+02, 2.731600E+02, 2.731600E+02
2024-01-05 02:15:15,2, 0.000000E+00, 2.683709E+02, 2.691427E+02, 0.000000E+00, 1.744008E+00, 2.775312E+02, 2.691070E+02, 2.685163E+02, 2.731600E+02, 2.731600E+02
2024-01-05 02:30:15,2, 0.000000E+00, 2.684065E+02, 2.691894E+02, 0.000000E+00, 1.747663E+00, 2.774810E+02, 2.691886E+02, 2.686219E+02, 2.731600E+02, 2.731600E+02
2024-01-05 02:45:15,2, 0.000000E+00, 2.684421E+02, 2.692362E+02, 0.000000E+00, 1.757206E+00, 2.774396E+02, 2.692709E+02, 2.687278E+02, 2.731600E+02, 2.731600E+02
2024-01-05 03:00:15,2, 0.000000E+00, 2.684775E+02, 2.692824E+02, 0.000000E+00, 1.774340E+00, 2.774058E+02, 2.693532E+02, 2.688329E+02, 2.731600E+02, 2.731600E+02
2024-01-05 03:15:15,2, 0.000000E+00, 2.685065E+02, 2.693127E+02, 0.000000E+00, 1.912040E+00, 2.773749E+02, 2.693873E+02, 2.688728E+02, 2.731600E+02, 2.731600E+02
2024-01-05 03:30:15,2, 0.000000E+00, 2.685354E+02, 2.693392E+02, 0.000000E+00, 1.921728E+00, 2.773440E+02, 2.694169E+02, 2.689081E+02, 2.731600E+02, 2.731600E+02
2024-01-05 03:45:15,2, 0.000000E+00, 2.685644E+02, 2.693655E+02, 0.000000E+00, 1.922774E+00, 2.773135E+02, 2.694464E+02, 2.689432E+02, 2.731600E+02, 2.731600E+02
2024-01-05 04:00:15,2, 0.000000E+00, 2.685931E+02, 2.693919E+02, 0.000000E+00, 1.917994E+00, 2.772839E+02, 2.694754E+02, 2.689778E+02, 2.731600E+02, 2.731600E+02
2024-01-05 04:15:15,2, 0.000000E+00, 2.686077E+02, 2.694062E+02, 0.000000E+00, 1.795049E+00, 2.772545E+02, 2.694856E+02, 2.689880E+02, 2.731600E+02, 2.731600E+02
2024-01-05 04:30:15,2, 0.000000E+00, 2.686223E+02, 2.694175E+02, 0.000000E+00, 1.778094E+00, 2.772249E+02, 2.694923E+02, 2.689946E+02, 2.731600E+02, 2.731600E+02
2024-01-05 04:45:15,2, 0.000000E+00, 2.686369E+02, 2.694287E+02, 0.000000E+00, 1.769297E+00, 2.771954E+02, 2.694988E+02, 2.690010E+02, 2.731600E+02, 2.731600E+02
2024-01-05 05:00:15,2, 0.000000E+00, 2.686517E+02, 2.694399E+02, 0.000000E+00, 1.771991E+00, 2.771662E+02, 2.695055E+02, 2.690077E+02, 2.731600E+02, 2.731600E+02
2024-01-05 05:15:15,2, 0.000000E+00, 2.686786E+02, 2.694659E+02, 0.000000E+00, 2.013266E+00, 2.771403E+02, 2.695479E+02, 2.690602E+02, 2.731600E+02, 2.731600E+02
2024-01-05 05:30:15,2, 0.000000E+00, 2.687055E+02, 2.694969E+02, 0.000000E+00, 2.041152E+00, 2.771193E+02, 2.695959E+02, 2.691181E+02, 2.731600E+02, 2.731600E+02
2024-01-05 05:45:15,2, 0.000000E+00, 2.687324E+02, 2.695306E+02, 0.000000E+00, 2.052481E+00, 2.771025E+02, 2.696469E+02, 2.691791E+02, 2.731600E+02, 2.731600E+02
2024-01-05 06:00:15,2, 0.000000E+00, 2.687586E+02, 2.695635E+02, 0.000000E+00, 2.058082E+00, 2.770893E+02, 2.696971E+02, 2.692391E+02, 2.731600E+02, 2.731600E+02
2024-01-05 06:15:15,2, 0.000000E+00, 2.687422E+02, 2.695539E+02, 0.000000E+00, 1.944541E+00, 2.770757E+02, 2.696762E+02, 2.692076E+02, 2.731600E+02, 2.731600E+02
2024-01-05 06:30:15,2, 0.000000E+00, 2.687258E+02, 2.695334E+02, 0.000000E+00, 1.918376E+00, 2.770592E+02, 2.696428E+02, 2.691634E+02, 2.731600E+02, 2.731600E+02
2024-01-05 06:45:15,2, 0.000000E+00, 2.687095E+02, 2.695118E+02, 0.000000E+00, 1.900189E+00, 2.770408E+02, 2.696081E+02, 2.691175E+02, 2.731600E+02, 2.731600E+02
2024-01-05 07:00:15,2, 0.000000E+00, 2.686934E+02, 2.694905E+02, 0.000000E+00, 1.892927E+00, 2.770210E+02, 2.695729E+02, 2.690711E+02, 2.731600E+02, 2.731600E+02
2024-01-05 07:15:15,2, 0.000000E+00, 2.686938E+02, 2.694852E+02, 0.000000E+00, 2.104492E+00, 2.770006E+02, 2.695593E+02, 2.690524E+02, 2.731600E+02, 2.731600E+02
2024-01-05 07:30:15,2, 0.000000E+00, 2.686942E+02, 2.694826E+02, 0.000000E+00, 2.119883E+00, 2.769802E+02, 2.695486E+02, 2.690366E+02, 2.731600E+02, 2.731600E+02
2024-01-05 07:45:15,2, 0.000000E+00, 2.686946E+02, 2.694798E+02, 0.000000E+00, 2.116479E+00, 2.769598E+02, 2.695377E+02, 2.690204E+02, 2.731600E+02, 2.731600E+02
2024-01-05 08:00:15,2, 0.000000E+00, 2.686949E+02, 2.694768E+02, 0.000000E+00, 2.115321E+00, 2.769395E+02, 2.695264E+02, 2.690036E+02, 2.731600E+02, 2.731600E+02
2024-01-05 08:15:15,2, 0.000000E+00, 2.686886E+02, 2.694660E+02, 0.000000E+00, 2.198798E+00, 2.769181E+02, 2.694979E+02, 2.689648E+02, 2.731600E+02, 2.731600E+02
2024-01-05 08:30:15,2, 0.000000E+00, 2.686823E+02, 2.694528E+02, 0.000000E+00, 2.198188E+00, 2.768950E+02, 2.694666E+02, 2.689229E+02, 2.731600E+02, 2.731600E+02
2024-01-05 08:45:15,2, 0.000000E+00, 2.686760E+02, 2.694393E+02, 0.000000E+00, 2.189529E+00, 2.768705E+02, 2.694346E+02, 2.688804E+02, 2.731600E+02, 2.731600E+02
2024-01-05 09:00:15,2, 0.000000E+00, 2.686692E+02, 2.694255E+02, 0.000000E+00, 2.171764E+00, 2.768448E+02, 2.694017E+02, 2.688364E+02, 2.731600E+02, 2.731600E+02
2024-01-05 09:15:15,2, 0.000000E+00, 2.686308E+02, 2.693770E+02, 0.000000E+00, 1.923673E+00, 2.768138E+02, 2.692992E+02, 2.687045E+02, 2.731600E+02, 2.731600E+02
2024-01-05 09:30:15,2, 0.000000E+00, 2.685923E+02, 2.693181E+02, 0.000000E+00, 1.858743E+00, 2.767747E+02, 2.691841E+02, 2.685600E+02, 2.731600E+02, 2.731600E+02
2024-01-05 09:45:15,2, 0.000000E+00, 2.685539E+02, 2.692580E+02, 0.000000E+00, 1.816775E+00, 2.767290E+02, 2.690665E+02, 2.684132E+02, 2.731600E+02, 2.731600E+02
2024-01-05 10:00:15,2, 0.000000E+00, 2.685154E+02, 2.691970E+02, 0.000000E+00, 1.756217E+00, 2.766780E+02, 2.689465E+02, 2.682643E+02, 2.731600E+02, 2.731600E+02
2024-01-05 10:15:15,2, 0.000000E+00, 2.684777E+02, 2.691458E+02, 0.000000E+00, 1.206097E+00, 2.766257E+02, 2.688644E+02, 2.681656E+02, 2.731600E+02, 2.731600E+02
2024-01-05 10:30:15,2, 0.000000E+00, 2.684400E+02, 2.690970E+02, 0.000000E+00, 1.095420E+00, 2.765745E+02, 2.687846E+02, 2.680688E+02, 2.731600E+02, 2.731600E+02
2024-01-05 10:45:15,2, 0.000000E+00, 2.684022E+02, 2.690499E+02, 0.000000E+00, 1.046861E+00, 2.765240E+02, 2.687053E+02, 2.679722E+02, 2.731600E+02, 2.731600E+02
2024-01-05 11:00:15,2, 0.000000E+00, 2.683654E+02, 2.690028E+02, 0.000000E+00, 1.008479E+00, 2.764738E+02, 2.686263E+02, 2.678756E+02, 2.731600E+02, 2.731600E+02
2024-01-05 11:15:15,2, 0.000000E+00, 2.683805E+02, 2.690084E+02, 0.000000E+00, 1.094882E+00, 2.764288E+02, 2.686500E+02, 2.679131E+02, 2.731600E+02, 2.731600E+02
2024-01-05 11:30:15,2, 0.000000E+00, 2.683955E+02, 2.690307E+02, 0.000000E+00, 1.115718E+00, 2.763915E+02, 2.686938E+02, 2.679713E+02, 2.731600E+02, 2.731600E+02
2024-01-05 11:45:15,2, 0.000000E+00, 2.684106E+02, 2.690531E+02, 0.000000E+00, 1.116729E+00, 2.763603E+02, 2.687384E+02, 2.680300E+02, 2.731600E+02, 2.731600E+02
2024-01-05 12:00:15,2, 0.000000E+00, 2.684260E+02, 2.690770E+02, 0.000000E+00, 1.102957E+00, 2.763341E+02, 2.687846E+02, 2.680898E+02, 2.731600E+02, 2.731600E+02
2024-01-05 12:15:15,2, 0.000000E+00, 2.684555E+02, 2.691044E+02, 0.000000E+00, 7.149612E-01, 2.763107E+02, 2.688148E+02, 2.681251E+02, 2.731600E+02, 2.731600E+02
2024-01-05 12:30:15,2, 0.000000E+00, 2.684851E+02, 2.691320E+02, 0.000000E+00, 6.377484E-01, 2.762885E+02, 2.688454E+02, 2.681610E+02, 2.731600E+02, 2.731600E+02
2024-01-05 12:45:15,2, 0.000000E+00, 2.685147E+02, 2.691597E+02, 0.000000E+00, 6.126623E-01, 2.762677E+02, 2.688763E+02, 2.681969E+02, 2.731600E+02, 2.731600E+02
2024-01-05 13:00:15,2, 3.162380E+01, 2.685468E+02, 2.691963E+02, 1.583959E+00, 7.691033E-01, 2.762500E+02, 2.690394E+02, 2.684912E+02, 2.731600E+02, 2.731600E+02
2024-01-05 13:15:15,2, 5.457857E+01, 2.687319E+02, 2.694831E+02, 1.796899E+00, 3.837293E+00, 2.763115E+02, 2.695866E+02, 2.691931E+02, 2.731600E+02, 2.731600E+02
2024-01-05 13:30:15,2, 7.664267E+01, 2.689169E+02, 2.697267E+02, 1.905781E+00, 4.737106E+00, 2.764031E+02, 2.700139E+02, 2.697250E+02, 2.731600E+02, 2.731600E+02
2024-01-05 13:45:15,2, 9.772164E+01, 2.691020E+02, 2.699762E+02, 2.003467E+00, 5.316441E+00, 2.765203E+02, 2.704344E+02, 2.702315E+02, 2.731600E+02, 2.731600E+02
2024-01-05 14:00:15,2, 1.444131E+02, 2.692885E+02, 2.702259E+02, 2.097754E+00, 5.925658E+00, 2.766602E+02, 2.709619E+02, 2.709918E+02, 2.731600E+02, 2.731600E+02
2024-01-05 14:15:15,2, 1.675271E+02, 2.695639E+02, 2.706096E+02, 2.271366E+00, 9.361390E+00, 2.768441E+02, 2.715343E+02, 2.716450E+02, 2.731600E+02, 2.731600E+02
2024-01-05 14:30:15,2, 1.891178E+02, 2.698394E+02, 2.709124E+02, 2.370043E+00, 1.021998E+01, 2.770425E+02, 2.719490E+02, 2.720813E+02, 2.731600E+02, 2.731600E+02
2024-01-05 14:45:15,2, 2.090929E+02, 2.701148E+02, 2.712063E+02, 2.465070E+00, 1.092921E+01, 2.772538E+02, 2.723400E+02, 2.724877E+02, 2.731600E+02, 2.731600E+02
2024-01-05 15:00:15,2, 2.752456E+02, 2.703895E+02, 2.715084E+02, 2.559339E+00, 1.152228E+01, 2.774779E+02, 2.729191E+02, 2.732591E+02, 2.731600E+02, 2.731600E+02
2024-01-05 15:15:15,2, 2.952133E+02, 2.706232E+02, 2.718925E+02, 2.786465E+00, 1.034939E+01, 2.777782E+02, 2.735244E+02, 2.738896E+02, 2.731600E+02, 2.731600E+02
2024-01-05 15:30:15,2, 3.129413E+02, 2.708570E+02, 2.721554E+02, 2.889038E+00, 1.085889E+01, 2.780875E+02, 2.739097E+02, 2.742662E+02, 2.732236E+02, 2.733978E+02
2024-01-05 15:45:15,2, 3.283536E+02, 2.710907E+02, 2.724273E+02, 2.991803E+00, 1.150793E+01, 2.784027E+02, 2.742861E+02, 2.746367E+02, 2.735034E+02, 2.737323E+02
2024-01-05 16:00:15,2, 3.302787E+02, 2.713237E+02, 2.726924E+02, 3.092247E+00, 1.218311E+01, 2.787198E+02, 2.745988E+02, 2.749169E+02, 2.738198E+02, 2.740458E+02
2024-01-05 16:15:15,2, 3.405274E+02, 2.715141E+02, 2.728879E+02, 3.143020E+00, 1.335844E+01, 2.790136E+02, 2.748349E+02, 2.751446E+02, 2.740311E+02, 2.742453E+02
2024-01-05 16:30:15,2, 3.483740E+02, 2.717045E+02, 2.730974E+02, 3.216384E+00, 1.391478E+01, 2.793006E+02, 2.750900E+02, 2.753933E+02, 2.742723E+02, 2.744847E+02
2024-01-05 16:45:15,2, 3.537850E+02, 2.718949E+02, 2.733003E+02, 3.284419E+00, 1.440424E+01, 2.795767E+02, 2.753236E+02, 2.756203E+02, 2.744996E+02, 2.747105E+02
2024-01-05 17:00:15,2, 3.530216E+02, 2.720852E+02, 2.734956E+02, 3.346472E+00, 1.484067E+01, 2.798381E+02, 2.755201E+02, 2.758021E+02, 2.747087E+02, 2.749178E+02
2024-01-05 17:15:15,2, 3.534973E+02, 2.722652E+02, 2.736770E+02, 3.402633E+00, 1.502765E+01, 2.800778E+02, 2.757238E+02, 2.760123E+02, 2.748978E+02, 2.751072E+02
2024-01-05 17:30:15,2, 3.515253E+02, 2.724453E+02, 2.738610E+02, 3.463541E+00, 1.544868E+01, 2.803034E+02, 2.759223E+02, 2.762170E+02, 2.750925E+02, 2.753055E+02
2024-01-05 17:45:15,2, 3.471140E+02, 2.726253E+02, 2.740383E+02, 3.518127E+00, 1.582971E+01, 2.805107E+02, 2.760988E+02, 2.763996E+02, 2.752730E+02, 2.754899E+02
2024-01-05 18:00:15,2, 3.013619E+02, 2.728038E+02, 2.741977E+02, 3.562921E+00, 1.607404E+01, 2.806942E+02, 2.760849E+02, 2.762964E+02, 2.753972E+02, 2.756102E+02
2024-01-05 18:15:15,2, 2.931940E+02, 2.728892E+02, 2.741939E+02, 3.469401E+00, 1.429235E+01, 2.807855E+02, 2.759897E+02, 2.762042E+02, 2.752793E+02, 2.754619E+02
2024-01-05 18:30:15,2, 2.829434E+02, 2.729746E+02, 2.742670E+02, 3.482127E+00, 1.426963E+01, 2.808687E+02, 2.760328E+02, 2.762546E+02, 2.753281E+02, 2.755132E+02
2024-01-05 18:45:15,2, 2.706539E+02, 2.730600E+02, 2.743346E+02, 3.488042E+00, 1.421863E+01, 2.809384E+02, 2.760559E+02, 2.762833E+02, 2.753649E+02, 2.755520E+02
2024-01-05 19:00:15,2, 2.964696E+02, 2.731453E+02, 2.744076E+02, 3.490242E+00, 1.422026E+01, 2.809925E+02, 2.762374E+02, 2.766058E+02, 2.754306E+02, 2.756346E+02
2024-01-05 19:15:15,2, 2.777357E+02, 2.732253E+02, 2.745371E+02, 3.574296E+00, 1.612523E+01, 2.810700E+02, 2.762856E+02, 2.766414E+02, 2.756146E+02, 2.758695E+02
2024-01-05 19:30:15,2, 2.568558E+02, 2.733053E+02, 2.745376E+02, 3.510353E+00, 1.561623E+01, 2.810901E+02, 2.761063E+02, 2.764318E+02, 2.755410E+02, 2.757939E+02
2024-01-05 19:45:15,2, 2.339196E+02, 2.733853E+02, 2.745250E+02, 3.434170E+00, 1.498209E+01, 2.810599E+02, 2.758890E+02, 2.761821E+02, 2.754411E+02, 2.756922E+02
2024-01-05 20:00:15,2, 2.092303E+02, 2.734613E+02, 2.744981E+02, 3.344844E+00, 1.418685E+01, 2.809854E+02, 2.756322E+02, 2.758885E+02, 2.753153E+02, 2.755638E+02
2024-01-05 20:15:15,2, 1.824580E+02, 2.733016E+02, 2.742744E+02, 3.196930E+00, 1.165949E+01, 2.808688E+02, 2.751762E+02, 2.753773E+02, 2.750116E+02, 2.752538E+02
2024-01-05 20:30:15,2, 1.539469E+02, 2.731419E+02, 2.739887E+02, 3.020468E+00, 1.003277E+01, 2.807123E+02, 2.746309E+02, 2.747581E+02, 2.746115E+02, 2.748410E+02
2024-01-05 20:45:15,2, 1.238191E+02, 2.729822E+02, 2.736791E+02, 2.818631E+00, 8.292062E+00, 2.805237E+02, 2.740250E+02, 2.740376E+02, 2.741771E+02, 2.743807E+02
2024-01-05 21:00:15,2, 6.306410E+01, 2.728222E+02, 2.733314E+02, 2.516963E+00, 5.828030E+00, 2.803105E+02, 2.731897E+02, 2.727132E+02, 2.736628E+02, 2.737947E+02
2024-01-05 21:15:15,2, 4.051529E+01, 2.726488E+02, 2.727315E+02, 2.068626E+00, 1.815595E+00, 2.800760E+02, 2.723659E+02, 2.715832E+02, 2.731600E+02, 2.731600E+02
2024-01-05 21:30:15,2, 1.713811E+01, 2.724753E+02, 2.721914E+02, 1.467554E+00, 1.733288E+00, 2.798421E+02, 2.717212E+02, 2.707632E+02, 2.731600E+02, 2.731600E+02
2024-01-05 21:45:15,2, 0.000000E+00, 2.723019E+02, 2.716876E+02, 0.000000E+00, 1.428979E+00, 2.796060E+02, 2.711676E+02, 2.701263E+02, 2.731600E+02, 2.731600E+02
2024-01-05 22:00:15,2, 0.000000E+00, 2.721281E+02, 2.713675E+02, 0.000000E+00, 1.159899E+00, 2.793935E+02, 2.708881E+02, 2.698724E+02, 2.731600E+02, 2.731600E+02
2024-01-05 22:15:15,2, 0.000000E+00, 2.719354E+02, 2.712042E+02, 0.000000E+00, 1.057541E+00, 2.792119E+02, 2.707749E+02, 2.697884E+02, 2.731600E+02, 2.731600E+02
2024-01-05 22:30:15,2, 0.000000E+00, 2.717426E+02, 2.711425E+02, 0.000000E+00, 9.900924E-01, 2.790582E+02, 2.707519E+02, 2.697896E+02, 2.731600E+02, 2.731600E+02
2024-01-05 22:45:15,2, 0.000000E+00, 2.715499E+02, 2.711350E+02, 0.000000E+00, 9.458247E-01, 2.789276E+02, 2.707774E+02, 2.698361E+02, 2.731600E+02, 2.731600E+02
2024-01-05 23:00:15,2, 0.000000E+00, 2.713580E+02, 2.711548E+02, 0.000000E+00, 9.292293E-01, 2.788163E+02, 2.708280E+02, 2.699047E+02, 2.731600E+02, 2.731600E+02
2024-01-05 23:15:15,2, 0.000000E+00, 2.712152E+02, 2.711447E+02, 0.000000E+00, 1.207899E+00, 2.787148E+02, 2.707834E+02, 2.698426E+02, 2.731600E+02, 2.731600E+02
2024-01-05 23:30:15,2, 0.000000E+00, 2.710723E+02, 2.710859E+02, 0.000000E+00, 1.443469E+00, 2.786159E+02, 2.706948E+02, 2.697385E+02, 2.731600E+02, 2.731600E+02
2024-01-05 23:45:15,2, 0.000000E+00, 2.709294E+02, 2.710015E+02, 0.000000E+00, 1.632773E+00, 2.785191E+02, 2.705845E+02, 2.696140E+02, 2.731600E+02, 2.731600E+02
2024-01-06 00:00:15,1, 0.000000E+00, 2.707865E+02, 2.709031E+02, 0.000000E+00, 1.775533E+00, 2.784178E+02, 2.704211E+02, 2.694003E+02, 2.731600E+02, 2.731600E+02
2024-01-06 00:15:15,1, 0.000000E+00, 2.706380E+02, 2.707927E+02, 0.000000E+00, 1.951190E+00, 2.783234E+02, 2.702725E+02, 2.692291E+02, 2.731600E+02, 2.731600E+02
2024-01-06 00:30:15,1, 0.000000E+00, 2.704895E+02, 2.706681E+02, 0.000000E+00, 2.068138E+00, 2.782281E+02, 2.701111E+02, 2.690461E+02, 2.731600E+02, 2.731600E+02
2024-01-06 00:45:15,1, 0.000000E+00, 2.703410E+02, 2.705362E+02, 0.000000E+00, 2.143153E+00, 2.781323E+02, 2.699439E+02, 2.688578E+02, 2.731600E+02, 2.731600E+02
2024-01-06 01:00:15,1, 0.000000E+00, 2.701933E+02, 2.704006E+02, 0.000000E+00, 2.172621E+00, 2.780361E+02, 2.697741E+02, 2.686680E+02, 2.731600E+02, 2.731600E+02
2024-01-06 01:15:15,1, 0.000000E+00, 2.700943E+02, 2.702933E+02, 0.000000E+00, 1.766369E+00, 2.779432E+02, 2.696724E+02, 2.685731E+02, 2.731600E+02, 2.731600E+02
2024-01-06 01:30:15,1, 0.000000E+00, 2.699953E+02, 2.702203E+02, 0.000000E+00, 1.510332E+00, 2.778566E+02, 2.696008E+02, 2.685033E+02, 2.731600E+02, 2.731600E+02
2024-01-06 01:45:15,1, 0.000000E+00, 2.698963E+02, 2.701621E+02, 0.000000E+00, 1.323705E+00, 2.777754E+02, 2.695424E+02, 2.684441E+02, 2.731600E+02, 2.731600E+02
2024-01-06 02:00:15,1, 0.000000E+00, 2.697971E+02, 2.701091E+02, 0.000000E+00, 1.177959E+00, 2.776989E+02, 2.694881E+02, 2.683868E+02, 2.731600E+02, 2.731600E+02
2024-01-06 02:15:15,1, 0.000000E+00, 2.696838E+02, 2.700465E+02, 0.000000E+00, 1.107615E+00, 2.776251E+02, 2.694163E+02, 2.683113E+02, 2.731600E+02, 2.731600E+02
2024-01-06 02:30:15,1, 0.000000E+00, 2.695706E+02, 2.699705E+02, 0.000000E+00, 1.074820E+00, 2.775503E+02, 2.693429E+02, 2.682610E+02, 2.731600E+02, 2.731600E+02
2024-01-06 02:45:15,1, 0.000000E+00, 2.694573E+02, 2.698839E+02, 0.000000E+00, 8.852831E-01, 2.774749E+02, 2.692552E+02, 2.681829E+02, 2.731600E+02, 2.731600E+02
2024-01-06 03:00:15,1, 0.000000E+00, 2.693444E+02, 2.697906E+02, 0.000000E+00, 6.805723E-01, 2.774001E+02, 2.691589E+02, 2.680884E+02, 2.731600E+02, 2.731600E+02
2024-01-06 03:15:15,1, 0.000000E+00, 2.692545E+02, 2.697052E+02, 0.000000E+00, 1.045418E+00, 2.773269E+02, 2.690683E+02, 2.679973E+02, 2.731600E+02, 2.731600E+02
2024-01-06 03:30:15,1, 0.000000E+00, 2.691647E+02, 2.696243E+02, 0.000000E+00, 1.289980E+00, 2.772547E+02, 2.689846E+02, 2.679198E+02, 2.731600E+02, 2.731600E+02
2024-01-06 03:45:15,1, 0.000000E+00, 2.690748E+02, 2.695423E+02, 0.000000E+00, 1.474804E+00, 2.771811E+02, 2.689085E+02, 2.678731E+02, 2.731600E+02, 2.731600E+02
2024-01-06 04:00:15,1, 0.000000E+00, 2.689852E+02, 2.694599E+02, 0.000000E+00, 1.465175E+00, 2.771089E+02, 2.688207E+02, 2.677840E+02, 2.731600E+02, 2.731600E+02
2024-01-06 04:15:15,1, 0.000000E+00, 2.689144E+02, 2.693973E+02, 0.000000E+00, 9.549027E-01, 2.770408E+02, 2.687720E+02, 2.677433E+02, 2.731600E+02, 2.731600E+02
2024-01-06 04:30:15,1, 0.000000E+00, 2.688436E+02, 2.693409E+02, 0.000000E+00, 7.178602E-01, 2.769771E+02, 2.687317E+02, 2.677143E+02, 2.731600E+02, 2.731600E+02
2024-01-06 04:45:15,1, 0.000000E+00, 2.687728E+02, 2.692846E+02, 0.000000E+00, 5.858086E-01, 2.769172E+02, 2.686914E+02, 2.676837E+02, 2.731600E+02, 2.731600E+02
2024-01-06 05:00:15,1, 0.000000E+00, 2.687054E+02, 2.692284E+02, 0.000000E+00, 5.257182E-01, 2.768605E+02, 2.686507E+02, 2.676502E+02, 2.731600E+02, 2.731600E+02
2024-01-06 05:15:15,1, 0.000000E+00, 2.688384E+02, 2.693046E+02, 0.000000E+00, 8.023598E-01, 2.768154E+02, 2.686916E+02, 2.676163E+02, 2.731600E+02, 2.731600E+02
2024-01-06 05:30:15,1, 0.000000E+00, 2.689714E+02, 2.694209E+02, 0.000000E+00, 1.096272E+00, 2.767823E+02, 2.688088E+02, 2.677481E+02, 2.731600E+02, 2.731600E+02
2024-01-06 05:45:15,1, 0.000000E+00, 2.691045E+02, 2.695327E+02, 0.000000E+00, 1.251222E+00, 2.767527E+02, 2.689225E+02, 2.678761E+02, 2.731600E+02, 2.731600E+02
2024-01-06 06:00:15,1, 0.000000E+00, 2.692335E+02, 2.696397E+02, 0.000000E+00, 1.345311E+00, 2.767262E+02, 2.690323E+02, 2.679998E+02, 2.731600E+02, 2.731600E+02
2024-01-06 06:15:15,1, 0.000000E+00, 2.691306E+02, 2.696226E+02, 0.000000E+00, 1.404584E+00, 2.766996E+02, 2.690246E+02, 2.679931E+02, 2.731600E+02, 2.731600E+02
2024-01-06 06:30:15,1, 0.000000E+00, 2.690276E+02, 2.695360E+02, 0.000000E+00, 6.453015E-01, 2.766678E+02, 2.689543E+02, 2.679365E+02, 2.731600E+02, 2.731600E+02
2024-01-06 06:45:15,1, 0.000000E+00, 2.689246E+02, 2.694506E+02, 0.000000E+00, 1.737135E-01, 2.766302E+02, 2.688974E+02, 2.679286E+02, 2.731600E+02, 2.731600E+02
2024-01-06 07:00:15,1, 0.000000E+00, 2.688226E+02, 2.693651E+02, 0.000000E+00,-6.875119E-02, 2.765883E+02, 2.688365E+02, 2.679048E+02, 2.731600E+02, 2.731600E+02
2024-01-06 07:15:15,1, 0.000000E+00, 2.687719E+02, 2.693195E+02, 0.000000E+00, 3.704941E-01, 2.765479E+02, 2.688242E+02, 2.679131E+02, 2.731600E+02, 2.731600E+02
2024-01-06 07:30:15,1, 0.000000E+00, 2.687212E+02, 2.692869E+02, 0.000000E+00, 5.312086E-01, 2.765116E+02, 2.688267E+02, 2.679373E+02, 2.731600E+02, 2.731600E+02
2024-01-06 07:45:15,1, 0.000000E+00, 2.686705E+02, 2.692544E+02, 0.000000E+00, 5.801332E-01, 2.764786E+02, 2.688291E+02, 2.679602E+02, 2.731600E+02, 2.731600E+02
2024-01-06 08:00:15,1, 0.000000E+00, 2.686206E+02, 2.692210E+02, 0.000000E+00, 5.920670E-01, 2.764485E+02, 2.688303E+02, 2.679800E+02, 2.731600E+02, 2.731600E+02
2024-01-06 08:15:15,1, 0.000000E+00, 2.686170E+02, 2.692055E+02, 0.000000E+00, 7.157645E-01, 2.764192E+02, 2.687975E+02, 2.679371E+02, 2.731600E+02, 2.731600E+02
2024-01-06 08:30:15,1, 0.000000E+00, 2.686135E+02, 2.691965E+02, 0.000000E+00, 7.428448E-01, 2.763892E+02, 2.687706E+02, 2.679006E+02, 2.731600E+02, 2.731600E+02
2024-01-06 08:45:15,1, 0.000000E+00, 2.686099E+02, 2.691868E+02, 0.000000E+00, 7.388774E-01, 2.763586E+02, 2.687428E+02, 2.678625E+02, 2.731600E+02, 2.731600E+02
2024-01-06 09:00:15,1, 0.000000E+00, 2.686054E+02, 2.691767E+02, 0.000000E+00, 7.357011E-01, 2.763278E+02, 2.687146E+02, 2.678238E+02, 2.731600E+02, 2.731600E+02
2024-01-06 09:15:15,1, 0.000000E+00, 2.685489E+02, 2.691372E+02, 0.000000E+00, 1.012438E+00, 2.762941E+02, 2.686783E+02, 2.678020E+02, 2.731600E+02, 2.731600E+02
2024-01-06 09:30:15,1, 0.000000E+00, 2.684925E+02, 2.690882E+02, 0.000000E+00, 1.078483E+00, 2.762564E+02, 2.686299E+02, 2.677648E+02, 2.731600E+02, 2.731600E+02
2024-01-06 09:45:15,1, 0.000000E+00, 2.684361E+02, 2.690383E+02, 0.000000E+00, 1.089255E+00, 2.762157E+02, 2.685791E+02, 2.677236E+02, 2.731600E+02, 2.731600E+02
2024-01-06 10:00:15,1, 0.000000E+00, 2.683829E+02, 2.689886E+02, 0.000000E+00, 1.082169E+00, 2.761728E+02, 2.685284E+02, 2.676816E+02, 2.731600E+02, 2.731600E+02
2024-01-06 10:15:15,1, 0.000000E+00, 2.685228E+02, 2.690964E+02, 0.000000E+00, 1.208265E+00, 2.761431E+02, 2.687243E+02, 2.679288E+02, 2.731600E+02, 2.731600E+02
2024-01-06 10:30:15,1, 0.000000E+00, 2.686626E+02, 2.692609E+02, 0.000000E+00, 1.368964E+00, 2.761349E+02, 2.689862E+02, 2.682478E+02, 2.731600E+02, 2.731600E+02
2024-01-06 10:45:15,1, 0.000000E+00, 2.688025E+02, 2.694266E+02, 0.000000E+00, 1.465450E+00, 2.761437E+02, 2.692508E+02, 2.685698E+02, 2.731600E+02, 2.731600E+02
2024-01-06 11:00:15,1, 0.000000E+00, 2.689411E+02, 2.695907E+02, 0.000000E+00, 1.557235E+00, 2.761669E+02, 2.695144E+02, 2.688903E+02, 2.731600E+02, 2.731600E+02
2024-01-06 11:15:15,1, 0.000000E+00, 2.690083E+02, 2.696718E+02, 0.000000E+00, 1.928070E+00, 2.761902E+02, 2.695829E+02, 2.689562E+02, 2.731600E+02, 2.731600E+02
2024-01-06 11:30:15,1, 0.000000E+00, 2.690755E+02, 2.697277E+02, 0.000000E+00, 1.993342E+00, 2.762052E+02, 2.696230E+02, 2.689936E+02, 2.731600E+02, 2.731600E+02
2024-01-06 11:45:15,1, 0.000000E+00, 2.691427E+02, 2.697826E+02, 0.000000E+00, 2.023102E+00, 2.762142E+02, 2.696615E+02, 2.690296E+02, 2.731600E+02, 2.731600E+02
2024-01-06 12:00:15,1, 0.000000E+00, 2.692102E+02, 2.698370E+02, 0.000000E+00, 2.044538E+00, 2.762190E+02, 2.696996E+02, 2.690657E+02, 2.731600E+02, 2.731600E+02
2024-01-06 12:15:15,1, 0.000000E+00, 2.692902E+02, 2.699147E+02, 0.000000E+00, 2.098613E+00, 2.762248E+02, 2.698088E+02, 2.691996E+02, 2.731600E+02, 2.731600E+02
2024-01-06 12:30:15,1, 0.000000E+00, 2.693703E+02, 2.699999E+02, 0.000000E+00, 2.159726E+00, 2.762348E+02, 2.699262E+02, 2.693416E+02, 2.731600E+02, 2.731600E+02
2024-01-06 12:45:15,1, 0.000000E+00, 2.694503E+02, 2.700851E+02, 0.000000E+00, 2.210272E+00, 2.762484E+02, 2.700433E+02, 2.694830E+02, 2.731600E+02, 2.731600E+02
2024-01-06 13:00:15,1, 1.907314E+01, 2.695320E+02, 2.701747E+02, 1.601474E+00, 2.398199E+00, 2.762664E+02, 2.702400E+02, 2.697595E+02, 2.731600E+02, 2.731600E+02
2024-01-06 13:15:15,1, 3.286772E+01, 2.697078E+02, 2.703942E+02, 1.907775E+00, 5.380982E+00, 2.763364E+02, 2.706168E+02, 2.702089E+02, 2.731600E+02, 2.731600E+02
2024-01-06 13:30:15,1, 4.612927E+01, 2.698836E+02, 2.705943E+02, 2.039893E+00, 6.429733E+00, 2.764221E+02, 2.709178E+02, 2.705705E+02, 2.731600E+02, 2.731600E+02
2024-01-06 13:45:15,1, 5.880101E+01, 2.700594E+02, 2.707955E+02, 2.131261E+00, 7.061970E+00, 2.765208E+02, 2.712145E+02, 2.709235E+02, 2.731600E+02, 2.731600E+02
2024-01-06 14:00:15,1, 7.821015E+01, 2.702367E+02, 2.709974E+02, 2.214340E+00, 7.551337E+00, 2.766306E+02, 2.715427E+02, 2.713273E+02, 2.731600E+02, 2.731600E+02
2024-01-06 14:15:15,1, 9.072321E+01, 2.704995E+02, 2.712847E+02, 2.322751E+00, 7.858281E+00, 2.767654E+02, 2.719402E+02, 2.717832E+02, 2.731600E+02, 2.731600E+02
2024-01-06 14:30:15,1, 1.024146E+02, 2.707622E+02, 2.715599E+02, 2.410839E+00, 8.382113E+00, 2.769088E+02, 2.722925E+02, 2.721800E+02, 2.731600E+02, 2.731600E+02
2024-01-06 14:45:15,1, 1.132343E+02, 2.710250E+02, 2.718304E+02, 2.496706E+00, 8.950802E+00, 2.770589E+02, 2.726314E+02, 2.725579E+02, 2.731600E+02, 2.731600E+02
2024-01-06 15:00:15,1, 1.258375E+02, 2.712877E+02, 2.720973E+02, 2.581430E+00, 9.511934E+00, 2.772145E+02, 2.729716E+02, 2.729411E+02, 2.731600E+02, 2.731600E+02
2024-01-06 15:15:15,1, 1.349748E+02, 2.715460E+02, 2.723655E+02, 2.671713E+00, 9.789123E+00, 2.773790E+02, 2.733005E+02, 2.733013E+02, 2.731600E+02, 2.731600E+02
2024-01-06 15:30:15,1, 1.430915E+02, 2.718043E+02, 2.726220E+02, 2.752138E+00, 1.030110E+01, 2.775450E+02, 2.736025E+02, 2.736278E+02, 2.731855E+02, 2.732425E+02
2024-01-06 15:45:15,1, 1.501528E+02, 2.720626E+02, 2.728951E+02, 2.833320E+00, 1.093834E+01, 2.777117E+02, 2.739031E+02, 2.739502E+02, 2.734581E+02, 2.735391E+02
2024-01-06 16:00:15,1, 1.253791E+02, 2.723185E+02, 2.731591E+02, 2.903684E+00, 1.150623E+01, 2.778762E+02, 2.740401E+02, 2.740155E+02, 2.737131E+02, 2.737926E+02
2024-01-06 16:15:15,1, 1.292855E+02, 2.724346E+02, 2.732088E+02, 2.859271E+00, 1.073482E+01, 2.779751E+02, 2.740464E+02, 2.740302E+02, 2.737036E+02, 2.737574E+02
2024-01-06 16:30:15,1, 1.322827E+02, 2.725506E+02, 2.733376E+02, 2.901371E+00, 1.107932E+01, 2.780795E+02, 2.741973E+02, 2.741962E+02, 2.738408E+02, 2.738994E+02
2024-01-06 16:45:15,1, 1.343580E+02, 2.726667E+02, 2.734648E+02, 2.941043E+00, 1.136890E+01, 2.781861E+02, 2.743397E+02, 2.743504E+02, 2.739747E+02, 2.740369E+02
2024-01-06 17:00:15,1, 1.559939E+02, 2.727825E+02, 2.735946E+02, 2.984029E+00, 1.161740E+01, 2.782933E+02, 2.745735E+02, 2.746517E+02, 2.741238E+02, 2.741936E+02
2024-01-06 17:15:15,1, 1.562342E+02, 2.728808E+02, 2.737744E+02, 3.078572E+00, 1.159067E+01, 2.784383E+02, 2.747931E+02, 2.748747E+02, 2.743579E+02, 2.744468E+02
2024-01-06 17:30:15,1, 1.553962E+02, 2.729791E+02, 2.738719E+02, 3.103094E+00, 1.160938E+01, 2.785689E+02, 2.748830E+02, 2.749618E+02, 2.744524E+02, 2.745396E+02
2024-01-06 17:45:15,1, 1.534836E+02, 2.730774E+02, 2.739630E+02, 3.123292E+00, 1.170883E+01, 2.786862E+02, 2.749593E+02, 2.750327E+02, 2.745354E+02, 2.746200E+02
2024-01-06 18:00:15,1, 8.942780E+01, 2.731687E+02, 2.740288E+02, 3.098246E+00, 1.162855E+01, 2.787864E+02, 2.747270E+02, 2.746220E+02, 2.745437E+02, 2.746089E+02
2024-01-06 18:15:15,1, 8.703153E+01, 2.728478E+02, 2.735893E+02, 2.861451E+00, 6.761547E+00, 2.787483E+02, 2.741943E+02, 2.740673E+02, 2.739839E+02, 2.739899E+02
2024-01-06 18:30:15,1, 8.401940E+01, 2.725270E+02, 2.732861E+02, 2.790844E+00, 5.831835E+00, 2.787186E+02, 2.739292E+02, 2.737978E+02, 2.736798E+02, 2.736835E+02
2024-01-06 18:45:15,1, 8.040432E+01, 2.722062E+02, 2.729840E+02, 2.719780E+00, 5.090028E+00, 2.786913E+02, 2.736608E+02, 2.735230E+02, 2.733778E+02, 2.733781E+02
2024-01-06 19:00:15,1, 7.485195E+01, 2.718889E+02, 2.726831E+02, 2.645534E+00, 4.471281E+00, 2.786613E+02, 2.733804E+02, 2.732305E+02, 2.731600E+02, 2.731600E+02
2024-01-06 19:15:15,1, 7.016445E+01, 2.717827E+02, 2.725404E+02, 2.596805E+00, 6.387100E+00, 2.786268E+02, 2.732211E+02, 2.730594E+02, 2.731600E+02, 2.731600E+02
2024-01-06 19:30:15,1, 6.493763E+01, 2.716764E+02, 2.724359E+02, 2.556579E+00, 6.291951E+00, 2.785916E+02, 2.730955E+02, 2.729197E+02, 2.731600E+02, 2.731600E+02
2024-01-06 19:45:15,1, 5.919388E+01, 2.715702E+02, 2.723300E+02, 2.511547E+00, 5.977751E+00, 2.785537E+02, 2.729644E+02, 2.727726E+02, 2.731600E+02, 2.731600E+02
2024-01-06 20:00:15,1, 3.543229E+01, 2.714634E+02, 2.722166E+02, 2.325901E+00, 5.586310E+00, 2.785105E+02, 2.727415E+02, 2.724766E+02, 2.731600E+02, 2.731600E+02
2024-01-06 20:15:15,1, 3.094839E+01, 2.713237E+02, 2.720383E+02, 2.198869E+00, 4.431997E+00, 2.784319E+02, 2.725127E+02, 2.722259E+02, 2.731600E+02, 2.731600E+02
2024-01-06 20:30:15,1, 2.617214E+01, 2.711840E+02, 2.719110E+02, 2.077524E+00, 3.941509E+00, 2.783617E+02, 2.723792E+02, 2.720781E+02, 2.731600E+02, 2.731600E+02
2024-01-06 20:45:15,1, 2.112401E+01, 2.710444E+02, 2.717836E+02, 1.904494E+00, 3.414089E+00, 2.782966E+02, 2.722456E+02, 2.719278E+02, 2.731600E+02, 2.731600E+02
2024-01-06 21:00:15,1, 9.501378E+00, 2.709048E+02, 2.716539E+02, 1.165887E+00, 2.761902E+00, 2.782340E+02, 2.720872E+02, 2.717320E+02, 2.731600E+02, 2.731600E+02
2024-01-06 21:15:15,1, 6.183690E+00, 2.707692E+02, 2.715114E+02, 8.141447E-01, 2.366664E+00, 2.781596E+02, 2.719205E+02, 2.715580E+02, 2.731600E+02, 2.731600E+02
2024-01-06 21:30:15,1, 2.743573E+00, 2.706336E+02, 2.713868E+02, 3.846495E-01, 1.584841E+00, 2.780869E+02, 2.717883E+02, 2.714252E+02, 2.731600E+02, 2.731600E+02
2024-01-06 21:45:15,1, 0.000000E+00, 2.704980E+02, 2.712619E+02, 0.000000E+00, 8.529934E-01, 2.780147E+02, 2.716543E+02, 2.712927E+02, 2.731600E+02, 2.731600E+02
2024-01-06 22:00:15,1, 0.000000E+00, 2.703642E+02, 2.711448E+02, 0.000000E+00, 6.747113E-01, 2.779472E+02, 2.715459E+02, 2.711896E+02, 2.731600E+02, 2.731600E+02
2024-01-06 22:15:15,1, 0.000000E+00, 2.703331E+02, 2.711002E+02, 0.000000E+00, 3.940654E-01, 2.778880E+02, 2.715065E+02, 2.711523E+02, 2.731600E+02, 2.731600E+02
2024-01-06 22:30:15,1, 0.000000E+00, 2.703019E+02, 2.710741E+02, 0.000000E+00, 3.375740E-01, 2.778376E+02, 2.714863E+02, 2.711337E+02, 2.731600E+02, 2.731600E+02
2024-01-06 22:45:15,1, 0.000000E+00, 2.702708E+02, 2.710484E+02, 0.000000E+00, 3.059833E-01, 2.777940E+02, 2.714674E+02, 2.711159E+02, 2.731600E+02, 2.731600E+02
2024-01-06 23:00:15,1, 0.000000E+00, 2.702402E+02, 2.710228E+02, 0.000000E+00, 2.811121E-01, 2.777560E+02, 2.714491E+02, 2.710984E+02, 2.731600E+02, 2.731600E+02
2024-01-06 23:15:15,1, 0.000000E+00, 2.702380E+02, 2.710138E+02, 0.000000E+00, 3.367081E-01, 2.777223E+02, 2.714375E+02, 2.710834E+02, 2.731600E+02, 2.731600E+02
2024-01-06 23:30:15,1, 0.000000E+00, 2.702357E+02, 2.710091E+02, 0.000000E+00, 3.242650E-01, 2.776917E+02, 2.714305E+02, 2.710726E+02, 2.731600E+02, 2.731600E+02
2024-01-06 23:45:15,1, 0.000000E+00, 2.702335E+02, 2.710043E+02, 0.000000E+00, 3.034927E-01, 2.776639E+02, 2.714237E+02, 2.710618E+02, 2.731600E+02, 2.731600E+02
2024-01-06 00:00:15,2, 0.000000E+00, 2.707865E+02, 2.709030E+02, 0.000000E+00, 1.778834E+00, 2.784241E+02, 2.704618E+02, 2.694780E+02, 2.731600E+02, 2.731600E+02
2024-01-06 00:15:15,2, 0.000000E+00, 2.706380E+02, 2.707921E+02, 0.000000E+00, 1.952959E+00, 2.783294E+02, 2.703136E+02, 2.693083E+02, 2.731600E+02, 2.731600E+02
2024-01-06 00:30:15,2, 0.000000E+00, 2.704895E+02, 2.706672E+02, 0.000000E+00, 2.068682E+00, 2.782340E+02, 2.701527E+02, 2.691269E+02, 2.731600E+02, 2.731600E+02
2024-01-06 00:45:15,2, 0.000000E+00, 2.703410E+02, 2.705350E+02, 0.000000E+00, 2.142718E+00, 2.781380E+02, 2.699861E+02, 2.689402E+02, 2.731600E+02, 2.731600E+02
2024-01-06 01:00:15,2, 0.000000E+00, 2.701933E+02, 2.703993E+02, 0.000000E+00, 2.171450E+00, 2.780416E+02, 2.698169E+02, 2.687520E+02, 2.731600E+02, 2.731600E+02
2024-01-06 01:15:15,2, 0.000000E+00, 2.700943E+02, 2.702918E+02, 0.000000E+00, 1.765800E+00, 2.779486E+02, 2.697149E+02, 2.686564E+02, 2.731600E+02, 2.731600E+02
2024-01-06 01:30:15,2, 0.000000E+00, 2.699953E+02, 2.702187E+02, 0.000000E+00, 1.509719E+00, 2.778618E+02, 2.696430E+02, 2.685864E+02, 2.731600E+02, 2.731600E+02
2024-01-06 01:45:15,2, 0.000000E+00, 2.698963E+02, 2.701603E+02, 0.000000E+00, 1.322599E+00, 2.777805E+02, 2.695843E+02, 2.685271E+02, 2.731600E+02, 2.731600E+02
2024-01-06 02:00:15,2, 0.000000E+00, 2.697971E+02, 2.701070E+02, 0.000000E+00, 1.176048E+00, 2.777038E+02, 2.695297E+02, 2.684699E+02, 2.731600E+02, 2.731600E+02
2024-01-06 02:15:15,2, 0.000000E+00, 2.696838E+02, 2.700451E+02, 0.000000E+00, 1.095515E+00, 2.776300E+02, 2.694591E+02, 2.683969E+02, 2.731600E+02, 2.731600E+02
2024-01-06 02:30:15,2, 0.000000E+00, 2.695706E+02, 2.699692E+02, 0.000000E+00, 1.069682E+00, 2.775553E+02, 2.693843E+02, 2.683406E+02, 2.731600E+02, 2.731600E+02
2024-01-06 02:45:15,2, 0.000000E+00, 2.694573E+02, 2.698834E+02, 0.000000E+00, 8.908851E-01, 2.774799E+02, 2.692977E+02, 2.682643E+02, 2.731600E+02, 2.731600E+02
2024-01-06 03:00:15,2, 0.000000E+00, 2.693444E+02, 2.697905E+02, 0.000000E+00, 6.873453E-01, 2.774050E+02, 2.692021E+02, 2.681709E+02, 2.731600E+02, 2.731600E+02
2024-01-06 03:15:15,2, 0.000000E+00, 2.692545E+02, 2.697052E+02, 0.000000E+00, 1.049668E+00, 2.773317E+02, 2.691117E+02, 2.680801E+02, 2.731600E+02, 2.731600E+02
2024-01-06 03:30:15,2, 0.000000E+00, 2.691647E+02, 2.696245E+02, 0.000000E+00, 1.294509E+00, 2.772594E+02, 2.690283E+02, 2.680029E+02, 2.731600E+02, 2.731600E+02
2024-01-06 03:45:15,2, 0.000000E+00, 2.690748E+02, 2.695432E+02, 0.000000E+00, 1.481901E+00, 2.771856E+02, 2.689526E+02, 2.679557E+02, 2.731600E+02, 2.731600E+02
2024-01-06 04:00:15,2, 0.000000E+00, 2.689852E+02, 2.694609E+02, 0.000000E+00, 1.468740E+00, 2.771134E+02, 2.688650E+02, 2.678667E+02, 2.731600E+02, 2.731600E+02
2024-01-06 04:15:15,2, 0.000000E+00, 2.689144E+02, 2.693982E+02, 0.000000E+00, 9.541734E-01, 2.770452E+02, 2.688158E+02, 2.678252E+02, 2.731600E+02, 2.731600E+02
2024-01-06 04:30:15,2, 0.000000E+00, 2.688436E+02, 2.693420E+02, 0.000000E+00, 7.167594E-01, 2.769815E+02, 2.687752E+02, 2.677953E+02, 2.731600E+02, 2.731600E+02
2024-01-06 04:45:15,2, 0.000000E+00, 2.687728E+02, 2.692857E+02, 0.000000E+00, 5.852929E-01, 2.769215E+02, 2.687345E+02, 2.677637E+02, 2.731600E+02, 2.731600E+02
2024-01-06 05:00:15,2, 0.000000E+00, 2.687054E+02, 2.692295E+02, 0.000000E+00, 5.259748E-01, 2.768648E+02, 2.686934E+02, 2.677295E+02, 2.731600E+02, 2.731600E+02
2024-01-06 05:15:15,2, 0.000000E+00, 2.688384E+02, 2.693046E+02, 0.000000E+00, 8.006006E-01, 2.768196E+02, 2.687370E+02, 2.677111E+02, 2.731600E+02, 2.731600E+02
2024-01-06 05:30:15,2, 0.000000E+00, 2.689714E+02, 2.694211E+02, 0.000000E+00, 1.096607E+00, 2.767865E+02, 2.688538E+02, 2.678419E+02, 2.731600E+02, 2.731600E+02
2024-01-06 05:45:15,2, 0.000000E+00, 2.691045E+02, 2.695330E+02, 0.000000E+00, 1.251812E+00, 2.767568E+02, 2.689670E+02, 2.679687E+02, 2.731600E+02, 2.731600E+02
2024-01-06 06:00:15,2, 0.000000E+00, 2.692335E+02, 2.696400E+02, 0.000000E+00, 1.345983E+00, 2.767303E+02, 2.690762E+02, 2.680913E+02, 2.731600E+02, 2.731600E+02
2024-01-06 06:15:15,2, 0.000000E+00, 2.691306E+02, 2.696227E+02, 0.000000E+00, 1.404400E+00, 2.767036E+02, 2.690682E+02, 2.680842E+02, 2.731600E+02, 2.731600E+02
2024-01-06 06:30:15,2, 0.000000E+00, 2.690276E+02, 2.695358E+02, 0.000000E+00, 6.437699E-01, 2.766719E+02, 2.689943E+02, 2.680144E+02, 2.731600E+02, 2.731600E+02
2024-01-06 06:45:15,2, 0.000000E+00, 2.689246E+02, 2.694506E+02, 0.000000E+00, 1.737309E-01, 2.766342E+02, 2.689368E+02, 2.680034E+02, 2.731600E+02, 2.731600E+02
2024-01-06 07:00:15,2, 0.000000E+00, 2.688226E+02, 2.693660E+02, 0.000000E+00,-6.834213E-02, 2.765923E+02, 2.688759E+02, 2.679782E+02, 2.731600E+02, 2.731600E+02
2024-01-06 07:15:15,2, 0.000000E+00, 2.687719E+02, 2.693199E+02, 0.000000E+00, 3.714080E-01, 2.765518E+02, 2.688613E+02, 2.679840E+02, 2.731600E+02, 2.731600E+02
2024-01-06 07:30:15,2, 0.000000E+00, 2.687212E+02, 2.692872E+02, 0.000000E+00, 5.316798E-01, 2.765155E+02, 2.688626E+02, 2.680060E+02, 2.731600E+02, 2.731600E+02
2024-01-06 07:45:15,2, 0.000000E+00, 2.686705E+02, 2.692547E+02, 0.000000E+00, 5.805769E-01, 2.764825E+02, 2.688641E+02, 2.680269E+02, 2.731600E+02, 2.731600E+02
2024-01-06 08:00:15,2, 0.000000E+00, 2.686206E+02, 2.692213E+02, 0.000000E+00, 5.927193E-01, 2.764524E+02, 2.688645E+02, 2.680452E+02, 2.731600E+02, 2.731600E+02
2024-01-06 08:15:15,2, 0.000000E+00, 2.686170E+02, 2.692055E+02, 0.000000E+00, 7.158631E-01, 2.764231E+02, 2.688320E+02, 2.680030E+02, 2.731600E+02, 2.731600E+02
2024-01-06 08:30:15,2, 0.000000E+00, 2.686135E+02, 2.691967E+02, 0.000000E+00, 7.432806E-01, 2.763929E+02, 2.688056E+02, 2.679675E+02, 2.731600E+02, 2.731600E+02
2024-01-06 08:45:15,2, 0.000000E+00, 2.686099E+02, 2.691870E+02, 0.000000E+00, 7.393897E-01, 2.763623E+02, 2.687785E+02, 2.679304E+02, 2.731600E+02, 2.731600E+02
2024-01-06 09:00:15,2, 0.000000E+00, 2.686054E+02, 2.691778E+02, 0.000000E+00, 7.376449E-01, 2.763315E+02, 2.687525E+02, 2.678936E+02, 2.731600E+02, 2.731600E+02
2024-01-06 09:15:15,2, 0.000000E+00, 2.685489E+02, 2.691374E+02, 0.000000E+00, 1.012402E+00, 2.762978E+02, 2.687137E+02, 2.678697E+02, 2.731600E+02, 2.731600E+02
2024-01-06 09:30:15,2, 0.000000E+00, 2.684925E+02, 2.690884E+02, 0.000000E+00, 1.078731E+00, 2.762601E+02, 2.686648E+02, 2.678316E+02, 2.731600E+02, 2.731600E+02
2024-01-06 09:45:15,2, 0.000000E+00, 2.684361E+02, 2.690385E+02, 0.000000E+00, 1.089632E+00, 2.762194E+02, 2.686136E+02, 2.677898E+02, 2.731600E+02, 2.731600E+02
2024-01-06 10:00:15,2, 0.000000E+00, 2.683829E+02, 2.689889E+02, 0.000000E+00, 1.082571E+00, 2.761764E+02, 2.685626E+02, 2.677471E+02, 2.731600E+02, 2.731600E+02
2024-01-06 10:15:15,2, 0.000000E+00, 2.685228E+02, 2.690965E+02, 0.000000E+00, 1.208547E+00, 2.761467E+02, 2.687563E+02, 2.679896E+02, 2.731600E+02, 2.731600E+02
2024-01-06 10:30:15,2, 0.000000E+00, 2.686626E+02, 2.692611E+02, 0.000000E+00, 1.369462E+00, 2.761385E+02, 2.690158E+02, 2.683035E+02, 2.731600E+02, 2.731600E+02
2024-01-06 10:45:15,2, 0.000000E+00, 2.688025E+02, 2.694268E+02, 0.000000E+00, 1.465880E+00, 2.761473E+02, 2.692780E+02, 2.686203E+02, 2.731600E+02, 2.731600E+02
2024-01-06 11:00:15,2, 0.000000E+00, 2.689411E+02, 2.695908E+02, 0.000000E+00, 1.557620E+00, 2.761704E+02, 2.695393E+02, 2.689357E+02, 2.731600E+02, 2.731600E+02
2024-01-06 11:15:15,2, 0.000000E+00, 2.690083E+02, 2.696719E+02, 0.000000E+00, 1.928593E+00, 2.761937E+02, 2.696078E+02, 2.690017E+02, 2.731600E+02, 2.731600E+02
2024-01-06 11:30:15,2, 0.000000E+00, 2.690755E+02, 2.697279E+02, 0.000000E+00, 1.993984E+00, 2.762086E+02, 2.696480E+02, 2.690395E+02, 2.731600E+02, 2.731600E+02
2024-01-06 11:45:15,2, 0.000000E+00, 2.691427E+02, 2.697828E+02, 0.000000E+00, 2.023779E+00, 2.762176E+02, 2.696866E+02, 2.690758E+02, 2.731600E+02, 2.731600E+02
2024-01-06 12:00:15,2, 0.000000E+00, 2.692102E+02, 2.698372E+02, 0.000000E+00, 2.045231E+00, 2.762223E+02, 2.697248E+02, 2.691122E+02, 2.731600E+02, 2.731600E+02
2024-01-06 12:15:15,2, 0.000000E+00, 2.692902E+02, 2.699148E+02, 0.000000E+00, 2.099237E+00, 2.762281E+02, 2.698330E+02, 2.692440E+02, 2.731600E+02, 2.731600E+02
2024-01-06 12:30:15,2, 0.000000E+00, 2.693703E+02, 2.700000E+02, 0.000000E+00, 2.160312E+00, 2.762381E+02, 2.699494E+02, 2.693839E+02, 2.731600E+02, 2.731600E+02
2024-01-06 12:45:15,2, 0.000000E+00, 2.694503E+02, 2.700852E+02, 0.000000E+00, 2.210822E+00, 2.762516E+02, 2.700655E+02, 2.695232E+02, 2.731600E+02, 2.731600E+02
2024-01-06 13:00:15,2, 1.907314E+01, 2.695320E+02, 2.701747E+02, 1.604129E+00, 2.398746E+00, 2.762696E+02, 2.702587E+02, 2.697909E+02, 2.731600E+02, 2.731600E+02
2024-01-06 13:15:15,2, 3.286772E+01, 2.697078E+02, 2.703955E+02, 1.908487E+00, 5.386400E+00, 2.763396E+02, 2.706326E+02, 2.702345E+02, 2.731600E+02, 2.731600E+02
2024-01-06 13:30:15,2, 4.612927E+01, 2.698836E+02, 2.705931E+02, 2.040695E+00, 6.417919E+00, 2.764253E+02, 2.709295E+02, 2.705911E+02, 2.731600E+02, 2.731600E+02
2024-01-06 13:45:15,2, 5.880101E+01, 2.700594E+02, 2.707958E+02, 2.132503E+00, 7.066623E+00, 2.765239E+02, 2.712248E+02, 2.709396E+02, 2.731600E+02, 2.731600E+02
2024-01-06 14:00:15,2, 7.821015E+01, 2.702367E+02, 2.709977E+02, 2.215755E+00, 7.555078E+00, 2.766336E+02, 2.715498E+02, 2.713363E+02, 2.731600E+02, 2.731600E+02
2024-01-06 14:15:15,2, 9.072321E+01, 2.704995E+02, 2.712851E+02, 2.324266E+00, 7.862471E+00, 2.767684E+02, 2.719447E+02, 2.717870E+02, 2.731600E+02, 2.731600E+02
2024-01-06 14:30:15,2, 1.024146E+02, 2.707622E+02, 2.715603E+02, 2.412437E+00, 8.386806E+00, 2.769117E+02, 2.722951E+02, 2.721801E+02, 2.731600E+02, 2.731600E+02
2024-01-06 14:45:15,2, 1.132343E+02, 2.710250E+02, 2.718307E+02, 2.498378E+00, 8.955945E+00, 2.770618E+02, 2.726323E+02, 2.725547E+02, 2.731600E+02, 2.731600E+02
2024-01-06 15:00:15,2, 1.258375E+02, 2.712877E+02, 2.720976E+02, 2.583173E+00, 9.517505E+00, 2.772173E+02, 2.729707E+02, 2.729341E+02, 2.731600E+02, 2.731600E+02
2024-01-06 15:15:15,2, 1.349748E+02, 2.715460E+02, 2.723658E+02, 2.673521E+00, 9.795111E+00, 2.773817E+02, 2.732983E+02, 2.732915E+02, 2.731600E+02, 2.731600E+02
2024-01-06 15:30:15,2, 1.430915E+02, 2.718043E+02, 2.726223E+02, 2.753995E+00, 1.030718E+01, 2.775476E+02, 2.735992E+02, 2.736159E+02, 2.731826E+02, 2.732338E+02
2024-01-06 15:45:15,2, 1.501528E+02, 2.720626E+02, 2.728954E+02, 2.835251E+00, 1.094527E+01, 2.777142E+02, 2.738989E+02, 2.739365E+02, 2.734543E+02, 2.735294E+02
2024-01-06 16:00:15,2, 1.253791E+02, 2.723185E+02, 2.731594E+02, 2.905650E+00, 1.151352E+01, 2.778786E+02, 2.740386E+02, 2.740083E+02, 2.737097E+02, 2.737837E+02
2024-01-06 16:15:15,2, 1.292855E+02, 2.724346E+02, 2.732092E+02, 2.861231E+00, 1.074212E+01, 2.779774E+02, 2.740449E+02, 2.740228E+02, 2.737011E+02, 2.737508E+02
2024-01-06 16:30:15,2, 1.322827E+02, 2.725506E+02, 2.733379E+02, 2.903367E+00, 1.108680E+01, 2.780818E+02, 2.741951E+02, 2.741874E+02, 2.738381E+02, 2.738925E+02
2024-01-06 16:45:15,2, 1.343580E+02, 2.726667E+02, 2.734652E+02, 2.943070E+00, 1.137660E+01, 2.781883E+02, 2.743370E+02, 2.743406E+02, 2.739719E+02, 2.740296E+02
2024-01-06 17:00:15,2, 1.559939E+02, 2.727825E+02, 2.735950E+02, 2.986102E+00, 1.162531E+01, 2.782955E+02, 2.745681E+02, 2.746359E+02, 2.741205E+02, 2.741852E+02
2024-01-06 17:15:15,2, 1.562342E+02, 2.728808E+02, 2.737748E+02, 3.080710E+00, 1.159915E+01, 2.784404E+02, 2.747873E+02, 2.748582E+02, 2.743540E+02, 2.744370E+02
2024-01-06 17:30:15,2, 1.553962E+02, 2.729791E+02, 2.738723E+02, 3.105247E+00, 1.161790E+01, 2.785710E+02, 2.748774E+02, 2.749455E+02, 2.744486E+02, 2.745300E+02
2024-01-06 17:45:15,2, 1.534836E+02, 2.730774E+02, 2.739634E+02, 3.125455E+00, 1.171739E+01, 2.786882E+02, 2.749538E+02, 2.750169E+02, 2.745317E+02, 2.746107E+02
2024-01-06 18:00:15,2, 8.942780E+01, 2.731687E+02, 2.740292E+02, 3.100232E+00, 1.163711E+01, 2.787883E+02, 2.747284E+02, 2.746212E+02, 2.745413E+02, 2.746025E+02
2024-01-06 18:15:15,2, 8.703153E+01, 2.728478E+02, 2.735896E+02, 2.863264E+00, 6.768617E+00, 2.787502E+02, 2.741970E+02, 2.740688E+02, 2.739838E+02, 2.739883E+02
2024-01-06 18:30:15,2, 8.401940E+01, 2.725270E+02, 2.732864E+02, 2.792608E+00, 5.838362E+00, 2.787206E+02, 2.739321E+02, 2.737995E+02, 2.736798E+02, 2.736819E+02
2024-01-06 18:45:15,2, 8.040432E+01, 2.722062E+02, 2.729844E+02, 2.721488E+00, 5.096105E+00, 2.786932E+02, 2.736640E+02, 2.735250E+02, 2.733778E+02, 2.733766E+02
2024-01-06 19:00:15,2, 7.485195E+01, 2.718889E+02, 2.726834E+02, 2.647164E+00, 4.476800E+00, 2.786632E+02, 2.733840E+02, 2.732332E+02, 2.731600E+02, 2.731600E+02
2024-01-06 19:15:15,2, 7.016445E+01, 2.717827E+02, 2.725407E+02, 2.598360E+00, 6.391998E+00, 2.786287E+02, 2.732253E+02, 2.730632E+02, 2.731600E+02, 2.731600E+02
2024-01-06 19:30:15,2, 6.493763E+01, 2.716764E+02, 2.724362E+02, 2.558048E+00, 6.296624E+00, 2.785935E+02, 2.731003E+02, 2.729247E+02, 2.731600E+02, 2.731600E+02
2024-01-06 19:45:15,2, 5.919388E+01, 2.715702E+02, 2.723303E+02, 2.512899E+00, 5.982066E+00, 2.785555E+02, 2.729699E+02, 2.727789E+02, 2.731600E+02, 2.731600E+02
2024-01-06 20:00:15,2, 3.543229E+01, 2.714634E+02, 2.722170E+02, 2.326826E+00, 5.590129E+00, 2.785124E+02, 2.727499E+02, 2.724890E+02, 2.731600E+02, 2.731600E+02
2024-01-06 20:15:15,2, 3.094839E+01, 2.713237E+02, 2.720386E+02, 2.199935E+00, 4.434874E+00, 2.784338E+02, 2.725223E+02, 2.722404E+02, 2.731600E+02, 2.731600E+02
2024-01-06 20:30:15,2, 2.617214E+01, 2.711840E+02, 2.719113E+02, 2.079231E+00, 3.944886E+00, 2.783636E+02, 2.723895E+02, 2.720938E+02, 2.731600E+02, 2.731600E+02
2024-01-06 20:45:15,2, 2.112401E+01, 2.710444E+02, 2.717839E+02, 1.907354E+00, 3.418845E+00, 2.782985E+02, 2.722567E+02, 2.719450E+02, 2.731600E+02, 2.731600E+02
2024-01-06 21:00:15,2, 9.501378E+00, 2.709048E+02, 2.716542E+02, 1.168055E+00, 2.768300E+00, 2.782358E+02, 2.721001E+02, 2.717534E+02, 2.731600E+02, 2.731600E+02
2024-01-06 21:15:15,2, 6.183690E+00, 2.707692E+02, 2.715118E+02, 8.151269E-01, 2.370941E+00, 2.781615E+02, 2.719342E+02, 2.715813E+02, 2.731600E+02, 2.731600E+02
2024-01-06 21:30:15,2, 2.743573E+00, 2.706336E+02, 2.713873E+02, 3.848749E-01, 1.587119E+00, 2.780888E+02, 2.718022E+02, 2.714492E+02, 2.731600E+02, 2.731600E+02
2024-01-06 21:45:15,2, 0.000000E+00, 2.704980E+02, 2.712626E+02, 0.000000E+00, 8.540611E-01, 2.780166E+02, 2.716683E+02, 2.713168E+02, 2.731600E+02, 2.731600E+02
2024-01-06 22:00:15,2, 0.000000E+00, 2.703642E+02, 2.711454E+02, 0.000000E+00, 6.755460E-01, 2.779491E+02, 2.715597E+02, 2.712130E+02, 2.731600E+02, 2.731600E+02
2024-01-06 22:15:15,2, 0.000000E+00, 2.703331E+02, 2.711008E+02, 0.000000E+00, 3.948476E-01, 2.778899E+02, 2.715201E+02, 2.711755E+02, 2.731600E+02, 2.731600E+02
2024-01-06 22:30:15,2, 0.000000E+00, 2.703019E+02, 2.710747E+02, 0.000000E+00, 3.383330E-01, 2.778395E+02, 2.714998E+02, 2.711567E+02, 2.731600E+02, 2.731600E+02
2024-01-06 22:45:15,2, 0.000000E+00, 2.702708E+02, 2.710489E+02, 0.000000E+00, 3.067194E-01, 2.777959E+02, 2.714808E+02, 2.711387E+02, 2.731600E+02, 2.731600E+02
2024-01-06 23:00:15,2, 0.000000E+00, 2.702402E+02, 2.710232E+02, 0.000000E+00, 2.818263E-01, 2.777580E+02, 2.714625E+02, 2.711210E+02, 2.731600E+02, 2.731600E+02
2024-01-06 23:15:15,2, 0.000000E+00, 2.702380E+02, 2.710143E+02, 0.000000E+00, 3.374100E-01, 2.777242E+02, 2.714511E+02, 2.711064E+02, 2.731600E+02, 2.731600E+02
2024-01-06 23:30:15,2, 0.000000E+00, 2.702357E+02, 2.710096E+02, 0.000000E+00, 3.249634E-01, 2.776936E+02, 2.714442E+02, 2.710959E+02, 2.731600E+02, 2.731600E+02
2024-01-06 23:45:15,2, 0.000000E+00, 2.702335E+02, 2.710048E+02, 0.000000E+00, 3.041890E-01, 2.776658E+02, 2.714377E+02, 2.710856E+02, 2.731600E+02, 2.731600E+02
2024-01-07 00:00:15,1, 0.000000E+00, 2.702316E+02, 2.709995E+02, 0.000000E+00, 2.792896E-01, 2.776386E+02, 2.714172E+02, 2.710508E+02, 2.731600E+02, 2.731600E+02
2024-01-07 00:15:15,1, 0.000000E+00, 2.702518E+02, 2.710103E+02, 0.000000E+00, 1.982474E-01, 2.776143E+02, 2.714172E+02, 2.710515E+02, 2.731600E+02, 2.731600E+02
2024-01-07 00:30:15,1, 0.000000E+00, 2.702720E+02, 2.710248E+02, 0.000000E+00, 1.719137E-01, 2.775900E+02, 2.714214E+02, 2.710564E+02, 2.731600E+02, 2.731600E+02
2024-01-07 00:45:15,1, 0.000000E+00, 2.702922E+02, 2.710391E+02, 0.000000E+00, 1.528981E-01, 2.775660E+02, 2.714256E+02, 2.710612E+02, 2.731600E+02, 2.731600E+02
2024-01-07 01:00:15,1, 0.000000E+00, 2.703127E+02, 2.710531E+02, 0.000000E+00, 1.290590E-01, 2.775422E+02, 2.714299E+02, 2.710660E+02, 2.731600E+02, 2.731600E+02
2024-01-07 01:15:15,1, 0.000000E+00, 2.703507E+02, 2.710831E+02, 0.000000E+00,-3.578087E-02, 2.775213E+02, 2.714623E+02, 2.711005E+02, 2.731600E+02, 2.731600E+02
2024-01-07 01:30:15,1, 0.000000E+00, 2.703888E+02, 2.711176E+02, 0.000000E+00,-6.959818E-02, 2.775045E+02, 2.714998E+02, 2.711399E+02, 2.731600E+02, 2.731600E+02
2024-01-07 01:45:15,1, 0.000000E+00, 2.704268E+02, 2.711522E+02, 0.000000E+00,-8.495415E-02, 2.774912E+02, 2.715379E+02, 2.711796E+02, 2.731600E+02, 2.731600E+02
2024-01-07 02:00:15,1, 0.000000E+00, 2.704650E+02, 2.711868E+02, 0.000000E+00,-9.292209E-02, 2.774808E+02, 2.715764E+02, 2.712195E+02, 2.731600E+02, 2.731600E+02
2024-01-07 02:15:15,1, 0.000000E+00, 2.705107E+02, 2.712250E+02, 0.000000E+00, 1.552182E-02, 2.774727E+02, 2.716141E+02, 2.712558E+02, 2.731600E+02, 2.731600E+02
2024-01-07 02:30:15,1, 0.000000E+00, 2.705564E+02, 2.712641E+02, 0.000000E+00, 2.423397E-02, 2.774666E+02, 2.716530E+02, 2.712930E+02, 2.731600E+02, 2.731600E+02
2024-01-07 02:45:15,1, 0.000000E+00, 2.706021E+02, 2.713032E+02, 0.000000E+00, 1.803134E-02, 2.774621E+02, 2.716923E+02, 2.713303E+02, 2.731600E+02, 2.731600E+02
2024-01-07 03:00:15,1, 0.000000E+00, 2.706479E+02, 2.713424E+02, 0.000000E+00, 1.367622E-02, 2.774592E+02, 2.717319E+02, 2.713676E+02, 2.731600E+02, 2.731600E+02
2024-01-07 03:15:15,1, 0.000000E+00, 2.706952E+02, 2.713836E+02, 0.000000E+00, 1.209129E-01, 2.774581E+02, 2.717761E+02, 2.714113E+02, 2.731600E+02, 2.731600E+02
2024-01-07 03:30:15,1, 0.000000E+00, 2.707426E+02, 2.714254E+02, 0.000000E+00, 1.356139E-01, 2.774586E+02, 2.718214E+02, 2.714559E+02, 2.731600E+02, 2.731600E+02
2024-01-07 03:45:15,1, 0.000000E+00, 2.707900E+02, 2.714672E+02, 0.000000E+00, 1.343470E-01, 2.774608E+02, 2.718670E+02, 2.715006E+02, 2.731600E+02, 2.731600E+02
2024-01-07 04:00:15,1, 0.000000E+00, 2.708369E+02, 2.715090E+02, 0.000000E+00, 1.276146E-01, 2.774645E+02, 2.719113E+02, 2.715454E+02, 2.731600E+02, 2.731600E+02
2024-01-07 04:15:15,1, 0.000000E+00, 2.708591E+02, 2.715336E+02, 0.000000E+00, 3.832294E-02, 2.774689E+02, 2.719389E+02, 2.715729E+02, 2.731600E+02, 2.731600E+02
2024-01-07 04:30:15,1, 0.000000E+00, 2.708812E+02, 2.715536E+02, 0.000000E+00, 1.087125E-02, 2.774734E+02, 2.719610E+02, 2.715959E+02, 2.731600E+02, 2.731600E+02
2024-01-07 04:45:15,1, 0.000000E+00, 2.709034E+02, 2.715734E+02, 0.000000E+00,-4.408554E-03, 2.774781E+02, 2.719828E+02, 2.716190E+02, 2.731600E+02, 2.731600E+02
2024-01-07 05:00:15,1, 0.000000E+00, 2.709252E+02, 2.715931E+02, 0.000000E+00,-1.052516E-02, 2.774832E+02, 2.720047E+02, 2.716420E+02, 2.731600E+02, 2.731600E+02
2024-01-07 05:15:15,1, 0.000000E+00, 2.709286E+02, 2.716000E+02, 0.000000E+00, 1.866169E-01, 2.774878E+02, 2.720132E+02, 2.716506E+02, 2.731600E+02, 2.731600E+02
2024-01-07 05:30:15,1, 0.000000E+00, 2.709320E+02, 2.716035E+02, 0.000000E+00, 2.202427E-01, 2.774911E+02, 2.720177E+02, 2.716555E+02, 2.731600E+02, 2.731600E+02
2024-01-07 05:45:15,1, 0.000000E+00, 2.709355E+02, 2.716070E+02, 0.000000E+00, 2.191462E-01, 2.774935E+02, 2.720221E+02, 2.716602E+02, 2.731600E+02, 2.731600E+02
2024-01-07 06:00:15,1, 0.000000E+00, 2.709378E+02, 2.716104E+02, 0.000000E+00, 2.427198E-01, 2.774953E+02, 2.720264E+02, 2.716648E+02, 2.731600E+02, 2.731600E+02
2024-01-07 06:15:15,1, 0.000000E+00, 2.708778E+02, 2.715685E+02, 0.000000E+00, 1.218713E+00, 2.774959E+02, 2.719908E+02, 2.716269E+02, 2.731600E+02, 2.731600E+02
2024-01-07 06:30:15,1, 0.000000E+00, 2.708177E+02, 2.715146E+02, 0.000000E+00, 1.410172E+00, 2.774950E+02, 2.719427E+02, 2.715766E+02, 2.731600E+02, 2.731600E+02
2024-01-07 06:45:15,1, 0.000000E+00, 2.707576E+02, 2.714604E+02, 0.000000E+00, 1.445030E+00, 2.774931E+02, 2.718940E+02, 2.715260E+02, 2.731600E+02, 2.731600E+02
2024-01-07 07:00:15,1, 0.000000E+00, 2.706991E+02, 2.714061E+02, 0.000000E+00, 1.418170E+00, 2.774903E+02, 2.718453E+02, 2.714754E+02, 2.731600E+02, 2.731600E+02
2024-01-07 07:15:15,1, 0.000000E+00, 2.707356E+02, 2.714218E+02, 0.000000E+00, 6.304290E-01, 2.774882E+02, 2.718608E+02, 2.714951E+02, 2.731600E+02, 2.731600E+02
2024-01-07 07:30:15,1, 0.000000E+00, 2.707720E+02, 2.714554E+02, 0.000000E+00, 4.860152E-01, 2.774876E+02, 2.718953E+02, 2.715333E+02, 2.731600E+02, 2.731600E+02
2024-01-07 07:45:15,1, 0.000000E+00, 2.708085E+02, 2.714893E+02, 0.000000E+00, 4.578083E-01, 2.774883E+02, 2.719302E+02, 2.715717E+02, 2.731600E+02, 2.731600E+02
2024-01-07 08:00:15,1, 0.000000E+00, 2.708448E+02, 2.715231E+02, 0.000000E+00, 4.514443E-01, 2.774900E+02, 2.719651E+02, 2.716101E+02, 2.731600E+02, 2.731600E+02
2024-01-07 08:15:15,1, 0.000000E+00, 2.708677E+02, 2.715456E+02, 0.000000E+00, 3.787960E-01, 2.774919E+02, 2.719847E+02, 2.716290E+02, 2.731600E+02, 2.731600E+02
2024-01-07 08:30:15,1, 0.000000E+00, 2.708906E+02, 2.715651E+02, 0.000000E+00, 3.585953E-01, 2.774937E+02, 2.720013E+02, 2.716448E+02, 2.731600E+02, 2.731600E+02
2024-01-07 08:45:15,1, 0.000000E+00, 2.709136E+02, 2.715845E+02, 0.000000E+00, 3.501735E-01, 2.774954E+02, 2.720177E+02, 2.716606E+02, 2.731600E+02, 2.731600E+02
2024-01-07 09:00:15,1, 0.000000E+00, 2.709363E+02, 2.716040E+02, 0.000000E+00, 3.471075E-01, 2.774970E+02, 2.720339E+02, 2.716764E+02, 2.731600E+02, 2.731600E+02
2024-01-07 09:15:15,1, 0.000000E+00, 2.709463E+02, 2.716146E+02, 0.000000E+00, 4.268513E-01, 2.774984E+02, 2.720427E+02, 2.716841E+02, 2.731600E+02, 2.731600E+02
2024-01-07 09:30:15,1, 0.000000E+00, 2.709563E+02, 2.716229E+02, 0.000000E+00, 4.395161E-01, 2.774992E+02, 2.720488E+02, 2.716893E+02, 2.731600E+02, 2.731600E+02
2024-01-07 09:45:15,1, 0.000000E+00, 2.709664E+02, 2.716312E+02, 0.000000E+00, 4.380575E-01, 2.774997E+02, 2.720548E+02, 2.716944E+02, 2.731600E+02, 2.731600E+02
2024-01-07 10:00:15,1, 0.000000E+00, 2.709765E+02, 2.716395E+02, 0.000000E+00, 4.400416E-01, 2.775000E+02, 2.720607E+02, 2.716994E+02, 2.731600E+02, 2.731600E+02
2024-01-07 10:15:15,1, 0.000000E+00, 2.709880E+02, 2.716484E+02, 0.000000E+00, 6.411068E-01, 2.774994E+02, 2.720641E+02, 2.717003E+02, 2.731600E+02, 2.731600E+02
2024-01-07 10:30:15,1, 0.000000E+00, 2.709996E+02, 2.716575E+02, 0.000000E+00, 6.852535E-01, 2.774978E+02, 2.720673E+02, 2.717014E+02, 2.731600E+02, 2.731600E+02
2024-01-07 10:45:15,1, 0.000000E+00, 2.710112E+02, 2.716666E+02, 0.000000E+00, 6.940043E-01, 2.774953E+02, 2.720703E+02, 2.717024E+02, 2.731600E+02, 2.731600E+02
2024-01-07 11:00:15,1, 0.000000E+00, 2.710229E+02, 2.716755E+02, 0.000000E+00, 6.910622E-01, 2.774922E+02, 2.720733E+02, 2.717035E+02, 2.731600E+02, 2.731600E+02
2024-01-07 11:15:15,1, 0.000000E+00, 2.710434E+02, 2.716920E+02, 0.000000E+00, 5.837375E-01, 2.774891E+02, 2.720881E+02, 2.717200E+02, 2.731600E+02, 2.731600E+02
2024-01-07 11:30:15,1, 0.000000E+00, 2.710638E+02, 2.717107E+02, 0.000000E+00, 5.604922E-01, 2.774864E+02, 2.721054E+02, 2.717390E+02, 2.731600E+02, 2.731600E+02
2024-01-07 11:45:15,1, 0.000000E+00, 2.710843E+02, 2.717293E+02, 0.000000E+00, 5.552503E-01, 2.774841E+02, 2.721228E+02, 2.717580E+02, 2.731600E+02, 2.731600E+02
2024-01-07 12:00:15,1, 0.000000E+00, 2.711048E+02, 2.717479E+02, 0.000000E+00, 5.536702E-01, 2.774820E+02, 2.721401E+02, 2.717769E+02, 2.731600E+02, 2.731600E+02
2024-01-07 12:15:15,1, 0.000000E+00, 2.711330E+02, 2.717706E+02, 0.000000E+00, 5.429618E-01, 2.774799E+02, 2.721577E+02, 2.717944E+02, 2.731600E+02, 2.731600E+02
2024-01-07 12:30:15,1, 0.000000E+00, 2.711611E+02, 2.717943E+02, 0.000000E+00, 5.409497E-01, 2.774778E+02, 2.721765E+02, 2.718129E+02, 2.731600E+02, 2.731600E+02
2024-01-07 12:45:15,1, 0.000000E+00, 2.711892E+02, 2.718178E+02, 0.000000E+00, 5.404057E-01, 2.774756E+02, 2.721951E+02, 2.718313E+02, 2.731600E+02, 2.731600E+02
2024-01-07 13:00:15,1, 8.904885E+00, 2.712184E+02, 2.718433E+02, 1.110611E+00, 5.821229E-01, 2.774740E+02, 2.722553E+02, 2.719183E+02, 2.731600E+02, 2.731600E+02
2024-01-07 13:15:15,1, 1.531053E+01, 2.713116E+02, 2.719546E+02, 1.636003E+00, 1.474371E+00, 2.774986E+02, 2.724404E+02, 2.721383E+02, 2.731600E+02, 2.731600E+02
2024-01-07 13:30:15,1, 2.146966E+01, 2.714048E+02, 2.720576E+02, 1.958064E+00, 2.096697E+00, 2.775339E+02, 2.725909E+02, 2.723187E+02, 2.731600E+02, 2.731600E+02
2024-01-07 13:45:15,1, 2.735592E+01, 2.714980E+02, 2.721604E+02, 2.162939E+00, 2.547213E+00, 2.775778E+02, 2.727415E+02, 2.724980E+02, 2.731600E+02, 2.731600E+02
2024-01-07 14:00:15,1, 3.677063E+01, 2.715920E+02, 2.722637E+02, 2.357172E+00, 2.909255E+00, 2.776290E+02, 2.729126E+02, 2.727106E+02, 2.731600E+02, 2.731600E+02
2024-01-07 14:15:15,1, 4.264846E+01, 2.717305E+02, 2.724104E+02, 2.461756E+00, 3.754521E+00, 2.776928E+02, 2.731089E+02, 2.729294E+02, 2.731600E+02, 2.731600E+02
2024-01-07 14:30:15,1, 4.814169E+01, 2.718690E+02, 2.725515E+02, 2.537712E+00, 4.179584E+00, 2.777585E+02, 2.732778E+02, 2.731175E+02, 2.731600E+02, 2.731600E+02
2024-01-07 14:45:15,1, 5.322681E+01, 2.720075E+02, 2.726902E+02, 2.601435E+00, 4.504997E+00, 2.778259E+02, 2.734378E+02, 2.732975E+02, 2.731600E+02, 2.731600E+02
2024-01-07 15:00:15,1, 8.499646E+01, 2.721462E+02, 2.728346E+02, 2.712571E+00, 4.789783E+00, 2.778967E+02, 2.737413E+02, 2.737102E+02, 2.732055E+02, 2.732124E+02
2024-01-07 15:15:15,1, 9.117186E+01, 2.722932E+02, 2.731053E+02, 2.866124E+00, 5.005248E+00, 2.780278E+02, 2.741360E+02, 2.741388E+02, 2.735830E+02, 2.736349E+02
2024-01-07 15:30:15,1, 9.666028E+01, 2.724403E+02, 2.732770E+02, 2.929862E+00, 5.150074E+00, 2.781573E+02, 2.743549E+02, 2.743765E+02, 2.737871E+02, 2.738477E+02
2024-01-07 15:45:15,1, 1.014382E+02, 2.725873E+02, 2.734423E+02, 2.990850E+00, 5.424631E+00, 2.782887E+02, 2.745642E+02, 2.746024E+02, 2.739800E+02, 2.740489E+02
2024-01-07 16:00:15,1, 1.415483E+02, 2.727346E+02, 2.736146E+02, 3.068857E+00, 5.825634E+00, 2.784271E+02, 2.749652E+02, 2.751368E+02, 2.742085E+02, 2.742945E+02
2024-01-07 16:15:15,1, 1.459748E+02, 2.728948E+02, 2.739090E+02, 3.240055E+00, 9.261537E+00, 2.786413E+02, 2.753214E+02, 2.755004E+02, 2.746094E+02, 2.747381E+02
2024-01-07 16:30:15,1, 1.493782E+02, 2.730550E+02, 2.740780E+02, 3.279551E+00, 9.810092E+00, 2.788374E+02, 2.754557E+02, 2.756303E+02, 2.747662E+02, 2.748905E+02
2024-01-07 16:45:15,1, 1.517440E+02, 2.732152E+02, 2.742387E+02, 3.317083E+00, 1.020907E+01, 2.790220E+02, 2.755840E+02, 2.757531E+02, 2.749134E+02, 2.750340E+02
2024-01-07 17:00:15,1, 1.484845E+02, 2.733733E+02, 2.743924E+02, 3.350720E+00, 1.059493E+01, 2.791995E+02, 2.756827E+02, 2.758313E+02, 2.750500E+02, 2.751654E+02
2024-01-07 17:15:15,1, 1.487412E+02, 2.734101E+02, 2.744343E+02, 3.343431E+00, 1.090684E+01, 2.793591E+02, 2.756873E+02, 2.758248E+02, 2.750740E+02, 2.751794E+02
2024-01-07 17:30:15,1, 1.479749E+02, 2.734470E+02, 2.744634E+02, 3.342642E+00, 1.103450E+01, 2.794999E+02, 2.756898E+02, 2.758170E+02, 2.750868E+02, 2.751867E+02
2024-01-07 17:45:15,1, 1.461890E+02, 2.734838E+02, 2.744877E+02, 3.338924E+00, 1.113327E+01, 2.796246E+02, 2.756844E+02, 2.757999E+02, 2.750936E+02, 2.751877E+02
2024-01-07 18:00:15,1, 1.569764E+02, 2.735160E+02, 2.745115E+02, 3.337490E+00, 1.142153E+01, 2.797358E+02, 2.757349E+02, 2.758738E+02, 2.751091E+02, 2.752006E+02
2024-01-07 18:15:15,1, 1.528184E+02, 2.732774E+02, 2.743591E+02, 3.313820E+00, 1.518736E+01, 2.798530E+02, 2.755864E+02, 2.756969E+02, 2.749986E+02, 2.750919E+02
2024-01-07 18:30:15,1, 1.475834E+02, 2.730387E+02, 2.741078E+02, 3.227867E+00, 1.506398E+01, 2.799323E+02, 2.753083E+02, 2.753891E+02, 2.747294E+02, 2.748117E+02
2024-01-07 18:45:15,1, 1.412937E+02, 2.728000E+02, 2.738501E+02, 3.139006E+00, 1.479878E+01, 2.799767E+02, 2.750158E+02, 2.750659E+02, 2.744494E+02, 2.745203E+02
2024-01-07 19:00:15,1, 1.645234E+02, 2.725644E+02, 2.735980E+02, 3.057293E+00, 1.434531E+01, 2.799912E+02, 2.748529E+02, 2.749564E+02, 2.741936E+02, 2.742616E+02
2024-01-07 19:15:15,1, 1.543142E+02, 2.725141E+02, 2.735746E+02, 3.087819E+00, 1.126600E+01, 2.800360E+02, 2.748173E+02, 2.748901E+02, 2.741982E+02, 2.742821E+02
2024-01-07 19:30:15,1, 1.429252E+02, 2.724637E+02, 2.734810E+02, 3.032127E+00, 1.081533E+01, 2.800458E+02, 2.746435E+02, 2.746763E+02, 2.740691E+02, 2.741395E+02
2024-01-07 19:45:15,1, 1.304052E+02, 2.724134E+02, 2.733798E+02, 2.971125E+00, 1.047762E+01, 2.800259E+02, 2.744520E+02, 2.744421E+02, 2.739269E+02, 2.739827E+02
2024-01-07 20:00:15,1, 1.098438E+02, 2.723622E+02, 2.732693E+02, 2.901096E+00, 1.003997E+01, 2.799798E+02, 2.742102E+02, 2.741302E+02, 2.737654E+02, 2.738027E+02
2024-01-07 20:15:15,1, 9.609864E+01, 2.722654E+02, 2.731039E+02, 2.808206E+00, 8.104935E+00, 2.799010E+02, 2.739471E+02, 2.738214E+02, 2.735425E+02, 2.735559E+02
2024-01-07 20:30:15,1, 8.145388E+01, 2.721685E+02, 2.729504E+02, 2.726952E+00, 7.504187E+00, 2.798069E+02, 2.737016E+02, 2.735293E+02, 2.733427E+02, 2.733396E+02
2024-01-07 20:45:15,1, 6.597226E+01, 2.720716E+02, 2.727916E+02, 2.631110E+00, 6.937952E+00, 2.796976E+02, 2.734412E+02, 2.732158E+02, 2.731628E+02, 2.731600E+02
2024-01-07 21:00:15,1, 4.493850E+01, 2.719738E+02, 2.726436E+02, 2.465042E+00, 6.377307E+00, 2.795742E+02, 2.731538E+02, 2.728551E+02, 2.731600E+02, 2.731600E+02
2024-01-07 21:15:15,1, 2.961573E+01, 2.718211E+02, 2.724463E+02, 2.182876E+00, 5.798587E+00, 2.794286E+02, 2.728349E+02, 2.724648E+02, 2.731600E+02, 2.731600E+02
2024-01-07 21:30:15,1, 1.372502E+01, 2.716684E+02, 2.722557E+02, 1.506119E+00, 4.691263E+00, 2.792741E+02, 2.725366E+02, 2.720825E+02, 2.731600E+02, 2.731600E+02
2024-01-07 21:45:15,1, 0.000000E+00, 2.715156E+02, 2.720739E+02, 0.000000E+00, 2.510580E+00, 2.791113E+02, 2.722723E+02, 2.717738E+02, 2.731600E+02, 2.731600E+02
2024-01-07 22:00:15,1, 0.000000E+00, 2.713627E+02, 2.719319E+02, 0.000000E+00, 1.709414E+00, 2.789605E+02, 2.721243E+02, 2.716222E+02, 2.731600E+02, 2.731600E+02
2024-01-07 22:15:15,1, 0.000000E+00, 2.711980E+02, 2.717707E+02, 0.000000E+00, 1.514475E+00, 2.788224E+02, 2.719129E+02, 2.713827E+02, 2.731600E+02, 2.731600E+02
2024-01-07 22:30:15,1, 0.000000E+00, 2.710332E+02, 2.716011E+02, 0.000000E+00, 1.416999E+00, 2.786895E+02, 2.716919E+02, 2.711335E+02, 2.731600E+02, 2.731600E+02
2024-01-07 22:45:15,1, 0.000000E+00, 2.708685E+02, 2.714338E+02, 0.000000E+00, 1.342690E+00, 2.785604E+02, 2.714731E+02, 2.708860E+02, 2.731600E+02, 2.731600E+02
2024-01-07 23:00:15,1, 0.000000E+00, 2.707061E+02, 2.712659E+02, 0.000000E+00, 1.266063E+00, 2.784339E+02, 2.712545E+02, 2.706386E+02, 2.731600E+02, 2.731600E+02
2024-01-07 23:15:15,1, 0.000000E+00, 2.706833E+02, 2.712172E+02, 0.000000E+00, 1.206856E+00, 2.783196E+02, 2.712280E+02, 2.706305E+02, 2.731600E+02, 2.731600E+02
2024-01-07 23:30:15,1, 0.000000E+00, 2.706605E+02, 2.712086E+02, 0.000000E+00, 1.223649E+00, 2.782222E+02, 2.712441E+02, 2.706674E+02, 2.731600E+02, 2.731600E+02
2024-01-07 23:45:15,1, 0.000000E+00, 2.706378E+02, 2.712014E+02, 0.000000E+00, 1.227802E+00, 2.781381E+02, 2.712629E+02, 2.707064E+02, 2.731600E+02, 2.731600E+02
2024-01-07 00:00:15,2, 0.000000E+00, 2.702316E+02, 2.710001E+02, 0.000000E+00, 2.799858E-01, 2.776406E+02, 2.714314E+02, 2.710751E+02, 2.731600E+02, 2.731600E+02
2024-01-07 00:15:15,2, 0.000000E+00, 2.702518E+02, 2.710109E+02, 0.000000E+00, 1.989507E-01, 2.776162E+02, 2.714314E+02, 2.710759E+02, 2.731600E+02, 2.731600E+02
2024-01-07 00:30:15,2, 0.000000E+00, 2.702720E+02, 2.710255E+02, 0.000000E+00, 1.726385E-01, 2.775919E+02, 2.714356E+02, 2.710810E+02, 2.731600E+02, 2.731600E+02
2024-01-07 00:45:15,2, 0.000000E+00, 2.702922E+02, 2.710399E+02, 0.000000E+00, 1.536576E-01, 2.775679E+02, 2.714400E+02, 2.710860E+02, 2.731600E+02, 2.731600E+02
2024-01-07 01:00:15,2, 0.000000E+00, 2.703127E+02, 2.710542E+02, 0.000000E+00, 1.298787E-01, 2.775441E+02, 2.714446E+02, 2.710912E+02, 2.731600E+02, 2.731600E+02
2024-01-07 01:15:15,2, 0.000000E+00, 2.703507E+02, 2.710841E+02, 0.000000E+00,-3.498917E-02, 2.775232E+02, 2.714768E+02, 2.711255E+02, 2.731600E+02, 2.731600E+02
2024-01-07 01:30:15,2, 0.000000E+00, 2.703888E+02, 2.711184E+02, 0.000000E+00,-6.882315E-02, 2.775064E+02, 2.715141E+02, 2.711645E+02, 2.731600E+02, 2.731600E+02
2024-01-07 01:45:15,2, 0.000000E+00, 2.704268E+02, 2.711529E+02, 0.000000E+00,-8.421635E-02, 2.774931E+02, 2.715520E+02, 2.712040E+02, 2.731600E+02, 2.731600E+02
2024-01-07 02:00:15,2, 0.000000E+00, 2.704650E+02, 2.711875E+02, 0.000000E+00,-9.221896E-02, 2.774827E+02, 2.715904E+02, 2.712436E+02, 2.731600E+02, 2.731600E+02
2024-01-07 02:15:15,2, 0.000000E+00, 2.705107E+02, 2.712257E+02, 0.000000E+00, 1.621660E-02, 2.774746E+02, 2.716282E+02, 2.712801E+02, 2.731600E+02, 2.731600E+02
2024-01-07 02:30:15,2, 0.000000E+00, 2.705564E+02, 2.712648E+02, 0.000000E+00, 2.491880E-02, 2.774684E+02, 2.716672E+02, 2.713175E+02, 2.731600E+02, 2.731600E+02
2024-01-07 02:45:15,2, 0.000000E+00, 2.706021E+02, 2.713040E+02, 0.000000E+00, 1.871670E-02, 2.774639E+02, 2.717065E+02, 2.713550E+02, 2.731600E+02, 2.731600E+02
2024-01-07 03:00:15,2, 0.000000E+00, 2.706479E+02, 2.713431E+02, 0.000000E+00, 1.436841E-02, 2.774611E+02, 2.717463E+02, 2.713926E+02, 2.731600E+02, 2.731600E+02
2024-01-07 03:15:15,2, 0.000000E+00, 2.706952E+02, 2.713843E+02, 0.000000E+00, 1.216261E-01, 2.774599E+02, 2.717905E+02, 2.714363E+02, 2.731600E+02, 2.731600E+02
2024-01-07 03:30:15,2, 0.000000E+00, 2.707426E+02, 2.714261E+02, 0.000000E+00, 1.362959E-01, 2.774605E+02, 2.718358E+02, 2.714809E+02, 2.731600E+02, 2.731600E+02
2024-01-07 03:45:15,2, 0.000000E+00, 2.707900E+02, 2.714678E+02, 0.000000E+00, 1.350069E-01, 2.774626E+02, 2.718813E+02, 2.715256E+02, 2.731600E+02, 2.731600E+02
2024-01-07 04:00:15,2, 0.000000E+00, 2.708369E+02, 2.715095E+02, 0.000000E+00, 1.282565E-01, 2.774663E+02, 2.719257E+02, 2.715705E+02, 2.731600E+02, 2.731600E+02
2024-01-07 04:15:15,2, 0.000000E+00, 2.708591E+02, 2.715342E+02, 0.000000E+00, 3.893782E-02, 2.774707E+02, 2.719532E+02, 2.715980E+02, 2.731600E+02, 2.731600E+02
2024-01-07 04:30:15,2, 0.000000E+00, 2.708812E+02, 2.715541E+02, 0.000000E+00, 1.147636E-02, 2.774751E+02, 2.719753E+02, 2.716211E+02, 2.731600E+02, 2.731600E+02
2024-01-07 04:45:15,2, 0.000000E+00, 2.709034E+02, 2.715739E+02, 0.000000E+00,-3.815869E-03, 2.774799E+02, 2.719972E+02, 2.716442E+02, 2.731600E+02, 2.731600E+02
2024-01-07 05:00:15,2, 0.000000E+00, 2.709252E+02, 2.715935E+02, 0.000000E+00,-9.943512E-03, 2.774850E+02, 2.720191E+02, 2.716674E+02, 2.731600E+02, 2.731600E+02
2024-01-07 05:15:15,2, 0.000000E+00, 2.709286E+02, 2.716004E+02, 0.000000E+00, 1.872194E-01, 2.774895E+02, 2.720276E+02, 2.716759E+02, 2.731600E+02, 2.731600E+02
2024-01-07 05:30:15,2, 0.000000E+00, 2.709320E+02, 2.716040E+02, 0.000000E+00, 2.208139E-01, 2.774928E+02, 2.720321E+02, 2.716807E+02, 2.731600E+02, 2.731600E+02
2024-01-07 05:45:15,2, 0.000000E+00, 2.709355E+02, 2.716075E+02, 0.000000E+00, 2.196980E-01, 2.774953E+02, 2.720364E+02, 2.716854E+02, 2.731600E+02, 2.731600E+02
2024-01-07 06:00:15,2, 0.000000E+00, 2.709378E+02, 2.716108E+02, 0.000000E+00, 2.432692E-01, 2.774971E+02, 2.720407E+02, 2.716900E+02, 2.731600E+02, 2.731600E+02
2024-01-07 06:15:15,2, 0.000000E+00, 2.708778E+02, 2.715689E+02, 0.000000E+00, 1.219342E+00, 2.774976E+02, 2.720053E+02, 2.716523E+02, 2.731600E+02, 2.731600E+02
2024-01-07 06:30:15,2, 0.000000E+00, 2.708177E+02, 2.715151E+02, 0.000000E+00, 1.410725E+00, 2.774968E+02, 2.719573E+02, 2.716023E+02, 2.731600E+02, 2.731600E+02
2024-01-07 06:45:15,2, 0.000000E+00, 2.707576E+02, 2.714608E+02, 0.000000E+00, 1.445548E+00, 2.774948E+02, 2.719088E+02, 2.715520E+02, 2.731600E+02, 2.731600E+02
2024-01-07 07:00:15,2, 0.000000E+00, 2.706991E+02, 2.714065E+02, 0.000000E+00, 1.418673E+00, 2.774920E+02, 2.718602E+02, 2.715017E+02, 2.731600E+02, 2.731600E+02
2024-01-07 07:15:15,2, 0.000000E+00, 2.707356E+02, 2.714223E+02, 0.000000E+00, 6.308751E-01, 2.774899E+02, 2.718755E+02, 2.715211E+02, 2.731600E+02, 2.731600E+02
2024-01-07 07:30:15,2, 0.000000E+00, 2.707720E+02, 2.714559E+02, 0.000000E+00, 4.864665E-01, 2.774893E+02, 2.719098E+02, 2.715589E+02, 2.731600E+02, 2.731600E+02
2024-01-07 07:45:15,2, 0.000000E+00, 2.708085E+02, 2.714897E+02, 0.000000E+00, 4.582688E-01, 2.774900E+02, 2.719446E+02, 2.715971E+02, 2.731600E+02, 2.731600E+02
2024-01-07 08:00:15,2, 0.000000E+00, 2.708448E+02, 2.715235E+02, 0.000000E+00, 4.519027E-01, 2.774916E+02, 2.719793E+02, 2.716351E+02, 2.731600E+02, 2.731600E+02
2024-01-07 08:15:15,2, 0.000000E+00, 2.708677E+02, 2.715462E+02, 0.000000E+00, 3.792607E-01, 2.774936E+02, 2.719988E+02, 2.716542E+02, 2.731600E+02, 2.731600E+02
2024-01-07 08:30:15,2, 0.000000E+00, 2.708906E+02, 2.715658E+02, 0.000000E+00, 3.590498E-01, 2.774953E+02, 2.720153E+02, 2.716703E+02, 2.731600E+02, 2.731600E+02
2024-01-07 08:45:15,2, 0.000000E+00, 2.709136E+02, 2.715853E+02, 0.000000E+00, 3.505948E-01, 2.774970E+02, 2.720316E+02, 2.716863E+02, 2.731600E+02, 2.731600E+02
2024-01-07 09:00:15,2, 0.000000E+00, 2.709363E+02, 2.716048E+02, 0.000000E+00, 3.474755E-01, 2.774986E+02, 2.720480E+02, 2.717023E+02, 2.731600E+02, 2.731600E+02
2024-01-07 09:15:15,2, 0.000000E+00, 2.709463E+02, 2.716154E+02, 0.000000E+00, 4.272477E-01, 2.775000E+02, 2.720567E+02, 2.717101E+02, 2.731600E+02, 2.731600E+02
2024-01-07 09:30:15,2, 0.000000E+00, 2.709563E+02, 2.716237E+02, 0.000000E+00, 4.398922E-01, 2.775008E+02, 2.720629E+02, 2.717154E+02, 2.731600E+02, 2.731600E+02
2024-01-07 09:45:15,2, 0.000000E+00, 2.709664E+02, 2.716320E+02, 0.000000E+00, 4.384236E-01, 2.775013E+02, 2.720690E+02, 2.717206E+02, 2.731600E+02, 2.731600E+02
2024-01-07 10:00:15,2, 0.000000E+00, 2.709765E+02, 2.716403E+02, 0.000000E+00, 4.404129E-01, 2.775015E+02, 2.720750E+02, 2.717257E+02, 2.731600E+02, 2.731600E+02
2024-01-07 10:15:15,2, 0.000000E+00, 2.709880E+02, 2.716491E+02, 0.000000E+00, 6.415168E-01, 2.775009E+02, 2.720787E+02, 2.717267E+02, 2.731600E+02, 2.731600E+02
2024-01-07 10:30:15,2, 0.000000E+00, 2.709996E+02, 2.716580E+02, 0.000000E+00, 6.855919E-01, 2.774993E+02, 2.720821E+02, 2.717278E+02, 2.731600E+02, 2.731600E+02
2024-01-07 10:45:15,2, 0.000000E+00, 2.710112E+02, 2.716671E+02, 0.000000E+00, 6.945208E-01, 2.774969E+02, 2.720853E+02, 2.717290E+02, 2.731600E+02, 2.731600E+02
2024-01-07 11:00:15,2, 0.000000E+00, 2.710229E+02, 2.716760E+02, 0.000000E+00, 6.916671E-01, 2.774937E+02, 2.720884E+02, 2.717302E+02, 2.731600E+02, 2.731600E+02
2024-01-07 11:15:15,2, 0.000000E+00, 2.710434E+02, 2.716927E+02, 0.000000E+00, 5.842929E-01, 2.774906E+02, 2.721031E+02, 2.717466E+02, 2.731600E+02, 2.731600E+02
2024-01-07 11:30:15,2, 0.000000E+00, 2.710638E+02, 2.717113E+02, 0.000000E+00, 5.610437E-01, 2.774880E+02, 2.721203E+02, 2.717653E+02, 2.731600E+02, 2.731600E+02
2024-01-07 11:45:15,2, 0.000000E+00, 2.710843E+02, 2.717299E+02, 0.000000E+00, 5.558028E-01, 2.774856E+02, 2.721375E+02, 2.717840E+02, 2.731600E+02, 2.731600E+02
2024-01-07 12:00:15,2, 0.000000E+00, 2.711048E+02, 2.717485E+02, 0.000000E+00, 5.542204E-01, 2.774835E+02, 2.721546E+02, 2.718027E+02, 2.731600E+02, 2.731600E+02
2024-01-07 12:15:15,2, 0.000000E+00, 2.711330E+02, 2.717712E+02, 0.000000E+00, 5.435557E-01, 2.774815E+02, 2.721723E+02, 2.718202E+02, 2.731600E+02, 2.731600E+02
2024-01-07 12:30:15,2, 0.000000E+00, 2.711611E+02, 2.717950E+02, 0.000000E+00, 5.415996E-01, 2.774793E+02, 2.721911E+02, 2.718388E+02, 2.731600E+02, 2.731600E+02
2024-01-07 12:45:15,2, 0.000000E+00, 2.711892E+02, 2.718186E+02, 0.000000E+00, 5.411246E-01, 2.774771E+02, 2.722098E+02, 2.718573E+02, 2.731600E+02, 2.731600E+02
2024-01-07 13:00:15,2, 8.904885E+00, 2.712184E+02, 2.718443E+02, 1.112750E+00, 5.834774E-01, 2.774755E+02, 2.722686E+02, 2.719405E+02, 2.731600E+02, 2.731600E+02
2024-01-07 13:15:15,2, 1.531053E+01, 2.713116E+02, 2.719548E+02, 1.640027E+00, 1.477514E+00, 2.775001E+02, 2.724514E+02, 2.721559E+02, 2.731600E+02, 2.731600E+02
2024-01-07 13:30:15,2, 2.146966E+01, 2.714048E+02, 2.720578E+02, 1.961202E+00, 2.100172E+00, 2.775354E+02, 2.726006E+02, 2.723335E+02, 2.731600E+02, 2.731600E+02
2024-01-07 13:45:15,2, 2.735592E+01, 2.714980E+02, 2.721606E+02, 2.164708E+00, 2.549815E+00, 2.775793E+02, 2.727500E+02, 2.725104E+02, 2.731600E+02, 2.731600E+02
2024-01-07 14:00:15,2, 3.677063E+01, 2.715920E+02, 2.722640E+02, 2.358021E+00, 2.911121E+00, 2.776305E+02, 2.729194E+02, 2.727195E+02, 2.731600E+02, 2.731600E+02
2024-01-07 14:15:15,2, 4.264846E+01, 2.717305E+02, 2.724107E+02, 2.462650E+00, 3.756211E+00, 2.776942E+02, 2.731143E+02, 2.729357E+02, 2.731600E+02, 2.731600E+02
2024-01-07 14:30:15,2, 4.814169E+01, 2.718690E+02, 2.725518E+02, 2.538757E+00, 4.181499E+00, 2.777599E+02, 2.732822E+02, 2.731218E+02, 2.731600E+02, 2.731600E+02
2024-01-07 14:45:15,2, 5.322681E+01, 2.720075E+02, 2.726904E+02, 2.602637E+00, 4.507240E+00, 2.778273E+02, 2.734413E+02, 2.733000E+02, 2.731600E+02, 2.731600E+02
2024-01-07 15:00:15,2, 8.499646E+01, 2.721462E+02, 2.728348E+02, 2.714287E+00, 4.792367E+00, 2.778980E+02, 2.737405E+02, 2.737035E+02, 2.732047E+02, 2.732096E+02
2024-01-07 15:15:15,2, 9.117186E+01, 2.722932E+02, 2.731057E+02, 2.867996E+00, 5.009315E+00, 2.780291E+02, 2.741336E+02, 2.741288E+02, 2.735804E+02, 2.736279E+02
2024-01-07 15:30:15,2, 9.666028E+01, 2.724403E+02, 2.732773E+02, 2.931800E+00, 5.154472E+00, 2.781586E+02, 2.743516E+02, 2.743648E+02, 2.737841E+02, 2.738400E+02
2024-01-07 15:45:15,2, 1.014382E+02, 2.725873E+02, 2.734426E+02, 2.992846E+00, 5.429270E+00, 2.782899E+02, 2.745601E+02, 2.745891E+02, 2.739768E+02, 2.740405E+02
2024-01-07 16:00:15,2, 1.415483E+02, 2.727346E+02, 2.736150E+02, 3.070977E+00, 5.830499E+00, 2.784282E+02, 2.749558E+02, 2.751118E+02, 2.742042E+02, 2.742838E+02
2024-01-07 16:15:15,2, 1.459748E+02, 2.728948E+02, 2.739094E+02, 3.242315E+00, 9.267380E+00, 2.786424E+02, 2.753113E+02, 2.754743E+02, 2.746036E+02, 2.747242E+02
2024-01-07 16:30:15,2, 1.493782E+02, 2.730550E+02, 2.740784E+02, 3.281842E+00, 9.816329E+00, 2.788385E+02, 2.754459E+02, 2.756047E+02, 2.747606E+02, 2.748771E+02
2024-01-07 16:45:15,2, 1.517440E+02, 2.732152E+02, 2.742391E+02, 3.319401E+00, 1.021557E+01, 2.790230E+02, 2.755744E+02, 2.757282E+02, 2.749081E+02, 2.750211E+02
2024-01-07 17:00:15,2, 1.484845E+02, 2.733733E+02, 2.743928E+02, 3.353055E+00, 1.060165E+01, 2.792005E+02, 2.756738E+02, 2.758082E+02, 2.750449E+02, 2.751531E+02
2024-01-07 17:15:15,2, 1.487412E+02, 2.734101E+02, 2.744347E+02, 3.345764E+00, 1.091369E+01, 2.793599E+02, 2.756789E+02, 2.758027E+02, 2.750694E+02, 2.751681E+02
2024-01-07 17:30:15,2, 1.479749E+02, 2.734470E+02, 2.744638E+02, 3.344972E+00, 1.104142E+01, 2.795007E+02, 2.756819E+02, 2.757958E+02, 2.750824E+02, 2.751759E+02
2024-01-07 17:45:15,2, 1.461890E+02, 2.734838E+02, 2.744882E+02, 3.341247E+00, 1.114023E+01, 2.796254E+02, 2.756770E+02, 2.757797E+02, 2.750895E+02, 2.751775E+02
2024-01-07 18:00:15,2, 1.569764E+02, 2.735160E+02, 2.745119E+02, 3.339817E+00, 1.142846E+01, 2.797366E+02, 2.757266E+02, 2.758515E+02, 2.751050E+02, 2.751903E+02
2024-01-07 18:15:15,2, 1.528184E+02, 2.732774E+02, 2.743595E+02, 3.316118E+00, 1.519431E+01, 2.798538E+02, 2.755791E+02, 2.756766E+02, 2.749946E+02, 2.750817E+02
2024-01-07 18:30:15,2, 1.475834E+02, 2.730387E+02, 2.741082E+02, 3.230097E+00, 1.507076E+01, 2.799330E+02, 2.753021E+02, 2.753711E+02, 2.747259E+02, 2.748024E+02
2024-01-07 18:45:15,2, 1.412937E+02, 2.728000E+02, 2.738505E+02, 3.141162E+00, 1.480529E+01, 2.799774E+02, 2.750109E+02, 2.750503E+02, 2.744463E+02, 2.745120E+02
2024-01-07 19:00:15,2, 1.645234E+02, 2.725644E+02, 2.735984E+02, 3.059402E+00, 1.435156E+01, 2.799920E+02, 2.748460E+02, 2.749350E+02, 2.741904E+02, 2.742526E+02
2024-01-07 19:15:15,2, 1.543142E+02, 2.725141E+02, 2.735748E+02, 3.089849E+00, 1.127191E+01, 2.800368E+02, 2.748112E+02, 2.748705E+02, 2.741942E+02, 2.742711E+02
2024-01-07 19:30:15,2, 1.429252E+02, 2.724637E+02, 2.734812E+02, 3.034099E+00, 1.082083E+01, 2.800466E+02, 2.746391E+02, 2.746601E+02, 2.740657E+02, 2.741297E+02
2024-01-07 19:45:15,2, 1.304052E+02, 2.724134E+02, 2.733800E+02, 2.973033E+00, 1.048278E+01, 2.800267E+02, 2.744493E+02, 2.744294E+02, 2.739241E+02, 2.739741E+02
2024-01-07 20:00:15,2, 1.098438E+02, 2.723622E+02, 2.732695E+02, 2.902912E+00, 1.004479E+01, 2.799807E+02, 2.742104E+02, 2.741239E+02, 2.737634E+02, 2.737959E+02
2024-01-07 20:15:15,2, 9.609864E+01, 2.722654E+02, 2.731041E+02, 2.809944E+00, 8.109555E+00, 2.799019E+02, 2.739493E+02, 2.738191E+02, 2.735415E+02, 2.735514E+02
2024-01-07 20:30:15,2, 8.145388E+01, 2.721685E+02, 2.729506E+02, 2.728553E+00, 7.508211E+00, 2.798079E+02, 2.737057E+02, 2.735307E+02, 2.733424E+02, 2.733365E+02
2024-01-07 20:45:15,2, 6.597226E+01, 2.720716E+02, 2.727918E+02, 2.632484E+00, 6.941339E+00, 2.796987E+02, 2.734475E+02, 2.732213E+02, 2.731629E+02, 2.731600E+02
2024-01-07 21:00:15,2, 4.493850E+01, 2.719738E+02, 2.726437E+02, 2.466035E+00, 6.379912E+00, 2.795754E+02, 2.731632E+02, 2.728661E+02, 2.731600E+02, 2.731600E+02
2024-01-07 21:15:15,2, 2.961573E+01, 2.718211E+02, 2.724464E+02, 2.186692E+00, 5.802582E+00, 2.794299E+02, 2.728477E+02, 2.724824E+02, 2.731600E+02, 2.731600E+02
2024-01-07 21:30:15,2, 1.372502E+01, 2.716684E+02, 2.722557E+02, 1.515222E+00, 4.702529E+00, 2.792754E+02, 2.725529E+02, 2.721087E+02, 2.731600E+02, 2.731600E+02
2024-01-07 21:45:15,2, 0.000000E+00, 2.715156E+02, 2.720745E+02, 0.000000E+00, 2.515979E+00, 2.791126E+02, 2.722917E+02, 2.718076E+02, 2.731600E+02, 2.731600E+02
2024-01-07 22:00:15,2, 0.000000E+00, 2.713627E+02, 2.719327E+02, 0.000000E+00, 1.710872E+00, 2.789618E+02, 2.721440E+02, 2.716567E+02, 2.731600E+02, 2.731600E+02
2024-01-07 22:15:15,2, 0.000000E+00, 2.711980E+02, 2.717720E+02, 0.000000E+00, 1.516007E+00, 2.788237E+02, 2.719346E+02, 2.714201E+02, 2.731600E+02, 2.731600E+02
2024-01-07 22:30:15,2, 0.000000E+00, 2.710332E+02, 2.716024E+02, 0.000000E+00, 1.417420E+00, 2.786908E+02, 2.717154E+02, 2.711735E+02, 2.731600E+02, 2.731600E+02
2024-01-07 22:45:15,2, 0.000000E+00, 2.708685E+02, 2.714333E+02, 0.000000E+00, 1.342082E+00, 2.785617E+02, 2.714957E+02, 2.709266E+02, 2.731600E+02, 2.731600E+02
2024-01-07 23:00:15,2, 0.000000E+00, 2.707061E+02, 2.712658E+02, 0.000000E+00, 1.266537E+00, 2.784353E+02, 2.712785E+02, 2.706821E+02, 2.731600E+02, 2.731600E+02
2024-01-07 23:15:15,2, 0.000000E+00, 2.706833E+02, 2.712171E+02, 0.000000E+00, 1.207121E+00, 2.783210E+02, 2.712513E+02, 2.706725E+02, 2.731600E+02, 2.731600E+02
2024-01-07 23:30:15,2, 0.000000E+00, 2.706605E+02, 2.712083E+02, 0.000000E+00, 1.223773E+00, 2.782237E+02, 2.712665E+02, 2.707076E+02, 2.731600E+02, 2.731600E+02
2024-01-07 23:45:15,2, 0.000000E+00, 2.706378E+02, 2.712006E+02, 0.000000E+00, 1.227523E+00, 2.781396E+02, 2.712843E+02, 2.707445E+02, 2.731600E+02, 2.731600E+02
2024-01-08 00:00:15,1, 0.000000E+00, 2.706164E+02, 2.711942E+02, 0.000000E+00, 1.192390E+00, 2.780649E+02, 2.712826E+02, 2.707455E+02, 2.731600E+02, 2.731600E+02
2024-01-08 00:15:15,1, 0.000000E+00, 2.706769E+02, 2.712354E+02, 0.000000E+00, 1.951618E-01, 2.780014E+02, 2.713314E+02, 2.708056E+02, 2.731600E+02, 2.731600E+02
2024-01-08 00:30:15,1, 0.000000E+00, 2.707375E+02, 2.712913E+02, 0.000000E+00, 1.055635E-02, 2.779461E+02, 2.713961E+02, 2.708821E+02, 2.731600E+02, 2.731600E+02
2024-01-08 00:45:15,1, 0.000000E+00, 2.707981E+02, 2.713474E+02, 0.000000E+00,-3.097599E-02, 2.778979E+02, 2.714616E+02, 2.709592E+02, 2.731600E+02, 2.731600E+02
2024-01-08 01:00:15,1, 0.000000E+00, 2.708587E+02, 2.714068E+02, 0.000000E+00,-3.372811E-02, 2.778560E+02, 2.715308E+02, 2.710402E+02, 2.731600E+02, 2.731600E+02
2024-01-08 01:15:15,1, 0.000000E+00, 2.709227E+02, 2.714744E+02, 0.000000E+00, 2.803726E-01, 2.778209E+02, 2.716254E+02, 2.711566E+02, 2.731600E+02, 2.731600E+02
2024-01-08 01:30:15,1, 0.000000E+00, 2.709867E+02, 2.715447E+02, 0.000000E+00, 3.536709E-01, 2.777932E+02, 2.717230E+02, 2.712760E+02, 2.731600E+02, 2.731600E+02
2024-01-08 01:45:15,1, 0.000000E+00, 2.710507E+02, 2.716149E+02, 0.000000E+00, 3.784354E-01, 2.777718E+02, 2.718210E+02, 2.713958E+02, 2.731600E+02, 2.731600E+02
2024-01-08 02:00:15,1, 0.000000E+00, 2.711135E+02, 2.716850E+02, 0.000000E+00, 4.001383E-01, 2.777560E+02, 2.719186E+02, 2.715149E+02, 2.731600E+02, 2.731600E+02
2024-01-08 02:15:15,1, 0.000000E+00, 2.711108E+02, 2.716893E+02, 0.000000E+00, 5.525827E-01, 2.777381E+02, 2.718945E+02, 2.714763E+02, 2.731600E+02, 2.731600E+02
2024-01-08 02:30:15,1, 0.000000E+00, 2.711080E+02, 2.716723E+02, 0.000000E+00, 5.532542E-01, 2.777136E+02, 2.718479E+02, 2.714151E+02, 2.731600E+02, 2.731600E+02
2024-01-08 02:45:15,1, 0.000000E+00, 2.711052E+02, 2.716542E+02, 0.000000E+00, 5.306114E-01, 2.776841E+02, 2.717997E+02, 2.713528E+02, 2.731600E+02, 2.731600E+02
2024-01-08 03:00:15,1, 0.000000E+00, 2.711028E+02, 2.716352E+02, 0.000000E+00, 5.000431E-01, 2.776510E+02, 2.717506E+02, 2.712900E+02, 2.731600E+02, 2.731600E+02
2024-01-08 03:15:15,1, 0.000000E+00, 2.711211E+02, 2.716386E+02, 0.000000E+00, 3.947739E-01, 2.776179E+02, 2.717457E+02, 2.712846E+02, 2.731600E+02, 2.731600E+02
2024-01-08 03:30:15,1, 0.000000E+00, 2.711395E+02, 2.716488E+02, 0.000000E+00, 3.634656E-01, 2.775868E+02, 2.717485E+02, 2.712873E+02, 2.731600E+02, 2.731600E+02
2024-01-08 03:45:15,1, 0.000000E+00, 2.711579E+02, 2.716623E+02, 0.000000E+00, 3.475496E-01, 2.775573E+02, 2.717540E+02, 2.712930E+02, 2.731600E+02, 2.731600E+02
2024-01-08 04:00:15,1, 0.000000E+00, 2.711760E+02, 2.716751E+02, 0.000000E+00, 3.267540E-01, 2.775290E+02, 2.717592E+02, 2.712980E+02, 2.731600E+02, 2.731600E+02
2024-01-08 04:15:15,1, 0.000000E+00, 2.711758E+02, 2.716698E+02, 0.000000E+00, 9.023997E-02, 2.774998E+02, 2.717308E+02, 2.712603E+02, 2.731600E+02, 2.731600E+02
2024-01-08 04:30:15,1, 0.000000E+00, 2.711756E+02, 2.716581E+02, 0.000000E+00, 1.422171E-02, 2.774683E+02, 2.716953E+02, 2.712151E+02, 2.731600E+02, 2.731600E+02
2024-01-08 04:45:15,1, 0.000000E+00, 2.711754E+02, 2.716457E+02, 0.000000E+00,-2.624553E-02, 2.774352E+02, 2.716591E+02, 2.711692E+02, 2.731600E+02, 2.731600E+02
2024-01-08 05:00:15,1, 0.000000E+00, 2.711761E+02, 2.716333E+02, 0.000000E+00,-6.842607E-02, 2.774017E+02, 2.716232E+02, 2.711201E+02, 2.731600E+02, 2.731600E+02
2024-01-08 05:15:15,1, 0.000000E+00, 2.712345E+02, 2.716710E+02, 0.000000E+00,-3.923675E-01, 2.773731E+02, 2.716810E+02, 2.711943E+02, 2.731600E+02, 2.731600E+02
2024-01-08 05:30:15,1, 0.000000E+00, 2.712928E+02, 2.717308E+02, 0.000000E+00,-4.904419E-01, 2.773516E+02, 2.717625E+02, 2.712954E+02, 2.731600E+02, 2.731600E+02
2024-01-08 05:45:15,1, 0.000000E+00, 2.713512E+02, 2.717919E+02, 0.000000E+00,-5.197220E-01, 2.773357E+02, 2.718461E+02, 2.713981E+02, 2.731600E+02, 2.731600E+02
2024-01-08 06:00:15,1, 0.000000E+00, 2.714099E+02, 2.718530E+02, 0.000000E+00,-4.871943E-01, 2.773244E+02, 2.719297E+02, 2.715005E+02, 2.731600E+02, 2.731600E+02
2024-01-08 06:15:15,1, 0.000000E+00, 2.714895E+02, 2.719278E+02, 0.000000E+00, 9.112362E-01, 2.773173E+02, 2.720362E+02, 2.716373E+02, 2.731600E+02, 2.731600E+02
2024-01-08 06:30:15,1, 0.000000E+00, 2.715691E+02, 2.720110E+02, 0.000000E+00, 1.308583E+00, 2.773138E+02, 2.721493E+02, 2.717801E+02, 2.731600E+02, 2.731600E+02
2024-01-08 06:45:15,1, 0.000000E+00, 2.716487E+02, 2.720937E+02, 0.000000E+00, 1.430603E+00, 2.773138E+02, 2.722611E+02, 2.719201E+02, 2.731600E+02, 2.731600E+02
2024-01-08 07:00:15,1, 0.000000E+00, 2.717255E+02, 2.721755E+02, 0.000000E+00, 1.500494E+00, 2.773172E+02, 2.723703E+02, 2.720555E+02, 2.731600E+02, 2.731600E+02
2024-01-08 07:15:15,1, 0.000000E+00, 2.716361E+02, 2.721107E+02, 0.000000E+00, 1.739637E+00, 2.773106E+02, 2.722323E+02, 2.718695E+02, 2.731600E+02, 2.731600E+02
2024-01-08 07:30:15,1, 0.000000E+00, 2.715468E+02, 2.719970E+02, 0.000000E+00, 1.680145E+00, 2.772883E+02, 2.720415E+02, 2.716262E+02, 2.731600E+02, 2.731600E+02
2024-01-08 07:45:15,1, 0.000000E+00, 2.714574E+02, 2.718789E+02, 0.000000E+00, 1.617715E+00, 2.772542E+02, 2.718430E+02, 2.713739E+02, 2.731600E+02, 2.731600E+02
2024-01-08 08:00:15,1, 0.000000E+00, 2.713680E+02, 2.717556E+02, 0.000000E+00, 1.520617E+00, 2.772108E+02, 2.716352E+02, 2.711090E+02, 2.731600E+02, 2.731600E+02
2024-01-08 08:15:15,1, 0.000000E+00, 2.712746E+02, 2.716563E+02, 0.000000E+00, 1.141683E+00, 2.771655E+02, 2.715199E+02, 2.709782E+02, 2.731600E+02, 2.731600E+02
2024-01-08 08:30:15,1, 0.000000E+00, 2.711812E+02, 2.715710E+02, 0.000000E+00, 1.035480E+00, 2.771222E+02, 2.714195E+02, 2.708639E+02, 2.731600E+02, 2.731600E+02
2024-01-08 08:45:15,1, 0.000000E+00, 2.710878E+02, 2.714869E+02, 0.000000E+00, 9.865297E-01, 2.770799E+02, 2.713200E+02, 2.707503E+02, 2.731600E+02, 2.731600E+02
2024-01-08 09:00:15,1, 0.000000E+00, 2.709952E+02, 2.714028E+02, 0.000000E+00, 9.537425E-01, 2.770383E+02, 2.712206E+02, 2.706363E+02, 2.731600E+02, 2.731600E+02
2024-01-08 09:15:15,1, 0.000000E+00, 2.709491E+02, 2.713602E+02, 0.000000E+00, 1.049606E+00, 2.770016E+02, 2.712010E+02, 2.706253E+02, 2.731600E+02, 2.731600E+02
2024-01-08 09:30:15,1, 0.000000E+00, 2.709030E+02, 2.713387E+02, 0.000000E+00, 1.121646E+00, 2.769712E+02, 2.712050E+02, 2.706427E+02, 2.731600E+02, 2.731600E+02
2024-01-08 09:45:15,1, 0.000000E+00, 2.708569E+02, 2.713177E+02, 0.000000E+00, 1.154501E+00, 2.769455E+02, 2.712100E+02, 2.706610E+02, 2.731600E+02, 2.731600E+02
2024-01-08 10:00:15,1, 0.000000E+00, 2.708104E+02, 2.712927E+02, 0.000000E+00, 1.190709E+00, 2.769228E+02, 2.712119E+02, 2.706786E+02, 2.731600E+02, 2.731600E+02
2024-01-08 10:15:15,1, 0.000000E+00, 2.707406E+02, 2.712322E+02, 0.000000E+00, 1.512191E+00, 2.768983E+02, 2.711254E+02, 2.705742E+02, 2.731600E+02, 2.731600E+02
2024-01-08 10:30:15,1, 0.000000E+00, 2.706707E+02, 2.711592E+02, 0.000000E+00, 1.561864E+00, 2.768689E+02, 2.710246E+02, 2.704537E+02, 2.731600E+02, 2.731600E+02
2024-01-08 10:45:15,1, 0.000000E+00, 2.706009E+02, 2.710854E+02, 0.000000E+00, 1.559392E+00, 2.768359E+02, 2.709221E+02, 2.703313E+02, 2.731600E+02, 2.731600E+02
2024-01-08 11:00:15,1, 0.000000E+00, 2.705315E+02, 2.710113E+02, 0.000000E+00, 1.537445E+00, 2.767999E+02, 2.708187E+02, 2.702075E+02, 2.731600E+02, 2.731600E+02
2024-01-08 11:15:15,1, 0.000000E+00, 2.704883E+02, 2.709618E+02, 0.000000E+00, 1.413439E+00, 2.767644E+02, 2.707601E+02, 2.701397E+02, 2.731600E+02, 2.731600E+02
2024-01-08 11:30:15,1, 0.000000E+00, 2.704451E+02, 2.709210E+02, 0.000000E+00, 1.396468E+00, 2.767308E+02, 2.707111E+02, 2.700829E+02, 2.731600E+02, 2.731600E+02
2024-01-08 11:45:15,1, 0.000000E+00, 2.704019E+02, 2.708804E+02, 0.000000E+00, 1.388798E+00, 2.766986E+02, 2.706623E+02, 2.700259E+02, 2.731600E+02, 2.731600E+02
2024-01-08 12:00:15,1, 0.000000E+00, 2.703604E+02, 2.708400E+02, 0.000000E+00, 1.339283E+00, 2.766675E+02, 2.706138E+02, 2.699692E+02, 2.731600E+02, 2.731600E+02
2024-01-08 12:15:15,1, 0.000000E+00, 2.704172E+02, 2.708909E+02, 0.000000E+00, 1.540692E-01, 2.766475E+02, 2.707283E+02, 2.701185E+02, 2.731600E+02, 2.731600E+02
2024-01-08 12:30:15,1, 0.000000E+00, 2.704740E+02, 2.709730E+02, 0.000000E+00,-2.710548E-01, 2.766396E+02, 2.708821E+02, 2.703148E+02, 2.731600E+02, 2.731600E+02
2024-01-08 12:45:15,1, 0.000000E+00, 2.705308E+02, 2.710555E+02, 0.000000E+00,-4.276387E-01, 2.766425E+02, 2.710369E+02, 2.705107E+02, 2.731600E+02, 2.731600E+02
2024-01-08 13:00:15,1, 1.719572E+01, 2.705897E+02, 2.711416E+02, 1.636255E+00,-4.152581E-01, 2.766559E+02, 2.712772E+02, 2.708485E+02, 2.731600E+02, 2.731600E+02
2024-01-08 13:15:15,1, 2.947679E+01, 2.707714E+02, 2.713750E+02, 2.042148E+00, 5.693122E-01, 2.767217E+02, 2.716869E+02, 2.713363E+02, 2.731600E+02, 2.731600E+02
2024-01-08 13:30:15,1, 4.128715E+01, 2.709530E+02, 2.715884E+02, 2.232501E+00, 1.273640E+00, 2.768052E+02, 2.720196E+02, 2.717385E+02, 2.731600E+02, 2.731600E+02
2024-01-08 13:45:15,1, 5.257623E+01, 2.711346E+02, 2.718005E+02, 2.358558E+00, 1.797592E+00, 2.769037E+02, 2.723466E+02, 2.721243E+02, 2.731600E+02, 2.731600E+02
2024-01-08 14:00:15,1, 9.672386E+01, 2.713183E+02, 2.720187E+02, 2.495455E+00, 2.262118E+00, 2.770169E+02, 2.728563E+02, 2.728321E+02, 2.731600E+02, 2.731600E+02
2024-01-08 14:15:15,1, 1.121639E+02, 2.716213E+02, 2.724276E+02, 2.714691E+00, 3.687481E+00, 2.772049E+02, 2.734702E+02, 2.735206E+02, 2.731600E+02, 2.731600E+02
2024-01-08 14:30:15,1, 1.265973E+02, 2.719242E+02, 2.727557E+02, 2.827245E+00, 4.387404E+00, 2.773957E+02, 2.738723E+02, 2.739612E+02, 2.733052E+02, 2.733994E+02
2024-01-08 14:45:15,1, 1.399621E+02, 2.722271E+02, 2.730993E+02, 2.940878E+00, 5.081818E+00, 2.775910E+02, 2.742711E+02, 2.743958E+02, 2.736810E+02, 2.737910E+02
2024-01-08 15:00:15,1, 1.372252E+02, 2.725284E+02, 2.734342E+02, 3.048345E+00, 5.785644E+00, 2.777897E+02, 2.745801E+02, 2.746855E+02, 2.740360E+02, 2.741519E+02
2024-01-08 15:15:15,1, 1.471978E+02, 2.727309E+02, 2.736489E+02, 3.101655E+00, 7.231257E+00, 2.779651E+02, 2.748400E+02, 2.749810E+02, 2.742543E+02, 2.743653E+02
2024-01-08 15:30:15,1, 1.560654E+02, 2.729334E+02, 2.738938E+02, 3.198383E+00, 7.988306E+00, 2.781497E+02, 2.751588E+02, 2.753377E+02, 2.745356E+02, 2.746600E+02
2024-01-08 15:45:15,1, 1.637901E+02, 2.731359E+02, 2.741345E+02, 3.292499E+00, 8.630845E+00, 2.783406E+02, 2.754643E+02, 2.756766E+02, 2.748088E+02, 2.749449E+02
2024-01-08 16:00:15,1, 1.701794E+02, 2.733377E+02, 2.743701E+02, 3.383549E+00, 9.334793E+00, 2.785348E+02, 2.757546E+02, 2.759955E+02, 2.750722E+02, 2.752183E+02
2024-01-08 16:15:15,1, 1.755190E+02, 2.734956E+02, 2.745541E+02, 3.449352E+00, 1.157898E+01, 2.787257E+02, 2.759650E+02, 2.762142E+02, 2.752825E+02, 2.754336E+02
2024-01-08 16:30:15,1, 1.796329E+02, 2.736535E+02, 2.747230E+02, 3.507772E+00, 1.221656E+01, 2.789086E+02, 2.761517E+02, 2.764067E+02, 2.754678E+02, 2.756224E+02
2024-01-08 16:45:15,1, 1.825034E+02, 2.738114E+02, 2.748871E+02, 3.561798E+00, 1.272265E+01, 2.790831E+02, 2.763243E+02, 2.765819E+02, 2.756436E+02, 2.758004E+02
2024-01-08 17:00:15,1, 1.579212E+02, 2.739677E+02, 2.750384E+02, 3.602117E+00, 1.317503E+01, 2.792466E+02, 2.763523E+02, 2.765342E+02, 2.757811E+02, 2.759322E+02
2024-01-08 17:15:15,1, 1.582233E+02, 2.740322E+02, 2.750401E+02, 3.537605E+00, 1.285778E+01, 2.793468E+02, 2.763016E+02, 2.764786E+02, 2.757228E+02, 2.758482E+02
2024-01-08 17:30:15,1, 1.574412E+02, 2.740966E+02, 2.751033E+02, 3.556662E+00, 1.314862E+01, 2.794466E+02, 2.763663E+02, 2.765411E+02, 2.757885E+02, 2.759140E+02
2024-01-08 17:45:15,1, 1.555782E+02, 2.741611E+02, 2.751636E+02, 3.571434E+00, 1.336705E+01, 2.795429E+02, 2.764199E+02, 2.765893E+02, 2.758480E+02, 2.759721E+02
2024-01-08 18:00:15,1, 1.481063E+02, 2.742265E+02, 2.752185E+02, 3.579596E+00, 1.332659E+01, 2.796328E+02, 2.764388E+02, 2.765863E+02, 2.758949E+02, 2.760152E+02
2024-01-08 18:15:15,1, 1.442287E+02, 2.743499E+02, 2.752997E+02, 3.581514E+00, 8.671809E+00, 2.797066E+02, 2.764854E+02, 2.766190E+02, 2.759515E+02, 2.760639E+02
2024-01-08 18:30:15,1, 1.393390E+02, 2.744734E+02, 2.754012E+02, 3.599287E+00, 8.192953E+00, 2.797771E+02, 2.765570E+02, 2.766742E+02, 2.760438E+02, 2.761522E+02
2024-01-08 18:45:15,1, 1.334579E+02, 2.745968E+02, 2.754984E+02, 3.612417E+00, 7.993890E+00, 2.798418E+02, 2.766179E+02, 2.767152E+02, 2.761295E+02, 2.762327E+02
2024-01-08 19:00:15,1, 1.663739E+02, 2.747181E+02, 2.756022E+02, 3.642073E+00, 7.930165E+00, 2.799016E+02, 2.768815E+02, 2.770897E+02, 2.762528E+02, 2.763615E+02
2024-01-08 19:15:15,1, 1.561453E+02, 2.747096E+02, 2.757084E+02, 3.755745E+00, 1.118759E+01, 2.800217E+02, 2.770031E+02, 2.771714E+02, 2.764707E+02, 2.766156E+02
2024-01-08 19:30:15,1, 1.447295E+02, 2.747011E+02, 2.756526E+02, 3.693180E+00, 1.076584E+01, 2.800990E+02, 2.768424E+02, 2.769574E+02, 2.763719E+02, 2.764996E+02
2024-01-08 19:45:15,1, 1.321754E+02, 2.746926E+02, 2.755877E+02, 3.621589E+00, 1.018701E+01, 2.801397E+02, 2.766582E+02, 2.767161E+02, 2.762524E+02, 2.763623E+02
2024-01-08 20:00:15,1, 1.163904E+02, 2.746851E+02, 2.755153E+02, 3.538424E+00, 9.531688E+00, 2.801488E+02, 2.764384E+02, 2.764276E+02, 2.761151E+02, 2.762066E+02
2024-01-08 20:15:15,1, 1.019912E+02, 2.747400E+02, 2.754851E+02, 3.464413E+00, 9.034160E+00, 2.801309E+02, 2.762803E+02, 2.762259E+02, 2.760087E+02, 2.760846E+02
2024-01-08 20:30:15,1, 8.664602E+01, 2.747949E+02, 2.754715E+02, 3.386364E+00, 8.446204E+00, 2.800962E+02, 2.761289E+02, 2.760244E+02, 2.759291E+02, 2.759933E+02
2024-01-08 20:45:15,1, 7.042066E+01, 2.748497E+02, 2.754520E+02, 3.276158E+00, 7.567455E+00, 2.800450E+02, 2.759540E+02, 2.757875E+02, 2.758346E+02, 2.758878E+02
2024-01-08 21:00:15,1, 4.657103E+01, 2.748981E+02, 2.754244E+02, 3.014484E+00, 6.431990E+00, 2.799778E+02, 2.757178E+02, 2.754229E+02, 2.757186E+02, 2.757485E+02
2024-01-08 21:15:15,1, 3.106569E+01, 2.745629E+02, 2.751065E+02, 2.574034E+00, 6.222266E+00, 2.798780E+02, 2.752812E+02, 2.748698E+02, 2.753439E+02, 2.753079E+02
2024-01-08 21:30:15,1, 1.498313E+01, 2.742277E+02, 2.747305E+02, 1.707432E+00, 4.310136E+00, 2.797599E+02, 2.748300E+02, 2.743248E+02, 2.748963E+02, 2.748043E+02
2024-01-08 21:45:15,1, 0.000000E+00, 2.738925E+02, 2.743582E+02, 0.000000E+00, 2.185722E+00, 2.796254E+02, 2.744026E+02, 2.738438E+02, 2.744432E+02, 2.743003E+02
2024-01-08 22:00:15,1, 0.000000E+00, 2.735599E+02, 2.740297E+02, 0.000000E+00, 1.379885E+00, 2.794960E+02, 2.741259E+02, 2.735800E+02, 2.741120E+02, 2.739635E+02
2024-01-08 22:15:15,1, 0.000000E+00, 2.733866E+02, 2.738200E+02, 0.000000E+00, 1.057611E+00, 2.793838E+02, 2.739248E+02, 2.733718E+02, 2.738857E+02, 2.737343E+02
2024-01-08 22:30:15,1, 0.000000E+00, 2.732133E+02, 2.736432E+02, 0.000000E+00, 1.179549E+00, 2.792827E+02, 2.737555E+02, 2.731987E+02, 2.737076E+02, 2.735552E+02
2024-01-08 22:45:15,1, 0.000000E+00, 2.730400E+02, 2.734727E+02, 0.000000E+00, 1.272171E+00, 2.791897E+02, 2.735922E+02, 2.730313E+02, 2.735379E+02, 2.733844E+02
2024-01-08 23:00:15,1, 0.000000E+00, 2.728677E+02, 2.733040E+02, 0.000000E+00, 1.319303E+00, 2.791029E+02, 2.734310E+02, 2.728656E+02, 2.733706E+02, 2.732159E+02
2024-01-08 23:15:15,1, 0.000000E+00, 2.727583E+02, 2.731657E+02, 0.000000E+00, 1.201249E+00, 2.790213E+02, 2.732941E+02, 2.727219E+02, 2.732489E+02, 2.731600E+02
2024-01-08 23:30:15,1, 0.000000E+00, 2.726489E+02, 2.730554E+02, 0.000000E+00, 1.248469E+00, 2.789445E+02, 2.731805E+02, 2.726011E+02, 2.731811E+02, 2.731600E+02
2024-01-08 23:45:15,1, 0.000000E+00, 2.725395E+02, 2.729577E+02, 0.000000E+00, 1.431413E+00, 2.788719E+02, 2.730773E+02, 2.724923E+02, 2.731600E+02, 2.731600E+02
2024-01-08 00:00:15,2, 0.000000E+00, 2.706164E+02, 2.711937E+02, 0.000000E+00, 1.193492E+00, 2.780664E+02, 2.713036E+02, 2.707821E+02, 2.731600E+02, 2.731600E+02
2024-01-08 00:15:15,2, 0.000000E+00, 2.706769E+02, 2.712366E+02, 0.000000E+00, 1.965058E-01, 2.780029E+02, 2.713534E+02, 2.708430E+02, 2.731600E+02, 2.731600E+02
2024-01-08 00:30:15,2, 0.000000E+00, 2.707375E+02, 2.712938E+02, 0.000000E+00, 1.163911E-02, 2.779476E+02, 2.714186E+02, 2.709198E+02, 2.731600E+02, 2.731600E+02
2024-01-08 00:45:15,2, 0.000000E+00, 2.707981E+02, 2.713515E+02, 0.000000E+00,-2.947656E-02, 2.778994E+02, 2.714850E+02, 2.709977E+02, 2.731600E+02, 2.731600E+02
2024-01-08 01:00:15,2, 0.000000E+00, 2.708587E+02, 2.714095E+02, 0.000000E+00,-3.224176E-02, 2.778574E+02, 2.715524E+02, 2.710764E+02, 2.731600E+02, 2.731600E+02
2024-01-08 01:15:15,2, 0.000000E+00, 2.709227E+02, 2.714761E+02, 0.000000E+00, 2.816853E-01, 2.778223E+02, 2.716449E+02, 2.711900E+02, 2.731600E+02, 2.731600E+02
2024-01-08 01:30:15,2, 0.000000E+00, 2.709867E+02, 2.715457E+02, 0.000000E+00, 3.543222E-01, 2.777945E+02, 2.717409E+02, 2.713071E+02, 2.731600E+02, 2.731600E+02
2024-01-08 01:45:15,2, 0.000000E+00, 2.710507E+02, 2.716156E+02, 0.000000E+00, 3.788181E-01, 2.777731E+02, 2.718376E+02, 2.714248E+02, 2.731600E+02, 2.731600E+02
2024-01-08 02:00:15,2, 0.000000E+00, 2.711135E+02, 2.716854E+02, 0.000000E+00, 4.003939E-01, 2.777573E+02, 2.719341E+02, 2.715420E+02, 2.731600E+02, 2.731600E+02
2024-01-08 02:15:15,2, 0.000000E+00, 2.711108E+02, 2.716898E+02, 0.000000E+00, 5.529610E-01, 2.777395E+02, 2.719106E+02, 2.715046E+02, 2.731600E+02, 2.731600E+02
2024-01-08 02:30:15,2, 0.000000E+00, 2.711080E+02, 2.716730E+02, 0.000000E+00, 5.537941E-01, 2.777149E+02, 2.718650E+02, 2.714449E+02, 2.731600E+02, 2.731600E+02
2024-01-08 02:45:15,2, 0.000000E+00, 2.711052E+02, 2.716553E+02, 0.000000E+00, 5.313540E-01, 2.776854E+02, 2.718178E+02, 2.713841E+02, 2.731600E+02, 2.731600E+02
2024-01-08 03:00:15,2, 0.000000E+00, 2.711028E+02, 2.716370E+02, 0.000000E+00, 5.012283E-01, 2.776524E+02, 2.717701E+02, 2.713232E+02, 2.731600E+02, 2.731600E+02
2024-01-08 03:15:15,2, 0.000000E+00, 2.711211E+02, 2.716411E+02, 0.000000E+00, 3.961656E-01, 2.776192E+02, 2.717660E+02, 2.713187E+02, 2.731600E+02, 2.731600E+02
2024-01-08 03:30:15,2, 0.000000E+00, 2.711395E+02, 2.716527E+02, 0.000000E+00, 3.656309E-01, 2.775881E+02, 2.717701E+02, 2.713228E+02, 2.731600E+02, 2.731600E+02
2024-01-08 03:45:15,2, 0.000000E+00, 2.711579E+02, 2.716646E+02, 0.000000E+00, 3.485624E-01, 2.775586E+02, 2.717745E+02, 2.713271E+02, 2.731600E+02, 2.731600E+02
2024-01-08 04:00:15,2, 0.000000E+00, 2.711760E+02, 2.716765E+02, 0.000000E+00, 3.274236E-01, 2.775303E+02, 2.717789E+02, 2.713313E+02, 2.731600E+02, 2.731600E+02
2024-01-08 04:15:15,2, 0.000000E+00, 2.711758E+02, 2.716689E+02, 0.000000E+00, 9.025339E-02, 2.775011E+02, 2.717488E+02, 2.712923E+02, 2.731600E+02, 2.731600E+02
2024-01-08 04:30:15,2, 0.000000E+00, 2.711756E+02, 2.716575E+02, 0.000000E+00, 1.437510E-02, 2.774697E+02, 2.717137E+02, 2.712482E+02, 2.731600E+02, 2.731600E+02
2024-01-08 04:45:15,2, 0.000000E+00, 2.711754E+02, 2.716455E+02, 0.000000E+00,-2.602850E-02, 2.774366E+02, 2.716781E+02, 2.712035E+02, 2.731600E+02, 2.731600E+02
2024-01-08 05:00:15,2, 0.000000E+00, 2.711761E+02, 2.716333E+02, 0.000000E+00,-6.819880E-02, 2.774032E+02, 2.716428E+02, 2.711557E+02, 2.731600E+02, 2.731600E+02
2024-01-08 05:15:15,2, 0.000000E+00, 2.712345E+02, 2.716709E+02, 0.000000E+00,-3.919865E-01, 2.773746E+02, 2.717000E+02, 2.712285E+02, 2.731600E+02, 2.731600E+02
2024-01-08 05:30:15,2, 0.000000E+00, 2.712928E+02, 2.717305E+02, 0.000000E+00,-4.900328E-01, 2.773531E+02, 2.717807E+02, 2.713279E+02, 2.731600E+02, 2.731600E+02
2024-01-08 05:45:15,2, 0.000000E+00, 2.713512E+02, 2.717912E+02, 0.000000E+00,-5.191271E-01, 2.773372E+02, 2.718629E+02, 2.714283E+02, 2.731600E+02, 2.731600E+02
2024-01-08 06:00:15,2, 0.000000E+00, 2.714099E+02, 2.718530E+02, 0.000000E+00,-4.876903E-01, 2.773259E+02, 2.719468E+02, 2.715302E+02, 2.731600E+02, 2.731600E+02
2024-01-08 06:15:15,2, 0.000000E+00, 2.714895E+02, 2.719299E+02, 0.000000E+00, 9.134708E-01, 2.773187E+02, 2.720535E+02, 2.716666E+02, 2.731600E+02, 2.731600E+02
2024-01-08 06:30:15,2, 0.000000E+00, 2.715691E+02, 2.720121E+02, 0.000000E+00, 1.308803E+00, 2.773152E+02, 2.721644E+02, 2.718060E+02, 2.731600E+02, 2.731600E+02
2024-01-08 06:45:15,2, 0.000000E+00, 2.716487E+02, 2.720943E+02, 0.000000E+00, 1.430427E+00, 2.773152E+02, 2.722744E+02, 2.719433E+02, 2.731600E+02, 2.731600E+02
2024-01-08 07:00:15,2, 0.000000E+00, 2.717255E+02, 2.721758E+02, 0.000000E+00, 1.500395E+00, 2.773185E+02, 2.723823E+02, 2.720764E+02, 2.731600E+02, 2.731600E+02
2024-01-08 07:15:15,2, 0.000000E+00, 2.716361E+02, 2.721113E+02, 0.000000E+00, 1.740543E+00, 2.773119E+02, 2.722467E+02, 2.718945E+02, 2.731600E+02, 2.731600E+02
2024-01-08 07:30:15,2, 0.000000E+00, 2.715468E+02, 2.719971E+02, 0.000000E+00, 1.677979E+00, 2.772896E+02, 2.720580E+02, 2.716553E+02, 2.731600E+02, 2.731600E+02
2024-01-08 07:45:15,2, 0.000000E+00, 2.714574E+02, 2.718789E+02, 0.000000E+00, 1.617470E+00, 2.772555E+02, 2.718613E+02, 2.714074E+02, 2.731600E+02, 2.731600E+02
2024-01-08 08:00:15,2, 0.000000E+00, 2.713680E+02, 2.717556E+02, 0.000000E+00, 1.520841E+00, 2.772122E+02, 2.716561E+02, 2.711477E+02, 2.731600E+02, 2.731600E+02
2024-01-08 08:15:15,2, 0.000000E+00, 2.712746E+02, 2.716564E+02, 0.000000E+00, 1.141979E+00, 2.771668E+02, 2.715412E+02, 2.710180E+02, 2.731600E+02, 2.731600E+02
2024-01-08 08:30:15,2, 0.000000E+00, 2.711812E+02, 2.715711E+02, 0.000000E+00, 1.035740E+00, 2.771236E+02, 2.714414E+02, 2.709049E+02, 2.731600E+02, 2.731600E+02
2024-01-08 08:45:15,2, 0.000000E+00, 2.710878E+02, 2.714870E+02, 0.000000E+00, 9.867625E-01, 2.770814E+02, 2.713425E+02, 2.707924E+02, 2.731600E+02, 2.731600E+02
2024-01-08 09:00:15,2, 0.000000E+00, 2.709952E+02, 2.714029E+02, 0.000000E+00, 9.539541E-01, 2.770398E+02, 2.712436E+02, 2.706797E+02, 2.731600E+02, 2.731600E+02
2024-01-08 09:15:15,2, 0.000000E+00, 2.709491E+02, 2.713603E+02, 0.000000E+00, 1.049778E+00, 2.770031E+02, 2.712237E+02, 2.706678E+02, 2.731600E+02, 2.731600E+02
2024-01-08 09:30:15,2, 0.000000E+00, 2.709030E+02, 2.713388E+02, 0.000000E+00, 1.121824E+00, 2.769727E+02, 2.712272E+02, 2.706840E+02, 2.731600E+02, 2.731600E+02
2024-01-08 09:45:15,2, 0.000000E+00, 2.708569E+02, 2.713178E+02, 0.000000E+00, 1.154686E+00, 2.769470E+02, 2.712315E+02, 2.707011E+02, 2.731600E+02, 2.731600E+02
2024-01-08 10:00:15,2, 0.000000E+00, 2.708104E+02, 2.712928E+02, 0.000000E+00, 1.190874E+00, 2.769243E+02, 2.712328E+02, 2.707172E+02, 2.731600E+02, 2.731600E+02
2024-01-08 10:15:15,2, 0.000000E+00, 2.707406E+02, 2.712323E+02, 0.000000E+00, 1.512371E+00, 2.768998E+02, 2.711470E+02, 2.706144E+02, 2.731600E+02, 2.731600E+02
2024-01-08 10:30:15,2, 0.000000E+00, 2.706707E+02, 2.711593E+02, 0.000000E+00, 1.562077E+00, 2.768705E+02, 2.710470E+02, 2.704956E+02, 2.731600E+02, 2.731600E+02
2024-01-08 10:45:15,2, 0.000000E+00, 2.706009E+02, 2.710855E+02, 0.000000E+00, 1.559608E+00, 2.768374E+02, 2.709454E+02, 2.703749E+02, 2.731600E+02, 2.731600E+02
2024-01-08 11:00:15,2, 0.000000E+00, 2.705315E+02, 2.710114E+02, 0.000000E+00, 1.537658E+00, 2.768015E+02, 2.708428E+02, 2.702529E+02, 2.731600E+02, 2.731600E+02
2024-01-08 11:15:15,2, 0.000000E+00, 2.704883E+02, 2.709619E+02, 0.000000E+00, 1.413630E+00, 2.767659E+02, 2.707846E+02, 2.701859E+02, 2.731600E+02, 2.731600E+02
2024-01-08 11:30:15,2, 0.000000E+00, 2.704451E+02, 2.709211E+02, 0.000000E+00, 1.396637E+00, 2.767323E+02, 2.707359E+02, 2.701297E+02, 2.731600E+02, 2.731600E+02
2024-01-08 11:45:15,2, 0.000000E+00, 2.704019E+02, 2.708805E+02, 0.000000E+00, 1.388959E+00, 2.767001E+02, 2.706874E+02, 2.700734E+02, 2.731600E+02, 2.731600E+02
2024-01-08 12:00:15,2, 0.000000E+00, 2.703604E+02, 2.708401E+02, 0.000000E+00, 1.339453E+00, 2.766691E+02, 2.706393E+02, 2.700174E+02, 2.731600E+02, 2.731600E+02
2024-01-08 12:15:15,2, 0.000000E+00, 2.704172E+02, 2.708909E+02, 0.000000E+00, 1.542202E-01, 2.766491E+02, 2.707523E+02, 2.701636E+02, 2.731600E+02, 2.731600E+02
2024-01-08 12:30:15,2, 0.000000E+00, 2.704740E+02, 2.709730E+02, 0.000000E+00,-2.708209E-01, 2.766412E+02, 2.709044E+02, 2.703561E+02, 2.731600E+02, 2.731600E+02
2024-01-08 12:45:15,2, 0.000000E+00, 2.705308E+02, 2.710555E+02, 0.000000E+00,-4.272963E-01, 2.766441E+02, 2.710575E+02, 2.705483E+02, 2.731600E+02, 2.731600E+02
2024-01-08 13:00:15,2, 1.719572E+01, 2.705897E+02, 2.711409E+02, 1.640191E+00,-4.145767E-01, 2.766575E+02, 2.712940E+02, 2.708760E+02, 2.731600E+02, 2.731600E+02
2024-01-08 13:15:15,2, 2.947679E+01, 2.707714E+02, 2.713744E+02, 2.043082E+00, 5.689859E-01, 2.767232E+02, 2.716993E+02, 2.713581E+02, 2.731600E+02, 2.731600E+02
2024-01-08 13:30:15,2, 4.128715E+01, 2.709530E+02, 2.715887E+02, 2.233319E+00, 1.274682E+00, 2.768067E+02, 2.720296E+02, 2.717546E+02, 2.731600E+02, 2.731600E+02
2024-01-08 13:45:15,2, 5.257623E+01, 2.711346E+02, 2.718007E+02, 2.359696E+00, 1.799026E+00, 2.769051E+02, 2.723541E+02, 2.721352E+02, 2.731600E+02, 2.731600E+02
2024-01-08 14:00:15,2, 9.672386E+01, 2.713183E+02, 2.720190E+02, 2.497061E+00, 2.264096E+00, 2.770184E+02, 2.728555E+02, 2.728227E+02, 2.731600E+02, 2.731600E+02
2024-01-08 14:15:15,2, 1.121639E+02, 2.716213E+02, 2.724278E+02, 2.716389E+00, 3.689987E+00, 2.772063E+02, 2.734656E+02, 2.735034E+02, 2.731600E+02, 2.731600E+02
2024-01-08 14:30:15,2, 1.265973E+02, 2.719242E+02, 2.727558E+02, 2.829024E+00, 4.390431E+00, 2.773972E+02, 2.738660E+02, 2.739413E+02, 2.733003E+02, 2.733861E+02
2024-01-08 14:45:15,2, 1.399621E+02, 2.722271E+02, 2.730994E+02, 2.942750E+00, 5.085420E+00, 2.775924E+02, 2.742634E+02, 2.743732E+02, 2.736756E+02, 2.737768E+02
2024-01-08 15:00:15,2, 1.372252E+02, 2.725284E+02, 2.734343E+02, 3.050290E+00, 5.789719E+00, 2.777911E+02, 2.745732E+02, 2.746658E+02, 2.740305E+02, 2.741379E+02
2024-01-08 15:15:15,2, 1.471978E+02, 2.727309E+02, 2.736491E+02, 3.103726E+00, 7.236031E+00, 2.779664E+02, 2.748318E+02, 2.749587E+02, 2.742491E+02, 2.743523E+02
2024-01-08 15:30:15,2, 1.560654E+02, 2.729334E+02, 2.738941E+02, 3.200538E+00, 7.993609E+00, 2.781510E+02, 2.751490E+02, 2.753120E+02, 2.745299E+02, 2.746460E+02
2024-01-08 15:45:15,2, 1.637901E+02, 2.731359E+02, 2.741348E+02, 3.294733E+00, 8.636640E+00, 2.783417E+02, 2.754530E+02, 2.756479E+02, 2.748026E+02, 2.749299E+02
2024-01-08 16:00:15,2, 1.701794E+02, 2.733377E+02, 2.743704E+02, 3.385857E+00, 9.341041E+00, 2.785359E+02, 2.757420E+02, 2.759642E+02, 2.750656E+02, 2.752024E+02
2024-01-08 16:15:15,2, 1.755190E+02, 2.734956E+02, 2.745545E+02, 3.451711E+00, 1.158552E+01, 2.787267E+02, 2.759520E+02, 2.761820E+02, 2.752758E+02, 2.754174E+02
2024-01-08 16:30:15,2, 1.796329E+02, 2.736535E+02, 2.747234E+02, 3.510171E+00, 1.222349E+01, 2.789096E+02, 2.761384E+02, 2.763739E+02, 2.754609E+02, 2.756060E+02
2024-01-08 16:45:15,2, 1.825034E+02, 2.738114E+02, 2.748875E+02, 3.564233E+00, 1.272988E+01, 2.790840E+02, 2.763108E+02, 2.765487E+02, 2.756366E+02, 2.757837E+02
2024-01-08 17:00:15,2, 1.579212E+02, 2.739677E+02, 2.750387E+02, 3.604560E+00, 1.318253E+01, 2.792474E+02, 2.763418E+02, 2.765079E+02, 2.757746E+02, 2.759167E+02
2024-01-08 17:15:15,2, 1.582233E+02, 2.740322E+02, 2.750405E+02, 3.540053E+00, 1.286543E+01, 2.793476E+02, 2.762915E+02, 2.764531E+02, 2.757173E+02, 2.758351E+02
2024-01-08 17:30:15,2, 1.574412E+02, 2.740966E+02, 2.751036E+02, 3.559119E+00, 1.315635E+01, 2.794473E+02, 2.763563E+02, 2.765157E+02, 2.757830E+02, 2.759009E+02
2024-01-08 17:45:15,2, 1.555782E+02, 2.741611E+02, 2.751640E+02, 3.573894E+00, 1.337488E+01, 2.795436E+02, 2.764100E+02, 2.765641E+02, 2.758425E+02, 2.759591E+02
2024-01-08 18:00:15,2, 1.481063E+02, 2.742265E+02, 2.752189E+02, 3.582048E+00, 1.333453E+01, 2.796334E+02, 2.764298E+02, 2.765629E+02, 2.758896E+02, 2.760026E+02
2024-01-08 18:15:15,2, 1.442287E+02, 2.743499E+02, 2.753001E+02, 3.583952E+00, 8.679797E+00, 2.797072E+02, 2.764770E+02, 2.765968E+02, 2.759465E+02, 2.760519E+02
2024-01-08 18:30:15,2, 1.393390E+02, 2.744734E+02, 2.754015E+02, 3.601717E+00, 8.200619E+00, 2.797777E+02, 2.765492E+02, 2.766533E+02, 2.760390E+02, 2.761405E+02
2024-01-08 18:45:15,2, 1.334579E+02, 2.745968E+02, 2.754987E+02, 3.614828E+00, 8.001299E+00, 2.798424E+02, 2.766108E+02, 2.766959E+02, 2.761249E+02, 2.762215E+02
2024-01-08 19:00:15,2, 1.663739E+02, 2.747181E+02, 2.756025E+02, 3.644535E+00, 7.937278E+00, 2.799022E+02, 2.768700E+02, 2.770593E+02, 2.762476E+02, 2.763487E+02
2024-01-08 19:15:15,2, 1.561453E+02, 2.747096E+02, 2.757086E+02, 3.758129E+00, 1.119418E+01, 2.800223E+02, 2.769926E+02, 2.771431E+02, 2.764642E+02, 2.765992E+02
2024-01-08 19:30:15,2, 1.447295E+02, 2.747011E+02, 2.756528E+02, 3.695487E+00, 1.077207E+01, 2.800996E+02, 2.768342E+02, 2.769338E+02, 2.763662E+02, 2.764848E+02
2024-01-08 19:45:15,2, 1.321754E+02, 2.746926E+02, 2.755878E+02, 3.623796E+00, 1.019270E+01, 2.801404E+02, 2.766525E+02, 2.766975E+02, 2.762475E+02, 2.763492E+02
2024-01-08 20:00:15,2, 1.163904E+02, 2.746851E+02, 2.755154E+02, 3.540503E+00, 9.536693E+00, 2.801496E+02, 2.764357E+02, 2.764154E+02, 2.761111E+02, 2.761954E+02
2024-01-08 20:15:15,2, 1.019912E+02, 2.747400E+02, 2.754851E+02, 3.466363E+00, 9.038432E+00, 2.801318E+02, 2.762798E+02, 2.762179E+02, 2.760055E+02, 2.760752E+02
2024-01-08 20:30:15,2, 8.664602E+01, 2.747949E+02, 2.754716E+02, 3.387792E+00, 8.450794E+00, 2.800970E+02, 2.761296E+02, 2.760209E+02, 2.759257E+02, 2.759855E+02
2024-01-08 20:45:15,2, 7.042066E+01, 2.748497E+02, 2.754519E+02, 3.277645E+00, 7.568444E+00, 2.800460E+02, 2.759580E+02, 2.757897E+02, 2.758322E+02, 2.758815E+02
2024-01-08 21:00:15,2, 4.657103E+01, 2.748981E+02, 2.754244E+02, 3.016104E+00, 6.432878E+00, 2.799789E+02, 2.757272E+02, 2.754355E+02, 2.757168E+02, 2.757409E+02
2024-01-08 21:15:15,2, 3.106569E+01, 2.745629E+02, 2.751065E+02, 2.581308E+00, 6.227900E+00, 2.798791E+02, 2.752958E+02, 2.748925E+02, 2.753448E+02, 2.753087E+02
2024-01-08 21:30:15,2, 1.498313E+01, 2.742277E+02, 2.747304E+02, 1.716468E+00, 4.326126E+00, 2.797611E+02, 2.748496E+02, 2.743588E+02, 2.748978E+02, 2.748103E+02
2024-01-08 21:45:15,2, 0.000000E+00, 2.738925E+02, 2.743580E+02, 0.000000E+00, 2.193668E+00, 2.796266E+02, 2.744256E+02, 2.738885E+02, 2.744504E+02, 2.743124E+02
2024-01-08 22:00:15,2, 0.000000E+00, 2.735599E+02, 2.740298E+02, 0.000000E+00, 1.388127E+00, 2.794971E+02, 2.741478E+02, 2.736199E+02, 2.741177E+02, 2.739756E+02
2024-01-08 22:15:15,2, 0.000000E+00, 2.733866E+02, 2.738199E+02, 0.000000E+00, 1.060266E+00, 2.793850E+02, 2.739475E+02, 2.734156E+02, 2.738914E+02, 2.737468E+02
2024-01-08 22:30:15,2, 0.000000E+00, 2.732133E+02, 2.736431E+02, 0.000000E+00, 1.181438E+00, 2.792839E+02, 2.737782E+02, 2.732428E+02, 2.737136E+02, 2.735677E+02
2024-01-08 22:45:15,2, 0.000000E+00, 2.730400E+02, 2.734726E+02, 0.000000E+00, 1.273668E+00, 2.791909E+02, 2.736150E+02, 2.730756E+02, 2.735440E+02, 2.733970E+02
2024-01-08 23:00:15,2, 0.000000E+00, 2.728677E+02, 2.733040E+02, 0.000000E+00, 1.320543E+00, 2.791041E+02, 2.734540E+02, 2.729103E+02, 2.733767E+02, 2.732286E+02
2024-01-08 23:15:15,2, 0.000000E+00, 2.727583E+02, 2.731654E+02, 0.000000E+00, 1.200998E+00, 2.790224E+02, 2.733172E+02, 2.727673E+02, 2.732518E+02, 2.731600E+02
2024-01-08 23:30:15,2, 0.000000E+00, 2.726489E+02, 2.730555E+02, 0.000000E+00, 1.250205E+00, 2.789456E+02, 2.732043E+02, 2.726472E+02, 2.731812E+02, 2.731600E+02
2024-01-08 23:45:15,2, 0.000000E+00, 2.725395E+02, 2.729580E+02, 0.000000E+00, 1.436932E+00, 2.788730E+02, 2.731015E+02, 2.725389E+02, 2.731600E+02, 2.731600E+02
2024-01-09 00:00:15,1, 0.000000E+00, 2.724308E+02, 2.728562E+02, 0.000000E+00, 1.624645E+00, 2.788001E+02, 2.729746E+02, 2.723967E+02, 2.731600E+02, 2.731600E+02
2024-01-09 00:15:15,1, 0.000000E+00, 2.723682E+02, 2.727872E+02, 0.000000E+00, 1.661096E+00, 2.787330E+02, 2.729098E+02, 2.723351E+02, 2.731600E+02, 2.731600E+02
2024-01-09 00:30:15,1, 0.000000E+00, 2.723056E+02, 2.727338E+02, 0.000000E+00, 1.901309E+00, 2.786708E+02, 2.728628E+02, 2.722977E+02, 2.731600E+02, 2.731600E+02
2024-01-09 00:45:15,1, 0.000000E+00, 2.722430E+02, 2.726815E+02, 0.000000E+00, 2.054133E+00, 2.786119E+02, 2.728170E+02, 2.722611E+02, 2.731600E+02, 2.731600E+02
2024-01-09 01:00:15,1, 0.000000E+00, 2.721787E+02, 2.726286E+02, 0.000000E+00, 2.176853E+00, 2.785560E+02, 2.727703E+02, 2.722226E+02, 2.731600E+02, 2.731600E+02
2024-01-09 01:15:15,1, 0.000000E+00, 2.720148E+02, 2.724821E+02, 0.000000E+00, 3.443263E+00, 2.784914E+02, 2.725736E+02, 2.720061E+02, 2.731600E+02, 2.731600E+02
2024-01-09 01:30:15,1, 0.000000E+00, 2.718509E+02, 2.723117E+02, 0.000000E+00, 3.586779E+00, 2.784180E+02, 2.723479E+02, 2.717493E+02, 2.731600E+02, 2.731600E+02
2024-01-09 01:45:15,1, 0.000000E+00, 2.716870E+02, 2.721405E+02, 0.000000E+00, 3.613909E+00, 2.783380E+02, 2.721215E+02, 2.714925E+02, 2.731600E+02, 2.731600E+02
2024-01-09 02:00:15,1, 0.000000E+00, 2.715228E+02, 2.719700E+02, 0.000000E+00, 3.559254E+00, 2.782544E+02, 2.718922E+02, 2.712259E+02, 2.731600E+02, 2.731600E+02
2024-01-09 02:15:15,1, 0.000000E+00, 2.713396E+02, 2.717918E+02, 0.000000E+00, 4.045116E+00, 2.781663E+02, 2.716838E+02, 2.710087E+02, 2.731600E+02, 2.731600E+02
2024-01-09 02:30:15,1, 0.000000E+00, 2.711564E+02, 2.716120E+02, 0.000000E+00, 4.043459E+00, 2.780737E+02, 2.714695E+02, 2.707779E+02, 2.731600E+02, 2.731600E+02
2024-01-09 02:45:15,1, 0.000000E+00, 2.709733E+02, 2.714332E+02, 0.000000E+00, 4.038173E+00, 2.779789E+02, 2.712561E+02, 2.705486E+02, 2.731600E+02, 2.731600E+02
2024-01-09 03:00:15,1, 0.000000E+00, 2.707931E+02, 2.712551E+02, 0.000000E+00, 3.918076E+00, 2.778819E+02, 2.710436E+02, 2.703211E+02, 2.731600E+02, 2.731600E+02
2024-01-09 03:15:15,1, 0.000000E+00, 2.707923E+02, 2.712102E+02, 0.000000E+00, 1.842496E+00, 2.777980E+02, 2.710215E+02, 2.703027E+02, 2.731600E+02, 2.731600E+02
2024-01-09 03:30:15,1, 0.000000E+00, 2.707914E+02, 2.712270E+02, 0.000000E+00, 1.508291E+00, 2.777275E+02, 2.710778E+02, 2.703958E+02, 2.731600E+02, 2.731600E+02
2024-01-09 03:45:15,1, 0.000000E+00, 2.707905E+02, 2.712491E+02, 0.000000E+00, 1.341933E+00, 2.776658E+02, 2.711384E+02, 2.704937E+02, 2.731600E+02, 2.731600E+02
2024-01-09 04:00:15,1, 0.000000E+00, 2.707881E+02, 2.712675E+02, 0.000000E+00, 1.297777E+00, 2.776106E+02, 2.711943E+02, 2.705888E+02, 2.731600E+02, 2.731600E+02
2024-01-09 04:15:15,1, 0.000000E+00, 2.706954E+02, 2.712027E+02, 0.000000E+00, 2.147873E+00, 2.775542E+02, 2.711069E+02, 2.704947E+02, 2.731600E+02, 2.731600E+02
2024-01-09 04:30:15,1, 0.000000E+00, 2.706027E+02, 2.711099E+02, 0.000000E+00, 2.313967E+00, 2.774931E+02, 2.709887E+02, 2.703655E+02, 2.731600E+02, 2.731600E+02
2024-01-09 04:45:15,1, 0.000000E+00, 2.705100E+02, 2.710160E+02, 0.000000E+00, 2.348863E+00, 2.774287E+02, 2.708693E+02, 2.702352E+02, 2.731600E+02, 2.731600E+02
2024-01-09 05:00:15,1, 0.000000E+00, 2.704190E+02, 2.709223E+02, 0.000000E+00, 2.322238E+00, 2.773617E+02, 2.707504E+02, 2.701059E+02, 2.731600E+02, 2.731600E+02
2024-01-09 05:15:15,1, 0.000000E+00, 2.704308E+02, 2.709161E+02, 0.000000E+00, 1.698264E+00, 2.773013E+02, 2.707709E+02, 2.701445E+02, 2.731600E+02, 2.731600E+02
2024-01-09 05:30:15,1, 0.000000E+00, 2.704426E+02, 2.709409E+02, 0.000000E+00, 1.621166E+00, 2.772517E+02, 2.708264E+02, 2.702226E+02, 2.731600E+02, 2.731600E+02
2024-01-09 05:45:15,1, 0.000000E+00, 2.704544E+02, 2.709669E+02, 0.000000E+00, 1.616102E+00, 2.772103E+02, 2.708839E+02, 2.703022E+02, 2.731600E+02, 2.731600E+02
2024-01-09 06:00:15,1, 0.000000E+00, 2.704661E+02, 2.709929E+02, 0.000000E+00, 1.645217E+00, 2.771760E+02, 2.709414E+02, 2.703810E+02, 2.731600E+02, 2.731600E+02
2024-01-09 06:15:15,1, 0.000000E+00, 2.704703E+02, 2.709968E+02, 0.000000E+00, 2.074231E+00, 2.771426E+02, 2.709319E+02, 2.703710E+02, 2.731600E+02, 2.731600E+02
2024-01-09 06:30:15,1, 0.000000E+00, 2.704745E+02, 2.709930E+02, 0.000000E+00, 2.174036E+00, 2.771064E+02, 2.709132E+02, 2.703512E+02, 2.731600E+02, 2.731600E+02
2024-01-09 06:45:15,1, 0.000000E+00, 2.704786E+02, 2.709887E+02, 0.000000E+00, 2.207630E+00, 2.770685E+02, 2.708940E+02, 2.703309E+02, 2.731600E+02, 2.731600E+02
2024-01-09 07:00:15,1, 0.000000E+00, 2.704832E+02, 2.709844E+02, 0.000000E+00, 2.207040E+00, 2.770295E+02, 2.708749E+02, 2.703106E+02, 2.731600E+02, 2.731600E+02
2024-01-09 07:15:15,1, 0.000000E+00, 2.705088E+02, 2.709975E+02, 0.000000E+00, 1.672485E+00, 2.769909E+02, 2.708836E+02, 2.703267E+02, 2.731600E+02, 2.731600E+02
2024-01-09 07:30:15,1, 0.000000E+00, 2.705345E+02, 2.710164E+02, 0.000000E+00, 1.560562E+00, 2.769535E+02, 2.708988E+02, 2.703497E+02, 2.731600E+02, 2.731600E+02
2024-01-09 07:45:15,1, 0.000000E+00, 2.705601E+02, 2.710353E+02, 0.000000E+00, 1.541319E+00, 2.769172E+02, 2.709143E+02, 2.703724E+02, 2.731600E+02, 2.731600E+02
2024-01-09 08:00:15,1, 0.000000E+00, 2.705868E+02, 2.710542E+02, 0.000000E+00, 1.542317E+00, 2.768818E+02, 2.709299E+02, 2.703950E+02, 2.731600E+02, 2.731600E+02
2024-01-09 08:15:15,1, 0.000000E+00, 2.706722E+02, 2.711136E+02, 0.000000E+00, 1.573400E+00, 2.768514E+02, 2.709985E+02, 2.704763E+02, 2.731600E+02, 2.731600E+02
2024-01-09 08:30:15,1, 0.000000E+00, 2.707577E+02, 2.711883E+02, 0.000000E+00, 1.635114E+00, 2.768257E+02, 2.710844E+02, 2.705797E+02, 2.731600E+02, 2.731600E+02
2024-01-09 08:45:15,1, 0.000000E+00, 2.708431E+02, 2.712640E+02, 0.000000E+00, 1.676539E+00, 2.768037E+02, 2.711712E+02, 2.706836E+02, 2.731600E+02, 2.731600E+02
2024-01-09 09:00:15,1, 0.000000E+00, 2.709279E+02, 2.713397E+02, 0.000000E+00, 1.707147E+00, 2.767852E+02, 2.712576E+02, 2.707862E+02, 2.731600E+02, 2.731600E+02
2024-01-09 09:15:15,1, 0.000000E+00, 2.709696E+02, 2.713770E+02, 0.000000E+00, 1.517565E+00, 2.767655E+02, 2.712747E+02, 2.708002E+02, 2.731600E+02, 2.731600E+02
2024-01-09 09:30:15,1, 0.000000E+00, 2.710113E+02, 2.713969E+02, 0.000000E+00, 1.461455E+00, 2.767425E+02, 2.712743E+02, 2.707951E+02, 2.731600E+02, 2.731600E+02
2024-01-09 09:45:15,1, 0.000000E+00, 2.710531E+02, 2.714150E+02, 0.000000E+00, 1.449659E+00, 2.767172E+02, 2.712719E+02, 2.707879E+02, 2.731600E+02, 2.731600E+02
2024-01-09 10:00:15,1, 0.000000E+00, 2.710958E+02, 2.714323E+02, 0.000000E+00, 1.430422E+00, 2.766902E+02, 2.712692E+02, 2.707808E+02, 2.731600E+02, 2.731600E+02
2024-01-09 10:15:15,1, 0.000000E+00, 2.711982E+02, 2.715003E+02, 0.000000E+00, 9.640154E-01, 2.766676E+02, 2.713568E+02, 2.708866E+02, 2.731600E+02, 2.731600E+02
2024-01-09 10:30:15,1, 0.000000E+00, 2.713007E+02, 2.715943E+02, 0.000000E+00, 8.910680E-01, 2.766526E+02, 2.714714E+02, 2.710214E+02, 2.731600E+02, 2.731600E+02
2024-01-09 10:45:15,1, 0.000000E+00, 2.714032E+02, 2.716910E+02, 0.000000E+00, 8.947628E-01, 2.766436E+02, 2.715889E+02, 2.711587E+02, 2.731600E+02, 2.731600E+02
2024-01-09 11:00:15,1, 0.000000E+00, 2.715051E+02, 2.717879E+02, 0.000000E+00, 9.054033E-01, 2.766397E+02, 2.717067E+02, 2.712958E+02, 2.731600E+02, 2.731600E+02
2024-01-09 11:15:15,1, 0.000000E+00, 2.715765E+02, 2.718644E+02, 0.000000E+00, 5.782960E-01, 2.766387E+02, 2.717946E+02, 2.713953E+02, 2.731600E+02, 2.731600E+02
2024-01-09 11:30:15,1, 0.000000E+00, 2.716480E+02, 2.719307E+02, 0.000000E+00, 5.124793E-01, 2.766393E+02, 2.718724E+02, 2.714839E+02, 2.731600E+02, 2.731600E+02
2024-01-09 11:45:15,1, 0.000000E+00, 2.717194E+02, 2.719962E+02, 0.000000E+00, 5.052074E-01, 2.766416E+02, 2.719494E+02, 2.715716E+02, 2.731600E+02, 2.731600E+02
2024-01-09 12:00:15,1, 0.000000E+00, 2.717910E+02, 2.720617E+02, 0.000000E+00, 5.063084E-01, 2.766456E+02, 2.720265E+02, 2.716591E+02, 2.731600E+02, 2.731600E+02
2024-01-09 12:15:15,1, 0.000000E+00, 2.718686E+02, 2.721260E+02, 0.000000E+00, 3.879604E-01, 2.766503E+02, 2.720939E+02, 2.717328E+02, 2.731600E+02, 2.731600E+02
2024-01-09 12:30:15,1, 0.000000E+00, 2.719463E+02, 2.721896E+02, 0.000000E+00, 3.654915E-01, 2.766551E+02, 2.721605E+02, 2.718056E+02, 2.731600E+02, 2.731600E+02
2024-01-09 12:45:15,1, 0.000000E+00, 2.720240E+02, 2.722530E+02, 0.000000E+00, 3.621734E-01, 2.766603E+02, 2.722269E+02, 2.718782E+02, 2.731600E+02, 2.731600E+02
2024-01-09 13:00:15,1, 1.389672E+01, 2.721023E+02, 2.723197E+02, 1.531140E+00, 4.926083E-01, 2.766669E+02, 2.723402E+02, 2.720231E+02, 2.731600E+02, 2.731600E+02
2024-01-09 13:15:15,1, 2.373367E+01, 2.722190E+02, 2.724821E+02, 2.034569E+00, 2.954099E+00, 2.767118E+02, 2.725924E+02, 2.723173E+02, 2.731600E+02, 2.731600E+02
2024-01-09 13:30:15,1, 3.319508E+01, 2.723356E+02, 2.726282E+02, 2.286948E+00, 4.027604E+00, 2.767699E+02, 2.728036E+02, 2.725698E+02, 2.731600E+02, 2.731600E+02
2024-01-09 13:45:15,1, 4.224045E+01, 2.724523E+02, 2.727707E+02, 2.435847E+00, 4.618058E+00, 2.768389E+02, 2.730109E+02, 2.728168E+02, 2.731600E+02, 2.731600E+02
2024-01-09 14:00:15,1, 4.778425E+01, 2.725684E+02, 2.729103E+02, 2.520845E+00, 5.033458E+00, 2.769165E+02, 2.731977E+02, 2.730279E+02, 2.731600E+02, 2.731600E+02
2024-01-09 14:15:15,1, 5.539782E+01, 2.726534E+02, 2.730180E+02, 2.591973E+00, 5.048303E+00, 2.769946E+02, 2.733539E+02, 2.732116E+02, 2.732102E+02, 2.731966E+02
2024-01-09 14:30:15,1, 6.251667E+01, 2.727385E+02, 2.731431E+02, 2.658051E+00, 5.313133E+00, 2.770791E+02, 2.735272E+02, 2.734106E+02, 2.733578E+02, 2.733528E+02
2024-01-09 14:45:15,1, 6.911034E+01, 2.728235E+02, 2.732671E+02, 2.716129E+00, 5.566431E+00, 2.771687E+02, 2.736947E+02, 2.736010E+02, 2.735033E+02, 2.735064E+02
2024-01-09 15:00:15,1, 6.972143E+01, 2.729072E+02, 2.733834E+02, 2.757434E+00, 5.744859E+00, 2.772613E+02, 2.738269E+02, 2.737389E+02, 2.736354E+02, 2.736442E+02
2024-01-09 15:15:15,1, 7.478786E+01, 2.729120E+02, 2.734272E+02, 2.783270E+00, 4.151711E+00, 2.773465E+02, 2.739143E+02, 2.738436E+02, 2.736951E+02, 2.737061E+02
2024-01-09 15:30:15,1, 7.929515E+01, 2.729167E+02, 2.734754E+02, 2.817762E+00, 4.019581E+00, 2.774404E+02, 2.740164E+02, 2.739627E+02, 2.737661E+02, 2.737835E+02
2024-01-09 15:45:15,1, 8.322400E+01, 2.729214E+02, 2.735215E+02, 2.849619E+00, 4.000842E+00, 2.775396E+02, 2.741143E+02, 2.740759E+02, 2.738339E+02, 2.738573E+02
2024-01-09 16:00:15,1, 1.170105E+02, 2.729281E+02, 2.735752E+02, 2.902878E+00, 3.979406E+00, 2.776441E+02, 2.743538E+02, 2.744118E+02, 2.739312E+02, 2.739678E+02
2024-01-09 16:15:15,1, 1.206930E+02, 2.730509E+02, 2.738071E+02, 3.036069E+00, 4.024315E+00, 2.778127E+02, 2.746642E+02, 2.747355E+02, 2.742389E+02, 2.743052E+02
2024-01-09 16:30:15,1, 1.235356E+02, 2.731737E+02, 2.739416E+02, 3.079601E+00, 4.054121E+00, 2.779772E+02, 2.748143E+02, 2.748912E+02, 2.743815E+02, 2.744497E+02
2024-01-09 16:45:15,1, 1.255264E+02, 2.732965E+02, 2.740701E+02, 3.119839E+00, 4.093895E+00, 2.781391E+02, 2.749534E+02, 2.750338E+02, 2.745141E+02, 2.745834E+02
2024-01-09 17:00:15,1, 1.090064E+02, 2.734191E+02, 2.741893E+02, 3.145951E+00, 4.059851E+00, 2.782983E+02, 2.750029E+02, 2.750395E+02, 2.746217E+02, 2.746869E+02
2024-01-09 17:15:15,1, 1.092345E+02, 2.735286E+02, 2.742441E+02, 3.129387E+00, 2.925389E+00, 2.784235E+02, 2.750376E+02, 2.750751E+02, 2.746395E+02, 2.746914E+02
2024-01-09 17:30:15,1, 1.087169E+02, 2.736381E+02, 2.743584E+02, 3.163495E+00, 2.801299E+00, 2.785602E+02, 2.751601E+02, 2.751987E+02, 2.747547E+02, 2.748071E+02
2024-01-09 17:45:15,1, 1.074558E+02, 2.737476E+02, 2.744715E+02, 3.195537E+00, 2.715885E+00, 2.787061E+02, 2.752774E+02, 2.753148E+02, 2.748676E+02, 2.749194E+02
2024-01-09 18:00:15,1, 1.009492E+02, 2.738575E+02, 2.745805E+02, 3.220303E+00, 2.601803E+00, 2.788586E+02, 2.753673E+02, 2.753894E+02, 2.749709E+02, 2.750202E+02
2024-01-09 18:15:15,1, 9.833721E+01, 2.739858E+02, 2.746820E+02, 3.233844E+00, 2.208961E+00, 2.790202E+02, 2.754521E+02, 2.754682E+02, 2.750538E+02, 2.750969E+02
2024-01-09 18:30:15,1, 9.503805E+01, 2.741141E+02, 2.748016E+02, 3.259716E+00, 2.073646E+00, 2.792234E+02, 2.755614E+02, 2.755687E+02, 2.751644E+02, 2.752041E+02
2024-01-09 18:45:15,1, 9.106587E+01, 2.742424E+02, 2.749206E+02, 3.282810E+00, 1.945403E+00, 2.794603E+02, 2.756681E+02, 2.756638E+02, 2.752734E+02, 2.753084E+02
2024-01-09 19:00:15,1, 5.722590E+01, 2.743712E+02, 2.750283E+02, 3.182110E+00, 1.823474E+00, 2.797163E+02, 2.756378E+02, 2.755426E+02, 2.753483E+02, 2.753703E+02
2024-01-09 19:15:15,1, 5.374063E+01, 2.745272E+02, 2.750271E+02, 3.092290E+00, 2.395022E+00, 2.799708E+02, 2.755492E+02, 2.754390E+02, 2.752570E+02, 2.752491E+02
2024-01-09 19:30:15,1, 4.984910E+01, 2.746832E+02, 2.751474E+02, 3.074076E+00, 2.359724E+00, 2.803297E+02, 2.756454E+02, 2.755227E+02, 2.753578E+02, 2.753445E+02
2024-01-09 19:45:15,1, 4.556798E+01, 2.748392E+02, 2.752793E+02, 3.041214E+00, 2.302023E+00, 2.807382E+02, 2.757570E+02, 2.756191E+02, 2.754745E+02, 2.754552E+02
2024-01-09 20:00:15,1, 2.470141E+01, 2.749946E+02, 2.754111E+02, 2.443563E+00, 2.062045E+00, 2.811505E+02, 2.758138E+02, 2.756198E+02, 2.755810E+02, 2.755516E+02
2024-01-09 20:15:15,1, 2.168057E+01, 2.751134E+02, 2.754876E+02, 2.268986E+00, 1.451149E-01, 2.815960E+02, 2.758761E+02, 2.756598E+02, 2.756222E+02, 2.755754E+02
2024-01-09 20:30:15,1, 1.846056E+01, 2.752322E+02, 2.756209E+02, 2.057443E+00,-1.696743E-01, 2.821350E+02, 2.760241E+02, 2.757860E+02, 2.757536E+02, 2.756999E+02
2024-01-09 20:45:15,1, 1.505516E+01, 2.753510E+02, 2.757569E+02, 1.782491E+00,-4.762229E-01, 2.826842E+02, 2.761754E+02, 2.759150E+02, 2.758882E+02, 2.758270E+02
2024-01-09 21:00:15,1, 6.199865E+00, 2.754702E+02, 2.758903E+02, 8.298368E-01,-8.931705E-01, 2.832014E+02, 2.763080E+02, 2.760177E+02, 2.760154E+02, 2.759452E+02
2024-01-09 21:15:15,1, 4.184352E+00, 2.756138E+02, 2.760336E+02, 5.726748E-01,-1.028286E+00, 2.838131E+02, 2.764690E+02, 2.761627E+02, 2.761471E+02, 2.760664E+02
2024-01-09 21:30:15,1, 2.093488E+00, 2.757575E+02, 2.762093E+02, 2.927913E-01, 1.805362E+00, 2.845462E+02, 2.766756E+02, 2.763498E+02, 2.763260E+02, 2.762382E+02
2024-01-09 21:45:15,1, 0.000000E+00, 2.759011E+02, 2.763991E+02, 0.000000E+00, 2.933363E+01, 2.851050E+02, 2.768818E+02, 2.765419E+02, 2.765183E+02, 2.764251E+02
2024-01-09 22:00:15,1, 0.000000E+00, 2.760460E+02, 2.765664E+02, 0.000000E+00, 3.262271E+01, 2.856142E+02, 2.770754E+02, 2.767256E+02, 2.766922E+02, 2.765960E+02
2024-01-09 22:15:15,1, 0.000000E+00, 2.762651E+02, 2.767932E+02, 0.000000E+00, 3.477989E+01, 2.862840E+02, 2.773264E+02, 2.769596E+02, 2.769195E+02, 2.768186E+02
2024-01-09 22:30:15,1, 0.000000E+00, 2.764842E+02, 2.770444E+02, 0.000000E+00, 3.868109E+01, 2.871003E+02, 2.776107E+02, 2.772213E+02, 2.771793E+02, 2.770722E+02
2024-01-09 22:45:15,1, 0.000000E+00, 2.767032E+02, 2.772964E+02, 0.000000E+00, 4.285936E+01, 2.878968E+02, 2.778951E+02, 2.774834E+02, 2.774405E+02, 2.773272E+02
2024-01-09 23:00:15,1, 0.000000E+00, 2.769234E+02, 2.775454E+02, 0.000000E+00, 4.687961E+01, 2.886342E+02, 2.781733E+02, 2.777413E+02, 2.776978E+02, 2.775789E+02
2024-01-09 23:15:15,1, 0.000000E+00, 2.772066E+02, 2.778415E+02, 0.000000E+00, 4.955542E+01, 2.892997E+02, 2.784967E+02, 2.780490E+02, 2.779976E+02, 2.778740E+02
2024-01-09 23:30:15,1, 0.000000E+00, 2.774899E+02, 2.781469E+02, 0.000000E+00, 5.249698E+01, 2.899128E+02, 2.788253E+02, 2.783637E+02, 2.783096E+02, 2.781821E+02
2024-01-09 23:45:15,1, 0.000000E+00, 2.777732E+02, 2.784507E+02, 0.000000E+00, 5.532418E+01, 2.905011E+02, 2.791512E+02, 2.786763E+02, 2.786199E+02, 2.784886E+02
2024-01-09 00:00:15,2, 0.000000E+00, 2.724308E+02, 2.728568E+02, 0.000000E+00, 1.630419E+00, 2.788012E+02, 2.729980E+02, 2.724393E+02, 2.731600E+02, 2.731600E+02
2024-01-09 00:15:15,2, 0.000000E+00, 2.723682E+02, 2.727879E+02, 0.000000E+00, 1.667341E+00, 2.787340E+02, 2.729332E+02, 2.723778E+02, 2.731600E+02, 2.731600E+02
2024-01-09 00:30:15,2, 0.000000E+00, 2.723056E+02, 2.727345E+02, 0.000000E+00, 1.905801E+00, 2.786717E+02, 2.728858E+02, 2.723394E+02, 2.731600E+02, 2.731600E+02
2024-01-09 00:45:15,2, 0.000000E+00, 2.722430E+02, 2.726822E+02, 0.000000E+00, 2.056607E+00, 2.786128E+02, 2.728396E+02, 2.723019E+02, 2.731600E+02, 2.731600E+02
2024-01-09 01:00:15,2, 0.000000E+00, 2.721787E+02, 2.726294E+02, 0.000000E+00, 2.177843E+00, 2.785568E+02, 2.727926E+02, 2.722626E+02, 2.731600E+02, 2.731600E+02
2024-01-09 01:15:15,2, 0.000000E+00, 2.720148E+02, 2.724831E+02, 0.000000E+00, 3.444784E+00, 2.784923E+02, 2.725977E+02, 2.720473E+02, 2.731600E+02, 2.731600E+02
2024-01-09 01:30:15,2, 0.000000E+00, 2.718509E+02, 2.723113E+02, 0.000000E+00, 3.572054E+00, 2.784190E+02, 2.723713E+02, 2.717915E+02, 2.731600E+02, 2.731600E+02
2024-01-09 01:45:15,2, 0.000000E+00, 2.716870E+02, 2.721403E+02, 0.000000E+00, 3.611329E+00, 2.783390E+02, 2.721461E+02, 2.715375E+02, 2.731600E+02, 2.731600E+02
2024-01-09 02:00:15,2, 0.000000E+00, 2.715228E+02, 2.719700E+02, 0.000000E+00, 3.561113E+00, 2.782555E+02, 2.719183E+02, 2.712742E+02, 2.731600E+02, 2.731600E+02
2024-01-09 02:15:15,2, 0.000000E+00, 2.713396E+02, 2.717919E+02, 0.000000E+00, 4.057214E+00, 2.781675E+02, 2.717096E+02, 2.710556E+02, 2.731600E+02, 2.731600E+02
2024-01-09 02:30:15,2, 0.000000E+00, 2.711564E+02, 2.716120E+02, 0.000000E+00, 4.046225E+00, 2.780750E+02, 2.714965E+02, 2.708283E+02, 2.731600E+02, 2.731600E+02
2024-01-09 02:45:15,2, 0.000000E+00, 2.709733E+02, 2.714332E+02, 0.000000E+00, 4.039555E+00, 2.779802E+02, 2.712838E+02, 2.706005E+02, 2.731600E+02, 2.731600E+02
2024-01-09 03:00:15,2, 0.000000E+00, 2.707931E+02, 2.712551E+02, 0.000000E+00, 3.918906E+00, 2.778832E+02, 2.710719E+02, 2.703745E+02, 2.731600E+02, 2.731600E+02
2024-01-09 03:15:15,2, 0.000000E+00, 2.707923E+02, 2.712102E+02, 0.000000E+00, 1.842955E+00, 2.777993E+02, 2.710497E+02, 2.703558E+02, 2.731600E+02, 2.731600E+02
2024-01-09 03:30:15,2, 0.000000E+00, 2.707914E+02, 2.712271E+02, 0.000000E+00, 1.508675E+00, 2.777288E+02, 2.711045E+02, 2.704457E+02, 2.731600E+02, 2.731600E+02
2024-01-09 03:45:15,2, 0.000000E+00, 2.707905E+02, 2.712491E+02, 0.000000E+00, 1.342302E+00, 2.776672E+02, 2.711636E+02, 2.705405E+02, 2.731600E+02, 2.731600E+02
2024-01-09 04:00:15,2, 0.000000E+00, 2.707881E+02, 2.712675E+02, 0.000000E+00, 1.298092E+00, 2.776119E+02, 2.712180E+02, 2.706324E+02, 2.731600E+02, 2.731600E+02
2024-01-09 04:15:15,2, 0.000000E+00, 2.706954E+02, 2.712028E+02, 0.000000E+00, 2.148089E+00, 2.775556E+02, 2.711308E+02, 2.705390E+02, 2.731600E+02, 2.731600E+02
2024-01-09 04:30:15,2, 0.000000E+00, 2.706027E+02, 2.711100E+02, 0.000000E+00, 2.314242E+00, 2.774945E+02, 2.710131E+02, 2.704109E+02, 2.731600E+02, 2.731600E+02
2024-01-09 04:45:15,2, 0.000000E+00, 2.705100E+02, 2.710161E+02, 0.000000E+00, 2.349154E+00, 2.774301E+02, 2.708942E+02, 2.702816E+02, 2.731600E+02, 2.731600E+02
2024-01-09 05:00:15,2, 0.000000E+00, 2.704190E+02, 2.709224E+02, 0.000000E+00, 2.322534E+00, 2.773631E+02, 2.707757E+02, 2.701534E+02, 2.731600E+02, 2.731600E+02
2024-01-09 05:15:15,2, 0.000000E+00, 2.704308E+02, 2.709162E+02, 0.000000E+00, 1.698535E+00, 2.773027E+02, 2.707955E+02, 2.701904E+02, 2.731600E+02, 2.731600E+02
2024-01-09 05:30:15,2, 0.000000E+00, 2.704426E+02, 2.709410E+02, 0.000000E+00, 1.621392E+00, 2.772531E+02, 2.708501E+02, 2.702665E+02, 2.731600E+02, 2.731600E+02
2024-01-09 05:45:15,2, 0.000000E+00, 2.704544E+02, 2.709670E+02, 0.000000E+00, 1.616318E+00, 2.772117E+02, 2.709067E+02, 2.703442E+02, 2.731600E+02, 2.731600E+02
2024-01-09 06:00:15,2, 0.000000E+00, 2.704661E+02, 2.709930E+02, 0.000000E+00, 1.645416E+00, 2.771774E+02, 2.709633E+02, 2.704212E+02, 2.731600E+02, 2.731600E+02
2024-01-09 06:15:15,2, 0.000000E+00, 2.704703E+02, 2.709969E+02, 0.000000E+00, 2.074466E+00, 2.771440E+02, 2.709538E+02, 2.704114E+02, 2.731600E+02, 2.731600E+02
2024-01-09 06:30:15,2, 0.000000E+00, 2.704745E+02, 2.709930E+02, 0.000000E+00, 2.174367E+00, 2.771078E+02, 2.709352E+02, 2.703918E+02, 2.731600E+02, 2.731600E+02
2024-01-09 06:45:15,2, 0.000000E+00, 2.704786E+02, 2.709888E+02, 0.000000E+00, 2.207996E+00, 2.770699E+02, 2.709161E+02, 2.703717E+02, 2.731600E+02, 2.731600E+02
2024-01-09 07:00:15,2, 0.000000E+00, 2.704832E+02, 2.709845E+02, 0.000000E+00, 2.207424E+00, 2.770310E+02, 2.708970E+02, 2.703516E+02, 2.731600E+02, 2.731600E+02
2024-01-09 07:15:15,2, 0.000000E+00, 2.705088E+02, 2.709976E+02, 0.000000E+00, 1.672915E+00, 2.769924E+02, 2.709055E+02, 2.703673E+02, 2.731600E+02, 2.731600E+02
2024-01-09 07:30:15,2, 0.000000E+00, 2.705345E+02, 2.710165E+02, 0.000000E+00, 1.560965E+00, 2.769550E+02, 2.709204E+02, 2.703898E+02, 2.731600E+02, 2.731600E+02
2024-01-09 07:45:15,2, 0.000000E+00, 2.705601E+02, 2.710354E+02, 0.000000E+00, 1.541712E+00, 2.769186E+02, 2.709356E+02, 2.704120E+02, 2.731600E+02, 2.731600E+02
2024-01-09 08:00:15,2, 0.000000E+00, 2.705868E+02, 2.710543E+02, 0.000000E+00, 1.542713E+00, 2.768832E+02, 2.709510E+02, 2.704341E+02, 2.731600E+02, 2.731600E+02
2024-01-09 08:15:15,2, 0.000000E+00, 2.706722E+02, 2.711137E+02, 0.000000E+00, 1.573765E+00, 2.768528E+02, 2.710191E+02, 2.705144E+02, 2.731600E+02, 2.731600E+02
2024-01-09 08:30:15,2, 0.000000E+00, 2.707577E+02, 2.711885E+02, 0.000000E+00, 1.635504E+00, 2.768271E+02, 2.711043E+02, 2.706165E+02, 2.731600E+02, 2.731600E+02
2024-01-09 08:45:15,2, 0.000000E+00, 2.708431E+02, 2.712642E+02, 0.000000E+00, 1.676956E+00, 2.768052E+02, 2.711904E+02, 2.707190E+02, 2.731600E+02, 2.731600E+02
2024-01-09 09:00:15,2, 0.000000E+00, 2.709279E+02, 2.713398E+02, 0.000000E+00, 1.707591E+00, 2.767866E+02, 2.712762E+02, 2.708204E+02, 2.731600E+02, 2.731600E+02
2024-01-09 09:15:15,2, 0.000000E+00, 2.709696E+02, 2.713771E+02, 0.000000E+00, 1.518080E+00, 2.767670E+02, 2.712934E+02, 2.708348E+02, 2.731600E+02, 2.731600E+02
2024-01-09 09:30:15,2, 0.000000E+00, 2.710113E+02, 2.713971E+02, 0.000000E+00, 1.461955E+00, 2.767440E+02, 2.712932E+02, 2.708302E+02, 2.731600E+02, 2.731600E+02
2024-01-09 09:45:15,2, 0.000000E+00, 2.710531E+02, 2.714151E+02, 0.000000E+00, 1.450145E+00, 2.767187E+02, 2.712910E+02, 2.708237E+02, 2.731600E+02, 2.731600E+02
2024-01-09 10:00:15,2, 0.000000E+00, 2.710958E+02, 2.714325E+02, 0.000000E+00, 1.430903E+00, 2.766917E+02, 2.712885E+02, 2.708171E+02, 2.731600E+02, 2.731600E+02
2024-01-09 10:15:15,2, 0.000000E+00, 2.711982E+02, 2.715005E+02, 0.000000E+00, 9.645475E-01, 2.766690E+02, 2.713754E+02, 2.709213E+02, 2.731600E+02, 2.731600E+02
2024-01-09 10:30:15,2, 0.000000E+00, 2.713007E+02, 2.715944E+02, 0.000000E+00, 8.915968E-01, 2.766540E+02, 2.714892E+02, 2.710545E+02, 2.731600E+02, 2.731600E+02
2024-01-09 10:45:15,2, 0.000000E+00, 2.714032E+02, 2.716911E+02, 0.000000E+00, 8.952984E-01, 2.766450E+02, 2.716059E+02, 2.711901E+02, 2.731600E+02, 2.731600E+02
2024-01-09 11:00:15,2, 0.000000E+00, 2.715051E+02, 2.717881E+02, 0.000000E+00, 9.059577E-01, 2.766411E+02, 2.717229E+02, 2.713256E+02, 2.731600E+02, 2.731600E+02
2024-01-09 11:15:15,2, 0.000000E+00, 2.715765E+02, 2.718645E+02, 0.000000E+00, 5.789216E-01, 2.766401E+02, 2.718103E+02, 2.714242E+02, 2.731600E+02, 2.731600E+02
2024-01-09 11:30:15,2, 0.000000E+00, 2.716480E+02, 2.719308E+02, 0.000000E+00, 5.130821E-01, 2.766407E+02, 2.718876E+02, 2.715119E+02, 2.731600E+02, 2.731600E+02
2024-01-09 11:45:15,2, 0.000000E+00, 2.717194E+02, 2.719963E+02, 0.000000E+00, 5.058011E-01, 2.766430E+02, 2.719643E+02, 2.715987E+02, 2.731600E+02, 2.731600E+02
2024-01-09 12:00:15,2, 0.000000E+00, 2.717910E+02, 2.720618E+02, 0.000000E+00, 5.069040E-01, 2.766470E+02, 2.720409E+02, 2.716853E+02, 2.731600E+02, 2.731600E+02
2024-01-09 12:15:15,2, 0.000000E+00, 2.718686E+02, 2.721261E+02, 0.000000E+00, 3.885791E-01, 2.766517E+02, 2.721081E+02, 2.717586E+02, 2.731600E+02, 2.731600E+02
2024-01-09 12:30:15,2, 0.000000E+00, 2.719463E+02, 2.721897E+02, 0.000000E+00, 3.661006E-01, 2.766565E+02, 2.721744E+02, 2.718309E+02, 2.731600E+02, 2.731600E+02
2024-01-09 12:45:15,2, 0.000000E+00, 2.720240E+02, 2.722531E+02, 0.000000E+00, 3.627788E-01, 2.766617E+02, 2.722406E+02, 2.719030E+02, 2.731600E+02, 2.731600E+02
2024-01-09 13:00:15,2, 1.389672E+01, 2.721023E+02, 2.723198E+02, 1.535487E+00, 4.935275E-01, 2.766683E+02, 2.723524E+02, 2.720442E+02, 2.731600E+02, 2.731600E+02
2024-01-09 13:15:15,2, 2.373367E+01, 2.722190E+02, 2.724828E+02, 2.037458E+00, 2.963133E+00, 2.767132E+02, 2.726029E+02, 2.723342E+02, 2.731600E+02, 2.731600E+02
2024-01-09 13:30:15,2, 3.319508E+01, 2.723356E+02, 2.726284E+02, 2.288000E+00, 4.030879E+00, 2.767713E+02, 2.728118E+02, 2.725831E+02, 2.731600E+02, 2.731600E+02
2024-01-09 13:45:15,2, 4.224045E+01, 2.724523E+02, 2.727708E+02, 2.436718E+00, 4.619891E+00, 2.768402E+02, 2.730173E+02, 2.728269E+02, 2.731600E+02, 2.731600E+02
2024-01-09 14:00:15,2, 4.778425E+01, 2.725684E+02, 2.729105E+02, 2.521858E+00, 5.035966E+00, 2.769178E+02, 2.732031E+02, 2.730359E+02, 2.731600E+02, 2.731600E+02
2024-01-09 14:15:15,2, 5.539782E+01, 2.726534E+02, 2.730182E+02, 2.593210E+00, 5.051274E+00, 2.769958E+02, 2.733582E+02, 2.732173E+02, 2.732106E+02, 2.731964E+02
2024-01-09 14:30:15,2, 6.251667E+01, 2.727385E+02, 2.731433E+02, 2.659473E+00, 5.316639E+00, 2.770803E+02, 2.735304E+02, 2.734141E+02, 2.733579E+02, 2.733519E+02
2024-01-09 14:45:15,2, 6.911034E+01, 2.728235E+02, 2.732673E+02, 2.717687E+00, 5.570363E+00, 2.771698E+02, 2.736969E+02, 2.736025E+02, 2.735030E+02, 2.735048E+02
2024-01-09 15:00:15,2, 6.972143E+01, 2.729072E+02, 2.733836E+02, 2.759022E+00, 5.749181E+00, 2.772625E+02, 2.738288E+02, 2.737399E+02, 2.736349E+02, 2.736422E+02
2024-01-09 15:15:15,2, 7.478786E+01, 2.729120E+02, 2.734274E+02, 2.784935E+00, 4.156083E+00, 2.773476E+02, 2.739155E+02, 2.738430E+02, 2.736945E+02, 2.737039E+02
2024-01-09 15:30:15,2, 7.929515E+01, 2.729167E+02, 2.734757E+02, 2.819496E+00, 4.024022E+00, 2.774414E+02, 2.740168E+02, 2.739605E+02, 2.737652E+02, 2.737807E+02
2024-01-09 15:45:15,2, 8.322400E+01, 2.729214E+02, 2.735218E+02, 2.851409E+00, 4.005386E+00, 2.775406E+02, 2.741140E+02, 2.740722E+02, 2.738328E+02, 2.738540E+02
2024-01-09 16:00:15,2, 1.170105E+02, 2.729281E+02, 2.735755E+02, 2.904829E+00, 3.984068E+00, 2.776451E+02, 2.743498E+02, 2.743998E+02, 2.739293E+02, 2.739627E+02
2024-01-09 16:15:15,2, 1.206930E+02, 2.730509E+02, 2.738075E+02, 3.038147E+00, 4.029914E+00, 2.778135E+02, 2.746594E+02, 2.747220E+02, 2.742359E+02, 2.742979E+02
2024-01-09 16:30:15,2, 1.235356E+02, 2.731737E+02, 2.739420E+02, 3.081714E+00, 4.059808E+00, 2.779780E+02, 2.748092E+02, 2.748772E+02, 2.743785E+02, 2.744423E+02
2024-01-09 16:45:15,2, 1.255264E+02, 2.732965E+02, 2.740705E+02, 3.121982E+00, 4.099639E+00, 2.781398E+02, 2.749482E+02, 2.750194E+02, 2.745111E+02, 2.745759E+02
2024-01-09 17:00:15,2, 1.090064E+02, 2.734191E+02, 2.741897E+02, 3.148076E+00, 4.065615E+00, 2.782991E+02, 2.749993E+02, 2.750289E+02, 2.746190E+02, 2.746800E+02
2024-01-09 17:15:15,2, 1.092345E+02, 2.735286E+02, 2.742444E+02, 3.131483E+00, 2.930732E+00, 2.784242E+02, 2.750342E+02, 2.750645E+02, 2.746372E+02, 2.746854E+02
2024-01-09 17:30:15,2, 1.087169E+02, 2.736381E+02, 2.743587E+02, 3.165608E+00, 2.806562E+00, 2.785609E+02, 2.751566E+02, 2.751880E+02, 2.747524E+02, 2.748010E+02
2024-01-09 17:45:15,2, 1.074558E+02, 2.737476E+02, 2.744719E+02, 3.197662E+00, 2.721101E+00, 2.787068E+02, 2.752739E+02, 2.753040E+02, 2.748653E+02, 2.749135E+02
2024-01-09 18:00:15,2, 1.009492E+02, 2.738575E+02, 2.745809E+02, 3.222411E+00, 2.606939E+00, 2.788592E+02, 2.753644E+02, 2.753799E+02, 2.749688E+02, 2.750145E+02
2024-01-09 18:15:15,2, 9.833721E+01, 2.739858E+02, 2.746824E+02, 3.235934E+00, 2.213909E+00, 2.790208E+02, 2.754495E+02, 2.754592E+02, 2.750518E+02, 2.750917E+02
2024-01-09 18:30:15,2, 9.503805E+01, 2.741141E+02, 2.748020E+02, 3.261792E+00, 2.078437E+00, 2.792240E+02, 2.755591E+02, 2.755604E+02, 2.751626E+02, 2.751991E+02
2024-01-09 18:45:15,2, 9.106587E+01, 2.742424E+02, 2.749209E+02, 3.284856E+00, 1.950049E+00, 2.794609E+02, 2.756663E+02, 2.756563E+02, 2.752717E+02, 2.753038E+02
2024-01-09 19:00:15,2, 5.722590E+01, 2.743712E+02, 2.750287E+02, 3.183466E+00, 1.827832E+00, 2.797169E+02, 2.756395E+02, 2.755426E+02, 2.753474E+02, 2.753673E+02
2024-01-09 19:15:15,2, 5.374063E+01, 2.745272E+02, 2.750273E+02, 3.093487E+00, 2.397782E+00, 2.799714E+02, 2.755518E+02, 2.754408E+02, 2.752572E+02, 2.752483E+02
2024-01-09 19:30:15,2, 4.984910E+01, 2.746832E+02, 2.751476E+02, 3.075237E+00, 2.362224E+00, 2.803303E+02, 2.756486E+02, 2.755255E+02, 2.753581E+02, 2.753440E+02
2024-01-09 19:45:15,2, 4.556798E+01, 2.748392E+02, 2.752796E+02, 3.042507E+00, 2.304524E+00, 2.807388E+02, 2.757608E+02, 2.756231E+02, 2.754751E+02, 2.754553E+02
2024-01-09 20:00:15,2, 2.470141E+01, 2.749946E+02, 2.754113E+02, 2.448505E+00, 2.065364E+00, 2.811511E+02, 2.758200E+02, 2.756286E+02, 2.755821E+02, 2.755527E+02
2024-01-09 20:15:15,2, 2.168057E+01, 2.751134E+02, 2.754878E+02, 2.273986E+00, 1.517106E-01, 2.815967E+02, 2.758834E+02, 2.756706E+02, 2.756238E+02, 2.755776E+02
2024-01-09 20:30:15,2, 1.846056E+01, 2.752322E+02, 2.756211E+02, 2.061899E+00,-1.633909E-01, 2.821357E+02, 2.760322E+02, 2.757984E+02, 2.757555E+02, 2.757026E+02
2024-01-09 20:45:15,2, 1.505516E+01, 2.753510E+02, 2.757570E+02, 1.785814E+00,-4.709324E-01, 2.826849E+02, 2.761844E+02, 2.759291E+02, 2.758904E+02, 2.758302E+02
2024-01-09 21:00:15,2, 6.199865E+00, 2.754702E+02, 2.758905E+02, 8.304497E-01,-8.894337E-01, 2.832022E+02, 2.763184E+02, 2.760345E+02, 2.760180E+02, 2.759491E+02
2024-01-09 21:15:15,2, 4.184352E+00, 2.756138E+02, 2.760338E+02, 5.729934E-01,-1.027017E+00, 2.838138E+02, 2.764801E+02, 2.761808E+02, 2.761500E+02, 2.760710E+02
2024-01-09 21:30:15,2, 2.093488E+00, 2.757575E+02, 2.762095E+02, 2.929104E-01, 1.804929E+00, 2.845470E+02, 2.766874E+02, 2.763691E+02, 2.763292E+02, 2.762432E+02
2024-01-09 21:45:15,2, 0.000000E+00, 2.759011E+02, 2.763993E+02, 0.000000E+00, 2.932825E+01, 2.851059E+02, 2.768941E+02, 2.765620E+02, 2.765217E+02, 2.764305E+02
2024-01-09 22:00:15,2, 0.000000E+00, 2.760460E+02, 2.765666E+02, 0.000000E+00, 3.261884E+01, 2.856151E+02, 2.770881E+02, 2.767461E+02, 2.766957E+02, 2.766016E+02
2024-01-09 22:15:15,2, 0.000000E+00, 2.762651E+02, 2.767934E+02, 0.000000E+00, 3.477579E+01, 2.862849E+02, 2.773397E+02, 2.769811E+02, 2.769232E+02, 2.768244E+02
2024-01-09 22:30:15,2, 0.000000E+00, 2.764842E+02, 2.770446E+02, 0.000000E+00, 3.867654E+01, 2.871013E+02, 2.776249E+02, 2.772442E+02, 2.771832E+02, 2.770783E+02
2024-01-09 22:45:15,2, 0.000000E+00, 2.767032E+02, 2.772966E+02, 0.000000E+00, 4.285444E+01, 2.878979E+02, 2.779100E+02, 2.775076E+02, 2.774446E+02, 2.773337E+02
2024-01-09 23:00:15,2, 0.000000E+00, 2.769234E+02, 2.775456E+02, 0.000000E+00, 4.687440E+01, 2.886353E+02, 2.781889E+02, 2.777666E+02, 2.777022E+02, 2.775857E+02
2024-01-09 23:15:15,2, 0.000000E+00, 2.772066E+02, 2.778418E+02, 0.000000E+00, 4.955009E+01, 2.893009E+02, 2.785129E+02, 2.780753E+02, 2.780021E+02, 2.778811E+02
2024-01-09 23:30:15,2, 0.000000E+00, 2.774899E+02, 2.781471E+02, 0.000000E+00, 5.249153E+01, 2.899140E+02, 2.788421E+02, 2.783908E+02, 2.783143E+02, 2.781894E+02
2024-01-09 23:45:15,2, 0.000000E+00, 2.777732E+02, 2.784510E+02, 0.000000E+00, 5.531852E+01, 2.905023E+02, 2.791684E+02, 2.787041E+02, 2.786246E+02, 2.784961E+02
2024-01-10 00:00:15,1, 0.000000E+00, 2.780592E+02, 2.787541E+02, 0.000000E+00, 5.785941E+01, 2.910739E+02, 2.794756E+02, 2.789878E+02, 2.789291E+02, 2.787941E+02
2024-01-10 00:15:15,1, 0.000000E+00, 2.785088E+02, 2.791792E+02, 0.000000E+00, 5.720697E+01, 2.916079E+02, 2.799047E+02, 2.794099E+02, 2.793444E+02, 2.792070E+02
2024-01-10 00:30:15,1, 0.000000E+00, 2.789583E+02, 2.796320E+02, 0.000000E+00, 5.981466E+01, 2.921158E+02, 2.803582E+02, 2.798575E+02, 2.797977E+02, 2.796586E+02
2024-01-10 00:45:15,1, 0.000000E+00, 2.794078E+02, 2.800848E+02, 0.000000E+00, 6.251348E+01, 2.926177E+02, 2.808111E+02, 2.803046E+02, 2.802509E+02, 2.801102E+02
2024-01-10 01:00:15,1, 0.000000E+00, 2.798536E+02, 2.805368E+02, 0.000000E+00, 6.550441E+01, 2.931154E+02, 2.812630E+02, 2.807508E+02, 2.807037E+02, 2.805614E+02
2024-01-10 01:15:15,1, 0.000000E+00, 2.800759E+02, 2.808100E+02, 0.000000E+00, 7.132564E+01, 2.933810E+02, 2.815392E+02, 2.810317E+02, 2.809949E+02, 2.808543E+02
2024-01-10 01:30:15,1, 0.000000E+00, 2.802982E+02, 2.810305E+02, 0.000000E+00, 7.328560E+01, 2.934963E+02, 2.817553E+02, 2.812584E+02, 2.812152E+02, 2.810775E+02
2024-01-10 01:45:15,1, 0.000000E+00, 2.805205E+02, 2.812495E+02, 0.000000E+00, 7.506776E+01, 2.936129E+02, 2.819700E+02, 2.814835E+02, 2.814331E+02, 2.812983E+02
2024-01-10 02:00:15,1, 0.000000E+00, 2.807406E+02, 2.814691E+02, 0.000000E+00, 7.715994E+01, 2.937460E+02, 2.821867E+02, 2.817095E+02, 2.816521E+02, 2.815199E+02
2024-01-10 02:15:15,1, 0.000000E+00, 2.808282E+02, 2.815949E+02, 0.000000E+00, 8.200949E+01, 2.941230E+02, 2.823319E+02, 2.818462E+02, 2.817905E+02, 2.816564E+02
2024-01-10 02:30:15,1, 0.000000E+00, 2.809158E+02, 2.817097E+02, 0.000000E+00, 8.610581E+01, 2.946404E+02, 2.824773E+02, 2.819773E+02, 2.819135E+02, 2.817754E+02
2024-01-10 02:45:15,1, 0.000000E+00, 2.810034E+02, 2.818234E+02, 0.000000E+00, 9.014512E+01, 2.951217E+02, 2.826197E+02, 2.821064E+02, 2.820353E+02, 2.818935E+02
2024-01-10 03:00:15,1, 0.000000E+00, 2.810886E+02, 2.819337E+02, 0.000000E+00, 9.392718E+01, 2.955499E+02, 2.827555E+02, 2.822306E+02, 2.821531E+02, 2.820081E+02
2024-01-10 03:15:15,1, 0.000000E+00, 2.810285E+02, 2.819238E+02, 0.000000E+00, 9.670488E+01, 2.959254E+02, 2.827754E+02, 2.822248E+02, 2.821627E+02, 2.820112E+02
2024-01-10 03:30:15,1, 0.000000E+00, 2.809684E+02, 2.818876E+02, 0.000000E+00, 9.682015E+01, 2.962721E+02, 2.827684E+02, 2.821925E+02, 2.821350E+02, 2.819763E+02
2024-01-10 03:45:15,1, 0.000000E+00, 2.809083E+02, 2.818504E+02, 0.000000E+00, 9.655207E+01, 2.966061E+02, 2.827608E+02, 2.821591E+02, 2.821061E+02, 2.819402E+02
2024-01-10 04:00:15,1, 0.000000E+00, 2.808463E+02, 2.818124E+02, 0.000000E+00, 9.608627E+01, 2.969313E+02, 2.827533E+02, 2.821250E+02, 2.820769E+02, 2.819035E+02
2024-01-10 04:15:15,1, 0.000000E+00, 2.806709E+02, 2.816872E+02, 0.000000E+00, 9.807005E+01, 2.974697E+02, 2.826682E+02, 2.819919E+02, 2.819703E+02, 2.817842E+02
2024-01-10 04:30:15,1, 0.000000E+00, 2.804955E+02, 2.815494E+02, 0.000000E+00, 9.930697E+01, 2.981065E+02, 2.825824E+02, 2.818512E+02, 2.818471E+02, 2.816458E+02
2024-01-10 04:45:15,1, 0.000000E+00, 2.803201E+02, 2.814093E+02, 0.000000E+00, 9.972700E+01, 2.987099E+02, 2.824961E+02, 2.817080E+02, 2.817225E+02, 2.815053E+02
2024-01-10 05:00:15,1, 0.000000E+00, 2.801455E+02, 2.812662E+02, 0.000000E+00, 9.908752E+01, 2.992889E+02, 2.824098E+02, 2.815625E+02, 2.815958E+02, 2.813619E+02
2024-01-10 05:15:15,1, 0.000000E+00, 2.800197E+02, 2.811294E+02, 0.000000E+00, 9.029028E+01, 2.986065E+02, 2.822849E+02, 2.814475E+02, 2.814659E+02, 2.812328E+02
2024-01-10 05:30:15,1, 0.000000E+00, 2.798939E+02, 2.809620E+02, 0.000000E+00, 7.532797E+01, 2.974391E+02, 2.820902E+02, 2.812855E+02, 2.812929E+02, 2.810684E+02
2024-01-10 05:45:15,1, 0.000000E+00, 2.797682E+02, 2.808030E+02, 0.000000E+00, 6.233690E+01, 2.964787E+02, 2.819249E+02, 2.811421E+02, 2.811320E+02, 2.809131E+02
2024-01-10 06:00:15,1, 0.000000E+00, 2.796472E+02, 2.806570E+02, 0.000000E+00, 5.116142E+01, 2.957582E+02, 2.818025E+02, 2.810267E+02, 2.809926E+02, 2.807747E+02
2024-01-10 06:15:15,1, 0.000000E+00, 2.798103E+02, 2.807450E+02, 0.000000E+00, 4.538664E+01, 2.953313E+02, 2.818560E+02, 2.811357E+02, 2.810422E+02, 2.808375E+02
2024-01-10 06:30:15,1, 0.000000E+00, 2.799735E+02, 2.809016E+02, 0.000000E+00, 4.600005E+01, 2.951064E+02, 2.819921E+02, 2.813167E+02, 2.811910E+02, 2.809993E+02
2024-01-10 06:45:15,1, 0.000000E+00, 2.801366E+02, 2.810631E+02, 0.000000E+00, 4.702228E+01, 2.949475E+02, 2.821405E+02, 2.815046E+02, 2.813485E+02, 2.811681E+02
2024-01-10 07:00:15,1, 0.000000E+00, 2.802910E+02, 2.812246E+02, 0.000000E+00, 4.922838E+01, 2.948152E+02, 2.822922E+02, 2.816918E+02, 2.815080E+02, 2.813380E+02
2024-01-10 07:15:15,1, 0.000000E+00, 2.799293E+02, 2.809723E+02, 0.000000E+00, 6.967015E+01, 2.951089E+02, 2.820482E+02, 2.813888E+02, 2.813059E+02, 2.811236E+02
2024-01-10 07:30:15,1, 0.000000E+00, 2.795675E+02, 2.806343E+02, 0.000000E+00, 7.264526E+01, 2.957520E+02, 2.817581E+02, 2.810189E+02, 2.809833E+02, 2.807788E+02
2024-01-10 07:45:15,1, 0.000000E+00, 2.792058E+02, 2.802941E+02, 0.000000E+00, 7.476493E+01, 2.963743E+02, 2.814692E+02, 2.806460E+02, 2.806601E+02, 2.804322E+02
2024-01-10 08:00:15,1, 0.000000E+00, 2.788430E+02, 2.799468E+02, 0.000000E+00, 7.531470E+01, 2.969222E+02, 2.811721E+02, 2.802624E+02, 2.803305E+02, 2.800785E+02
2024-01-10 08:15:15,1, 0.000000E+00, 2.784139E+02, 2.795107E+02, 0.000000E+00, 6.427200E+01, 2.965552E+02, 2.806686E+02, 2.797040E+02, 2.798921E+02, 2.796260E+02
2024-01-10 08:30:15,1, 0.000000E+00, 2.779848E+02, 2.790189E+02, 0.000000E+00, 5.916021E+01, 2.956280E+02, 2.800567E+02, 2.790633E+02, 2.793700E+02, 2.790980E+02
2024-01-10 08:45:15,1, 0.000000E+00, 2.775557E+02, 2.785220E+02, 0.000000E+00, 5.449666E+01, 2.947232E+02, 2.794392E+02, 2.784127E+02, 2.788392E+02, 2.785587E+02
2024-01-10 09:00:15,1, 0.000000E+00, 2.771290E+02, 2.780275E+02, 0.000000E+00, 5.036349E+01, 2.939201E+02, 2.788337E+02, 2.777740E+02, 2.783125E+02, 2.780222E+02
2024-01-10 09:15:15,1, 0.000000E+00, 2.768480E+02, 2.776533E+02, 0.000000E+00, 4.494383E+01, 2.931566E+02, 2.783703E+02, 2.772969E+02, 2.778972E+02, 2.776015E+02
2024-01-10 09:30:15,1, 0.000000E+00, 2.765669E+02, 2.773119E+02, 0.000000E+00, 4.156431E+01, 2.924085E+02, 2.779380E+02, 2.768517E+02, 2.775297E+02, 2.772305E+02
2024-01-10 09:45:15,1, 0.000000E+00, 2.762858E+02, 2.769722E+02, 0.000000E+00, 3.849868E+01, 2.917205E+02, 2.775117E+02, 2.764099E+02, 2.771656E+02, 2.768621E+02
2024-01-10 10:00:15,1, 0.000000E+00, 2.760097E+02, 2.766341E+02, 0.000000E+00, 3.549111E+01, 2.910940E+02, 2.770937E+02, 2.759745E+02, 2.768044E+02, 2.764958E+02
2024-01-10 10:15:15,1, 0.000000E+00, 2.760273E+02, 2.765822E+02, 0.000000E+00, 3.132979E+01, 2.905431E+02, 2.771236E+02, 2.760943E+02, 2.767298E+02, 2.764412E+02
2024-01-10 10:30:15,1, 0.000000E+00, 2.760450E+02, 2.766488E+02, 0.000000E+00, 3.131403E+01, 2.900557E+02, 2.772670E+02, 2.763383E+02, 2.768137E+02, 2.765525E+02
2024-01-10 10:45:15,1, 0.000000E+00, 2.760627E+02, 2.767231E+02, 0.000000E+00, 3.084185E+01, 2.896195E+02, 2.774223E+02, 2.765937E+02, 2.769106E+02, 2.766765E+02
2024-01-10 11:00:15,1, 0.000000E+00, 2.760790E+02, 2.767969E+02, 0.000000E+00, 3.034149E+01, 2.892272E+02, 2.775819E+02, 2.768557E+02, 2.770088E+02, 2.768020E+02
2024-01-10 11:15:15,1, 0.000000E+00, 2.760140E+02, 2.767626E+02, 0.000000E+00, 2.916887E+01, 2.888589E+02, 2.775299E+02, 2.768289E+02, 2.769881E+02, 2.767922E+02
2024-01-10 11:30:15,1, 0.000000E+00, 2.759490E+02, 2.766911E+02, 0.000000E+00, 2.826100E+01, 2.885043E+02, 2.774443E+02, 2.767665E+02, 2.769136E+02, 2.767241E+02
2024-01-10 11:45:15,1, 0.000000E+00, 2.758840E+02, 2.766188E+02, 0.000000E+00, 2.759011E+01, 2.881633E+02, 2.773592E+02, 2.767039E+02, 2.768375E+02, 2.766544E+02
2024-01-10 12:00:15,1, 0.000000E+00, 2.758171E+02, 2.765467E+02, 0.000000E+00, 2.706098E+01, 2.878345E+02, 2.772747E+02, 2.766402E+02, 2.767622E+02, 2.765850E+02
2024-01-10 12:15:15,1, 0.000000E+00, 2.756363E+02, 2.763524E+02, 0.000000E+00, 2.695597E+01, 2.875187E+02, 2.769861E+02, 2.763049E+02, 2.765607E+02, 2.763752E+02
2024-01-10 12:30:15,1, 0.000000E+00, 2.754556E+02, 2.761167E+02, 0.000000E+00, 2.581484E+01, 2.872216E+02, 2.766616E+02, 2.759348E+02, 2.763013E+02, 2.761026E+02
2024-01-10 12:45:15,1, 0.000000E+00, 2.752748E+02, 2.758775E+02, 0.000000E+00, 2.469525E+01, 2.869311E+02, 2.763351E+02, 2.755640E+02, 2.760379E+02, 2.758270E+02
2024-01-10 13:00:15,1, 3.377289E+01, 2.750980E+02, 2.756456E+02, 2.608825E+00, 2.356700E+01, 2.866450E+02, 2.761493E+02, 2.754855E+02, 2.758082E+02, 2.756046E+02
2024-01-10 13:15:15,1, 5.742769E+01, 2.751507E+02, 2.758070E+02, 3.200885E+00, 2.471933E+01, 2.864434E+02, 2.764753E+02, 2.759868E+02, 2.760985E+02, 2.760174E+02
2024-01-10 13:30:15,1, 8.018297E+01, 2.752035E+02, 2.759315E+02, 3.448752E+00, 1.797807E+01, 2.863194E+02, 2.766943E+02, 2.762918E+02, 2.762947E+02, 2.762495E+02
2024-01-10 13:45:15,1, 1.019413E+02, 2.752562E+02, 2.760534E+02, 3.592230E+00, 1.563681E+01, 2.862285E+02, 2.769107E+02, 2.765690E+02, 2.764841E+02, 2.764639E+02
2024-01-10 14:00:15,1, 1.392773E+02, 2.753096E+02, 2.761745E+02, 3.705995E+00, 1.502925E+01, 2.861599E+02, 2.771971E+02, 2.770062E+02, 2.766804E+02, 2.766939E+02
2024-01-10 14:15:15,1, 1.614163E+02, 2.753986E+02, 2.763956E+02, 3.885275E+00, 1.622953E+01, 2.861238E+02, 2.775634E+02, 2.774505E+02, 2.770109E+02, 2.770853E+02
2024-01-10 14:30:15,1, 1.821217E+02, 2.754877E+02, 2.765514E+02, 3.988624E+00, 1.659336E+01, 2.860998E+02, 2.778239E+02, 2.777513E+02, 2.772304E+02, 2.773164E+02
2024-01-10 14:45:15,1, 2.013048E+02, 2.755767E+02, 2.766974E+02, 4.082272E+00, 1.713784E+01, 2.860918E+02, 2.780631E+02, 2.780244E+02, 2.774321E+02, 2.775276E+02
2024-01-10 15:00:15,1, 1.810201E+02, 2.756649E+02, 2.768230E+02, 4.155349E+00, 1.770326E+01, 2.860981E+02, 2.781127E+02, 2.779705E+02, 2.775783E+02, 2.776649E+02
2024-01-10 15:15:15,1, 1.941687E+02, 2.756995E+02, 2.768041E+02, 4.101699E+00, 1.732239E+01, 2.860661E+02, 2.781372E+02, 2.780341E+02, 2.775127E+02, 2.775659E+02
2024-01-10 15:30:15,1, 2.058718E+02, 2.757341E+02, 2.768961E+02, 4.177766E+00, 1.803403E+01, 2.860578E+02, 2.783281E+02, 2.782792E+02, 2.776456E+02, 2.777148E+02
2024-01-10 15:45:15,1, 2.160793E+02, 2.757687E+02, 2.769835E+02, 4.248243E+00, 1.870170E+01, 2.860680E+02, 2.785049E+02, 2.785046E+02, 2.777704E+02, 2.778537E+02
2024-01-10 16:00:15,1, 2.628203E+02, 2.758048E+02, 2.770772E+02, 4.321713E+00, 1.940830E+01, 2.860938E+02, 2.788284E+02, 2.789688E+02, 2.779246E+02, 2.780310E+02
2024-01-10 16:15:15,1, 2.711134E+02, 2.759279E+02, 2.773043E+02, 4.499167E+00, 2.104994E+01, 2.861915E+02, 2.791230E+02, 2.792643E+02, 2.782553E+02, 2.783950E+02
2024-01-10 16:30:15,1, 2.775276E+02, 2.760510E+02, 2.774295E+02, 4.544124E+00, 2.158267E+01, 2.862789E+02, 2.792456E+02, 2.793798E+02, 2.783940E+02, 2.785327E+02
2024-01-10 16:45:15,1, 2.820354E+02, 2.761741E+02, 2.775479E+02, 4.582097E+00, 2.207545E+01, 2.863554E+02, 2.793506E+02, 2.794756E+02, 2.785199E+02, 2.786570E+02
2024-01-10 17:00:15,1, 2.398821E+02, 2.762962E+02, 2.776462E+02, 4.602255E+00, 2.238623E+01, 2.864171E+02, 2.792507E+02, 2.792604E+02, 2.785870E+02, 2.787112E+02
2024-01-10 17:15:15,1, 2.404259E+02, 2.763569E+02, 2.775914E+02, 4.475146E+00, 2.054031E+01, 2.863917E+02, 2.791192E+02, 2.791410E+02, 2.784235E+02, 2.785159E+02
2024-01-10 17:30:15,1, 2.393349E+02, 2.764177E+02, 2.776448E+02, 4.491266E+00, 2.080672E+01, 2.863803E+02, 2.791607E+02, 2.791953E+02, 2.784637E+02, 2.785576E+02
2024-01-10 17:45:15,1, 2.366140E+02, 2.764784E+02, 2.776947E+02, 4.502809E+00, 2.104102E+01, 2.863730E+02, 2.791922E+02, 2.792360E+02, 2.784986E+02, 2.785927E+02
2024-01-10 18:00:15,1, 1.714102E+02, 2.765380E+02, 2.777193E+02, 4.481596E+00, 2.094164E+01, 2.863593E+02, 2.789553E+02, 2.788610E+02, 2.784621E+02, 2.785402E+02
2024-01-10 18:15:15,1, 1.670273E+02, 2.765285E+02, 2.775419E+02, 4.277532E+00, 1.629177E+01, 2.862352E+02, 2.786888E+02, 2.785916E+02, 2.781545E+02, 2.781885E+02
2024-01-10 18:30:15,1, 1.614826E+02, 2.765190E+02, 2.775296E+02, 4.269077E+00, 1.597965E+01, 2.861336E+02, 2.786738E+02, 2.785780E+02, 2.781361E+02, 2.781702E+02
2024-01-10 18:45:15,1, 1.547997E+02, 2.765096E+02, 2.775161E+02, 4.256893E+00, 1.570080E+01, 2.860460E+02, 2.786525E+02, 2.785548E+02, 2.781154E+02, 2.781482E+02
2024-01-10 19:00:15,1, 1.252419E+02, 2.764967E+02, 2.774915E+02, 4.215053E+00, 1.584787E+01, 2.859646E+02, 2.785240E+02, 2.783629E+02, 2.780650E+02, 2.780895E+02
2024-01-10 19:15:15,1, 1.176866E+02, 2.762810E+02, 2.772206E+02, 4.047413E+00, 2.336919E+01, 2.858380E+02, 2.781735E+02, 2.779836E+02, 2.777385E+02, 2.777358E+02
2024-01-10 19:30:15,1, 1.092467E+02, 2.760654E+02, 2.769744E+02, 3.935165E+00, 2.337449E+01, 2.857039E+02, 2.778792E+02, 2.776642E+02, 2.774655E+02, 2.774533E+02
2024-01-10 19:45:15,1, 9.995864E+01, 2.758498E+02, 2.767248E+02, 3.818107E+00, 2.304066E+01, 2.855609E+02, 2.775758E+02, 2.773335E+02, 2.771868E+02, 2.771642E+02
2024-01-10 20:00:15,1, 7.395148E+01, 2.756353E+02, 2.764662E+02, 3.632206E+00, 2.237962E+01, 2.854072E+02, 2.771920E+02, 2.768749E+02, 2.768846E+02, 2.768465E+02
2024-01-10 20:15:15,1, 6.501275E+01, 2.754869E+02, 2.762122E+02, 3.461059E+00, 1.693434E+01, 2.852165E+02, 2.768640E+02, 2.765201E+02, 2.765594E+02, 2.764985E+02
2024-01-10 20:30:15,1, 5.548250E+01, 2.753386E+02, 2.760261E+02, 3.315902E+00, 1.616993E+01, 2.850231E+02, 2.766272E+02, 2.762592E+02, 2.763427E+02, 2.762732E+02
2024-01-10 20:45:15,1, 4.540156E+01, 2.751902E+02, 2.758390E+02, 3.122601E+00, 1.544999E+01, 2.848276E+02, 2.763874E+02, 2.759917E+02, 2.761240E+02, 2.760452E+02
2024-01-10 21:00:15,1, 3.700363E+01, 2.750417E+02, 2.756509E+02, 2.893884E+00, 1.443236E+01, 2.846301E+02, 2.761540E+02, 2.757341E+02, 2.759039E+02, 2.758161E+02
2024-01-10 21:15:15,1, 2.525765E+01, 2.748852E+02, 2.754542E+02, 2.432250E+00, 1.078248E+01, 2.844305E+02, 2.758885E+02, 2.754143E+02, 2.756727E+02, 2.755719E+02
2024-01-10 21:30:15,1, 1.307069E+01, 2.747288E+02, 2.752458E+02, 1.571000E+00, 8.378234E+00, 2.842215E+02, 2.756160E+02, 2.750946E+02, 2.754178E+02, 2.752946E+02
2024-01-10 21:45:15,1, 4.949501E-01, 2.745723E+02, 2.750440E+02, 7.085811E-02, 4.740868E+00, 2.840056E+02, 2.753614E+02, 2.748230E+02, 2.751664E+02, 2.750212E+02
2024-01-10 22:00:15,1, 0.000000E+00, 2.744166E+02, 2.748608E+02, 0.000000E+00, 3.359513E+00, 2.837960E+02, 2.751576E+02, 2.746052E+02, 2.749702E+02, 2.748186E+02
2024-01-10 22:15:15,1, 0.000000E+00, 2.743042E+02, 2.747414E+02, 0.000000E+00, 2.818773E+00, 2.836072E+02, 2.750608E+02, 2.745235E+02, 2.748494E+02, 2.747011E+02
2024-01-10 22:30:15,1, 0.000000E+00, 2.741918E+02, 2.746458E+02, 0.000000E+00, 2.727545E+00, 2.834379E+02, 2.749874E+02, 2.744663E+02, 2.747590E+02, 2.746150E+02
2024-01-10 22:45:15,1, 0.000000E+00, 2.740793E+02, 2.745516E+02, 0.000000E+00, 2.681989E+00, 2.832835E+02, 2.749158E+02, 2.744116E+02, 2.746707E+02, 2.745314E+02
2024-01-10 23:00:15,1, 0.000000E+00, 2.739673E+02, 2.744577E+02, 0.000000E+00, 2.635358E+00, 2.831415E+02, 2.748463E+02, 2.743574E+02, 2.745833E+02, 2.744482E+02
2024-01-10 23:15:15,1, 0.000000E+00, 2.738771E+02, 2.743675E+02, 0.000000E+00, 2.720039E+00, 2.830097E+02, 2.747579E+02, 2.742716E+02, 2.744935E+02, 2.743595E+02
2024-01-10 23:30:15,1, 0.000000E+00, 2.737869E+02, 2.742787E+02, 0.000000E+00, 2.689931E+00, 2.828872E+02, 2.746709E+02, 2.741870E+02, 2.744050E+02, 2.742716E+02
2024-01-10 23:45:15,1, 0.000000E+00, 2.736968E+02, 2.741903E+02, 0.000000E+00, 2.648316E+00, 2.827713E+02, 2.745850E+02, 2.741032E+02, 2.743172E+02, 2.741843E+02
2024-01-10 00:00:15,2, 0.000000E+00, 2.780592E+02, 2.787543E+02, 0.000000E+00, 5.785353E+01, 2.910751E+02, 2.794932E+02, 2.790164E+02, 2.789339E+02, 2.788018E+02
2024-01-10 00:15:15,2, 0.000000E+00, 2.785088E+02, 2.791794E+02, 0.000000E+00, 5.720077E+01, 2.916091E+02, 2.799226E+02, 2.794390E+02, 2.793493E+02, 2.792147E+02
2024-01-10 00:30:15,2, 0.000000E+00, 2.789583E+02, 2.796323E+02, 0.000000E+00, 5.980807E+01, 2.921170E+02, 2.803764E+02, 2.798870E+02, 2.798026E+02, 2.796664E+02
2024-01-10 00:45:15,2, 0.000000E+00, 2.794078E+02, 2.800851E+02, 0.000000E+00, 6.250657E+01, 2.926189E+02, 2.808295E+02, 2.803345E+02, 2.802560E+02, 2.801181E+02
2024-01-10 01:00:15,2, 0.000000E+00, 2.798536E+02, 2.805371E+02, 0.000000E+00, 6.549709E+01, 2.931166E+02, 2.812816E+02, 2.807811E+02, 2.807088E+02, 2.805694E+02
2024-01-10 01:15:15,2, 0.000000E+00, 2.800759E+02, 2.808102E+02, 0.000000E+00, 7.131811E+01, 2.933822E+02, 2.815576E+02, 2.810616E+02, 2.810001E+02, 2.808625E+02
2024-01-10 01:30:15,2, 0.000000E+00, 2.802982E+02, 2.810308E+02, 0.000000E+00, 7.327797E+01, 2.934975E+02, 2.817733E+02, 2.812875E+02, 2.812203E+02, 2.810855E+02
2024-01-10 01:45:15,2, 0.000000E+00, 2.805205E+02, 2.812498E+02, 0.000000E+00, 7.505995E+01, 2.936141E+02, 2.819876E+02, 2.815118E+02, 2.814380E+02, 2.813060E+02
2024-01-10 02:00:15,2, 0.000000E+00, 2.807406E+02, 2.814694E+02, 0.000000E+00, 7.715187E+01, 2.937472E+02, 2.822039E+02, 2.817371E+02, 2.816569E+02, 2.815275E+02
2024-01-10 02:15:15,2, 0.000000E+00, 2.808282E+02, 2.815952E+02, 0.000000E+00, 8.200106E+01, 2.941243E+02, 2.823494E+02, 2.818743E+02, 2.817954E+02, 2.816642E+02
2024-01-10 02:30:15,2, 0.000000E+00, 2.809158E+02, 2.817100E+02, 0.000000E+00, 8.609684E+01, 2.946416E+02, 2.824953E+02, 2.820061E+02, 2.819186E+02, 2.817834E+02
2024-01-10 02:45:15,2, 0.000000E+00, 2.810034E+02, 2.818238E+02, 0.000000E+00, 9.013574E+01, 2.951230E+02, 2.826381E+02, 2.821359E+02, 2.820405E+02, 2.819017E+02
2024-01-10 03:00:15,2, 0.000000E+00, 2.810886E+02, 2.819341E+02, 0.000000E+00, 9.391744E+01, 2.955512E+02, 2.827743E+02, 2.822607E+02, 2.821585E+02, 2.820165E+02
2024-01-10 03:15:15,2, 0.000000E+00, 2.810285E+02, 2.819241E+02, 0.000000E+00, 9.669541E+01, 2.959267E+02, 2.827952E+02, 2.822566E+02, 2.821684E+02, 2.820201E+02
2024-01-10 03:30:15,2, 0.000000E+00, 2.809684E+02, 2.818880E+02, 0.000000E+00, 9.681088E+01, 2.962734E+02, 2.827891E+02, 2.822259E+02, 2.821409E+02, 2.819857E+02
2024-01-10 03:45:15,2, 0.000000E+00, 2.809083E+02, 2.818508E+02, 0.000000E+00, 9.654301E+01, 2.966074E+02, 2.827825E+02, 2.821942E+02, 2.821123E+02, 2.819500E+02
2024-01-10 04:00:15,2, 0.000000E+00, 2.808463E+02, 2.818128E+02, 0.000000E+00, 9.607740E+01, 2.969327E+02, 2.827760E+02, 2.821618E+02, 2.820834E+02, 2.819138E+02
2024-01-10 04:15:15,2, 0.000000E+00, 2.806709E+02, 2.816876E+02, 0.000000E+00, 9.806131E+01, 2.974711E+02, 2.826927E+02, 2.820320E+02, 2.819773E+02, 2.817955E+02
2024-01-10 04:30:15,2, 0.000000E+00, 2.804955E+02, 2.815498E+02, 0.000000E+00, 9.929866E+01, 2.981079E+02, 2.826090E+02, 2.818951E+02, 2.818548E+02, 2.816581E+02
2024-01-10 04:45:15,2, 0.000000E+00, 2.803201E+02, 2.814097E+02, 0.000000E+00, 9.971940E+01, 2.987115E+02, 2.825248E+02, 2.817558E+02, 2.817308E+02, 2.815187E+02
2024-01-10 05:00:15,2, 0.000000E+00, 2.801455E+02, 2.812667E+02, 0.000000E+00, 9.908073E+01, 2.992906E+02, 2.824408E+02, 2.816144E+02, 2.816046E+02, 2.813763E+02
2024-01-10 05:15:15,2, 0.000000E+00, 2.800197E+02, 2.811298E+02, 0.000000E+00, 9.028615E+01, 2.986082E+02, 2.823155E+02, 2.814986E+02, 2.814747E+02, 2.812473E+02
2024-01-10 05:30:15,2, 0.000000E+00, 2.798939E+02, 2.809624E+02, 0.000000E+00, 7.532605E+01, 2.974408E+02, 2.821196E+02, 2.813346E+02, 2.813014E+02, 2.810823E+02
2024-01-10 05:45:15,2, 0.000000E+00, 2.797682E+02, 2.808034E+02, 0.000000E+00, 6.233626E+01, 2.964804E+02, 2.819534E+02, 2.811899E+02, 2.811403E+02, 2.809267E+02
2024-01-10 06:00:15,2, 0.000000E+00, 2.796472E+02, 2.806574E+02, 0.000000E+00, 5.116174E+01, 2.957599E+02, 2.818308E+02, 2.810740E+02, 2.810008E+02, 2.807882E+02
2024-01-10 06:15:15,2, 0.000000E+00, 2.798103E+02, 2.807453E+02, 0.000000E+00, 4.538650E+01, 2.953330E+02, 2.818822E+02, 2.811789E+02, 2.810498E+02, 2.808497E+02
2024-01-10 06:30:15,2, 0.000000E+00, 2.799735E+02, 2.809020E+02, 0.000000E+00, 4.599963E+01, 2.951081E+02, 2.820166E+02, 2.813565E+02, 2.811980E+02, 2.810105E+02
2024-01-10 06:45:15,2, 0.000000E+00, 2.801366E+02, 2.810635E+02, 0.000000E+00, 4.702178E+01, 2.949491E+02, 2.821633E+02, 2.815414E+02, 2.813551E+02, 2.811785E+02
2024-01-10 07:00:15,2, 0.000000E+00, 2.802910E+02, 2.812250E+02, 0.000000E+00, 4.922745E+01, 2.948168E+02, 2.823137E+02, 2.817259E+02, 2.815142E+02, 2.813476E+02
2024-01-10 07:15:15,2, 0.000000E+00, 2.799293E+02, 2.809727E+02, 0.000000E+00, 6.966830E+01, 2.951105E+02, 2.820720E+02, 2.814274E+02, 2.813129E+02, 2.811348E+02
2024-01-10 07:30:15,2, 0.000000E+00, 2.795675E+02, 2.806347E+02, 0.000000E+00, 7.264336E+01, 2.957536E+02, 2.817849E+02, 2.810632E+02, 2.809911E+02, 2.807915E+02
2024-01-10 07:45:15,2, 0.000000E+00, 2.792058E+02, 2.802945E+02, 0.000000E+00, 7.476269E+01, 2.963759E+02, 2.814993E+02, 2.806965E+02, 2.806689E+02, 2.804466E+02
2024-01-10 08:00:15,2, 0.000000E+00, 2.788430E+02, 2.799472E+02, 0.000000E+00, 7.531239E+01, 2.969238E+02, 2.812055E+02, 2.803193E+02, 2.803402E+02, 2.800946E+02
2024-01-10 08:15:15,2, 0.000000E+00, 2.784139E+02, 2.795111E+02, 0.000000E+00, 6.427023E+01, 2.965568E+02, 2.807043E+02, 2.797662E+02, 2.799025E+02, 2.796435E+02
2024-01-10 08:30:15,2, 0.000000E+00, 2.779848E+02, 2.790192E+02, 0.000000E+00, 5.915825E+01, 2.956296E+02, 2.800941E+02, 2.791303E+02, 2.793806E+02, 2.791161E+02
2024-01-10 08:45:15,2, 0.000000E+00, 2.775557E+02, 2.785223E+02, 0.000000E+00, 5.449533E+01, 2.947248E+02, 2.794778E+02, 2.784826E+02, 2.788508E+02, 2.785805E+02
2024-01-10 09:00:15,2, 0.000000E+00, 2.771290E+02, 2.780279E+02, 0.000000E+00, 5.036285E+01, 2.939217E+02, 2.788732E+02, 2.778449E+02, 2.783241E+02, 2.780431E+02
2024-01-10 09:15:15,2, 0.000000E+00, 2.768480E+02, 2.776536E+02, 0.000000E+00, 4.494298E+01, 2.931582E+02, 2.784104E+02, 2.773687E+02, 2.779088E+02, 2.776222E+02
2024-01-10 09:30:15,2, 0.000000E+00, 2.765669E+02, 2.773123E+02, 0.000000E+00, 4.156341E+01, 2.924101E+02, 2.779787E+02, 2.769245E+02, 2.775414E+02, 2.772514E+02
2024-01-10 09:45:15,2, 0.000000E+00, 2.762858E+02, 2.769725E+02, 0.000000E+00, 3.849770E+01, 2.917221E+02, 2.775532E+02, 2.764841E+02, 2.771775E+02, 2.768833E+02
2024-01-10 10:00:15,2, 0.000000E+00, 2.760097E+02, 2.766343E+02, 0.000000E+00, 3.549002E+01, 2.910955E+02, 2.771361E+02, 2.760503E+02, 2.768165E+02, 2.765174E+02
2024-01-10 10:15:15,2, 0.000000E+00, 2.760273E+02, 2.765825E+02, 0.000000E+00, 3.132945E+01, 2.905447E+02, 2.771623E+02, 2.761636E+02, 2.767408E+02, 2.764604E+02
2024-01-10 10:30:15,2, 0.000000E+00, 2.760450E+02, 2.766490E+02, 0.000000E+00, 3.131333E+01, 2.900572E+02, 2.773018E+02, 2.764005E+02, 2.768235E+02, 2.765697E+02
2024-01-10 10:45:15,2, 0.000000E+00, 2.760627E+02, 2.767233E+02, 0.000000E+00, 3.084056E+01, 2.896209E+02, 2.774534E+02, 2.766496E+02, 2.769194E+02, 2.766918E+02
2024-01-10 11:00:15,2, 0.000000E+00, 2.760790E+02, 2.767970E+02, 0.000000E+00, 3.034072E+01, 2.892287E+02, 2.776092E+02, 2.769041E+02, 2.770166E+02, 2.768156E+02
2024-01-10 11:15:15,2, 0.000000E+00, 2.760140E+02, 2.767628E+02, 0.000000E+00, 2.916876E+01, 2.888604E+02, 2.775562E+02, 2.768753E+02, 2.769956E+02, 2.768050E+02
2024-01-10 11:30:15,2, 0.000000E+00, 2.759490E+02, 2.766913E+02, 0.000000E+00, 2.826077E+01, 2.885057E+02, 2.774696E+02, 2.768111E+02, 2.769208E+02, 2.767365E+02
2024-01-10 11:45:15,2, 0.000000E+00, 2.758840E+02, 2.766190E+02, 0.000000E+00, 2.758986E+01, 2.881647E+02, 2.773837E+02, 2.767467E+02, 2.768445E+02, 2.766663E+02
2024-01-10 12:00:15,2, 0.000000E+00, 2.758171E+02, 2.765469E+02, 0.000000E+00, 2.706072E+01, 2.878358E+02, 2.772983E+02, 2.766814E+02, 2.767689E+02, 2.765965E+02
2024-01-10 12:15:15,2, 0.000000E+00, 2.756363E+02, 2.763526E+02, 0.000000E+00, 2.695486E+01, 2.875201E+02, 2.770120E+02, 2.763519E+02, 2.765682E+02, 2.763886E+02
2024-01-10 12:30:15,2, 0.000000E+00, 2.754556E+02, 2.761170E+02, 0.000000E+00, 2.581499E+01, 2.872229E+02, 2.766888E+02, 2.759832E+02, 2.763091E+02, 2.761166E+02
2024-01-10 12:45:15,2, 0.000000E+00, 2.752748E+02, 2.758777E+02, 0.000000E+00, 2.469507E+01, 2.869324E+02, 2.763639E+02, 2.756155E+02, 2.760462E+02, 2.758417E+02
2024-01-10 13:00:15,2, 3.377289E+01, 2.750980E+02, 2.756457E+02, 2.631352E+00, 2.356903E+01, 2.866463E+02, 2.761725E+02, 2.755158E+02, 2.758158E+02, 2.756163E+02
2024-01-10 13:15:15,2, 5.742769E+01, 2.751507E+02, 2.758067E+02, 3.202939E+00, 2.471911E+01, 2.864451E+02, 2.764905E+02, 2.759978E+02, 2.761001E+02, 2.760120E+02
2024-01-10 13:30:15,2, 8.018297E+01, 2.752035E+02, 2.759311E+02, 3.449824E+00, 1.797920E+01, 2.863214E+02, 2.767057E+02, 2.762966E+02, 2.762947E+02, 2.762414E+02
2024-01-10 13:45:15,2, 1.019413E+02, 2.752562E+02, 2.760530E+02, 3.593757E+00, 1.563844E+01, 2.862307E+02, 2.769196E+02, 2.765702E+02, 2.764831E+02, 2.764543E+02
2024-01-10 14:00:15,2, 1.392773E+02, 2.753096E+02, 2.761740E+02, 3.707819E+00, 1.503111E+01, 2.861623E+02, 2.771990E+02, 2.769893E+02, 2.766778E+02, 2.766806E+02
2024-01-10 14:15:15,2, 1.614163E+02, 2.753986E+02, 2.763947E+02, 3.886874E+00, 1.622937E+01, 2.861266E+02, 2.775619E+02, 2.774269E+02, 2.770052E+02, 2.770639E+02
2024-01-10 14:30:15,2, 1.821217E+02, 2.754877E+02, 2.765505E+02, 3.990290E+00, 1.659383E+01, 2.861028E+02, 2.778209E+02, 2.777259E+02, 2.772243E+02, 2.772948E+02
2024-01-10 14:45:15,2, 2.013048E+02, 2.755767E+02, 2.766966E+02, 4.083992E+00, 1.713854E+01, 2.860949E+02, 2.780589E+02, 2.779973E+02, 2.774257E+02, 2.775056E+02
2024-01-10 15:00:15,2, 1.810201E+02, 2.756649E+02, 2.768223E+02, 4.157067E+00, 1.770453E+01, 2.861012E+02, 2.781132E+02, 2.779594E+02, 2.775728E+02, 2.776462E+02
2024-01-10 15:15:15,2, 1.941687E+02, 2.756995E+02, 2.768040E+02, 4.104041E+00, 1.732844E+01, 2.860690E+02, 2.781371E+02, 2.780223E+02, 2.775093E+02, 2.775539E+02
2024-01-10 15:30:15,2, 2.058718E+02, 2.757341E+02, 2.768961E+02, 4.180189E+00, 1.804052E+01, 2.860607E+02, 2.783257E+02, 2.782629E+02, 2.776416E+02, 2.777015E+02
2024-01-10 15:45:15,2, 2.160793E+02, 2.757687E+02, 2.769835E+02, 4.250740E+00, 1.870876E+01, 2.860706E+02, 2.785004E+02, 2.784841E+02, 2.777658E+02, 2.778392E+02
2024-01-10 16:00:15,2, 2.628203E+02, 2.758048E+02, 2.770772E+02, 4.324303E+00, 1.941568E+01, 2.860964E+02, 2.788180E+02, 2.789321E+02, 2.779187E+02, 2.780130E+02
2024-01-10 16:15:15,2, 2.711134E+02, 2.759279E+02, 2.773038E+02, 4.501324E+00, 2.105378E+01, 2.861940E+02, 2.791118E+02, 2.792257E+02, 2.782476E+02, 2.783715E+02
2024-01-10 16:30:15,2, 2.775276E+02, 2.760510E+02, 2.774290E+02, 4.546290E+00, 2.158665E+01, 2.862815E+02, 2.792346E+02, 2.793419E+02, 2.783864E+02, 2.785094E+02
2024-01-10 16:45:15,2, 2.820354E+02, 2.761741E+02, 2.775474E+02, 4.584267E+00, 2.207955E+01, 2.863579E+02, 2.793400E+02, 2.794385E+02, 2.785123E+02, 2.786338E+02
2024-01-10 17:00:15,2, 2.398821E+02, 2.762962E+02, 2.776458E+02, 4.604397E+00, 2.239071E+01, 2.864196E+02, 2.792449E+02, 2.792373E+02, 2.785803E+02, 2.786910E+02
2024-01-10 17:15:15,2, 2.404259E+02, 2.763569E+02, 2.775914E+02, 4.477816E+00, 2.054942E+01, 2.863941E+02, 2.791138E+02, 2.791193E+02, 2.784186E+02, 2.785012E+02
2024-01-10 17:30:15,2, 2.393349E+02, 2.764177E+02, 2.776449E+02, 4.493960E+00, 2.081595E+01, 2.863826E+02, 2.791548E+02, 2.791727E+02, 2.784588E+02, 2.785429E+02
2024-01-10 17:45:15,2, 2.366140E+02, 2.764784E+02, 2.776947E+02, 4.505521E+00, 2.105047E+01, 2.863752E+02, 2.791859E+02, 2.792127E+02, 2.784937E+02, 2.785781E+02
2024-01-10 18:00:15,2, 1.714102E+02, 2.765380E+02, 2.777195E+02, 4.484230E+00, 2.095152E+01, 2.863614E+02, 2.789545E+02, 2.788521E+02, 2.784584E+02, 2.785289E+02
2024-01-10 18:15:15,2, 1.670273E+02, 2.765285E+02, 2.775423E+02, 4.280363E+00, 1.630296E+01, 2.862372E+02, 2.786889E+02, 2.785847E+02, 2.781528E+02, 2.781822E+02
2024-01-10 18:30:15,2, 1.614826E+02, 2.765190E+02, 2.775300E+02, 4.271888E+00, 1.599048E+01, 2.861355E+02, 2.786738E+02, 2.785708E+02, 2.781343E+02, 2.781639E+02
2024-01-10 18:45:15,2, 1.547997E+02, 2.765096E+02, 2.775165E+02, 4.259675E+00, 1.571138E+01, 2.860478E+02, 2.786526E+02, 2.785476E+02, 2.781137E+02, 2.781420E+02
2024-01-10 19:00:15,2, 1.252419E+02, 2.764967E+02, 2.774918E+02, 4.217670E+00, 1.585799E+01, 2.859663E+02, 2.785265E+02, 2.783613E+02, 2.780638E+02, 2.780845E+02
2024-01-10 19:15:15,2, 1.176866E+02, 2.762810E+02, 2.772210E+02, 4.049911E+00, 2.337829E+01, 2.858396E+02, 2.781774E+02, 2.779849E+02, 2.777384E+02, 2.777334E+02
2024-01-10 19:30:15,2, 1.092467E+02, 2.760654E+02, 2.769748E+02, 3.937524E+00, 2.338336E+01, 2.857055E+02, 2.778841E+02, 2.776676E+02, 2.774658E+02, 2.774517E+02
2024-01-10 19:45:15,2, 9.995864E+01, 2.758498E+02, 2.767252E+02, 3.820300E+00, 2.304898E+01, 2.855625E+02, 2.775819E+02, 2.773392E+02, 2.771876E+02, 2.771635E+02
2024-01-10 20:00:15,2, 7.395148E+01, 2.756353E+02, 2.764665E+02, 3.633774E+00, 2.238722E+01, 2.854087E+02, 2.772011E+02, 2.768870E+02, 2.768861E+02, 2.768474E+02
2024-01-10 20:15:15,2, 6.501275E+01, 2.754869E+02, 2.762125E+02, 3.462305E+00, 1.693987E+01, 2.852181E+02, 2.768744E+02, 2.765347E+02, 2.765618E+02, 2.765012E+02
2024-01-10 20:30:15,2, 5.548250E+01, 2.753386E+02, 2.760264E+02, 3.316907E+00, 1.617428E+01, 2.850247E+02, 2.766387E+02, 2.762759E+02, 2.763454E+02, 2.762766E+02
2024-01-10 20:45:15,2, 4.540156E+01, 2.751902E+02, 2.758393E+02, 3.123938E+00, 1.545424E+01, 2.848292E+02, 2.764002E+02, 2.760108E+02, 2.761271E+02, 2.760493E+02
2024-01-10 21:00:15,2, 3.700363E+01, 2.750417E+02, 2.756511E+02, 2.896767E+00, 1.443990E+01, 2.846316E+02, 2.761679E+02, 2.757553E+02, 2.759073E+02, 2.758208E+02
2024-01-10 21:15:15,2, 2.525765E+01, 2.748852E+02, 2.754543E+02, 2.438704E+00, 1.079325E+01, 2.844321E+02, 2.759051E+02, 2.754414E+02, 2.756772E+02, 2.755802E+02
2024-01-10 21:30:15,2, 1.307069E+01, 2.747288E+02, 2.752460E+02, 1.574728E+00, 8.390643E+00, 2.842231E+02, 2.756348E+02, 2.751268E+02, 2.754227E+02, 2.753031E+02
2024-01-10 21:45:15,2, 4.949501E-01, 2.745723E+02, 2.750442E+02, 7.087569E-02, 4.745102E+00, 2.840072E+02, 2.753816E+02, 2.748583E+02, 2.751721E+02, 2.750312E+02
2024-01-10 22:00:15,2, 0.000000E+00, 2.744166E+02, 2.748610E+02, 0.000000E+00, 3.360844E+00, 2.837976E+02, 2.751784E+02, 2.746417E+02, 2.749762E+02, 2.748290E+02
2024-01-10 22:15:15,2, 0.000000E+00, 2.743042E+02, 2.747416E+02, 0.000000E+00, 2.819771E+00, 2.836088E+02, 2.750810E+02, 2.745589E+02, 2.748552E+02, 2.747111E+02
2024-01-10 22:30:15,2, 0.000000E+00, 2.741918E+02, 2.746461E+02, 0.000000E+00, 2.728462E+00, 2.834395E+02, 2.750069E+02, 2.745004E+02, 2.747646E+02, 2.746247E+02
2024-01-10 22:45:15,2, 0.000000E+00, 2.740793E+02, 2.745518E+02, 0.000000E+00, 2.682483E+00, 2.832851E+02, 2.749346E+02, 2.744446E+02, 2.746761E+02, 2.745408E+02
2024-01-10 23:00:15,2, 0.000000E+00, 2.739673E+02, 2.744579E+02, 0.000000E+00, 2.636180E+00, 2.831431E+02, 2.748646E+02, 2.743894E+02, 2.745886E+02, 2.744573E+02
2024-01-10 23:15:15,2, 0.000000E+00, 2.738771E+02, 2.743677E+02, 0.000000E+00, 2.720871E+00, 2.830113E+02, 2.747760E+02, 2.743034E+02, 2.744988E+02, 2.743686E+02
2024-01-10 23:30:15,2, 0.000000E+00, 2.737869E+02, 2.742789E+02, 0.000000E+00, 2.690756E+00, 2.828888E+02, 2.746890E+02, 2.742187E+02, 2.744103E+02, 2.742807E+02
2024-01-10 23:45:15,2, 0.000000E+00, 2.736968E+02, 2.741905E+02, 0.000000E+00, 2.649127E+00, 2.827729E+02, 2.746030E+02, 2.741347E+02, 2.743224E+02, 2.741934E+02
2024-01-11 00:00:15,1, 0.000000E+00, 2.736074E+02, 2.741023E+02, 0.000000E+00, 2.603299E+00, 2.826602E+02, 2.744997E+02, 2.740198E+02, 2.742298E+02, 2.740974E+02
2024-01-11 00:15:15,1, 0.000000E+00, 2.735640E+02, 2.740445E+02, 0.000000E+00, 2.524206E+00, 2.825546E+02, 2.744393E+02, 2.739587E+02, 2.741677E+02, 2.740350E+02
2024-01-11 00:30:15,1, 0.000000E+00, 2.735206E+02, 2.739980E+02, 0.000000E+00, 2.496373E+00, 2.824549E+02, 2.743892E+02, 2.739081E+02, 2.741198E+02, 2.739870E+02
2024-01-11 00:45:15,1, 0.000000E+00, 2.734772E+02, 2.739522E+02, 0.000000E+00, 2.468149E+00, 2.823598E+02, 2.743402E+02, 2.738584E+02, 2.740731E+02, 2.739401E+02
2024-01-11 01:00:15,1, 0.000000E+00, 2.734337E+02, 2.739068E+02, 0.000000E+00, 2.443870E+00, 2.822686E+02, 2.742917E+02, 2.738088E+02, 2.740269E+02, 2.738935E+02
2024-01-11 01:15:15,1, 0.000000E+00, 2.733834E+02, 2.738526E+02, 0.000000E+00, 2.495784E+00, 2.821792E+02, 2.742271E+02, 2.737377E+02, 2.739713E+02, 2.738364E+02
2024-01-11 01:30:15,1, 0.000000E+00, 2.733331E+02, 2.737955E+02, 0.000000E+00, 2.455717E+00, 2.820905E+02, 2.741606E+02, 2.736628E+02, 2.739117E+02, 2.737744E+02
2024-01-11 01:45:15,1, 0.000000E+00, 2.732828E+02, 2.737377E+02, 0.000000E+00, 2.436856E+00, 2.820035E+02, 2.740927E+02, 2.735875E+02, 2.738515E+02, 2.737121E+02
2024-01-11 02:00:15,1, 0.000000E+00, 2.732330E+02, 2.736793E+02, 0.000000E+00, 2.397018E+00, 2.819180E+02, 2.740245E+02, 2.735118E+02, 2.737904E+02, 2.736489E+02
2024-01-11 02:15:15,1, 0.000000E+00, 2.732158E+02, 2.736513E+02, 0.000000E+00, 2.194527E+00, 2.818361E+02, 2.740032E+02, 2.734961E+02, 2.737592E+02, 2.736186E+02
2024-01-11 02:30:15,1, 0.000000E+00, 2.731985E+02, 2.736378E+02, 0.000000E+00, 2.164653E+00, 2.817585E+02, 2.739956E+02, 2.734953E+02, 2.737467E+02, 2.736080E+02
2024-01-11 02:45:15,1, 0.000000E+00, 2.731812E+02, 2.736259E+02, 0.000000E+00, 2.151597E+00, 2.816848E+02, 2.739896E+02, 2.734963E+02, 2.737364E+02, 2.735995E+02
2024-01-11 03:00:15,1, 0.000000E+00, 2.731641E+02, 2.736144E+02, 0.000000E+00, 2.131903E+00, 2.816147E+02, 2.739841E+02, 2.734976E+02, 2.737265E+02, 2.735914E+02
2024-01-11 03:15:15,1, 0.000000E+00, 2.731532E+02, 2.735999E+02, 0.000000E+00, 1.853827E+00, 2.815468E+02, 2.739629E+02, 2.734735E+02, 2.737110E+02, 2.735754E+02
2024-01-11 03:30:15,1, 0.000000E+00, 2.731423E+02, 2.735836E+02, 0.000000E+00, 1.783799E+00, 2.814797E+02, 2.739399E+02, 2.734474E+02, 2.736931E+02, 2.735566E+02
2024-01-11 03:45:15,1, 0.000000E+00, 2.731314E+02, 2.735672E+02, 0.000000E+00, 1.751297E+00, 2.814140E+02, 2.739169E+02, 2.734212E+02, 2.736749E+02, 2.735375E+02
2024-01-11 04:00:15,1, 0.000000E+00, 2.731200E+02, 2.735508E+02, 0.000000E+00, 1.722105E+00, 2.813500E+02, 2.738937E+02, 2.733942E+02, 2.736567E+02, 2.735183E+02
2024-01-11 04:15:15,1, 0.000000E+00, 2.730788E+02, 2.734998E+02, 0.000000E+00, 1.522728E+00, 2.812846E+02, 2.738072E+02, 2.732810E+02, 2.736022E+02, 2.734573E+02
2024-01-11 04:30:15,1, 0.000000E+00, 2.730376E+02, 2.734299E+02, 0.000000E+00, 1.412919E+00, 2.812169E+02, 2.737032E+02, 2.731471E+02, 2.735242E+02, 2.733709E+02
2024-01-11 04:45:15,1, 0.000000E+00, 2.729964E+02, 2.733550E+02, 0.000000E+00, 1.326337E+00, 2.811482E+02, 2.735942E+02, 2.730057E+02, 2.734408E+02, 2.732785E+02
2024-01-11 05:00:15,1, 0.000000E+00, 2.729559E+02, 2.732755E+02, 0.000000E+00, 1.232421E+00, 2.810792E+02, 2.734806E+02, 2.728570E+02, 2.733530E+02, 2.731806E+02
2024-01-11 05:15:15,1, 0.000000E+00, 2.729512E+02, 2.732370E+02, 0.000000E+00, 1.142446E+00, 2.810157E+02, 2.734545E+02, 2.728242E+02, 2.733158E+02, 2.731600E+02
2024-01-11 05:30:15,1, 0.000000E+00, 2.729465E+02, 2.732321E+02, 0.000000E+00, 1.145488E+00, 2.809592E+02, 2.734581E+02, 2.728280E+02, 2.733122E+02, 2.731600E+02
2024-01-11 05:45:15,1, 0.000000E+00, 2.729419E+02, 2.732349E+02, 0.000000E+00, 1.147722E+00, 2.809074E+02, 2.734689E+02, 2.728404E+02, 2.733154E+02, 2.731600E+02
2024-01-11 06:00:15,1, 0.000000E+00, 2.729383E+02, 2.732401E+02, 0.000000E+00, 1.136789E+00, 2.808596E+02, 2.734823E+02, 2.728556E+02, 2.733208E+02, 2.731600E+02
2024-01-11 06:15:15,1, 0.000000E+00, 2.729965E+02, 2.732692E+02, 0.000000E+00, 9.629988E-01, 2.808168E+02, 2.735180E+02, 2.728917E+02, 2.733425E+02, 2.731674E+02
2024-01-11 06:30:15,1, 0.000000E+00, 2.730547E+02, 2.733186E+02, 0.000000E+00, 9.280089E-01, 2.807781E+02, 2.735704E+02, 2.729493E+02, 2.733906E+02, 2.732161E+02
2024-01-11 06:45:15,1, 0.000000E+00, 2.731129E+02, 2.733756E+02, 0.000000E+00, 9.269376E-01, 2.807424E+02, 2.736285E+02, 2.730151E+02, 2.734472E+02, 2.732747E+02
2024-01-11 07:00:15,1, 0.000000E+00, 2.731693E+02, 2.734355E+02, 0.000000E+00, 9.472324E-01, 2.807092E+02, 2.736886E+02, 2.730836E+02, 2.735070E+02, 2.733368E+02
2024-01-11 07:15:15,1, 0.000000E+00, 2.731200E+02, 2.734351E+02, 0.000000E+00, 1.434984E+00, 2.806718E+02, 2.736562E+02, 2.730425E+02, 2.735115E+02, 2.733405E+02
2024-01-11 07:30:15,1, 0.000000E+00, 2.730708E+02, 2.733780E+02, 0.000000E+00, 1.457375E+00, 2.806298E+02, 2.735749E+02, 2.729381E+02, 2.734530E+02, 2.732755E+02
2024-01-11 07:45:15,1, 0.000000E+00, 2.730216E+02, 2.733034E+02, 0.000000E+00, 1.338222E+00, 2.805865E+02, 2.734751E+02, 2.728114E+02, 2.733736E+02, 2.731886E+02
2024-01-11 08:00:15,1, 0.000000E+00, 2.729729E+02, 2.732216E+02, 0.000000E+00, 1.152883E+00, 2.805433E+02, 2.733648E+02, 2.726694E+02, 2.733021E+02, 2.731600E+02
2024-01-11 08:15:15,1, 0.000000E+00, 2.729538E+02, 2.731682E+02, 0.000000E+00, 8.045426E-01, 2.805049E+02, 2.733241E+02, 2.726189E+02, 2.732598E+02, 2.731600E+02
2024-01-11 08:30:15,1, 0.000000E+00, 2.729346E+02, 2.731477E+02, 0.000000E+00, 7.145058E-01, 2.804720E+02, 2.733160E+02, 2.726114E+02, 2.732437E+02, 2.731600E+02
2024-01-11 08:45:15,1, 0.000000E+00, 2.729154E+02, 2.731452E+02, 0.000000E+00, 7.207016E-01, 2.804420E+02, 2.733255E+02, 2.726275E+02, 2.732419E+02, 2.731600E+02
2024-01-11 09:00:15,1, 0.000000E+00, 2.728955E+02, 2.731535E+02, 0.000000E+00, 7.867817E-01, 2.804135E+02, 2.733452E+02, 2.726577E+02, 2.732488E+02, 2.731600E+02
2024-01-11 09:15:15,1, 0.000000E+00, 2.728298E+02, 2.731334E+02, 0.000000E+00, 9.207956E-01, 2.803806E+02, 2.733018E+02, 2.726063E+02, 2.732355E+02, 2.731600E+02
2024-01-11 09:30:15,1, 0.000000E+00, 2.727641E+02, 2.730760E+02, 0.000000E+00, 7.749856E-01, 2.803428E+02, 2.732190E+02, 2.725022E+02, 2.732051E+02, 2.731600E+02
2024-01-11 09:45:15,1, 0.000000E+00, 2.726984E+02, 2.730056E+02, 0.000000E+00, 6.273302E-01, 2.803031E+02, 2.731234E+02, 2.723821E+02, 2.731716E+02, 2.731600E+02
2024-01-11 10:00:15,1, 0.000000E+00, 2.726312E+02, 2.729307E+02, 0.000000E+00, 5.827012E-01, 2.802605E+02, 2.730262E+02, 2.722700E+02, 2.731600E+02, 2.731600E+02
2024-01-11 10:15:15,1, 0.000000E+00, 2.724735E+02, 2.728504E+02, 0.000000E+00, 9.363006E-01, 2.802160E+02, 2.729581E+02, 2.722139E+02, 2.731600E+02, 2.731600E+02
2024-01-11 10:30:15,1, 0.000000E+00, 2.723159E+02, 2.727452E+02, 0.000000E+00, 1.243733E+00, 2.801671E+02, 2.728721E+02, 2.721470E+02, 2.731600E+02, 2.731600E+02
2024-01-11 10:45:15,1, 0.000000E+00, 2.721583E+02, 2.726202E+02, 0.000000E+00, 1.318759E+00, 2.801153E+02, 2.727674E+02, 2.720591E+02, 2.731600E+02, 2.731600E+02
2024-01-11 11:00:15,1, 0.000000E+00, 2.720032E+02, 2.724869E+02, 0.000000E+00, 1.116753E+00, 2.800610E+02, 2.726495E+02, 2.719427E+02, 2.731600E+02, 2.731600E+02
2024-01-11 11:15:15,1, 0.000000E+00, 2.720039E+02, 2.724762E+02, 0.000000E+00, 8.955318E-01, 2.800170E+02, 2.726984E+02, 2.720261E+02, 2.731600E+02, 2.731600E+02
2024-01-11 11:30:15,1, 0.000000E+00, 2.720045E+02, 2.725024E+02, 0.000000E+00, 9.429687E-01, 2.799827E+02, 2.727880E+02, 2.721589E+02, 2.731600E+02, 2.731600E+02
2024-01-11 11:45:15,1, 0.000000E+00, 2.720052E+02, 2.725306E+02, 0.000000E+00, 9.480639E-01, 2.799565E+02, 2.728796E+02, 2.722926E+02, 2.731600E+02, 2.731600E+02
2024-01-11 12:00:15,1, 0.000000E+00, 2.720057E+02, 2.725586E+02, 0.000000E+00, 9.443041E-01, 2.799376E+02, 2.729710E+02, 2.724259E+02, 2.731600E+02, 2.731600E+02
2024-01-11 12:15:15,1, 0.000000E+00, 2.720006E+02, 2.725651E+02, 0.000000E+00, 8.794185E-01, 2.799210E+02, 2.729875E+02, 2.724488E+02, 2.731600E+02, 2.731600E+02
2024-01-11 12:30:15,1, 0.000000E+00, 2.719954E+02, 2.725644E+02, 0.000000E+00, 8.441204E-01, 2.799036E+02, 2.729956E+02, 2.724632E+02, 2.731600E+02, 2.731600E+02
2024-01-11 12:45:15,1, 0.000000E+00, 2.719902E+02, 2.725633E+02, 0.000000E+00, 8.279680E-01, 2.798860E+02, 2.730035E+02, 2.724774E+02, 2.731600E+02, 2.731600E+02
2024-01-11 13:00:15,1, 1.681174E+01, 2.719847E+02, 2.725657E+02, 1.750852E+00, 9.377829E-01, 2.798697E+02, 2.730838E+02, 2.726173E+02, 2.731600E+02, 2.731600E+02
2024-01-11 13:15:15,1, 2.844396E+01, 2.719542E+02, 2.726057E+02, 2.240578E+00, 4.071642E+00, 2.798903E+02, 2.732363E+02, 2.728264E+02, 2.731600E+02, 2.731600E+02
2024-01-11 13:30:15,1, 3.963554E+01, 2.719237E+02, 2.726042E+02, 2.446546E+00, 5.209279E+00, 2.799155E+02, 2.732956E+02, 2.729151E+02, 2.731600E+02, 2.731600E+02
2024-01-11 13:45:15,1, 5.033857E+01, 2.718932E+02, 2.726015E+02, 2.546427E+00, 5.687087E+00, 2.799449E+02, 2.733511E+02, 2.729931E+02, 2.731600E+02, 2.731600E+02
2024-01-11 14:00:15,1, 7.954352E+01, 2.718696E+02, 2.726034E+02, 2.638855E+00, 5.890720E+00, 2.799788E+02, 2.735097E+02, 2.732441E+02, 2.731600E+02, 2.731600E+02
2024-01-11 14:15:15,1, 9.215158E+01, 2.722572E+02, 2.729734E+02, 2.799704E+00, 6.502352E+00, 2.800582E+02, 2.739660E+02, 2.737565E+02, 2.734276E+02, 2.734240E+02
2024-01-11 14:30:15,1, 1.039459E+02, 2.726447E+02, 2.733774E+02, 2.916491E+00, 7.373073E+00, 2.801472E+02, 2.743674E+02, 2.741948E+02, 2.738514E+02, 2.738623E+02
2024-01-11 14:45:15,1, 1.148759E+02, 2.730322E+02, 2.737784E+02, 3.032411E+00, 8.173105E+00, 2.802484E+02, 2.747626E+02, 2.746208E+02, 2.742713E+02, 2.742945E+02
2024-01-11 15:00:15,1, 1.634457E+02, 2.734165E+02, 2.741861E+02, 3.161893E+00, 9.103091E+00, 2.803659E+02, 2.753523E+02, 2.753699E+02, 2.747271E+02, 2.747733E+02
2024-01-11 15:15:15,1, 1.753088E+02, 2.736087E+02, 2.745890E+02, 3.389200E+00, 1.320148E+01, 2.805623E+02, 2.758581E+02, 2.759103E+02, 2.752811E+02, 2.753836E+02
2024-01-11 15:30:15,1, 1.858727E+02, 2.738009E+02, 2.748075E+02, 3.463978E+00, 1.390787E+01, 2.807475E+02, 2.760918E+02, 2.761582E+02, 2.755185E+02, 2.756245E+02
2024-01-11 15:45:15,1, 1.950922E+02, 2.739931E+02, 2.750162E+02, 3.534062E+00, 1.460356E+01, 2.809247E+02, 2.763096E+02, 2.763868E+02, 2.757392E+02, 2.758481E+02
2024-01-11 16:00:15,1, 2.090141E+02, 2.741840E+02, 2.752205E+02, 3.601522E+00, 1.524389E+01, 2.810957E+02, 2.765432E+02, 2.766453E+02, 2.759567E+02, 2.760693E+02
2024-01-11 16:15:15,1, 2.156247E+02, 2.743016E+02, 2.753946E+02, 3.685871E+00, 1.494057E+01, 2.812742E+02, 2.767643E+02, 2.768867E+02, 2.761659E+02, 2.762890E+02
2024-01-11 16:30:15,1, 2.207469E+02, 2.744191E+02, 2.755337E+02, 3.742121E+00, 1.539806E+01, 2.814465E+02, 2.769316E+02, 2.770695E+02, 2.763163E+02, 2.764430E+02
2024-01-11 16:45:15,1, 2.243589E+02, 2.745367E+02, 2.756665E+02, 3.793229E+00, 1.589908E+01, 2.816113E+02, 2.770836E+02, 2.772337E+02, 2.764556E+02, 2.765849E+02
2024-01-11 17:00:15,1, 2.150916E+02, 2.746537E+02, 2.757900E+02, 3.836572E+00, 1.623195E+01, 2.817665E+02, 2.771699E+02, 2.773004E+02, 2.765726E+02, 2.767006E+02
2024-01-11 17:15:15,1, 2.156156E+02, 2.747381E+02, 2.758577E+02, 3.839622E+00, 1.393186E+01, 2.818947E+02, 2.772374E+02, 2.773740E+02, 2.766229E+02, 2.767438E+02
2024-01-11 17:30:15,1, 2.146797E+02, 2.748225E+02, 2.759498E+02, 3.874008E+00, 1.402837E+01, 2.820251E+02, 2.773418E+02, 2.774820E+02, 2.767189E+02, 2.768411E+02
2024-01-11 17:45:15,1, 2.122878E+02, 2.749069E+02, 2.760372E+02, 3.903282E+00, 1.417740E+01, 2.821519E+02, 2.774324E+02, 2.775731E+02, 2.768059E+02, 2.769281E+02
2024-01-11 18:00:15,1, 1.736124E+02, 2.749925E+02, 2.761083E+02, 3.915249E+00, 1.416312E+01, 2.822688E+02, 2.773493E+02, 2.773963E+02, 2.768460E+02, 2.769580E+02
2024-01-11 18:15:15,1, 1.692258E+02, 2.751430E+02, 2.761229E+02, 3.825753E+00, 1.187936E+01, 2.823114E+02, 2.772769E+02, 2.773135E+02, 2.767599E+02, 2.768399E+02
2024-01-11 18:30:15,1, 1.636676E+02, 2.752934E+02, 2.762526E+02, 3.853974E+00, 1.186581E+01, 2.823577E+02, 2.773746E+02, 2.774024E+02, 2.768750E+02, 2.769521E+02
2024-01-11 18:45:15,1, 1.569616E+02, 2.754439E+02, 2.763798E+02, 3.877378E+00, 1.185563E+01, 2.824035E+02, 2.774612E+02, 2.774769E+02, 2.769846E+02, 2.770574E+02
2024-01-11 19:00:15,1, 1.211316E+02, 2.755914E+02, 2.764928E+02, 3.871093E+00, 1.175385E+01, 2.824432E+02, 2.774017E+02, 2.773222E+02, 2.770553E+02, 2.771147E+02
2024-01-11 19:15:15,1, 1.138942E+02, 2.755615E+02, 2.763839E+02, 3.751369E+00, 1.001302E+01, 2.824251E+02, 2.772173E+02, 2.771117E+02, 2.768766E+02, 2.769030E+02
2024-01-11 19:30:15,1, 1.058061E+02, 2.755315E+02, 2.763366E+02, 3.716163E+00, 9.476638E+00, 2.824112E+02, 2.771476E+02, 2.770207E+02, 2.768141E+02, 2.768337E+02
2024-01-11 19:45:15,1, 9.690182E+01, 2.755015E+02, 2.762872E+02, 3.674211E+00, 8.925284E+00, 2.823972E+02, 2.770713E+02, 2.769190E+02, 2.767486E+02, 2.767600E+02
2024-01-11 20:00:15,1, 7.175700E+01, 2.754706E+02, 2.762290E+02, 3.561065E+00, 8.343713E+00, 2.823797E+02, 2.769076E+02, 2.766739E+02, 2.766596E+02, 2.766570E+02
2024-01-11 20:15:15,1, 6.318534E+01, 2.753797E+02, 2.760606E+02, 3.409664E+00, 7.887466E+00, 2.823256E+02, 2.766538E+02, 2.763774E+02, 2.764225E+02, 2.763900E+02
2024-01-11 20:30:15,1, 5.404444E+01, 2.752888E+02, 2.759328E+02, 3.279038E+00, 7.244882E+00, 2.822665E+02, 2.764736E+02, 2.761596E+02, 2.762605E+02, 2.762152E+02
2024-01-11 20:45:15,1, 4.437346E+01, 2.751980E+02, 2.758033E+02, 3.097793E+00, 6.421618E+00, 2.822013E+02, 2.762872E+02, 2.759306E+02, 2.760951E+02, 2.760360E+02
2024-01-11 21:00:15,1, 2.502723E+01, 2.751070E+02, 2.756685E+02, 2.458385E+00, 5.438929E+00, 2.821287E+02, 2.760529E+02, 2.756103E+02, 2.759139E+02, 2.758383E+02
2024-01-11 21:15:15,1, 1.726984E+01, 2.750056E+02, 2.755067E+02, 1.945409E+00, 4.391339E+00, 2.820378E+02, 2.758512E+02, 2.753740E+02, 2.756897E+02, 2.755826E+02
2024-01-11 21:30:15,1, 9.220027E+00, 2.749043E+02, 2.753879E+02, 1.183757E+00, 3.226798E+00, 2.819525E+02, 2.757187E+02, 2.752272E+02, 2.755398E+02, 2.754199E+02
2024-01-11 21:45:15,1, 9.122610E-01, 2.748030E+02, 2.752757E+02, 1.300993E-01, 1.548663E+00, 2.818694E+02, 2.755954E+02, 2.751035E+02, 2.753952E+02, 2.752612E+02
2024-01-11 22:00:15,1, 0.000000E+00, 2.747017E+02, 2.751775E+02, 0.000000E+00, 5.553250E-01, 2.817930E+02, 2.755154E+02, 2.750309E+02, 2.752920E+02, 2.751563E+02
2024-01-11 22:15:15,1, 0.000000E+00, 2.746077E+02, 2.750706E+02, 0.000000E+00, 1.198100E-01, 2.817289E+02, 2.753747E+02, 2.748637E+02, 2.751799E+02, 2.750388E+02
2024-01-11 22:30:15,1, 0.000000E+00, 2.745136E+02, 2.749526E+02, 0.000000E+00,-6.705576E-02, 2.816785E+02, 2.752238E+02, 2.746873E+02, 2.750538E+02, 2.749052E+02
2024-01-11 22:45:15,1, 0.000000E+00, 2.744195E+02, 2.748290E+02, 0.000000E+00,-1.805823E-01, 2.816343E+02, 2.750685E+02, 2.745055E+02, 2.749213E+02, 2.747653E+02
2024-01-11 23:00:15,1, 0.000000E+00, 2.743262E+02, 2.747017E+02, 0.000000E+00,-2.462909E-01, 2.815925E+02, 2.749106E+02, 2.743203E+02, 2.747854E+02, 2.746218E+02
2024-01-11 23:15:15,1, 0.000000E+00, 2.742778E+02, 2.745873E+02, 0.000000E+00, 4.375352E-01, 2.815537E+02, 2.747579E+02, 2.741233E+02, 2.746591E+02, 2.744832E+02
2024-01-11 23:30:15,1, 0.000000E+00, 2.742294E+02, 2.744720E+02, 0.000000E+00, 5.676222E-01, 2.815184E+02, 2.745962E+02, 2.739184E+02, 2.745328E+02, 2.743447E+02
2024-01-11 23:45:15,1, 0.000000E+00, 2.741810E+02, 2.743365E+02, 0.000000E+00, 4.763694E-01, 2.814855E+02, 2.744123E+02, 2.736810E+02, 2.743872E+02, 2.741854E+02
2024-01-11 00:00:15,2, 0.000000E+00, 2.736074E+02, 2.741025E+02, 0.000000E+00, 2.604094E+00, 2.826618E+02, 2.745177E+02, 2.740512E+02, 2.742349E+02, 2.741064E+02
2024-01-11 00:15:15,2, 0.000000E+00, 2.735640E+02, 2.740447E+02, 0.000000E+00, 2.524981E+00, 2.825561E+02, 2.744573E+02, 2.739902E+02, 2.741728E+02, 2.740439E+02
2024-01-11 00:30:15,2, 0.000000E+00, 2.735206E+02, 2.739982E+02, 0.000000E+00, 2.497134E+00, 2.824564E+02, 2.744072E+02, 2.739397E+02, 2.741249E+02, 2.739959E+02
2024-01-11 00:45:15,2, 0.000000E+00, 2.734772E+02, 2.739524E+02, 0.000000E+00, 2.468897E+00, 2.823614E+02, 2.743582E+02, 2.738900E+02, 2.740783E+02, 2.739490E+02
2024-01-11 01:00:15,2, 0.000000E+00, 2.734337E+02, 2.739069E+02, 0.000000E+00, 2.444604E+00, 2.822701E+02, 2.743098E+02, 2.738406E+02, 2.740320E+02, 2.739025E+02
2024-01-11 01:15:15,2, 0.000000E+00, 2.733834E+02, 2.738528E+02, 0.000000E+00, 2.496501E+00, 2.821808E+02, 2.742454E+02, 2.737698E+02, 2.739766E+02, 2.738455E+02
2024-01-11 01:30:15,2, 0.000000E+00, 2.733331E+02, 2.737956E+02, 0.000000E+00, 2.455188E+00, 2.820920E+02, 2.741792E+02, 2.736954E+02, 2.739169E+02, 2.737836E+02
2024-01-11 01:45:15,2, 0.000000E+00, 2.732828E+02, 2.737379E+02, 0.000000E+00, 2.437399E+00, 2.820050E+02, 2.741116E+02, 2.736208E+02, 2.738569E+02, 2.737215E+02
2024-01-11 02:00:15,2, 0.000000E+00, 2.732330E+02, 2.736795E+02, 0.000000E+00, 2.397656E+00, 2.819195E+02, 2.740437E+02, 2.735456E+02, 2.737959E+02, 2.736585E+02
2024-01-11 02:15:15,2, 0.000000E+00, 2.732158E+02, 2.736515E+02, 0.000000E+00, 2.195173E+00, 2.818376E+02, 2.740222E+02, 2.735296E+02, 2.737646E+02, 2.736280E+02
2024-01-11 02:30:15,2, 0.000000E+00, 2.731985E+02, 2.736381E+02, 0.000000E+00, 2.165297E+00, 2.817600E+02, 2.740143E+02, 2.735283E+02, 2.737521E+02, 2.736172E+02
2024-01-11 02:45:15,2, 0.000000E+00, 2.731812E+02, 2.736261E+02, 0.000000E+00, 2.152240E+00, 2.816863E+02, 2.740080E+02, 2.735288E+02, 2.737417E+02, 2.736086E+02
2024-01-11 03:00:15,2, 0.000000E+00, 2.731641E+02, 2.736146E+02, 0.000000E+00, 2.132548E+00, 2.816162E+02, 2.740024E+02, 2.735297E+02, 2.737317E+02, 2.736005E+02
2024-01-11 03:15:15,2, 0.000000E+00, 2.731532E+02, 2.736001E+02, 0.000000E+00, 1.854484E+00, 2.815483E+02, 2.739812E+02, 2.735058E+02, 2.737163E+02, 2.735845E+02
2024-01-11 03:30:15,2, 0.000000E+00, 2.731423E+02, 2.735838E+02, 0.000000E+00, 1.784430E+00, 2.814811E+02, 2.739584E+02, 2.734799E+02, 2.736983E+02, 2.735657E+02
2024-01-11 03:45:15,2, 0.000000E+00, 2.731314E+02, 2.735674E+02, 0.000000E+00, 1.751910E+00, 2.814154E+02, 2.739355E+02, 2.734539E+02, 2.736802E+02, 2.735467E+02
2024-01-11 04:00:15,2, 0.000000E+00, 2.731200E+02, 2.735510E+02, 0.000000E+00, 1.722704E+00, 2.813514E+02, 2.739124E+02, 2.734272E+02, 2.736621E+02, 2.735276E+02
2024-01-11 04:15:15,2, 0.000000E+00, 2.730788E+02, 2.735001E+02, 0.000000E+00, 1.523320E+00, 2.812861E+02, 2.738270E+02, 2.733159E+02, 2.736078E+02, 2.734672E+02
2024-01-11 04:30:15,2, 0.000000E+00, 2.730376E+02, 2.734301E+02, 0.000000E+00, 1.413472E+00, 2.812184E+02, 2.737242E+02, 2.731843E+02, 2.735302E+02, 2.733815E+02
2024-01-11 04:45:15,2, 0.000000E+00, 2.729964E+02, 2.733552E+02, 0.000000E+00, 1.326872E+00, 2.811496E+02, 2.736166E+02, 2.730454E+02, 2.734472E+02, 2.732897E+02
2024-01-11 05:00:15,2, 0.000000E+00, 2.729559E+02, 2.732756E+02, 0.000000E+00, 1.232955E+00, 2.810807E+02, 2.735046E+02, 2.728994E+02, 2.733597E+02, 2.731926E+02
2024-01-11 05:15:15,2, 0.000000E+00, 2.729512E+02, 2.732365E+02, 0.000000E+00, 1.141441E+00, 2.810172E+02, 2.734782E+02, 2.728667E+02, 2.733192E+02, 2.731600E+02
2024-01-11 05:30:15,2, 0.000000E+00, 2.729465E+02, 2.732314E+02, 0.000000E+00, 1.144761E+00, 2.809607E+02, 2.734816E+02, 2.728702E+02, 2.733154E+02, 2.731600E+02
2024-01-11 05:45:15,2, 0.000000E+00, 2.729419E+02, 2.732341E+02, 0.000000E+00, 1.147243E+00, 2.809090E+02, 2.734923E+02, 2.728825E+02, 2.733186E+02, 2.731600E+02
2024-01-11 06:00:15,2, 0.000000E+00, 2.729383E+02, 2.732393E+02, 0.000000E+00, 1.136262E+00, 2.808612E+02, 2.735055E+02, 2.728974E+02, 2.733239E+02, 2.731600E+02
2024-01-11 06:15:15,2, 0.000000E+00, 2.729965E+02, 2.732685E+02, 0.000000E+00, 9.633830E-01, 2.808184E+02, 2.735414E+02, 2.729334E+02, 2.733483E+02, 2.731777E+02
2024-01-11 06:30:15,2, 0.000000E+00, 2.730547E+02, 2.733185E+02, 0.000000E+00, 9.296307E-01, 2.807797E+02, 2.735939E+02, 2.729912E+02, 2.733970E+02, 2.732276E+02
2024-01-11 06:45:15,2, 0.000000E+00, 2.731129E+02, 2.733758E+02, 0.000000E+00, 9.284557E-01, 2.807440E+02, 2.736519E+02, 2.730567E+02, 2.734537E+02, 2.732863E+02
2024-01-11 07:00:15,2, 0.000000E+00, 2.731693E+02, 2.734357E+02, 0.000000E+00, 9.484506E-01, 2.807107E+02, 2.737117E+02, 2.731247E+02, 2.735135E+02, 2.733483E+02
2024-01-11 07:15:15,2, 0.000000E+00, 2.731200E+02, 2.734352E+02, 0.000000E+00, 1.435977E+00, 2.806734E+02, 2.736797E+02, 2.730843E+02, 2.735182E+02, 2.733523E+02
2024-01-11 07:30:15,2, 0.000000E+00, 2.730708E+02, 2.733781E+02, 0.000000E+00, 1.458066E+00, 2.806314E+02, 2.735996E+02, 2.729818E+02, 2.734599E+02, 2.732879E+02
2024-01-11 07:45:15,2, 0.000000E+00, 2.730216E+02, 2.733035E+02, 0.000000E+00, 1.338703E+00, 2.805881E+02, 2.735012E+02, 2.728576E+02, 2.733808E+02, 2.732017E+02
2024-01-11 08:00:15,2, 0.000000E+00, 2.729729E+02, 2.732210E+02, 0.000000E+00, 1.149591E+00, 2.805448E+02, 2.733924E+02, 2.727183E+02, 2.733058E+02, 2.731600E+02
2024-01-11 08:15:15,2, 0.000000E+00, 2.729538E+02, 2.731681E+02, 0.000000E+00, 8.053254E-01, 2.805065E+02, 2.733520E+02, 2.726697E+02, 2.732638E+02, 2.731600E+02
2024-01-11 08:30:15,2, 0.000000E+00, 2.729346E+02, 2.731487E+02, 0.000000E+00, 7.199773E-01, 2.804736E+02, 2.733445E+02, 2.726638E+02, 2.732484E+02, 2.731600E+02
2024-01-11 08:45:15,2, 0.000000E+00, 2.729154E+02, 2.731470E+02, 0.000000E+00, 7.297600E-01, 2.804435E+02, 2.733543E+02, 2.726806E+02, 2.732471E+02, 2.731600E+02
2024-01-11 09:00:15,2, 0.000000E+00, 2.728955E+02, 2.731556E+02, 0.000000E+00, 7.969594E-01, 2.804148E+02, 2.733738E+02, 2.727105E+02, 2.732541E+02, 2.731600E+02
2024-01-11 09:15:15,2, 0.000000E+00, 2.728298E+02, 2.731352E+02, 0.000000E+00, 9.274802E-01, 2.803818E+02, 2.733307E+02, 2.726589E+02, 2.732407E+02, 2.731600E+02
2024-01-11 09:30:15,2, 0.000000E+00, 2.727641E+02, 2.730771E+02, 0.000000E+00, 7.752321E-01, 2.803439E+02, 2.732485E+02, 2.725557E+02, 2.732057E+02, 2.731600E+02
2024-01-11 09:45:15,2, 0.000000E+00, 2.726984E+02, 2.730067E+02, 0.000000E+00, 6.236384E-01, 2.803042E+02, 2.731541E+02, 2.724372E+02, 2.731719E+02, 2.731600E+02
2024-01-11 10:00:15,2, 0.000000E+00, 2.726312E+02, 2.729315E+02, 0.000000E+00, 5.798380E-01, 2.802616E+02, 2.730576E+02, 2.723260E+02, 2.731600E+02, 2.731600E+02
2024-01-11 10:15:15,2, 0.000000E+00, 2.724735E+02, 2.728509E+02, 0.000000E+00, 9.360182E-01, 2.802172E+02, 2.729890E+02, 2.722688E+02, 2.731600E+02, 2.731600E+02
2024-01-11 10:30:15,2, 0.000000E+00, 2.723159E+02, 2.727461E+02, 0.000000E+00, 1.246626E+00, 2.801683E+02, 2.729027E+02, 2.722003E+02, 2.731600E+02, 2.731600E+02
2024-01-11 10:45:15,2, 0.000000E+00, 2.721583E+02, 2.726214E+02, 0.000000E+00, 1.316176E+00, 2.801162E+02, 2.727972E+02, 2.721109E+02, 2.731600E+02, 2.731600E+02
2024-01-11 11:00:15,2, 0.000000E+00, 2.720032E+02, 2.724881E+02, 0.000000E+00, 1.112717E+00, 2.800620E+02, 2.726787E+02, 2.719937E+02, 2.731600E+02, 2.731600E+02
2024-01-11 11:15:15,2, 0.000000E+00, 2.720039E+02, 2.724768E+02, 0.000000E+00, 8.896495E-01, 2.800178E+02, 2.727252E+02, 2.720740E+02, 2.731600E+02, 2.731600E+02
2024-01-11 11:30:15,2, 0.000000E+00, 2.720045E+02, 2.725027E+02, 0.000000E+00, 9.384292E-01, 2.799835E+02, 2.728127E+02, 2.722031E+02, 2.731600E+02, 2.731600E+02
2024-01-11 11:45:15,2, 0.000000E+00, 2.720052E+02, 2.725307E+02, 0.000000E+00, 9.453381E-01, 2.799574E+02, 2.729022E+02, 2.723334E+02, 2.731600E+02, 2.731600E+02
2024-01-11 12:00:15,2, 0.000000E+00, 2.720057E+02, 2.725585E+02, 0.000000E+00, 9.427476E-01, 2.799385E+02, 2.729918E+02, 2.724639E+02, 2.731600E+02, 2.731600E+02
2024-01-11 12:15:15,2, 0.000000E+00, 2.720006E+02, 2.725649E+02, 0.000000E+00, 8.787598E-01, 2.799219E+02, 2.730081E+02, 2.724865E+02, 2.731600E+02, 2.731600E+02
2024-01-11 12:30:15,2, 0.000000E+00, 2.719954E+02, 2.725641E+02, 0.000000E+00, 8.437921E-01, 2.799045E+02, 2.730160E+02, 2.725006E+02, 2.731600E+02, 2.731600E+02
2024-01-11 12:45:15,2, 0.000000E+00, 2.719902E+02, 2.725629E+02, 0.000000E+00, 8.276935E-01, 2.798870E+02, 2.730237E+02, 2.725147E+02, 2.731600E+02, 2.731600E+02
2024-01-11 13:00:15,2, 1.681174E+01, 2.719847E+02, 2.725652E+02, 1.756049E+00, 9.372022E-01, 2.798708E+02, 2.731018E+02, 2.726501E+02, 2.731600E+02, 2.731600E+02
2024-01-11 13:15:15,2, 2.844396E+01, 2.719542E+02, 2.726059E+02, 2.242676E+00, 4.075453E+00, 2.798913E+02, 2.732511E+02, 2.728501E+02, 2.731600E+02, 2.731600E+02
2024-01-11 13:30:15,2, 3.963554E+01, 2.719237E+02, 2.726044E+02, 2.447273E+00, 5.211244E+00, 2.799166E+02, 2.733089E+02, 2.729361E+02, 2.731600E+02, 2.731600E+02
2024-01-11 13:45:15,2, 5.033857E+01, 2.718932E+02, 2.726017E+02, 2.547365E+00, 5.688684E+00, 2.799459E+02, 2.733633E+02, 2.730119E+02, 2.731600E+02, 2.731600E+02
2024-01-11 14:00:15,2, 7.954352E+01, 2.718696E+02, 2.726036E+02, 2.640390E+00, 5.892817E+00, 2.799799E+02, 2.735179E+02, 2.732540E+02, 2.731600E+02, 2.731600E+02
2024-01-11 14:15:15,2, 9.215158E+01, 2.722572E+02, 2.729735E+02, 2.801401E+00, 6.505233E+00, 2.800593E+02, 2.739717E+02, 2.737613E+02, 2.734268E+02, 2.734200E+02
2024-01-11 14:30:15,2, 1.039459E+02, 2.726447E+02, 2.733776E+02, 2.918306E+00, 7.376736E+00, 2.801482E+02, 2.743716E+02, 2.741970E+02, 2.738500E+02, 2.738573E+02
2024-01-11 14:45:15,2, 1.148759E+02, 2.730322E+02, 2.737786E+02, 3.034329E+00, 8.177402E+00, 2.802495E+02, 2.747656E+02, 2.746209E+02, 2.742695E+02, 2.742886E+02
2024-01-11 15:00:15,2, 1.634457E+02, 2.734165E+02, 2.741863E+02, 3.163957E+00, 9.107897E+00, 2.803669E+02, 2.753488E+02, 2.753543E+02, 2.747240E+02, 2.747644E+02
2024-01-11 15:15:15,2, 1.753088E+02, 2.736087E+02, 2.745891E+02, 3.391258E+00, 1.320638E+01, 2.805633E+02, 2.758526E+02, 2.758908E+02, 2.752758E+02, 2.753692E+02
2024-01-11 15:30:15,2, 1.858727E+02, 2.738009E+02, 2.748076E+02, 3.466096E+00, 1.391350E+01, 2.807486E+02, 2.760857E+02, 2.761378E+02, 2.755132E+02, 2.756100E+02
2024-01-11 15:45:15,2, 1.950922E+02, 2.739931E+02, 2.750163E+02, 3.536234E+00, 1.460966E+01, 2.809257E+02, 2.763031E+02, 2.763657E+02, 2.757338E+02, 2.758336E+02
2024-01-11 16:00:15,2, 2.090141E+02, 2.741840E+02, 2.752206E+02, 3.603745E+00, 1.525041E+01, 2.810967E+02, 2.765357E+02, 2.766219E+02, 2.759511E+02, 2.760544E+02
2024-01-11 16:15:15,2, 2.156247E+02, 2.743016E+02, 2.753947E+02, 3.688118E+00, 1.494749E+01, 2.812752E+02, 2.767559E+02, 2.768613E+02, 2.761599E+02, 2.762730E+02
2024-01-11 16:30:15,2, 2.207469E+02, 2.744191E+02, 2.755338E+02, 3.744416E+00, 1.540530E+01, 2.814475E+02, 2.769225E+02, 2.770427E+02, 2.763102E+02, 2.764268E+02
2024-01-11 16:45:15,2, 2.243589E+02, 2.745367E+02, 2.756666E+02, 3.795569E+00, 1.590668E+01, 2.816122E+02, 2.770740E+02, 2.772058E+02, 2.764494E+02, 2.765685E+02
2024-01-11 17:00:15,2, 2.150916E+02, 2.746537E+02, 2.757901E+02, 3.838945E+00, 1.623995E+01, 2.817674E+02, 2.771609E+02, 2.772747E+02, 2.765666E+02, 2.766847E+02
2024-01-11 17:15:15,2, 2.156156E+02, 2.747381E+02, 2.758579E+02, 3.842075E+00, 1.394055E+01, 2.818956E+02, 2.772284E+02, 2.773480E+02, 2.766171E+02, 2.767289E+02
2024-01-11 17:30:15,2, 2.146797E+02, 2.748225E+02, 2.759500E+02, 3.876485E+00, 1.403703E+01, 2.820259E+02, 2.773325E+02, 2.774555E+02, 2.767131E+02, 2.768261E+02
2024-01-11 17:45:15,2, 2.122878E+02, 2.749069E+02, 2.760373E+02, 3.905778E+00, 1.418616E+01, 2.821527E+02, 2.774230E+02, 2.775464E+02, 2.768002E+02, 2.769130E+02
2024-01-11 18:00:15,2, 1.736124E+02, 2.749925E+02, 2.761085E+02, 3.917728E+00, 1.417199E+01, 2.822696E+02, 2.773435E+02, 2.773787E+02, 2.768410E+02, 2.769448E+02
2024-01-11 18:15:15,2, 1.692258E+02, 2.751430E+02, 2.761232E+02, 3.828303E+00, 1.188863E+01, 2.823121E+02, 2.772721E+02, 2.772976E+02, 2.767561E+02, 2.768300E+02
2024-01-11 18:30:15,2, 1.636676E+02, 2.752934E+02, 2.762529E+02, 3.856527E+00, 1.187493E+01, 2.823584E+02, 2.773701E+02, 2.773873E+02, 2.768714E+02, 2.769424E+02
2024-01-11 18:45:15,2, 1.569616E+02, 2.754439E+02, 2.763801E+02, 3.879919E+00, 1.186466E+01, 2.824041E+02, 2.774571E+02, 2.774627E+02, 2.769811E+02, 2.770480E+02
2024-01-11 19:00:15,2, 1.211316E+02, 2.755914E+02, 2.764931E+02, 3.873517E+00, 1.176271E+01, 2.824438E+02, 2.774013E+02, 2.773165E+02, 2.770526E+02, 2.771073E+02
2024-01-11 19:15:15,2, 1.138942E+02, 2.755615E+02, 2.763842E+02, 3.753707E+00, 1.002116E+01, 2.824258E+02, 2.772182E+02, 2.771086E+02, 2.768753E+02, 2.768986E+02
2024-01-11 19:30:15,2, 1.058061E+02, 2.755315E+02, 2.763369E+02, 3.718409E+00, 9.484179E+00, 2.824118E+02, 2.771494E+02, 2.770192E+02, 2.768131E+02, 2.768298E+02
2024-01-11 19:45:15,2, 9.690182E+01, 2.755015E+02, 2.762875E+02, 3.676332E+00, 8.932239E+00, 2.823979E+02, 2.770741E+02, 2.769194E+02, 2.767479E+02, 2.767567E+02
2024-01-11 20:00:15,2, 7.175700E+01, 2.754706E+02, 2.762292E+02, 3.562612E+00, 8.349871E+00, 2.823803E+02, 2.769136E+02, 2.766811E+02, 2.766597E+02, 2.766553E+02
2024-01-11 20:15:15,2, 6.318534E+01, 2.753797E+02, 2.760609E+02, 3.410892E+00, 7.891728E+00, 2.823263E+02, 2.766618E+02, 2.763884E+02, 2.764237E+02, 2.763908E+02
2024-01-11 20:30:15,2, 5.404444E+01, 2.752888E+02, 2.759330E+02, 3.280056E+00, 7.248164E+00, 2.822672E+02, 2.764832E+02, 2.761738E+02, 2.762622E+02, 2.762170E+02
2024-01-11 20:45:15,2, 4.437346E+01, 2.751980E+02, 2.758035E+02, 3.099211E+00, 6.424558E+00, 2.822020E+02, 2.762988E+02, 2.759485E+02, 2.760973E+02, 2.760388E+02
2024-01-11 21:00:15,2, 2.502723E+01, 2.751070E+02, 2.756686E+02, 2.464013E+00, 5.444305E+00, 2.821295E+02, 2.760685E+02, 2.756372E+02, 2.759167E+02, 2.758419E+02
2024-01-11 21:15:15,2, 1.726984E+01, 2.750056E+02, 2.755068E+02, 1.950286E+00, 4.397218E+00, 2.820386E+02, 2.758683E+02, 2.754035E+02, 2.756940E+02, 2.755906E+02
2024-01-11 21:30:15,2, 9.220027E+00, 2.749043E+02, 2.753880E+02, 1.185381E+00, 3.231678E+00, 2.819533E+02, 2.757367E+02, 2.752591E+02, 2.755445E+02, 2.754285E+02
2024-01-11 21:45:15,2, 9.122610E-01, 2.748030E+02, 2.752758E+02, 1.301403E-01, 1.550955E+00, 2.818702E+02, 2.756137E+02, 2.751364E+02, 2.754005E+02, 2.752707E+02
2024-01-11 22:00:15,2, 0.000000E+00, 2.747017E+02, 2.751776E+02, 0.000000E+00, 5.562201E-01, 2.817939E+02, 2.755334E+02, 2.750632E+02, 2.752973E+02, 2.751657E+02
2024-01-11 22:15:15,2, 0.000000E+00, 2.746077E+02, 2.750708E+02, 0.000000E+00, 1.202392E-01, 2.817297E+02, 2.753938E+02, 2.748979E+02, 2.751854E+02, 2.750486E+02
2024-01-11 22:30:15,2, 0.000000E+00, 2.745136E+02, 2.749528E+02, 0.000000E+00,-6.678048E-02, 2.816794E+02, 2.752440E+02, 2.747234E+02, 2.750596E+02, 2.749156E+02
2024-01-11 22:45:15,2, 0.000000E+00, 2.744195E+02, 2.748291E+02, 0.000000E+00,-1.803538E-01, 2.816352E+02, 2.750898E+02, 2.745436E+02, 2.749274E+02, 2.747763E+02
2024-01-11 23:00:15,2, 0.000000E+00, 2.743262E+02, 2.747018E+02, 0.000000E+00,-2.460508E-01, 2.815934E+02, 2.749332E+02, 2.743605E+02, 2.747918E+02, 2.746333E+02
2024-01-11 23:15:15,2, 0.000000E+00, 2.742778E+02, 2.745874E+02, 0.000000E+00, 4.376668E-01, 2.815546E+02, 2.747827E+02, 2.741671E+02, 2.746660E+02, 2.744956E+02
2024-01-11 23:30:15,2, 0.000000E+00, 2.742294E+02, 2.744719E+02, 0.000000E+00, 5.675181E-01, 2.815193E+02, 2.746237E+02, 2.739662E+02, 2.745400E+02, 2.743581E+02
2024-01-11 23:45:15,2, 0.000000E+00, 2.741810E+02, 2.743361E+02, 0.000000E+00, 4.754789E-01, 2.814865E+02, 2.744419E+02, 2.737334E+02, 2.743955E+02, 2.742000E+02
2024-01-12 00:00:15,1, 0.000000E+00, 2.741333E+02, 2.741633E+02, 0.000000E+00, 4.018708E-01, 2.814539E+02, 2.742020E+02, 2.734238E+02, 2.742081E+02, 2.739930E+02
2024-01-12 00:15:15,1, 0.000000E+00, 2.741255E+02, 2.740292E+02, 0.000000E+00, 5.547239E-01, 2.814128E+02, 2.741271E+02, 2.733785E+02, 2.740756E+02, 2.738651E+02
2024-01-12 00:30:15,1, 0.000000E+00, 2.741178E+02, 2.739781E+02, 0.000000E+00, 6.998453E-01, 2.813559E+02, 2.741199E+02, 2.733968E+02, 2.740257E+02, 2.738219E+02
2024-01-12 00:45:15,1, 0.000000E+00, 2.741100E+02, 2.739841E+02, 0.000000E+00, 8.387222E-01, 2.812957E+02, 2.741584E+02, 2.734605E+02, 2.740327E+02, 2.738356E+02
2024-01-12 01:00:15,1, 0.000000E+00, 2.741022E+02, 2.740304E+02, 0.000000E+00, 9.795874E-01, 2.812390E+02, 2.742299E+02, 2.735566E+02, 2.740806E+02, 2.738901E+02
2024-01-12 01:15:15,1, 0.000000E+00, 2.740903E+02, 2.740733E+02, 0.000000E+00, 1.165897E+00, 2.811823E+02, 2.742516E+02, 2.735741E+02, 2.741230E+02, 2.739328E+02
2024-01-12 01:30:15,1, 0.000000E+00, 2.740783E+02, 2.740859E+02, 0.000000E+00, 1.304280E+00, 2.811205E+02, 2.742470E+02, 2.735665E+02, 2.741352E+02, 2.739444E+02
2024-01-12 01:45:15,1, 0.000000E+00, 2.740664E+02, 2.740770E+02, 0.000000E+00, 1.381368E+00, 2.810574E+02, 2.742248E+02, 2.735427E+02, 2.741256E+02, 2.739346E+02
2024-01-12 02:00:15,1, 0.000000E+00, 2.740545E+02, 2.740532E+02, 0.000000E+00, 1.434415E+00, 2.809947E+02, 2.741903E+02, 2.735071E+02, 2.741009E+02, 2.739096E+02
2024-01-12 02:15:15,1, 0.000000E+00, 2.740467E+02, 2.740307E+02, 0.000000E+00, 1.445568E+00, 2.809343E+02, 2.741737E+02, 2.734987E+02, 2.740781E+02, 2.738886E+02
2024-01-12 02:30:15,1, 0.000000E+00, 2.740389E+02, 2.740189E+02, 0.000000E+00, 1.455149E+00, 2.808768E+02, 2.741666E+02, 2.734998E+02, 2.740661E+02, 2.738789E+02
2024-01-12 02:45:15,1, 0.000000E+00, 2.740311E+02, 2.740146E+02, 0.000000E+00, 1.463794E+00, 2.808228E+02, 2.741661E+02, 2.735075E+02, 2.740619E+02, 2.738769E+02
2024-01-12 03:00:15,1, 0.000000E+00, 2.740237E+02, 2.740159E+02, 0.000000E+00, 1.482085E+00, 2.807723E+02, 2.741706E+02, 2.735199E+02, 2.740632E+02, 2.738804E+02
2024-01-12 03:15:15,1, 0.000000E+00, 2.740376E+02, 2.740385E+02, 0.000000E+00, 1.364596E+00, 2.807265E+02, 2.742163E+02, 2.735872E+02, 2.740868E+02, 2.739090E+02
2024-01-12 03:30:15,1, 0.000000E+00, 2.740516E+02, 2.740911E+02, 0.000000E+00, 1.408500E+00, 2.806857E+02, 2.742884E+02, 2.736814E+02, 2.741409E+02, 2.739686E+02
2024-01-12 03:45:15,1, 0.000000E+00, 2.740656E+02, 2.741697E+02, 0.000000E+00, 1.722150E+00, 2.806483E+02, 2.743850E+02, 2.738081E+02, 2.742213E+02, 2.740573E+02
2024-01-12 04:00:15,1, 0.000000E+00, 2.740784E+02, 2.742619E+02, 0.000000E+00, 2.080175E+00, 2.806126E+02, 2.744921E+02, 2.739462E+02, 2.743174E+02, 2.741626E+02
2024-01-12 04:15:15,1, 0.000000E+00, 2.740187E+02, 2.742965E+02, 0.000000E+00, 2.248211E+00, 2.805735E+02, 2.745005E+02, 2.739554E+02, 2.743596E+02, 2.742075E+02
2024-01-12 04:30:15,1, 0.000000E+00, 2.739590E+02, 2.742577E+02, 0.000000E+00, 1.713529E+00, 2.805316E+02, 2.744430E+02, 2.738874E+02, 2.743239E+02, 2.741692E+02
2024-01-12 04:45:15,1, 0.000000E+00, 2.738993E+02, 2.741928E+02, 0.000000E+00, 1.290058E+00, 2.804897E+02, 2.743609E+02, 2.737898E+02, 2.742564E+02, 2.740976E+02
2024-01-12 05:00:15,1, 0.000000E+00, 2.738395E+02, 2.741187E+02, 0.000000E+00, 1.022636E+00, 2.804487E+02, 2.742702E+02, 2.736806E+02, 2.741789E+02, 2.740150E+02
2024-01-12 05:15:15,1, 0.000000E+00, 2.737721E+02, 2.740326E+02, 0.000000E+00, 9.052405E-01, 2.804067E+02, 2.741638E+02, 2.735550E+02, 2.740895E+02, 2.739203E+02
2024-01-12 05:30:15,1, 0.000000E+00, 2.737047E+02, 2.739342E+02, 0.000000E+00, 7.641072E-01, 2.803624E+02, 2.740447E+02, 2.734131E+02, 2.739872E+02, 2.738117E+02
2024-01-12 05:45:15,1, 0.000000E+00, 2.736373E+02, 2.738249E+02, 0.000000E+00, 6.106314E-01, 2.803174E+02, 2.739150E+02, 2.732557E+02, 2.738735E+02, 2.736912E+02
2024-01-12 06:00:15,1, 0.000000E+00, 2.735722E+02, 2.737034E+02, 0.000000E+00, 5.611803E-01, 2.802712E+02, 2.737789E+02, 2.731017E+02, 2.737485E+02, 2.735607E+02
2024-01-12 06:15:15,1, 0.000000E+00, 2.736494E+02, 2.736207E+02, 0.000000E+00, 2.537383E-01, 2.802261E+02, 2.737331E+02, 2.730788E+02, 2.736647E+02, 2.734809E+02
2024-01-12 06:30:15,1, 0.000000E+00, 2.737266E+02, 2.736008E+02, 0.000000E+00, 6.101184E-02, 2.801865E+02, 2.737392E+02, 2.731039E+02, 2.736433E+02, 2.734644E+02
2024-01-12 06:45:15,1, 0.000000E+00, 2.738037E+02, 2.736237E+02, 0.000000E+00,-8.631542E-02, 2.801522E+02, 2.737807E+02, 2.731635E+02, 2.736652E+02, 2.734912E+02
2024-01-12 07:00:15,1, 0.000000E+00, 2.738789E+02, 2.736771E+02, 0.000000E+00,-2.010759E-01, 2.801230E+02, 2.738481E+02, 2.732482E+02, 2.737185E+02, 2.735491E+02
2024-01-12 07:15:15,1, 0.000000E+00, 2.738358E+02, 2.737385E+02, 0.000000E+00, 1.271147E-02, 2.800985E+02, 2.739122E+02, 2.733208E+02, 2.737811E+02, 2.736143E+02
2024-01-12 07:30:15,1, 0.000000E+00, 2.737927E+02, 2.737939E+02, 0.000000E+00, 2.167451E-01, 2.800784E+02, 2.739719E+02, 2.733888E+02, 2.738385E+02, 2.736741E+02
2024-01-12 07:45:15,1, 0.000000E+00, 2.737496E+02, 2.738435E+02, 0.000000E+00, 4.154343E-01, 2.800615E+02, 2.740271E+02, 2.734523E+02, 2.738906E+02, 2.737285E+02
2024-01-12 08:00:15,1, 0.000000E+00, 2.737055E+02, 2.738867E+02, 0.000000E+00, 6.164316E-01, 2.800470E+02, 2.740767E+02, 2.735097E+02, 2.739369E+02, 2.737770E+02
2024-01-12 08:15:15,1, 0.000000E+00, 2.736049E+02, 2.738702E+02, 0.000000E+00, 1.041305E+00, 2.800280E+02, 2.740058E+02, 2.734013E+02, 2.739215E+02, 2.737547E+02
2024-01-12 08:30:15,1, 0.000000E+00, 2.735042E+02, 2.737716E+02, 0.000000E+00, 1.302199E+00, 2.799983E+02, 2.738628E+02, 2.732248E+02, 2.738210E+02, 2.736454E+02
2024-01-12 08:45:15,1, 0.000000E+00, 2.734036E+02, 2.736231E+02, 0.000000E+00, 1.398000E+00, 2.799591E+02, 2.736790E+02, 2.730105E+02, 2.736680E+02, 2.734845E+02
2024-01-12 09:00:15,1, 0.000000E+00, 2.733035E+02, 2.734418E+02, 0.000000E+00, 1.413672E+00, 2.799119E+02, 2.734691E+02, 2.727729E+02, 2.734823E+02, 2.732909E+02
2024-01-12 09:15:15,1, 0.000000E+00, 2.732387E+02, 2.733109E+02, 0.000000E+00, 1.269832E+00, 2.798666E+02, 2.734112E+02, 2.727517E+02, 2.733544E+02, 2.731691E+02
2024-01-12 09:30:15,1, 0.000000E+00, 2.731738E+02, 2.732764E+02, 0.000000E+00, 1.265130E+00, 2.798313E+02, 2.734359E+02, 2.728094E+02, 2.733268E+02, 2.731600E+02
2024-01-12 09:45:15,1, 0.000000E+00, 2.731090E+02, 2.733043E+02, 0.000000E+00, 1.344037E+00, 2.798054E+02, 2.735124E+02, 2.729200E+02, 2.733567E+02, 2.731885E+02
2024-01-12 10:00:15,1, 0.000000E+00, 2.730445E+02, 2.733685E+02, 0.000000E+00, 1.561831E+00, 2.797881E+02, 2.736199E+02, 2.730604E+02, 2.734293E+02, 2.732693E+02
2024-01-12 10:15:15,1, 0.000000E+00, 2.730005E+02, 2.734020E+02, 0.000000E+00, 2.242484E+00, 2.797729E+02, 2.736370E+02, 2.730694E+02, 2.734693E+02, 2.733104E+02
2024-01-12 10:30:15,1, 0.000000E+00, 2.729565E+02, 2.733800E+02, 0.000000E+00, 2.588598E+00, 2.797546E+02, 2.736063E+02, 2.730322E+02, 2.734523E+02, 2.732926E+02
2024-01-12 10:45:15,1, 0.000000E+00, 2.729125E+02, 2.733368E+02, 0.000000E+00, 2.631044E+00, 2.797334E+02, 2.735567E+02, 2.729763E+02, 2.734097E+02, 2.732486E+02
2024-01-12 11:00:15,1, 0.000000E+00, 2.728717E+02, 2.732880E+02, 0.000000E+00, 2.554103E+00, 2.797098E+02, 2.735020E+02, 2.729156E+02, 2.733599E+02, 2.731972E+02
2024-01-12 11:15:15,1, 0.000000E+00, 2.730177E+02, 2.732893E+02, 0.000000E+00, 1.633588E+00, 2.796853E+02, 2.734891E+02, 2.729021E+02, 2.733467E+02, 2.731820E+02
2024-01-12 11:30:15,1, 0.000000E+00, 2.731637E+02, 2.733179E+02, 0.000000E+00, 1.439960E+00, 2.796611E+02, 2.735018E+02, 2.729144E+02, 2.733687E+02, 2.732038E+02
2024-01-12 11:45:15,1, 0.000000E+00, 2.733096E+02, 2.733512E+02, 0.000000E+00, 1.352566E+00, 2.796373E+02, 2.735183E+02, 2.729299E+02, 2.733972E+02, 2.732320E+02
2024-01-12 12:00:15,1, 0.000000E+00, 2.734525E+02, 2.733832E+02, 0.000000E+00, 1.310833E+00, 2.796140E+02, 2.735336E+02, 2.729442E+02, 2.734251E+02, 2.732598E+02
2024-01-12 12:15:15,1, 0.000000E+00, 2.734158E+02, 2.733792E+02, 0.000000E+00, 1.379684E+00, 2.795884E+02, 2.734894E+02, 2.728782E+02, 2.734195E+02, 2.732495E+02
2024-01-12 12:30:15,1, 0.000000E+00, 2.733791E+02, 2.733229E+02, 0.000000E+00, 1.388614E+00, 2.795580E+02, 2.734003E+02, 2.727691E+02, 2.733609E+02, 2.731857E+02
2024-01-12 12:45:15,1, 0.000000E+00, 2.733424E+02, 2.732328E+02, 0.000000E+00, 1.364368E+00, 2.795229E+02, 2.732832E+02, 2.726309E+02, 2.732854E+02, 2.731600E+02
2024-01-12 13:00:15,1, 3.195819E+01, 2.733067E+02, 2.731360E+02, 2.229595E+00, 1.346236E+00, 2.794856E+02, 2.733225E+02, 2.728151E+02, 2.732374E+02, 2.731783E+02
2024-01-12 13:15:15,1, 5.376808E+01, 2.733330E+02, 2.735185E+02, 2.675132E+00, 2.493883E+00, 2.795253E+02, 2.739311E+02, 2.736174E+02, 2.737166E+02, 2.736991E+02
2024-01-12 13:30:15,1, 7.475492E+01, 2.733593E+02, 2.738884E+02, 2.888052E+00, 1.070691E+01, 2.795931E+02, 2.744088E+02, 2.741911E+02, 2.742002E+02, 2.742432E+02
2024-01-12 13:45:15,1, 9.482885E+01, 2.733856E+02, 2.740119E+02, 2.991720E+00, 9.905229E+00, 2.796766E+02, 2.746652E+02, 2.745156E+02, 2.744383E+02, 2.745246E+02
2024-01-12 14:00:15,1, 1.369719E+02, 2.734140E+02, 2.741116E+02, 3.082007E+00, 9.072869E+00, 2.797749E+02, 2.750248E+02, 2.751009E+02, 2.746452E+02, 2.747803E+02
2024-01-12 14:15:15,1, 1.586107E+02, 2.735695E+02, 2.744102E+02, 3.299766E+00, 1.009996E+01, 2.799166E+02, 2.755437E+02, 2.756863E+02, 2.751009E+02, 2.753059E+02
2024-01-12 14:30:15,1, 1.788574E+02, 2.737250E+02, 2.746416E+02, 3.411771E+00, 1.064486E+01, 2.800747E+02, 2.758962E+02, 2.760485E+02, 2.754053E+02, 2.755971E+02
2024-01-12 14:45:15,1, 1.976253E+02, 2.738806E+02, 2.748614E+02, 3.515537E+00, 1.140069E+01, 2.802467E+02, 2.762173E+02, 2.763829E+02, 2.756838E+02, 2.758701E+02
2024-01-12 15:00:15,1, 2.235398E+02, 2.740376E+02, 2.750754E+02, 3.614182E+00, 1.217477E+01, 2.804305E+02, 2.765522E+02, 2.767749E+02, 2.759503E+02, 2.761427E+02
2024-01-12 15:15:15,1, 2.397470E+02, 2.742836E+02, 2.753827E+02, 3.765924E+00, 1.340517E+01, 2.806388E+02, 2.769511E+02, 2.772023E+02, 2.763164E+02, 2.765269E+02
2024-01-12 15:30:15,1, 2.541859E+02, 2.745296E+02, 2.756724E+02, 3.884765E+00, 1.440085E+01, 2.808567E+02, 2.772982E+02, 2.775664E+02, 2.766406E+02, 2.768527E+02
2024-01-12 15:45:15,1, 2.667945E+02, 2.747755E+02, 2.759547E+02, 3.998669E+00, 1.537722E+01, 2.810805E+02, 2.776262E+02, 2.779081E+02, 2.769510E+02, 2.771644E+02
2024-01-12 16:00:15,1, 3.206313E+02, 2.750215E+02, 2.762423E+02, 4.112878E+00, 1.637752E+01, 2.813096E+02, 2.781315E+02, 2.785485E+02, 2.772959E+02, 2.775226E+02
2024-01-12 16:15:15,1, 3.307918E+02, 2.752663E+02, 2.766243E+02, 4.367085E+00, 1.833745E+01, 2.816141E+02, 2.786127E+02, 2.790284E+02, 2.778170E+02, 2.780840E+02
2024-01-12 16:30:15,1, 3.386788E+02, 2.755111E+02, 2.768842E+02, 4.462196E+00, 1.918505E+01, 2.819013E+02, 2.788762E+02, 2.792823E+02, 2.780870E+02, 2.783478E+02
2024-01-12 16:45:15,1, 3.442586E+02, 2.757558E+02, 2.771361E+02, 4.550354E+00, 2.004148E+01, 2.821711E+02, 2.791187E+02, 2.795151E+02, 2.783409E+02, 2.785962E+02
2024-01-12 17:00:15,1, 3.762129E+02, 2.759983E+02, 2.773884E+02, 4.634753E+00, 2.087971E+01, 2.824248E+02, 2.794599E+02, 2.799112E+02, 2.786115E+02, 2.788677E+02
2024-01-12 17:15:15,1, 3.771911E+02, 2.761077E+02, 2.775768E+02, 4.753643E+00, 2.153901E+01, 2.827071E+02, 2.796438E+02, 2.800599E+02, 2.788687E+02, 2.791354E+02
2024-01-12 17:30:15,1, 3.756264E+02, 2.762171E+02, 2.776669E+02, 4.758979E+00, 2.164596E+01, 2.829464E+02, 2.796704E+02, 2.800542E+02, 2.789337E+02, 2.791892E+02
2024-01-12 17:45:15,1, 3.715254E+02, 2.763264E+02, 2.777486E+02, 4.755544E+00, 2.171963E+01, 2.831455E+02, 2.796745E+02, 2.800277E+02, 2.789823E+02, 2.792279E+02
2024-01-12 18:00:15,1, 4.261788E+02, 2.764382E+02, 2.778401E+02, 4.750203E+00, 2.179808E+01, 2.833099E+02, 2.799101E+02, 2.803794E+02, 2.790814E+02, 2.793327E+02
2024-01-12 18:15:15,1, 4.155390E+02, 2.766951E+02, 2.781675E+02, 4.964253E+00, 2.389922E+01, 2.835440E+02, 2.801851E+02, 2.806257E+02, 2.794844E+02, 2.797760E+02
2024-01-12 18:30:15,1, 4.020363E+02, 2.769519E+02, 2.783596E+02, 4.969318E+00, 2.407197E+01, 2.837118E+02, 2.802149E+02, 2.806295E+02, 2.796067E+02, 2.798920E+02
2024-01-12 18:45:15,1, 3.857285E+02, 2.772087E+02, 2.785396E+02, 4.964192E+00, 2.415927E+01, 2.838198E+02, 2.802188E+02, 2.806127E+02, 2.797095E+02, 2.799914E+02
2024-01-12 19:00:15,1, 2.438091E+02, 2.774612E+02, 2.786686E+02, 4.924035E+00, 2.390191E+01, 2.838662E+02, 2.796791E+02, 2.796765E+02, 2.796611E+02, 2.798940E+02
2024-01-12 19:15:15,1, 2.293828E+02, 2.774580E+02, 2.782977E+02, 4.454798E+00, 1.854197E+01, 2.837012E+02, 2.790802E+02, 2.790443E+02, 2.789765E+02, 2.790743E+02
2024-01-12 19:30:15,1, 2.132539E+02, 2.774548E+02, 2.782604E+02, 4.419724E+00, 1.834603E+01, 2.835656E+02, 2.789978E+02, 2.789740E+02, 2.788990E+02, 2.790001E+02
2024-01-12 19:45:15,1, 1.954912E+02, 2.774515E+02, 2.782233E+02, 4.378518E+00, 1.797518E+01, 2.834452E+02, 2.789050E+02, 2.788894E+02, 2.788210E+02, 2.789237E+02
2024-01-12 20:00:15,1, 1.342342E+02, 2.774471E+02, 2.781643E+02, 4.295792E+00, 1.748871E+01, 2.833280E+02, 2.785961E+02, 2.784048E+02, 2.786838E+02, 2.787628E+02
2024-01-12 20:15:15,1, 1.183894E+02, 2.773727E+02, 2.778802E+02, 4.041837E+00, 1.544468E+01, 2.831549E+02, 2.781774E+02, 2.779317E+02, 2.782589E+02, 2.782668E+02
2024-01-12 20:30:15,1, 1.014886E+02, 2.772982E+02, 2.777446E+02, 3.938561E+00, 1.498379E+01, 2.829918E+02, 2.779748E+02, 2.777089E+02, 2.780729E+02, 2.780731E+02
2024-01-12 20:45:15,1, 8.360427E+01, 2.772238E+02, 2.776055E+02, 3.806236E+00, 1.427085E+01, 2.828337E+02, 2.777645E+02, 2.774715E+02, 2.778830E+02, 2.778609E+02
2024-01-12 21:00:15,1, 4.729731E+01, 2.771487E+02, 2.774473E+02, 3.391818E+00, 1.335454E+01, 2.826749E+02, 2.774572E+02, 2.770453E+02, 2.776556E+02, 2.776053E+02
2024-01-12 21:15:15,1, 3.298124E+01, 2.770366E+02, 2.771487E+02, 2.896062E+00, 1.177698E+01, 2.824866E+02, 2.770688E+02, 2.765934E+02, 2.772656E+02, 2.771640E+02
2024-01-12 21:30:15,1, 1.812334E+01, 2.769244E+02, 2.769255E+02, 2.042850E+00, 1.019386E+01, 2.822992E+02, 2.767973E+02, 2.762831E+02, 2.769870E+02, 2.768690E+02
2024-01-12 21:45:15,1, 2.787233E+00, 2.768122E+02, 2.767289E+02, 3.883059E-01, 6.993141E+00, 2.821102E+02, 2.765741E+02, 2.760571E+02, 2.767324E+02, 2.765957E+02
2024-01-12 22:00:15,1, 0.000000E+00, 2.767008E+02, 2.765773E+02, 0.000000E+00, 4.432854E+00, 2.819283E+02, 2.764249E+02, 2.759282E+02, 2.765619E+02, 2.764233E+02
2024-01-12 22:15:15,1, 0.000000E+00, 2.766297E+02, 2.765025E+02, 0.000000E+00, 2.838121E+00, 2.817681E+02, 2.763613E+02, 2.758867E+02, 2.764830E+02, 2.763509E+02
2024-01-12 22:30:15,1, 0.000000E+00, 2.765587E+02, 2.764590E+02, 0.000000E+00, 2.426316E+00, 2.816244E+02, 2.763270E+02, 2.758742E+02, 2.764398E+02, 2.763141E+02
2024-01-12 22:45:15,1, 0.000000E+00, 2.764877E+02, 2.764182E+02, 0.000000E+00, 2.295416E+00, 2.814939E+02, 2.762960E+02, 2.758627E+02, 2.764014E+02, 2.762813E+02
2024-01-12 23:00:15,1, 0.000000E+00, 2.764157E+02, 2.763735E+02, 0.000000E+00, 2.191992E+00, 2.813741E+02, 2.762617E+02, 2.758456E+02, 2.763596E+02, 2.762445E+02
2024-01-12 23:15:15,1, 0.000000E+00, 2.762911E+02, 2.762874E+02, 0.000000E+00, 1.105750E+00, 2.812633E+02, 2.761837E+02, 2.757741E+02, 2.762804E+02, 2.761675E+02
2024-01-12 23:30:15,1, 0.000000E+00, 2.761664E+02, 2.761786E+02, 0.000000E+00, 9.065227E-01, 2.811594E+02, 2.760851E+02, 2.756807E+02, 2.761749E+02, 2.760634E+02
2024-01-12 23:45:15,1, 0.000000E+00, 2.760418E+02, 2.760671E+02, 0.000000E+00, 8.185804E-01, 2.810613E+02, 2.759844E+02, 2.755847E+02, 2.760659E+02, 2.759559E+02
2024-01-12 00:00:15,2, 0.000000E+00, 2.741333E+02, 2.741629E+02, 0.000000E+00, 4.020090E-01, 2.814549E+02, 2.742328E+02, 2.734803E+02, 2.742169E+02, 2.740090E+02
2024-01-12 00:15:15,2, 0.000000E+00, 2.741255E+02, 2.740287E+02, 0.000000E+00, 5.548328E-01, 2.814139E+02, 2.741575E+02, 2.734324E+02, 2.740839E+02, 2.738802E+02
2024-01-12 00:30:15,2, 0.000000E+00, 2.741178E+02, 2.739776E+02, 0.000000E+00, 6.999574E-01, 2.813569E+02, 2.741486E+02, 2.734485E+02, 2.740333E+02, 2.738362E+02
2024-01-12 00:45:15,2, 0.000000E+00, 2.741100E+02, 2.739838E+02, 0.000000E+00, 8.388368E-01, 2.812968E+02, 2.741856E+02, 2.735103E+02, 2.740401E+02, 2.738494E+02
2024-01-12 01:00:15,2, 0.000000E+00, 2.741022E+02, 2.740303E+02, 0.000000E+00, 9.797206E-01, 2.812400E+02, 2.742562E+02, 2.736050E+02, 2.740880E+02, 2.739035E+02
2024-01-12 01:15:15,2, 0.000000E+00, 2.740903E+02, 2.740734E+02, 0.000000E+00, 1.166045E+00, 2.811833E+02, 2.742782E+02, 2.736230E+02, 2.741305E+02, 2.739465E+02
2024-01-12 01:30:15,2, 0.000000E+00, 2.740783E+02, 2.740861E+02, 0.000000E+00, 1.304506E+00, 2.811215E+02, 2.742740E+02, 2.736159E+02, 2.741428E+02, 2.739584E+02
2024-01-12 01:45:15,2, 0.000000E+00, 2.740664E+02, 2.740772E+02, 0.000000E+00, 1.381505E+00, 2.810584E+02, 2.742519E+02, 2.735922E+02, 2.741333E+02, 2.739487E+02
2024-01-12 02:00:15,2, 0.000000E+00, 2.740545E+02, 2.740534E+02, 0.000000E+00, 1.434553E+00, 2.809957E+02, 2.742177E+02, 2.735567E+02, 2.741086E+02, 2.739238E+02
2024-01-12 02:15:15,2, 0.000000E+00, 2.740467E+02, 2.740309E+02, 0.000000E+00, 1.445709E+00, 2.809353E+02, 2.742006E+02, 2.735476E+02, 2.740857E+02, 2.739026E+02
2024-01-12 02:30:15,2, 0.000000E+00, 2.740389E+02, 2.740191E+02, 0.000000E+00, 1.455281E+00, 2.808778E+02, 2.741931E+02, 2.735481E+02, 2.740736E+02, 2.738926E+02
2024-01-12 02:45:15,2, 0.000000E+00, 2.740311E+02, 2.740149E+02, 0.000000E+00, 1.463913E+00, 2.808238E+02, 2.741922E+02, 2.735552E+02, 2.740693E+02, 2.738904E+02
2024-01-12 03:00:15,2, 0.000000E+00, 2.740237E+02, 2.740161E+02, 0.000000E+00, 1.482460E+00, 2.807733E+02, 2.741964E+02, 2.735670E+02, 2.740706E+02, 2.738938E+02
2024-01-12 03:15:15,2, 0.000000E+00, 2.740376E+02, 2.740388E+02, 0.000000E+00, 1.364650E+00, 2.807275E+02, 2.742411E+02, 2.736327E+02, 2.740940E+02, 2.739220E+02
2024-01-12 03:30:15,2, 0.000000E+00, 2.740516E+02, 2.740915E+02, 0.000000E+00, 1.410552E+00, 2.806867E+02, 2.743123E+02, 2.737254E+02, 2.741479E+02, 2.739812E+02
2024-01-12 03:45:15,2, 0.000000E+00, 2.740656E+02, 2.741702E+02, 0.000000E+00, 1.724766E+00, 2.806493E+02, 2.744077E+02, 2.738494E+02, 2.742281E+02, 2.740692E+02
2024-01-12 04:00:15,2, 0.000000E+00, 2.740784E+02, 2.742624E+02, 0.000000E+00, 2.081133E+00, 2.806136E+02, 2.745136E+02, 2.739846E+02, 2.743238E+02, 2.741735E+02
2024-01-12 04:15:15,2, 0.000000E+00, 2.740187E+02, 2.742968E+02, 0.000000E+00, 2.246804E+00, 2.805744E+02, 2.745215E+02, 2.739929E+02, 2.743657E+02, 2.742182E+02
2024-01-12 04:30:15,2, 0.000000E+00, 2.739590E+02, 2.742579E+02, 0.000000E+00, 1.712135E+00, 2.805325E+02, 2.744645E+02, 2.739258E+02, 2.743300E+02, 2.741801E+02
2024-01-12 04:45:15,2, 0.000000E+00, 2.738993E+02, 2.741929E+02, 0.000000E+00, 1.289276E+00, 2.804907E+02, 2.743832E+02, 2.738296E+02, 2.742627E+02, 2.741089E+02
2024-01-12 05:00:15,2, 0.000000E+00, 2.738395E+02, 2.741187E+02, 0.000000E+00, 1.022212E+00, 2.804497E+02, 2.742936E+02, 2.737222E+02, 2.741854E+02, 2.740268E+02
2024-01-12 05:15:15,2, 0.000000E+00, 2.737721E+02, 2.740326E+02, 0.000000E+00, 9.048646E-01, 2.804077E+02, 2.741882E+02, 2.735982E+02, 2.740962E+02, 2.739326E+02
2024-01-12 05:30:15,2, 0.000000E+00, 2.737047E+02, 2.739341E+02, 0.000000E+00, 7.637466E-01, 2.803635E+02, 2.740704E+02, 2.734584E+02, 2.739939E+02, 2.738245E+02
2024-01-12 05:45:15,2, 0.000000E+00, 2.736373E+02, 2.738247E+02, 0.000000E+00, 6.099395E-01, 2.803185E+02, 2.739418E+02, 2.733035E+02, 2.738807E+02, 2.737046E+02
2024-01-12 06:00:15,2, 0.000000E+00, 2.735722E+02, 2.737031E+02, 0.000000E+00, 5.614076E-01, 2.802723E+02, 2.738063E+02, 2.731510E+02, 2.737561E+02, 2.735747E+02
2024-01-12 06:15:15,2, 0.000000E+00, 2.736494E+02, 2.736204E+02, 0.000000E+00, 2.541254E-01, 2.802272E+02, 2.737595E+02, 2.731260E+02, 2.736718E+02, 2.734941E+02
2024-01-12 06:30:15,2, 0.000000E+00, 2.737266E+02, 2.736006E+02, 0.000000E+00, 6.139575E-02, 2.801876E+02, 2.737643E+02, 2.731495E+02, 2.736501E+02, 2.734771E+02
2024-01-12 06:45:15,2, 0.000000E+00, 2.738037E+02, 2.736236E+02, 0.000000E+00,-8.599194E-02, 2.801532E+02, 2.738049E+02, 2.732077E+02, 2.736720E+02, 2.735035E+02
2024-01-12 07:00:15,2, 0.000000E+00, 2.738789E+02, 2.736771E+02, 0.000000E+00,-2.008265E-01, 2.801241E+02, 2.738716E+02, 2.732911E+02, 2.737251E+02, 2.735610E+02
2024-01-12 07:15:15,2, 0.000000E+00, 2.738358E+02, 2.737387E+02, 0.000000E+00, 1.289423E-02, 2.800995E+02, 2.739354E+02, 2.733634E+02, 2.737877E+02, 2.736263E+02
2024-01-12 07:30:15,2, 0.000000E+00, 2.737927E+02, 2.737942E+02, 0.000000E+00, 2.168997E-01, 2.800794E+02, 2.739948E+02, 2.734311E+02, 2.738451E+02, 2.736860E+02
2024-01-12 07:45:15,2, 0.000000E+00, 2.737496E+02, 2.738439E+02, 0.000000E+00, 4.156123E-01, 2.800625E+02, 2.740497E+02, 2.734942E+02, 2.738972E+02, 2.737404E+02
2024-01-12 08:00:15,2, 0.000000E+00, 2.737055E+02, 2.738872E+02, 0.000000E+00, 6.166802E-01, 2.800480E+02, 2.740990E+02, 2.735513E+02, 2.739434E+02, 2.737889E+02
2024-01-12 08:15:15,2, 0.000000E+00, 2.736049E+02, 2.738707E+02, 0.000000E+00, 1.041831E+00, 2.800290E+02, 2.740299E+02, 2.734458E+02, 2.739284E+02, 2.737676E+02
2024-01-12 08:30:15,2, 0.000000E+00, 2.735042E+02, 2.737719E+02, 0.000000E+00, 1.302497E+00, 2.799993E+02, 2.738889E+02, 2.732719E+02, 2.738282E+02, 2.736592E+02
2024-01-12 08:45:15,2, 0.000000E+00, 2.734036E+02, 2.736232E+02, 0.000000E+00, 1.397723E+00, 2.799602E+02, 2.737059E+02, 2.730597E+02, 2.736763E+02, 2.734988E+02
2024-01-12 09:00:15,2, 0.000000E+00, 2.733035E+02, 2.734419E+02, 0.000000E+00, 1.413331E+00, 2.799130E+02, 2.734968E+02, 2.728239E+02, 2.734905E+02, 2.733058E+02
2024-01-12 09:15:15,2, 0.000000E+00, 2.732387E+02, 2.733109E+02, 0.000000E+00, 1.269434E+00, 2.798676E+02, 2.734380E+02, 2.727998E+02, 2.733620E+02, 2.731829E+02
2024-01-12 09:30:15,2, 0.000000E+00, 2.731738E+02, 2.732755E+02, 0.000000E+00, 1.263928E+00, 2.798323E+02, 2.734598E+02, 2.728546E+02, 2.733300E+02, 2.731602E+02
2024-01-12 09:45:15,2, 0.000000E+00, 2.731090E+02, 2.733037E+02, 0.000000E+00, 1.342893E+00, 2.798064E+02, 2.735346E+02, 2.729625E+02, 2.733624E+02, 2.731996E+02
2024-01-12 10:00:15,2, 0.000000E+00, 2.730445E+02, 2.733684E+02, 0.000000E+00, 1.561294E+00, 2.797891E+02, 2.736413E+02, 2.731020E+02, 2.734351E+02, 2.732806E+02
2024-01-12 10:15:15,2, 0.000000E+00, 2.730005E+02, 2.734020E+02, 0.000000E+00, 2.242492E+00, 2.797739E+02, 2.736594E+02, 2.731137E+02, 2.734756E+02, 2.733228E+02
2024-01-12 10:30:15,2, 0.000000E+00, 2.729565E+02, 2.733801E+02, 0.000000E+00, 2.589243E+00, 2.797555E+02, 2.736290E+02, 2.730771E+02, 2.734587E+02, 2.733054E+02
2024-01-12 10:45:15,2, 0.000000E+00, 2.729125E+02, 2.733369E+02, 0.000000E+00, 2.631526E+00, 2.797343E+02, 2.735797E+02, 2.730218E+02, 2.734161E+02, 2.732615E+02
2024-01-12 11:00:15,2, 0.000000E+00, 2.728717E+02, 2.732881E+02, 0.000000E+00, 2.554284E+00, 2.797108E+02, 2.735253E+02, 2.729615E+02, 2.733664E+02, 2.732102E+02
2024-01-12 11:15:15,2, 0.000000E+00, 2.730177E+02, 2.732896E+02, 0.000000E+00, 1.633698E+00, 2.796862E+02, 2.735118E+02, 2.729451E+02, 2.733532E+02, 2.731943E+02
2024-01-12 11:30:15,2, 0.000000E+00, 2.731637E+02, 2.733183E+02, 0.000000E+00, 1.439978E+00, 2.796620E+02, 2.735248E+02, 2.729573E+02, 2.733754E+02, 2.732160E+02
2024-01-12 11:45:15,2, 0.000000E+00, 2.733096E+02, 2.733517E+02, 0.000000E+00, 1.352551E+00, 2.796383E+02, 2.735415E+02, 2.729728E+02, 2.734040E+02, 2.732443E+02
2024-01-12 12:00:15,2, 0.000000E+00, 2.734525E+02, 2.733837E+02, 0.000000E+00, 1.310742E+00, 2.796149E+02, 2.735570E+02, 2.729870E+02, 2.734320E+02, 2.732721E+02
2024-01-12 12:15:15,2, 0.000000E+00, 2.734158E+02, 2.733795E+02, 0.000000E+00, 1.379592E+00, 2.795893E+02, 2.735142E+02, 2.729228E+02, 2.734265E+02, 2.732623E+02
2024-01-12 12:30:15,2, 0.000000E+00, 2.733791E+02, 2.733230E+02, 0.000000E+00, 1.388383E+00, 2.795590E+02, 2.734262E+02, 2.728150E+02, 2.733682E+02, 2.731989E+02
2024-01-12 12:45:15,2, 0.000000E+00, 2.733424E+02, 2.732321E+02, 0.000000E+00, 1.363549E+00, 2.795239E+02, 2.733089E+02, 2.726781E+02, 2.732893E+02, 2.731600E+02
2024-01-12 13:00:15,2, 3.195819E+01, 2.733067E+02, 2.731358E+02, 2.236655E+00, 1.345972E+00, 2.794866E+02, 2.733424E+02, 2.728410E+02, 2.732376E+02, 2.731776E+02
2024-01-12 13:15:15,2, 5.376808E+01, 2.733330E+02, 2.735178E+02, 2.676136E+00, 2.491286E+00, 2.795265E+02, 2.739407E+02, 2.736236E+02, 2.737154E+02, 2.736899E+02
2024-01-12 13:30:15,2, 7.475492E+01, 2.733593E+02, 2.738880E+02, 2.889187E+00, 1.069430E+01, 2.795946E+02, 2.744141E+02, 2.741885E+02, 2.741962E+02, 2.742274E+02
2024-01-12 13:45:15,2, 9.482885E+01, 2.733856E+02, 2.740115E+02, 2.993350E+00, 9.909144E+00, 2.796782E+02, 2.746682E+02, 2.745101E+02, 2.744333E+02, 2.745081E+02
2024-01-12 14:00:15,2, 1.369719E+02, 2.734140E+02, 2.741112E+02, 3.084061E+00, 9.075710E+00, 2.797767E+02, 2.750178E+02, 2.750689E+02, 2.746385E+02, 2.747610E+02
2024-01-12 14:15:15,2, 1.586107E+02, 2.735695E+02, 2.744094E+02, 3.300694E+00, 1.010001E+01, 2.799187E+02, 2.755332E+02, 2.756453E+02, 2.750896E+02, 2.752739E+02
2024-01-12 14:30:15,2, 1.788574E+02, 2.737250E+02, 2.746408E+02, 3.413087E+00, 1.064490E+01, 2.800770E+02, 2.758852E+02, 2.760073E+02, 2.753951E+02, 2.755663E+02
2024-01-12 14:45:15,2, 1.976253E+02, 2.738806E+02, 2.748607E+02, 3.516926E+00, 1.140081E+01, 2.802492E+02, 2.762056E+02, 2.763413E+02, 2.756737E+02, 2.758399E+02
2024-01-12 15:00:15,2, 2.235398E+02, 2.740376E+02, 2.750746E+02, 3.615631E+00, 1.217495E+01, 2.804330E+02, 2.765381E+02, 2.767274E+02, 2.759400E+02, 2.761119E+02
2024-01-12 15:15:15,2, 2.397470E+02, 2.742836E+02, 2.753818E+02, 3.767255E+00, 1.340411E+01, 2.806415E+02, 2.769357E+02, 2.771526E+02, 2.763051E+02, 2.764936E+02
2024-01-12 15:30:15,2, 2.541859E+02, 2.745296E+02, 2.756715E+02, 3.886161E+00, 1.440025E+01, 2.808594E+02, 2.772823E+02, 2.775159E+02, 2.766293E+02, 2.768197E+02
2024-01-12 15:45:15,2, 2.667945E+02, 2.747755E+02, 2.759538E+02, 4.000129E+00, 1.537692E+01, 2.810833E+02, 2.776097E+02, 2.778570E+02, 2.769397E+02, 2.771316E+02
2024-01-12 16:00:15,2, 3.206313E+02, 2.750215E+02, 2.762413E+02, 4.114413E+00, 1.637713E+01, 2.813123E+02, 2.781092E+02, 2.784780E+02, 2.772836E+02, 2.774863E+02
2024-01-12 16:15:15,2, 3.307918E+02, 2.752663E+02, 2.766225E+02, 4.367691E+00, 1.832972E+01, 2.816171E+02, 2.785892E+02, 2.789550E+02, 2.778022E+02, 2.780388E+02
2024-01-12 16:30:15,2, 3.386788E+02, 2.755111E+02, 2.768825E+02, 4.462845E+00, 1.917748E+01, 2.819045E+02, 2.788531E+02, 2.792101E+02, 2.780726E+02, 2.783034E+02
2024-01-12 16:45:15,2, 3.442586E+02, 2.757558E+02, 2.771343E+02, 4.551045E+00, 2.003394E+01, 2.821744E+02, 2.790960E+02, 2.794440E+02, 2.783268E+02, 2.785526E+02
2024-01-12 17:00:15,2, 3.762129E+02, 2.759983E+02, 2.773865E+02, 4.635494E+00, 2.087195E+01, 2.824282E+02, 2.794348E+02, 2.798302E+02, 2.785971E+02, 2.788224E+02
2024-01-12 17:15:15,2, 3.771911E+02, 2.761077E+02, 2.775744E+02, 4.753672E+00, 2.152555E+01, 2.827107E+02, 2.796193E+02, 2.799799E+02, 2.788534E+02, 2.790859E+02
2024-01-12 17:30:15,2, 3.756264E+02, 2.762171E+02, 2.776645E+02, 4.759027E+00, 2.163245E+01, 2.829503E+02, 2.796473E+02, 2.799772E+02, 2.789189E+02, 2.791409E+02
2024-01-12 17:45:15,2, 3.715254E+02, 2.763264E+02, 2.777462E+02, 4.755610E+00, 2.170618E+01, 2.831495E+02, 2.796526E+02, 2.799535E+02, 2.789679E+02, 2.791807E+02
2024-01-12 18:00:15,2, 4.261788E+02, 2.764382E+02, 2.778374E+02, 4.750300E+00, 2.178387E+01, 2.833142E+02, 2.798831E+02, 2.802843E+02, 2.790660E+02, 2.792814E+02
2024-01-12 18:15:15,2, 4.155390E+02, 2.766951E+02, 2.781636E+02, 4.962882E+00, 2.387171E+01, 2.835488E+02, 2.801576E+02, 2.805289E+02, 2.794662E+02, 2.797142E+02
2024-01-12 18:30:15,2, 4.020363E+02, 2.769519E+02, 2.783556E+02, 4.968023E+00, 2.404487E+01, 2.837172E+02, 2.801884E+02, 2.805353E+02, 2.795887E+02, 2.798312E+02
2024-01-12 18:45:15,2, 3.857285E+02, 2.772087E+02, 2.785356E+02, 4.962972E+00, 2.413243E+01, 2.838257E+02, 2.801930E+02, 2.805203E+02, 2.796916E+02, 2.799313E+02
2024-01-12 19:00:15,2, 2.438091E+02, 2.774612E+02, 2.786648E+02, 4.922827E+00, 2.387736E+01, 2.838726E+02, 2.796710E+02, 2.796435E+02, 2.796466E+02, 2.798469E+02
2024-01-12 19:15:15,2, 2.293828E+02, 2.774580E+02, 2.782967E+02, 4.456677E+00, 1.854556E+01, 2.837072E+02, 2.790770E+02, 2.790239E+02, 2.789707E+02, 2.790553E+02
2024-01-12 19:30:15,2, 2.132539E+02, 2.774548E+02, 2.782594E+02, 4.421607E+00, 1.834868E+01, 2.835712E+02, 2.789940E+02, 2.789519E+02, 2.788931E+02, 2.789807E+02
2024-01-12 19:45:15,2, 1.954912E+02, 2.774515E+02, 2.782223E+02, 4.380396E+00, 1.797775E+01, 2.834507E+02, 2.789007E+02, 2.788658E+02, 2.788150E+02, 2.789040E+02
2024-01-12 20:00:15,2, 1.342342E+02, 2.774471E+02, 2.781634E+02, 4.297493E+00, 1.749148E+01, 2.833334E+02, 2.785995E+02, 2.784035E+02, 2.786792E+02, 2.787475E+02
2024-01-12 20:15:15,2, 1.183894E+02, 2.773727E+02, 2.778801E+02, 4.043985E+00, 1.545242E+01, 2.831599E+02, 2.781841E+02, 2.779378E+02, 2.782582E+02, 2.782621E+02
2024-01-12 20:30:15,2, 1.014886E+02, 2.772982E+02, 2.777445E+02, 3.940438E+00, 1.498594E+01, 2.829966E+02, 2.779822E+02, 2.777161E+02, 2.780731E+02, 2.780714E+02
2024-01-12 20:45:15,2, 8.360427E+01, 2.772238E+02, 2.776054E+02, 3.807661E+00, 1.427945E+01, 2.828383E+02, 2.777729E+02, 2.774797E+02, 2.778830E+02, 2.778587E+02
2024-01-12 21:00:15,2, 4.729731E+01, 2.771487E+02, 2.774471E+02, 3.394103E+00, 1.335901E+01, 2.826794E+02, 2.774711E+02, 2.770664E+02, 2.776582E+02, 2.776058E+02
2024-01-12 21:15:15,2, 3.298124E+01, 2.770366E+02, 2.771487E+02, 2.903176E+00, 1.178836E+01, 2.824909E+02, 2.770858E+02, 2.766211E+02, 2.772699E+02, 2.771706E+02
2024-01-12 21:30:15,2, 1.812334E+01, 2.769244E+02, 2.769253E+02, 2.050163E+00, 1.021330E+01, 2.823033E+02, 2.768165E+02, 2.763168E+02, 2.769917E+02, 2.768769E+02
2024-01-12 21:45:15,2, 2.787233E+00, 2.768122E+02, 2.767288E+02, 3.884813E-01, 7.005144E+00, 2.821141E+02, 2.765944E+02, 2.760948E+02, 2.767379E+02, 2.766057E+02
2024-01-12 22:00:15,2, 0.000000E+00, 2.767008E+02, 2.765773E+02, 0.000000E+00, 4.437639E+00, 2.819321E+02, 2.764445E+02, 2.759645E+02, 2.765675E+02, 2.764335E+02
2024-01-12 22:15:15,2, 0.000000E+00, 2.766297E+02, 2.765026E+02, 0.000000E+00, 2.840896E+00, 2.817718E+02, 2.763801E+02, 2.759214E+02, 2.764883E+02, 2.763606E+02
2024-01-12 22:30:15,2, 0.000000E+00, 2.765587E+02, 2.764590E+02, 0.000000E+00, 2.428280E+00, 2.816280E+02, 2.763449E+02, 2.759072E+02, 2.764448E+02, 2.763233E+02
2024-01-12 22:45:15,2, 0.000000E+00, 2.764877E+02, 2.764183E+02, 0.000000E+00, 2.297100E+00, 2.814974E+02, 2.763131E+02, 2.758942E+02, 2.764062E+02, 2.762901E+02
2024-01-12 23:00:15,2, 0.000000E+00, 2.764157E+02, 2.763736E+02, 0.000000E+00, 2.193592E+00, 2.813775E+02, 2.762781E+02, 2.758759E+02, 2.763642E+02, 2.762529E+02
2024-01-12 23:15:15,2, 0.000000E+00, 2.762911E+02, 2.762875E+02, 0.000000E+00, 1.107382E+00, 2.812666E+02, 2.761999E+02, 2.758039E+02, 2.762850E+02, 2.761758E+02
2024-01-12 23:30:15,2, 0.000000E+00, 2.761664E+02, 2.761787E+02, 0.000000E+00, 9.079813E-01, 2.811626E+02, 2.761011E+02, 2.757100E+02, 2.761794E+02, 2.760716E+02
2024-01-12 23:45:15,2, 0.000000E+00, 2.760418E+02, 2.760672E+02, 0.000000E+00, 8.199631E-01, 2.810645E+02, 2.760001E+02, 2.756135E+02, 2.760704E+02, 2.759639E+02
2024-01-13 00:00:15,1, 0.000000E+00, 2.759153E+02, 2.759552E+02, 0.000000E+00, 6.370251E-01, 2.809680E+02, 2.758837E+02, 2.754887E+02, 2.759567E+02, 2.758479E+02
2024-01-13 00:15:15,1, 0.000000E+00, 2.756816E+02, 2.757894E+02, 0.000000E+00,-2.060626E+00, 2.808809E+02, 2.757520E+02, 2.753676E+02, 2.758054E+02, 2.756996E+02
2024-01-13 00:30:15,1, 0.000000E+00, 2.754478E+02, 2.755961E+02, 0.000000E+00,-2.460446E+00, 2.808030E+02, 2.755959E+02, 2.752207E+02, 2.756223E+02, 2.755191E+02
2024-01-13 00:45:15,1, 0.000000E+00, 2.752141E+02, 2.753994E+02, 0.000000E+00,-2.634094E+00, 2.807309E+02, 2.754367E+02, 2.750704E+02, 2.754351E+02, 2.753345E+02
2024-01-13 01:00:15,1, 0.000000E+00, 2.749819E+02, 2.752015E+02, 0.000000E+00,-2.781331E+00, 2.806618E+02, 2.752765E+02, 2.749187E+02, 2.752467E+02, 2.751484E+02
2024-01-13 01:15:15,1, 0.000000E+00, 2.748378E+02, 2.750527E+02, 0.000000E+00,-2.837688E+00, 2.806172E+02, 2.751492E+02, 2.747969E+02, 2.750970E+02, 2.750006E+02
2024-01-13 01:30:15,1, 0.000000E+00, 2.746938E+02, 2.749281E+02, 0.000000E+00,-2.964251E+00, 2.806438E+02, 2.750490E+02, 2.747002E+02, 2.749776E+02, 2.748824E+02
2024-01-13 01:45:15,1, 0.000000E+00, 2.745498E+02, 2.748076E+02, 0.000000E+00,-3.079144E+00, 2.807165E+02, 2.749550E+02, 2.746080E+02, 2.748631E+02, 2.747686E+02
2024-01-13 02:00:15,1, 0.000000E+00, 2.744096E+02, 2.746887E+02, 0.000000E+00,-3.238256E+00, 2.808156E+02, 2.748636E+02, 2.745172E+02, 2.747507E+02, 2.746565E+02
2024-01-13 02:15:15,1, 0.000000E+00, 2.744948E+02, 2.747133E+02, 0.000000E+00,-4.452145E+00, 2.809882E+02, 2.748859E+02, 2.745320E+02, 2.747577E+02, 2.746616E+02
2024-01-13 02:30:15,1, 0.000000E+00, 2.745800E+02, 2.747991E+02, 0.000000E+00,-4.579695E+00, 2.812939E+02, 2.749749E+02, 2.746100E+02, 2.748421E+02, 2.747431E+02
2024-01-13 02:45:15,1, 0.000000E+00, 2.746652E+02, 2.748937E+02, 0.000000E+00,-4.589199E+00, 2.816698E+02, 2.750771E+02, 2.746986E+02, 2.749379E+02, 2.748354E+02
2024-01-13 03:00:15,1, 0.000000E+00, 2.747507E+02, 2.749909E+02, 0.000000E+00,-4.656125E+00, 2.820671E+02, 2.751832E+02, 2.747906E+02, 2.750371E+02, 2.749309E+02
2024-01-13 03:15:15,1, 0.000000E+00, 2.748533E+02, 2.751035E+02, 0.000000E+00,-6.455761E+00, 2.823607E+02, 2.753109E+02, 2.749128E+02, 2.751521E+02, 2.750441E+02
2024-01-13 03:30:15,1, 0.000000E+00, 2.749559E+02, 2.752130E+02, 0.000000E+00,-6.600776E+00, 2.825028E+02, 2.754259E+02, 2.750280E+02, 2.752634E+02, 2.751555E+02
2024-01-13 03:45:15,1, 0.000000E+00, 2.750586E+02, 2.753171E+02, 0.000000E+00,-6.676287E+00, 2.825785E+02, 2.755315E+02, 2.751360E+02, 2.753679E+02, 2.752607E+02
2024-01-13 04:00:15,1, 0.000000E+00, 2.751629E+02, 2.754193E+02, 0.000000E+00,-6.614977E+00, 2.826296E+02, 2.756339E+02, 2.752421E+02, 2.754696E+02, 2.753635E+02
2024-01-13 04:15:15,1, 0.000000E+00, 2.753689E+02, 2.756153E+02, 0.000000E+00,-4.133648E+00, 2.827663E+02, 2.758651E+02, 2.754956E+02, 2.756644E+02, 2.755634E+02
2024-01-13 04:30:15,1, 0.000000E+00, 2.755749E+02, 2.758519E+02, 0.000000E+00,-3.831984E+00, 2.830385E+02, 2.761437E+02, 2.757926E+02, 2.759110E+02, 2.758146E+02
2024-01-13 04:45:15,1, 0.000000E+00, 2.757809E+02, 2.760944E+02, 0.000000E+00,-3.472776E+00, 2.833661E+02, 2.764321E+02, 2.760987E+02, 2.761655E+02, 2.760730E+02
2024-01-13 05:00:15,1, 0.000000E+00, 2.759854E+02, 2.763383E+02, 0.000000E+00,-2.706841E+00, 2.837071E+02, 2.767222E+02, 2.764056E+02, 2.764222E+02, 2.763346E+02
2024-01-13 05:15:15,1, 0.000000E+00, 2.761062E+02, 2.765035E+02, 0.000000E+00,-1.050396E+00, 2.839200E+02, 2.769076E+02, 2.765946E+02, 2.766022E+02, 2.765160E+02
2024-01-13 05:30:15,1, 0.000000E+00, 2.762271E+02, 2.766348E+02, 0.000000E+00,-1.175389E+00, 2.839802E+02, 2.770506E+02, 2.767465E+02, 2.767378E+02, 2.766539E+02
2024-01-13 05:45:15,1, 0.000000E+00, 2.763479E+02, 2.767616E+02, 0.000000E+00,-1.260914E+00, 2.839964E+02, 2.771859E+02, 2.768924E+02, 2.768669E+02, 2.767858E+02
2024-01-13 06:00:15,1, 0.000000E+00, 2.764686E+02, 2.768878E+02, 0.000000E+00,-1.271535E+00, 2.840099E+02, 2.773207E+02, 2.770378E+02, 2.769953E+02, 2.769171E+02
2024-01-13 06:15:15,1, 0.000000E+00, 2.765787E+02, 2.770056E+02, 0.000000E+00, 1.153268E-01, 2.841401E+02, 2.774424E+02, 2.771561E+02, 2.771148E+02, 2.770358E+02
2024-01-13 06:30:15,1, 0.000000E+00, 2.766888E+02, 2.771417E+02, 0.000000E+00, 1.398226E+01, 2.843677E+02, 2.775881E+02, 2.772950E+02, 2.772514E+02, 2.771704E+02
2024-01-13 06:45:15,1, 0.000000E+00, 2.767989E+02, 2.772658E+02, 0.000000E+00, 1.936196E+01, 2.845876E+02, 2.777219E+02, 2.774218E+02, 2.773796E+02, 2.772968E+02
2024-01-13 07:00:15,1, 0.000000E+00, 2.769108E+02, 2.773875E+02, 0.000000E+00, 1.943369E+01, 2.848280E+02, 2.778564E+02, 2.775479E+02, 2.775047E+02, 2.774194E+02
2024-01-13 07:15:15,1, 0.000000E+00, 2.771289E+02, 2.775957E+02, 0.000000E+00, 1.713650E+01, 2.853478E+02, 2.780870E+02, 2.777642E+02, 2.777087E+02, 2.776192E+02
2024-01-13 07:30:15,1, 0.000000E+00, 2.773469E+02, 2.778484E+02, 0.000000E+00, 1.894267E+01, 2.861800E+02, 2.783823E+02, 2.780327E+02, 2.779710E+02, 2.778741E+02
2024-01-13 07:45:15,1, 0.000000E+00, 2.775650E+02, 2.781080E+02, 0.000000E+00, 2.132945E+01, 2.870502E+02, 2.786885E+02, 2.783096E+02, 2.782433E+02, 2.781381E+02
2024-01-13 08:00:15,1, 0.000000E+00, 2.777821E+02, 2.783650E+02, 0.000000E+00, 2.364417E+01, 2.878609E+02, 2.789894E+02, 2.785828E+02, 2.785128E+02, 2.783998E+02
2024-01-13 08:15:15,1, 0.000000E+00, 2.779400E+02, 2.785605E+02, 0.000000E+00, 2.531430E+01, 2.881065E+02, 2.792057E+02, 2.787916E+02, 2.787227E+02, 2.786072E+02
2024-01-13 08:30:15,1, 0.000000E+00, 2.780979E+02, 2.787129E+02, 0.000000E+00, 2.342702E+01, 2.879289E+02, 2.793496E+02, 2.789456E+02, 2.788749E+02, 2.787620E+02
2024-01-13 08:45:15,1, 0.000000E+00, 2.782558E+02, 2.788593E+02, 0.000000E+00, 2.107878E+01, 2.877220E+02, 2.794854E+02, 2.790931E+02, 2.790184E+02, 2.789085E+02
2024-01-13 09:00:15,1, 0.000000E+00, 2.784123E+02, 2.790082E+02, 0.000000E+00, 1.905353E+01, 2.875714E+02, 2.796279E+02, 2.792450E+02, 2.791652E+02, 2.790578E+02
2024-01-13 09:15:15,1, 0.000000E+00, 2.784834E+02, 2.790969E+02, 0.000000E+00, 1.947804E+01, 2.874410E+02, 2.797128E+02, 2.793341E+02, 2.792602E+02, 2.791543E+02
2024-01-13 09:30:15,1, 0.000000E+00, 2.785545E+02, 2.791663E+02, 0.000000E+00, 1.794964E+01, 2.873191E+02, 2.797816E+02, 2.794064E+02, 2.793298E+02, 2.792246E+02
2024-01-13 09:45:15,1, 0.000000E+00, 2.786257E+02, 2.792371E+02, 0.000000E+00, 1.641227E+01, 2.872301E+02, 2.798553E+02, 2.794818E+02, 2.794013E+02, 2.792963E+02
2024-01-13 10:00:15,1, 0.000000E+00, 2.786956E+02, 2.793104E+02, 0.000000E+00, 1.505951E+01, 2.871754E+02, 2.799352E+02, 2.795613E+02, 2.794763E+02, 2.793711E+02
2024-01-13 10:15:15,1, 0.000000E+00, 2.786971E+02, 2.793329E+02, 0.000000E+00, 1.606286E+01, 2.871978E+02, 2.799625E+02, 2.795810E+02, 2.795073E+02, 2.794004E+02
2024-01-13 10:30:15,1, 0.000000E+00, 2.786985E+02, 2.793417E+02, 0.000000E+00, 1.566199E+01, 2.872943E+02, 2.799848E+02, 2.795912E+02, 2.795202E+02, 2.794097E+02
2024-01-13 10:45:15,1, 0.000000E+00, 2.786999E+02, 2.793518E+02, 0.000000E+00, 1.518525E+01, 2.874153E+02, 2.800119E+02, 2.796043E+02, 2.795351E+02, 2.794205E+02
2024-01-13 11:00:15,1, 0.000000E+00, 2.787013E+02, 2.793622E+02, 0.000000E+00, 1.466215E+01, 2.875434E+02, 2.800420E+02, 2.796187E+02, 2.795513E+02, 2.794321E+02
2024-01-13 11:15:15,1, 0.000000E+00, 2.786954E+02, 2.793623E+02, 0.000000E+00, 1.452809E+01, 2.875342E+02, 2.800462E+02, 2.796188E+02, 2.795553E+02, 2.794346E+02
2024-01-13 11:30:15,1, 0.000000E+00, 2.786896E+02, 2.793516E+02, 0.000000E+00, 1.394332E+01, 2.873827E+02, 2.800273E+02, 2.796029E+02, 2.795436E+02, 2.794236E+02
2024-01-13 11:45:15,1, 0.000000E+00, 2.786837E+02, 2.793383E+02, 0.000000E+00, 1.323081E+01, 2.872080E+02, 2.800037E+02, 2.795833E+02, 2.795276E+02, 2.794088E+02
2024-01-13 12:00:15,1, 0.000000E+00, 2.786782E+02, 2.793252E+02, 0.000000E+00, 1.252656E+01, 2.870474E+02, 2.799815E+02, 2.795645E+02, 2.795120E+02, 2.793940E+02
2024-01-13 12:15:15,1, 0.000000E+00, 2.786911E+02, 2.793222E+02, 0.000000E+00, 1.189404E+01, 2.868728E+02, 2.799561E+02, 2.795474E+02, 2.795015E+02, 2.793858E+02
2024-01-13 12:30:15,1, 0.000000E+00, 2.787039E+02, 2.793209E+02, 0.000000E+00, 1.156644E+01, 2.866760E+02, 2.799302E+02, 2.795310E+02, 2.794932E+02, 2.793803E+02
2024-01-13 12:45:15,1, 0.000000E+00, 2.787168E+02, 2.793194E+02, 0.000000E+00, 1.126659E+01, 2.864862E+02, 2.799052E+02, 2.795150E+02, 2.794849E+02, 2.793747E+02
2024-01-13 13:00:15,1, 8.305891E+00, 2.787289E+02, 2.793206E+02, 1.089127E+00, 1.111206E+01, 2.863128E+02, 2.799186E+02, 2.795585E+02, 2.794866E+02, 2.793812E+02
2024-01-13 13:15:15,1, 1.388843E+01, 2.786996E+02, 2.793218E+02, 1.732322E+00, 9.045395E+00, 2.861757E+02, 2.799258E+02, 2.795957E+02, 2.795257E+02, 2.794442E+02
2024-01-13 13:30:15,1, 1.926109E+01, 2.786703E+02, 2.792891E+02, 2.272596E+00, 6.765097E+00, 2.860381E+02, 2.798869E+02, 2.795806E+02, 2.795025E+02, 2.794314E+02
2024-01-13 13:45:15,1, 2.440085E+01, 2.786410E+02, 2.792564E+02, 2.711894E+00, 6.322268E+00, 2.859013E+02, 2.798519E+02, 2.795677E+02, 2.794779E+02, 2.794155E+02
2024-01-13 14:00:15,1, 4.028998E+01, 2.786083E+02, 2.792273E+02, 3.636594E+00, 6.788405E+00, 2.857717E+02, 2.798646E+02, 2.796312E+02, 2.794646E+02, 2.794128E+02
2024-01-13 14:15:15,1, 4.663088E+01, 2.783741E+02, 2.790930E+02, 3.861816E+00, 1.595179E+01, 2.856858E+02, 2.797707E+02, 2.795539E+02, 2.793907E+02, 2.793558E+02
2024-01-13 14:30:15,1, 5.256517E+01, 2.781399E+02, 2.788758E+02, 3.986484E+00, 1.709085E+01, 2.856256E+02, 2.795771E+02, 2.793695E+02, 2.791904E+02, 2.791594E+02
2024-01-13 14:45:15,1, 5.806742E+01, 2.779057E+02, 2.786556E+02, 4.056083E+00, 1.767513E+01, 2.855746E+02, 2.793792E+02, 2.791787E+02, 2.789842E+02, 2.789565E+02
2024-01-13 15:00:15,1, 7.464473E+01, 2.776697E+02, 2.784376E+02, 4.216743E+00, 1.847173E+01, 2.855253E+02, 2.792275E+02, 2.790627E+02, 2.787872E+02, 2.787651E+02
2024-01-13 15:15:15,1, 8.004901E+01, 2.773274E+02, 2.781787E+02, 4.209272E+00, 2.444216E+01, 2.855449E+02, 2.790122E+02, 2.788331E+02, 2.785818E+02, 2.785675E+02
2024-01-13 15:30:15,1, 8.486577E+01, 2.769850E+02, 2.778629E+02, 4.145506E+00, 2.563753E+01, 2.856347E+02, 2.787251E+02, 2.785237E+02, 2.782872E+02, 2.782690E+02
2024-01-13 15:45:15,1, 8.907437E+01, 2.766426E+02, 2.775452E+02, 4.070285E+00, 2.683679E+01, 2.857440E+02, 2.784360E+02, 2.782092E+02, 2.779900E+02, 2.779669E+02
2024-01-13 16:00:15,1, 2.914065E+02, 2.763074E+02, 2.772899E+02, 4.124988E+00, 2.846288E+01, 2.858600E+02, 2.790458E+02, 2.793224E+02, 2.779041E+02, 2.779290E+02
2024-01-13 16:15:15,1, 3.006557E+02, 2.763912E+02, 2.778824E+02, 4.823200E+00, 3.325328E+01, 2.862553E+02, 2.799154E+02, 2.801633E+02, 2.789456E+02, 2.791290E+02
2024-01-13 16:30:15,1, 3.078477E+02, 2.764750E+02, 2.779469E+02, 4.817454E+00, 3.344191E+01, 2.864844E+02, 2.799182E+02, 2.801240E+02, 2.790087E+02, 2.791781E+02
2024-01-13 16:45:15,1, 3.129518E+02, 2.765588E+02, 2.779984E+02, 4.801541E+00, 3.411041E+01, 2.866243E+02, 2.798943E+02, 2.800605E+02, 2.790471E+02, 2.792042E+02
2024-01-13 17:00:15,1, 3.956933E+02, 2.766381E+02, 2.780646E+02, 4.788481E+00, 3.518005E+01, 2.867186E+02, 2.801593E+02, 2.804492E+02, 2.791539E+02, 2.793151E+02
2024-01-13 17:15:15,1, 3.967849E+02, 2.764491E+02, 2.780711E+02, 4.933995E+00, 4.086786E+01, 2.869082E+02, 2.801965E+02, 2.804348E+02, 2.793255E+02, 2.795201E+02
2024-01-13 17:30:15,1, 3.952134E+02, 2.762602E+02, 2.778459E+02, 4.807221E+00, 4.094331E+01, 2.870186E+02, 2.798883E+02, 2.800829E+02, 2.790655E+02, 2.792444E+02
2024-01-13 17:45:15,1, 3.909855E+02, 2.760712E+02, 2.776119E+02, 4.675345E+00, 4.097152E+01, 2.870680E+02, 2.795604E+02, 2.797150E+02, 2.787906E+02, 2.789560E+02
2024-01-13 18:00:15,1, 3.043371E+02, 2.758848E+02, 2.773472E+02, 4.529338E+00, 3.938964E+01, 2.870617E+02, 2.789169E+02, 2.788705E+02, 2.784224E+02, 2.785579E+02
2024-01-13 18:15:15,1, 2.968301E+02, 2.758522E+02, 2.771167E+02, 4.302443E+00, 1.759615E+01, 2.869034E+02, 2.786395E+02, 2.786329E+02, 2.780181E+02, 2.781137E+02
2024-01-13 18:30:15,1, 2.872882E+02, 2.758196E+02, 2.771112E+02, 4.321510E+00, 1.694501E+01, 2.867810E+02, 2.786839E+02, 2.787173E+02, 2.780182E+02, 2.781264E+02
2024-01-13 18:45:15,1, 2.757523E+02, 2.757870E+02, 2.771032E+02, 4.336424E+00, 1.660772E+01, 2.866825E+02, 2.787190E+02, 2.787902E+02, 2.780133E+02, 2.781334E+02
2024-01-13 19:00:15,1, 2.202831E+02, 2.757517E+02, 2.770764E+02, 4.336089E+00, 1.668665E+01, 2.865957E+02, 2.785649E+02, 2.785531E+02, 2.779544E+02, 2.780717E+02
2024-01-13 19:15:15,1, 2.073760E+02, 2.755548E+02, 2.767719E+02, 4.114980E+00, 2.276050E+01, 2.864393E+02, 2.781569E+02, 2.781206E+02, 2.775432E+02, 2.776161E+02
2024-01-13 19:30:15,1, 1.929394E+02, 2.753578E+02, 2.765447E+02, 4.012761E+00, 2.232151E+01, 2.862793E+02, 2.778769E+02, 2.778254E+02, 2.772810E+02, 2.773481E+02
2024-01-13 19:45:15,1, 1.770351E+02, 2.751609E+02, 2.763125E+02, 3.905606E+00, 2.165575E+01, 2.861121E+02, 2.775819E+02, 2.775121E+02, 2.770094E+02, 2.770695E+02
2024-01-13 20:00:15,1, 1.385338E+02, 2.749635E+02, 2.760666E+02, 3.781230E+00, 2.096228E+01, 2.859342E+02, 2.771746E+02, 2.770026E+02, 2.767036E+02, 2.767447E+02
2024-01-13 20:15:15,1, 1.223766E+02, 2.747386E+02, 2.757086E+02, 3.563629E+00, 2.004222E+01, 2.857115E+02, 2.766609E+02, 2.764211E+02, 2.762421E+02, 2.762365E+02
2024-01-13 20:30:15,1, 1.051391E+02, 2.745136E+02, 2.754024E+02, 3.407259E+00, 1.913972E+01, 2.854753E+02, 2.762230E+02, 2.759241E+02, 2.758732E+02, 2.758480E+02
2024-01-13 20:45:15,1, 8.689498E+01, 2.742886E+02, 2.750887E+02, 3.238999E+00, 1.816757E+01, 2.852254E+02, 2.757689E+02, 2.754037E+02, 2.754936E+02, 2.754469E+02
2024-01-13 21:00:15,1, 7.258307E+01, 2.740617E+02, 2.747678E+02, 3.050698E+00, 1.719475E+01, 2.849619E+02, 2.753198E+02, 2.749179E+02, 2.751064E+02, 2.750426E+02
2024-01-13 21:15:15,1, 5.112727E+01, 2.737225E+02, 2.743729E+02, 2.776296E+00, 1.711482E+01, 2.846838E+02, 2.747836E+02, 2.742953E+02, 2.746559E+02, 2.745771E+02
2024-01-13 21:30:15,1, 2.885624E+01, 2.733833E+02, 2.739265E+02, 2.248745E+00, 1.539903E+01, 2.843857E+02, 2.741982E+02, 2.735892E+02, 2.741294E+02, 2.740004E+02
2024-01-13 21:45:15,1, 5.865339E+00, 2.730441E+02, 2.734821E+02, 7.793522E-01, 1.201445E+01, 2.840704E+02, 2.736421E+02, 2.729202E+02, 2.736018E+02, 2.734208E+02
2024-01-13 22:00:15,1, 0.000000E+00, 2.727074E+02, 2.730903E+02, 0.000000E+00, 8.607189E+00, 2.837527E+02, 2.732090E+02, 2.724741E+02, 2.732240E+02, 2.731600E+02
2024-01-13 22:15:15,1, 0.000000E+00, 2.725162E+02, 2.728768E+02, 0.000000E+00, 5.357236E+00, 2.834649E+02, 2.729915E+02, 2.722601E+02, 2.731600E+02, 2.731600E+02
2024-01-13 22:30:15,1, 0.000000E+00, 2.723249E+02, 2.727107E+02, 0.000000E+00, 5.079981E+00, 2.832064E+02, 2.728204E+02, 2.720967E+02, 2.731600E+02, 2.731600E+02
2024-01-13 22:45:15,1, 0.000000E+00, 2.721337E+02, 2.725471E+02, 0.000000E+00, 5.019774E+00, 2.829700E+02, 2.726535E+02, 2.719368E+02, 2.731600E+02, 2.731600E+02
2024-01-13 23:00:15,1, 0.000000E+00, 2.719437E+02, 2.723842E+02, 0.000000E+00, 4.924700E+00, 2.827507E+02, 2.724887E+02, 2.717783E+02, 2.731600E+02, 2.731600E+02
2024-01-13 23:15:15,1, 0.000000E+00, 2.718311E+02, 2.722778E+02, 0.000000E+00, 3.743349E+00, 2.825507E+02, 2.723953E+02, 2.716950E+02, 2.731600E+02, 2.731600E+02
2024-01-13 23:30:15,1, 0.000000E+00, 2.717184E+02, 2.721897E+02, 0.000000E+00, 3.638616E+00, 2.823699E+02, 2.723215E+02, 2.716331E+02, 2.731600E+02, 2.731600E+02
2024-01-13 23:45:15,1, 0.000000E+00, 2.716057E+02, 2.721016E+02, 0.000000E+00, 3.595885E+00, 2.822047E+02, 2.722496E+02, 2.715705E+02, 2.731600E+02, 2.731600E+02
2024-01-13 00:00:15,2, 0.000000E+00, 2.759153E+02, 2.759553E+02, 0.000000E+00, 6.384079E-01, 2.809710E+02, 2.758993E+02, 2.755171E+02, 2.759611E+02, 2.758559E+02
2024-01-13 00:15:15,2, 0.000000E+00, 2.756816E+02, 2.757895E+02, 0.000000E+00,-2.059033E+00, 2.808839E+02, 2.757672E+02, 2.753949E+02, 2.758098E+02, 2.757074E+02
2024-01-13 00:30:15,2, 0.000000E+00, 2.754478E+02, 2.755963E+02, 0.000000E+00,-2.459179E+00, 2.808059E+02, 2.756106E+02, 2.752470E+02, 2.756266E+02, 2.755266E+02
2024-01-13 00:45:15,2, 0.000000E+00, 2.752141E+02, 2.753996E+02, 0.000000E+00,-2.632962E+00, 2.807338E+02, 2.754512E+02, 2.750958E+02, 2.754394E+02, 2.753417E+02
2024-01-13 01:00:15,2, 0.000000E+00, 2.749819E+02, 2.752017E+02, 0.000000E+00,-2.780178E+00, 2.806646E+02, 2.752907E+02, 2.749432E+02, 2.752508E+02, 2.751555E+02
2024-01-13 01:15:15,2, 0.000000E+00, 2.748378E+02, 2.750529E+02, 0.000000E+00,-2.836482E+00, 2.806200E+02, 2.751630E+02, 2.748208E+02, 2.751009E+02, 2.750074E+02
2024-01-13 01:30:15,2, 0.000000E+00, 2.746938E+02, 2.749283E+02, 0.000000E+00,-2.963301E+00, 2.806465E+02, 2.750626E+02, 2.747238E+02, 2.749814E+02, 2.748890E+02
2024-01-13 01:45:15,2, 0.000000E+00, 2.745498E+02, 2.748078E+02, 0.000000E+00,-3.078362E+00, 2.807192E+02, 2.749684E+02, 2.746312E+02, 2.748670E+02, 2.747752E+02
2024-01-13 02:00:15,2, 0.000000E+00, 2.744096E+02, 2.746889E+02, 0.000000E+00,-3.237573E+00, 2.808181E+02, 2.748769E+02, 2.745402E+02, 2.747545E+02, 2.746630E+02
2024-01-13 02:15:15,2, 0.000000E+00, 2.744948E+02, 2.747135E+02, 0.000000E+00,-4.451445E+00, 2.809907E+02, 2.748994E+02, 2.745556E+02, 2.747615E+02, 2.746680E+02
2024-01-13 02:30:15,2, 0.000000E+00, 2.745800E+02, 2.747993E+02, 0.000000E+00,-4.579142E+00, 2.812964E+02, 2.749889E+02, 2.746343E+02, 2.748459E+02, 2.747497E+02
2024-01-13 02:45:15,2, 0.000000E+00, 2.746652E+02, 2.748939E+02, 0.000000E+00,-4.588707E+00, 2.816722E+02, 2.750915E+02, 2.747238E+02, 2.749419E+02, 2.748422E+02
2024-01-13 03:00:15,2, 0.000000E+00, 2.747507E+02, 2.749911E+02, 0.000000E+00,-4.655632E+00, 2.820695E+02, 2.751982E+02, 2.748167E+02, 2.750413E+02, 2.749379E+02
2024-01-13 03:15:15,2, 0.000000E+00, 2.748533E+02, 2.751037E+02, 0.000000E+00,-6.455222E+00, 2.823631E+02, 2.753260E+02, 2.749392E+02, 2.751562E+02, 2.750512E+02
2024-01-13 03:30:15,2, 0.000000E+00, 2.749559E+02, 2.752132E+02, 0.000000E+00,-6.600388E+00, 2.825051E+02, 2.754410E+02, 2.750543E+02, 2.752676E+02, 2.751626E+02
2024-01-13 03:45:15,2, 0.000000E+00, 2.750586E+02, 2.753173E+02, 0.000000E+00,-6.675955E+00, 2.825808E+02, 2.755465E+02, 2.751622E+02, 2.753721E+02, 2.752678E+02
2024-01-13 04:00:15,2, 0.000000E+00, 2.751629E+02, 2.754195E+02, 0.000000E+00,-6.614745E+00, 2.826319E+02, 2.756488E+02, 2.752680E+02, 2.754738E+02, 2.753704E+02
2024-01-13 04:15:15,2, 0.000000E+00, 2.753689E+02, 2.756155E+02, 0.000000E+00,-4.133509E+00, 2.827685E+02, 2.758791E+02, 2.755198E+02, 2.756682E+02, 2.755697E+02
2024-01-13 04:30:15,2, 0.000000E+00, 2.755749E+02, 2.758521E+02, 0.000000E+00,-3.831609E+00, 2.830407E+02, 2.761570E+02, 2.758156E+02, 2.759146E+02, 2.758205E+02
2024-01-13 04:45:15,2, 0.000000E+00, 2.757809E+02, 2.760946E+02, 0.000000E+00,-3.472111E+00, 2.833683E+02, 2.764447E+02, 2.761205E+02, 2.761690E+02, 2.760791E+02
2024-01-13 05:00:15,2, 0.000000E+00, 2.759854E+02, 2.763385E+02, 0.000000E+00,-2.706082E+00, 2.837093E+02, 2.767340E+02, 2.764253E+02, 2.764255E+02, 2.763399E+02
2024-01-13 05:15:15,2, 0.000000E+00, 2.761062E+02, 2.765037E+02, 0.000000E+00,-1.049593E+00, 2.839221E+02, 2.769192E+02, 2.766137E+02, 2.766054E+02, 2.765212E+02
2024-01-13 05:30:15,2, 0.000000E+00, 2.762271E+02, 2.766350E+02, 0.000000E+00,-1.174554E+00, 2.839823E+02, 2.770618E+02, 2.767648E+02, 2.767410E+02, 2.766589E+02
2024-01-13 05:45:15,2, 0.000000E+00, 2.763479E+02, 2.767619E+02, 0.000000E+00,-1.260104E+00, 2.839985E+02, 2.771967E+02, 2.769098E+02, 2.768700E+02, 2.767906E+02
2024-01-13 06:00:15,2, 0.000000E+00, 2.764686E+02, 2.768881E+02, 0.000000E+00,-1.270741E+00, 2.840120E+02, 2.773311E+02, 2.770543E+02, 2.769983E+02, 2.769216E+02
2024-01-13 06:15:15,2, 0.000000E+00, 2.765787E+02, 2.770059E+02, 0.000000E+00, 1.161889E-01, 2.841421E+02, 2.774529E+02, 2.771729E+02, 2.771178E+02, 2.770404E+02
2024-01-13 06:30:15,2, 0.000000E+00, 2.766888E+02, 2.771420E+02, 0.000000E+00, 1.398222E+01, 2.843697E+02, 2.775989E+02, 2.773122E+02, 2.772544E+02, 2.771752E+02
2024-01-13 06:45:15,2, 0.000000E+00, 2.767989E+02, 2.772660E+02, 0.000000E+00, 1.936463E+01, 2.845895E+02, 2.777329E+02, 2.774394E+02, 2.773827E+02, 2.773017E+02
2024-01-13 07:00:15,2, 0.000000E+00, 2.769108E+02, 2.773878E+02, 0.000000E+00, 1.943655E+01, 2.848299E+02, 2.778677E+02, 2.775660E+02, 2.775079E+02, 2.774244E+02
2024-01-13 07:15:15,2, 0.000000E+00, 2.771289E+02, 2.775959E+02, 0.000000E+00, 1.713952E+01, 2.853497E+02, 2.780988E+02, 2.777832E+02, 2.777120E+02, 2.776244E+02
2024-01-13 07:30:15,2, 0.000000E+00, 2.773469E+02, 2.778487E+02, 0.000000E+00, 1.894473E+01, 2.861818E+02, 2.783951E+02, 2.780533E+02, 2.779745E+02, 2.778796E+02
2024-01-13 07:45:15,2, 0.000000E+00, 2.775650E+02, 2.781083E+02, 0.000000E+00, 2.133119E+01, 2.870520E+02, 2.787023E+02, 2.783319E+02, 2.782471E+02, 2.781441E+02
2024-01-13 08:00:15,2, 0.000000E+00, 2.777821E+02, 2.783652E+02, 0.000000E+00, 2.364568E+01, 2.878627E+02, 2.790042E+02, 2.786068E+02, 2.785169E+02, 2.784062E+02
2024-01-13 08:15:15,2, 0.000000E+00, 2.779400E+02, 2.785608E+02, 0.000000E+00, 2.531598E+01, 2.881083E+02, 2.792207E+02, 2.788159E+02, 2.787269E+02, 2.786139E+02
2024-01-13 08:30:15,2, 0.000000E+00, 2.780979E+02, 2.787132E+02, 0.000000E+00, 2.342909E+01, 2.879307E+02, 2.793643E+02, 2.789693E+02, 2.788791E+02, 2.787686E+02
2024-01-13 08:45:15,2, 0.000000E+00, 2.782558E+02, 2.788596E+02, 0.000000E+00, 2.108102E+01, 2.877237E+02, 2.794997E+02, 2.791160E+02, 2.790225E+02, 2.789149E+02
2024-01-13 09:00:15,2, 0.000000E+00, 2.784123E+02, 2.790085E+02, 0.000000E+00, 1.905584E+01, 2.875731E+02, 2.796418E+02, 2.792673E+02, 2.791691E+02, 2.790640E+02
2024-01-13 09:15:15,2, 0.000000E+00, 2.784834E+02, 2.790972E+02, 0.000000E+00, 1.948028E+01, 2.874427E+02, 2.797266E+02, 2.793563E+02, 2.792642E+02, 2.791605E+02
2024-01-13 09:30:15,2, 0.000000E+00, 2.785545E+02, 2.791665E+02, 0.000000E+00, 1.795198E+01, 2.873209E+02, 2.797952E+02, 2.794284E+02, 2.793338E+02, 2.792308E+02
2024-01-13 09:45:15,2, 0.000000E+00, 2.786257E+02, 2.792374E+02, 0.000000E+00, 1.641463E+01, 2.872318E+02, 2.798688E+02, 2.795037E+02, 2.794052E+02, 2.793025E+02
2024-01-13 10:00:15,2, 0.000000E+00, 2.786956E+02, 2.793107E+02, 0.000000E+00, 1.506182E+01, 2.871770E+02, 2.799488E+02, 2.795832E+02, 2.794802E+02, 2.793772E+02
2024-01-13 10:15:15,2, 0.000000E+00, 2.786971E+02, 2.793332E+02, 0.000000E+00, 1.606495E+01, 2.871994E+02, 2.799763E+02, 2.796034E+02, 2.795114E+02, 2.794067E+02
2024-01-13 10:30:15,2, 0.000000E+00, 2.786985E+02, 2.793420E+02, 0.000000E+00, 1.566406E+01, 2.872960E+02, 2.799991E+02, 2.796145E+02, 2.795243E+02, 2.794163E+02
2024-01-13 10:45:15,2, 0.000000E+00, 2.786999E+02, 2.793520E+02, 0.000000E+00, 1.518724E+01, 2.874169E+02, 2.800267E+02, 2.796285E+02, 2.795394E+02, 2.794274E+02
2024-01-13 11:00:15,2, 0.000000E+00, 2.787013E+02, 2.793625E+02, 0.000000E+00, 1.466406E+01, 2.875451E+02, 2.800574E+02, 2.796441E+02, 2.795558E+02, 2.794393E+02
2024-01-13 11:15:15,2, 0.000000E+00, 2.786954E+02, 2.793626E+02, 0.000000E+00, 1.452992E+01, 2.875358E+02, 2.800618E+02, 2.796445E+02, 2.795599E+02, 2.794420E+02
2024-01-13 11:30:15,2, 0.000000E+00, 2.786896E+02, 2.793519E+02, 0.000000E+00, 1.394517E+01, 2.873843E+02, 2.800428E+02, 2.796284E+02, 2.795481E+02, 2.794309E+02
2024-01-13 11:45:15,2, 0.000000E+00, 2.786837E+02, 2.793385E+02, 0.000000E+00, 1.323265E+01, 2.872096E+02, 2.800191E+02, 2.796087E+02, 2.795322E+02, 2.794160E+02
2024-01-13 12:00:15,2, 0.000000E+00, 2.786782E+02, 2.793254E+02, 0.000000E+00, 1.252839E+01, 2.870490E+02, 2.799968E+02, 2.795897E+02, 2.795165E+02, 2.794013E+02
2024-01-13 12:15:15,2, 0.000000E+00, 2.786911E+02, 2.793225E+02, 0.000000E+00, 1.189585E+01, 2.868744E+02, 2.799711E+02, 2.795722E+02, 2.795059E+02, 2.793929E+02
2024-01-13 12:30:15,2, 0.000000E+00, 2.787039E+02, 2.793211E+02, 0.000000E+00, 1.156823E+01, 2.866776E+02, 2.799449E+02, 2.795553E+02, 2.794975E+02, 2.793872E+02
2024-01-13 12:45:15,2, 0.000000E+00, 2.787168E+02, 2.793196E+02, 0.000000E+00, 1.126839E+01, 2.864877E+02, 2.799195E+02, 2.795388E+02, 2.794891E+02, 2.793815E+02
2024-01-13 13:00:15,2, 8.305891E+00, 2.787289E+02, 2.793208E+02, 1.089946E+00, 1.111384E+01, 2.863143E+02, 2.799317E+02, 2.795795E+02, 2.794905E+02, 2.793875E+02
2024-01-13 13:15:15,2, 1.388843E+01, 2.786996E+02, 2.793220E+02, 1.734495E+00, 9.052658E+00, 2.861773E+02, 2.799373E+02, 2.796135E+02, 2.795287E+02, 2.794486E+02
2024-01-13 13:30:15,2, 1.926109E+01, 2.786703E+02, 2.792893E+02, 2.276503E+00, 6.771150E+00, 2.860397E+02, 2.798974E+02, 2.795966E+02, 2.795051E+02, 2.794351E+02
2024-01-13 13:45:15,2, 2.440085E+01, 2.786410E+02, 2.792567E+02, 2.717591E+00, 6.328252E+00, 2.859028E+02, 2.798614E+02, 2.795818E+02, 2.794802E+02, 2.794186E+02
2024-01-13 14:00:15,2, 4.028998E+01, 2.786083E+02, 2.792276E+02, 3.643154E+00, 6.794776E+00, 2.857732E+02, 2.798720E+02, 2.796406E+02, 2.794664E+02, 2.794149E+02
2024-01-13 14:15:15,2, 4.663088E+01, 2.783741E+02, 2.790933E+02, 3.866636E+00, 1.595696E+01, 2.856872E+02, 2.797771E+02, 2.795614E+02, 2.793921E+02, 2.793568E+02
2024-01-13 14:30:15,2, 5.256517E+01, 2.781399E+02, 2.788761E+02, 3.989595E+00, 1.709530E+01, 2.856270E+02, 2.795831E+02, 2.793760E+02, 2.791916E+02, 2.791601E+02
2024-01-13 14:45:15,2, 5.806742E+01, 2.779057E+02, 2.786560E+02, 4.058148E+00, 1.767888E+01, 2.855760E+02, 2.793848E+02, 2.791845E+02, 2.789853E+02, 2.789569E+02
2024-01-13 15:00:15,2, 7.464473E+01, 2.776697E+02, 2.784379E+02, 4.218337E+00, 1.847515E+01, 2.855266E+02, 2.792316E+02, 2.790653E+02, 2.787880E+02, 2.787648E+02
2024-01-13 15:15:15,2, 8.004901E+01, 2.773274E+02, 2.781791E+02, 4.211052E+00, 2.444617E+01, 2.855462E+02, 2.790166E+02, 2.788363E+02, 2.785824E+02, 2.785667E+02
2024-01-13 15:30:15,2, 8.486577E+01, 2.769850E+02, 2.778632E+02, 4.147432E+00, 2.564214E+01, 2.856360E+02, 2.787302E+02, 2.785283E+02, 2.782879E+02, 2.782684E+02
2024-01-13 15:45:15,2, 8.907437E+01, 2.766426E+02, 2.775456E+02, 4.072321E+00, 2.684179E+01, 2.857453E+02, 2.784420E+02, 2.782154E+02, 2.779908E+02, 2.779666E+02
2024-01-13 16:00:15,2, 2.914065E+02, 2.763074E+02, 2.772901E+02, 4.127812E+00, 2.846768E+01, 2.858613E+02, 2.790313E+02, 2.792731E+02, 2.779012E+02, 2.779178E+02
2024-01-13 16:15:15,2, 3.006557E+02, 2.763912E+02, 2.778815E+02, 4.825033E+00, 3.325207E+01, 2.862569E+02, 2.798991E+02, 2.801106E+02, 2.789355E+02, 2.790982E+02
2024-01-13 16:30:15,2, 3.078477E+02, 2.764750E+02, 2.779459E+02, 4.819263E+00, 3.344107E+01, 2.864861E+02, 2.799036E+02, 2.800752E+02, 2.789992E+02, 2.791487E+02
2024-01-13 16:45:15,2, 3.129518E+02, 2.765588E+02, 2.779974E+02, 4.803318E+00, 3.410979E+01, 2.866262E+02, 2.798814E+02, 2.800153E+02, 2.790382E+02, 2.791760E+02
2024-01-13 17:00:15,2, 3.956933E+02, 2.766381E+02, 2.780634E+02, 4.790251E+00, 3.517849E+01, 2.867206E+02, 2.801410E+02, 2.803807E+02, 2.791439E+02, 2.792819E+02
2024-01-13 17:15:15,2, 3.967849E+02, 2.764491E+02, 2.780684E+02, 4.933965E+00, 4.085177E+01, 2.869107E+02, 2.801782E+02, 2.803658E+02, 2.793129E+02, 2.794763E+02
2024-01-13 17:30:15,2, 3.952134E+02, 2.762602E+02, 2.778432E+02, 4.807189E+00, 4.092855E+01, 2.870216E+02, 2.798719E+02, 2.800181E+02, 2.790536E+02, 2.792024E+02
2024-01-13 17:45:15,2, 3.909855E+02, 2.760712E+02, 2.776092E+02, 4.675310E+00, 4.095771E+01, 2.870714E+02, 2.795457E+02, 2.796541E+02, 2.787793E+02, 2.789155E+02
2024-01-13 18:00:15,2, 3.043371E+02, 2.758848E+02, 2.773448E+02, 4.529279E+00, 3.937907E+01, 2.870654E+02, 2.789110E+02, 2.788398E+02, 2.784131E+02, 2.785250E+02
2024-01-13 18:15:15,2, 2.968301E+02, 2.758522E+02, 2.771156E+02, 4.304053E+00, 1.759999E+01, 2.869070E+02, 2.786339E+02, 2.786038E+02, 2.780118E+02, 2.780918E+02
2024-01-13 18:30:15,2, 2.872882E+02, 2.758196E+02, 2.771102E+02, 4.323160E+00, 1.694778E+01, 2.867845E+02, 2.786766E+02, 2.786842E+02, 2.780114E+02, 2.781033E+02
2024-01-13 18:45:15,2, 2.757523E+02, 2.757870E+02, 2.771023E+02, 4.338113E+00, 1.661054E+01, 2.866859E+02, 2.787099E+02, 2.787532E+02, 2.780060E+02, 2.781092E+02
2024-01-13 19:00:15,2, 2.202831E+02, 2.757517E+02, 2.770755E+02, 4.337786E+00, 1.668959E+01, 2.865992E+02, 2.785594E+02, 2.785284E+02, 2.779476E+02, 2.780498E+02
2024-01-13 19:15:15,2, 2.073760E+02, 2.755548E+02, 2.767717E+02, 4.117268E+00, 2.276840E+01, 2.864426E+02, 2.781533E+02, 2.781002E+02, 2.775391E+02, 2.776018E+02
2024-01-13 19:30:15,2, 1.929394E+02, 2.753578E+02, 2.765446E+02, 4.014986E+00, 2.232936E+01, 2.862825E+02, 2.778739E+02, 2.778060E+02, 2.772771E+02, 2.773342E+02
2024-01-13 19:45:15,2, 1.770351E+02, 2.751609E+02, 2.763124E+02, 3.907765E+00, 2.166333E+01, 2.861153E+02, 2.775795E+02, 2.774938E+02, 2.770058E+02, 2.770561E+02
2024-01-13 20:00:15,2, 1.385338E+02, 2.749635E+02, 2.760665E+02, 3.783258E+00, 2.096961E+01, 2.859374E+02, 2.771766E+02, 2.769958E+02, 2.767009E+02, 2.767339E+02
2024-01-13 20:15:15,2, 1.223766E+02, 2.747386E+02, 2.757087E+02, 3.565711E+00, 2.005038E+01, 2.857146E+02, 2.766661E+02, 2.764212E+02, 2.762418E+02, 2.762314E+02
2024-01-13 20:30:15,2, 1.051391E+02, 2.745136E+02, 2.754024E+02, 3.409147E+00, 1.914689E+01, 2.854784E+02, 2.762307E+02, 2.759289E+02, 2.758736E+02, 2.758445E+02
2024-01-13 20:45:15,2, 8.689498E+01, 2.742886E+02, 2.750888E+02, 3.240610E+00, 1.817367E+01, 2.852285E+02, 2.757794E+02, 2.754138E+02, 2.754949E+02, 2.754451E+02
2024-01-13 21:00:15,2, 7.258307E+01, 2.740617E+02, 2.747678E+02, 3.051951E+00, 1.719945E+01, 2.849650E+02, 2.753316E+02, 2.749271E+02, 2.751084E+02, 2.750412E+02
2024-01-13 21:15:15,2, 5.112727E+01, 2.737225E+02, 2.743728E+02, 2.778004E+00, 1.711684E+01, 2.846871E+02, 2.747990E+02, 2.743103E+02, 2.746588E+02, 2.745770E+02
2024-01-13 21:30:15,2, 2.885624E+01, 2.733833E+02, 2.739263E+02, 2.265674E+00, 1.542798E+01, 2.843891E+02, 2.742192E+02, 2.736158E+02, 2.741338E+02, 2.740044E+02
2024-01-13 21:45:15,2, 5.865339E+00, 2.730441E+02, 2.734819E+02, 7.823575E-01, 1.205871E+01, 2.840738E+02, 2.736701E+02, 2.729678E+02, 2.736080E+02, 2.734319E+02
2024-01-13 22:00:15,2, 0.000000E+00, 2.727074E+02, 2.730905E+02, 0.000000E+00, 8.614219E+00, 2.837560E+02, 2.732384E+02, 2.725248E+02, 2.732242E+02, 2.731600E+02
2024-01-13 22:15:15,2, 0.000000E+00, 2.725162E+02, 2.728768E+02, 0.000000E+00, 5.359344E+00, 2.834681E+02, 2.730205E+02, 2.723103E+02, 2.731600E+02, 2.731600E+02
2024-01-13 22:30:15,2, 0.000000E+00, 2.723249E+02, 2.727106E+02, 0.000000E+00, 5.081343E+00, 2.832096E+02, 2.728490E+02, 2.721463E+02, 2.731600E+02, 2.731600E+02
2024-01-13 22:45:15,2, 0.000000E+00, 2.721337E+02, 2.725469E+02, 0.000000E+00, 5.020891E+00, 2.829730E+02, 2.726817E+02, 2.719858E+02, 2.731600E+02, 2.731600E+02
2024-01-13 23:00:15,2, 0.000000E+00, 2.719437E+02, 2.723838E+02, 0.000000E+00, 4.925727E+00, 2.827537E+02, 2.725165E+02, 2.718267E+02, 2.731600E+02, 2.731600E+02
2024-01-13 23:15:15,2, 0.000000E+00, 2.718311E+02, 2.722778E+02, 0.000000E+00, 3.745363E+00, 2.825537E+02, 2.724231E+02, 2.717430E+02, 2.731600E+02, 2.731600E+02
2024-01-13 23:30:15,2, 0.000000E+00, 2.717184E+02, 2.721904E+02, 0.000000E+00, 3.641196E+00, 2.823728E+02, 2.723494E+02, 2.716808E+02, 2.731600E+02, 2.731600E+02
2024-01-13 23:45:15,2, 0.000000E+00, 2.716057E+02, 2.721031E+02, 0.000000E+00, 3.599311E+00, 2.822075E+02, 2.722777E+02, 2.716182E+02, 2.731600E+02, 2.731600E+02
2024-01-14 00:00:15,1, 0.000000E+00, 2.714937E+02, 2.720145E+02, 0.000000E+00, 3.550006E+00, 2.820534E+02, 2.721796E+02, 2.715090E+02, 2.731600E+02, 2.731600E+02
2024-01-14 00:15:15,1, 0.000000E+00, 2.714218E+02, 2.719369E+02, 0.000000E+00, 3.073862E+00, 2.819082E+02, 2.720809E+02, 2.714094E+02, 2.731600E+02, 2.731600E+02
2024-01-14 00:30:15,1, 0.000000E+00, 2.713499E+02, 2.718632E+02, 0.000000E+00, 2.997037E+00, 2.817638E+02, 2.719858E+02, 2.713136E+02, 2.731600E+02, 2.731600E+02
2024-01-14 00:45:15,1, 0.000000E+00, 2.712781E+02, 2.717892E+02, 0.000000E+00, 2.953741E+00, 2.816210E+02, 2.718907E+02, 2.712177E+02, 2.731600E+02, 2.731600E+02
2024-01-14 01:00:15,1, 0.000000E+00, 2.712060E+02, 2.717151E+02, 0.000000E+00, 2.903430E+00, 2.814801E+02, 2.717959E+02, 2.711219E+02, 2.731600E+02, 2.731600E+02
2024-01-14 01:15:15,1, 0.000000E+00, 2.711242E+02, 2.716304E+02, 0.000000E+00, 2.602761E+00, 2.813387E+02, 2.716825E+02, 2.710069E+02, 2.731600E+02, 2.731600E+02
2024-01-14 01:30:15,1, 0.000000E+00, 2.710425E+02, 2.715427E+02, 0.000000E+00, 2.530334E+00, 2.811954E+02, 2.715665E+02, 2.708889E+02, 2.731600E+02, 2.731600E+02
2024-01-14 01:45:15,1, 0.000000E+00, 2.709607E+02, 2.714550E+02, 0.000000E+00, 2.478842E+00, 2.810510E+02, 2.714508E+02, 2.707714E+02, 2.731600E+02, 2.731600E+02
2024-01-14 02:00:15,1, 0.000000E+00, 2.708802E+02, 2.713677E+02, 0.000000E+00, 2.404193E+00, 2.809063E+02, 2.713367E+02, 2.706557E+02, 2.731600E+02, 2.731600E+02
2024-01-14 02:15:15,1, 0.000000E+00, 2.708767E+02, 2.713627E+02, 0.000000E+00, 1.896611E+00, 2.807720E+02, 2.713705E+02, 2.707229E+02, 2.731600E+02, 2.731600E+02
2024-01-14 02:30:15,1, 0.000000E+00, 2.708732E+02, 2.713808E+02, 0.000000E+00, 1.860062E+00, 2.806545E+02, 2.714301E+02, 2.708156E+02, 2.731600E+02, 2.731600E+02
2024-01-14 02:45:15,1, 0.000000E+00, 2.708697E+02, 2.713989E+02, 0.000000E+00, 1.853372E+00, 2.805506E+02, 2.714907E+02, 2.709083E+02, 2.731600E+02, 2.731600E+02
2024-01-14 03:00:15,1, 0.000000E+00, 2.708660E+02, 2.714158E+02, 0.000000E+00, 1.879755E+00, 2.804581E+02, 2.715503E+02, 2.709985E+02, 2.731600E+02, 2.731600E+02
2024-01-14 03:15:15,1, 0.000000E+00, 2.708456E+02, 2.714016E+02, 0.000000E+00, 2.450151E+00, 2.803716E+02, 2.715283E+02, 2.709734E+02, 2.731600E+02, 2.731600E+02
2024-01-14 03:30:15,1, 0.000000E+00, 2.708252E+02, 2.713802E+02, 0.000000E+00, 2.463901E+00, 2.802875E+02, 2.714976E+02, 2.709394E+02, 2.731600E+02, 2.731600E+02
2024-01-14 03:45:15,1, 0.000000E+00, 2.708049E+02, 2.713589E+02, 0.000000E+00, 2.447528E+00, 2.802061E+02, 2.714673E+02, 2.709054E+02, 2.731600E+02, 2.731600E+02
2024-01-14 04:00:15,1, 0.000000E+00, 2.707847E+02, 2.713375E+02, 0.000000E+00, 2.442655E+00, 2.801275E+02, 2.714371E+02, 2.708715E+02, 2.731600E+02, 2.731600E+02
2024-01-14 04:15:15,1, 0.000000E+00, 2.707781E+02, 2.713338E+02, 0.000000E+00, 2.716417E+00, 2.800539E+02, 2.714468E+02, 2.708905E+02, 2.731600E+02, 2.731600E+02
2024-01-14 04:30:15,1, 0.000000E+00, 2.707715E+02, 2.713345E+02, 0.000000E+00, 2.738861E+00, 2.799867E+02, 2.714621E+02, 2.709149E+02, 2.731600E+02, 2.731600E+02
2024-01-14 04:45:15,1, 0.000000E+00, 2.707649E+02, 2.713385E+02, 0.000000E+00, 2.747440E+00, 2.799251E+02, 2.714810E+02, 2.709429E+02, 2.731600E+02, 2.731600E+02
2024-01-14 05:00:15,1, 0.000000E+00, 2.707571E+02, 2.713419E+02, 0.000000E+00, 2.770342E+00, 2.798684E+02, 2.714989E+02, 2.709693E+02, 2.731600E+02, 2.731600E+02
2024-01-14 05:15:15,1, 0.000000E+00, 2.706811E+02, 2.712624E+02, 0.000000E+00, 3.046773E+00, 2.798056E+02, 2.713516E+02, 2.707829E+02, 2.731600E+02, 2.731600E+02
2024-01-14 05:30:15,1, 0.000000E+00, 2.706051E+02, 2.711620E+02, 0.000000E+00, 3.014561E+00, 2.797303E+02, 2.711802E+02, 2.705719E+02, 2.731600E+02, 2.731600E+02
2024-01-14 05:45:15,1, 0.000000E+00, 2.705290E+02, 2.710589E+02, 0.000000E+00, 2.963262E+00, 2.796456E+02, 2.710046E+02, 2.703561E+02, 2.731600E+02, 2.731600E+02
2024-01-14 06:00:15,1, 0.000000E+00, 2.704526E+02, 2.709538E+02, 0.000000E+00, 2.986810E+00, 2.795536E+02, 2.708260E+02, 2.701374E+02, 2.731600E+02, 2.731600E+02
2024-01-14 06:15:15,1, 0.000000E+00, 2.703562E+02, 2.708622E+02, 0.000000E+00, 4.875811E+00, 2.794598E+02, 2.707286E+02, 2.700432E+02, 2.731600E+02, 2.731600E+02
2024-01-14 06:30:15,1, 0.000000E+00, 2.702598E+02, 2.707758E+02, 0.000000E+00, 5.093709E+00, 2.793676E+02, 2.706376E+02, 2.699552E+02, 2.731600E+02, 2.731600E+02
2024-01-14 06:45:15,1, 0.000000E+00, 2.701633E+02, 2.706895E+02, 0.000000E+00, 5.134769E+00, 2.792764E+02, 2.705467E+02, 2.698673E+02, 2.731600E+02, 2.731600E+02
2024-01-14 07:00:15,1, 0.000000E+00, 2.700678E+02, 2.706033E+02, 0.000000E+00, 5.078667E+00, 2.791860E+02, 2.704553E+02, 2.697783E+02, 2.731600E+02, 2.731600E+02
2024-01-14 07:15:15,1, 0.000000E+00, 2.700252E+02, 2.705307E+02, 0.000000E+00, 3.324890E+00, 2.790938E+02, 2.703226E+02, 2.696160E+02, 2.731600E+02, 2.731600E+02
2024-01-14 07:30:15,1, 0.000000E+00, 2.699826E+02, 2.704600E+02, 0.000000E+00, 3.140145E+00, 2.789983E+02, 2.701902E+02, 2.694540E+02, 2.731600E+02, 2.731600E+02
2024-01-14 07:45:15,1, 0.000000E+00, 2.699399E+02, 2.703870E+02, 0.000000E+00, 3.081224E+00, 2.789007E+02, 2.700531E+02, 2.692842E+02, 2.731600E+02, 2.731600E+02
2024-01-14 08:00:15,1, 0.000000E+00, 2.698975E+02, 2.703105E+02, 0.000000E+00, 3.011805E+00, 2.788017E+02, 2.699115E+02, 2.691112E+02, 2.731600E+02, 2.731600E+02
2024-01-14 08:15:15,1, 0.000000E+00, 2.698650E+02, 2.702544E+02, 0.000000E+00, 2.140865E+00, 2.787064E+02, 2.698197E+02, 2.689973E+02, 2.731600E+02, 2.731600E+02
2024-01-14 08:30:15,1, 0.000000E+00, 2.698325E+02, 2.702051E+02, 0.000000E+00, 1.992214E+00, 2.786180E+02, 2.697342E+02, 2.688880E+02, 2.731600E+02, 2.731600E+02
2024-01-14 08:45:15,1, 0.000000E+00, 2.698000E+02, 2.701543E+02, 0.000000E+00, 1.924861E+00, 2.785351E+02, 2.696454E+02, 2.687724E+02, 2.731600E+02, 2.731600E+02
2024-01-14 09:00:15,1, 0.000000E+00, 2.697678E+02, 2.701009E+02, 0.000000E+00, 1.852298E+00, 2.784573E+02, 2.695515E+02, 2.686479E+02, 2.731600E+02, 2.731600E+02
2024-01-14 09:15:15,1, 0.000000E+00, 2.697497E+02, 2.700638E+02, 0.000000E+00, 1.606877E+00, 2.783846E+02, 2.694973E+02, 2.685809E+02, 2.731600E+02, 2.731600E+02
2024-01-14 09:30:15,1, 0.000000E+00, 2.697316E+02, 2.700363E+02, 0.000000E+00, 1.535106E+00, 2.783164E+02, 2.694537E+02, 2.685252E+02, 2.731600E+02, 2.731600E+02
2024-01-14 09:45:15,1, 0.000000E+00, 2.697136E+02, 2.700092E+02, 0.000000E+00, 1.490020E+00, 2.782521E+02, 2.694099E+02, 2.684681E+02, 2.731600E+02, 2.731600E+02
2024-01-14 10:00:15,1, 0.000000E+00, 2.696958E+02, 2.699810E+02, 0.000000E+00, 1.444172E+00, 2.781912E+02, 2.693643E+02, 2.684072E+02, 2.731600E+02, 2.731600E+02
2024-01-14 10:15:15,1, 0.000000E+00, 2.696957E+02, 2.699637E+02, 0.000000E+00, 1.350439E+00, 2.781325E+02, 2.693381E+02, 2.683790E+02, 2.731600E+02, 2.731600E+02
2024-01-14 10:30:15,1, 0.000000E+00, 2.696956E+02, 2.699548E+02, 0.000000E+00, 1.320750E+00, 2.780744E+02, 2.693218E+02, 2.683633E+02, 2.731600E+02, 2.731600E+02
2024-01-14 10:45:15,1, 0.000000E+00, 2.696956E+02, 2.699476E+02, 0.000000E+00, 1.301733E+00, 2.780170E+02, 2.693076E+02, 2.683501E+02, 2.731600E+02, 2.731600E+02
2024-01-14 11:00:15,1, 0.000000E+00, 2.696959E+02, 2.699409E+02, 0.000000E+00, 1.275243E+00, 2.779602E+02, 2.692942E+02, 2.683379E+02, 2.731600E+02, 2.731600E+02
2024-01-14 11:15:15,1, 0.000000E+00, 2.697237E+02, 2.699631E+02, 0.000000E+00, 9.777524E-01, 2.779076E+02, 2.693417E+02, 2.684054E+02, 2.731600E+02, 2.731600E+02
2024-01-14 11:30:15,1, 0.000000E+00, 2.697516E+02, 2.700089E+02, 0.000000E+00, 8.948000E-01, 2.778601E+02, 2.694171E+02, 2.685069E+02, 2.731600E+02, 2.731600E+02
2024-01-14 11:45:15,1, 0.000000E+00, 2.697794E+02, 2.700591E+02, 0.000000E+00, 8.657601E-01, 2.778164E+02, 2.694973E+02, 2.686135E+02, 2.731600E+02, 2.731600E+02
2024-01-14 12:00:15,1, 0.000000E+00, 2.698076E+02, 2.701084E+02, 0.000000E+00, 8.567985E-01, 2.777762E+02, 2.695765E+02, 2.687182E+02, 2.731600E+02, 2.731600E+02
2024-01-14 12:15:15,1, 0.000000E+00, 2.698585E+02, 2.701714E+02, 0.000000E+00, 1.022463E+00, 2.777391E+02, 2.696790E+02, 2.688558E+02, 2.731600E+02, 2.731600E+02
2024-01-14 12:30:15,1, 0.000000E+00, 2.699094E+02, 2.702417E+02, 0.000000E+00, 1.083910E+00, 2.777047E+02, 2.697878E+02, 2.689990E+02, 2.731600E+02, 2.731600E+02
2024-01-14 12:45:15,1, 0.000000E+00, 2.699603E+02, 2.703106E+02, 0.000000E+00, 1.103641E+00, 2.776731E+02, 2.698936E+02, 2.691371E+02, 2.731600E+02, 2.731600E+02
2024-01-14 13:00:15,1, 4.663677E+01, 2.700119E+02, 2.703920E+02, 1.748999E+00, 1.340631E+00, 2.776465E+02, 2.701900E+02, 2.697574E+02, 2.731600E+02, 2.731600E+02
2024-01-14 13:15:15,1, 7.746401E+01, 2.701047E+02, 2.707202E+02, 2.033965E+00, 6.544872E+00, 2.776883E+02, 2.707885E+02, 2.706405E+02, 2.731600E+02, 2.731600E+02
2024-01-14 13:30:15,1, 1.071364E+02, 2.701975E+02, 2.708859E+02, 2.141059E+00, 7.535331E+00, 2.777413E+02, 2.711186E+02, 2.710777E+02, 2.731600E+02, 2.731600E+02
2024-01-14 13:45:15,1, 1.355270E+02, 2.702902E+02, 2.710422E+02, 2.222578E+00, 8.047877E+00, 2.778099E+02, 2.714205E+02, 2.714298E+02, 2.731600E+02, 2.731600E+02
2024-01-14 14:00:15,1, 1.577979E+02, 2.703824E+02, 2.711812E+02, 2.291242E+00, 8.394418E+00, 2.778958E+02, 2.716703E+02, 2.716720E+02, 2.731600E+02, 2.731600E+02
2024-01-14 14:15:15,1, 1.825269E+02, 2.704353E+02, 2.713146E+02, 2.368802E+00, 7.499966E+00, 2.780107E+02, 2.720071E+02, 2.720572E+02, 2.731600E+02, 2.731600E+02
2024-01-14 14:30:15,1, 2.056750E+02, 2.704882E+02, 2.714590E+02, 2.456570E+00, 7.951635E+00, 2.781650E+02, 2.723528E+02, 2.724501E+02, 2.731600E+02, 2.731600E+02
2024-01-14 14:45:15,1, 2.271433E+02, 2.705411E+02, 2.715960E+02, 2.541127E+00, 8.435176E+00, 2.783509E+02, 2.726804E+02, 2.728193E+02, 2.731600E+02, 2.731600E+02
2024-01-14 15:00:15,1, 2.202389E+02, 2.705892E+02, 2.717165E+02, 2.620795E+00, 9.411163E+00, 2.785609E+02, 2.728759E+02, 2.729602E+02, 2.731600E+02, 2.731600E+02
2024-01-14 15:15:15,1, 2.361564E+02, 2.703545E+02, 2.715348E+02, 2.563745E+00, 1.796120E+01, 2.787382E+02, 2.727675E+02, 2.728562E+02, 2.731600E+02, 2.731600E+02
2024-01-14 15:30:15,1, 2.503496E+02, 2.701199E+02, 2.713684E+02, 2.551073E+00, 1.851916E+01, 2.789087E+02, 2.727044E+02, 2.728100E+02, 2.731600E+02, 2.731600E+02
2024-01-14 15:45:15,1, 2.627577E+02, 2.698852E+02, 2.711959E+02, 2.533366E+00, 1.882135E+01, 2.790714E+02, 2.726225E+02, 2.727425E+02, 2.731600E+02, 2.731600E+02
2024-01-14 16:00:15,1, 3.534088E+02, 2.696508E+02, 2.710422E+02, 2.514002E+00, 1.890820E+01, 2.792294E+02, 2.728312E+02, 2.731437E+02, 2.731600E+02, 2.731600E+02
2024-01-14 16:15:15,1, 3.646401E+02, 2.694323E+02, 2.710033E+02, 2.624622E+00, 1.657638E+01, 2.795075E+02, 2.729274E+02, 2.732012E+02, 2.731600E+02, 2.731600E+02
2024-01-14 16:30:15,1, 3.733879E+02, 2.692138E+02, 2.708084E+02, 2.574581E+00, 1.642083E+01, 2.797384E+02, 2.727370E+02, 2.729692E+02, 2.731600E+02, 2.731600E+02
2024-01-14 16:45:15,1, 3.796148E+02, 2.689954E+02, 2.706072E+02, 2.520253E+00, 1.627784E+01, 2.799278E+02, 2.725257E+02, 2.727177E+02, 2.731600E+02, 2.731600E+02
2024-01-14 17:00:15,1, 4.521749E+02, 2.687784E+02, 2.704208E+02, 2.463416E+00, 1.592766E+01, 2.800839E+02, 2.725485E+02, 2.728278E+02, 2.731600E+02, 2.731600E+02
2024-01-14 17:15:15,1, 4.534914E+02, 2.686522E+02, 2.704099E+02, 2.549932E+00, 1.362758E+01, 2.803366E+02, 2.726298E+02, 2.728786E+02, 2.731600E+02, 2.731600E+02
2024-01-14 17:30:15,1, 4.517783E+02, 2.685261E+02, 2.702913E+02, 2.514434E+00, 1.342664E+01, 2.805366E+02, 2.724918E+02, 2.727153E+02, 2.731600E+02, 2.731600E+02
2024-01-14 17:45:15,1, 4.470429E+02, 2.683999E+02, 2.701661E+02, 2.473836E+00, 1.321557E+01, 2.806881E+02, 2.723301E+02, 2.725310E+02, 2.731600E+02, 2.731600E+02
2024-01-14 18:00:15,1, 4.202579E+02, 2.682736E+02, 2.700287E+02, 2.428195E+00, 1.286964E+01, 2.807922E+02, 2.720736E+02, 2.722172E+02, 2.731600E+02, 2.731600E+02
2024-01-14 18:15:15,1, 4.100158E+02, 2.681403E+02, 2.698663E+02, 2.356802E+00, 1.127784E+01, 2.808239E+02, 2.718513E+02, 2.719941E+02, 2.731600E+02, 2.731600E+02
2024-01-14 18:30:15,1, 3.969775E+02, 2.680069E+02, 2.697313E+02, 2.315164E+00, 1.097431E+01, 2.808291E+02, 2.716688E+02, 2.718133E+02, 2.731600E+02, 2.731600E+02
2024-01-14 18:45:15,1, 3.811986E+02, 2.678736E+02, 2.695903E+02, 2.269230E+00, 1.065472E+01, 2.808037E+02, 2.714639E+02, 2.716128E+02, 2.731600E+02, 2.731600E+02
2024-01-14 19:00:15,1, 3.590515E+02, 2.677414E+02, 2.694419E+02, 2.218860E+00, 1.029806E+01, 2.807450E+02, 2.712213E+02, 2.713673E+02, 2.731600E+02, 2.731600E+02
2024-01-14 19:15:15,1, 3.382203E+02, 2.676730E+02, 2.693358E+02, 2.171784E+00, 9.891690E+00, 2.806498E+02, 2.710208E+02, 2.711850E+02, 2.731600E+02, 2.731600E+02
2024-01-14 19:30:15,1, 3.149108E+02, 2.676047E+02, 2.692374E+02, 2.128511E+00, 9.587467E+00, 2.805262E+02, 2.708159E+02, 2.710006E+02, 2.731600E+02, 2.731600E+02
2024-01-14 19:45:15,1, 2.892229E+02, 2.675364E+02, 2.691318E+02, 2.080143E+00, 9.252469E+00, 2.803737E+02, 2.705852E+02, 2.707909E+02, 2.731600E+02, 2.731600E+02
2024-01-14 20:00:15,1, 2.353638E+02, 2.674668E+02, 2.690084E+02, 2.025669E+00, 8.913351E+00, 2.801923E+02, 2.702162E+02, 2.703126E+02, 2.731600E+02, 2.731600E+02
2024-01-14 20:15:15,1, 2.082434E+02, 2.673248E+02, 2.687670E+02, 1.904623E+00, 8.811343E+00, 2.799663E+02, 2.697712E+02, 2.698338E+02, 2.731600E+02, 2.731600E+02
2024-01-14 20:30:15,1, 1.793034E+02, 2.671828E+02, 2.685671E+02, 1.827768E+00, 8.347153E+00, 2.797232E+02, 2.693890E+02, 2.694353E+02, 2.731600E+02, 2.731600E+02
2024-01-14 20:45:15,1, 1.486678E+02, 2.670407E+02, 2.683566E+02, 1.745590E+00, 7.848440E+00, 2.794654E+02, 2.689774E+02, 2.689886E+02, 2.731600E+02, 2.731600E+02
2024-01-14 21:00:15,1, 1.036785E+02, 2.668971E+02, 2.681274E+02, 1.656411E+00, 7.353811E+00, 2.791969E+02, 2.684787E+02, 2.682935E+02, 2.731600E+02, 2.731600E+02
2024-01-14 21:15:15,1, 7.374435E+01, 2.666565E+02, 2.677856E+02, 1.521484E+00, 7.270093E+00, 2.789151E+02, 2.678912E+02, 2.675322E+02, 2.731600E+02, 2.731600E+02
2024-01-14 21:30:15,1, 4.266849E+01, 2.664159E+02, 2.674734E+02, 1.364866E+00, 6.666362E+00, 2.786236E+02, 2.673589E+02, 2.668022E+02, 2.731600E+02, 2.731600E+02
2024-01-14 21:45:15,1, 1.058397E+01, 2.661753E+02, 2.671532E+02, 8.364492E-01, 5.496144E+00, 2.783236E+02, 2.668294E+02, 2.660075E+02, 2.731600E+02, 2.731600E+02
2024-01-14 22:00:15,1, 0.000000E+00, 2.659358E+02, 2.668814E+02, 0.000000E+00, 3.339630E+00, 2.780254E+02, 2.664757E+02, 2.655815E+02, 2.731600E+02, 2.731600E+02
2024-01-14 22:15:15,1, 0.000000E+00, 2.657558E+02, 2.667040E+02, 0.000000E+00, 3.178177E+00, 2.777588E+02, 2.662863E+02, 2.653961E+02, 2.731600E+02, 2.731600E+02
2024-01-14 22:30:15,1, 0.000000E+00, 2.655759E+02, 2.665402E+02, 0.000000E+00, 3.143988E+00, 2.775196E+02, 2.661137E+02, 2.652262E+02, 2.731600E+02, 2.731600E+02
2024-01-14 22:45:15,1, 0.000000E+00, 2.653959E+02, 2.663768E+02, 0.000000E+00, 3.115838E+00, 2.773016E+02, 2.659429E+02, 2.650571E+02, 2.731600E+02, 2.731600E+02
2024-01-14 23:00:15,1, 0.000000E+00, 2.652166E+02, 2.662137E+02, 0.000000E+00, 3.061538E+00, 2.771000E+02, 2.657735E+02, 2.648886E+02, 2.731600E+02, 2.731600E+02
2024-01-14 23:15:15,1, 0.000000E+00, 2.650736E+02, 2.660772E+02, 0.000000E+00, 2.529352E+00, 2.769125E+02, 2.656279E+02, 2.647432E+02, 2.731600E+02, 2.731600E+02
2024-01-14 23:30:15,1, 0.000000E+00, 2.649306E+02, 2.659462E+02, 0.000000E+00, 2.481254E+00, 2.767371E+02, 2.654892E+02, 2.646041E+02, 2.731600E+02, 2.731600E+02
2024-01-14 23:45:15,1, 0.000000E+00, 2.647876E+02, 2.658155E+02, 0.000000E+00, 2.453917E+00, 2.765718E+02, 2.653512E+02, 2.644652E+02, 2.731600E+02, 2.731600E+02
2024-01-14 00:00:15,2, 0.000000E+00, 2.714937E+02, 2.720165E+02, 0.000000E+00, 3.552391E+00, 2.820562E+02, 2.722075E+02, 2.715563E+02, 2.731600E+02, 2.731600E+02
2024-01-14 00:15:15,2, 0.000000E+00, 2.714218E+02, 2.719393E+02, 0.000000E+00, 3.076725E+00, 2.819109E+02, 2.721096E+02, 2.714574E+02, 2.731600E+02, 2.731600E+02
2024-01-14 00:30:15,2, 0.000000E+00, 2.713499E+02, 2.718643E+02, 0.000000E+00, 2.998029E+00, 2.817665E+02, 2.720134E+02, 2.713606E+02, 2.731600E+02, 2.731600E+02
2024-01-14 00:45:15,2, 0.000000E+00, 2.712781E+02, 2.717891E+02, 0.000000E+00, 2.954098E+00, 2.816237E+02, 2.719173E+02, 2.712639E+02, 2.731600E+02, 2.731600E+02
2024-01-14 01:00:15,2, 0.000000E+00, 2.712060E+02, 2.717143E+02, 0.000000E+00, 2.904185E+00, 2.814828E+02, 2.718216E+02, 2.711676E+02, 2.731600E+02, 2.731600E+02
2024-01-14 01:15:15,2, 0.000000E+00, 2.711242E+02, 2.716302E+02, 0.000000E+00, 2.604253E+00, 2.813414E+02, 2.717087E+02, 2.710535E+02, 2.731600E+02, 2.731600E+02
2024-01-14 01:30:15,2, 0.000000E+00, 2.710425E+02, 2.715427E+02, 0.000000E+00, 2.531643E+00, 2.811980E+02, 2.715928E+02, 2.709362E+02, 2.731600E+02, 2.731600E+02
2024-01-14 01:45:15,2, 0.000000E+00, 2.709607E+02, 2.714551E+02, 0.000000E+00, 2.480076E+00, 2.810537E+02, 2.714774E+02, 2.708191E+02, 2.731600E+02, 2.731600E+02
2024-01-14 02:00:15,2, 0.000000E+00, 2.708802E+02, 2.713678E+02, 0.000000E+00, 2.405396E+00, 2.809089E+02, 2.713633E+02, 2.707038E+02, 2.731600E+02, 2.731600E+02
2024-01-14 02:15:15,2, 0.000000E+00, 2.708767E+02, 2.713628E+02, 0.000000E+00, 1.897776E+00, 2.807747E+02, 2.713958E+02, 2.707683E+02, 2.731600E+02, 2.731600E+02
2024-01-14 02:30:15,2, 0.000000E+00, 2.708732E+02, 2.713807E+02, 0.000000E+00, 1.861114E+00, 2.806572E+02, 2.714541E+02, 2.708581E+02, 2.731600E+02, 2.731600E+02
2024-01-14 02:45:15,2, 0.000000E+00, 2.708697E+02, 2.713981E+02, 0.000000E+00, 1.853993E+00, 2.805532E+02, 2.715129E+02, 2.709474E+02, 2.731600E+02, 2.731600E+02
2024-01-14 03:00:15,2, 0.000000E+00, 2.708660E+02, 2.714183E+02, 0.000000E+00, 1.882921E+00, 2.804607E+02, 2.715739E+02, 2.710382E+02, 2.731600E+02, 2.731600E+02
2024-01-14 03:15:15,2, 0.000000E+00, 2.708456E+02, 2.714047E+02, 0.000000E+00, 2.453257E+00, 2.803741E+02, 2.715527E+02, 2.710139E+02, 2.731600E+02, 2.731600E+02
2024-01-14 03:30:15,2, 0.000000E+00, 2.708252E+02, 2.713825E+02, 0.000000E+00, 2.465798E+00, 2.802900E+02, 2.715217E+02, 2.709796E+02, 2.731600E+02, 2.731600E+02
2024-01-14 03:45:15,2, 0.000000E+00, 2.708049E+02, 2.713604E+02, 0.000000E+00, 2.449082E+00, 2.802086E+02, 2.714908E+02, 2.709451E+02, 2.731600E+02, 2.731600E+02
2024-01-14 04:00:15,2, 0.000000E+00, 2.707847E+02, 2.713383E+02, 0.000000E+00, 2.443925E+00, 2.801300E+02, 2.714603E+02, 2.709109E+02, 2.731600E+02, 2.731600E+02
2024-01-14 04:15:15,2, 0.000000E+00, 2.707781E+02, 2.713353E+02, 0.000000E+00, 2.718755E+00, 2.800564E+02, 2.714701E+02, 2.709298E+02, 2.731600E+02, 2.731600E+02
2024-01-14 04:30:15,2, 0.000000E+00, 2.707715E+02, 2.713378E+02, 0.000000E+00, 2.742726E+00, 2.799892E+02, 2.714865E+02, 2.709552E+02, 2.731600E+02, 2.731600E+02
2024-01-14 04:45:15,2, 0.000000E+00, 2.707649E+02, 2.713407E+02, 0.000000E+00, 2.749060E+00, 2.799275E+02, 2.715038E+02, 2.709813E+02, 2.731600E+02, 2.731600E+02
2024-01-14 05:00:15,2, 0.000000E+00, 2.707571E+02, 2.713436E+02, 0.000000E+00, 2.771848E+00, 2.798708E+02, 2.715208E+02, 2.710064E+02, 2.731600E+02, 2.731600E+02
2024-01-14 05:15:15,2, 0.000000E+00, 2.706811E+02, 2.712636E+02, 0.000000E+00, 3.047360E+00, 2.798080E+02, 2.713753E+02, 2.708231E+02, 2.731600E+02, 2.731600E+02
2024-01-14 05:30:15,2, 0.000000E+00, 2.706051E+02, 2.711619E+02, 0.000000E+00, 3.015378E+00, 2.797327E+02, 2.712038E+02, 2.706142E+02, 2.731600E+02, 2.731600E+02
2024-01-14 05:45:15,2, 0.000000E+00, 2.705290E+02, 2.710590E+02, 0.000000E+00, 2.964431E+00, 2.796480E+02, 2.710299E+02, 2.704022E+02, 2.731600E+02, 2.731600E+02
2024-01-14 06:00:15,2, 0.000000E+00, 2.704526E+02, 2.709540E+02, 0.000000E+00, 2.987863E+00, 2.795560E+02, 2.708530E+02, 2.701872E+02, 2.731600E+02, 2.731600E+02
2024-01-14 06:15:15,2, 0.000000E+00, 2.703562E+02, 2.708624E+02, 0.000000E+00, 4.876702E+00, 2.794622E+02, 2.707556E+02, 2.700928E+02, 2.731600E+02, 2.731600E+02
2024-01-14 06:30:15,2, 0.000000E+00, 2.702598E+02, 2.707760E+02, 0.000000E+00, 5.094729E+00, 2.793700E+02, 2.706644E+02, 2.700047E+02, 2.731600E+02, 2.731600E+02
2024-01-14 06:45:15,2, 0.000000E+00, 2.701633E+02, 2.706897E+02, 0.000000E+00, 5.135827E+00, 2.792788E+02, 2.705734E+02, 2.699166E+02, 2.731600E+02, 2.731600E+02
2024-01-14 07:00:15,2, 0.000000E+00, 2.700678E+02, 2.706035E+02, 0.000000E+00, 5.079766E+00, 2.791884E+02, 2.704820E+02, 2.698275E+02, 2.731600E+02, 2.731600E+02
2024-01-14 07:15:15,2, 0.000000E+00, 2.700252E+02, 2.705309E+02, 0.000000E+00, 3.326072E+00, 2.790962E+02, 2.703505E+02, 2.696680E+02, 2.731600E+02, 2.731600E+02
2024-01-14 07:30:15,2, 0.000000E+00, 2.699826E+02, 2.704602E+02, 0.000000E+00, 3.141208E+00, 2.790007E+02, 2.702194E+02, 2.695087E+02, 2.731600E+02, 2.731600E+02
2024-01-14 07:45:15,2, 0.000000E+00, 2.699399E+02, 2.703872E+02, 0.000000E+00, 3.081667E+00, 2.789031E+02, 2.700837E+02, 2.693421E+02, 2.731600E+02, 2.731600E+02
2024-01-14 08:00:15,2, 0.000000E+00, 2.698975E+02, 2.703108E+02, 0.000000E+00, 3.012641E+00, 2.788041E+02, 2.699435E+02, 2.691721E+02, 2.731600E+02, 2.731600E+02
2024-01-14 08:15:15,2, 0.000000E+00, 2.698650E+02, 2.702547E+02, 0.000000E+00, 2.141843E+00, 2.787088E+02, 2.698527E+02, 2.690602E+02, 2.731600E+02, 2.731600E+02
2024-01-14 08:30:15,2, 0.000000E+00, 2.698325E+02, 2.702053E+02, 0.000000E+00, 1.993134E+00, 2.786204E+02, 2.697682E+02, 2.689530E+02, 2.731600E+02, 2.731600E+02
2024-01-14 08:45:15,2, 0.000000E+00, 2.698000E+02, 2.701545E+02, 0.000000E+00, 1.925741E+00, 2.785376E+02, 2.696805E+02, 2.688398E+02, 2.731600E+02, 2.731600E+02
2024-01-14 09:00:15,2, 0.000000E+00, 2.697678E+02, 2.701011E+02, 0.000000E+00, 1.853145E+00, 2.784598E+02, 2.695879E+02, 2.687180E+02, 2.731600E+02, 2.731600E+02
2024-01-14 09:15:15,2, 0.000000E+00, 2.697497E+02, 2.700641E+02, 0.000000E+00, 1.607722E+00, 2.783871E+02, 2.695342E+02, 2.686521E+02, 2.731600E+02, 2.731600E+02
2024-01-14 09:30:15,2, 0.000000E+00, 2.697316E+02, 2.700365E+02, 0.000000E+00, 1.535936E+00, 2.783189E+02, 2.694912E+02, 2.685975E+02, 2.731600E+02, 2.731600E+02
2024-01-14 09:45:15,2, 0.000000E+00, 2.697136E+02, 2.700094E+02, 0.000000E+00, 1.490834E+00, 2.782546E+02, 2.694480E+02, 2.685415E+02, 2.731600E+02, 2.731600E+02
2024-01-14 10:00:15,2, 0.000000E+00, 2.696958E+02, 2.699812E+02, 0.000000E+00, 1.444970E+00, 2.781937E+02, 2.694030E+02, 2.684820E+02, 2.731600E+02, 2.731600E+02
2024-01-14 10:15:15,2, 0.000000E+00, 2.696957E+02, 2.699639E+02, 0.000000E+00, 1.351226E+00, 2.781350E+02, 2.693769E+02, 2.684541E+02, 2.731600E+02, 2.731600E+02
2024-01-14 10:30:15,2, 0.000000E+00, 2.696956E+02, 2.699550E+02, 0.000000E+00, 1.321534E+00, 2.780769E+02, 2.693606E+02, 2.684384E+02, 2.731600E+02, 2.731600E+02
2024-01-14 10:45:15,2, 0.000000E+00, 2.696956E+02, 2.699479E+02, 0.000000E+00, 1.302514E+00, 2.780195E+02, 2.693464E+02, 2.684252E+02, 2.731600E+02, 2.731600E+02
2024-01-14 11:00:15,2, 0.000000E+00, 2.696959E+02, 2.699411E+02, 0.000000E+00, 1.276018E+00, 2.779627E+02, 2.693329E+02, 2.684131E+02, 2.731600E+02, 2.731600E+02
2024-01-14 11:15:15,2, 0.000000E+00, 2.697237E+02, 2.699633E+02, 0.000000E+00, 9.785390E-01, 2.779101E+02, 2.693796E+02, 2.684788E+02, 2.731600E+02, 2.731600E+02
2024-01-14 11:30:15,2, 0.000000E+00, 2.697516E+02, 2.700092E+02, 0.000000E+00, 8.956130E-01, 2.778626E+02, 2.694540E+02, 2.685781E+02, 2.731600E+02, 2.731600E+02
2024-01-14 11:45:15,2, 0.000000E+00, 2.697794E+02, 2.700593E+02, 0.000000E+00, 8.665898E-01, 2.778190E+02, 2.695331E+02, 2.686825E+02, 2.731600E+02, 2.731600E+02
2024-01-14 12:00:15,2, 0.000000E+00, 2.698076E+02, 2.701087E+02, 0.000000E+00, 8.576370E-01, 2.777787E+02, 2.696112E+02, 2.687850E+02, 2.731600E+02, 2.731600E+02
2024-01-14 12:15:15,2, 0.000000E+00, 2.698585E+02, 2.701716E+02, 0.000000E+00, 1.023306E+00, 2.777416E+02, 2.697122E+02, 2.689196E+02, 2.731600E+02, 2.731600E+02
2024-01-14 12:30:15,2, 0.000000E+00, 2.699094E+02, 2.702420E+02, 0.000000E+00, 1.084775E+00, 2.777072E+02, 2.698196E+02, 2.690599E+02, 2.731600E+02, 2.731600E+02
2024-01-14 12:45:15,2, 0.000000E+00, 2.699603E+02, 2.703108E+02, 0.000000E+00, 1.104525E+00, 2.776756E+02, 2.699241E+02, 2.691953E+02, 2.731600E+02, 2.731600E+02
2024-01-14 13:00:15,2, 4.663677E+01, 2.700119E+02, 2.703922E+02, 1.752613E+00, 1.341856E+00, 2.776491E+02, 2.702044E+02, 2.697578E+02, 2.731600E+02, 2.731600E+02
2024-01-14 13:15:15,2, 7.746401E+01, 2.701047E+02, 2.707196E+02, 2.034890E+00, 6.546268E+00, 2.776919E+02, 2.707887E+02, 2.706021E+02, 2.731600E+02, 2.731600E+02
2024-01-14 13:30:15,2, 1.071364E+02, 2.701975E+02, 2.708850E+02, 2.141978E+00, 7.538902E+00, 2.777459E+02, 2.711145E+02, 2.710352E+02, 2.731600E+02, 2.731600E+02
2024-01-14 13:45:15,2, 1.355270E+02, 2.702902E+02, 2.710413E+02, 2.223423E+00, 8.049591E+00, 2.778152E+02, 2.714146E+02, 2.713887E+02, 2.731600E+02, 2.731600E+02
2024-01-14 14:00:15,2, 1.577979E+02, 2.703824E+02, 2.711802E+02, 2.292019E+00, 8.395399E+00, 2.779015E+02, 2.716653E+02, 2.716379E+02, 2.731600E+02, 2.731600E+02
2024-01-14 14:15:15,2, 1.825269E+02, 2.704353E+02, 2.713137E+02, 2.369635E+00, 7.501025E+00, 2.780166E+02, 2.720005E+02, 2.720215E+02, 2.731600E+02, 2.731600E+02
2024-01-14 14:30:15,2, 2.056750E+02, 2.704882E+02, 2.714581E+02, 2.457401E+00, 7.952427E+00, 2.781710E+02, 2.723443E+02, 2.724116E+02, 2.731600E+02, 2.731600E+02
2024-01-14 14:45:15,2, 2.271433E+02, 2.705411E+02, 2.715951E+02, 2.541964E+00, 8.435882E+00, 2.783569E+02, 2.726703E+02, 2.727779E+02, 2.731600E+02, 2.731600E+02
2024-01-14 15:00:15,2, 2.202389E+02, 2.705892E+02, 2.717157E+02, 2.621637E+00, 9.411637E+00, 2.785668E+02, 2.728684E+02, 2.729293E+02, 2.731600E+02, 2.731600E+02
2024-01-14 15:15:15,2, 2.361564E+02, 2.703545E+02, 2.715345E+02, 2.564957E+00, 1.796425E+01, 2.787438E+02, 2.727605E+02, 2.728270E+02, 2.731600E+02, 2.731600E+02
2024-01-14 15:30:15,2, 2.503496E+02, 2.701199E+02, 2.713682E+02, 2.552288E+00, 1.852284E+01, 2.789141E+02, 2.726967E+02, 2.727795E+02, 2.731600E+02, 2.731600E+02
2024-01-14 15:45:15,2, 2.627577E+02, 2.698852E+02, 2.711957E+02, 2.534581E+00, 1.882528E+01, 2.790765E+02, 2.726141E+02, 2.727108E+02, 2.731600E+02, 2.731600E+02
2024-01-14 16:00:15,2, 3.534088E+02, 2.696508E+02, 2.710418E+02, 2.515223E+00, 1.891199E+01, 2.792344E+02, 2.728143E+02, 2.730825E+02, 2.731600E+02, 2.731600E+02
2024-01-14 16:15:15,2, 3.646401E+02, 2.694323E+02, 2.710019E+02, 2.624780E+00, 1.657347E+01, 2.795128E+02, 2.729104E+02, 2.731382E+02, 2.731600E+02, 2.731600E+02
2024-01-14 16:30:15,2, 3.733879E+02, 2.692138E+02, 2.708070E+02, 2.574721E+00, 1.641791E+01, 2.797439E+02, 2.727218E+02, 2.729097E+02, 2.731600E+02, 2.731600E+02
2024-01-14 16:45:15,2, 3.796148E+02, 2.689954E+02, 2.706058E+02, 2.520377E+00, 1.627499E+01, 2.799334E+02, 2.725122E+02, 2.726617E+02, 2.731600E+02, 2.731600E+02
2024-01-14 17:00:15,2, 4.521749E+02, 2.687784E+02, 2.704192E+02, 2.463528E+00, 1.592468E+01, 2.800897E+02, 2.725312E+02, 2.727542E+02, 2.731600E+02, 2.731600E+02
2024-01-14 17:15:15,2, 4.534914E+02, 2.686522E+02, 2.704075E+02, 2.549155E+00, 1.361890E+01, 2.803429E+02, 2.726123E+02, 2.728032E+02, 2.731600E+02, 2.731600E+02
2024-01-14 17:30:15,2, 4.517783E+02, 2.685261E+02, 2.702889E+02, 2.513668E+00, 1.341807E+01, 2.805433E+02, 2.724753E+02, 2.726418E+02, 2.731600E+02, 2.731600E+02
2024-01-14 17:45:15,2, 4.470429E+02, 2.683999E+02, 2.701637E+02, 2.473086E+00, 1.320726E+01, 2.806952E+02, 2.723145E+02, 2.724592E+02, 2.731600E+02, 2.731600E+02
2024-01-14 18:00:15,2, 4.202579E+02, 2.682736E+02, 2.700264E+02, 2.427466E+00, 1.286180E+01, 2.807996E+02, 2.720605E+02, 2.721526E+02, 2.731600E+02, 2.731600E+02
2024-01-14 18:15:15,2, 4.100158E+02, 2.681403E+02, 2.698642E+02, 2.356302E+00, 1.127162E+01, 2.808316E+02, 2.718385E+02, 2.719302E+02, 2.731600E+02, 2.731600E+02
2024-01-14 18:30:15,2, 3.969775E+02, 2.680069E+02, 2.697292E+02, 2.314688E+00, 1.096832E+01, 2.808370E+02, 2.716558E+02, 2.717487E+02, 2.731600E+02, 2.731600E+02
2024-01-14 18:45:15,2, 3.811986E+02, 2.678736E+02, 2.695882E+02, 2.268784E+00, 1.064904E+01, 2.808119E+02, 2.714507E+02, 2.715473E+02, 2.731600E+02, 2.731600E+02
2024-01-14 19:00:15,2, 3.590515E+02, 2.677414E+02, 2.694399E+02, 2.218450E+00, 1.029275E+01, 2.807536E+02, 2.712081E+02, 2.713018E+02, 2.731600E+02, 2.731600E+02
2024-01-14 19:15:15,2, 3.382203E+02, 2.676730E+02, 2.693338E+02, 2.171468E+00, 9.887058E+00, 2.806587E+02, 2.710068E+02, 2.711174E+02, 2.731600E+02, 2.731600E+02
2024-01-14 19:30:15,2, 3.149108E+02, 2.676047E+02, 2.692355E+02, 2.128252E+00, 9.583287E+00, 2.805355E+02, 2.708010E+02, 2.709300E+02, 2.731600E+02, 2.731600E+02
2024-01-14 19:45:15,2, 2.892229E+02, 2.675364E+02, 2.691300E+02, 2.079953E+00, 9.248804E+00, 2.803835E+02, 2.705691E+02, 2.707168E+02, 2.731600E+02, 2.731600E+02
2024-01-14 20:00:15,2, 2.353638E+02, 2.674668E+02, 2.690068E+02, 2.025560E+00, 8.910440E+00, 2.802026E+02, 2.702052E+02, 2.702546E+02, 2.731600E+02, 2.731600E+02
2024-01-14 20:15:15,2, 2.082434E+02, 2.673248E+02, 2.687660E+02, 1.904981E+00, 8.811325E+00, 2.799769E+02, 2.697620E+02, 2.697785E+02, 2.731600E+02, 2.731600E+02
2024-01-14 20:30:15,2, 1.793034E+02, 2.671828E+02, 2.685661E+02, 1.828207E+00, 8.347717E+00, 2.797341E+02, 2.693801E+02, 2.693778E+02, 2.731600E+02, 2.731600E+02
2024-01-14 20:45:15,2, 1.486678E+02, 2.670407E+02, 2.683557E+02, 1.746147E+00, 7.849849E+00, 2.794769E+02, 2.689697E+02, 2.689292E+02, 2.731600E+02, 2.731600E+02
2024-01-14 21:00:15,2, 1.036785E+02, 2.668971E+02, 2.681271E+02, 1.657148E+00, 7.356708E+00, 2.792089E+02, 2.684806E+02, 2.682562E+02, 2.731600E+02, 2.731600E+02
2024-01-14 21:15:15,2, 7.374435E+01, 2.666565E+02, 2.677852E+02, 1.522427E+00, 7.272740E+00, 2.789273E+02, 2.679007E+02, 2.675104E+02, 2.731600E+02, 2.731600E+02
2024-01-14 21:30:15,2, 4.266849E+01, 2.664159E+02, 2.674735E+02, 1.367578E+00, 6.672576E+00, 2.786359E+02, 2.673785E+02, 2.668057E+02, 2.731600E+02, 2.731600E+02
2024-01-14 21:45:15,2, 1.058397E+01, 2.661753E+02, 2.671534E+02, 8.746285E-01, 5.554035E+00, 2.783354E+02, 2.668614E+02, 2.660575E+02, 2.731600E+02, 2.731600E+02
2024-01-14 22:00:15,2, 0.000000E+00, 2.659358E+02, 2.668823E+02, 0.000000E+00, 3.346447E+00, 2.780363E+02, 2.665125E+02, 2.656499E+02, 2.731600E+02, 2.731600E+02
2024-01-14 22:15:15,2, 0.000000E+00, 2.657558E+02, 2.667046E+02, 0.000000E+00, 3.179909E+00, 2.777688E+02, 2.663228E+02, 2.654641E+02, 2.731600E+02, 2.731600E+02
2024-01-14 22:30:15,2, 0.000000E+00, 2.655759E+02, 2.665409E+02, 0.000000E+00, 3.145604E+00, 2.775291E+02, 2.661501E+02, 2.652942E+02, 2.731600E+02, 2.731600E+02
2024-01-14 22:45:15,2, 0.000000E+00, 2.653959E+02, 2.663775E+02, 0.000000E+00, 3.117371E+00, 2.773105E+02, 2.659792E+02, 2.651250E+02, 2.731600E+02, 2.731600E+02
2024-01-14 23:00:15,2, 0.000000E+00, 2.652166E+02, 2.662145E+02, 0.000000E+00, 3.063015E+00, 2.771086E+02, 2.658098E+02, 2.649566E+02, 2.731600E+02, 2.731600E+02
2024-01-14 23:15:15,2, 0.000000E+00, 2.650736E+02, 2.660779E+02, 0.000000E+00, 2.530785E+00, 2.769207E+02, 2.656642E+02, 2.648113E+02, 2.731600E+02, 2.731600E+02
2024-01-14 23:30:15,2, 0.000000E+00, 2.649306E+02, 2.659470E+02, 0.000000E+00, 2.482632E+00, 2.767450E+02, 2.655255E+02, 2.646723E+02, 2.731600E+02, 2.731600E+02
2024-01-14 23:45:15,2, 0.000000E+00, 2.647876E+02, 2.658163E+02, 0.000000E+00, 2.455253E+00, 2.765795E+02, 2.653876E+02, 2.645336E+02, 2.731600E+02, 2.731600E+02
2024-01-15 00:00:15,1, 0.000000E+00, 2.646438E+02, 2.656848E+02, 0.000000E+00, 2.428452E+00, 2.764151E+02, 2.652139E+02, 2.643265E+02, 2.731600E+02, 2.731600E+02
2024-01-15 00:15:15,1, 0.000000E+00, 2.644508E+02, 2.655186E+02, 0.000000E+00, 2.386852E+00, 2.762648E+02, 2.650470E+02, 2.641585E+02, 2.731600E+02, 2.731600E+02
2024-01-15 00:30:15,1, 0.000000E+00, 2.642578E+02, 2.653450E+02, 0.000000E+00, 2.355507E+00, 2.761192E+02, 2.648725E+02, 2.639826E+02, 2.731600E+02, 2.731600E+02
2024-01-15 00:45:15,1, 0.000000E+00, 2.640649E+02, 2.651713E+02, 0.000000E+00, 2.326098E+00, 2.759780E+02, 2.646981E+02, 2.638065E+02, 2.731600E+02, 2.731600E+02
2024-01-15 01:00:15,1, 0.000000E+00, 2.638723E+02, 2.649974E+02, 0.000000E+00, 2.280458E+00, 2.758407E+02, 2.645237E+02, 2.636301E+02, 2.731600E+02, 2.731600E+02
2024-01-15 01:15:15,1, 0.000000E+00, 2.637018E+02, 2.648392E+02, 0.000000E+00, 1.949036E+00, 2.757097E+02, 2.643609E+02, 2.634583E+02, 2.731600E+02, 2.731600E+02
2024-01-15 01:30:15,1, 0.000000E+00, 2.635313E+02, 2.646834E+02, 0.000000E+00, 1.905218E+00, 2.755865E+02, 2.642008E+02, 2.632877E+02, 2.731600E+02, 2.731600E+02
2024-01-15 01:45:15,1, 0.000000E+00, 2.633609E+02, 2.645266E+02, 0.000000E+00, 1.873313E+00, 2.754701E+02, 2.640396E+02, 2.631145E+02, 2.731600E+02, 2.731600E+02
2024-01-15 02:00:15,1, 0.000000E+00, 2.631911E+02, 2.643685E+02, 0.000000E+00, 1.836449E+00, 2.753601E+02, 2.638770E+02, 2.629382E+02, 2.731600E+02, 2.731600E+02
2024-01-15 02:15:15,1, 0.000000E+00, 2.630611E+02, 2.642426E+02, 0.000000E+00, 1.711931E+00, 2.752536E+02, 2.637494E+02, 2.628085E+02, 2.731600E+02, 2.731600E+02
2024-01-15 02:30:15,1, 0.000000E+00, 2.629311E+02, 2.641231E+02, 0.000000E+00, 1.683980E+00, 2.751488E+02, 2.636283E+02, 2.626853E+02, 2.731600E+02, 2.731600E+02
2024-01-15 02:45:15,1, 0.000000E+00, 2.628011E+02, 2.640035E+02, 0.000000E+00, 1.660235E+00, 2.750457E+02, 2.635072E+02, 2.625619E+02, 2.731600E+02, 2.731600E+02
2024-01-15 03:00:15,1, 0.000000E+00, 2.626713E+02, 2.638838E+02, 0.000000E+00, 1.642022E+00, 2.749446E+02, 2.633860E+02, 2.624382E+02, 2.731600E+02, 2.731600E+02
2024-01-15 03:15:15,1, 0.000000E+00, 2.625529E+02, 2.637724E+02, 0.000000E+00, 1.717358E+00, 2.748455E+02, 2.632724E+02, 2.623222E+02, 2.731600E+02, 2.731600E+02
2024-01-15 03:30:15,1, 0.000000E+00, 2.624344E+02, 2.636626E+02, 0.000000E+00, 1.702549E+00, 2.747484E+02, 2.631605E+02, 2.622078E+02, 2.731600E+02, 2.731600E+02
2024-01-15 03:45:15,1, 0.000000E+00, 2.623160E+02, 2.635526E+02, 0.000000E+00, 1.683717E+00, 2.746533E+02, 2.630485E+02, 2.620932E+02, 2.731600E+02, 2.731600E+02
2024-01-15 04:00:15,1, 0.000000E+00, 2.621980E+02, 2.634426E+02, 0.000000E+00, 1.665353E+00, 2.745600E+02, 2.629366E+02, 2.619785E+02, 2.731600E+02, 2.731600E+02
2024-01-15 04:15:15,1, 0.000000E+00, 2.621078E+02, 2.633562E+02, 0.000000E+00, 1.663881E+00, 2.744689E+02, 2.628530E+02, 2.618978E+02, 2.731600E+02, 2.731600E+02
2024-01-15 04:30:15,1, 0.000000E+00, 2.620177E+02, 2.632743E+02, 0.000000E+00, 1.652182E+00, 2.743804E+02, 2.627746E+02, 2.618221E+02, 2.731600E+02, 2.731600E+02
2024-01-15 04:45:15,1, 0.000000E+00, 2.619276E+02, 2.631924E+02, 0.000000E+00, 1.639899E+00, 2.742940E+02, 2.626963E+02, 2.617465E+02, 2.731600E+02, 2.731600E+02
2024-01-15 05:00:15,1, 0.000000E+00, 2.618382E+02, 2.631106E+02, 0.000000E+00, 1.621927E+00, 2.742096E+02, 2.626184E+02, 2.616711E+02, 2.731600E+02, 2.731600E+02
2024-01-15 05:15:15,1, 0.000000E+00, 2.617908E+02, 2.630609E+02, 0.000000E+00, 1.511766E+00, 2.741302E+02, 2.625778E+02, 2.616332E+02, 2.731600E+02, 2.731600E+02
2024-01-15 05:30:15,1, 0.000000E+00, 2.617434E+02, 2.630170E+02, 0.000000E+00, 1.499971E+00, 2.740574E+02, 2.625440E+02, 2.616014E+02, 2.731600E+02, 2.731600E+02
2024-01-15 05:45:15,1, 0.000000E+00, 2.616961E+02, 2.629726E+02, 0.000000E+00, 1.492458E+00, 2.739902E+02, 2.625103E+02, 2.615689E+02, 2.731600E+02, 2.731600E+02
2024-01-15 06:00:15,1, 0.000000E+00, 2.616485E+02, 2.629275E+02, 0.000000E+00, 1.503458E+00, 2.739279E+02, 2.624764E+02, 2.615358E+02, 2.731600E+02, 2.731600E+02
2024-01-15 06:15:15,1, 0.000000E+00, 2.615925E+02, 2.628781E+02, 0.000000E+00, 1.840592E+00, 2.738690E+02, 2.624441E+02, 2.615101E+02, 2.731600E+02, 2.731600E+02
2024-01-15 06:30:15,1, 0.000000E+00, 2.615365E+02, 2.628306E+02, 0.000000E+00, 1.858787E+00, 2.738124E+02, 2.624134E+02, 2.614861E+02, 2.731600E+02, 2.731600E+02
2024-01-15 06:45:15,1, 0.000000E+00, 2.614805E+02, 2.627836E+02, 0.000000E+00, 1.861192E+00, 2.737581E+02, 2.623836E+02, 2.614630E+02, 2.731600E+02, 2.731600E+02
2024-01-15 07:00:15,1, 0.000000E+00, 2.614252E+02, 2.627361E+02, 0.000000E+00, 1.844642E+00, 2.737059E+02, 2.623530E+02, 2.614387E+02, 2.731600E+02, 2.731600E+02
2024-01-15 07:15:15,1, 0.000000E+00, 2.614094E+02, 2.627084E+02, 0.000000E+00, 1.504449E+00, 2.736521E+02, 2.622981E+02, 2.613739E+02, 2.731600E+02, 2.731600E+02
2024-01-15 07:30:15,1, 0.000000E+00, 2.613936E+02, 2.626825E+02, 0.000000E+00, 1.479694E+00, 2.735944E+02, 2.622442E+02, 2.613106E+02, 2.731600E+02, 2.731600E+02
2024-01-15 07:45:15,1, 0.000000E+00, 2.613778E+02, 2.626617E+02, 0.000000E+00, 1.470980E+00, 2.735337E+02, 2.621950E+02, 2.612523E+02, 2.731600E+02, 2.731600E+02
2024-01-15 08:00:15,1, 0.000000E+00, 2.613625E+02, 2.626393E+02, 0.000000E+00, 1.464117E+00, 2.734709E+02, 2.621445E+02, 2.611928E+02, 2.731600E+02, 2.731600E+02
2024-01-15 08:15:15,1, 0.000000E+00, 2.613733E+02, 2.626470E+02, 0.000000E+00, 1.518011E+00, 2.734090E+02, 2.621556E+02, 2.612152E+02, 2.731600E+02, 2.731600E+02
2024-01-15 08:30:15,1, 0.000000E+00, 2.613842E+02, 2.626603E+02, 0.000000E+00, 1.524176E+00, 2.733500E+02, 2.621739E+02, 2.612442E+02, 2.731600E+02, 2.731600E+02
2024-01-15 08:45:15,1, 0.000000E+00, 2.613950E+02, 2.626736E+02, 0.000000E+00, 1.527699E+00, 2.732935E+02, 2.621923E+02, 2.612731E+02, 2.731600E+02, 2.731600E+02
2024-01-15 09:00:15,1, 0.000000E+00, 2.614059E+02, 2.626868E+02, 0.000000E+00, 1.528392E+00, 2.732390E+02, 2.622108E+02, 2.613020E+02, 2.731600E+02, 2.731600E+02
2024-01-15 09:15:15,1, 0.000000E+00, 2.614199E+02, 2.627036E+02, 0.000000E+00, 1.480738E+00, 2.731880E+02, 2.622432E+02, 2.613471E+02, 2.731600E+02, 2.731600E+02
2024-01-15 09:30:15,1, 0.000000E+00, 2.614339E+02, 2.627213E+02, 0.000000E+00, 1.484106E+00, 2.731600E+02, 2.622783E+02, 2.613941E+02, 2.731600E+02, 2.731600E+02
2024-01-15 09:45:15,1, 0.000000E+00, 2.614479E+02, 2.627395E+02, 0.000000E+00, 1.492345E+00, 2.731600E+02, 2.623166E+02, 2.614426E+02, 2.731600E+02, 2.731600E+02
2024-01-15 10:00:15,1, 0.000000E+00, 2.614617E+02, 2.627568E+02, 0.000000E+00, 1.496323E+00, 2.731600E+02, 2.623540E+02, 2.614899E+02, 2.731600E+02, 2.731600E+02
2024-01-15 10:15:15,1, 0.000000E+00, 2.614652E+02, 2.627598E+02, 0.000000E+00, 1.418264E+00, 2.731600E+02, 2.623604E+02, 2.614946E+02, 2.731600E+02, 2.731600E+02
2024-01-15 10:30:15,1, 0.000000E+00, 2.614687E+02, 2.627629E+02, 0.000000E+00, 1.416071E+00, 2.731600E+02, 2.623662E+02, 2.614987E+02, 2.731600E+02, 2.731600E+02
2024-01-15 10:45:15,1, 0.000000E+00, 2.614722E+02, 2.627651E+02, 0.000000E+00, 1.417098E+00, 2.731600E+02, 2.623713E+02, 2.615019E+02, 2.731600E+02, 2.731600E+02
2024-01-15 11:00:15,1, 0.000000E+00, 2.614759E+02, 2.627671E+02, 0.000000E+00, 1.415491E+00, 2.731600E+02, 2.623761E+02, 2.615049E+02, 2.731600E+02, 2.731600E+02
2024-01-15 11:15:15,1, 0.000000E+00, 2.614902E+02, 2.627816E+02, 0.000000E+00, 1.370192E+00, 2.731600E+02, 2.624053E+02, 2.615396E+02, 2.731600E+02, 2.731600E+02
2024-01-15 11:30:15,1, 0.000000E+00, 2.615045E+02, 2.627980E+02, 0.000000E+00, 1.372610E+00, 2.731600E+02, 2.624372E+02, 2.615769E+02, 2.731600E+02, 2.731600E+02
2024-01-15 11:45:15,1, 0.000000E+00, 2.615188E+02, 2.628141E+02, 0.000000E+00, 1.377123E+00, 2.731600E+02, 2.624688E+02, 2.616140E+02, 2.731600E+02, 2.731600E+02
2024-01-15 12:00:15,1, 0.000000E+00, 2.615329E+02, 2.628300E+02, 0.000000E+00, 1.384130E+00, 2.731600E+02, 2.624998E+02, 2.616501E+02, 2.731600E+02, 2.731600E+02
2024-01-15 12:15:15,1, 0.000000E+00, 2.615367E+02, 2.628271E+02, 0.000000E+00, 1.423398E+00, 2.731600E+02, 2.624719E+02, 2.616079E+02, 2.731600E+02, 2.731600E+02
2024-01-15 12:30:15,1, 0.000000E+00, 2.615404E+02, 2.628203E+02, 0.000000E+00, 1.419904E+00, 2.731600E+02, 2.624386E+02, 2.615604E+02, 2.731600E+02, 2.731600E+02
2024-01-15 12:45:15,1, 0.000000E+00, 2.615441E+02, 2.628125E+02, 0.000000E+00, 1.414204E+00, 2.731600E+02, 2.624040E+02, 2.615118E+02, 2.731600E+02, 2.731600E+02
2024-01-15 13:00:15,1, 4.904518E+01, 2.615507E+02, 2.628227E+02, 8.322447E-01, 1.533276E+00, 2.731600E+02, 2.626108E+02, 2.620507E+02, 2.731600E+02, 2.731600E+02
2024-01-15 13:15:15,1, 8.088586E+01, 2.617240E+02, 2.631155E+02, 9.421973E-01, 2.855521E+00, 2.731600E+02, 2.632683E+02, 2.630467E+02, 2.731600E+02, 2.731600E+02
2024-01-15 13:30:15,1, 1.115380E+02, 2.618973E+02, 2.633510E+02, 1.001697E+00, 3.183280E+00, 2.731600E+02, 2.637407E+02, 2.636686E+02, 2.731600E+02, 2.731600E+02
2024-01-15 13:45:15,1, 1.408703E+02, 2.620707E+02, 2.635944E+02, 1.059884E+00, 3.465480E+00, 2.731600E+02, 2.642027E+02, 2.642119E+02, 2.731600E+02, 2.731600E+02
2024-01-15 14:00:15,1, 2.066842E+02, 2.622471E+02, 2.638355E+02, 1.114918E+00, 3.721635E+00, 2.731600E+02, 2.648306E+02, 2.652153E+02, 2.731600E+02, 2.731600E+02
2024-01-15 14:15:15,1, 2.389220E+02, 2.626049E+02, 2.643047E+02, 1.254951E+00, 4.034937E+00, 2.731600E+02, 2.655972E+02, 2.660874E+02, 2.731600E+02, 2.731600E+02
2024-01-15 14:30:15,1, 2.691053E+02, 2.629627E+02, 2.646889E+02, 1.334543E+00, 4.416152E+00, 2.731600E+02, 2.661652E+02, 2.666460E+02, 2.731600E+02, 2.731600E+02
2024-01-15 14:45:15,1, 2.971047E+02, 2.633205E+02, 2.650653E+02, 1.412987E+00, 4.806649E+00, 2.732071E+02, 2.667030E+02, 2.671680E+02, 2.731600E+02, 2.731600E+02
2024-01-15 15:00:15,1, 3.452901E+02, 2.636784E+02, 2.654501E+02, 1.494994E+00, 5.266297E+00, 2.736239E+02, 2.673575E+02, 2.678795E+02, 2.731600E+02, 2.731600E+02
2024-01-15 15:15:15,1, 3.701942E+02, 2.640438E+02, 2.658777E+02, 1.621709E+00, 6.177271E+00, 2.740595E+02, 2.680061E+02, 2.685091E+02, 2.731600E+02, 2.731600E+02
2024-01-15 15:30:15,1, 3.924097E+02, 2.644091E+02, 2.662562E+02, 1.709418E+00, 6.687907E+00, 2.744866E+02, 2.685267E+02, 2.689975E+02, 2.731600E+02, 2.731600E+02
2024-01-15 15:45:15,1, 4.118416E+02, 2.647745E+02, 2.666289E+02, 1.795984E+00, 7.195323E+00, 2.749076E+02, 2.690189E+02, 2.694604E+02, 2.731600E+02, 2.731600E+02
2024-01-15 16:00:15,1, 4.394327E+02, 2.651388E+02, 2.669990E+02, 1.881260E+00, 7.730356E+00, 2.753227E+02, 2.695367E+02, 2.699834E+02, 2.731600E+02, 2.731600E+02
2024-01-15 16:15:15,1, 4.534106E+02, 2.654375E+02, 2.673296E+02, 1.980962E+00, 8.636244E+00, 2.757495E+02, 2.699922E+02, 2.704207E+02, 2.731600E+02, 2.731600E+02
2024-01-15 16:30:15,1, 4.643152E+02, 2.657362E+02, 2.676286E+02, 2.055568E+00, 9.120216E+00, 2.761606E+02, 2.703680E+02, 2.707803E+02, 2.731600E+02, 2.731600E+02
2024-01-15 16:45:15,1, 4.720998E+02, 2.660349E+02, 2.679222E+02, 2.126966E+00, 9.585390E+00, 2.765530E+02, 2.707168E+02, 2.711157E+02, 2.731600E+02, 2.731600E+02
2024-01-15 17:00:15,1, 4.786816E+02, 2.663325E+02, 2.682106E+02, 2.194738E+00, 1.002754E+01, 2.769235E+02, 2.710478E+02, 2.714412E+02, 2.731600E+02, 2.731600E+02
2024-01-15 17:15:15,1, 4.801457E+02, 2.665631E+02, 2.684421E+02, 2.252697E+00, 1.026301E+01, 2.772713E+02, 2.713046E+02, 2.716894E+02, 2.731600E+02, 2.731600E+02
2024-01-15 17:30:15,1, 4.784174E+02, 2.667936E+02, 2.686572E+02, 2.299734E+00, 1.057739E+01, 2.775878E+02, 2.715187E+02, 2.718983E+02, 2.731600E+02, 2.731600E+02
2024-01-15 17:45:15,1, 4.735041E+02, 2.670242E+02, 2.688666E+02, 2.341356E+00, 1.086263E+01, 2.778702E+02, 2.717047E+02, 2.720824E+02, 2.731600E+02, 2.731600E+02
2024-01-15 18:00:15,1, 4.557792E+02, 2.672516E+02, 2.690666E+02, 2.377016E+00, 1.112273E+01, 2.781150E+02, 2.718155E+02, 2.721686E+02, 2.731600E+02, 2.731600E+02
2024-01-15 18:15:15,1, 4.448049E+02, 2.672916E+02, 2.690970E+02, 2.351687E+00, 1.116694E+01, 2.782994E+02, 2.717580E+02, 2.721084E+02, 2.731600E+02, 2.731600E+02
2024-01-15 18:30:15,1, 4.308131E+02, 2.673316E+02, 2.691183E+02, 2.336595E+00, 1.109134E+01, 2.784407E+02, 2.716923E+02, 2.720475E+02, 2.731600E+02, 2.731600E+02
2024-01-15 18:45:15,1, 4.138637E+02, 2.673717E+02, 2.691331E+02, 2.315330E+00, 1.097190E+01, 2.785372E+02, 2.715980E+02, 2.719626E+02, 2.731600E+02, 2.731600E+02
2024-01-15 19:00:15,1, 3.764067E+02, 2.674123E+02, 2.691361E+02, 2.287378E+00, 1.080628E+01, 2.785869E+02, 2.713908E+02, 2.717123E+02, 2.731600E+02, 2.731600E+02
2024-01-15 19:15:15,1, 3.547845E+02, 2.674918E+02, 2.691326E+02, 2.221608E+00, 1.056876E+01, 2.785649E+02, 2.711965E+02, 2.715295E+02, 2.731600E+02, 2.731600E+02
2024-01-15 19:30:15,1, 3.305800E+02, 2.675713E+02, 2.691595E+02, 2.190151E+00, 1.037965E+01, 2.785083E+02, 2.710517E+02, 2.714051E+02, 2.731600E+02, 2.731600E+02
2024-01-15 19:45:15,1, 3.038970E+02, 2.676508E+02, 2.691782E+02, 2.151567E+00, 1.013592E+01, 2.784162E+02, 2.708740E+02, 2.712491E+02, 2.731600E+02, 2.731600E+02
2024-01-15 20:00:15,1, 2.259999E+02, 2.677279E+02, 2.691709E+02, 2.103827E+00, 9.813987E+00, 2.782877E+02, 2.704170E+02, 2.705259E+02, 2.731600E+02, 2.731600E+02
2024-01-15 20:15:15,1, 2.002732E+02, 2.676623E+02, 2.689443E+02, 1.924989E+00, 8.653879E+00, 2.780941E+02, 2.698923E+02, 2.699185E+02, 2.731600E+02, 2.731600E+02
2024-01-15 20:30:15,1, 1.728149E+02, 2.675968E+02, 2.688130E+02, 1.856634E+00, 8.219296E+00, 2.778932E+02, 2.695596E+02, 2.695712E+02, 2.731600E+02, 2.731600E+02
2024-01-15 20:45:15,1, 1.437425E+02, 2.675313E+02, 2.686707E+02, 1.781126E+00, 7.732168E+00, 2.776835E+02, 2.691920E+02, 2.691680E+02, 2.731600E+02, 2.731600E+02
2024-01-15 21:00:15,1, 9.407662E+01, 2.674604E+02, 2.685018E+02, 1.695441E+00, 7.075358E+00, 2.774657E+02, 2.686775E+02, 2.683481E+02, 2.731600E+02, 2.731600E+02
2024-01-15 21:15:15,1, 6.754378E+01, 2.670739E+02, 2.680693E+02, 1.534233E+00, 4.072731E+00, 2.772358E+02, 2.679978E+02, 2.674485E+02, 2.731600E+02, 2.731600E+02
2024-01-15 21:30:15,1, 3.999517E+01, 2.666874E+02, 2.676380E+02, 1.386205E+00, 3.125092E+00, 2.769988E+02, 2.673699E+02, 2.666429E+02, 2.731600E+02, 2.731600E+02
2024-01-15 21:45:15,1, 1.154874E+01, 2.663009E+02, 2.671989E+02, 9.304087E-01, 2.014780E+00, 2.767546E+02, 2.667354E+02, 2.657597E+02, 2.731600E+02, 2.731600E+02
2024-01-15 22:00:15,1, 0.000000E+00, 2.659123E+02, 2.668000E+02, 0.000000E+00,-5.162435E-02, 2.765119E+02, 2.662810E+02, 2.652125E+02, 2.731600E+02, 2.731600E+02
2024-01-15 22:15:15,1, 0.000000E+00, 2.653974E+02, 2.663490E+02, 0.000000E+00, 3.698673E+00, 2.762938E+02, 2.658582E+02, 2.647838E+02, 2.731600E+02, 2.731600E+02
2024-01-15 22:30:15,1, 0.000000E+00, 2.648826E+02, 2.658828E+02, 0.000000E+00, 4.056488E+00, 2.760916E+02, 2.654184E+02, 2.643376E+02, 2.731600E+02, 2.731600E+02
2024-01-15 22:45:15,1, 0.000000E+00, 2.643678E+02, 2.654142E+02, 0.000000E+00, 4.042100E+00, 2.759011E+02, 2.649770E+02, 2.638891E+02, 2.731600E+02, 2.731600E+02
2024-01-15 23:00:15,1, 0.000000E+00, 2.638649E+02, 2.649449E+02, 0.000000E+00, 3.954678E+00, 2.757198E+02, 2.645344E+02, 2.634382E+02, 2.731600E+02, 2.731600E+02
2024-01-15 23:15:15,1, 0.000000E+00, 2.640681E+02, 2.650043E+02, 0.000000E+00, 3.659820E+00, 2.755534E+02, 2.645212E+02, 2.634270E+02, 2.731600E+02, 2.731600E+02
2024-01-15 23:30:15,1, 0.000000E+00, 2.642712E+02, 2.651706E+02, 0.000000E+00, 3.729435E+00, 2.754044E+02, 2.646217E+02, 2.635284E+02, 2.731600E+02, 2.731600E+02
2024-01-15 23:45:15,1, 0.000000E+00, 2.644744E+02, 2.653410E+02, 0.000000E+00, 3.767163E+00, 2.752692E+02, 2.647284E+02, 2.636345E+02, 2.731600E+02, 2.731600E+02
2024-01-15 00:00:15,2, 0.000000E+00, 2.646438E+02, 2.656856E+02, 0.000000E+00, 2.429750E+00, 2.764226E+02, 2.652504E+02, 2.643951E+02, 2.731600E+02, 2.731600E+02
2024-01-15 00:15:15,2, 0.000000E+00, 2.644508E+02, 2.655193E+02, 0.000000E+00, 2.388117E+00, 2.762721E+02, 2.650835E+02, 2.642271E+02, 2.731600E+02, 2.731600E+02
2024-01-15 00:30:15,2, 0.000000E+00, 2.642578E+02, 2.653458E+02, 0.000000E+00, 2.356737E+00, 2.761263E+02, 2.649090E+02, 2.640513E+02, 2.731600E+02, 2.731600E+02
2024-01-15 00:45:15,2, 0.000000E+00, 2.640649E+02, 2.651720E+02, 0.000000E+00, 2.327294E+00, 2.759849E+02, 2.647346E+02, 2.638753E+02, 2.731600E+02, 2.731600E+02
2024-01-15 01:00:15,2, 0.000000E+00, 2.638723E+02, 2.649982E+02, 0.000000E+00, 2.281626E+00, 2.758474E+02, 2.645603E+02, 2.636991E+02, 2.731600E+02, 2.731600E+02
2024-01-15 01:15:15,2, 0.000000E+00, 2.637018E+02, 2.648400E+02, 0.000000E+00, 1.950175E+00, 2.757163E+02, 2.643979E+02, 2.635280E+02, 2.731600E+02, 2.731600E+02
2024-01-15 01:30:15,2, 0.000000E+00, 2.635313E+02, 2.646842E+02, 0.000000E+00, 1.906318E+00, 2.755930E+02, 2.642382E+02, 2.633582E+02, 2.731600E+02, 2.731600E+02
2024-01-15 01:45:15,2, 0.000000E+00, 2.633609E+02, 2.645273E+02, 0.000000E+00, 1.874382E+00, 2.754765E+02, 2.640775E+02, 2.631859E+02, 2.731600E+02, 2.731600E+02
2024-01-15 02:00:15,2, 0.000000E+00, 2.631911E+02, 2.643692E+02, 0.000000E+00, 1.837489E+00, 2.753664E+02, 2.639154E+02, 2.630106E+02, 2.731600E+02, 2.731600E+02
2024-01-15 02:15:15,2, 0.000000E+00, 2.630611E+02, 2.642434E+02, 0.000000E+00, 1.712949E+00, 2.752598E+02, 2.637878E+02, 2.628811E+02, 2.731600E+02, 2.731600E+02
2024-01-15 02:30:15,2, 0.000000E+00, 2.629311E+02, 2.641239E+02, 0.000000E+00, 1.684975E+00, 2.751549E+02, 2.636668E+02, 2.627581E+02, 2.731600E+02, 2.731600E+02
2024-01-15 02:45:15,2, 0.000000E+00, 2.628011E+02, 2.640043E+02, 0.000000E+00, 1.661209E+00, 2.750518E+02, 2.635458E+02, 2.626348E+02, 2.731600E+02, 2.731600E+02
2024-01-15 03:00:15,2, 0.000000E+00, 2.626713E+02, 2.638845E+02, 0.000000E+00, 1.642974E+00, 2.749506E+02, 2.634247E+02, 2.625113E+02, 2.731600E+02, 2.731600E+02
2024-01-15 03:15:15,2, 0.000000E+00, 2.625529E+02, 2.637732E+02, 0.000000E+00, 1.718290E+00, 2.748514E+02, 2.633112E+02, 2.623956E+02, 2.731600E+02, 2.731600E+02
2024-01-15 03:30:15,2, 0.000000E+00, 2.624344E+02, 2.636633E+02, 0.000000E+00, 1.703465E+00, 2.747542E+02, 2.631994E+02, 2.622814E+02, 2.731600E+02, 2.731600E+02
2024-01-15 03:45:15,2, 0.000000E+00, 2.623160E+02, 2.635534E+02, 0.000000E+00, 1.684616E+00, 2.746590E+02, 2.630875E+02, 2.621670E+02, 2.731600E+02, 2.731600E+02
2024-01-15 04:00:15,2, 0.000000E+00, 2.621980E+02, 2.634433E+02, 0.000000E+00, 1.666237E+00, 2.745656E+02, 2.629757E+02, 2.620525E+02, 2.731600E+02, 2.731600E+02
2024-01-15 04:15:15,2, 0.000000E+00, 2.621078E+02, 2.633570E+02, 0.000000E+00, 1.664751E+00, 2.744745E+02, 2.628920E+02, 2.619716E+02, 2.731600E+02, 2.731600E+02
2024-01-15 04:30:15,2, 0.000000E+00, 2.620177E+02, 2.632751E+02, 0.000000E+00, 1.653041E+00, 2.743859E+02, 2.628135E+02, 2.618957E+02, 2.731600E+02, 2.731600E+02
2024-01-15 04:45:15,2, 0.000000E+00, 2.619276E+02, 2.631932E+02, 0.000000E+00, 1.640747E+00, 2.742995E+02, 2.627351E+02, 2.618198E+02, 2.731600E+02, 2.731600E+02
2024-01-15 05:00:15,2, 0.000000E+00, 2.618382E+02, 2.631114E+02, 0.000000E+00, 1.622766E+00, 2.742151E+02, 2.626570E+02, 2.617442E+02, 2.731600E+02, 2.731600E+02
2024-01-15 05:15:15,2, 0.000000E+00, 2.617908E+02, 2.630617E+02, 0.000000E+00, 1.512595E+00, 2.741356E+02, 2.626163E+02, 2.617060E+02, 2.731600E+02, 2.731600E+02
2024-01-15 05:30:15,2, 0.000000E+00, 2.617434E+02, 2.630177E+02, 0.000000E+00, 1.500788E+00, 2.740627E+02, 2.625824E+02, 2.616739E+02, 2.731600E+02, 2.731600E+02
2024-01-15 05:45:15,2, 0.000000E+00, 2.616961E+02, 2.629733E+02, 0.000000E+00, 1.493265E+00, 2.739955E+02, 2.625486E+02, 2.616412E+02, 2.731600E+02, 2.731600E+02
2024-01-15 06:00:15,2, 0.000000E+00, 2.616485E+02, 2.629282E+02, 0.000000E+00, 1.504245E+00, 2.739332E+02, 2.625146E+02, 2.616078E+02, 2.731600E+02, 2.731600E+02
2024-01-15 06:15:15,2, 0.000000E+00, 2.615925E+02, 2.628786E+02, 0.000000E+00, 1.841263E+00, 2.738742E+02, 2.624818E+02, 2.615813E+02, 2.731600E+02, 2.731600E+02
2024-01-15 06:30:15,2, 0.000000E+00, 2.615365E+02, 2.628315E+02, 0.000000E+00, 1.859635E+00, 2.738176E+02, 2.624512E+02, 2.615570E+02, 2.731600E+02, 2.731600E+02
2024-01-15 06:45:15,2, 0.000000E+00, 2.614805E+02, 2.627845E+02, 0.000000E+00, 1.862002E+00, 2.737632E+02, 2.624210E+02, 2.615331E+02, 2.731600E+02, 2.731600E+02
2024-01-15 07:00:15,2, 0.000000E+00, 2.614252E+02, 2.627369E+02, 0.000000E+00, 1.845455E+00, 2.737110E+02, 2.623901E+02, 2.615082E+02, 2.731600E+02, 2.731600E+02
2024-01-15 07:15:15,2, 0.000000E+00, 2.614094E+02, 2.627092E+02, 0.000000E+00, 1.505279E+00, 2.736572E+02, 2.623356E+02, 2.614444E+02, 2.731600E+02, 2.731600E+02
2024-01-15 07:30:15,2, 0.000000E+00, 2.613936E+02, 2.626831E+02, 0.000000E+00, 1.480322E+00, 2.735994E+02, 2.622821E+02, 2.613820E+02, 2.731600E+02, 2.731600E+02
2024-01-15 07:45:15,2, 0.000000E+00, 2.613778E+02, 2.626624E+02, 0.000000E+00, 1.471756E+00, 2.735387E+02, 2.622333E+02, 2.613247E+02, 2.731600E+02, 2.731600E+02
2024-01-15 08:00:15,2, 0.000000E+00, 2.613625E+02, 2.626400E+02, 0.000000E+00, 1.464886E+00, 2.734758E+02, 2.621833E+02, 2.612663E+02, 2.731600E+02, 2.731600E+02
2024-01-15 08:15:15,2, 0.000000E+00, 2.613733E+02, 2.626478E+02, 0.000000E+00, 1.518773E+00, 2.734139E+02, 2.621939E+02, 2.612878E+02, 2.731600E+02, 2.731600E+02
2024-01-15 08:30:15,2, 0.000000E+00, 2.613842E+02, 2.626611E+02, 0.000000E+00, 1.524941E+00, 2.733549E+02, 2.622118E+02, 2.613160E+02, 2.731600E+02, 2.731600E+02
2024-01-15 08:45:15,2, 0.000000E+00, 2.613950E+02, 2.626744E+02, 0.000000E+00, 1.528466E+00, 2.732983E+02, 2.622298E+02, 2.613441E+02, 2.731600E+02, 2.731600E+02
2024-01-15 09:00:15,2, 0.000000E+00, 2.614059E+02, 2.626876E+02, 0.000000E+00, 1.529161E+00, 2.732438E+02, 2.622479E+02, 2.613722E+02, 2.731600E+02, 2.731600E+02
2024-01-15 09:15:15,2, 0.000000E+00, 2.614199E+02, 2.627044E+02, 0.000000E+00, 1.481509E+00, 2.731928E+02, 2.622797E+02, 2.614162E+02, 2.731600E+02, 2.731600E+02
2024-01-15 09:30:15,2, 0.000000E+00, 2.614339E+02, 2.627220E+02, 0.000000E+00, 1.484614E+00, 2.731600E+02, 2.623139E+02, 2.614619E+02, 2.731600E+02, 2.731600E+02
2024-01-15 09:45:15,2, 0.000000E+00, 2.614479E+02, 2.627402E+02, 0.000000E+00, 1.492773E+00, 2.731600E+02, 2.623517E+02, 2.615094E+02, 2.731600E+02, 2.731600E+02
2024-01-15 10:00:15,2, 0.000000E+00, 2.614617E+02, 2.627573E+02, 0.000000E+00, 1.496723E+00, 2.731600E+02, 2.623886E+02, 2.615556E+02, 2.731600E+02, 2.731600E+02
2024-01-15 10:15:15,2, 0.000000E+00, 2.614652E+02, 2.627607E+02, 0.000000E+00, 1.418856E+00, 2.731600E+02, 2.623954E+02, 2.615607E+02, 2.731600E+02, 2.731600E+02
2024-01-15 10:30:15,2, 0.000000E+00, 2.614687E+02, 2.627636E+02, 0.000000E+00, 1.416528E+00, 2.731600E+02, 2.624011E+02, 2.615648E+02, 2.731600E+02, 2.731600E+02
2024-01-15 10:45:15,2, 0.000000E+00, 2.614722E+02, 2.627658E+02, 0.000000E+00, 1.417552E+00, 2.731600E+02, 2.624062E+02, 2.615681E+02, 2.731600E+02, 2.731600E+02
2024-01-15 11:00:15,2, 0.000000E+00, 2.614759E+02, 2.627678E+02, 0.000000E+00, 1.415945E+00, 2.731600E+02, 2.624110E+02, 2.615711E+02, 2.731600E+02, 2.731600E+02
2024-01-15 11:15:15,2, 0.000000E+00, 2.614902E+02, 2.627822E+02, 0.000000E+00, 1.370644E+00, 2.731600E+02, 2.624400E+02, 2.616053E+02, 2.731600E+02, 2.731600E+02
2024-01-15 11:30:15,2, 0.000000E+00, 2.615045E+02, 2.627986E+02, 0.000000E+00, 1.373064E+00, 2.731600E+02, 2.624716E+02, 2.616419E+02, 2.731600E+02, 2.731600E+02
2024-01-15 11:45:15,2, 0.000000E+00, 2.615188E+02, 2.628147E+02, 0.000000E+00, 1.377579E+00, 2.731600E+02, 2.625029E+02, 2.616784E+02, 2.731600E+02, 2.731600E+02
2024-01-15 12:00:15,2, 0.000000E+00, 2.615329E+02, 2.628306E+02, 0.000000E+00, 1.384589E+00, 2.731600E+02, 2.625336E+02, 2.617140E+02, 2.731600E+02, 2.731600E+02
2024-01-15 12:15:15,2, 0.000000E+00, 2.615367E+02, 2.628277E+02, 0.000000E+00, 1.423859E+00, 2.731600E+02, 2.625064E+02, 2.616731E+02, 2.731600E+02, 2.731600E+02
2024-01-15 12:30:15,2, 0.000000E+00, 2.615404E+02, 2.628210E+02, 0.000000E+00, 1.420364E+00, 2.731600E+02, 2.624737E+02, 2.616270E+02, 2.731600E+02, 2.731600E+02
2024-01-15 12:45:15,2, 0.000000E+00, 2.615441E+02, 2.628132E+02, 0.000000E+00, 1.414677E+00, 2.731600E+02, 2.624398E+02, 2.615797E+02, 2.731600E+02, 2.731600E+02
2024-01-15 13:00:15,2, 4.904518E+01, 2.615507E+02, 2.628231E+02, 8.329171E-01, 1.533764E+00, 2.731600E+02, 2.626302E+02, 2.620563E+02, 2.731600E+02, 2.731600E+02
2024-01-15 13:15:15,2, 8.088586E+01, 2.617240E+02, 2.631154E+02, 9.426762E-01, 2.856374E+00, 2.731600E+02, 2.632710E+02, 2.630010E+02, 2.731600E+02, 2.731600E+02
2024-01-15 13:30:15,2, 1.115380E+02, 2.618973E+02, 2.633512E+02, 1.002135E+00, 3.184908E+00, 2.731600E+02, 2.637375E+02, 2.636157E+02, 2.731600E+02, 2.731600E+02
2024-01-15 13:45:15,2, 1.408703E+02, 2.620707E+02, 2.635940E+02, 1.060167E+00, 3.465438E+00, 2.731600E+02, 2.641958E+02, 2.641577E+02, 2.731600E+02, 2.731600E+02
2024-01-15 14:00:15,2, 2.066842E+02, 2.622471E+02, 2.638348E+02, 1.115129E+00, 3.721034E+00, 2.731600E+02, 2.648056E+02, 2.651088E+02, 2.731600E+02, 2.731600E+02
2024-01-15 14:15:15,2, 2.389220E+02, 2.626049E+02, 2.643030E+02, 1.254499E+00, 4.031116E+00, 2.731600E+02, 2.655676E+02, 2.659714E+02, 2.731600E+02, 2.731600E+02
2024-01-15 14:30:15,2, 2.691053E+02, 2.629627E+02, 2.646871E+02, 1.333974E+00, 4.411545E+00, 2.731600E+02, 2.661365E+02, 2.665351E+02, 2.731600E+02, 2.731600E+02
2024-01-15 14:45:15,2, 2.971047E+02, 2.633205E+02, 2.650638E+02, 1.412580E+00, 4.803010E+00, 2.732359E+02, 2.666777E+02, 2.670628E+02, 2.731600E+02, 2.731600E+02
2024-01-15 15:00:15,2, 3.452901E+02, 2.636784E+02, 2.654486E+02, 1.494527E+00, 5.263446E+00, 2.736483E+02, 2.673298E+02, 2.677660E+02, 2.731600E+02, 2.731600E+02
2024-01-15 15:15:15,2, 3.701942E+02, 2.640438E+02, 2.658759E+02, 1.620853E+00, 6.172055E+00, 2.740811E+02, 2.679785E+02, 2.683965E+02, 2.731600E+02, 2.731600E+02
2024-01-15 15:30:15,2, 3.924097E+02, 2.644091E+02, 2.662543E+02, 1.708452E+00, 6.681798E+00, 2.745062E+02, 2.685003E+02, 2.688884E+02, 2.731600E+02, 2.731600E+02
2024-01-15 15:45:15,2, 4.118416E+02, 2.647745E+02, 2.666269E+02, 1.794921E+00, 7.188364E+00, 2.749258E+02, 2.689937E+02, 2.693544E+02, 2.731600E+02, 2.731600E+02
2024-01-15 16:00:15,2, 4.394327E+02, 2.651388E+02, 2.669968E+02, 1.880110E+00, 7.722578E+00, 2.753399E+02, 2.695113E+02, 2.698759E+02, 2.731600E+02, 2.731600E+02
2024-01-15 16:15:15,2, 4.534106E+02, 2.654375E+02, 2.673273E+02, 1.979638E+00, 8.627235E+00, 2.757660E+02, 2.699672E+02, 2.703142E+02, 2.731600E+02, 2.731600E+02
2024-01-15 16:30:15,2, 4.643152E+02, 2.657362E+02, 2.676264E+02, 2.054173E+00, 9.110578E+00, 2.761765E+02, 2.703436E+02, 2.706749E+02, 2.731600E+02, 2.731600E+02
2024-01-15 16:45:15,2, 4.720998E+02, 2.660349E+02, 2.679199E+02, 2.125509E+00, 9.575162E+00, 2.765685E+02, 2.706928E+02, 2.710113E+02, 2.731600E+02, 2.731600E+02
2024-01-15 17:00:15,2, 4.786816E+02, 2.663325E+02, 2.682083E+02, 2.193230E+00, 1.001673E+01, 2.769386E+02, 2.710240E+02, 2.713369E+02, 2.731600E+02, 2.731600E+02
2024-01-15 17:15:15,2, 4.801457E+02, 2.665631E+02, 2.684397E+02, 2.251139E+00, 1.025176E+01, 2.772862E+02, 2.712809E+02, 2.715854E+02, 2.731600E+02, 2.731600E+02
2024-01-15 17:30:15,2, 4.784174E+02, 2.667936E+02, 2.686548E+02, 2.298150E+00, 1.056575E+01, 2.776026E+02, 2.714951E+02, 2.717944E+02, 2.731600E+02, 2.731600E+02
2024-01-15 17:45:15,2, 4.735041E+02, 2.670242E+02, 2.688641E+02, 2.339758E+00, 1.085070E+01, 2.778848E+02, 2.716812E+02, 2.719784E+02, 2.731600E+02, 2.731600E+02
2024-01-15 18:00:15,2, 4.557792E+02, 2.672516E+02, 2.690642E+02, 2.375415E+00, 1.111063E+01, 2.781296E+02, 2.717929E+02, 2.720673E+02, 2.731600E+02, 2.731600E+02
2024-01-15 18:15:15,2, 4.448049E+02, 2.672916E+02, 2.690947E+02, 2.350222E+00, 1.115571E+01, 2.783139E+02, 2.717355E+02, 2.720076E+02, 2.731600E+02, 2.731600E+02
2024-01-15 18:30:15,2, 4.308131E+02, 2.673316E+02, 2.691159E+02, 2.335185E+00, 1.108046E+01, 2.784552E+02, 2.716695E+02, 2.719460E+02, 2.731600E+02, 2.731600E+02
2024-01-15 18:45:15,2, 4.138637E+02, 2.673717E+02, 2.691307E+02, 2.313983E+00, 1.096144E+01, 2.785518E+02, 2.715748E+02, 2.718598E+02, 2.731600E+02, 2.731600E+02
2024-01-15 19:00:15,2, 3.764067E+02, 2.674123E+02, 2.691338E+02, 2.286103E+00, 1.079633E+01, 2.786017E+02, 2.713692E+02, 2.716156E+02, 2.731600E+02, 2.731600E+02
2024-01-15 19:15:15,2, 3.547845E+02, 2.674918E+02, 2.691304E+02, 2.220626E+00, 1.056053E+01, 2.785799E+02, 2.711747E+02, 2.714319E+02, 2.731600E+02, 2.731600E+02
2024-01-15 19:30:15,2, 3.305800E+02, 2.675713E+02, 2.691573E+02, 2.189248E+00, 1.037193E+01, 2.785236E+02, 2.710288E+02, 2.713043E+02, 2.731600E+02, 2.731600E+02
2024-01-15 19:45:15,2, 3.038970E+02, 2.676508E+02, 2.691761E+02, 2.150758E+00, 1.012879E+01, 2.784318E+02, 2.708498E+02, 2.711443E+02, 2.731600E+02, 2.731600E+02
2024-01-15 20:00:15,2, 2.259999E+02, 2.677279E+02, 2.691690E+02, 2.103129E+00, 9.807908E+00, 2.783038E+02, 2.704054E+02, 2.704606E+02, 2.731600E+02, 2.731600E+02
2024-01-15 20:15:15,2, 2.002732E+02, 2.676623E+02, 2.689433E+02, 1.925310E+00, 8.654160E+00, 2.781100E+02, 2.698851E+02, 2.698638E+02, 2.731600E+02, 2.731600E+02
2024-01-15 20:30:15,2, 1.728149E+02, 2.675968E+02, 2.688121E+02, 1.857038E+00, 8.220028E+00, 2.779090E+02, 2.695526E+02, 2.695133E+02, 2.731600E+02, 2.731600E+02
2024-01-15 20:45:15,2, 1.437425E+02, 2.675313E+02, 2.686699E+02, 1.781662E+00, 7.733878E+00, 2.776994E+02, 2.691860E+02, 2.691072E+02, 2.731600E+02, 2.731600E+02
2024-01-15 21:00:15,2, 9.407662E+01, 2.674604E+02, 2.685031E+02, 1.696471E+00, 7.088921E+00, 2.774820E+02, 2.686881E+02, 2.683259E+02, 2.731600E+02, 2.731600E+02
2024-01-15 21:15:15,2, 6.754378E+01, 2.670739E+02, 2.680693E+02, 1.535274E+00, 4.077390E+00, 2.772516E+02, 2.680164E+02, 2.674512E+02, 2.731600E+02, 2.731600E+02
2024-01-15 21:30:15,2, 3.999517E+01, 2.666874E+02, 2.676382E+02, 1.387807E+00, 3.130632E+00, 2.770143E+02, 2.673971E+02, 2.666658E+02, 2.731600E+02, 2.731600E+02
2024-01-15 21:45:15,2, 1.154874E+01, 2.663009E+02, 2.671991E+02, 9.527634E-01, 2.039061E+00, 2.767696E+02, 2.667740E+02, 2.658219E+02, 2.731600E+02, 2.731600E+02
2024-01-15 22:00:15,2, 0.000000E+00, 2.659123E+02, 2.668006E+02, 0.000000E+00,-4.309360E-02, 2.765260E+02, 2.663250E+02, 2.652947E+02, 2.731600E+02, 2.731600E+02
2024-01-15 22:15:15,2, 0.000000E+00, 2.653974E+02, 2.663495E+02, 0.000000E+00, 3.700306E+00, 2.763072E+02, 2.659021E+02, 2.648659E+02, 2.731600E+02, 2.731600E+02
2024-01-15 22:30:15,2, 0.000000E+00, 2.648826E+02, 2.658837E+02, 0.000000E+00, 4.058296E+00, 2.761043E+02, 2.654628E+02, 2.644202E+02, 2.731600E+02, 2.731600E+02
2024-01-15 22:45:15,2, 0.000000E+00, 2.643678E+02, 2.654149E+02, 0.000000E+00, 4.043664E+00, 2.759134E+02, 2.650215E+02, 2.639717E+02, 2.731600E+02, 2.731600E+02
2024-01-15 23:00:15,2, 0.000000E+00, 2.638649E+02, 2.649456E+02, 0.000000E+00, 3.956216E+00, 2.757316E+02, 2.645790E+02, 2.635211E+02, 2.731600E+02, 2.731600E+02
2024-01-15 23:15:15,2, 0.000000E+00, 2.640681E+02, 2.650051E+02, 0.000000E+00, 3.661545E+00, 2.755648E+02, 2.645661E+02, 2.635108E+02, 2.731600E+02, 2.731600E+02
2024-01-15 23:30:15,2, 0.000000E+00, 2.642712E+02, 2.651712E+02, 0.000000E+00, 3.730550E+00, 2.754155E+02, 2.646666E+02, 2.636128E+02, 2.731600E+02, 2.731600E+02
2024-01-15 23:45:15,2, 0.000000E+00, 2.644744E+02, 2.653416E+02, 0.000000E+00, 3.768748E+00, 2.752800E+02, 2.647735E+02, 2.637197E+02, 2.731600E+02, 2.731600E+02
2024-01-16 00:00:15,1, 0.000000E+00, 2.646829E+02, 2.655098E+02, 0.000000E+00, 3.699731E+00, 2.751455E+02, 2.648352E+02, 2.637398E+02, 2.731600E+02, 2.731600E+02
2024-01-16 00:15:15,1, 0.000000E+00, 2.652101E+02, 2.659173E+02, 0.000000E+00, 1.860415E+00, 2.750445E+02, 2.652164E+02, 2.641443E+02, 2.731600E+02, 2.731600E+02
2024-01-16 00:30:15,1, 0.000000E+00, 2.657373E+02, 2.663834E+02, 0.000000E+00, 1.663113E+00, 2.749715E+02, 2.656625E+02, 2.646116E+02, 2.731600E+02, 2.731600E+02
2024-01-16 00:45:15,1, 0.000000E+00, 2.662644E+02, 2.668490E+02, 0.000000E+00, 1.602575E+00, 2.749216E+02, 2.661073E+02, 2.650724E+02, 2.731600E+02, 2.731600E+02
2024-01-16 01:00:15,1, 0.000000E+00, 2.667834E+02, 2.673179E+02, 0.000000E+00, 1.574225E+00, 2.748914E+02, 2.665608E+02, 2.655292E+02, 2.731600E+02, 2.731600E+02
2024-01-16 01:15:15,1, 0.000000E+00, 2.668195E+02, 2.674722E+02, 0.000000E+00, 2.177907E+00, 2.748689E+02, 2.667941E+02, 2.658269E+02, 2.731600E+02, 2.731600E+02
2024-01-16 01:30:15,1, 0.000000E+00, 2.668557E+02, 2.675316E+02, 0.000000E+00, 2.081319E+00, 2.748512E+02, 2.669250E+02, 2.659990E+02, 2.731600E+02, 2.731600E+02
2024-01-16 01:45:15,1, 0.000000E+00, 2.668918E+02, 2.675882E+02, 0.000000E+00, 2.069908E+00, 2.748391E+02, 2.670538E+02, 2.661687E+02, 2.731600E+02, 2.731600E+02
2024-01-16 02:00:15,1, 0.000000E+00, 2.669264E+02, 2.676439E+02, 0.000000E+00, 2.089926E+00, 2.748327E+02, 2.671823E+02, 2.663374E+02, 2.731600E+02, 2.731600E+02
2024-01-16 02:15:15,1, 0.000000E+00, 2.668730E+02, 2.676254E+02, 0.000000E+00, 2.117558E+00, 2.748265E+02, 2.672038E+02, 2.663794E+02, 2.731600E+02, 2.731600E+02
2024-01-16 02:30:15,1, 0.000000E+00, 2.668197E+02, 2.675881E+02, 0.000000E+00, 2.099325E+00, 2.748173E+02, 2.672044E+02, 2.663985E+02, 2.731600E+02, 2.731600E+02
2024-01-16 02:45:15,1, 0.000000E+00, 2.667663E+02, 2.675527E+02, 0.000000E+00, 2.099642E+00, 2.748064E+02, 2.672060E+02, 2.664182E+02, 2.731600E+02, 2.731600E+02
2024-01-16 03:00:15,1, 0.000000E+00, 2.667166E+02, 2.675183E+02, 0.000000E+00, 2.083447E+00, 2.747947E+02, 2.672078E+02, 2.664380E+02, 2.731600E+02, 2.731600E+02
2024-01-16 03:15:15,1, 0.000000E+00, 2.668780E+02, 2.676320E+02, 0.000000E+00, 1.888699E+00, 2.747875E+02, 2.673372E+02, 2.665828E+02, 2.731600E+02, 2.731600E+02
2024-01-16 03:30:15,1, 0.000000E+00, 2.670394E+02, 2.677828E+02, 0.000000E+00, 1.910542E+00, 2.747880E+02, 2.675078E+02, 2.667674E+02, 2.731600E+02, 2.731600E+02
2024-01-16 03:45:15,1, 0.000000E+00, 2.672008E+02, 2.679351E+02, 0.000000E+00, 1.937629E+00, 2.747949E+02, 2.676810E+02, 2.669538E+02, 2.731600E+02, 2.731600E+02
2024-01-16 04:00:15,1, 0.000000E+00, 2.673598E+02, 2.680870E+02, 0.000000E+00, 1.959153E+00, 2.748075E+02, 2.678539E+02, 2.671390E+02, 2.731600E+02, 2.731600E+02
2024-01-16 04:15:15,1, 0.000000E+00, 2.673808E+02, 2.681286E+02, 0.000000E+00, 1.605367E+00, 2.748178E+02, 2.678787E+02, 2.671551E+02, 2.731600E+02, 2.731600E+02
2024-01-16 04:30:15,1, 0.000000E+00, 2.674017E+02, 2.681429E+02, 0.000000E+00, 1.505196E+00, 2.748210E+02, 2.678740E+02, 2.671423E+02, 2.731600E+02, 2.731600E+02
2024-01-16 04:45:15,1, 0.000000E+00, 2.674226E+02, 2.681565E+02, 0.000000E+00, 1.474131E+00, 2.748190E+02, 2.678679E+02, 2.671284E+02, 2.731600E+02, 2.731600E+02
2024-01-16 05:00:15,1, 0.000000E+00, 2.674430E+02, 2.681698E+02, 0.000000E+00, 1.433740E+00, 2.748129E+02, 2.678616E+02, 2.671150E+02, 2.731600E+02, 2.731600E+02
2024-01-16 05:15:15,1, 0.000000E+00, 2.674370E+02, 2.681761E+02, 0.000000E+00, 7.928858E-01, 2.748070E+02, 2.678980E+02, 2.671693E+02, 2.731600E+02, 2.731600E+02
2024-01-16 05:30:15,1, 0.000000E+00, 2.674311E+02, 2.681808E+02, 0.000000E+00, 6.574801E-01, 2.748038E+02, 2.679338E+02, 2.672226E+02, 2.731600E+02, 2.731600E+02
2024-01-16 05:45:15,1, 0.000000E+00, 2.674251E+02, 2.681851E+02, 0.000000E+00, 6.175740E-01, 2.748030E+02, 2.679695E+02, 2.672757E+02, 2.731600E+02, 2.731600E+02
2024-01-16 06:00:15,1, 0.000000E+00, 2.674178E+02, 2.681891E+02, 0.000000E+00, 6.088099E-01, 2.748040E+02, 2.680050E+02, 2.673283E+02, 2.731600E+02, 2.731600E+02
2024-01-16 06:15:15,1, 0.000000E+00, 2.673355E+02, 2.681331E+02, 0.000000E+00, 9.438249E-01, 2.748046E+02, 2.679730E+02, 2.673008E+02, 2.731600E+02, 2.731600E+02
2024-01-16 06:30:15,1, 0.000000E+00, 2.672532E+02, 2.680630E+02, 0.000000E+00, 9.666085E-01, 2.748035E+02, 2.679255E+02, 2.672579E+02, 2.731600E+02, 2.731600E+02
2024-01-16 06:45:15,1, 0.000000E+00, 2.671708E+02, 2.679924E+02, 0.000000E+00, 9.441683E-01, 2.748011E+02, 2.678774E+02, 2.672147E+02, 2.731600E+02, 2.731600E+02
2024-01-16 07:00:15,1, 0.000000E+00, 2.670833E+02, 2.679209E+02, 0.000000E+00, 8.595334E-01, 2.747977E+02, 2.678286E+02, 2.671707E+02, 2.731600E+02, 2.731600E+02
2024-01-16 07:15:15,1, 0.000000E+00, 2.666934E+02, 2.676200E+02, 0.000000E+00,-8.590659E-01, 2.747877E+02, 2.675665E+02, 2.669013E+02, 2.731600E+02, 2.731600E+02
2024-01-16 07:30:15,1, 0.000000E+00, 2.663035E+02, 2.672685E+02, 0.000000E+00,-1.173764E+00, 2.747675E+02, 2.672512E+02, 2.665805E+02, 2.731600E+02, 2.731600E+02
2024-01-16 07:45:15,1, 0.000000E+00, 2.659135E+02, 2.669155E+02, 0.000000E+00,-1.314867E+00, 2.747387E+02, 2.669333E+02, 2.662570E+02, 2.731600E+02, 2.731600E+02
2024-01-16 08:00:15,1, 0.000000E+00, 2.655274E+02, 2.665634E+02, 0.000000E+00,-1.382902E+00, 2.747028E+02, 2.666151E+02, 2.659329E+02, 2.731600E+02, 2.731600E+02
2024-01-16 08:15:15,1, 0.000000E+00, 2.653655E+02, 2.663841E+02, 0.000000E+00,-3.525410E-01, 2.746648E+02, 2.664561E+02, 2.657786E+02, 2.731600E+02, 2.731600E+02
2024-01-16 08:30:15,1, 0.000000E+00, 2.652037E+02, 2.662377E+02, 0.000000E+00,-3.190353E-01, 2.746285E+02, 2.663314E+02, 2.656569E+02, 2.731600E+02, 2.731600E+02
2024-01-16 08:45:15,1, 0.000000E+00, 2.650418E+02, 2.660904E+02, 0.000000E+00,-3.687711E-01, 2.745930E+02, 2.662062E+02, 2.655343E+02, 2.731600E+02, 2.731600E+02
2024-01-16 09:00:15,1, 0.000000E+00, 2.648850E+02, 2.659405E+02, 0.000000E+00,-4.198428E-01, 2.745580E+02, 2.660789E+02, 2.654098E+02, 2.731600E+02, 2.731600E+02
2024-01-16 09:15:15,1, 0.000000E+00, 2.650251E+02, 2.660443E+02, 0.000000E+00,-3.465504E-01, 2.745283E+02, 2.661985E+02, 2.655599E+02, 2.731600E+02, 2.731600E+02
2024-01-16 09:30:15,1, 0.000000E+00, 2.651653E+02, 2.661903E+02, 0.000000E+00,-3.395635E-01, 2.745073E+02, 2.663646E+02, 2.657530E+02, 2.731600E+02, 2.731600E+02
2024-01-16 09:45:15,1, 0.000000E+00, 2.653054E+02, 2.663345E+02, 0.000000E+00,-3.350154E-01, 2.744936E+02, 2.665292E+02, 2.659434E+02, 2.731600E+02, 2.731600E+02
2024-01-16 10:00:15,1, 0.000000E+00, 2.654449E+02, 2.664775E+02, 0.000000E+00,-3.389408E-01, 2.744860E+02, 2.666921E+02, 2.661315E+02, 2.731600E+02, 2.731600E+02
2024-01-16 10:15:15,1, 0.000000E+00, 2.655487E+02, 2.665831E+02, 0.000000E+00,-5.288698E-01, 2.744822E+02, 2.668025E+02, 2.662516E+02, 2.731600E+02, 2.731600E+02
2024-01-16 10:30:15,1, 0.000000E+00, 2.656525E+02, 2.666810E+02, 0.000000E+00,-5.563177E-01, 2.744807E+02, 2.669050E+02, 2.663640E+02, 2.731600E+02, 2.731600E+02
2024-01-16 10:45:15,1, 0.000000E+00, 2.657564E+02, 2.667789E+02, 0.000000E+00,-5.702024E-01, 2.744814E+02, 2.670077E+02, 2.664764E+02, 2.731600E+02, 2.731600E+02
2024-01-16 11:00:15,1, 0.000000E+00, 2.658600E+02, 2.668767E+02, 0.000000E+00,-5.700182E-01, 2.744842E+02, 2.671106E+02, 2.665889E+02, 2.731600E+02, 2.731600E+02
2024-01-16 11:15:15,1, 0.000000E+00, 2.659521E+02, 2.669643E+02, 0.000000E+00,-2.920346E-01, 2.744892E+02, 2.672080E+02, 2.666957E+02, 2.731600E+02, 2.731600E+02
2024-01-16 11:30:15,1, 0.000000E+00, 2.660441E+02, 2.670503E+02, 0.000000E+00,-2.740670E-01, 2.744966E+02, 2.673034E+02, 2.668009E+02, 2.731600E+02, 2.731600E+02
2024-01-16 11:45:15,1, 0.000000E+00, 2.661362E+02, 2.671362E+02, 0.000000E+00,-2.791003E-01, 2.745062E+02, 2.673991E+02, 2.669064E+02, 2.731600E+02, 2.731600E+02
2024-01-16 12:00:15,1, 0.000000E+00, 2.662277E+02, 2.672220E+02, 0.000000E+00,-2.789759E-01, 2.745177E+02, 2.674947E+02, 2.670118E+02, 2.731600E+02, 2.731600E+02
2024-01-16 12:15:15,1, 0.000000E+00, 2.662903E+02, 2.672763E+02, 0.000000E+00,-1.280741E-01, 2.745301E+02, 2.675453E+02, 2.670584E+02, 2.731600E+02, 2.731600E+02
2024-01-16 12:30:15,1, 0.000000E+00, 2.663528E+02, 2.673227E+02, 0.000000E+00,-1.293314E-01, 2.745427E+02, 2.675877E+02, 2.670963E+02, 2.731600E+02, 2.731600E+02
2024-01-16 12:45:15,1, 0.000000E+00, 2.664154E+02, 2.673686E+02, 0.000000E+00,-1.457239E-01, 2.745558E+02, 2.676287E+02, 2.671322E+02, 2.731600E+02, 2.731600E+02
2024-01-16 13:00:15,1, 9.559782E+00, 2.664798E+02, 2.674172E+02, 1.026453E+00,-6.377188E-03, 2.745706E+02, 2.677100E+02, 2.672358E+02, 2.731600E+02, 2.731600E+02
2024-01-16 13:15:15,1, 1.564770E+01, 2.666508E+02, 2.675726E+02, 1.305309E+00, 2.643411E+00, 2.746115E+02, 2.679351E+02, 2.675060E+02, 2.731600E+02, 2.731600E+02
2024-01-16 13:30:15,1, 2.150916E+01, 2.668218E+02, 2.677293E+02, 1.447119E+00, 3.244138E+00, 2.746614E+02, 2.681343E+02, 2.677451E+02, 2.731600E+02, 2.731600E+02
2024-01-16 13:45:15,1, 2.711905E+01, 2.669927E+02, 2.679071E+02, 1.535899E+00, 3.600311E+00, 2.747170E+02, 2.683506E+02, 2.679961E+02, 2.731600E+02, 2.731600E+02
2024-01-16 14:00:15,1, 3.666114E+01, 2.671622E+02, 2.680815E+02, 1.616206E+00, 3.862975E+00, 2.747774E+02, 2.685865E+02, 2.682816E+02, 2.731600E+02, 2.731600E+02
2024-01-16 14:15:15,1, 4.234996E+01, 2.672385E+02, 2.681952E+02, 1.667572E+00, 4.125546E+00, 2.748498E+02, 2.687730E+02, 2.685063E+02, 2.731600E+02, 2.731600E+02
2024-01-16 14:30:15,1, 4.767730E+01, 2.673148E+02, 2.682817E+02, 1.700652E+00, 4.261514E+00, 2.749231E+02, 2.689094E+02, 2.686700E+02, 2.731600E+02, 2.731600E+02
2024-01-16 14:45:15,1, 5.262035E+01, 2.673911E+02, 2.683668E+02, 1.730187E+00, 4.396477E+00, 2.749970E+02, 2.690402E+02, 2.688250E+02, 2.731600E+02, 2.731600E+02
2024-01-16 15:00:15,1, 5.114827E+01, 2.674671E+02, 2.684488E+02, 1.751070E+00, 4.478870E+00, 2.750708E+02, 2.691287E+02, 2.689093E+02, 2.731600E+02, 2.731600E+02
2024-01-16 15:15:15,1, 5.482856E+01, 2.675197E+02, 2.684994E+02, 1.760756E+00, 3.511407E+00, 2.751328E+02, 2.692010E+02, 2.689975E+02, 2.731600E+02, 2.731600E+02
2024-01-16 15:30:15,1, 5.811288E+01, 2.675723E+02, 2.685615E+02, 1.783740E+00, 3.485518E+00, 2.751973E+02, 2.693075E+02, 2.691272E+02, 2.731600E+02, 2.731600E+02
2024-01-16 15:45:15,1, 6.098715E+01, 2.676249E+02, 2.686224E+02, 1.805087E+00, 3.530460E+00, 2.752631E+02, 2.694081E+02, 2.692484E+02, 2.731600E+02, 2.731600E+02
2024-01-16 16:00:15,1, 7.216721E+01, 2.676770E+02, 2.686842E+02, 1.830012E+00, 3.616661E+00, 2.753298E+02, 2.695566E+02, 2.694512E+02, 2.731600E+02, 2.731600E+02
2024-01-16 16:15:15,1, 7.446409E+01, 2.676975E+02, 2.687379E+02, 1.866792E+00, 4.558123E+00, 2.754129E+02, 2.696779E+02, 2.695947E+02, 2.731600E+02, 2.731600E+02
2024-01-16 16:30:15,1, 7.625873E+01, 2.677179E+02, 2.687639E+02, 1.877411E+00, 4.652392E+00, 2.754901E+02, 2.697285E+02, 2.696526E+02, 2.731600E+02, 2.731600E+02
2024-01-16 16:45:15,1, 7.754345E+01, 2.677384E+02, 2.687934E+02, 1.886142E+00, 4.686484E+00, 2.755611E+02, 2.697725E+02, 2.696929E+02, 2.731600E+02, 2.731600E+02
2024-01-16 17:00:15,1, 6.742196E+01, 2.677585E+02, 2.688227E+02, 1.887421E+00, 4.754424E+00, 2.756242E+02, 2.697457E+02, 2.696085E+02, 2.731600E+02, 2.731600E+02
2024-01-16 17:15:15,1, 6.763770E+01, 2.677596E+02, 2.688296E+02, 1.858224E+00, 5.608007E+00, 2.756546E+02, 2.696828E+02, 2.694956E+02, 2.731600E+02, 2.731600E+02
2024-01-16 17:30:15,1, 6.740594E+01, 2.677607E+02, 2.688531E+02, 1.855449E+00, 5.738756E+00, 2.756782E+02, 2.696787E+02, 2.694779E+02, 2.731600E+02, 2.731600E+02
2024-01-16 17:45:15,1, 6.672767E+01, 2.677618E+02, 2.688679E+02, 1.851298E+00, 5.775947E+00, 2.756962E+02, 2.696585E+02, 2.694574E+02, 2.731600E+02, 2.731600E+02
2024-01-16 18:00:15,1, 9.572704E+01, 2.677606E+02, 2.688852E+02, 1.857942E+00, 5.969328E+00, 2.757113E+02, 2.697996E+02, 2.696966E+02, 2.731600E+02, 2.731600E+02
2024-01-16 18:15:15,1, 9.344982E+01, 2.676259E+02, 2.688686E+02, 1.897502E+00, 9.558296E+00, 2.757732E+02, 2.698116E+02, 2.697026E+02, 2.731600E+02, 2.731600E+02
2024-01-16 18:30:15,1, 9.054209E+01, 2.674912E+02, 2.687461E+02, 1.861273E+00, 9.719058E+00, 2.758065E+02, 2.696279E+02, 2.695004E+02, 2.731600E+02, 2.731600E+02
2024-01-16 18:45:15,1, 8.701629E+01, 2.673565E+02, 2.686165E+02, 1.824893E+00, 9.724105E+00, 2.758170E+02, 2.694414E+02, 2.692953E+02, 2.731600E+02, 2.731600E+02
2024-01-16 19:00:15,1, 1.427197E+02, 2.672233E+02, 2.685014E+02, 1.798528E+00, 9.734482E+00, 2.758126E+02, 2.695519E+02, 2.695608E+02, 2.731600E+02, 2.731600E+02
2024-01-16 19:15:15,1, 1.346028E+02, 2.671783E+02, 2.685684E+02, 1.884531E+00, 1.022773E+01, 2.759041E+02, 2.696727E+02, 2.696530E+02, 2.731600E+02, 2.731600E+02
2024-01-16 19:30:15,1, 1.255129E+02, 2.671334E+02, 2.684953E+02, 1.848100E+00, 1.017926E+01, 2.759509E+02, 2.694988E+02, 2.694361E+02, 2.731600E+02, 2.731600E+02
2024-01-16 19:45:15,1, 1.154890E+02, 2.670885E+02, 2.684171E+02, 1.810016E+00, 1.014021E+01, 2.759616E+02, 2.693141E+02, 2.692078E+02, 2.731600E+02, 2.731600E+02
2024-01-16 20:00:15,1, 1.617916E+02, 2.670431E+02, 2.683532E+02, 1.776581E+00, 1.007723E+01, 2.759455E+02, 2.693951E+02, 2.694439E+02, 2.731600E+02, 2.731600E+02
2024-01-16 20:15:15,1, 1.435978E+02, 2.669706E+02, 2.683721E+02, 1.831007E+00, 9.759421E+00, 2.759888E+02, 2.693779E+02, 2.693872E+02, 2.731600E+02, 2.731600E+02
2024-01-16 20:30:15,1, 1.241754E+02, 2.668980E+02, 2.682389E+02, 1.767902E+00, 9.483359E+00, 2.759748E+02, 2.690683E+02, 2.690089E+02, 2.731600E+02, 2.731600E+02
2024-01-16 20:45:15,1, 1.036077E+02, 2.668255E+02, 2.680976E+02, 1.701543E+00, 9.220537E+00, 2.759143E+02, 2.687367E+02, 2.686022E+02, 2.731600E+02, 2.731600E+02
2024-01-16 21:00:15,1, 7.346318E+01, 2.667519E+02, 2.679440E+02, 1.629331E+00, 8.795448E+00, 2.758151E+02, 2.683419E+02, 2.680664E+02, 2.731600E+02, 2.731600E+02
2024-01-16 21:15:15,1, 5.322091E+01, 2.666143E+02, 2.677264E+02, 1.536735E+00, 5.939144E+00, 2.756788E+02, 2.679312E+02, 2.675455E+02, 2.731600E+02, 2.731600E+02
2024-01-16 21:30:15,1, 3.220088E+01, 2.664767E+02, 2.675319E+02, 1.431195E+00, 5.410336E+00, 2.755245E+02, 2.675544E+02, 2.670676E+02, 2.731600E+02, 2.731600E+02
2024-01-16 21:45:15,1, 1.049309E+01, 2.663391E+02, 2.673378E+02, 1.013751E+00, 4.603812E+00, 2.753534E+02, 2.671828E+02, 2.665720E+02, 2.731600E+02, 2.731600E+02
2024-01-16 22:00:15,1, 0.000000E+00, 2.661998E+02, 2.671670E+02, 0.000000E+00, 2.339388E+00, 2.751727E+02, 2.669204E+02, 2.662594E+02, 2.731600E+02, 2.731600E+02
2024-01-16 22:15:15,1, 0.000000E+00, 2.659567E+02, 2.669306E+02, 0.000000E+00, 1.942559E+00, 2.750010E+02, 2.665909E+02, 2.658847E+02, 2.731600E+02, 2.731600E+02
2024-01-16 22:30:15,1, 0.000000E+00, 2.657136E+02, 2.666777E+02, 0.000000E+00, 1.841472E+00, 2.748293E+02, 2.662428E+02, 2.654920E+02, 2.731600E+02, 2.731600E+02
2024-01-16 22:45:15,1, 0.000000E+00, 2.654706E+02, 2.664231E+02, 0.000000E+00, 1.762643E+00, 2.746562E+02, 2.658936E+02, 2.650983E+02, 2.731600E+02, 2.731600E+02
2024-01-16 23:00:15,1, 0.000000E+00, 2.652288E+02, 2.661680E+02, 0.000000E+00, 1.673240E+00, 2.744809E+02, 2.655444E+02, 2.647061E+02, 2.731600E+02, 2.731600E+02
2024-01-16 23:15:15,1, 0.000000E+00, 2.650642E+02, 2.660006E+02, 0.000000E+00, 1.367423E+00, 2.743143E+02, 2.653756E+02, 2.645433E+02, 2.731600E+02, 2.731600E+02
2024-01-16 23:30:15,1, 0.000000E+00, 2.648995E+02, 2.658538E+02, 0.000000E+00, 1.313937E+00, 2.741631E+02, 2.652319E+02, 2.644048E+02, 2.731600E+02, 2.731600E+02
2024-01-16 23:45:15,1, 0.000000E+00, 2.647349E+02, 2.657074E+02, 0.000000E+00, 1.276741E+00, 2.740233E+02, 2.650895E+02, 2.642670E+02, 2.731600E+02, 2.731600E+02
2024-01-16 00:00:15,2, 0.000000E+00, 2.646829E+02, 2.655104E+02, 0.000000E+00, 3.701333E+00, 2.751560E+02, 2.648806E+02, 2.638259E+02, 2.731600E+02, 2.731600E+02
2024-01-16 00:15:15,2, 0.000000E+00, 2.652101E+02, 2.659179E+02, 0.000000E+00, 1.861962E+00, 2.750548E+02, 2.652609E+02, 2.642292E+02, 2.731600E+02, 2.731600E+02
2024-01-16 00:30:15,2, 0.000000E+00, 2.657373E+02, 2.663840E+02, 0.000000E+00, 1.664820E+00, 2.749815E+02, 2.657063E+02, 2.646952E+02, 2.731600E+02, 2.731600E+02
2024-01-16 00:45:15,2, 0.000000E+00, 2.662644E+02, 2.668504E+02, 0.000000E+00, 1.608289E+00, 2.749314E+02, 2.661529E+02, 2.651562E+02, 2.731600E+02, 2.731600E+02
2024-01-16 01:00:15,2, 0.000000E+00, 2.667834E+02, 2.673188E+02, 0.000000E+00, 1.577058E+00, 2.749010E+02, 2.666049E+02, 2.656119E+02, 2.731600E+02, 2.731600E+02
2024-01-16 01:15:15,2, 0.000000E+00, 2.668195E+02, 2.674735E+02, 0.000000E+00, 2.179000E+00, 2.748783E+02, 2.668363E+02, 2.659045E+02, 2.731600E+02, 2.731600E+02
2024-01-16 01:30:15,2, 0.000000E+00, 2.668557E+02, 2.675330E+02, 0.000000E+00, 2.082908E+00, 2.748604E+02, 2.669653E+02, 2.660729E+02, 2.731600E+02, 2.731600E+02
2024-01-16 01:45:15,2, 0.000000E+00, 2.668918E+02, 2.675896E+02, 0.000000E+00, 2.071672E+00, 2.748481E+02, 2.670923E+02, 2.662389E+02, 2.731600E+02, 2.731600E+02
2024-01-16 02:00:15,2, 0.000000E+00, 2.669264E+02, 2.676453E+02, 0.000000E+00, 2.091752E+00, 2.748416E+02, 2.672190E+02, 2.664039E+02, 2.731600E+02, 2.731600E+02
2024-01-16 02:15:15,2, 0.000000E+00, 2.668730E+02, 2.676270E+02, 0.000000E+00, 2.119809E+00, 2.748352E+02, 2.672398E+02, 2.664442E+02, 2.731600E+02, 2.731600E+02
2024-01-16 02:30:15,2, 0.000000E+00, 2.668197E+02, 2.675889E+02, 0.000000E+00, 2.099856E+00, 2.748259E+02, 2.672381E+02, 2.664608E+02, 2.731600E+02, 2.731600E+02
2024-01-16 02:45:15,2, 0.000000E+00, 2.667663E+02, 2.675533E+02, 0.000000E+00, 2.100830E+00, 2.748148E+02, 2.672384E+02, 2.664785E+02, 2.731600E+02, 2.731600E+02
2024-01-16 03:00:15,2, 0.000000E+00, 2.667166E+02, 2.675188E+02, 0.000000E+00, 2.084924E+00, 2.748030E+02, 2.672394E+02, 2.664966E+02, 2.731600E+02, 2.731600E+02
2024-01-16 03:15:15,2, 0.000000E+00, 2.668780E+02, 2.676328E+02, 0.000000E+00, 1.891095E+00, 2.747956E+02, 2.673689E+02, 2.666405E+02, 2.731600E+02, 2.731600E+02
2024-01-16 03:30:15,2, 0.000000E+00, 2.670394E+02, 2.677842E+02, 0.000000E+00, 1.913170E+00, 2.747960E+02, 2.675396E+02, 2.668245E+02, 2.731600E+02, 2.731600E+02
2024-01-16 03:45:15,2, 0.000000E+00, 2.672008E+02, 2.679360E+02, 0.000000E+00, 1.938792E+00, 2.748028E+02, 2.677115E+02, 2.670092E+02, 2.731600E+02, 2.731600E+02
2024-01-16 04:00:15,2, 0.000000E+00, 2.673598E+02, 2.680872E+02, 0.000000E+00, 1.959518E+00, 2.748152E+02, 2.678829E+02, 2.671927E+02, 2.731600E+02, 2.731600E+02
2024-01-16 04:15:15,2, 0.000000E+00, 2.673808E+02, 2.681288E+02, 0.000000E+00, 1.606567E+00, 2.748254E+02, 2.679081E+02, 2.672095E+02, 2.731600E+02, 2.731600E+02
2024-01-16 04:30:15,2, 0.000000E+00, 2.674017E+02, 2.681432E+02, 0.000000E+00, 1.506605E+00, 2.748285E+02, 2.679038E+02, 2.671974E+02, 2.731600E+02, 2.731600E+02
2024-01-16 04:45:15,2, 0.000000E+00, 2.674226E+02, 2.681569E+02, 0.000000E+00, 1.475591E+00, 2.748264E+02, 2.678982E+02, 2.671844E+02, 2.731600E+02, 2.731600E+02
2024-01-16 05:00:15,2, 0.000000E+00, 2.674430E+02, 2.681702E+02, 0.000000E+00, 1.435228E+00, 2.748202E+02, 2.678923E+02, 2.671717E+02, 2.731600E+02, 2.731600E+02
2024-01-16 05:15:15,2, 0.000000E+00, 2.674370E+02, 2.681766E+02, 0.000000E+00, 7.943153E-01, 2.748141E+02, 2.679280E+02, 2.672245E+02, 2.731600E+02, 2.731600E+02
2024-01-16 05:30:15,2, 0.000000E+00, 2.674311E+02, 2.681813E+02, 0.000000E+00, 6.589618E-01, 2.748109E+02, 2.679631E+02, 2.672764E+02, 2.731600E+02, 2.731600E+02
2024-01-16 05:45:15,2, 0.000000E+00, 2.674251E+02, 2.681857E+02, 0.000000E+00, 6.190982E-01, 2.748100E+02, 2.679982E+02, 2.673280E+02, 2.731600E+02, 2.731600E+02
2024-01-16 06:00:15,2, 0.000000E+00, 2.674178E+02, 2.681898E+02, 0.000000E+00, 6.103694E-01, 2.748109E+02, 2.680331E+02, 2.673792E+02, 2.731600E+02, 2.731600E+02
2024-01-16 06:15:15,2, 0.000000E+00, 2.673355E+02, 2.681338E+02, 0.000000E+00, 9.453740E-01, 2.748114E+02, 2.680008E+02, 2.673511E+02, 2.731600E+02, 2.731600E+02
2024-01-16 06:30:15,2, 0.000000E+00, 2.672532E+02, 2.680636E+02, 0.000000E+00, 9.680387E-01, 2.748102E+02, 2.679530E+02, 2.673078E+02, 2.731600E+02, 2.731600E+02
2024-01-16 06:45:15,2, 0.000000E+00, 2.671708E+02, 2.679929E+02, 0.000000E+00, 9.455191E-01, 2.748077E+02, 2.679047E+02, 2.672640E+02, 2.731600E+02, 2.731600E+02
2024-01-16 07:00:15,2, 0.000000E+00, 2.670833E+02, 2.679213E+02, 0.000000E+00, 8.608173E-01, 2.748042E+02, 2.678556E+02, 2.672194E+02, 2.731600E+02, 2.731600E+02
2024-01-16 07:15:15,2, 0.000000E+00, 2.666934E+02, 2.676206E+02, 0.000000E+00,-8.577046E-01, 2.747942E+02, 2.675940E+02, 2.669503E+02, 2.731600E+02, 2.731600E+02
2024-01-16 07:30:15,2, 0.000000E+00, 2.663035E+02, 2.672693E+02, 0.000000E+00,-1.172394E+00, 2.747739E+02, 2.672792E+02, 2.666299E+02, 2.731600E+02, 2.731600E+02
2024-01-16 07:45:15,2, 0.000000E+00, 2.659135E+02, 2.669161E+02, 0.000000E+00,-1.313298E+00, 2.747451E+02, 2.669616E+02, 2.663063E+02, 2.731600E+02, 2.731600E+02
2024-01-16 08:00:15,2, 0.000000E+00, 2.655274E+02, 2.665620E+02, 0.000000E+00,-1.381100E+00, 2.747091E+02, 2.666420E+02, 2.659806E+02, 2.731600E+02, 2.731600E+02
2024-01-16 08:15:15,2, 0.000000E+00, 2.653655E+02, 2.663797E+02, 0.000000E+00,-3.523211E-01, 2.746711E+02, 2.664806E+02, 2.658233E+02, 2.731600E+02, 2.731600E+02
2024-01-16 08:30:15,2, 0.000000E+00, 2.652037E+02, 2.662371E+02, 0.000000E+00,-3.191982E-01, 2.746346E+02, 2.663590E+02, 2.657043E+02, 2.731600E+02, 2.731600E+02
2024-01-16 08:45:15,2, 0.000000E+00, 2.650418E+02, 2.660952E+02, 0.000000E+00,-3.675865E-01, 2.745991E+02, 2.662384E+02, 2.655862E+02, 2.731600E+02, 2.731600E+02
2024-01-16 09:00:15,2, 0.000000E+00, 2.648850E+02, 2.659529E+02, 0.000000E+00,-4.173178E-01, 2.745641E+02, 2.661173E+02, 2.654681E+02, 2.731600E+02, 2.731600E+02
2024-01-16 09:15:15,2, 0.000000E+00, 2.650251E+02, 2.660521E+02, 0.000000E+00,-3.429873E-01, 2.745343E+02, 2.662312E+02, 2.656117E+02, 2.731600E+02, 2.731600E+02
2024-01-16 09:30:15,2, 0.000000E+00, 2.651653E+02, 2.661958E+02, 0.000000E+00,-3.369384E-01, 2.745133E+02, 2.663938E+02, 2.658004E+02, 2.731600E+02, 2.731600E+02
2024-01-16 09:45:15,2, 0.000000E+00, 2.653054E+02, 2.663386E+02, 0.000000E+00,-3.329703E-01, 2.744996E+02, 2.665558E+02, 2.659874E+02, 2.731600E+02, 2.731600E+02
2024-01-16 10:00:15,2, 0.000000E+00, 2.654449E+02, 2.664806E+02, 0.000000E+00,-3.372707E-01, 2.744918E+02, 2.667167E+02, 2.661726E+02, 2.731600E+02, 2.731600E+02
2024-01-16 10:15:15,2, 0.000000E+00, 2.655487E+02, 2.665858E+02, 0.000000E+00,-5.275099E-01, 2.744880E+02, 2.668263E+02, 2.662916E+02, 2.731600E+02, 2.731600E+02
2024-01-16 10:30:15,2, 0.000000E+00, 2.656525E+02, 2.666835E+02, 0.000000E+00,-5.549971E-01, 2.744864E+02, 2.669282E+02, 2.664030E+02, 2.731600E+02, 2.731600E+02
2024-01-16 10:45:15,2, 0.000000E+00, 2.657564E+02, 2.667811E+02, 0.000000E+00,-5.689441E-01, 2.744870E+02, 2.670302E+02, 2.665145E+02, 2.731600E+02, 2.731600E+02
2024-01-16 11:00:15,2, 0.000000E+00, 2.658600E+02, 2.668786E+02, 0.000000E+00,-5.688118E-01, 2.744897E+02, 2.671325E+02, 2.666261E+02, 2.731600E+02, 2.731600E+02
2024-01-16 11:15:15,2, 0.000000E+00, 2.659521E+02, 2.669660E+02, 0.000000E+00,-2.908563E-01, 2.744947E+02, 2.672292E+02, 2.667320E+02, 2.731600E+02, 2.731600E+02
2024-01-16 11:30:15,2, 0.000000E+00, 2.660441E+02, 2.670516E+02, 0.000000E+00,-2.730415E-01, 2.745020E+02, 2.673240E+02, 2.668363E+02, 2.731600E+02, 2.731600E+02
2024-01-16 11:45:15,2, 0.000000E+00, 2.661362E+02, 2.671373E+02, 0.000000E+00,-2.781702E-01, 2.745115E+02, 2.674190E+02, 2.669409E+02, 2.731600E+02, 2.731600E+02
2024-01-16 12:00:15,2, 0.000000E+00, 2.662277E+02, 2.672227E+02, 0.000000E+00,-2.781279E-01, 2.745230E+02, 2.675140E+02, 2.670454E+02, 2.731600E+02, 2.731600E+02
2024-01-16 12:15:15,2, 0.000000E+00, 2.662903E+02, 2.672770E+02, 0.000000E+00,-1.273086E-01, 2.745353E+02, 2.675649E+02, 2.670926E+02, 2.731600E+02, 2.731600E+02
2024-01-16 12:30:15,2, 0.000000E+00, 2.663528E+02, 2.673235E+02, 0.000000E+00,-1.285915E-01, 2.745478E+02, 2.676077E+02, 2.671312E+02, 2.731600E+02, 2.731600E+02
2024-01-16 12:45:15,2, 0.000000E+00, 2.664154E+02, 2.673702E+02, 0.000000E+00,-1.449685E-01, 2.745609E+02, 2.676493E+02, 2.671688E+02, 2.731600E+02, 2.731600E+02
2024-01-16 13:00:15,2, 9.559782E+00, 2.664798E+02, 2.674179E+02, 1.029153E+00,-5.373838E-03, 2.745756E+02, 2.677289E+02, 2.672698E+02, 2.731600E+02, 2.731600E+02
2024-01-16 13:15:15,2, 1.564770E+01, 2.666508E+02, 2.675692E+02, 1.306352E+00, 2.635640E+00, 2.746165E+02, 2.679490E+02, 2.675348E+02, 2.731600E+02, 2.731600E+02
2024-01-16 13:30:15,2, 2.150916E+01, 2.668218E+02, 2.677307E+02, 1.447876E+00, 3.258736E+00, 2.746662E+02, 2.681506E+02, 2.677754E+02, 2.731600E+02, 2.731600E+02
2024-01-16 13:45:15,2, 2.711905E+01, 2.669927E+02, 2.679074E+02, 1.536531E+00, 3.602292E+00, 2.747218E+02, 2.683644E+02, 2.680219E+02, 2.731600E+02, 2.731600E+02
2024-01-16 14:00:15,2, 3.666114E+01, 2.671622E+02, 2.680816E+02, 1.617054E+00, 3.864294E+00, 2.747822E+02, 2.685981E+02, 2.683025E+02, 2.731600E+02, 2.731600E+02
2024-01-16 14:15:15,2, 4.234996E+01, 2.672385E+02, 2.681956E+02, 1.668558E+00, 4.128589E+00, 2.748546E+02, 2.687828E+02, 2.685228E+02, 2.731600E+02, 2.731600E+02
2024-01-16 14:30:15,2, 4.767730E+01, 2.673148E+02, 2.682823E+02, 1.701719E+00, 4.264812E+00, 2.749278E+02, 2.689181E+02, 2.686836E+02, 2.731600E+02, 2.731600E+02
2024-01-16 14:45:15,2, 5.262035E+01, 2.673911E+02, 2.683673E+02, 1.731313E+00, 4.399826E+00, 2.750016E+02, 2.690478E+02, 2.688361E+02, 2.731600E+02, 2.731600E+02
2024-01-16 15:00:15,2, 5.114827E+01, 2.674671E+02, 2.684494E+02, 1.752191E+00, 4.482320E+00, 2.750754E+02, 2.691363E+02, 2.689207E+02, 2.731600E+02, 2.731600E+02
2024-01-16 15:15:15,2, 5.482856E+01, 2.675197E+02, 2.685000E+02, 1.761911E+00, 3.514838E+00, 2.751374E+02, 2.692080E+02, 2.690074E+02, 2.731600E+02, 2.731600E+02
2024-01-16 15:30:15,2, 5.811288E+01, 2.675723E+02, 2.685621E+02, 1.784926E+00, 3.489025E+00, 2.752018E+02, 2.693134E+02, 2.691347E+02, 2.731600E+02, 2.731600E+02
2024-01-16 15:45:15,2, 6.098715E+01, 2.676249E+02, 2.686230E+02, 1.806298E+00, 3.534026E+00, 2.752675E+02, 2.694132E+02, 2.692538E+02, 2.731600E+02, 2.731600E+02
2024-01-16 16:00:15,2, 7.216721E+01, 2.676770E+02, 2.686848E+02, 1.831271E+00, 3.620275E+00, 2.753342E+02, 2.695593E+02, 2.694514E+02, 2.731600E+02, 2.731600E+02
2024-01-16 16:15:15,2, 7.446409E+01, 2.676975E+02, 2.687385E+02, 1.868077E+00, 4.561900E+00, 2.754172E+02, 2.696795E+02, 2.695924E+02, 2.731600E+02, 2.731600E+02
2024-01-16 16:30:15,2, 7.625873E+01, 2.677179E+02, 2.687645E+02, 1.878705E+00, 4.656203E+00, 2.754943E+02, 2.697297E+02, 2.696495E+02, 2.731600E+02, 2.731600E+02
2024-01-16 16:45:15,2, 7.754345E+01, 2.677384E+02, 2.687932E+02, 1.887834E+00, 4.688321E+00, 2.755653E+02, 2.697748E+02, 2.696958E+02, 2.731600E+02, 2.731600E+02
2024-01-16 17:00:15,2, 6.742196E+01, 2.677585E+02, 2.688228E+02, 1.888820E+00, 4.758821E+00, 2.756283E+02, 2.697497E+02, 2.696150E+02, 2.731600E+02, 2.731600E+02
2024-01-16 17:15:15,2, 6.763770E+01, 2.677596E+02, 2.688302E+02, 1.859509E+00, 5.611509E+00, 2.756587E+02, 2.696893E+02, 2.695032E+02, 2.731600E+02, 2.731600E+02
2024-01-16 17:30:15,2, 6.740594E+01, 2.677607E+02, 2.688537E+02, 1.856732E+00, 5.742520E+00, 2.756822E+02, 2.696851E+02, 2.694855E+02, 2.731600E+02, 2.731600E+02
2024-01-16 17:45:15,2, 6.672767E+01, 2.677618E+02, 2.688685E+02, 1.852578E+00, 5.779776E+00, 2.757002E+02, 2.696651E+02, 2.694652E+02, 2.731600E+02, 2.731600E+02
2024-01-16 18:00:15,2, 9.572704E+01, 2.677606E+02, 2.688858E+02, 1.859269E+00, 5.973176E+00, 2.757152E+02, 2.698024E+02, 2.696962E+02, 2.731600E+02, 2.731600E+02
2024-01-16 18:15:15,2, 9.344982E+01, 2.676259E+02, 2.688693E+02, 1.898883E+00, 9.562605E+00, 2.757771E+02, 2.698143E+02, 2.697025E+02, 2.731600E+02, 2.731600E+02
2024-01-16 18:30:15,2, 9.054209E+01, 2.674912E+02, 2.687468E+02, 1.862624E+00, 9.723419E+00, 2.758103E+02, 2.696314E+02, 2.695021E+02, 2.731600E+02, 2.731600E+02
2024-01-16 18:45:15,2, 8.701629E+01, 2.673565E+02, 2.686172E+02, 1.826213E+00, 9.728438E+00, 2.758207E+02, 2.694458E+02, 2.692987E+02, 2.731600E+02, 2.731600E+02
2024-01-16 19:00:15,2, 1.427197E+02, 2.672233E+02, 2.685021E+02, 1.799841E+00, 9.738780E+00, 2.758164E+02, 2.695504E+02, 2.695509E+02, 2.731600E+02, 2.731600E+02
2024-01-16 19:15:15,2, 1.346028E+02, 2.671783E+02, 2.685692E+02, 1.885919E+00, 1.023259E+01, 2.759078E+02, 2.696717E+02, 2.696448E+02, 2.731600E+02, 2.731600E+02
2024-01-16 19:30:15,2, 1.255129E+02, 2.671334E+02, 2.684960E+02, 1.849449E+00, 1.018403E+01, 2.759545E+02, 2.694997E+02, 2.694316E+02, 2.731600E+02, 2.731600E+02
2024-01-16 19:45:15,2, 1.154890E+02, 2.670885E+02, 2.684178E+02, 1.811326E+00, 1.014487E+01, 2.759651E+02, 2.693169E+02, 2.692073E+02, 2.731600E+02, 2.731600E+02
2024-01-16 20:00:15,2, 1.617916E+02, 2.670431E+02, 2.683538E+02, 1.777863E+00, 1.008171E+01, 2.759490E+02, 2.693912E+02, 2.694245E+02, 2.731600E+02, 2.731600E+02
2024-01-16 20:15:15,2, 1.435978E+02, 2.669706E+02, 2.683725E+02, 1.832123E+00, 9.763062E+00, 2.759925E+02, 2.693747E+02, 2.693683E+02, 2.731600E+02, 2.731600E+02
2024-01-16 20:30:15,2, 1.241754E+02, 2.668980E+02, 2.682393E+02, 1.768985E+00, 9.486926E+00, 2.759787E+02, 2.690679E+02, 2.689953E+02, 2.731600E+02, 2.731600E+02
2024-01-16 20:45:15,2, 1.036077E+02, 2.668255E+02, 2.680979E+02, 1.702595E+00, 9.224014E+00, 2.759185E+02, 2.687395E+02, 2.685941E+02, 2.731600E+02, 2.731600E+02
2024-01-16 21:00:15,2, 7.346318E+01, 2.667519E+02, 2.679444E+02, 1.630332E+00, 8.798834E+00, 2.758195E+02, 2.683508E+02, 2.680729E+02, 2.731600E+02, 2.731600E+02
2024-01-16 21:15:15,2, 5.322091E+01, 2.666143E+02, 2.677274E+02, 1.537689E+00, 5.944094E+00, 2.756833E+02, 2.679453E+02, 2.675617E+02, 2.731600E+02, 2.731600E+02
2024-01-16 21:30:15,2, 3.220088E+01, 2.664767E+02, 2.675318E+02, 1.432209E+00, 5.411359E+00, 2.755292E+02, 2.675724E+02, 2.670924E+02, 2.731600E+02, 2.731600E+02
2024-01-16 21:45:15,2, 1.049309E+01, 2.663391E+02, 2.673382E+02, 1.022999E+00, 4.616421E+00, 2.753580E+02, 2.672065E+02, 2.666125E+02, 2.731600E+02, 2.731600E+02
2024-01-16 22:00:15,2, 0.000000E+00, 2.661998E+02, 2.671676E+02, 0.000000E+00, 2.342647E+00, 2.751773E+02, 2.669472E+02, 2.663090E+02, 2.731600E+02, 2.731600E+02
2024-01-16 22:15:15,2, 0.000000E+00, 2.659567E+02, 2.669312E+02, 0.000000E+00, 1.943719E+00, 2.750055E+02, 2.666196E+02, 2.659386E+02, 2.731600E+02, 2.731600E+02
2024-01-16 22:30:15,2, 0.000000E+00, 2.657136E+02, 2.666782E+02, 0.000000E+00, 1.842468E+00, 2.748337E+02, 2.662735E+02, 2.655504E+02, 2.731600E+02, 2.731600E+02
2024-01-16 22:45:15,2, 0.000000E+00, 2.654706E+02, 2.664237E+02, 0.000000E+00, 1.763569E+00, 2.746606E+02, 2.659263E+02, 2.651609E+02, 2.731600E+02, 2.731600E+02
2024-01-16 23:00:15,2, 0.000000E+00, 2.652288E+02, 2.661686E+02, 0.000000E+00, 1.674099E+00, 2.744853E+02, 2.655791E+02, 2.647730E+02, 2.731600E+02, 2.731600E+02
2024-01-16 23:15:15,2, 0.000000E+00, 2.650642E+02, 2.660012E+02, 0.000000E+00, 1.368255E+00, 2.743187E+02, 2.654101E+02, 2.646099E+02, 2.731600E+02, 2.731600E+02
2024-01-16 23:30:15,2, 0.000000E+00, 2.648995E+02, 2.658544E+02, 0.000000E+00, 1.314745E+00, 2.741674E+02, 2.652662E+02, 2.644710E+02, 2.731600E+02, 2.731600E+02
2024-01-16 23:45:15,2, 0.000000E+00, 2.647349E+02, 2.657081E+02, 0.000000E+00, 1.277532E+00, 2.740277E+02, 2.651237E+02, 2.643328E+02, 2.731600E+02, 2.731600E+02
2024-01-17 00:00:15,1, 0.000000E+00, 2.645711E+02, 2.655613E+02, 0.000000E+00, 1.235628E+00, 2.738926E+02, 2.649481E+02, 2.641297E+02, 2.731600E+02, 2.731600E+02
2024-01-17 00:15:15,1, 0.000000E+00, 2.644625E+02, 2.654591E+02, 0.000000E+00, 1.094902E+00, 2.737730E+02, 2.648593E+02, 2.640477E+02, 2.731600E+02, 2.731600E+02
2024-01-17 00:30:15,1, 0.000000E+00, 2.643539E+02, 2.653665E+02, 0.000000E+00, 1.063813E+00, 2.736656E+02, 2.647820E+02, 2.639761E+02, 2.731600E+02, 2.731600E+02
2024-01-17 00:45:15,1, 0.000000E+00, 2.642453E+02, 2.652738E+02, 0.000000E+00, 1.039663E+00, 2.735683E+02, 2.647054E+02, 2.639046E+02, 2.731600E+02, 2.731600E+02
2024-01-17 01:00:15,1, 0.000000E+00, 2.641381E+02, 2.651812E+02, 0.000000E+00, 1.012925E+00, 2.734795E+02, 2.646299E+02, 2.638340E+02, 2.731600E+02, 2.731600E+02
2024-01-17 01:15:15,1, 0.000000E+00, 2.641126E+02, 2.651596E+02, 0.000000E+00, 9.406169E-01, 2.733999E+02, 2.646517E+02, 2.638848E+02, 2.731600E+02, 2.731600E+02
2024-01-17 01:30:15,1, 0.000000E+00, 2.640870E+02, 2.651531E+02, 0.000000E+00, 9.358520E-01, 2.733300E+02, 2.646908E+02, 2.639521E+02, 2.731600E+02, 2.731600E+02
2024-01-17 01:45:15,1, 0.000000E+00, 2.640615E+02, 2.651464E+02, 0.000000E+00, 9.348304E-01, 2.732686E+02, 2.647299E+02, 2.640187E+02, 2.731600E+02, 2.731600E+02
2024-01-17 02:00:15,1, 0.000000E+00, 2.640350E+02, 2.651392E+02, 0.000000E+00, 9.210591E-01, 2.732144E+02, 2.647679E+02, 2.640829E+02, 2.731600E+02, 2.731600E+02
2024-01-17 02:15:15,1, 0.000000E+00, 2.639530E+02, 2.650654E+02, 0.000000E+00, 6.257455E-01, 2.731600E+02, 2.646604E+02, 2.639538E+02, 2.731600E+02, 2.731600E+02
2024-01-17 02:30:15,1, 0.000000E+00, 2.638709E+02, 2.649788E+02, 0.000000E+00, 5.771299E-01, 2.731600E+02, 2.645406E+02, 2.638103E+02, 2.731600E+02, 2.731600E+02
2024-01-17 02:45:15,1, 0.000000E+00, 2.637889E+02, 2.648918E+02, 0.000000E+00, 5.433989E-01, 2.731600E+02, 2.644203E+02, 2.636654E+02, 2.731600E+02, 2.731600E+02
2024-01-17 03:00:15,1, 0.000000E+00, 2.637072E+02, 2.648044E+02, 0.000000E+00, 5.365768E-01, 2.731600E+02, 2.642993E+02, 2.635196E+02, 2.731600E+02, 2.731600E+02
2024-01-17 03:15:15,1, 0.000000E+00, 2.636417E+02, 2.647417E+02, 0.000000E+00, 1.046306E+00, 2.731600E+02, 2.642436E+02, 2.634628E+02, 2.731600E+02, 2.731600E+02
2024-01-17 03:30:15,1, 0.000000E+00, 2.635762E+02, 2.646843E+02, 0.000000E+00, 1.069513E+00, 2.731600E+02, 2.641940E+02, 2.634119E+02, 2.731600E+02, 2.731600E+02
2024-01-17 03:45:15,1, 0.000000E+00, 2.635107E+02, 2.646269E+02, 0.000000E+00, 1.063144E+00, 2.731600E+02, 2.641444E+02, 2.633610E+02, 2.731600E+02, 2.731600E+02
2024-01-17 04:00:15,1, 0.000000E+00, 2.634465E+02, 2.645697E+02, 0.000000E+00, 1.074978E+00, 2.731600E+02, 2.640955E+02, 2.633111E+02, 2.731600E+02, 2.731600E+02
2024-01-17 04:15:15,1, 0.000000E+00, 2.634537E+02, 2.645823E+02, 0.000000E+00, 1.499587E+00, 2.731600E+02, 2.641703E+02, 2.634157E+02, 2.731600E+02, 2.731600E+02
2024-01-17 04:30:15,1, 0.000000E+00, 2.634610E+02, 2.646077E+02, 0.000000E+00, 1.549051E+00, 2.731600E+02, 2.642620E+02, 2.635367E+02, 2.731600E+02, 2.731600E+02
2024-01-17 04:45:15,1, 0.000000E+00, 2.634683E+02, 2.646356E+02, 0.000000E+00, 1.576956E+00, 2.731600E+02, 2.643562E+02, 2.636605E+02, 2.731600E+02, 2.731600E+02
2024-01-17 05:00:15,1, 0.000000E+00, 2.634752E+02, 2.646637E+02, 0.000000E+00, 1.620004E+00, 2.731600E+02, 2.644505E+02, 2.637849E+02, 2.731600E+02, 2.731600E+02
2024-01-17 05:15:15,1, 0.000000E+00, 2.634590E+02, 2.646619E+02, 0.000000E+00, 1.973348E+00, 2.731600E+02, 2.644740E+02, 2.638180E+02, 2.731600E+02, 2.731600E+02
2024-01-17 05:30:15,1, 0.000000E+00, 2.634427E+02, 2.646541E+02, 0.000000E+00, 2.008726E+00, 2.731600E+02, 2.644901E+02, 2.638440E+02, 2.731600E+02, 2.731600E+02
2024-01-17 05:45:15,1, 0.000000E+00, 2.634265E+02, 2.646463E+02, 0.000000E+00, 2.027698E+00, 2.731600E+02, 2.645060E+02, 2.638700E+02, 2.731600E+02, 2.731600E+02
2024-01-17 06:00:15,1, 0.000000E+00, 2.634078E+02, 2.646378E+02, 0.000000E+00, 2.089981E+00, 2.731600E+02, 2.645213E+02, 2.638951E+02, 2.731600E+02, 2.731600E+02
2024-01-17 06:15:15,1, 0.000000E+00, 2.632448E+02, 2.645075E+02, 0.000000E+00, 2.908009E+00, 2.731600E+02, 2.643742E+02, 2.637313E+02, 2.731600E+02, 2.731600E+02
2024-01-17 06:30:15,1, 0.000000E+00, 2.630818E+02, 2.643544E+02, 0.000000E+00, 2.948203E+00, 2.731600E+02, 2.642023E+02, 2.635435E+02, 2.731600E+02, 2.731600E+02
2024-01-17 06:45:15,1, 0.000000E+00, 2.629188E+02, 2.642011E+02, 0.000000E+00, 2.953533E+00, 2.731600E+02, 2.640303E+02, 2.633559E+02, 2.731600E+02, 2.731600E+02
2024-01-17 07:00:15,1, 0.000000E+00, 2.627565E+02, 2.640479E+02, 0.000000E+00, 2.949641E+00, 2.731600E+02, 2.638590E+02, 2.631693E+02, 2.731600E+02, 2.731600E+02
2024-01-17 07:15:15,1, 0.000000E+00, 2.626326E+02, 2.639342E+02, 0.000000E+00, 2.832583E+00, 2.731600E+02, 2.637664E+02, 2.630813E+02, 2.731600E+02, 2.731600E+02
2024-01-17 07:30:15,1, 0.000000E+00, 2.625087E+02, 2.638276E+02, 0.000000E+00, 2.843938E+00, 2.731600E+02, 2.636819E+02, 2.630010E+02, 2.731600E+02, 2.731600E+02
2024-01-17 07:45:15,1, 0.000000E+00, 2.623848E+02, 2.637209E+02, 0.000000E+00, 2.860104E+00, 2.731600E+02, 2.635971E+02, 2.629206E+02, 2.731600E+02, 2.731600E+02
2024-01-17 08:00:15,1, 0.000000E+00, 2.622602E+02, 2.636139E+02, 0.000000E+00, 2.878366E+00, 2.731600E+02, 2.635115E+02, 2.628389E+02, 2.731600E+02, 2.731600E+02
2024-01-17 08:15:15,1, 0.000000E+00, 2.620943E+02, 2.634618E+02, 0.000000E+00, 2.898734E+00, 2.731600E+02, 2.633347E+02, 2.626394E+02, 2.731600E+02, 2.731600E+02
2024-01-17 08:30:15,1, 0.000000E+00, 2.619284E+02, 2.633016E+02, 0.000000E+00, 2.898750E+00, 2.731600E+02, 2.631486E+02, 2.624310E+02, 2.731600E+02, 2.731600E+02
2024-01-17 08:45:15,1, 0.000000E+00, 2.617624E+02, 2.631412E+02, 0.000000E+00, 2.899295E+00, 2.731600E+02, 2.629623E+02, 2.622225E+02, 2.731600E+02, 2.731600E+02
2024-01-17 09:00:15,1, 0.000000E+00, 2.615970E+02, 2.629809E+02, 0.000000E+00, 2.876901E+00, 2.731600E+02, 2.627762E+02, 2.620145E+02, 2.731600E+02, 2.731600E+02
2024-01-17 09:15:15,1, 0.000000E+00, 2.614632E+02, 2.628555E+02, 0.000000E+00, 2.477554E+00, 2.731600E+02, 2.626564E+02, 2.618930E+02, 2.731600E+02, 2.731600E+02
2024-01-17 09:30:15,1, 0.000000E+00, 2.613294E+02, 2.627361E+02, 0.000000E+00, 2.467558E+00, 2.731600E+02, 2.625432E+02, 2.617779E+02, 2.731600E+02, 2.731600E+02
2024-01-17 09:45:15,1, 0.000000E+00, 2.611956E+02, 2.626167E+02, 0.000000E+00, 2.472402E+00, 2.731600E+02, 2.624299E+02, 2.616626E+02, 2.731600E+02, 2.731600E+02
2024-01-17 10:00:15,1, 0.000000E+00, 2.610621E+02, 2.624972E+02, 0.000000E+00, 2.460323E+00, 2.731600E+02, 2.623163E+02, 2.615468E+02, 2.731600E+02, 2.731600E+02
2024-01-17 10:15:15,1, 0.000000E+00, 2.609431E+02, 2.623835E+02, 0.000000E+00, 2.155307E+00, 2.731600E+02, 2.621920E+02, 2.614105E+02, 2.731600E+02, 2.731600E+02
2024-01-17 10:30:15,1, 0.000000E+00, 2.608240E+02, 2.622707E+02, 0.000000E+00, 2.141839E+00, 2.731600E+02, 2.620683E+02, 2.612749E+02, 2.731600E+02, 2.731600E+02
2024-01-17 10:45:15,1, 0.000000E+00, 2.607050E+02, 2.621577E+02, 0.000000E+00, 2.138904E+00, 2.731600E+02, 2.619446E+02, 2.611393E+02, 2.731600E+02, 2.731600E+02
2024-01-17 11:00:15,1, 0.000000E+00, 2.605860E+02, 2.620448E+02, 0.000000E+00, 2.134053E+00, 2.731600E+02, 2.618209E+02, 2.610035E+02, 2.731600E+02, 2.731600E+02
2024-01-17 11:15:15,1, 0.000000E+00, 2.604724E+02, 2.619344E+02, 0.000000E+00, 2.089245E+00, 2.731600E+02, 2.616943E+02, 2.608621E+02, 2.731600E+02, 2.731600E+02
2024-01-17 11:30:15,1, 0.000000E+00, 2.603588E+02, 2.618244E+02, 0.000000E+00, 2.084325E+00, 2.731600E+02, 2.615679E+02, 2.607210E+02, 2.731600E+02, 2.731600E+02
2024-01-17 11:45:15,1, 0.000000E+00, 2.602451E+02, 2.617143E+02, 0.000000E+00, 2.080916E+00, 2.731600E+02, 2.614415E+02, 2.605798E+02, 2.731600E+02, 2.731600E+02
2024-01-17 12:00:15,1, 0.000000E+00, 2.601322E+02, 2.616043E+02, 0.000000E+00, 2.074042E+00, 2.731600E+02, 2.613152E+02, 2.604388E+02, 2.731600E+02, 2.731600E+02
2024-01-17 12:15:15,1, 0.000000E+00, 2.600602E+02, 2.615304E+02, 0.000000E+00, 2.020990E+00, 2.731600E+02, 2.612339E+02, 2.603514E+02, 2.731600E+02, 2.731600E+02
2024-01-17 12:30:15,1, 0.000000E+00, 2.599881E+02, 2.614626E+02, 0.000000E+00, 2.022657E+00, 2.731600E+02, 2.611596E+02, 2.602709E+02, 2.731600E+02, 2.731600E+02
2024-01-17 12:45:15,1, 0.000000E+00, 2.599161E+02, 2.613947E+02, 0.000000E+00, 2.025873E+00, 2.731600E+02, 2.610854E+02, 2.601904E+02, 2.731600E+02, 2.731600E+02
2024-01-17 13:00:15,1, 4.769921E+01, 2.598473E+02, 2.613425E+02, 7.190450E-01, 2.136744E+00, 2.731600E+02, 2.612391E+02, 2.606269E+02, 2.731600E+02, 2.731600E+02
2024-01-17 13:15:15,1, 7.746093E+01, 2.599722E+02, 2.615728E+02, 8.028091E-01, 3.121012E+00, 2.731600E+02, 2.618209E+02, 2.614816E+02, 2.731600E+02, 2.731600E+02
2024-01-17 13:30:15,1, 1.061193E+02, 2.600971E+02, 2.617834E+02, 8.491338E-01, 3.386856E+00, 2.731600E+02, 2.622529E+02, 2.620507E+02, 2.731600E+02, 2.731600E+02
2024-01-17 13:45:15,1, 1.335516E+02, 2.602220E+02, 2.619843E+02, 8.930780E-01, 3.612228E+00, 2.731600E+02, 2.626586E+02, 2.625400E+02, 2.731600E+02, 2.731600E+02
2024-01-17 14:00:15,1, 1.921385E+02, 2.603489E+02, 2.621837E+02, 9.343546E-01, 3.799378E+00, 2.731600E+02, 2.631917E+02, 2.633817E+02, 2.731600E+02, 2.731600E+02
2024-01-17 14:15:15,1, 2.217867E+02, 2.605933E+02, 2.625358E+02, 1.026617E+00, 3.668298E+00, 2.731600E+02, 2.637878E+02, 2.640605E+02, 2.731600E+02, 2.731600E+02
2024-01-17 14:30:15,1, 2.495565E+02, 2.608378E+02, 2.628134E+02, 1.077645E+00, 3.907756E+00, 2.731600E+02, 2.642232E+02, 2.644977E+02, 2.731600E+02, 2.731600E+02
2024-01-17 14:45:15,1, 2.753289E+02, 2.610822E+02, 2.630840E+02, 1.127071E+00, 4.152162E+00, 2.731600E+02, 2.646314E+02, 2.649030E+02, 2.731600E+02, 2.731600E+02
2024-01-17 15:00:15,1, 3.140613E+02, 2.613270E+02, 2.633530E+02, 1.174998E+00, 4.385991E+00, 2.731600E+02, 2.650820E+02, 2.654073E+02, 2.731600E+02, 2.731600E+02
2024-01-17 15:15:15,1, 3.365982E+02, 2.615939E+02, 2.636631E+02, 1.246693E+00, 4.579187E+00, 2.731600E+02, 2.655446E+02, 2.658771E+02, 2.731600E+02, 2.731600E+02
2024-01-17 15:30:15,1, 3.567182E+02, 2.618607E+02, 2.639423E+02, 1.298888E+00, 4.840850E+00, 2.731600E+02, 2.659275E+02, 2.662578E+02, 2.731600E+02, 2.731600E+02
2024-01-17 15:45:15,1, 3.743351E+02, 2.621276E+02, 2.642163E+02, 1.349670E+00, 5.100478E+00, 2.731600E+02, 2.662875E+02, 2.666168E+02, 2.731600E+02, 2.731600E+02
2024-01-17 16:00:15,1, 4.241923E+02, 2.623947E+02, 2.644953E+02, 1.399046E+00, 5.382643E+00, 2.731600E+02, 2.667730E+02, 2.671881E+02, 2.731600E+02, 2.731600E+02
2024-01-17 16:15:15,1, 4.376963E+02, 2.626730E+02, 2.648204E+02, 1.486033E+00, 6.046411E+00, 2.731600E+02, 2.671770E+02, 2.675750E+02, 2.731600E+02, 2.731600E+02
2024-01-17 16:30:15,1, 4.482632E+02, 2.629514E+02, 2.650828E+02, 1.525649E+00, 6.275056E+00, 2.731600E+02, 2.674339E+02, 2.678142E+02, 2.731600E+02, 2.731600E+02
2024-01-17 16:45:15,1, 4.558478E+02, 2.632298E+02, 2.653394E+02, 1.562867E+00, 6.488415E+00, 2.731600E+02, 2.676700E+02, 2.680347E+02, 2.731600E+02, 2.731600E+02
2024-01-17 17:00:15,1, 4.460921E+02, 2.635061E+02, 2.655859E+02, 1.597443E+00, 6.733175E+00, 2.731600E+02, 2.678267E+02, 2.681485E+02, 2.731600E+02, 2.731600E+02
2024-01-17 17:15:15,1, 4.475798E+02, 2.636613E+02, 2.657134E+02, 1.601778E+00, 7.445910E+00, 2.731600E+02, 2.679197E+02, 2.682377E+02, 2.731600E+02, 2.731600E+02
2024-01-17 17:30:15,1, 4.461212E+02, 2.638165E+02, 2.658474E+02, 1.619944E+00, 7.582438E+00, 2.731600E+02, 2.680293E+02, 2.683451E+02, 2.731600E+02, 2.731600E+02
2024-01-17 17:45:15,1, 4.417226E+02, 2.639716E+02, 2.659767E+02, 1.634796E+00, 7.692298E+00, 2.731600E+02, 2.681180E+02, 2.684329E+02, 2.731600E+02, 2.731600E+02
2024-01-17 18:00:15,1, 4.298903E+02, 2.641262E+02, 2.660998E+02, 1.646098E+00, 7.812986E+00, 2.731600E+02, 2.681667E+02, 2.684724E+02, 2.731600E+02, 2.731600E+02
2024-01-17 18:15:15,1, 4.197866E+02, 2.642469E+02, 2.661897E+02, 1.647826E+00, 8.321116E+00, 2.731600E+02, 2.681952E+02, 2.685112E+02, 2.731600E+02, 2.731600E+02
2024-01-17 18:30:15,1, 4.068663E+02, 2.643676E+02, 2.662794E+02, 1.651811E+00, 8.393850E+00, 2.731600E+02, 2.682154E+02, 2.685438E+02, 2.731600E+02, 2.731600E+02
2024-01-17 18:45:15,1, 3.911848E+02, 2.644884E+02, 2.663640E+02, 1.652087E+00, 8.437740E+00, 2.731600E+02, 2.682135E+02, 2.685566E+02, 2.731600E+02, 2.731600E+02
2024-01-17 19:00:15,1, 3.678737E+02, 2.646081E+02, 2.664513E+02, 1.653086E+00, 8.465983E+00, 2.735957E+02, 2.682019E+02, 2.685330E+02, 2.731600E+02, 2.731600E+02
2024-01-17 19:15:15,1, 3.471605E+02, 2.646679E+02, 2.664821E+02, 1.638014E+00, 7.807832E+00, 2.739157E+02, 2.681384E+02, 2.684795E+02, 2.731600E+02, 2.731600E+02
2024-01-17 19:30:15,1, 3.239552E+02, 2.647278E+02, 2.665073E+02, 1.623948E+00, 7.745587E+00, 2.741221E+02, 2.680539E+02, 2.684119E+02, 2.731600E+02, 2.731600E+02
2024-01-17 19:45:15,1, 2.983571E+02, 2.647876E+02, 2.665237E+02, 1.604389E+00, 7.656133E+00, 2.742389E+02, 2.679364E+02, 2.683146E+02, 2.731600E+02, 2.731600E+02
2024-01-17 20:00:15,1, 2.403744E+02, 2.648456E+02, 2.665203E+02, 1.578770E+00, 7.493168E+00, 2.742824E+02, 2.676463E+02, 2.678885E+02, 2.731600E+02, 2.731600E+02
2024-01-17 20:15:15,1, 2.136733E+02, 2.647960E+02, 2.663594E+02, 1.482915E+00, 6.597580E+00, 2.742416E+02, 2.672509E+02, 2.674484E+02, 2.731600E+02, 2.731600E+02
2024-01-17 20:30:15,1, 1.851635E+02, 2.647464E+02, 2.662449E+02, 1.432079E+00, 6.287268E+00, 2.741592E+02, 2.669390E+02, 2.671210E+02, 2.731600E+02, 2.731600E+02
2024-01-17 20:45:15,1, 1.549673E+02, 2.646968E+02, 2.661188E+02, 1.375911E+00, 5.954378E+00, 2.740420E+02, 2.665926E+02, 2.667429E+02, 2.731600E+02, 2.731600E+02
2024-01-17 21:00:15,1, 9.898221E+01, 2.646456E+02, 2.659645E+02, 1.313606E+00, 5.544967E+00, 2.738974E+02, 2.660900E+02, 2.659145E+02, 2.731600E+02, 2.731600E+02
2024-01-17 21:15:15,1, 7.233175E+01, 2.645027E+02, 2.657049E+02, 1.207416E+00, 4.503100E+00, 2.737307E+02, 2.655750E+02, 2.652029E+02, 2.731600E+02, 2.731600E+02
2024-01-17 21:30:15,1, 4.465370E+01, 2.643598E+02, 2.654989E+02, 1.136227E+00, 4.110089E+00, 2.735508E+02, 2.651633E+02, 2.646536E+02, 2.731600E+02, 2.731600E+02
2024-01-17 21:45:15,1, 1.606656E+01, 2.642169E+02, 2.652876E+02, 9.334013E-01, 3.581890E+00, 2.733584E+02, 2.647479E+02, 2.640455E+02, 2.731600E+02, 2.731600E+02
2024-01-17 22:00:15,1, 0.000000E+00, 2.640746E+02, 2.651017E+02, 0.000000E+00, 1.619213E+00, 2.731600E+02, 2.644586E+02, 2.636537E+02, 2.731600E+02, 2.731600E+02
2024-01-17 22:15:15,1, 0.000000E+00, 2.639659E+02, 2.650008E+02, 0.000000E+00, 1.257561E+00, 2.731600E+02, 2.643729E+02, 2.635695E+02, 2.731600E+02, 2.731600E+02
2024-01-17 22:30:15,1, 0.000000E+00, 2.638573E+02, 2.649085E+02, 0.000000E+00, 1.213288E+00, 2.731600E+02, 2.642973E+02, 2.634948E+02, 2.731600E+02, 2.731600E+02
2024-01-17 22:45:15,1, 0.000000E+00, 2.637486E+02, 2.648161E+02, 0.000000E+00, 1.188380E+00, 2.731600E+02, 2.642217E+02, 2.634199E+02, 2.731600E+02, 2.731600E+02
2024-01-17 23:00:15,1, 0.000000E+00, 2.636410E+02, 2.647234E+02, 0.000000E+00, 1.167292E+00, 2.731600E+02, 2.641460E+02, 2.633449E+02, 2.731600E+02, 2.731600E+02
2024-01-17 23:15:15,1, 0.000000E+00, 2.635949E+02, 2.646785E+02, 0.000000E+00, 1.213590E+00, 2.731600E+02, 2.641197E+02, 2.633251E+02, 2.731600E+02, 2.731600E+02
2024-01-17 23:30:15,1, 0.000000E+00, 2.635488E+02, 2.646436E+02, 0.000000E+00, 1.206033E+00, 2.731600E+02, 2.641040E+02, 2.633160E+02, 2.731600E+02, 2.731600E+02
2024-01-17 23:45:15,1, 0.000000E+00, 2.635027E+02, 2.646086E+02, 0.000000E+00, 1.194364E+00, 2.731600E+02, 2.640882E+02, 2.633068E+02, 2.731600E+02, 2.731600E+02
2024-01-17 00:00:15,2, 0.000000E+00, 2.645711E+02, 2.655620E+02, 0.000000E+00, 1.236401E+00, 2.738970E+02, 2.649821E+02, 2.641952E+02, 2.731600E+02, 2.731600E+02
2024-01-17 00:15:15,2, 0.000000E+00, 2.644625E+02, 2.654598E+02, 0.000000E+00, 1.095661E+00, 2.737773E+02, 2.648930E+02, 2.641125E+02, 2.731600E+02, 2.731600E+02
2024-01-17 00:30:15,2, 0.000000E+00, 2.643539E+02, 2.653672E+02, 0.000000E+00, 1.064559E+00, 2.736700E+02, 2.648154E+02, 2.640404E+02, 2.731600E+02, 2.731600E+02
2024-01-17 00:45:15,2, 0.000000E+00, 2.642453E+02, 2.652744E+02, 0.000000E+00, 1.040410E+00, 2.735726E+02, 2.647386E+02, 2.639684E+02, 2.731600E+02, 2.731600E+02
2024-01-17 01:00:15,2, 0.000000E+00, 2.641381E+02, 2.651819E+02, 0.000000E+00, 1.013652E+00, 2.734838E+02, 2.646629E+02, 2.638972E+02, 2.731600E+02, 2.731600E+02
2024-01-17 01:15:15,2, 0.000000E+00, 2.641126E+02, 2.651603E+02, 0.000000E+00, 9.413447E-01, 2.734042E+02, 2.646834E+02, 2.639454E+02, 2.731600E+02, 2.731600E+02
2024-01-17 01:30:15,2, 0.000000E+00, 2.640870E+02, 2.651537E+02, 0.000000E+00, 9.365862E-01, 2.733343E+02, 2.647213E+02, 2.640101E+02, 2.731600E+02, 2.731600E+02
2024-01-17 01:45:15,2, 0.000000E+00, 2.640615E+02, 2.651471E+02, 0.000000E+00, 9.355718E-01, 2.732728E+02, 2.647592E+02, 2.640743E+02, 2.731600E+02, 2.731600E+02
2024-01-17 02:00:15,2, 0.000000E+00, 2.640350E+02, 2.651398E+02, 0.000000E+00, 9.218084E-01, 2.732186E+02, 2.647961E+02, 2.641360E+02, 2.731600E+02, 2.731600E+02
2024-01-17 02:15:15,2, 0.000000E+00, 2.639530E+02, 2.650661E+02, 0.000000E+00, 6.264824E-01, 2.731635E+02, 2.646894E+02, 2.640088E+02, 2.731600E+02, 2.731600E+02
2024-01-17 02:30:15,2, 0.000000E+00, 2.638709E+02, 2.649793E+02, 0.000000E+00, 5.775206E-01, 2.731600E+02, 2.645703E+02, 2.638671E+02, 2.731600E+02, 2.731600E+02
2024-01-17 02:45:15,2, 0.000000E+00, 2.637889E+02, 2.648924E+02, 0.000000E+00, 5.437486E-01, 2.731600E+02, 2.644510E+02, 2.637244E+02, 2.731600E+02, 2.731600E+02
2024-01-17 03:00:15,2, 0.000000E+00, 2.637072E+02, 2.648050E+02, 0.000000E+00, 5.368955E-01, 2.731600E+02, 2.643310E+02, 2.635808E+02, 2.731600E+02, 2.731600E+02
2024-01-17 03:15:15,2, 0.000000E+00, 2.636417E+02, 2.647422E+02, 0.000000E+00, 1.046597E+00, 2.731600E+02, 2.642753E+02, 2.635240E+02, 2.731600E+02, 2.731600E+02
2024-01-17 03:30:15,2, 0.000000E+00, 2.635762E+02, 2.646849E+02, 0.000000E+00, 1.069814E+00, 2.731600E+02, 2.642258E+02, 2.634731E+02, 2.731600E+02, 2.731600E+02
2024-01-17 03:45:15,2, 0.000000E+00, 2.635107E+02, 2.646275E+02, 0.000000E+00, 1.063441E+00, 2.731600E+02, 2.641762E+02, 2.634222E+02, 2.731600E+02, 2.731600E+02
2024-01-17 04:00:15,2, 0.000000E+00, 2.634465E+02, 2.645702E+02, 0.000000E+00, 1.075268E+00, 2.731600E+02, 2.641273E+02, 2.633723E+02, 2.731600E+02, 2.731600E+02
2024-01-17 04:15:15,2, 0.000000E+00, 2.634537E+02, 2.645828E+02, 0.000000E+00, 1.499872E+00, 2.731600E+02, 2.642008E+02, 2.634740E+02, 2.731600E+02, 2.731600E+02
2024-01-17 04:30:15,2, 0.000000E+00, 2.634610E+02, 2.646082E+02, 0.000000E+00, 1.549359E+00, 2.731600E+02, 2.642911E+02, 2.635921E+02, 2.731600E+02, 2.731600E+02
2024-01-17 04:45:15,2, 0.000000E+00, 2.634683E+02, 2.646361E+02, 0.000000E+00, 1.577293E+00, 2.731600E+02, 2.643841E+02, 2.637130E+02, 2.731600E+02, 2.731600E+02
2024-01-17 05:00:15,2, 0.000000E+00, 2.634752E+02, 2.646643E+02, 0.000000E+00, 1.620359E+00, 2.731600E+02, 2.644770E+02, 2.638344E+02, 2.731600E+02, 2.731600E+02
2024-01-17 05:15:15,2, 0.000000E+00, 2.634590E+02, 2.646624E+02, 0.000000E+00, 1.973697E+00, 2.731600E+02, 2.645001E+02, 2.638666E+02, 2.731600E+02, 2.731600E+02
2024-01-17 05:30:15,2, 0.000000E+00, 2.634427E+02, 2.646546E+02, 0.000000E+00, 2.009108E+00, 2.731600E+02, 2.645157E+02, 2.638916E+02, 2.731600E+02, 2.731600E+02
2024-01-17 05:45:15,2, 0.000000E+00, 2.634265E+02, 2.646467E+02, 0.000000E+00, 2.028089E+00, 2.731600E+02, 2.645312E+02, 2.639166E+02, 2.731600E+02, 2.731600E+02
2024-01-17 06:00:15,2, 0.000000E+00, 2.634078E+02, 2.646383E+02, 0.000000E+00, 2.090365E+00, 2.731600E+02, 2.645460E+02, 2.639407E+02, 2.731600E+02, 2.731600E+02
2024-01-17 06:15:15,2, 0.000000E+00, 2.632448E+02, 2.645079E+02, 0.000000E+00, 2.908396E+00, 2.731600E+02, 2.643996E+02, 2.637783E+02, 2.731600E+02, 2.731600E+02
2024-01-17 06:30:15,2, 0.000000E+00, 2.630818E+02, 2.643548E+02, 0.000000E+00, 2.948623E+00, 2.731600E+02, 2.642283E+02, 2.635919E+02, 2.731600E+02, 2.731600E+02
2024-01-17 06:45:15,2, 0.000000E+00, 2.629188E+02, 2.642016E+02, 0.000000E+00, 2.953953E+00, 2.731600E+02, 2.640570E+02, 2.634056E+02, 2.731600E+02, 2.731600E+02
2024-01-17 07:00:15,2, 0.000000E+00, 2.627565E+02, 2.640484E+02, 0.000000E+00, 2.950060E+00, 2.731600E+02, 2.638863E+02, 2.632202E+02, 2.731600E+02, 2.731600E+02
2024-01-17 07:15:15,2, 0.000000E+00, 2.626326E+02, 2.639347E+02, 0.000000E+00, 2.832992E+00, 2.731600E+02, 2.637935E+02, 2.631317E+02, 2.731600E+02, 2.731600E+02
2024-01-17 07:30:15,2, 0.000000E+00, 2.625087E+02, 2.638281E+02, 0.000000E+00, 2.844345E+00, 2.731600E+02, 2.637088E+02, 2.630508E+02, 2.731600E+02, 2.731600E+02
2024-01-17 07:45:15,2, 0.000000E+00, 2.623848E+02, 2.637214E+02, 0.000000E+00, 2.860513E+00, 2.731600E+02, 2.636238E+02, 2.629698E+02, 2.731600E+02, 2.731600E+02
2024-01-17 08:00:15,2, 0.000000E+00, 2.622602E+02, 2.636143E+02, 0.000000E+00, 2.878774E+00, 2.731600E+02, 2.635380E+02, 2.628876E+02, 2.731600E+02, 2.731600E+02
2024-01-17 08:15:15,2, 0.000000E+00, 2.620943E+02, 2.634623E+02, 0.000000E+00, 2.899174E+00, 2.731600E+02, 2.633621E+02, 2.626900E+02, 2.731600E+02, 2.731600E+02
2024-01-17 08:30:15,2, 0.000000E+00, 2.619284E+02, 2.633021E+02, 0.000000E+00, 2.899188E+00, 2.731600E+02, 2.631769E+02, 2.624835E+02, 2.731600E+02, 2.731600E+02
2024-01-17 08:45:15,2, 0.000000E+00, 2.617624E+02, 2.631418E+02, 0.000000E+00, 2.899728E+00, 2.731600E+02, 2.629915E+02, 2.622768E+02, 2.731600E+02, 2.731600E+02
2024-01-17 09:00:15,2, 0.000000E+00, 2.615970E+02, 2.629815E+02, 0.000000E+00, 2.877333E+00, 2.731600E+02, 2.628064E+02, 2.620707E+02, 2.731600E+02, 2.731600E+02
2024-01-17 09:15:15,2, 0.000000E+00, 2.614632E+02, 2.628560E+02, 0.000000E+00, 2.477986E+00, 2.731600E+02, 2.626866E+02, 2.619492E+02, 2.731600E+02, 2.731600E+02
2024-01-17 09:30:15,2, 0.000000E+00, 2.613294E+02, 2.627367E+02, 0.000000E+00, 2.467978E+00, 2.731600E+02, 2.625735E+02, 2.618342E+02, 2.731600E+02, 2.731600E+02
2024-01-17 09:45:15,2, 0.000000E+00, 2.611956E+02, 2.626173E+02, 0.000000E+00, 2.472821E+00, 2.731600E+02, 2.624603E+02, 2.617190E+02, 2.731600E+02, 2.731600E+02
2024-01-17 10:00:15,2, 0.000000E+00, 2.610621E+02, 2.624978E+02, 0.000000E+00, 2.460747E+00, 2.731600E+02, 2.623467E+02, 2.616033E+02, 2.731600E+02, 2.731600E+02
2024-01-17 10:15:15,2, 0.000000E+00, 2.609431E+02, 2.623841E+02, 0.000000E+00, 2.155739E+00, 2.731600E+02, 2.622229E+02, 2.614680E+02, 2.731600E+02, 2.731600E+02
2024-01-17 10:30:15,2, 0.000000E+00, 2.608240E+02, 2.622713E+02, 0.000000E+00, 2.142257E+00, 2.731600E+02, 2.620998E+02, 2.613334E+02, 2.731600E+02, 2.731600E+02
2024-01-17 10:45:15,2, 0.000000E+00, 2.607050E+02, 2.621584E+02, 0.000000E+00, 2.139317E+00, 2.731600E+02, 2.619766E+02, 2.611987E+02, 2.731600E+02, 2.731600E+02
2024-01-17 11:00:15,2, 0.000000E+00, 2.605860E+02, 2.620454E+02, 0.000000E+00, 2.134462E+00, 2.731600E+02, 2.618533E+02, 2.610639E+02, 2.731600E+02, 2.731600E+02
2024-01-17 11:15:15,2, 0.000000E+00, 2.604724E+02, 2.619351E+02, 0.000000E+00, 2.089651E+00, 2.731600E+02, 2.617273E+02, 2.609237E+02, 2.731600E+02, 2.731600E+02
2024-01-17 11:30:15,2, 0.000000E+00, 2.603588E+02, 2.618250E+02, 0.000000E+00, 2.084725E+00, 2.731600E+02, 2.616016E+02, 2.607839E+02, 2.731600E+02, 2.731600E+02
2024-01-17 11:45:15,2, 0.000000E+00, 2.602451E+02, 2.617150E+02, 0.000000E+00, 2.081310E+00, 2.731600E+02, 2.614758E+02, 2.606439E+02, 2.731600E+02, 2.731600E+02
2024-01-17 12:00:15,2, 0.000000E+00, 2.601322E+02, 2.616050E+02, 0.000000E+00, 2.074432E+00, 2.731600E+02, 2.613501E+02, 2.605041E+02, 2.731600E+02, 2.731600E+02
2024-01-17 12:15:15,2, 0.000000E+00, 2.600602E+02, 2.615311E+02, 0.000000E+00, 2.021376E+00, 2.731600E+02, 2.612691E+02, 2.604173E+02, 2.731600E+02, 2.731600E+02
2024-01-17 12:30:15,2, 0.000000E+00, 2.599881E+02, 2.614633E+02, 0.000000E+00, 2.023043E+00, 2.731600E+02, 2.611950E+02, 2.603373E+02, 2.731600E+02, 2.731600E+02
2024-01-17 12:45:15,2, 0.000000E+00, 2.599161E+02, 2.613954E+02, 0.000000E+00, 2.026258E+00, 2.731600E+02, 2.611210E+02, 2.602572E+02, 2.731600E+02, 2.731600E+02
2024-01-17 13:00:15,2, 4.769921E+01, 2.598473E+02, 2.613432E+02, 7.195680E-01, 2.137186E+00, 2.731600E+02, 2.612612E+02, 2.606442E+02, 2.731600E+02, 2.731600E+02
2024-01-17 13:15:15,2, 7.746093E+01, 2.599722E+02, 2.615771E+02, 8.033343E-01, 3.125035E+00, 2.731600E+02, 2.618325E+02, 2.614642E+02, 2.731600E+02, 2.731600E+02
2024-01-17 13:30:15,2, 1.061193E+02, 2.600971E+02, 2.617832E+02, 8.494967E-01, 3.387049E+00, 2.731600E+02, 2.622558E+02, 2.620228E+02, 2.731600E+02, 2.731600E+02
2024-01-17 13:45:15,2, 1.335516E+02, 2.602220E+02, 2.619842E+02, 8.934299E-01, 3.612723E+00, 2.731600E+02, 2.626584E+02, 2.625096E+02, 2.731600E+02, 2.731600E+02
2024-01-17 14:00:15,2, 1.921385E+02, 2.603489E+02, 2.621835E+02, 9.346887E-01, 3.799695E+00, 2.731600E+02, 2.631769E+02, 2.633095E+02, 2.731600E+02, 2.731600E+02
2024-01-17 14:15:15,2, 2.217867E+02, 2.605933E+02, 2.625349E+02, 1.026575E+00, 3.666893E+00, 2.731600E+02, 2.637692E+02, 2.639808E+02, 2.731600E+02, 2.731600E+02
2024-01-17 14:30:15,2, 2.495565E+02, 2.608378E+02, 2.628124E+02, 1.077549E+00, 3.905996E+00, 2.731600E+02, 2.642049E+02, 2.644209E+02, 2.731600E+02, 2.731600E+02
2024-01-17 14:45:15,2, 2.753289E+02, 2.610822E+02, 2.630829E+02, 1.126932E+00, 4.150128E+00, 2.731600E+02, 2.646136E+02, 2.648287E+02, 2.731600E+02, 2.731600E+02
2024-01-17 15:00:15,2, 3.140613E+02, 2.613270E+02, 2.633519E+02, 1.174823E+00, 4.383676E+00, 2.731600E+02, 2.650619E+02, 2.653260E+02, 2.731600E+02, 2.731600E+02
2024-01-17 15:15:15,2, 3.365982E+02, 2.615939E+02, 2.636616E+02, 1.246315E+00, 4.575820E+00, 2.731600E+02, 2.655241E+02, 2.657951E+02, 2.731600E+02, 2.731600E+02
2024-01-17 15:30:15,2, 3.567182E+02, 2.618607E+02, 2.639408E+02, 1.298472E+00, 4.837198E+00, 2.731600E+02, 2.659072E+02, 2.661769E+02, 2.731600E+02, 2.731600E+02
2024-01-17 15:45:15,2, 3.743351E+02, 2.621276E+02, 2.642148E+02, 1.349219E+00, 5.096553E+00, 2.731600E+02, 2.662673E+02, 2.665367E+02, 2.731600E+02, 2.731600E+02
2024-01-17 16:00:15,2, 4.241923E+02, 2.623947E+02, 2.644937E+02, 1.398563E+00, 5.378347E+00, 2.731600E+02, 2.667492E+02, 2.670953E+02, 2.731600E+02, 2.731600E+02
2024-01-17 16:15:15,2, 4.376963E+02, 2.626730E+02, 2.648183E+02, 1.485192E+00, 6.040171E+00, 2.731600E+02, 2.671532E+02, 2.674820E+02, 2.731600E+02, 2.731600E+02
2024-01-17 16:30:15,2, 4.482632E+02, 2.629514E+02, 2.650806E+02, 1.524785E+00, 6.268578E+00, 2.731600E+02, 2.674110E+02, 2.677235E+02, 2.731600E+02, 2.731600E+02
2024-01-17 16:45:15,2, 4.558478E+02, 2.632298E+02, 2.653372E+02, 1.561984E+00, 6.481698E+00, 2.731600E+02, 2.676478E+02, 2.679461E+02, 2.731600E+02, 2.731600E+02
2024-01-17 17:00:15,2, 4.460921E+02, 2.635061E+02, 2.655837E+02, 1.596545E+00, 6.726255E+00, 2.731600E+02, 2.678064E+02, 2.680662E+02, 2.731600E+02, 2.731600E+02
2024-01-17 17:15:15,2, 4.475798E+02, 2.636613E+02, 2.657112E+02, 1.600988E+00, 7.439481E+00, 2.731600E+02, 2.678998E+02, 2.681566E+02, 2.731600E+02, 2.731600E+02
2024-01-17 17:30:15,2, 4.461212E+02, 2.638165E+02, 2.658453E+02, 1.619138E+00, 7.575900E+00, 2.731600E+02, 2.680096E+02, 2.682642E+02, 2.731600E+02, 2.731600E+02
2024-01-17 17:45:15,2, 4.417226E+02, 2.639716E+02, 2.659745E+02, 1.633981E+00, 7.685656E+00, 2.731600E+02, 2.680983E+02, 2.683520E+02, 2.731600E+02, 2.731600E+02
2024-01-17 18:00:15,2, 4.298903E+02, 2.641262E+02, 2.660976E+02, 1.645280E+00, 7.806256E+00, 2.731600E+02, 2.681474E+02, 2.683929E+02, 2.731600E+02, 2.731600E+02
2024-01-17 18:15:15,2, 4.197866E+02, 2.642469E+02, 2.661875E+02, 1.647059E+00, 8.314606E+00, 2.731600E+02, 2.681755E+02, 2.684310E+02, 2.731600E+02, 2.731600E+02
2024-01-17 18:30:15,2, 4.068663E+02, 2.643676E+02, 2.662772E+02, 1.651055E+00, 8.387402E+00, 2.731600E+02, 2.681951E+02, 2.684622E+02, 2.731600E+02, 2.731600E+02
2024-01-17 18:45:15,2, 3.911848E+02, 2.644884E+02, 2.663619E+02, 1.651349E+00, 8.431476E+00, 2.731755E+02, 2.681925E+02, 2.684734E+02, 2.731600E+02, 2.731600E+02
2024-01-17 19:00:15,2, 3.678737E+02, 2.646081E+02, 2.664505E+02, 1.652972E+00, 8.466798E+00, 2.736437E+02, 2.681855E+02, 2.684533E+02, 2.731600E+02, 2.731600E+02
2024-01-17 19:15:15,2, 3.471605E+02, 2.646679E+02, 2.664812E+02, 1.637896E+00, 7.808112E+00, 2.739556E+02, 2.681207E+02, 2.683978E+02, 2.731600E+02, 2.731600E+02
2024-01-17 19:30:15,2, 3.239552E+02, 2.647278E+02, 2.665062E+02, 1.623809E+00, 7.745306E+00, 2.741565E+02, 2.680349E+02, 2.683271E+02, 2.731600E+02, 2.731600E+02
2024-01-17 19:45:15,2, 2.983571E+02, 2.647876E+02, 2.665226E+02, 1.604261E+00, 7.655634E+00, 2.742697E+02, 2.679158E+02, 2.682260E+02, 2.731600E+02, 2.731600E+02
2024-01-17 20:00:15,2, 2.403744E+02, 2.648456E+02, 2.665192E+02, 1.578679E+00, 7.492846E+00, 2.743106E+02, 2.676318E+02, 2.678200E+02, 2.731600E+02, 2.731600E+02
2024-01-17 20:15:15,2, 2.136733E+02, 2.647960E+02, 2.663589E+02, 1.483281E+00, 6.599728E+00, 2.742678E+02, 2.672385E+02, 2.673844E+02, 2.731600E+02, 2.731600E+02
2024-01-17 20:30:15,2, 1.851635E+02, 2.647464E+02, 2.662444E+02, 1.432501E+00, 6.289597E+00, 2.741839E+02, 2.669268E+02, 2.670545E+02, 2.731600E+02, 2.731600E+02
2024-01-17 20:45:15,2, 1.549673E+02, 2.646968E+02, 2.661185E+02, 1.376437E+00, 5.957292E+00, 2.740658E+02, 2.665814E+02, 2.666741E+02, 2.731600E+02, 2.731600E+02
2024-01-17 21:00:15,2, 9.898221E+01, 2.646456E+02, 2.659662E+02, 1.314459E+00, 5.551846E+00, 2.739207E+02, 2.660964E+02, 2.658908E+02, 2.731600E+02, 2.731600E+02
2024-01-17 21:15:15,2, 7.233175E+01, 2.645027E+02, 2.657054E+02, 1.208347E+00, 4.508012E+00, 2.737527E+02, 2.655885E+02, 2.652008E+02, 2.731600E+02, 2.731600E+02
2024-01-17 21:30:15,2, 4.465370E+01, 2.643598E+02, 2.654994E+02, 1.137299E+00, 4.115001E+00, 2.735718E+02, 2.651835E+02, 2.646666E+02, 2.731600E+02, 2.731600E+02
2024-01-17 21:45:15,2, 1.606656E+01, 2.642169E+02, 2.652884E+02, 9.408986E-01, 3.592940E+00, 2.733782E+02, 2.647774E+02, 2.640895E+02, 2.731600E+02, 2.731600E+02
2024-01-17 22:00:15,2, 0.000000E+00, 2.640746E+02, 2.651028E+02, 0.000000E+00, 1.627084E+00, 2.731771E+02, 2.644937E+02, 2.637194E+02, 2.731600E+02, 2.731600E+02
2024-01-17 22:15:15,2, 0.000000E+00, 2.639659E+02, 2.650014E+02, 0.000000E+00, 1.258654E+00, 2.731600E+02, 2.644059E+02, 2.636338E+02, 2.731600E+02, 2.731600E+02
2024-01-17 22:30:15,2, 0.000000E+00, 2.638573E+02, 2.649091E+02, 0.000000E+00, 1.213985E+00, 2.731600E+02, 2.643303E+02, 2.635589E+02, 2.731600E+02, 2.731600E+02
2024-01-17 22:45:15,2, 0.000000E+00, 2.637486E+02, 2.648166E+02, 0.000000E+00, 1.189041E+00, 2.731600E+02, 2.642545E+02, 2.634837E+02, 2.731600E+02, 2.731600E+02
2024-01-17 23:00:15,2, 0.000000E+00, 2.636410E+02, 2.647240E+02, 0.000000E+00, 1.167938E+00, 2.731600E+02, 2.641788E+02, 2.634084E+02, 2.731600E+02, 2.731600E+02
2024-01-17 23:15:15,2, 0.000000E+00, 2.635949E+02, 2.646791E+02, 0.000000E+00, 1.214230E+00, 2.731600E+02, 2.641521E+02, 2.633879E+02, 2.731600E+02, 2.731600E+02
2024-01-17 23:30:15,2, 0.000000E+00, 2.635488E+02, 2.646442E+02, 0.000000E+00, 1.206668E+00, 2.731600E+02, 2.641362E+02, 2.633782E+02, 2.731600E+02, 2.731600E+02
2024-01-17 23:45:15,2, 0.000000E+00, 2.635027E+02, 2.646091E+02, 0.000000E+00, 1.194995E+00, 2.731600E+02, 2.641200E+02, 2.633683E+02, 2.731600E+02, 2.731600E+02
2024-01-18 00:00:15,1, 0.000000E+00, 2.634570E+02, 2.645735E+02, 0.000000E+00, 1.183824E+00, 2.731600E+02, 2.640721E+02, 2.632972E+02, 2.731600E+02, 2.731600E+02
2024-01-18 00:15:15,1, 0.000000E+00, 2.634348E+02, 2.645507E+02, 0.000000E+00, 1.201744E+00, 2.731600E+02, 2.640491E+02, 2.632730E+02, 2.731600E+02, 2.731600E+02
2024-01-18 00:30:15,1, 0.000000E+00, 2.634125E+02, 2.645305E+02, 0.000000E+00, 1.191045E+00, 2.731600E+02, 2.640284E+02, 2.632512E+02, 2.731600E+02, 2.731600E+02
2024-01-18 00:45:15,1, 0.000000E+00, 2.633903E+02, 2.645102E+02, 0.000000E+00, 1.178556E+00, 2.731600E+02, 2.640077E+02, 2.632294E+02, 2.731600E+02, 2.731600E+02
2024-01-18 01:00:15,1, 0.000000E+00, 2.633679E+02, 2.644900E+02, 0.000000E+00, 1.162719E+00, 2.731600E+02, 2.639869E+02, 2.632073E+02, 2.731600E+02, 2.731600E+02
2024-01-18 01:15:15,1, 0.000000E+00, 2.633400E+02, 2.644629E+02, 0.000000E+00, 1.082291E+00, 2.731600E+02, 2.639507E+02, 2.631651E+02, 2.731600E+02, 2.731600E+02
2024-01-18 01:30:15,1, 0.000000E+00, 2.633120E+02, 2.644344E+02, 0.000000E+00, 1.062016E+00, 2.731600E+02, 2.639130E+02, 2.631215E+02, 2.731600E+02, 2.731600E+02
2024-01-18 01:45:15,1, 0.000000E+00, 2.632840E+02, 2.644059E+02, 0.000000E+00, 1.045166E+00, 2.731600E+02, 2.638753E+02, 2.630778E+02, 2.731600E+02, 2.731600E+02
2024-01-18 02:00:15,1, 0.000000E+00, 2.632565E+02, 2.643774E+02, 0.000000E+00, 1.064161E+00, 2.731600E+02, 2.638376E+02, 2.630342E+02, 2.731600E+02, 2.731600E+02
2024-01-18 02:15:15,1, 0.000000E+00, 2.632543E+02, 2.643688E+02, 0.000000E+00, 1.762162E+00, 2.731600E+02, 2.638179E+02, 2.630133E+02, 2.731600E+02, 2.731600E+02
2024-01-18 02:30:15,1, 0.000000E+00, 2.632521E+02, 2.643640E+02, 0.000000E+00, 1.802656E+00, 2.731600E+02, 2.638026E+02, 2.629965E+02, 2.731600E+02, 2.731600E+02
2024-01-18 02:45:15,1, 0.000000E+00, 2.632499E+02, 2.643590E+02, 0.000000E+00, 1.806286E+00, 2.731600E+02, 2.637871E+02, 2.629795E+02, 2.731600E+02, 2.731600E+02
2024-01-18 03:00:15,1, 0.000000E+00, 2.632480E+02, 2.643539E+02, 0.000000E+00, 1.770651E+00, 2.731600E+02, 2.637715E+02, 2.629623E+02, 2.731600E+02, 2.731600E+02
2024-01-18 03:15:15,1, 0.000000E+00, 2.632659E+02, 2.643665E+02, 0.000000E+00, 1.053692E+00, 2.731600E+02, 2.637835E+02, 2.629725E+02, 2.731600E+02, 2.731600E+02
2024-01-18 03:30:15,1, 0.000000E+00, 2.632839E+02, 2.643822E+02, 0.000000E+00, 1.007818E+00, 2.731600E+02, 2.637997E+02, 2.629866E+02, 2.731600E+02, 2.731600E+02
2024-01-18 03:45:15,1, 0.000000E+00, 2.633019E+02, 2.643976E+02, 0.000000E+00, 9.970806E-01, 2.731600E+02, 2.638156E+02, 2.630003E+02, 2.731600E+02, 2.731600E+02
2024-01-18 04:00:15,1, 0.000000E+00, 2.633201E+02, 2.644132E+02, 0.000000E+00, 9.807443E-01, 2.731600E+02, 2.638315E+02, 2.630139E+02, 2.731600E+02, 2.731600E+02
2024-01-18 04:15:15,1, 0.000000E+00, 2.633577E+02, 2.644484E+02, 0.000000E+00, 8.300028E-01, 2.731600E+02, 2.638830E+02, 2.630730E+02, 2.731600E+02, 2.731600E+02
2024-01-18 04:30:15,1, 0.000000E+00, 2.633953E+02, 2.644876E+02, 0.000000E+00, 8.173386E-01, 2.731600E+02, 2.639392E+02, 2.631368E+02, 2.731600E+02, 2.731600E+02
2024-01-18 04:45:15,1, 0.000000E+00, 2.634329E+02, 2.645267E+02, 0.000000E+00, 8.124647E-01, 2.731600E+02, 2.639954E+02, 2.632007E+02, 2.731600E+02, 2.731600E+02
2024-01-18 05:00:15,1, 0.000000E+00, 2.634706E+02, 2.645658E+02, 0.000000E+00, 8.066831E-01, 2.731600E+02, 2.640516E+02, 2.632644E+02, 2.731600E+02, 2.731600E+02
2024-01-18 05:15:15,1, 0.000000E+00, 2.635115E+02, 2.646052E+02, 0.000000E+00, 7.734518E-01, 2.731600E+02, 2.641003E+02, 2.633180E+02, 2.731600E+02, 2.731600E+02
2024-01-18 05:30:15,1, 0.000000E+00, 2.635524E+02, 2.646447E+02, 0.000000E+00, 7.656543E-01, 2.731600E+02, 2.641490E+02, 2.633715E+02, 2.731600E+02, 2.731600E+02
2024-01-18 05:45:15,1, 0.000000E+00, 2.635933E+02, 2.646842E+02, 0.000000E+00, 7.593988E-01, 2.731600E+02, 2.641977E+02, 2.634251E+02, 2.731600E+02, 2.731600E+02
2024-01-18 06:00:15,1, 0.000000E+00, 2.636338E+02, 2.647236E+02, 0.000000E+00, 7.587072E-01, 2.731600E+02, 2.642463E+02, 2.634786E+02, 2.731600E+02, 2.731600E+02
2024-01-18 06:15:15,1, 0.000000E+00, 2.636517E+02, 2.647444E+02, 0.000000E+00, 8.591266E-01, 2.731600E+02, 2.642699E+02, 2.635039E+02, 2.731600E+02, 2.731600E+02
2024-01-18 06:30:15,1, 0.000000E+00, 2.636697E+02, 2.647613E+02, 0.000000E+00, 8.570459E-01, 2.731600E+02, 2.642893E+02, 2.635250E+02, 2.731600E+02, 2.731600E+02
2024-01-18 06:45:15,1, 0.000000E+00, 2.636876E+02, 2.647783E+02, 0.000000E+00, 8.488490E-01, 2.731600E+02, 2.643086E+02, 2.635461E+02, 2.731600E+02, 2.731600E+02
2024-01-18 07:00:15,1, 0.000000E+00, 2.637074E+02, 2.647955E+02, 0.000000E+00, 8.483771E-01, 2.731600E+02, 2.643288E+02, 2.635685E+02, 2.731600E+02, 2.731600E+02
2024-01-18 07:15:15,1, 0.000000E+00, 2.638356E+02, 2.649091E+02, 0.000000E+00, 1.040257E+00, 2.731600E+02, 2.644949E+02, 2.637672E+02, 2.731600E+02, 2.731600E+02
2024-01-18 07:30:15,1, 0.000000E+00, 2.639638E+02, 2.650426E+02, 0.000000E+00, 1.077272E+00, 2.731600E+02, 2.646835E+02, 2.639881E+02, 2.731600E+02, 2.731600E+02
2024-01-18 07:45:15,1, 0.000000E+00, 2.640920E+02, 2.651745E+02, 0.000000E+00, 1.102511E+00, 2.731600E+02, 2.648712E+02, 2.642078E+02, 2.731600E+02, 2.731600E+02
2024-01-18 08:00:15,1, 0.000000E+00, 2.642193E+02, 2.653114E+02, 0.000000E+00, 1.121573E+00, 2.731600E+02, 2.650629E+02, 2.644319E+02, 2.731600E+02, 2.731600E+02
2024-01-18 08:15:15,1, 0.000000E+00, 2.642951E+02, 2.653915E+02, 0.000000E+00, 9.429760E-01, 2.731600E+02, 2.651475E+02, 2.645190E+02, 2.731600E+02, 2.731600E+02
2024-01-18 08:30:15,1, 0.000000E+00, 2.643708E+02, 2.654596E+02, 0.000000E+00, 9.306940E-01, 2.731600E+02, 2.652188E+02, 2.645930E+02, 2.731600E+02, 2.731600E+02
2024-01-18 08:45:15,1, 0.000000E+00, 2.644465E+02, 2.655276E+02, 0.000000E+00, 9.296403E-01, 2.731600E+02, 2.652899E+02, 2.646666E+02, 2.731600E+02, 2.731600E+02
2024-01-18 09:00:15,1, 0.000000E+00, 2.645219E+02, 2.655954E+02, 0.000000E+00, 9.355821E-01, 2.731600E+02, 2.653608E+02, 2.647401E+02, 2.731600E+02, 2.731600E+02
2024-01-18 09:15:15,1, 0.000000E+00, 2.645818E+02, 2.656550E+02, 0.000000E+00, 1.066887E+00, 2.731600E+02, 2.654245E+02, 2.648125E+02, 2.731600E+02, 2.731600E+02
2024-01-18 09:30:15,1, 0.000000E+00, 2.646416E+02, 2.657127E+02, 0.000000E+00, 1.077974E+00, 2.731600E+02, 2.654864E+02, 2.648831E+02, 2.731600E+02, 2.731600E+02
2024-01-18 09:45:15,1, 0.000000E+00, 2.647014E+02, 2.657701E+02, 0.000000E+00, 1.080963E+00, 2.731600E+02, 2.655480E+02, 2.649531E+02, 2.731600E+02, 2.731600E+02
2024-01-18 10:00:15,1, 0.000000E+00, 2.647606E+02, 2.658272E+02, 0.000000E+00, 1.083896E+00, 2.731600E+02, 2.656091E+02, 2.650221E+02, 2.731600E+02, 2.731600E+02
2024-01-18 10:15:15,1, 0.000000E+00, 2.647803E+02, 2.658471E+02, 0.000000E+00, 1.080703E+00, 2.731600E+02, 2.656119E+02, 2.650187E+02, 2.731600E+02, 2.731600E+02
2024-01-18 10:30:15,1, 0.000000E+00, 2.648000E+02, 2.658590E+02, 0.000000E+00, 1.069540E+00, 2.731600E+02, 2.656057E+02, 2.650065E+02, 2.731600E+02, 2.731600E+02
2024-01-18 10:45:15,1, 0.000000E+00, 2.648197E+02, 2.658704E+02, 0.000000E+00, 1.058354E+00, 2.731600E+02, 2.655990E+02, 2.649939E+02, 2.731600E+02, 2.731600E+02
2024-01-18 11:00:15,1, 0.000000E+00, 2.648404E+02, 2.658818E+02, 0.000000E+00, 1.033572E+00, 2.731600E+02, 2.655929E+02, 2.649825E+02, 2.731600E+02, 2.731600E+02
2024-01-18 11:15:15,1, 0.000000E+00, 2.649198E+02, 2.659598E+02, 0.000000E+00, 7.692919E-01, 2.731600E+02, 2.657276E+02, 2.651446E+02, 2.731600E+02, 2.731600E+02
2024-01-18 11:30:15,1, 0.000000E+00, 2.649993E+02, 2.660503E+02, 0.000000E+00, 7.648289E-01, 2.731600E+02, 2.658781E+02, 2.653229E+02, 2.731600E+02, 2.731600E+02
2024-01-18 11:45:15,1, 0.000000E+00, 2.650787E+02, 2.661395E+02, 0.000000E+00, 7.772459E-01, 2.731600E+02, 2.660287E+02, 2.655020E+02, 2.731600E+02, 2.731600E+02
2024-01-18 12:00:15,1, 0.000000E+00, 2.651578E+02, 2.662272E+02, 0.000000E+00, 7.956389E-01, 2.731600E+02, 2.661787E+02, 2.656807E+02, 2.731600E+02, 2.731600E+02
2024-01-18 12:15:15,1, 0.000000E+00, 2.652121E+02, 2.662781E+02, 0.000000E+00, 8.858793E-01, 2.731600E+02, 2.662068E+02, 2.657006E+02, 2.731600E+02, 2.731600E+02
2024-01-18 12:30:15,1, 0.000000E+00, 2.652665E+02, 2.663208E+02, 0.000000E+00, 8.821969E-01, 2.731600E+02, 2.662251E+02, 2.657113E+02, 2.731600E+02, 2.731600E+02
2024-01-18 12:45:15,1, 0.000000E+00, 2.653209E+02, 2.663633E+02, 0.000000E+00, 8.724804E-01, 2.731600E+02, 2.662431E+02, 2.657218E+02, 2.731600E+02, 2.731600E+02
2024-01-18 13:00:15,1, 2.466357E+01, 2.653767E+02, 2.664120E+02, 1.244429E+00, 1.062119E+00, 2.731600E+02, 2.663680E+02, 2.659149E+02, 2.731600E+02, 2.731600E+02
2024-01-18 13:15:15,1, 3.972468E+01, 2.655168E+02, 2.666007E+02, 1.352651E+00, 3.347584E+00, 2.731600E+02, 2.667387E+02, 2.663605E+02, 2.731600E+02, 2.731600E+02
2024-01-18 13:30:15,1, 5.422927E+01, 2.656570E+02, 2.667748E+02, 1.407847E+00, 3.737182E+00, 2.731600E+02, 2.670226E+02, 2.667068E+02, 2.731600E+02, 2.731600E+02
2024-01-18 13:45:15,1, 6.811524E+01, 2.657971E+02, 2.669443E+02, 1.456535E+00, 3.972328E+00, 2.731600E+02, 2.672948E+02, 2.670413E+02, 2.731600E+02, 2.731600E+02
2024-01-18 14:00:15,1, 1.228344E+02, 2.659385E+02, 2.671301E+02, 1.508103E+00, 4.178329E+00, 2.731600E+02, 2.677757E+02, 2.677562E+02, 2.731600E+02, 2.731600E+02
2024-01-18 14:15:15,1, 1.416745E+02, 2.661602E+02, 2.674780E+02, 1.648151E+00, 4.211567E+00, 2.731600E+02, 2.683318E+02, 2.683883E+02, 2.731600E+02, 2.731600E+02
2024-01-18 14:30:15,1, 1.593244E+02, 2.663819E+02, 2.677179E+02, 1.708613E+00, 4.458498E+00, 2.731600E+02, 2.686620E+02, 2.687539E+02, 2.731600E+02, 2.731600E+02
2024-01-18 14:45:15,1, 1.757084E+02, 2.666036E+02, 2.679526E+02, 1.767314E+00, 4.726212E+00, 2.731600E+02, 2.689756E+02, 2.690983E+02, 2.731600E+02, 2.731600E+02
2024-01-18 15:00:15,1, 1.612142E+02, 2.668248E+02, 2.681734E+02, 1.822417E+00, 4.949438E+00, 2.731600E+02, 2.691309E+02, 2.691860E+02, 2.731600E+02, 2.731600E+02
2024-01-18 15:15:15,1, 1.727481E+02, 2.670163E+02, 2.683172E+02, 1.825924E+00, 4.478144E+00, 2.731600E+02, 2.693055E+02, 2.693992E+02, 2.731600E+02, 2.731600E+02
2024-01-18 15:30:15,1, 1.830489E+02, 2.672077E+02, 2.685270E+02, 1.886567E+00, 4.718529E+00, 2.731600E+02, 2.696100E+02, 2.697511E+02, 2.731600E+02, 2.731600E+02
2024-01-18 15:45:15,1, 1.920727E+02, 2.673991E+02, 2.687333E+02, 1.946096E+00, 4.973805E+00, 2.731600E+02, 2.699019E+02, 2.700870E+02, 2.731600E+02, 2.731600E+02
2024-01-18 16:00:15,1, 2.212798E+02, 2.675911E+02, 2.689425E+02, 2.005445E+00, 5.240586E+00, 2.731600E+02, 2.702839E+02, 2.705681E+02, 2.731600E+02, 2.731600E+02
2024-01-18 16:15:15,1, 2.283234E+02, 2.678197E+02, 2.692111E+02, 2.103868E+00, 5.831928E+00, 2.731600E+02, 2.706333E+02, 2.709425E+02, 2.731600E+02, 2.731600E+02
2024-01-18 16:30:15,1, 2.338429E+02, 2.680483E+02, 2.694305E+02, 2.155661E+00, 6.069749E+00, 2.731600E+02, 2.708720E+02, 2.711994E+02, 2.731600E+02, 2.731600E+02
2024-01-18 16:45:15,1, 2.378148E+02, 2.682768E+02, 2.696453E+02, 2.204889E+00, 6.288188E+00, 2.731600E+02, 2.710956E+02, 2.714376E+02, 2.731600E+02, 2.731600E+02
2024-01-18 17:00:15,1, 1.966231E+02, 2.685034E+02, 2.698421E+02, 2.248493E+00, 6.488917E+00, 2.731600E+02, 2.711002E+02, 2.713428E+02, 2.731600E+02, 2.731600E+02
2024-01-18 17:15:15,1, 1.973042E+02, 2.686134E+02, 2.698642E+02, 2.184947E+00, 6.442056E+00, 2.731600E+02, 2.710423E+02, 2.712944E+02, 2.731600E+02, 2.731600E+02
2024-01-18 17:30:15,1, 1.966933E+02, 2.687234E+02, 2.699676E+02, 2.210522E+00, 6.539570E+00, 2.731600E+02, 2.711575E+02, 2.714208E+02, 2.731600E+02, 2.731600E+02
2024-01-18 17:45:15,1, 1.947928E+02, 2.688333E+02, 2.700679E+02, 2.233412E+00, 6.608940E+00, 2.731600E+02, 2.712609E+02, 2.715322E+02, 2.731600E+02, 2.731600E+02
2024-01-18 18:00:15,1, 1.972567E+02, 2.689429E+02, 2.701662E+02, 2.253912E+00, 6.670654E+00, 2.731600E+02, 2.713794E+02, 2.716704E+02, 2.731600E+02, 2.731600E+02
2024-01-18 18:15:15,1, 1.926762E+02, 2.690275E+02, 2.702482E+02, 2.274677E+00, 6.850500E+00, 2.731600E+02, 2.714441E+02, 2.717270E+02, 2.731600E+02, 2.731600E+02
2024-01-18 18:30:15,1, 1.868102E+02, 2.691121E+02, 2.703085E+02, 2.277632E+00, 6.806020E+00, 2.731600E+02, 2.714638E+02, 2.717348E+02, 2.731600E+02, 2.731600E+02
2024-01-18 18:45:15,1, 1.796840E+02, 2.691968E+02, 2.703649E+02, 2.277299E+00, 6.735673E+00, 2.731600E+02, 2.714707E+02, 2.717262E+02, 2.731600E+02, 2.731600E+02
2024-01-18 19:00:15,1, 1.665867E+02, 2.692817E+02, 2.704160E+02, 2.273001E+00, 6.656358E+00, 2.731600E+02, 2.714409E+02, 2.716636E+02, 2.731600E+02, 2.731600E+02
2024-01-18 19:15:15,1, 1.573009E+02, 2.693824E+02, 2.704657E+02, 2.257240E+00, 6.826163E+00, 2.731600E+02, 2.714104E+02, 2.716116E+02, 2.731600E+02, 2.731600E+02
2024-01-18 19:30:15,1, 1.468939E+02, 2.694832E+02, 2.705260E+02, 2.250158E+00, 6.753786E+00, 2.731600E+02, 2.713932E+02, 2.715705E+02, 2.731600E+02, 2.731600E+02
2024-01-18 19:45:15,1, 1.354103E+02, 2.695839E+02, 2.705823E+02, 2.239690E+00, 6.639994E+00, 2.731600E+02, 2.713635E+02, 2.715134E+02, 2.731600E+02, 2.731600E+02
2024-01-18 20:00:15,1, 9.480505E+01, 2.696834E+02, 2.706251E+02, 2.217729E+00, 6.496161E+00, 2.731600E+02, 2.711762E+02, 2.712037E+02, 2.731600E+02, 2.731600E+02
2024-01-18 20:15:15,1, 8.440267E+01, 2.697088E+02, 2.705421E+02, 2.124402E+00, 6.033441E+00, 2.731600E+02, 2.709425E+02, 2.709271E+02, 2.731600E+02, 2.731600E+02
2024-01-18 20:30:15,1, 7.329357E+01, 2.697341E+02, 2.705285E+02, 2.096382E+00, 5.856041E+00, 2.731600E+02, 2.708489E+02, 2.707994E+02, 2.731600E+02, 2.731600E+02
2024-01-18 20:45:15,1, 6.152532E+01, 2.697594E+02, 2.705115E+02, 2.061836E+00, 5.620602E+00, 2.731600E+02, 2.707437E+02, 2.706554E+02, 2.731600E+02, 2.731600E+02
2024-01-18 21:00:15,1, 4.420024E+01, 2.697829E+02, 2.704861E+02, 1.999895E+00, 5.289997E+00, 2.731600E+02, 2.705958E+02, 2.704419E+02, 2.731600E+02, 2.731600E+02
2024-01-18 21:15:15,1, 3.256950E+01, 2.696989E+02, 2.703799E+02, 1.888023E+00, 3.759720E+00, 2.731600E+02, 2.703836E+02, 2.701750E+02, 2.731600E+02, 2.731600E+02
2024-01-18 21:30:15,1, 2.048876E+01, 2.696149E+02, 2.702720E+02, 1.665254E+00, 3.031641E+00, 2.731600E+02, 2.701860E+02, 2.699213E+02, 2.731600E+02, 2.731600E+02
2024-01-18 21:45:15,1, 8.009745E+00, 2.695308E+02, 2.701640E+02, 9.820478E-01, 1.964379E+00, 2.731600E+02, 2.699945E+02, 2.696720E+02, 2.731600E+02, 2.731600E+02
2024-01-18 22:00:15,1, 0.000000E+00, 2.694467E+02, 2.700681E+02, 0.000000E+00, 1.257244E-01, 2.731600E+02, 2.698519E+02, 2.695079E+02, 2.731600E+02, 2.731600E+02
2024-01-18 22:15:15,1, 0.000000E+00, 2.693535E+02, 2.699763E+02, 0.000000E+00, 1.231785E+00, 2.731600E+02, 2.697324E+02, 2.693677E+02, 2.731600E+02, 2.731600E+02
2024-01-18 22:30:15,1, 0.000000E+00, 2.692604E+02, 2.698816E+02, 0.000000E+00, 1.458373E+00, 2.731600E+02, 2.696089E+02, 2.692241E+02, 2.731600E+02, 2.731600E+02
2024-01-18 22:45:15,1, 0.000000E+00, 2.691673E+02, 2.697871E+02, 0.000000E+00, 1.488431E+00, 2.731600E+02, 2.694855E+02, 2.690808E+02, 2.731600E+02, 2.731600E+02
2024-01-18 23:00:15,1, 0.000000E+00, 2.690730E+02, 2.696926E+02, 0.000000E+00, 1.486281E+00, 2.731600E+02, 2.693625E+02, 2.689380E+02, 2.731600E+02, 2.731600E+02
2024-01-18 23:15:15,1, 0.000000E+00, 2.689073E+02, 2.695513E+02, 0.000000E+00, 1.743727E+00, 2.731600E+02, 2.692048E+02, 2.687601E+02, 2.731600E+02, 2.731600E+02
2024-01-18 23:30:15,1, 0.000000E+00, 2.687416E+02, 2.693961E+02, 0.000000E+00, 1.758597E+00, 2.731600E+02, 2.690327E+02, 2.685673E+02, 2.731600E+02, 2.731600E+02
2024-01-18 23:45:15,1, 0.000000E+00, 2.685759E+02, 2.692403E+02, 0.000000E+00, 1.736447E+00, 2.731600E+02, 2.688601E+02, 2.683738E+02, 2.731600E+02, 2.731600E+02
2024-01-18 00:00:15,2, 0.000000E+00, 2.634570E+02, 2.645740E+02, 0.000000E+00, 1.184451E+00, 2.731600E+02, 2.641036E+02, 2.633579E+02, 2.731600E+02, 2.731600E+02
2024-01-18 00:15:15,2, 0.000000E+00, 2.634348E+02, 2.645513E+02, 0.000000E+00, 1.202363E+00, 2.731600E+02, 2.640807E+02, 2.633339E+02, 2.731600E+02, 2.731600E+02
2024-01-18 00:30:15,2, 0.000000E+00, 2.634125E+02, 2.645311E+02, 0.000000E+00, 1.191658E+00, 2.731600E+02, 2.640600E+02, 2.633121E+02, 2.731600E+02, 2.731600E+02
2024-01-18 00:45:15,2, 0.000000E+00, 2.633903E+02, 2.645108E+02, 0.000000E+00, 1.179162E+00, 2.731600E+02, 2.640394E+02, 2.632904E+02, 2.731600E+02, 2.731600E+02
2024-01-18 01:00:15,2, 0.000000E+00, 2.633679E+02, 2.644906E+02, 0.000000E+00, 1.163319E+00, 2.731600E+02, 2.640186E+02, 2.632684E+02, 2.731600E+02, 2.731600E+02
2024-01-18 01:15:15,2, 0.000000E+00, 2.633400E+02, 2.644635E+02, 0.000000E+00, 1.082883E+00, 2.731600E+02, 2.639827E+02, 2.632268E+02, 2.731600E+02, 2.731600E+02
2024-01-18 01:30:15,2, 0.000000E+00, 2.633120E+02, 2.644350E+02, 0.000000E+00, 1.062596E+00, 2.731600E+02, 2.639452E+02, 2.631836E+02, 2.731600E+02, 2.731600E+02
2024-01-18 01:45:15,2, 0.000000E+00, 2.632840E+02, 2.644065E+02, 0.000000E+00, 1.045735E+00, 2.731600E+02, 2.639078E+02, 2.631405E+02, 2.731600E+02, 2.731600E+02
2024-01-18 02:00:15,2, 0.000000E+00, 2.632565E+02, 2.643780E+02, 0.000000E+00, 1.064713E+00, 2.731600E+02, 2.638703E+02, 2.630974E+02, 2.731600E+02, 2.731600E+02
2024-01-18 02:15:15,2, 0.000000E+00, 2.632543E+02, 2.643694E+02, 0.000000E+00, 1.762691E+00, 2.731600E+02, 2.638508E+02, 2.630768E+02, 2.731600E+02, 2.731600E+02
2024-01-18 02:30:15,2, 0.000000E+00, 2.632521E+02, 2.643646E+02, 0.000000E+00, 1.803204E+00, 2.731600E+02, 2.638356E+02, 2.630603E+02, 2.731600E+02, 2.731600E+02
2024-01-18 02:45:15,2, 0.000000E+00, 2.632499E+02, 2.643596E+02, 0.000000E+00, 1.806837E+00, 2.731600E+02, 2.638202E+02, 2.630435E+02, 2.731600E+02, 2.731600E+02
2024-01-18 03:00:15,2, 0.000000E+00, 2.632480E+02, 2.643545E+02, 0.000000E+00, 1.771198E+00, 2.731600E+02, 2.638046E+02, 2.630265E+02, 2.731600E+02, 2.731600E+02
2024-01-18 03:15:15,2, 0.000000E+00, 2.632659E+02, 2.643671E+02, 0.000000E+00, 1.054259E+00, 2.731600E+02, 2.638167E+02, 2.630369E+02, 2.731600E+02, 2.731600E+02
2024-01-18 03:30:15,2, 0.000000E+00, 2.632839E+02, 2.643827E+02, 0.000000E+00, 1.008360E+00, 2.731600E+02, 2.638329E+02, 2.630511E+02, 2.731600E+02, 2.731600E+02
2024-01-18 03:45:15,2, 0.000000E+00, 2.633019E+02, 2.643982E+02, 0.000000E+00, 9.976025E-01, 2.731600E+02, 2.638489E+02, 2.630649E+02, 2.731600E+02, 2.731600E+02
2024-01-18 04:00:15,2, 0.000000E+00, 2.633201E+02, 2.644138E+02, 0.000000E+00, 9.812810E-01, 2.731600E+02, 2.638650E+02, 2.630787E+02, 2.731600E+02, 2.731600E+02
2024-01-18 04:15:15,2, 0.000000E+00, 2.633577E+02, 2.644490E+02, 0.000000E+00, 8.305376E-01, 2.731600E+02, 2.639161E+02, 2.631371E+02, 2.731600E+02, 2.731600E+02
2024-01-18 04:30:15,2, 0.000000E+00, 2.633953E+02, 2.644882E+02, 0.000000E+00, 8.178700E-01, 2.731600E+02, 2.639720E+02, 2.632001E+02, 2.731600E+02, 2.731600E+02
2024-01-18 04:45:15,2, 0.000000E+00, 2.634329E+02, 2.645273E+02, 0.000000E+00, 8.129956E-01, 2.731600E+02, 2.640278E+02, 2.632632E+02, 2.731600E+02, 2.731600E+02
2024-01-18 05:00:15,2, 0.000000E+00, 2.634706E+02, 2.645663E+02, 0.000000E+00, 8.072145E-01, 2.731600E+02, 2.640836E+02, 2.633262E+02, 2.731600E+02, 2.731600E+02
2024-01-18 05:15:15,2, 0.000000E+00, 2.635115E+02, 2.646058E+02, 0.000000E+00, 7.739828E-01, 2.731600E+02, 2.641321E+02, 2.633793E+02, 2.731600E+02, 2.731600E+02
2024-01-18 05:30:15,2, 0.000000E+00, 2.635524E+02, 2.646453E+02, 0.000000E+00, 7.661828E-01, 2.731600E+02, 2.641806E+02, 2.634324E+02, 2.731600E+02, 2.731600E+02
2024-01-18 05:45:15,2, 0.000000E+00, 2.635933E+02, 2.646848E+02, 0.000000E+00, 7.599255E-01, 2.731600E+02, 2.642291E+02, 2.634855E+02, 2.731600E+02, 2.731600E+02
2024-01-18 06:00:15,2, 0.000000E+00, 2.636338E+02, 2.647242E+02, 0.000000E+00, 7.592312E-01, 2.731600E+02, 2.642774E+02, 2.635385E+02, 2.731600E+02, 2.731600E+02
2024-01-18 06:15:15,2, 0.000000E+00, 2.636517E+02, 2.647449E+02, 0.000000E+00, 8.596466E-01, 2.731600E+02, 2.643010E+02, 2.635637E+02, 2.731600E+02, 2.731600E+02
2024-01-18 06:30:15,2, 0.000000E+00, 2.636697E+02, 2.647619E+02, 0.000000E+00, 8.575639E-01, 2.731600E+02, 2.643203E+02, 2.635846E+02, 2.731600E+02, 2.731600E+02
2024-01-18 06:45:15,2, 0.000000E+00, 2.636876E+02, 2.647788E+02, 0.000000E+00, 8.493633E-01, 2.731600E+02, 2.643396E+02, 2.636056E+02, 2.731600E+02, 2.731600E+02
2024-01-18 07:00:15,2, 0.000000E+00, 2.637074E+02, 2.647961E+02, 0.000000E+00, 8.488859E-01, 2.731600E+02, 2.643597E+02, 2.636278E+02, 2.731600E+02, 2.731600E+02
2024-01-18 07:15:15,2, 0.000000E+00, 2.638356E+02, 2.649097E+02, 0.000000E+00, 1.040767E+00, 2.731600E+02, 2.645244E+02, 2.638235E+02, 2.731600E+02, 2.731600E+02
2024-01-18 07:30:15,2, 0.000000E+00, 2.639638E+02, 2.650432E+02, 0.000000E+00, 1.077807E+00, 2.731600E+02, 2.647115E+02, 2.640414E+02, 2.731600E+02, 2.731600E+02
2024-01-18 07:45:15,2, 0.000000E+00, 2.640920E+02, 2.651750E+02, 0.000000E+00, 1.103087E+00, 2.731600E+02, 2.648978E+02, 2.642583E+02, 2.731600E+02, 2.731600E+02
2024-01-18 08:00:15,2, 0.000000E+00, 2.642193E+02, 2.653119E+02, 0.000000E+00, 1.122163E+00, 2.731600E+02, 2.650881E+02, 2.644794E+02, 2.731600E+02, 2.731600E+02
2024-01-18 08:15:15,2, 0.000000E+00, 2.642951E+02, 2.653920E+02, 0.000000E+00, 9.435839E-01, 2.731600E+02, 2.651726E+02, 2.645662E+02, 2.731600E+02, 2.731600E+02
2024-01-18 08:30:15,2, 0.000000E+00, 2.643708E+02, 2.654601E+02, 0.000000E+00, 9.312972E-01, 2.731600E+02, 2.652438E+02, 2.646399E+02, 2.731600E+02, 2.731600E+02
2024-01-18 08:45:15,2, 0.000000E+00, 2.644465E+02, 2.655281E+02, 0.000000E+00, 9.302430E-01, 2.731600E+02, 2.653147E+02, 2.647134E+02, 2.731600E+02, 2.731600E+02
2024-01-18 09:00:15,2, 0.000000E+00, 2.645219E+02, 2.655959E+02, 0.000000E+00, 9.361840E-01, 2.731600E+02, 2.653856E+02, 2.647866E+02, 2.731600E+02, 2.731600E+02
2024-01-18 09:15:15,2, 0.000000E+00, 2.645818E+02, 2.656555E+02, 0.000000E+00, 1.067490E+00, 2.731600E+02, 2.654489E+02, 2.648584E+02, 2.731600E+02, 2.731600E+02
2024-01-18 09:30:15,2, 0.000000E+00, 2.646416E+02, 2.657132E+02, 0.000000E+00, 1.078586E+00, 2.731600E+02, 2.655105E+02, 2.649283E+02, 2.731600E+02, 2.731600E+02
2024-01-18 09:45:15,2, 0.000000E+00, 2.647014E+02, 2.657706E+02, 0.000000E+00, 1.081579E+00, 2.731600E+02, 2.655718E+02, 2.649976E+02, 2.731600E+02, 2.731600E+02
2024-01-18 10:00:15,2, 0.000000E+00, 2.647606E+02, 2.658277E+02, 0.000000E+00, 1.084515E+00, 2.731600E+02, 2.656325E+02, 2.650660E+02, 2.731600E+02, 2.731600E+02
2024-01-18 10:15:15,2, 0.000000E+00, 2.647803E+02, 2.658476E+02, 0.000000E+00, 1.081323E+00, 2.731600E+02, 2.656356E+02, 2.650633E+02, 2.731600E+02, 2.731600E+02
2024-01-18 10:30:15,2, 0.000000E+00, 2.648000E+02, 2.658595E+02, 0.000000E+00, 1.070155E+00, 2.731600E+02, 2.656297E+02, 2.650517E+02, 2.731600E+02, 2.731600E+02
2024-01-18 10:45:15,2, 0.000000E+00, 2.648197E+02, 2.658709E+02, 0.000000E+00, 1.058966E+00, 2.731600E+02, 2.656233E+02, 2.650398E+02, 2.731600E+02, 2.731600E+02
2024-01-18 11:00:15,2, 0.000000E+00, 2.648404E+02, 2.658822E+02, 0.000000E+00, 1.034143E+00, 2.731600E+02, 2.656172E+02, 2.650287E+02, 2.731600E+02, 2.731600E+02
2024-01-18 11:15:15,2, 0.000000E+00, 2.649198E+02, 2.659603E+02, 0.000000E+00, 7.699029E-01, 2.731600E+02, 2.657509E+02, 2.651885E+02, 2.731600E+02, 2.731600E+02
2024-01-18 11:30:15,2, 0.000000E+00, 2.649993E+02, 2.660508E+02, 0.000000E+00, 7.654368E-01, 2.731600E+02, 2.659002E+02, 2.653641E+02, 2.731600E+02, 2.731600E+02
2024-01-18 11:45:15,2, 0.000000E+00, 2.650787E+02, 2.661399E+02, 0.000000E+00, 7.778558E-01, 2.731600E+02, 2.660496E+02, 2.655405E+02, 2.731600E+02, 2.731600E+02
2024-01-18 12:00:15,2, 0.000000E+00, 2.651578E+02, 2.662275E+02, 0.000000E+00, 7.962286E-01, 2.731600E+02, 2.661983E+02, 2.657163E+02, 2.731600E+02, 2.731600E+02
2024-01-18 12:15:15,2, 0.000000E+00, 2.652121E+02, 2.662783E+02, 0.000000E+00, 8.864952E-01, 2.731600E+02, 2.662267E+02, 2.657370E+02, 2.731600E+02, 2.731600E+02
2024-01-18 12:30:15,2, 0.000000E+00, 2.652665E+02, 2.663212E+02, 0.000000E+00, 8.828254E-01, 2.731600E+02, 2.662453E+02, 2.657486E+02, 2.731600E+02, 2.731600E+02
2024-01-18 12:45:15,2, 0.000000E+00, 2.653209E+02, 2.663637E+02, 0.000000E+00, 8.731077E-01, 2.731600E+02, 2.662637E+02, 2.657599E+02, 2.731600E+02, 2.731600E+02
2024-01-18 13:00:15,2, 2.466357E+01, 2.653767E+02, 2.664124E+02, 1.244957E+00, 1.062769E+00, 2.731600E+02, 2.663856E+02, 2.659456E+02, 2.731600E+02, 2.731600E+02
2024-01-18 13:15:15,2, 3.972468E+01, 2.655168E+02, 2.666050E+02, 1.353868E+00, 3.357575E+00, 2.731600E+02, 2.667563E+02, 2.663876E+02, 2.731600E+02, 2.731600E+02
2024-01-18 13:30:15,2, 5.422927E+01, 2.656570E+02, 2.667747E+02, 1.408631E+00, 3.737153E+00, 2.731600E+02, 2.670338E+02, 2.667257E+02, 2.731600E+02, 2.731600E+02
2024-01-18 13:45:15,2, 6.811524E+01, 2.657971E+02, 2.669449E+02, 1.457505E+00, 3.975681E+00, 2.731600E+02, 2.673041E+02, 2.670561E+02, 2.731600E+02, 2.731600E+02
2024-01-18 14:00:15,2, 1.228344E+02, 2.659385E+02, 2.671306E+02, 1.509122E+00, 4.181226E+00, 2.731600E+02, 2.677747E+02, 2.677443E+02, 2.731600E+02, 2.731600E+02
2024-01-18 14:15:15,2, 1.416745E+02, 2.661602E+02, 2.674783E+02, 1.649117E+00, 4.214200E+00, 2.731600E+02, 2.683272E+02, 2.683688E+02, 2.731600E+02, 2.731600E+02
2024-01-18 14:30:15,2, 1.593244E+02, 2.663819E+02, 2.677181E+02, 1.709607E+00, 4.461229E+00, 2.731600E+02, 2.686560E+02, 2.687321E+02, 2.731600E+02, 2.731600E+02
2024-01-18 14:45:15,2, 1.757084E+02, 2.666036E+02, 2.679528E+02, 1.768338E+00, 4.729054E+00, 2.731600E+02, 2.689684E+02, 2.690744E+02, 2.731600E+02, 2.731600E+02
2024-01-18 15:00:15,2, 1.612142E+02, 2.668248E+02, 2.681737E+02, 1.823467E+00, 4.952456E+00, 2.731600E+02, 2.691266E+02, 2.691711E+02, 2.731600E+02, 2.731600E+02
2024-01-18 15:15:15,2, 1.727481E+02, 2.670163E+02, 2.683176E+02, 1.827122E+00, 4.481910E+00, 2.731600E+02, 2.693001E+02, 2.693825E+02, 2.731600E+02, 2.731600E+02
2024-01-18 15:30:15,2, 1.830489E+02, 2.672077E+02, 2.685274E+02, 1.887814E+00, 4.722491E+00, 2.731600E+02, 2.696027E+02, 2.697304E+02, 2.731600E+02, 2.731600E+02
2024-01-18 15:45:15,2, 1.920727E+02, 2.673991E+02, 2.687337E+02, 1.947390E+00, 4.977989E+00, 2.731600E+02, 2.698927E+02, 2.700624E+02, 2.731600E+02, 2.731600E+02
2024-01-18 16:00:15,2, 2.212798E+02, 2.675911E+02, 2.689429E+02, 2.006785E+00, 5.244935E+00, 2.731600E+02, 2.702706E+02, 2.705337E+02, 2.731600E+02, 2.731600E+02
2024-01-18 16:15:15,2, 2.283234E+02, 2.678197E+02, 2.692115E+02, 2.105183E+00, 5.836081E+00, 2.731600E+02, 2.706186E+02, 2.709053E+02, 2.731600E+02, 2.731600E+02
2024-01-18 16:30:15,2, 2.338429E+02, 2.680483E+02, 2.694308E+02, 2.157009E+00, 6.074049E+00, 2.731600E+02, 2.708565E+02, 2.711607E+02, 2.731600E+02, 2.731600E+02
2024-01-18 16:45:15,2, 2.378148E+02, 2.682768E+02, 2.696456E+02, 2.206267E+00, 6.292621E+00, 2.731600E+02, 2.710796E+02, 2.713979E+02, 2.731600E+02, 2.731600E+02
2024-01-18 17:00:15,2, 1.966231E+02, 2.685034E+02, 2.698425E+02, 2.249897E+00, 6.493500E+00, 2.731600E+02, 2.710881E+02, 2.713136E+02, 2.731600E+02, 2.731600E+02
2024-01-18 17:15:15,2, 1.973042E+02, 2.686134E+02, 2.698647E+02, 2.186462E+00, 6.447258E+00, 2.731600E+02, 2.710304E+02, 2.712660E+02, 2.731600E+02, 2.731600E+02
2024-01-18 17:30:15,2, 1.966933E+02, 2.687234E+02, 2.699681E+02, 2.212056E+00, 6.544842E+00, 2.731600E+02, 2.711452E+02, 2.713914E+02, 2.731600E+02, 2.731600E+02
2024-01-18 17:45:15,2, 1.947928E+02, 2.688333E+02, 2.700683E+02, 2.234961E+00, 6.614257E+00, 2.731600E+02, 2.712482E+02, 2.715020E+02, 2.731600E+02, 2.731600E+02
2024-01-18 18:00:15,2, 1.972567E+02, 2.689429E+02, 2.701667E+02, 2.255474E+00, 6.675999E+00, 2.731600E+02, 2.713659E+02, 2.716384E+02, 2.731600E+02, 2.731600E+02
2024-01-18 18:15:15,2, 1.926762E+02, 2.690275E+02, 2.702486E+02, 2.276237E+00, 6.855793E+00, 2.731600E+02, 2.714309E+02, 2.716956E+02, 2.731600E+02, 2.731600E+02
2024-01-18 18:30:15,2, 1.868102E+02, 2.691121E+02, 2.703089E+02, 2.279188E+00, 6.811263E+00, 2.731600E+02, 2.714511E+02, 2.717044E+02, 2.731600E+02, 2.731600E+02
2024-01-18 18:45:15,2, 1.796840E+02, 2.691968E+02, 2.703653E+02, 2.278849E+00, 6.740834E+00, 2.731600E+02, 2.714586E+02, 2.716972E+02, 2.731600E+02, 2.731600E+02
2024-01-18 19:00:15,2, 1.665867E+02, 2.692817E+02, 2.704164E+02, 2.274539E+00, 6.661417E+00, 2.731600E+02, 2.714301E+02, 2.716377E+02, 2.731600E+02, 2.731600E+02
2024-01-18 19:15:15,2, 1.573009E+02, 2.693824E+02, 2.704660E+02, 2.258772E+00, 6.831139E+00, 2.731600E+02, 2.714006E+02, 2.715877E+02, 2.731600E+02, 2.731600E+02
2024-01-18 19:30:15,2, 1.468939E+02, 2.694832E+02, 2.705264E+02, 2.251676E+00, 6.758643E+00, 2.731600E+02, 2.713844E+02, 2.715487E+02, 2.731600E+02, 2.731600E+02
2024-01-18 19:45:15,2, 1.354103E+02, 2.695839E+02, 2.705826E+02, 2.241190E+00, 6.644717E+00, 2.731600E+02, 2.713558E+02, 2.714939E+02, 2.731600E+02, 2.731600E+02
2024-01-18 20:00:15,2, 9.480505E+01, 2.696834E+02, 2.706255E+02, 2.219184E+00, 6.500738E+00, 2.731600E+02, 2.711734E+02, 2.711957E+02, 2.731600E+02, 2.731600E+02
2024-01-18 20:15:15,2, 8.440267E+01, 2.697088E+02, 2.705424E+02, 2.125805E+00, 6.037731E+00, 2.731600E+02, 2.709419E+02, 2.709235E+02, 2.731600E+02, 2.731600E+02
2024-01-18 20:30:15,2, 7.329357E+01, 2.697341E+02, 2.705288E+02, 2.097729E+00, 5.860064E+00, 2.731600E+02, 2.708496E+02, 2.707987E+02, 2.731600E+02, 2.731600E+02
2024-01-18 20:45:15,2, 6.152532E+01, 2.697594E+02, 2.705118E+02, 2.063090E+00, 5.624294E+00, 2.731600E+02, 2.707460E+02, 2.706579E+02, 2.731600E+02, 2.731600E+02
2024-01-18 21:00:15,2, 4.420024E+01, 2.697829E+02, 2.704865E+02, 2.000878E+00, 5.293635E+00, 2.731600E+02, 2.706009E+02, 2.704503E+02, 2.731600E+02, 2.731600E+02
2024-01-18 21:15:15,2, 3.256950E+01, 2.696989E+02, 2.703800E+02, 1.888753E+00, 3.760753E+00, 2.731600E+02, 2.703907E+02, 2.701870E+02, 2.731600E+02, 2.731600E+02
2024-01-18 21:30:15,2, 2.048876E+01, 2.696149E+02, 2.702722E+02, 1.667270E+00, 3.034514E+00, 2.731600E+02, 2.701956E+02, 2.699380E+02, 2.731600E+02, 2.731600E+02
2024-01-18 21:45:15,2, 8.009745E+00, 2.695308E+02, 2.701641E+02, 9.844579E-01, 1.970437E+00, 2.731600E+02, 2.700070E+02, 2.696954E+02, 2.731600E+02, 2.731600E+02
2024-01-18 22:00:15,2, 0.000000E+00, 2.694467E+02, 2.700683E+02, 0.000000E+00, 1.278811E-01, 2.731600E+02, 2.698658E+02, 2.695345E+02, 2.731600E+02, 2.731600E+02
2024-01-18 22:15:15,2, 0.000000E+00, 2.693535E+02, 2.699765E+02, 0.000000E+00, 1.232690E+00, 2.731600E+02, 2.697471E+02, 2.693962E+02, 2.731600E+02, 2.731600E+02
2024-01-18 22:30:15,2, 0.000000E+00, 2.692604E+02, 2.698819E+02, 0.000000E+00, 1.459004E+00, 2.731600E+02, 2.696244E+02, 2.692543E+02, 2.731600E+02, 2.731600E+02
2024-01-18 22:45:15,2, 0.000000E+00, 2.691673E+02, 2.697873E+02, 0.000000E+00, 1.488984E+00, 2.731600E+02, 2.695019E+02, 2.691128E+02, 2.731600E+02, 2.731600E+02
2024-01-18 23:00:15,2, 0.000000E+00, 2.690730E+02, 2.696928E+02, 0.000000E+00, 1.486801E+00, 2.731600E+02, 2.693798E+02, 2.689718E+02, 2.731600E+02, 2.731600E+02
2024-01-18 23:15:15,2, 0.000000E+00, 2.689073E+02, 2.695515E+02, 0.000000E+00, 1.744211E+00, 2.731600E+02, 2.692228E+02, 2.687955E+02, 2.731600E+02, 2.731600E+02
2024-01-18 23:30:15,2, 0.000000E+00, 2.687416E+02, 2.693963E+02, 0.000000E+00, 1.759065E+00, 2.731600E+02, 2.690517E+02, 2.686044E+02, 2.731600E+02, 2.731600E+02
2024-01-18 23:45:15,2, 0.000000E+00, 2.685759E+02, 2.692406E+02, 0.000000E+00, 1.736892E+00, 2.731600E+02, 2.688799E+02, 2.684126E+02, 2.731600E+02, 2.731600E+02
2024-01-19 00:00:15,1, 0.000000E+00, 2.684072E+02, 2.690840E+02, 0.000000E+00, 1.759326E+00, 2.731600E+02, 2.686866E+02, 2.681790E+02, 2.731600E+02, 2.731600E+02
2024-01-19 00:15:15,1, 0.000000E+00, 2.680560E+02, 2.687891E+02, 0.000000E+00, 3.086952E+00, 2.731600E+02, 2.683528E+02, 2.678001E+02, 2.731600E+02, 2.731600E+02
2024-01-19 00:30:15,1, 0.000000E+00, 2.677049E+02, 2.684560E+02, 0.000000E+00, 3.239468E+00, 2.731600E+02, 2.679782E+02, 2.673797E+02, 2.731600E+02, 2.731600E+02
2024-01-19 00:45:15,1, 0.000000E+00, 2.673538E+02, 2.681221E+02, 0.000000E+00, 3.227865E+00, 2.731600E+02, 2.676024E+02, 2.669580E+02, 2.731600E+02, 2.731600E+02
2024-01-19 01:00:15,1, 0.000000E+00, 2.670054E+02, 2.677880E+02, 0.000000E+00, 3.176770E+00, 2.731600E+02, 2.672266E+02, 2.665366E+02, 2.731600E+02, 2.731600E+02
2024-01-19 01:15:15,1, 0.000000E+00, 2.668189E+02, 2.675832E+02, 0.000000E+00, 3.001229E+00, 2.731600E+02, 2.670177E+02, 2.663120E+02, 2.731600E+02, 2.731600E+02
2024-01-19 01:30:15,1, 0.000000E+00, 2.666325E+02, 2.674113E+02, 0.000000E+00, 3.015236E+00, 2.731600E+02, 2.668443E+02, 2.661229E+02, 2.731600E+02, 2.731600E+02
2024-01-19 01:45:15,1, 0.000000E+00, 2.664460E+02, 2.672394E+02, 0.000000E+00, 3.019650E+00, 2.731600E+02, 2.666710E+02, 2.659335E+02, 2.731600E+02, 2.731600E+02
2024-01-19 02:00:15,1, 0.000000E+00, 2.662627E+02, 2.670676E+02, 0.000000E+00, 2.952131E+00, 2.731600E+02, 2.664975E+02, 2.657434E+02, 2.731600E+02, 2.731600E+02
2024-01-19 02:15:15,1, 0.000000E+00, 2.662631E+02, 2.670283E+02, 0.000000E+00, 1.371165E+00, 2.731600E+02, 2.664352E+02, 2.656688E+02, 2.731600E+02, 2.731600E+02
2024-01-19 02:30:15,1, 0.000000E+00, 2.662635E+02, 2.670208E+02, 0.000000E+00, 1.157520E+00, 2.731600E+02, 2.664071E+02, 2.656286E+02, 2.731600E+02, 2.731600E+02
2024-01-19 02:45:15,1, 0.000000E+00, 2.662639E+02, 2.670136E+02, 0.000000E+00, 1.120285E+00, 2.731600E+02, 2.663792E+02, 2.655884E+02, 2.731600E+02, 2.731600E+02
2024-01-19 03:00:15,1, 0.000000E+00, 2.662685E+02, 2.670068E+02, 0.000000E+00, 1.044234E+00, 2.731600E+02, 2.663513E+02, 2.655479E+02, 2.731600E+02, 2.731600E+02
2024-01-19 03:15:15,1, 0.000000E+00, 2.665169E+02, 2.671740E+02, 0.000000E+00,-5.518042E-01, 2.731600E+02, 2.664839E+02, 2.656743E+02, 2.731600E+02, 2.731600E+02
2024-01-19 03:30:15,1, 0.000000E+00, 2.667653E+02, 2.673859E+02, 0.000000E+00,-8.264145E-01, 2.731600E+02, 2.666641E+02, 2.658488E+02, 2.731600E+02, 2.731600E+02
2024-01-19 03:45:15,1, 0.000000E+00, 2.670137E+02, 2.675978E+02, 0.000000E+00,-8.693893E-01, 2.731600E+02, 2.668433E+02, 2.660199E+02, 2.731600E+02, 2.731600E+02
2024-01-19 04:00:15,1, 0.000000E+00, 2.672564E+02, 2.678109E+02, 0.000000E+00,-8.400708E-01, 2.731600E+02, 2.670261E+02, 2.661897E+02, 2.731600E+02, 2.731600E+02
2024-01-19 04:15:15,1, 0.000000E+00, 2.671594E+02, 2.677964E+02, 0.000000E+00, 7.125234E-01, 2.731600E+02, 2.670404E+02, 2.662117E+02, 2.731600E+02, 2.731600E+02
2024-01-19 04:30:15,1, 0.000000E+00, 2.670625E+02, 2.677159E+02, 0.000000E+00, 1.188498E+00, 2.731600E+02, 2.669822E+02, 2.661468E+02, 2.731600E+02, 2.731600E+02
2024-01-19 04:45:15,1, 0.000000E+00, 2.669656E+02, 2.676333E+02, 0.000000E+00, 1.297899E+00, 2.731600E+02, 2.669214E+02, 2.660774E+02, 2.731600E+02, 2.731600E+02
2024-01-19 05:00:15,1, 0.000000E+00, 2.668700E+02, 2.675497E+02, 0.000000E+00, 1.305124E+00, 2.731600E+02, 2.668591E+02, 2.660049E+02, 2.731600E+02, 2.731600E+02
2024-01-19 05:15:15,1, 0.000000E+00, 2.668532E+02, 2.675307E+02, 0.000000E+00, 1.058198E+00, 2.731600E+02, 2.668820E+02, 2.660459E+02, 2.731600E+02, 2.731600E+02
2024-01-19 05:30:15,1, 0.000000E+00, 2.668365E+02, 2.675278E+02, 0.000000E+00, 1.026228E+00, 2.731600E+02, 2.669232E+02, 2.661062E+02, 2.731600E+02, 2.731600E+02
2024-01-19 05:45:15,1, 0.000000E+00, 2.668197E+02, 2.675246E+02, 0.000000E+00, 1.026603E+00, 2.731600E+02, 2.669645E+02, 2.661663E+02, 2.731600E+02, 2.731600E+02
2024-01-19 06:00:15,1, 0.000000E+00, 2.668056E+02, 2.675222E+02, 0.000000E+00, 9.616038E-01, 2.731600E+02, 2.670084E+02, 2.662337E+02, 2.731600E+02, 2.731600E+02
2024-01-19 06:15:15,1, 0.000000E+00, 2.669472E+02, 2.676267E+02, 0.000000E+00,-1.019012E+00, 2.731600E+02, 2.671043E+02, 2.663359E+02, 2.731600E+02, 2.731600E+02
2024-01-19 06:30:15,1, 0.000000E+00, 2.670888E+02, 2.677553E+02, 0.000000E+00,-1.428825E+00, 2.731600E+02, 2.672249E+02, 2.664627E+02, 2.731600E+02, 2.731600E+02
2024-01-19 06:45:15,1, 0.000000E+00, 2.672304E+02, 2.678836E+02, 0.000000E+00,-1.529821E+00, 2.731600E+02, 2.673454E+02, 2.665892E+02, 2.731600E+02, 2.731600E+02
2024-01-19 07:00:15,1, 0.000000E+00, 2.673703E+02, 2.680115E+02, 0.000000E+00,-1.498306E+00, 2.731600E+02, 2.674660E+02, 2.667160E+02, 2.731600E+02, 2.731600E+02
2024-01-19 07:15:15,1, 0.000000E+00, 2.674111E+02, 2.680779E+02, 0.000000E+00, 9.269604E-01, 2.731600E+02, 2.675846E+02, 2.668688E+02, 2.731600E+02, 2.731600E+02
2024-01-19 07:30:15,1, 0.000000E+00, 2.674519E+02, 2.681303E+02, 0.000000E+00, 1.567891E+00, 2.731600E+02, 2.676898E+02, 2.670066E+02, 2.731600E+02, 2.731600E+02
2024-01-19 07:45:15,1, 0.000000E+00, 2.674928E+02, 2.681829E+02, 0.000000E+00, 1.744347E+00, 2.731600E+02, 2.677947E+02, 2.671446E+02, 2.731600E+02, 2.731600E+02
2024-01-19 08:00:15,1, 0.000000E+00, 2.675330E+02, 2.682350E+02, 0.000000E+00, 1.786273E+00, 2.731600E+02, 2.678990E+02, 2.672815E+02, 2.731600E+02, 2.731600E+02
2024-01-19 08:15:15,1, 0.000000E+00, 2.675376E+02, 2.682500E+02, 0.000000E+00, 9.605853E-01, 2.731600E+02, 2.679191E+02, 2.673037E+02, 2.731600E+02, 2.731600E+02
2024-01-19 08:30:15,1, 0.000000E+00, 2.675423E+02, 2.682555E+02, 0.000000E+00, 7.880289E-01, 2.731600E+02, 2.679281E+02, 2.673150E+02, 2.731600E+02, 2.731600E+02
2024-01-19 08:45:15,1, 0.000000E+00, 2.675469E+02, 2.682608E+02, 0.000000E+00, 7.521226E-01, 2.731600E+02, 2.679369E+02, 2.673260E+02, 2.731600E+02, 2.731600E+02
2024-01-19 09:00:15,1, 0.000000E+00, 2.675519E+02, 2.682661E+02, 0.000000E+00, 7.423783E-01, 2.731600E+02, 2.679458E+02, 2.673373E+02, 2.731600E+02, 2.731600E+02
2024-01-19 09:15:15,1, 0.000000E+00, 2.675774E+02, 2.682897E+02, 0.000000E+00, 7.449925E-01, 2.731600E+02, 2.679865E+02, 2.673900E+02, 2.731600E+02, 2.731600E+02
2024-01-19 09:30:15,1, 0.000000E+00, 2.676029E+02, 2.683176E+02, 0.000000E+00, 7.518339E-01, 2.731600E+02, 2.680322E+02, 2.674476E+02, 2.731600E+02, 2.731600E+02
2024-01-19 09:45:15,1, 0.000000E+00, 2.676284E+02, 2.683449E+02, 0.000000E+00, 7.569983E-01, 2.731600E+02, 2.680777E+02, 2.675048E+02, 2.731600E+02, 2.731600E+02
2024-01-19 10:00:15,1, 0.000000E+00, 2.676536E+02, 2.683736E+02, 0.000000E+00, 7.455261E-01, 2.731600E+02, 2.681242E+02, 2.675633E+02, 2.731600E+02, 2.731600E+02
2024-01-19 10:15:15,1, 0.000000E+00, 2.676647E+02, 2.683958E+02, 0.000000E+00, 1.977784E-01, 2.731600E+02, 2.681779E+02, 2.676354E+02, 2.731600E+02, 2.731600E+02
2024-01-19 10:30:15,1, 0.000000E+00, 2.676757E+02, 2.684154E+02, 0.000000E+00, 8.894455E-02, 2.731600E+02, 2.682291E+02, 2.677053E+02, 2.731600E+02, 2.731600E+02
2024-01-19 10:45:15,1, 0.000000E+00, 2.676867E+02, 2.684344E+02, 0.000000E+00, 6.488792E-02, 2.731600E+02, 2.682799E+02, 2.677750E+02, 2.731600E+02, 2.731600E+02
2024-01-19 11:00:15,1, 0.000000E+00, 2.676911E+02, 2.684522E+02, 0.000000E+00, 1.328698E-01, 2.731600E+02, 2.683298E+02, 2.678437E+02, 2.731600E+02, 2.731600E+02
2024-01-19 11:15:15,1, 0.000000E+00, 2.673020E+02, 2.681753E+02, 0.000000E+00, 2.403648E+00, 2.731600E+02, 2.681032E+02, 2.676250E+02, 2.731600E+02, 2.731600E+02
2024-01-19 11:30:15,1, 0.000000E+00, 2.669128E+02, 2.678352E+02, 0.000000E+00, 2.672440E+00, 2.731600E+02, 2.678086E+02, 2.673366E+02, 2.731600E+02, 2.731600E+02
2024-01-19 11:45:15,1, 0.000000E+00, 2.665237E+02, 2.674962E+02, 0.000000E+00, 2.677855E+00, 2.731600E+02, 2.675132E+02, 2.670423E+02, 2.731600E+02, 2.731600E+02
2024-01-19 12:00:15,1, 0.000000E+00, 2.661394E+02, 2.671553E+02, 0.000000E+00, 2.576612E+00, 2.731600E+02, 2.672137E+02, 2.667413E+02, 2.731600E+02, 2.731600E+02
2024-01-19 12:15:15,1, 0.000000E+00, 2.660387E+02, 2.670242E+02, 0.000000E+00, 1.148025E+00, 2.731600E+02, 2.670751E+02, 2.665978E+02, 2.731600E+02, 2.731600E+02
2024-01-19 12:30:15,1, 0.000000E+00, 2.659380E+02, 2.669355E+02, 0.000000E+00, 1.011966E+00, 2.731600E+02, 2.669800E+02, 2.664965E+02, 2.731600E+02, 2.731600E+02
2024-01-19 12:45:15,1, 0.000000E+00, 2.658373E+02, 2.668465E+02, 0.000000E+00, 9.843427E-01, 2.731600E+02, 2.668846E+02, 2.663952E+02, 2.731600E+02, 2.731600E+02
2024-01-19 13:00:15,1, 2.250186E+01, 2.657449E+02, 2.667642E+02, 1.294784E+00, 1.002170E+00, 2.731600E+02, 2.669020E+02, 2.664837E+02, 2.731600E+02, 2.731600E+02
2024-01-19 13:15:15,1, 3.593687E+01, 2.661414E+02, 2.671275E+02, 1.448557E+00, 6.826602E-01, 2.731600E+02, 2.674470E+02, 2.671324E+02, 2.731600E+02, 2.731600E+02
2024-01-19 13:30:15,1, 4.887704E+01, 2.665379E+02, 2.675398E+02, 1.547410E+00, 9.994008E-01, 2.731600E+02, 2.679526E+02, 2.677174E+02, 2.731600E+02, 2.731600E+02
2024-01-19 13:45:15,1, 6.126696E+01, 2.669344E+02, 2.679450E+02, 1.638830E+00, 1.364087E+00, 2.731600E+02, 2.684430E+02, 2.682765E+02, 2.731600E+02, 2.731600E+02
2024-01-19 14:00:15,1, 6.044979E+01, 2.673277E+02, 2.683403E+02, 1.722240E+00, 1.809289E+00, 2.731600E+02, 2.688487E+02, 2.687000E+02, 2.731600E+02, 2.731600E+02
2024-01-19 14:15:15,1, 6.966190E+01, 2.675347E+02, 2.685462E+02, 1.754596E+00, 3.720316E+00, 2.731600E+02, 2.690759E+02, 2.689566E+02, 2.731600E+02, 2.731600E+02
2024-01-19 14:30:15,1, 7.829357E+01, 2.677417E+02, 2.687561E+02, 1.808199E+00, 4.133620E+00, 2.731600E+02, 2.693449E+02, 2.692622E+02, 2.731600E+02, 2.731600E+02
2024-01-19 14:45:15,1, 8.630785E+01, 2.679487E+02, 2.689638E+02, 1.860773E+00, 4.416109E+00, 2.731600E+02, 2.696063E+02, 2.695576E+02, 2.731600E+02, 2.731600E+02
2024-01-19 15:00:15,1, 1.014378E+02, 2.681549E+02, 2.691714E+02, 1.914345E+00, 4.717808E+00, 2.731600E+02, 2.699034E+02, 2.699125E+02, 2.731600E+02, 2.731600E+02
2024-01-19 15:15:15,1, 1.086710E+02, 2.683137E+02, 2.693652E+02, 1.982061E+00, 5.692765E+00, 2.731600E+02, 2.701800E+02, 2.702266E+02, 2.731600E+02, 2.731600E+02
2024-01-19 15:30:15,1, 1.151333E+02, 2.684725E+02, 2.695288E+02, 2.027671E+00, 6.009389E+00, 2.731600E+02, 2.703931E+02, 2.704710E+02, 2.731600E+02, 2.731600E+02
2024-01-19 15:45:15,1, 1.207971E+02, 2.686313E+02, 2.696897E+02, 2.071708E+00, 6.282805E+00, 2.731600E+02, 2.705964E+02, 2.707026E+02, 2.731600E+02, 2.731600E+02
2024-01-19 16:00:15,1, 1.640211E+02, 2.687890E+02, 2.698591E+02, 2.119425E+00, 6.612021E+00, 2.731600E+02, 2.710015E+02, 2.712571E+02, 2.731600E+02, 2.731600E+02
2024-01-19 16:15:15,1, 1.692398E+02, 2.688813E+02, 2.700650E+02, 2.249035E+00, 8.300901E+00, 2.731600E+02, 2.713416E+02, 2.716207E+02, 2.731600E+02, 2.731600E+02
2024-01-19 16:30:15,1, 1.733349E+02, 2.689737E+02, 2.701602E+02, 2.271753E+00, 8.542546E+00, 2.731600E+02, 2.714398E+02, 2.717274E+02, 2.731600E+02, 2.731600E+02
2024-01-19 16:45:15,1, 1.762889E+02, 2.690660E+02, 2.702512E+02, 2.291442E+00, 8.741481E+00, 2.731600E+02, 2.715255E+02, 2.718181E+02, 2.731600E+02, 2.731600E+02
2024-01-19 17:00:15,1, 1.607486E+02, 2.691572E+02, 2.703330E+02, 2.306093E+00, 8.889986E+00, 2.731600E+02, 2.715080E+02, 2.717501E+02, 2.731600E+02, 2.731600E+02
2024-01-19 17:15:15,1, 1.613252E+02, 2.691811E+02, 2.703256E+02, 2.265764E+00, 8.238465E+00, 2.731600E+02, 2.714347E+02, 2.716720E+02, 2.731600E+02, 2.731600E+02
2024-01-19 17:30:15,1, 1.608510E+02, 2.692050E+02, 2.703484E+02, 2.266298E+00, 8.272804E+00, 2.731600E+02, 2.714382E+02, 2.716727E+02, 2.731600E+02, 2.731600E+02
2024-01-19 17:45:15,1, 1.593279E+02, 2.692289E+02, 2.703677E+02, 2.264513E+00, 8.314757E+00, 2.731962E+02, 2.714335E+02, 2.716621E+02, 2.731600E+02, 2.731600E+02
2024-01-19 18:00:15,1, 2.175901E+02, 2.692515E+02, 2.704105E+02, 2.272113E+00, 8.471188E+00, 2.735561E+02, 2.717601E+02, 2.721393E+02, 2.731600E+02, 2.731600E+02
2024-01-19 18:15:15,1, 2.125978E+02, 2.691976E+02, 2.705138E+02, 2.400216E+00, 9.858537E+00, 2.739528E+02, 2.719725E+02, 2.723136E+02, 2.731600E+02, 2.731600E+02
2024-01-19 18:30:15,1, 2.061955E+02, 2.691436E+02, 2.704524E+02, 2.368290E+00, 9.762585E+00, 2.742560E+02, 2.718515E+02, 2.721494E+02, 2.731600E+02, 2.731600E+02
2024-01-19 18:45:15,1, 1.984104E+02, 2.690897E+02, 2.703844E+02, 2.332880E+00, 9.639035E+00, 2.744874E+02, 2.717136E+02, 2.719695E+02, 2.731600E+02, 2.731600E+02
2024-01-19 19:00:15,1, 1.819375E+02, 2.690341E+02, 2.703081E+02, 2.293685E+00, 9.426933E+00, 2.746612E+02, 2.715249E+02, 2.717184E+02, 2.731600E+02, 2.731600E+02
2024-01-19 19:15:15,1, 1.718978E+02, 2.688778E+02, 2.701386E+02, 2.224483E+00, 7.885806E+00, 2.747741E+02, 2.712692E+02, 2.714213E+02, 2.731600E+02, 2.731600E+02
2024-01-19 19:30:15,1, 1.606417E+02, 2.687215E+02, 2.699689E+02, 2.167240E+00, 7.497631E+00, 2.748494E+02, 2.710217E+02, 2.711336E+02, 2.731600E+02, 2.731600E+02
2024-01-19 19:45:15,1, 1.482173E+02, 2.685652E+02, 2.697948E+02, 2.108099E+00, 7.146225E+00, 2.748910E+02, 2.707607E+02, 2.708313E+02, 2.731600E+02, 2.731600E+02
2024-01-19 20:00:15,1, 1.256045E+02, 2.684073E+02, 2.696131E+02, 2.045909E+00, 6.857655E+00, 2.749014E+02, 2.704428E+02, 2.704410E+02, 2.731600E+02, 2.731600E+02
2024-01-19 20:15:15,1, 1.119914E+02, 2.681509E+02, 2.693402E+02, 1.957467E+00, 7.706119E+00, 2.748695E+02, 2.700750E+02, 2.700305E+02, 2.731600E+02, 2.731600E+02
2024-01-19 20:30:15,1, 9.745080E+01, 2.678945E+02, 2.690748E+02, 1.885189E+00, 7.405323E+00, 2.748177E+02, 2.697271E+02, 2.696413E+02, 2.731600E+02, 2.731600E+02
2024-01-19 20:45:15,1, 8.204489E+01, 2.676380E+02, 2.688054E+02, 1.811485E+00, 7.052192E+00, 2.747462E+02, 2.693665E+02, 2.692361E+02, 2.731600E+02, 2.731600E+02
2024-01-19 21:00:15,1, 6.108762E+01, 2.673810E+02, 2.685301E+02, 1.732712E+00, 6.667421E+00, 2.746552E+02, 2.689695E+02, 2.687699E+02, 2.731600E+02, 2.731600E+02
2024-01-19 21:15:15,1, 4.537478E+01, 2.670894E+02, 2.682091E+02, 1.633735E+00, 5.743637E+00, 2.745373E+02, 2.685266E+02, 2.682600E+02, 2.731600E+02, 2.731600E+02
2024-01-19 21:30:15,1, 2.905199E+01, 2.667977E+02, 2.678963E+02, 1.511252E+00, 5.270885E+00, 2.744024E+02, 2.680942E+02, 2.677555E+02, 2.731600E+02, 2.731600E+02
2024-01-19 21:45:15,1, 1.218913E+01, 2.665060E+02, 2.675821E+02, 1.153932E+00, 4.575518E+00, 2.742513E+02, 2.676613E+02, 2.672477E+02, 2.731600E+02, 2.731600E+02
2024-01-19 22:00:15,1, 0.000000E+00, 2.662151E+02, 2.672904E+02, 0.000000E+00, 2.647895E+00, 2.740866E+02, 2.672959E+02, 2.668435E+02, 2.731600E+02, 2.731600E+02
2024-01-19 22:15:15,1, 0.000000E+00, 2.659698E+02, 2.670575E+02, 0.000000E+00, 2.659859E+00, 2.739334E+02, 2.670560E+02, 2.665987E+02, 2.731600E+02, 2.731600E+02
2024-01-19 22:30:15,1, 0.000000E+00, 2.657244E+02, 2.668332E+02, 0.000000E+00, 2.633649E+00, 2.737948E+02, 2.668257E+02, 2.663627E+02, 2.731600E+02, 2.731600E+02
2024-01-19 22:45:15,1, 0.000000E+00, 2.654791E+02, 2.666090E+02, 0.000000E+00, 2.605560E+00, 2.736665E+02, 2.665963E+02, 2.661271E+02, 2.731600E+02, 2.731600E+02
2024-01-19 23:00:15,1, 0.000000E+00, 2.652349E+02, 2.663849E+02, 0.000000E+00, 2.578104E+00, 2.735456E+02, 2.663675E+02, 2.658920E+02, 2.731600E+02, 2.731600E+02
2024-01-19 23:15:15,1, 0.000000E+00, 2.650556E+02, 2.662112E+02, 0.000000E+00, 2.569053E+00, 2.734320E+02, 2.661911E+02, 2.657130E+02, 2.731600E+02, 2.731600E+02
2024-01-19 23:30:15,1, 0.000000E+00, 2.648763E+02, 2.660473E+02, 0.000000E+00, 2.558264E+00, 2.733257E+02, 2.660258E+02, 2.655446E+02, 2.731600E+02, 2.731600E+02
2024-01-19 23:45:15,1, 0.000000E+00, 2.646971E+02, 2.658834E+02, 0.000000E+00, 2.546818E+00, 2.732250E+02, 2.658609E+02, 2.653764E+02, 2.731600E+02, 2.731600E+02
2024-01-19 00:00:15,2, 0.000000E+00, 2.684072E+02, 2.690843E+02, 0.000000E+00, 1.759737E+00, 2.731600E+02, 2.687073E+02, 2.682196E+02, 2.731600E+02, 2.731600E+02
2024-01-19 00:15:15,2, 0.000000E+00, 2.680560E+02, 2.687893E+02, 0.000000E+00, 3.087274E+00, 2.731600E+02, 2.683753E+02, 2.678442E+02, 2.731600E+02, 2.731600E+02
2024-01-19 00:30:15,2, 0.000000E+00, 2.677049E+02, 2.684563E+02, 0.000000E+00, 3.239804E+00, 2.731600E+02, 2.680026E+02, 2.674276E+02, 2.731600E+02, 2.731600E+02
2024-01-19 00:45:15,2, 0.000000E+00, 2.673538E+02, 2.681224E+02, 0.000000E+00, 3.228176E+00, 2.731600E+02, 2.676287E+02, 2.670097E+02, 2.731600E+02, 2.731600E+02
2024-01-19 01:00:15,2, 0.000000E+00, 2.670054E+02, 2.677883E+02, 0.000000E+00, 3.177055E+00, 2.731600E+02, 2.672548E+02, 2.665921E+02, 2.731600E+02, 2.731600E+02
2024-01-19 01:15:15,2, 0.000000E+00, 2.668189E+02, 2.675835E+02, 0.000000E+00, 3.001491E+00, 2.731600E+02, 2.670465E+02, 2.663687E+02, 2.731600E+02, 2.731600E+02
2024-01-19 01:30:15,2, 0.000000E+00, 2.666325E+02, 2.674116E+02, 0.000000E+00, 3.015473E+00, 2.731600E+02, 2.668738E+02, 2.661808E+02, 2.731600E+02, 2.731600E+02
2024-01-19 01:45:15,2, 0.000000E+00, 2.664460E+02, 2.672398E+02, 0.000000E+00, 3.019902E+00, 2.731600E+02, 2.667010E+02, 2.659925E+02, 2.731600E+02, 2.731600E+02
2024-01-19 02:00:15,2, 0.000000E+00, 2.662627E+02, 2.670680E+02, 0.000000E+00, 2.952388E+00, 2.731600E+02, 2.665282E+02, 2.658036E+02, 2.731600E+02, 2.731600E+02
2024-01-19 02:15:15,2, 0.000000E+00, 2.662631E+02, 2.670286E+02, 0.000000E+00, 1.371454E+00, 2.731600E+02, 2.664665E+02, 2.657302E+02, 2.731600E+02, 2.731600E+02
2024-01-19 02:30:15,2, 0.000000E+00, 2.662635E+02, 2.670212E+02, 0.000000E+00, 1.157766E+00, 2.731600E+02, 2.664389E+02, 2.656911E+02, 2.731600E+02, 2.731600E+02
2024-01-19 02:45:15,2, 0.000000E+00, 2.662639E+02, 2.670139E+02, 0.000000E+00, 1.120516E+00, 2.731600E+02, 2.664115E+02, 2.656520E+02, 2.731600E+02, 2.731600E+02
2024-01-19 03:00:15,2, 0.000000E+00, 2.662685E+02, 2.670071E+02, 0.000000E+00, 1.044464E+00, 2.731600E+02, 2.663841E+02, 2.656126E+02, 2.731600E+02, 2.731600E+02
2024-01-19 03:15:15,2, 0.000000E+00, 2.665169E+02, 2.671743E+02, 0.000000E+00,-5.516393E-01, 2.731600E+02, 2.665170E+02, 2.657398E+02, 2.731600E+02, 2.731600E+02
2024-01-19 03:30:15,2, 0.000000E+00, 2.667653E+02, 2.673862E+02, 0.000000E+00,-8.262750E-01, 2.731600E+02, 2.666975E+02, 2.659150E+02, 2.731600E+02, 2.731600E+02
2024-01-19 03:45:15,2, 0.000000E+00, 2.670137E+02, 2.675990E+02, 0.000000E+00,-8.710317E-01, 2.731600E+02, 2.668795E+02, 2.660880E+02, 2.731600E+02, 2.731600E+02
2024-01-19 04:00:15,2, 0.000000E+00, 2.672564E+02, 2.678119E+02, 0.000000E+00,-8.401187E-01, 2.731600E+02, 2.670623E+02, 2.662586E+02, 2.731600E+02, 2.731600E+02
2024-01-19 04:15:15,2, 0.000000E+00, 2.671594E+02, 2.677974E+02, 0.000000E+00, 7.152755E-01, 2.731600E+02, 2.670761E+02, 2.662796E+02, 2.731600E+02, 2.731600E+02
2024-01-19 04:30:15,2, 0.000000E+00, 2.670625E+02, 2.677165E+02, 0.000000E+00, 1.189158E+00, 2.731600E+02, 2.670174E+02, 2.662142E+02, 2.731600E+02, 2.731600E+02
2024-01-19 04:45:15,2, 0.000000E+00, 2.669656E+02, 2.676335E+02, 0.000000E+00, 1.297318E+00, 2.731600E+02, 2.669558E+02, 2.661444E+02, 2.731600E+02, 2.731600E+02
2024-01-19 05:00:15,2, 0.000000E+00, 2.668700E+02, 2.675493E+02, 0.000000E+00, 1.303864E+00, 2.731600E+02, 2.668929E+02, 2.660716E+02, 2.731600E+02, 2.731600E+02
2024-01-19 05:15:15,2, 0.000000E+00, 2.668532E+02, 2.675300E+02, 0.000000E+00, 1.057217E+00, 2.731600E+02, 2.669145E+02, 2.661105E+02, 2.731600E+02, 2.731600E+02
2024-01-19 05:30:15,2, 0.000000E+00, 2.668365E+02, 2.675269E+02, 0.000000E+00, 1.025322E+00, 2.731600E+02, 2.669547E+02, 2.661689E+02, 2.731600E+02, 2.731600E+02
2024-01-19 05:45:15,2, 0.000000E+00, 2.668197E+02, 2.675235E+02, 0.000000E+00, 1.025620E+00, 2.731600E+02, 2.669948E+02, 2.662270E+02, 2.731600E+02, 2.731600E+02
2024-01-19 06:00:15,2, 0.000000E+00, 2.668056E+02, 2.675211E+02, 0.000000E+00, 9.609303E-01, 2.731600E+02, 2.670377E+02, 2.662923E+02, 2.731600E+02, 2.731600E+02
2024-01-19 06:15:15,2, 0.000000E+00, 2.669472E+02, 2.676256E+02, 0.000000E+00,-1.017322E+00, 2.731600E+02, 2.671334E+02, 2.663946E+02, 2.731600E+02, 2.731600E+02
2024-01-19 06:30:15,2, 0.000000E+00, 2.670888E+02, 2.677543E+02, 0.000000E+00,-1.428548E+00, 2.731600E+02, 2.672542E+02, 2.665223E+02, 2.731600E+02, 2.731600E+02
2024-01-19 06:45:15,2, 0.000000E+00, 2.672304E+02, 2.678828E+02, 0.000000E+00,-1.530228E+00, 2.731600E+02, 2.673751E+02, 2.666498E+02, 2.731600E+02, 2.731600E+02
2024-01-19 07:00:15,2, 0.000000E+00, 2.673703E+02, 2.680109E+02, 0.000000E+00,-1.499113E+00, 2.731600E+02, 2.674959E+02, 2.667776E+02, 2.731600E+02, 2.731600E+02
2024-01-19 07:15:15,2, 0.000000E+00, 2.674111E+02, 2.680770E+02, 0.000000E+00, 9.234848E-01, 2.731600E+02, 2.676121E+02, 2.669242E+02, 2.731600E+02, 2.731600E+02
2024-01-19 07:30:15,2, 0.000000E+00, 2.674519E+02, 2.681293E+02, 0.000000E+00, 1.565648E+00, 2.731600E+02, 2.677155E+02, 2.670583E+02, 2.731600E+02, 2.731600E+02
2024-01-19 07:45:15,2, 0.000000E+00, 2.674928E+02, 2.681819E+02, 0.000000E+00, 1.743137E+00, 2.731600E+02, 2.678190E+02, 2.671932E+02, 2.731600E+02, 2.731600E+02
2024-01-19 08:00:15,2, 0.000000E+00, 2.675330E+02, 2.682340E+02, 0.000000E+00, 1.785655E+00, 2.731600E+02, 2.679220E+02, 2.673274E+02, 2.731600E+02, 2.731600E+02
2024-01-19 08:15:15,2, 0.000000E+00, 2.675376E+02, 2.682491E+02, 0.000000E+00, 9.609182E-01, 2.731600E+02, 2.679421E+02, 2.673495E+02, 2.731600E+02, 2.731600E+02
2024-01-19 08:30:15,2, 0.000000E+00, 2.675423E+02, 2.682546E+02, 0.000000E+00, 7.877909E-01, 2.731600E+02, 2.679510E+02, 2.673605E+02, 2.731600E+02, 2.731600E+02
2024-01-19 08:45:15,2, 0.000000E+00, 2.675469E+02, 2.682598E+02, 0.000000E+00, 7.516401E-01, 2.731600E+02, 2.679597E+02, 2.673714E+02, 2.731600E+02, 2.731600E+02
2024-01-19 09:00:15,2, 0.000000E+00, 2.675519E+02, 2.682651E+02, 0.000000E+00, 7.418230E-01, 2.731600E+02, 2.679685E+02, 2.673825E+02, 2.731600E+02, 2.731600E+02
2024-01-19 09:15:15,2, 0.000000E+00, 2.675774E+02, 2.682887E+02, 0.000000E+00, 7.444069E-01, 2.731600E+02, 2.680087E+02, 2.674342E+02, 2.731600E+02, 2.731600E+02
2024-01-19 09:30:15,2, 0.000000E+00, 2.676029E+02, 2.683166E+02, 0.000000E+00, 7.512750E-01, 2.731600E+02, 2.680540E+02, 2.674908E+02, 2.731600E+02, 2.731600E+02
2024-01-19 09:45:15,2, 0.000000E+00, 2.676284E+02, 2.683440E+02, 0.000000E+00, 7.564428E-01, 2.731600E+02, 2.680989E+02, 2.675470E+02, 2.731600E+02, 2.731600E+02
2024-01-19 10:00:15,2, 0.000000E+00, 2.676536E+02, 2.683727E+02, 0.000000E+00, 7.451058E-01, 2.731600E+02, 2.681451E+02, 2.676046E+02, 2.731600E+02, 2.731600E+02
2024-01-19 10:15:15,2, 0.000000E+00, 2.676647E+02, 2.683949E+02, 0.000000E+00, 1.978563E-01, 2.731600E+02, 2.681979E+02, 2.676751E+02, 2.731600E+02, 2.731600E+02
2024-01-19 10:30:15,2, 0.000000E+00, 2.676757E+02, 2.684144E+02, 0.000000E+00, 8.872382E-02, 2.731600E+02, 2.682484E+02, 2.677435E+02, 2.731600E+02, 2.731600E+02
2024-01-19 10:45:15,2, 0.000000E+00, 2.676867E+02, 2.684334E+02, 0.000000E+00, 6.456118E-02, 2.731600E+02, 2.682985E+02, 2.678116E+02, 2.731600E+02, 2.731600E+02
2024-01-19 11:00:15,2, 0.000000E+00, 2.676911E+02, 2.684513E+02, 0.000000E+00, 1.323689E-01, 2.731600E+02, 2.683477E+02, 2.678788E+02, 2.731600E+02, 2.731600E+02
2024-01-19 11:15:15,2, 0.000000E+00, 2.673020E+02, 2.681754E+02, 0.000000E+00, 2.404014E+00, 2.731600E+02, 2.681220E+02, 2.676600E+02, 2.731600E+02, 2.731600E+02
2024-01-19 11:30:15,2, 0.000000E+00, 2.669128E+02, 2.678357E+02, 0.000000E+00, 2.672931E+00, 2.731600E+02, 2.678277E+02, 2.673712E+02, 2.731600E+02, 2.731600E+02
2024-01-19 11:45:15,2, 0.000000E+00, 2.665237E+02, 2.674958E+02, 0.000000E+00, 2.677397E+00, 2.731600E+02, 2.675314E+02, 2.670754E+02, 2.731600E+02, 2.731600E+02
2024-01-19 12:00:15,2, 0.000000E+00, 2.661394E+02, 2.671527E+02, 0.000000E+00, 2.574266E+00, 2.731600E+02, 2.672304E+02, 2.667721E+02, 2.731600E+02, 2.731600E+02
2024-01-19 12:15:15,2, 0.000000E+00, 2.660387E+02, 2.670214E+02, 0.000000E+00, 1.148810E+00, 2.731600E+02, 2.670915E+02, 2.666286E+02, 2.731600E+02, 2.731600E+02
2024-01-19 12:30:15,2, 0.000000E+00, 2.659380E+02, 2.669337E+02, 0.000000E+00, 1.012296E+00, 2.731600E+02, 2.669975E+02, 2.665287E+02, 2.731600E+02, 2.731600E+02
2024-01-19 12:45:15,2, 0.000000E+00, 2.658373E+02, 2.668453E+02, 0.000000E+00, 9.845049E-01, 2.731600E+02, 2.669027E+02, 2.664283E+02, 2.731600E+02, 2.731600E+02
2024-01-19 13:00:15,2, 2.250186E+01, 2.657449E+02, 2.667633E+02, 1.295180E+00, 1.002184E+00, 2.731600E+02, 2.669176E+02, 2.665099E+02, 2.731600E+02, 2.731600E+02
2024-01-19 13:15:15,2, 3.593687E+01, 2.661414E+02, 2.671250E+02, 1.448859E+00, 6.792792E-01, 2.731600E+02, 2.674559E+02, 2.671498E+02, 2.731600E+02, 2.731600E+02
2024-01-19 13:30:15,2, 4.887704E+01, 2.665379E+02, 2.675403E+02, 1.548364E+00, 1.000959E+00, 2.731600E+02, 2.679610E+02, 2.677305E+02, 2.731600E+02, 2.731600E+02
2024-01-19 13:45:15,2, 6.126696E+01, 2.669344E+02, 2.679455E+02, 1.639892E+00, 1.366093E+00, 2.731600E+02, 2.684486E+02, 2.682839E+02, 2.731600E+02, 2.731600E+02
2024-01-19 14:00:15,2, 6.044979E+01, 2.673277E+02, 2.683407E+02, 1.723358E+00, 1.811647E+00, 2.731600E+02, 2.688535E+02, 2.687063E+02, 2.731600E+02, 2.731600E+02
2024-01-19 14:15:15,2, 6.966190E+01, 2.675347E+02, 2.685467E+02, 1.755758E+00, 3.722736E+00, 2.731600E+02, 2.690795E+02, 2.689607E+02, 2.731600E+02, 2.731600E+02
2024-01-19 14:30:15,2, 7.829357E+01, 2.677417E+02, 2.687566E+02, 1.809415E+00, 4.136324E+00, 2.731600E+02, 2.693470E+02, 2.692633E+02, 2.731600E+02, 2.731600E+02
2024-01-19 14:45:15,2, 8.630785E+01, 2.679487E+02, 2.689643E+02, 1.862037E+00, 4.419056E+00, 2.731600E+02, 2.696070E+02, 2.695559E+02, 2.731600E+02, 2.731600E+02
2024-01-19 15:00:15,2, 1.014378E+02, 2.681549E+02, 2.691718E+02, 1.915659E+00, 4.720977E+00, 2.731600E+02, 2.699018E+02, 2.699059E+02, 2.731600E+02, 2.731600E+02
2024-01-19 15:15:15,2, 1.086710E+02, 2.683137E+02, 2.693656E+02, 1.983438E+00, 5.696263E+00, 2.731600E+02, 2.701767E+02, 2.702166E+02, 2.731600E+02, 2.731600E+02
2024-01-19 15:30:15,2, 1.151333E+02, 2.684725E+02, 2.695293E+02, 2.029087E+00, 6.013134E+00, 2.731600E+02, 2.703885E+02, 2.704584E+02, 2.731600E+02, 2.731600E+02
2024-01-19 15:45:15,2, 1.207971E+02, 2.686313E+02, 2.696902E+02, 2.073161E+00, 6.286767E+00, 2.731600E+02, 2.705906E+02, 2.706876E+02, 2.731600E+02, 2.731600E+02
2024-01-19 16:00:15,2, 1.640211E+02, 2.687890E+02, 2.698596E+02, 2.120921E+00, 6.616191E+00, 2.731600E+02, 2.709898E+02, 2.712290E+02, 2.731600E+02, 2.731600E+02
2024-01-19 16:15:15,2, 1.692398E+02, 2.688813E+02, 2.700655E+02, 2.250620E+00, 8.305644E+00, 2.731600E+02, 2.713284E+02, 2.715897E+02, 2.731600E+02, 2.731600E+02
2024-01-19 16:30:15,2, 1.733349E+02, 2.689737E+02, 2.701607E+02, 2.273357E+00, 8.547486E+00, 2.731600E+02, 2.714263E+02, 2.716959E+02, 2.731600E+02, 2.731600E+02
2024-01-19 16:45:15,2, 1.762889E+02, 2.690660E+02, 2.702517E+02, 2.293060E+00, 8.746552E+00, 2.731600E+02, 2.715118E+02, 2.717863E+02, 2.731600E+02, 2.731600E+02
2024-01-19 17:00:15,2, 1.607486E+02, 2.691572E+02, 2.703335E+02, 2.307720E+00, 8.895188E+00, 2.731600E+02, 2.714963E+02, 2.717229E+02, 2.731600E+02, 2.731600E+02
2024-01-19 17:15:15,2, 1.613252E+02, 2.691811E+02, 2.703261E+02, 2.267376E+00, 8.243694E+00, 2.731600E+02, 2.714234E+02, 2.716457E+02, 2.731600E+02, 2.731600E+02
2024-01-19 17:30:15,2, 1.608510E+02, 2.692050E+02, 2.703489E+02, 2.267912E+00, 8.278059E+00, 2.731600E+02, 2.714270E+02, 2.716468E+02, 2.731600E+02, 2.731600E+02
2024-01-19 17:45:15,2, 1.593279E+02, 2.692289E+02, 2.703694E+02, 2.267197E+00, 8.328681E+00, 2.732712E+02, 2.714291E+02, 2.716403E+02, 2.731600E+02, 2.731600E+02
2024-01-19 18:00:15,2, 2.175901E+02, 2.692515E+02, 2.704127E+02, 2.274812E+00, 8.487718E+00, 2.736150E+02, 2.717493E+02, 2.721026E+02, 2.731600E+02, 2.731600E+02
2024-01-19 18:15:15,2, 2.125978E+02, 2.691976E+02, 2.705155E+02, 2.402672E+00, 9.872652E+00, 2.740006E+02, 2.719611E+02, 2.722773E+02, 2.731600E+02, 2.731600E+02
2024-01-19 18:30:15,2, 2.061955E+02, 2.691436E+02, 2.704540E+02, 2.370568E+00, 9.775219E+00, 2.742959E+02, 2.718410E+02, 2.721162E+02, 2.731600E+02, 2.731600E+02
2024-01-19 18:45:15,2, 1.984104E+02, 2.690897E+02, 2.703857E+02, 2.335019E+00, 9.650465E+00, 2.745215E+02, 2.717042E+02, 2.719394E+02, 2.731600E+02, 2.731600E+02
2024-01-19 19:00:15,2, 1.819375E+02, 2.690341E+02, 2.703093E+02, 2.295710E+00, 9.437421E+00, 2.746911E+02, 2.715176E+02, 2.716937E+02, 2.731600E+02, 2.731600E+02
2024-01-19 19:15:15,2, 1.718978E+02, 2.688778E+02, 2.701398E+02, 2.226420E+00, 7.895557E+00, 2.748007E+02, 2.712635E+02, 2.714002E+02, 2.731600E+02, 2.731600E+02
2024-01-19 19:30:15,2, 1.606417E+02, 2.687215E+02, 2.699701E+02, 2.169082E+00, 7.506607E+00, 2.748734E+02, 2.710174E+02, 2.711157E+02, 2.731600E+02, 2.731600E+02
2024-01-19 19:45:15,2, 1.482173E+02, 2.685652E+02, 2.697959E+02, 2.109855E+00, 7.154510E+00, 2.749129E+02, 2.707579E+02, 2.708167E+02, 2.731600E+02, 2.731600E+02
2024-01-19 20:00:15,2, 1.256045E+02, 2.684073E+02, 2.696142E+02, 2.047582E+00, 6.865335E+00, 2.749216E+02, 2.704428E+02, 2.704331E+02, 2.731600E+02, 2.731600E+02
2024-01-19 20:15:15,2, 1.119914E+02, 2.681509E+02, 2.693412E+02, 1.959071E+00, 7.713287E+00, 2.748882E+02, 2.700769E+02, 2.700263E+02, 2.731600E+02, 2.731600E+02
2024-01-19 20:30:15,2, 9.745080E+01, 2.678945E+02, 2.690758E+02, 1.886710E+00, 7.411946E+00, 2.748353E+02, 2.697305E+02, 2.696403E+02, 2.731600E+02, 2.731600E+02
2024-01-19 20:45:15,2, 8.204489E+01, 2.676380E+02, 2.688064E+02, 1.812922E+00, 7.058304E+00, 2.747627E+02, 2.693716E+02, 2.692386E+02, 2.731600E+02, 2.731600E+02
2024-01-19 21:00:15,2, 6.108762E+01, 2.673810E+02, 2.685311E+02, 1.734035E+00, 6.673044E+00, 2.746708E+02, 2.689775E+02, 2.687787E+02, 2.731600E+02, 2.731600E+02
2024-01-19 21:15:15,2, 4.537478E+01, 2.670894E+02, 2.682102E+02, 1.634901E+00, 5.748806E+00, 2.745521E+02, 2.685375E+02, 2.682748E+02, 2.731600E+02, 2.731600E+02
2024-01-19 21:30:15,2, 2.905199E+01, 2.667977E+02, 2.678969E+02, 1.512043E+00, 5.274770E+00, 2.744166E+02, 2.681076E+02, 2.677754E+02, 2.731600E+02, 2.731600E+02
2024-01-19 21:45:15,2, 1.218913E+01, 2.665060E+02, 2.675860E+02, 1.158205E+00, 4.587359E+00, 2.742649E+02, 2.676819E+02, 2.672779E+02, 2.731600E+02, 2.731600E+02
2024-01-19 22:00:15,2, 0.000000E+00, 2.662151E+02, 2.672906E+02, 0.000000E+00, 2.650715E+00, 2.740996E+02, 2.673146E+02, 2.668758E+02, 2.731600E+02, 2.731600E+02
2024-01-19 22:15:15,2, 0.000000E+00, 2.659698E+02, 2.670579E+02, 0.000000E+00, 2.661521E+00, 2.739459E+02, 2.670750E+02, 2.666316E+02, 2.731600E+02, 2.731600E+02
2024-01-19 22:30:15,2, 0.000000E+00, 2.657244E+02, 2.668336E+02, 0.000000E+00, 2.635176E+00, 2.738068E+02, 2.668449E+02, 2.663961E+02, 2.731600E+02, 2.731600E+02
2024-01-19 22:45:15,2, 0.000000E+00, 2.654791E+02, 2.666094E+02, 0.000000E+00, 2.607019E+00, 2.736781E+02, 2.666157E+02, 2.661610E+02, 2.731600E+02, 2.731600E+02
2024-01-19 23:00:15,2, 0.000000E+00, 2.652349E+02, 2.663854E+02, 0.000000E+00, 2.579504E+00, 2.735568E+02, 2.663872E+02, 2.659263E+02, 2.731600E+02, 2.731600E+02
2024-01-19 23:15:15,2, 0.000000E+00, 2.650556E+02, 2.662116E+02, 0.000000E+00, 2.570394E+00, 2.734428E+02, 2.662109E+02, 2.657476E+02, 2.731600E+02, 2.731600E+02
2024-01-19 23:30:15,2, 0.000000E+00, 2.648763E+02, 2.660478E+02, 0.000000E+00, 2.559561E+00, 2.733362E+02, 2.660457E+02, 2.655794E+02, 2.731600E+02, 2.731600E+02
2024-01-19 23:45:15,2, 0.000000E+00, 2.646971E+02, 2.658839E+02, 0.000000E+00, 2.548074E+00, 2.732352E+02, 2.658809E+02, 2.654114E+02, 2.731600E+02, 2.731600E+02
2024-01-20 00:00:15,1, 0.000000E+00, 2.645179E+02, 2.657199E+02, 0.000000E+00, 2.535653E+00, 2.731600E+02, 2.656983E+02, 2.652090E+02, 2.731600E+02, 2.731600E+02
2024-01-20 00:15:15,1, 0.000000E+00, 2.643430E+02, 2.655558E+02, 0.000000E+00, 2.495635E+00, 2.731600E+02, 2.655175E+02, 2.650090E+02, 2.731600E+02, 2.731600E+02
2024-01-20 00:30:15,1, 0.000000E+00, 2.641682E+02, 2.653910E+02, 0.000000E+00, 2.486126E+00, 2.731600E+02, 2.653355E+02, 2.648078E+02, 2.731600E+02, 2.731600E+02
2024-01-20 00:45:15,1, 0.000000E+00, 2.639933E+02, 2.652260E+02, 0.000000E+00, 2.478482E+00, 2.731600E+02, 2.651533E+02, 2.646064E+02, 2.731600E+02, 2.731600E+02
2024-01-20 01:00:15,1, 0.000000E+00, 2.638192E+02, 2.650610E+02, 0.000000E+00, 2.462707E+00, 2.731600E+02, 2.649712E+02, 2.644052E+02, 2.731600E+02, 2.731600E+02
2024-01-20 01:15:15,1, 0.000000E+00, 2.636865E+02, 2.649349E+02, 0.000000E+00, 2.317346E+00, 2.731600E+02, 2.648517E+02, 2.642822E+02, 2.731600E+02, 2.731600E+02
2024-01-20 01:30:15,1, 0.000000E+00, 2.635537E+02, 2.648161E+02, 0.000000E+00, 2.314867E+00, 2.731600E+02, 2.647400E+02, 2.641667E+02, 2.731600E+02, 2.731600E+02
2024-01-20 01:45:15,1, 0.000000E+00, 2.634210E+02, 2.646973E+02, 0.000000E+00, 2.318188E+00, 2.731600E+02, 2.646283E+02, 2.640512E+02, 2.731600E+02, 2.731600E+02
2024-01-20 02:00:15,1, 0.000000E+00, 2.632891E+02, 2.645785E+02, 0.000000E+00, 2.324361E+00, 2.731600E+02, 2.645167E+02, 2.639360E+02, 2.731600E+02, 2.731600E+02
2024-01-20 02:15:15,1, 0.000000E+00, 2.632038E+02, 2.644999E+02, 0.000000E+00, 2.394093E+00, 2.731600E+02, 2.644582E+02, 2.638841E+02, 2.731600E+02, 2.731600E+02
2024-01-20 02:30:15,1, 0.000000E+00, 2.631185E+02, 2.644284E+02, 0.000000E+00, 2.412835E+00, 2.731600E+02, 2.644079E+02, 2.638401E+02, 2.731600E+02, 2.731600E+02
2024-01-20 02:45:15,1, 0.000000E+00, 2.630332E+02, 2.643568E+02, 0.000000E+00, 2.428619E+00, 2.731600E+02, 2.643573E+02, 2.637959E+02, 2.731600E+02, 2.731600E+02
2024-01-20 03:00:15,1, 0.000000E+00, 2.629483E+02, 2.642850E+02, 0.000000E+00, 2.431253E+00, 2.731600E+02, 2.643065E+02, 2.637513E+02, 2.731600E+02, 2.731600E+02
2024-01-20 03:15:15,1, 0.000000E+00, 2.628873E+02, 2.642289E+02, 0.000000E+00, 2.217157E+00, 2.731600E+02, 2.642649E+02, 2.637115E+02, 2.731600E+02, 2.731600E+02
2024-01-20 03:30:15,1, 0.000000E+00, 2.628264E+02, 2.641753E+02, 0.000000E+00, 2.220588E+00, 2.731600E+02, 2.642257E+02, 2.636741E+02, 2.731600E+02, 2.731600E+02
2024-01-20 03:45:15,1, 0.000000E+00, 2.627655E+02, 2.641214E+02, 0.000000E+00, 2.232355E+00, 2.731600E+02, 2.641864E+02, 2.636365E+02, 2.731600E+02, 2.731600E+02
2024-01-20 04:00:15,1, 0.000000E+00, 2.627045E+02, 2.640671E+02, 0.000000E+00, 2.231967E+00, 2.731600E+02, 2.641467E+02, 2.635984E+02, 2.731600E+02, 2.731600E+02
2024-01-20 04:15:15,1, 0.000000E+00, 2.626436E+02, 2.640118E+02, 0.000000E+00, 2.017604E+00, 2.731600E+02, 2.640949E+02, 2.635444E+02, 2.731600E+02, 2.731600E+02
2024-01-20 04:30:15,1, 0.000000E+00, 2.625827E+02, 2.639563E+02, 0.000000E+00, 2.014568E+00, 2.731600E+02, 2.640427E+02, 2.634901E+02, 2.731600E+02, 2.731600E+02
2024-01-20 04:45:15,1, 0.000000E+00, 2.625218E+02, 2.639008E+02, 0.000000E+00, 2.019894E+00, 2.731600E+02, 2.639904E+02, 2.634358E+02, 2.731600E+02, 2.731600E+02
2024-01-20 05:00:15,1, 0.000000E+00, 2.624607E+02, 2.638451E+02, 0.000000E+00, 2.015429E+00, 2.731600E+02, 2.639380E+02, 2.633812E+02, 2.731600E+02, 2.731600E+02
2024-01-20 05:15:15,1, 0.000000E+00, 2.623892E+02, 2.637801E+02, 0.000000E+00, 1.833660E+00, 2.731600E+02, 2.638649E+02, 2.633005E+02, 2.731600E+02, 2.731600E+02
2024-01-20 05:30:15,1, 0.000000E+00, 2.623178E+02, 2.637132E+02, 0.000000E+00, 1.824891E+00, 2.731600E+02, 2.637901E+02, 2.632181E+02, 2.731600E+02, 2.731600E+02
2024-01-20 05:45:15,1, 0.000000E+00, 2.622463E+02, 2.636461E+02, 0.000000E+00, 1.822933E+00, 2.731600E+02, 2.637152E+02, 2.631356E+02, 2.731600E+02, 2.731600E+02
2024-01-20 06:00:15,1, 0.000000E+00, 2.621764E+02, 2.635792E+02, 0.000000E+00, 1.814078E+00, 2.731600E+02, 2.636409E+02, 2.630540E+02, 2.731600E+02, 2.731600E+02
2024-01-20 06:15:15,1, 0.000000E+00, 2.621981E+02, 2.635909E+02, 0.000000E+00, 1.714439E+00, 2.731600E+02, 2.636645E+02, 2.630889E+02, 2.731600E+02, 2.731600E+02
2024-01-20 06:30:15,1, 0.000000E+00, 2.622197E+02, 2.636156E+02, 0.000000E+00, 1.725983E+00, 2.731600E+02, 2.637032E+02, 2.631385E+02, 2.731600E+02, 2.731600E+02
2024-01-20 06:45:15,1, 0.000000E+00, 2.622413E+02, 2.636395E+02, 0.000000E+00, 1.740730E+00, 2.731600E+02, 2.637413E+02, 2.631872E+02, 2.731600E+02, 2.731600E+02
2024-01-20 07:00:15,1, 0.000000E+00, 2.622618E+02, 2.636613E+02, 0.000000E+00, 1.751450E+00, 2.731600E+02, 2.637773E+02, 2.632334E+02, 2.731600E+02, 2.731600E+02
2024-01-20 07:15:15,1, 0.000000E+00, 2.622147E+02, 2.636283E+02, 0.000000E+00, 1.682824E+00, 2.731600E+02, 2.637424E+02, 2.631961E+02, 2.731600E+02, 2.731600E+02
2024-01-20 07:30:15,1, 0.000000E+00, 2.621677E+02, 2.635869E+02, 0.000000E+00, 1.679733E+00, 2.731600E+02, 2.636975E+02, 2.631490E+02, 2.731600E+02, 2.731600E+02
2024-01-20 07:45:15,1, 0.000000E+00, 2.621207E+02, 2.635451E+02, 0.000000E+00, 1.679413E+00, 2.731600E+02, 2.636522E+02, 2.631015E+02, 2.731600E+02, 2.731600E+02
2024-01-20 08:00:15,1, 0.000000E+00, 2.620731E+02, 2.635030E+02, 0.000000E+00, 1.678611E+00, 2.731600E+02, 2.636066E+02, 2.630536E+02, 2.731600E+02, 2.731600E+02
2024-01-20 08:15:15,1, 0.000000E+00, 2.619969E+02, 2.634367E+02, 0.000000E+00, 1.659616E+00, 2.731600E+02, 2.635287E+02, 2.629672E+02, 2.731600E+02, 2.731600E+02
2024-01-20 08:30:15,1, 0.000000E+00, 2.619207E+02, 2.633658E+02, 0.000000E+00, 1.652473E+00, 2.731600E+02, 2.634460E+02, 2.628763E+02, 2.731600E+02, 2.731600E+02
2024-01-20 08:45:15,1, 0.000000E+00, 2.618444E+02, 2.632945E+02, 0.000000E+00, 1.645997E+00, 2.731600E+02, 2.633630E+02, 2.627851E+02, 2.731600E+02, 2.731600E+02
2024-01-20 09:00:15,1, 0.000000E+00, 2.617685E+02, 2.632230E+02, 0.000000E+00, 1.643512E+00, 2.731600E+02, 2.632804E+02, 2.626945E+02, 2.731600E+02, 2.731600E+02
2024-01-20 09:15:15,1, 0.000000E+00, 2.617131E+02, 2.631737E+02, 0.000000E+00, 1.714787E+00, 2.731600E+02, 2.632521E+02, 2.626747E+02, 2.731600E+02, 2.731600E+02
2024-01-20 09:30:15,1, 0.000000E+00, 2.616577E+02, 2.631273E+02, 0.000000E+00, 1.721710E+00, 2.731600E+02, 2.632276E+02, 2.626583E+02, 2.731600E+02, 2.731600E+02
2024-01-20 09:45:15,1, 0.000000E+00, 2.616022E+02, 2.630780E+02, 0.000000E+00, 1.725532E+00, 2.731600E+02, 2.632007E+02, 2.626394E+02, 2.731600E+02, 2.731600E+02
2024-01-20 10:00:15,1, 0.000000E+00, 2.615466E+02, 2.630366E+02, 0.000000E+00, 1.734129E+00, 2.731600E+02, 2.631799E+02, 2.626268E+02, 2.731600E+02, 2.731600E+02
2024-01-20 10:15:15,1, 0.000000E+00, 2.614807E+02, 2.629803E+02, 0.000000E+00, 1.755134E+00, 2.731600E+02, 2.631256E+02, 2.625704E+02, 2.731600E+02, 2.731600E+02
2024-01-20 10:30:15,1, 0.000000E+00, 2.614147E+02, 2.629207E+02, 0.000000E+00, 1.755155E+00, 2.731600E+02, 2.630672E+02, 2.625099E+02, 2.731600E+02, 2.731600E+02
2024-01-20 10:45:15,1, 0.000000E+00, 2.613488E+02, 2.628612E+02, 0.000000E+00, 1.754727E+00, 2.731600E+02, 2.630087E+02, 2.624495E+02, 2.731600E+02, 2.731600E+02
2024-01-20 11:00:15,1, 0.000000E+00, 2.612829E+02, 2.628016E+02, 0.000000E+00, 1.744084E+00, 2.731600E+02, 2.629503E+02, 2.623890E+02, 2.731600E+02, 2.731600E+02
2024-01-20 11:15:15,1, 0.000000E+00, 2.612212E+02, 2.627448E+02, 0.000000E+00, 1.573413E+00, 2.731600E+02, 2.628955E+02, 2.623315E+02, 2.731600E+02, 2.731600E+02
2024-01-20 11:30:15,1, 0.000000E+00, 2.611595E+02, 2.626886E+02, 0.000000E+00, 1.565311E+00, 2.731600E+02, 2.628413E+02, 2.622745E+02, 2.731600E+02, 2.731600E+02
2024-01-20 11:45:15,1, 0.000000E+00, 2.610977E+02, 2.626322E+02, 0.000000E+00, 1.561924E+00, 2.731600E+02, 2.627870E+02, 2.622175E+02, 2.731600E+02, 2.731600E+02
2024-01-20 12:00:15,1, 0.000000E+00, 2.610363E+02, 2.625759E+02, 0.000000E+00, 1.548289E+00, 2.731600E+02, 2.627327E+02, 2.621602E+02, 2.731600E+02, 2.731600E+02
2024-01-20 12:15:15,1, 0.000000E+00, 2.609900E+02, 2.625266E+02, 0.000000E+00, 1.372212E+00, 2.731600E+02, 2.626735E+02, 2.620925E+02, 2.731600E+02, 2.731600E+02
2024-01-20 12:30:15,1, 0.000000E+00, 2.609437E+02, 2.624769E+02, 0.000000E+00, 1.359408E+00, 2.731600E+02, 2.626141E+02, 2.620246E+02, 2.731600E+02, 2.731600E+02
2024-01-20 12:45:15,1, 0.000000E+00, 2.608974E+02, 2.624287E+02, 0.000000E+00, 1.352303E+00, 2.731600E+02, 2.625554E+02, 2.619576E+02, 2.731600E+02, 2.731600E+02
2024-01-20 13:00:15,1, 2.219439E+01, 2.608525E+02, 2.623932E+02, 8.465248E-01, 1.525401E+00, 2.731600E+02, 2.626034E+02, 2.620606E+02, 2.731600E+02, 2.731600E+02
2024-01-20 13:15:15,1, 3.513881E+01, 2.608928E+02, 2.624997E+02, 8.952359E-01, 3.405503E+00, 2.731600E+02, 2.628572E+02, 2.623792E+02, 2.731600E+02, 2.731600E+02
2024-01-20 13:30:15,1, 4.760793E+01, 2.609331E+02, 2.625650E+02, 9.162026E-01, 3.569382E+00, 2.731600E+02, 2.630123E+02, 2.625895E+02, 2.731600E+02, 2.731600E+02
2024-01-20 13:45:15,1, 5.954837E+01, 2.609734E+02, 2.626476E+02, 9.364974E-01, 3.698995E+00, 2.731600E+02, 2.631761E+02, 2.628024E+02, 2.731600E+02, 2.731600E+02
2024-01-20 14:00:15,1, 1.174106E+02, 2.610153E+02, 2.627359E+02, 9.574221E-01, 3.814721E+00, 2.731600E+02, 2.635500E+02, 2.633862E+02, 2.731600E+02, 2.731600E+02
2024-01-20 14:15:15,1, 1.351808E+02, 2.611511E+02, 2.629947E+02, 1.040487E+00, 4.012463E+00, 2.731600E+02, 2.640116E+02, 2.639147E+02, 2.731600E+02, 2.731600E+02
2024-01-20 14:30:15,1, 1.518343E+02, 2.612868E+02, 2.631552E+02, 1.071092E+00, 4.180757E+00, 2.731600E+02, 2.642610E+02, 2.642011E+02, 2.731600E+02, 2.731600E+02
2024-01-20 14:45:15,1, 1.672998E+02, 2.614225E+02, 2.633116E+02, 1.100520E+00, 4.348152E+00, 2.731600E+02, 2.644966E+02, 2.644695E+02, 2.731600E+02, 2.731600E+02
2024-01-20 15:00:15,1, 1.805197E+02, 2.615577E+02, 2.634637E+02, 1.128746E+00, 4.478813E+00, 2.731600E+02, 2.647144E+02, 2.647137E+02, 2.731600E+02, 2.731600E+02
2024-01-20 15:15:15,1, 1.933454E+02, 2.616599E+02, 2.635904E+02, 1.155691E+00, 4.163092E+00, 2.731600E+02, 2.649249E+02, 2.649597E+02, 2.731600E+02, 2.731600E+02
2024-01-20 15:30:15,1, 2.048083E+02, 2.617622E+02, 2.637129E+02, 1.182291E+00, 4.293888E+00, 2.731600E+02, 2.651242E+02, 2.651916E+02, 2.731600E+02, 2.731600E+02
2024-01-20 15:45:15,1, 2.148593E+02, 2.618644E+02, 2.638320E+02, 1.207562E+00, 4.425739E+00, 2.731600E+02, 2.653105E+02, 2.654072E+02, 2.731600E+02, 2.731600E+02
2024-01-20 16:00:15,1, 2.643891E+02, 2.619669E+02, 2.639600E+02, 1.231803E+00, 4.575735E+00, 2.731600E+02, 2.656605E+02, 2.658798E+02, 2.731600E+02, 2.731600E+02
2024-01-20 16:15:15,1, 2.727948E+02, 2.620799E+02, 2.641494E+02, 1.301461E+00, 5.051583E+00, 2.731600E+02, 2.659638E+02, 2.661978E+02, 2.731600E+02, 2.731600E+02
2024-01-20 16:30:15,1, 2.793994E+02, 2.621930E+02, 2.642633E+02, 1.321357E+00, 5.167371E+00, 2.731600E+02, 2.661029E+02, 2.663463E+02, 2.731600E+02, 2.731600E+02
2024-01-20 16:45:15,1, 2.841748E+02, 2.623061E+02, 2.643734E+02, 1.339275E+00, 5.271049E+00, 2.731600E+02, 2.662272E+02, 2.664773E+02, 2.731600E+02, 2.731600E+02
2024-01-20 17:00:15,1, 3.337673E+02, 2.624190E+02, 2.644930E+02, 1.355425E+00, 5.388560E+00, 2.731600E+02, 2.665259E+02, 2.668715E+02, 2.731600E+02, 2.731600E+02
2024-01-20 17:15:15,1, 3.350034E+02, 2.625188E+02, 2.646567E+02, 1.420518E+00, 5.809462E+00, 2.731600E+02, 2.667551E+02, 2.670924E+02, 2.731600E+02, 2.731600E+02
2024-01-20 17:30:15,1, 3.340692E+02, 2.626185E+02, 2.647399E+02, 1.428314E+00, 5.867869E+00, 2.731600E+02, 2.668094E+02, 2.671391E+02, 2.731600E+02, 2.731600E+02
2024-01-20 17:45:15,1, 3.309687E+02, 2.627182E+02, 2.648190E+02, 1.433579E+00, 5.910953E+00, 2.731600E+02, 2.668474E+02, 2.671674E+02, 2.731600E+02, 2.731600E+02
2024-01-20 18:00:15,1, 2.940034E+02, 2.628178E+02, 2.648849E+02, 1.436075E+00, 5.881932E+00, 2.731600E+02, 2.667424E+02, 2.669871E+02, 2.731600E+02, 2.731600E+02
2024-01-20 18:15:15,1, 2.873383E+02, 2.629110E+02, 2.649034E+02, 1.401129E+00, 5.084434E+00, 2.731600E+02, 2.666578E+02, 2.668941E+02, 2.731600E+02, 2.731600E+02
2024-01-20 18:30:15,1, 2.787786E+02, 2.630041E+02, 2.649696E+02, 1.401811E+00, 5.065552E+00, 2.731600E+02, 2.666666E+02, 2.668914E+02, 2.731600E+02, 2.731600E+02
2024-01-20 18:45:15,1, 2.683611E+02, 2.630973E+02, 2.650319E+02, 1.400040E+00, 5.042192E+00, 2.731600E+02, 2.666598E+02, 2.668707E+02, 2.731600E+02, 2.731600E+02
2024-01-20 19:00:15,1, 2.666987E+02, 2.631894E+02, 2.650932E+02, 1.396026E+00, 5.017415E+00, 2.731600E+02, 2.666829E+02, 2.669052E+02, 2.731600E+02, 2.731600E+02
2024-01-20 19:15:15,1, 2.521296E+02, 2.632182E+02, 2.651182E+02, 1.397966E+00, 5.104039E+00, 2.731600E+02, 2.666469E+02, 2.668575E+02, 2.731600E+02, 2.731600E+02
2024-01-20 19:30:15,1, 2.357894E+02, 2.632470E+02, 2.651135E+02, 1.382695E+00, 5.011512E+00, 2.731600E+02, 2.665497E+02, 2.667451E+02, 2.731600E+02, 2.731600E+02
2024-01-20 19:45:15,1, 2.177479E+02, 2.632758E+02, 2.651045E+02, 1.365012E+00, 4.904833E+00, 2.731600E+02, 2.664364E+02, 2.666144E+02, 2.731600E+02, 2.731600E+02
2024-01-20 20:00:15,1, 1.697408E+02, 2.633030E+02, 2.650812E+02, 1.344232E+00, 4.762091E+00, 2.731600E+02, 2.661802E+02, 2.662294E+02, 2.731600E+02, 2.731600E+02
2024-01-20 20:15:15,1, 1.515697E+02, 2.632366E+02, 2.649289E+02, 1.274792E+00, 4.222057E+00, 2.731600E+02, 2.658602E+02, 2.658529E+02, 2.731600E+02, 2.731600E+02
2024-01-20 20:30:15,1, 1.321569E+02, 2.631702E+02, 2.648220E+02, 1.240866E+00, 4.019530E+00, 2.731600E+02, 2.656292E+02, 2.655790E+02, 2.731600E+02, 2.731600E+02
2024-01-20 20:45:15,1, 1.115857E+02, 2.631037E+02, 2.647105E+02, 1.205072E+00, 3.813464E+00, 2.731600E+02, 2.653831E+02, 2.652837E+02, 2.731600E+02, 2.731600E+02
2024-01-20 21:00:15,1, 7.657650E+01, 2.630365E+02, 2.645887E+02, 1.166171E+00, 3.568308E+00, 2.731600E+02, 2.650591E+02, 2.648236E+02, 2.731600E+02, 2.731600E+02
2024-01-20 21:15:15,1, 5.731880E+01, 2.629248E+02, 2.643932E+02, 1.105603E+00, 2.839834E+00, 2.731600E+02, 2.647021E+02, 2.643707E+02, 2.731600E+02, 2.731600E+02
2024-01-20 21:30:15,1, 3.731114E+01, 2.628131E+02, 2.642431E+02, 1.059778E+00, 2.588468E+00, 2.731600E+02, 2.644083E+02, 2.639927E+02, 2.731600E+02, 2.731600E+02
2024-01-20 21:45:15,1, 1.663920E+01, 2.627014E+02, 2.640910E+02, 9.591445E-01, 2.289578E+00, 2.731600E+02, 2.641077E+02, 2.635988E+02, 2.731600E+02, 2.731600E+02
2024-01-20 22:00:15,1, 0.000000E+00, 2.625900E+02, 2.639497E+02, 0.000000E+00, 8.479171E-01, 2.731600E+02, 2.638612E+02, 2.632769E+02, 2.731600E+02, 2.731600E+02
2024-01-20 22:15:15,1, 0.000000E+00, 2.625034E+02, 2.638625E+02, 0.000000E+00, 5.389216E-01, 2.731600E+02, 2.637628E+02, 2.631700E+02, 2.731600E+02, 2.731600E+02
2024-01-20 22:30:15,1, 0.000000E+00, 2.624168E+02, 2.637804E+02, 0.000000E+00, 4.988338E-01, 2.731600E+02, 2.636701E+02, 2.630687E+02, 2.731600E+02, 2.731600E+02
2024-01-20 22:45:15,1, 0.000000E+00, 2.623302E+02, 2.636984E+02, 0.000000E+00, 4.672212E-01, 2.731600E+02, 2.635775E+02, 2.629676E+02, 2.731600E+02, 2.731600E+02
2024-01-20 23:00:15,1, 0.000000E+00, 2.622453E+02, 2.636166E+02, 0.000000E+00, 4.188349E-01, 2.731600E+02, 2.634855E+02, 2.628676E+02, 2.731600E+02, 2.731600E+02
2024-01-20 23:15:15,1, 0.000000E+00, 2.622628E+02, 2.636271E+02, 0.000000E+00, 1.190019E-01, 2.731600E+02, 2.635245E+02, 2.629256E+02, 2.731600E+02, 2.731600E+02
2024-01-20 23:30:15,1, 0.000000E+00, 2.622802E+02, 2.636532E+02, 0.000000E+00, 9.887588E-02, 2.731600E+02, 2.635814E+02, 2.630009E+02, 2.731600E+02, 2.731600E+02
2024-01-20 23:45:15,1, 0.000000E+00, 2.622976E+02, 2.636791E+02, 0.000000E+00, 8.714073E-02, 2.731600E+02, 2.636377E+02, 2.630755E+02, 2.731600E+02, 2.731600E+02
2024-01-20 00:00:15,2, 0.000000E+00, 2.645179E+02, 2.657202E+02, 0.000000E+00, 2.536237E+00, 2.731600E+02, 2.657175E+02, 2.652438E+02, 2.731600E+02, 2.731600E+02
2024-01-20 00:15:15,2, 0.000000E+00, 2.643430E+02, 2.655561E+02, 0.000000E+00, 2.496019E+00, 2.731600E+02, 2.655374E+02, 2.650453E+02, 2.731600E+02, 2.731600E+02
2024-01-20 00:30:15,2, 0.000000E+00, 2.641682E+02, 2.653914E+02, 0.000000E+00, 2.486502E+00, 2.731600E+02, 2.653562E+02, 2.648457E+02, 2.731600E+02, 2.731600E+02
2024-01-20 00:45:15,2, 0.000000E+00, 2.639933E+02, 2.652264E+02, 0.000000E+00, 2.478850E+00, 2.731600E+02, 2.651748E+02, 2.646459E+02, 2.731600E+02, 2.731600E+02
2024-01-20 01:00:15,2, 0.000000E+00, 2.638192E+02, 2.650614E+02, 0.000000E+00, 2.463069E+00, 2.731600E+02, 2.649935E+02, 2.644463E+02, 2.731600E+02, 2.731600E+02
2024-01-20 01:15:15,2, 0.000000E+00, 2.636865E+02, 2.649353E+02, 0.000000E+00, 2.317691E+00, 2.731600E+02, 2.648742E+02, 2.643234E+02, 2.731600E+02, 2.731600E+02
2024-01-20 01:30:15,2, 0.000000E+00, 2.635537E+02, 2.648165E+02, 0.000000E+00, 2.315200E+00, 2.731600E+02, 2.647626E+02, 2.642082E+02, 2.731600E+02, 2.731600E+02
2024-01-20 01:45:15,2, 0.000000E+00, 2.634210E+02, 2.646977E+02, 0.000000E+00, 2.318517E+00, 2.731600E+02, 2.646510E+02, 2.640928E+02, 2.731600E+02, 2.731600E+02
2024-01-20 02:00:15,2, 0.000000E+00, 2.632891E+02, 2.645788E+02, 0.000000E+00, 2.324685E+00, 2.731600E+02, 2.645395E+02, 2.639778E+02, 2.731600E+02, 2.731600E+02
2024-01-20 02:15:15,2, 0.000000E+00, 2.632038E+02, 2.645002E+02, 0.000000E+00, 2.394392E+00, 2.731600E+02, 2.644807E+02, 2.639251E+02, 2.731600E+02, 2.731600E+02
2024-01-20 02:30:15,2, 0.000000E+00, 2.631185E+02, 2.644286E+02, 0.000000E+00, 2.413117E+00, 2.731600E+02, 2.644301E+02, 2.638803E+02, 2.731600E+02, 2.731600E+02
2024-01-20 02:45:15,2, 0.000000E+00, 2.630332E+02, 2.643568E+02, 0.000000E+00, 2.428866E+00, 2.731600E+02, 2.643791E+02, 2.638353E+02, 2.731600E+02, 2.731600E+02
2024-01-20 03:00:15,2, 0.000000E+00, 2.629483E+02, 2.642847E+02, 0.000000E+00, 2.431436E+00, 2.731600E+02, 2.643278E+02, 2.637899E+02, 2.731600E+02, 2.731600E+02
2024-01-20 03:15:15,2, 0.000000E+00, 2.628873E+02, 2.642282E+02, 0.000000E+00, 2.217286E+00, 2.731600E+02, 2.642858E+02, 2.637495E+02, 2.731600E+02, 2.731600E+02
2024-01-20 03:30:15,2, 0.000000E+00, 2.628264E+02, 2.641741E+02, 0.000000E+00, 2.220538E+00, 2.731600E+02, 2.642461E+02, 2.637113E+02, 2.731600E+02, 2.731600E+02
2024-01-20 03:45:15,2, 0.000000E+00, 2.627655E+02, 2.641189E+02, 0.000000E+00, 2.231866E+00, 2.731600E+02, 2.642057E+02, 2.636722E+02, 2.731600E+02, 2.731600E+02
2024-01-20 04:00:15,2, 0.000000E+00, 2.627045E+02, 2.640626E+02, 0.000000E+00, 2.231652E+00, 2.731600E+02, 2.641640E+02, 2.636317E+02, 2.731600E+02, 2.731600E+02
2024-01-20 04:15:15,2, 0.000000E+00, 2.626436E+02, 2.640099E+02, 0.000000E+00, 2.018049E+00, 2.731600E+02, 2.641149E+02, 2.635805E+02, 2.731600E+02, 2.731600E+02
2024-01-20 04:30:15,2, 0.000000E+00, 2.625827E+02, 2.639555E+02, 0.000000E+00, 2.015045E+00, 2.731600E+02, 2.640637E+02, 2.635273E+02, 2.731600E+02, 2.731600E+02
2024-01-20 04:45:15,2, 0.000000E+00, 2.625218E+02, 2.639009E+02, 0.000000E+00, 2.020527E+00, 2.731600E+02, 2.640124E+02, 2.634740E+02, 2.731600E+02, 2.731600E+02
2024-01-20 05:00:15,2, 0.000000E+00, 2.624607E+02, 2.638461E+02, 0.000000E+00, 2.016221E+00, 2.731600E+02, 2.639609E+02, 2.634204E+02, 2.731600E+02, 2.731600E+02
2024-01-20 05:15:15,2, 0.000000E+00, 2.623892E+02, 2.637788E+02, 0.000000E+00, 1.833370E+00, 2.731600E+02, 2.638862E+02, 2.633383E+02, 2.731600E+02, 2.731600E+02
2024-01-20 05:30:15,2, 0.000000E+00, 2.623178E+02, 2.637066E+02, 0.000000E+00, 1.822958E+00, 2.731600E+02, 2.638071E+02, 2.632517E+02, 2.731600E+02, 2.731600E+02
2024-01-20 05:45:15,2, 0.000000E+00, 2.622463E+02, 2.636424E+02, 0.000000E+00, 1.823174E+00, 2.731600E+02, 2.637345E+02, 2.631722E+02, 2.731600E+02, 2.731600E+02
2024-01-20 06:00:15,2, 0.000000E+00, 2.621764E+02, 2.635769E+02, 0.000000E+00, 1.814259E+00, 2.731600E+02, 2.636618E+02, 2.630925E+02, 2.731600E+02, 2.731600E+02
2024-01-20 06:15:15,2, 0.000000E+00, 2.621981E+02, 2.635869E+02, 0.000000E+00, 1.713719E+00, 2.731600E+02, 2.636837E+02, 2.631251E+02, 2.731600E+02, 2.731600E+02
2024-01-20 06:30:15,2, 0.000000E+00, 2.622197E+02, 2.636135E+02, 0.000000E+00, 1.726902E+00, 2.731600E+02, 2.637235E+02, 2.631753E+02, 2.731600E+02, 2.731600E+02
2024-01-20 06:45:15,2, 0.000000E+00, 2.622413E+02, 2.636426E+02, 0.000000E+00, 1.742484E+00, 2.731600E+02, 2.637658E+02, 2.632279E+02, 2.731600E+02, 2.731600E+02
2024-01-20 07:00:15,2, 0.000000E+00, 2.622618E+02, 2.636699E+02, 0.000000E+00, 1.754388E+00, 2.731600E+02, 2.638063E+02, 2.632784E+02, 2.731600E+02, 2.731600E+02
2024-01-20 07:15:15,2, 0.000000E+00, 2.622147E+02, 2.636373E+02, 0.000000E+00, 1.684681E+00, 2.731600E+02, 2.637721E+02, 2.632418E+02, 2.731600E+02, 2.731600E+02
2024-01-20 07:30:15,2, 0.000000E+00, 2.621677E+02, 2.635942E+02, 0.000000E+00, 1.681219E+00, 2.731600E+02, 2.637257E+02, 2.631933E+02, 2.731600E+02, 2.731600E+02
2024-01-20 07:45:15,2, 0.000000E+00, 2.621207E+02, 2.635510E+02, 0.000000E+00, 1.680693E+00, 2.731600E+02, 2.636793E+02, 2.631447E+02, 2.731600E+02, 2.731600E+02
2024-01-20 08:00:15,2, 0.000000E+00, 2.620731E+02, 2.635077E+02, 0.000000E+00, 1.679696E+00, 2.731600E+02, 2.636327E+02, 2.630958E+02, 2.731600E+02, 2.731600E+02
2024-01-20 08:15:15,2, 0.000000E+00, 2.619969E+02, 2.634380E+02, 0.000000E+00, 1.659788E+00, 2.731600E+02, 2.635521E+02, 2.630071E+02, 2.731600E+02, 2.731600E+02
2024-01-20 08:30:15,2, 0.000000E+00, 2.619207E+02, 2.633623E+02, 0.000000E+00, 1.651572E+00, 2.731600E+02, 2.634654E+02, 2.629124E+02, 2.731600E+02, 2.731600E+02
2024-01-20 08:45:15,2, 0.000000E+00, 2.618444E+02, 2.632909E+02, 0.000000E+00, 1.646178E+00, 2.731600E+02, 2.633823E+02, 2.628216E+02, 2.731600E+02, 2.731600E+02
2024-01-20 09:00:15,2, 0.000000E+00, 2.617685E+02, 2.632212E+02, 0.000000E+00, 1.643749E+00, 2.731600E+02, 2.633016E+02, 2.627333E+02, 2.731600E+02, 2.731600E+02
2024-01-20 09:15:15,2, 0.000000E+00, 2.617131E+02, 2.631684E+02, 0.000000E+00, 1.713587E+00, 2.731600E+02, 2.632703E+02, 2.627096E+02, 2.731600E+02, 2.731600E+02
2024-01-20 09:30:15,2, 0.000000E+00, 2.616577E+02, 2.631286E+02, 0.000000E+00, 1.723304E+00, 2.731600E+02, 2.632510E+02, 2.626984E+02, 2.731600E+02, 2.731600E+02
2024-01-20 09:45:15,2, 0.000000E+00, 2.616022E+02, 2.630874E+02, 0.000000E+00, 1.728697E+00, 2.731600E+02, 2.632307E+02, 2.626860E+02, 2.731600E+02, 2.731600E+02
2024-01-20 10:00:15,2, 0.000000E+00, 2.615466E+02, 2.630449E+02, 0.000000E+00, 1.735324E+00, 2.731600E+02, 2.632090E+02, 2.626722E+02, 2.731600E+02, 2.731600E+02
2024-01-20 10:15:15,2, 0.000000E+00, 2.614807E+02, 2.629878E+02, 0.000000E+00, 1.756663E+00, 2.731600E+02, 2.631538E+02, 2.626149E+02, 2.731600E+02, 2.731600E+02
2024-01-20 10:30:15,2, 0.000000E+00, 2.614147E+02, 2.629282E+02, 0.000000E+00, 1.756712E+00, 2.731600E+02, 2.630954E+02, 2.625546E+02, 2.731600E+02, 2.731600E+02
2024-01-20 10:45:15,2, 0.000000E+00, 2.613488E+02, 2.628685E+02, 0.000000E+00, 1.756268E+00, 2.731600E+02, 2.630369E+02, 2.624942E+02, 2.731600E+02, 2.731600E+02
2024-01-20 11:00:15,2, 0.000000E+00, 2.612829E+02, 2.628089E+02, 0.000000E+00, 1.745590E+00, 2.731600E+02, 2.629785E+02, 2.624338E+02, 2.731600E+02, 2.731600E+02
2024-01-20 11:15:15,2, 0.000000E+00, 2.612212E+02, 2.627521E+02, 0.000000E+00, 1.574874E+00, 2.731600E+02, 2.629238E+02, 2.623764E+02, 2.731600E+02, 2.731600E+02
2024-01-20 11:30:15,2, 0.000000E+00, 2.611595E+02, 2.626957E+02, 0.000000E+00, 1.566774E+00, 2.731600E+02, 2.628695E+02, 2.623195E+02, 2.731600E+02, 2.731600E+02
2024-01-20 11:45:15,2, 0.000000E+00, 2.610977E+02, 2.626392E+02, 0.000000E+00, 1.563361E+00, 2.731600E+02, 2.628153E+02, 2.622625E+02, 2.731600E+02, 2.731600E+02
2024-01-20 12:00:15,2, 0.000000E+00, 2.610363E+02, 2.625828E+02, 0.000000E+00, 1.549683E+00, 2.731600E+02, 2.627609E+02, 2.622053E+02, 2.731600E+02, 2.731600E+02
2024-01-20 12:15:15,2, 0.000000E+00, 2.609900E+02, 2.625347E+02, 0.000000E+00, 1.373936E+00, 2.731600E+02, 2.627032E+02, 2.621394E+02, 2.731600E+02, 2.731600E+02
2024-01-20 12:30:15,2, 0.000000E+00, 2.609437E+02, 2.624877E+02, 0.000000E+00, 1.361765E+00, 2.731600E+02, 2.626467E+02, 2.620746E+02, 2.731600E+02, 2.731600E+02
2024-01-20 12:45:15,2, 0.000000E+00, 2.608974E+02, 2.624405E+02, 0.000000E+00, 1.354188E+00, 2.731600E+02, 2.625899E+02, 2.620096E+02, 2.731600E+02, 2.731600E+02
2024-01-20 13:00:15,2, 2.219439E+01, 2.608525E+02, 2.623996E+02, 8.475181E-01, 1.527066E+00, 2.731600E+02, 2.626303E+02, 2.621020E+02, 2.731600E+02, 2.731600E+02
2024-01-20 13:15:15,2, 3.513881E+01, 2.608928E+02, 2.624993E+02, 8.956708E-01, 3.405182E+00, 2.731600E+02, 2.628744E+02, 2.624095E+02, 2.731600E+02, 2.731600E+02
2024-01-20 13:30:15,2, 4.760793E+01, 2.609331E+02, 2.625667E+02, 9.168780E-01, 3.573798E+00, 2.731600E+02, 2.630291E+02, 2.626180E+02, 2.731600E+02, 2.731600E+02
2024-01-20 13:45:15,2, 5.954837E+01, 2.609734E+02, 2.626486E+02, 9.371726E-01, 3.700727E+00, 2.731600E+02, 2.631904E+02, 2.628258E+02, 2.731600E+02, 2.731600E+02
2024-01-20 14:00:15,2, 1.174106E+02, 2.610153E+02, 2.627368E+02, 9.581101E-01, 3.816510E+00, 2.731600E+02, 2.635552E+02, 2.633868E+02, 2.731600E+02, 2.731600E+02
2024-01-20 14:15:15,2, 1.351808E+02, 2.611511E+02, 2.629955E+02, 1.041178E+00, 4.014300E+00, 2.731600E+02, 2.640135E+02, 2.639084E+02, 2.731600E+02, 2.731600E+02
2024-01-20 14:30:15,2, 1.518343E+02, 2.612868E+02, 2.631560E+02, 1.071803E+00, 4.182716E+00, 2.731600E+02, 2.642614E+02, 2.641920E+02, 2.731600E+02, 2.731600E+02
2024-01-20 14:45:15,2, 1.672998E+02, 2.614225E+02, 2.633123E+02, 1.101252E+00, 4.350223E+00, 2.731600E+02, 2.644956E+02, 2.644579E+02, 2.731600E+02, 2.731600E+02
2024-01-20 15:00:15,2, 1.805197E+02, 2.615577E+02, 2.634645E+02, 1.129498E+00, 4.481011E+00, 2.731600E+02, 2.647124E+02, 2.647002E+02, 2.731600E+02, 2.731600E+02
2024-01-20 15:15:15,2, 1.933454E+02, 2.616599E+02, 2.635912E+02, 1.156466E+00, 4.165428E+00, 2.731600E+02, 2.649214E+02, 2.649432E+02, 2.731600E+02, 2.731600E+02
2024-01-20 15:30:15,2, 2.048083E+02, 2.617622E+02, 2.637137E+02, 1.183087E+00, 4.296309E+00, 2.731600E+02, 2.651194E+02, 2.651723E+02, 2.731600E+02, 2.731600E+02
2024-01-20 15:45:15,2, 2.148593E+02, 2.618644E+02, 2.638328E+02, 1.208378E+00, 4.428267E+00, 2.731600E+02, 2.653044E+02, 2.653854E+02, 2.731600E+02, 2.731600E+02
2024-01-20 16:00:15,2, 2.643891E+02, 2.619669E+02, 2.639607E+02, 1.232639E+00, 4.578309E+00, 2.731600E+02, 2.656493E+02, 2.658441E+02, 2.731600E+02, 2.731600E+02
2024-01-20 16:15:15,2, 2.727948E+02, 2.620799E+02, 2.641499E+02, 1.302178E+00, 5.053600E+00, 2.731600E+02, 2.659512E+02, 2.661590E+02, 2.731600E+02, 2.731600E+02
2024-01-20 16:30:15,2, 2.793994E+02, 2.621930E+02, 2.642638E+02, 1.322083E+00, 5.169441E+00, 2.731600E+02, 2.660900E+02, 2.663068E+02, 2.731600E+02, 2.731600E+02
2024-01-20 16:45:15,2, 2.841748E+02, 2.623061E+02, 2.643739E+02, 1.340009E+00, 5.273177E+00, 2.731600E+02, 2.662141E+02, 2.664373E+02, 2.731600E+02, 2.731600E+02
2024-01-20 17:00:15,2, 3.337673E+02, 2.624190E+02, 2.644934E+02, 1.356167E+00, 5.390629E+00, 2.731600E+02, 2.665087E+02, 2.668180E+02, 2.731600E+02, 2.731600E+02
2024-01-20 17:15:15,2, 3.350034E+02, 2.625188E+02, 2.646567E+02, 1.420992E+00, 5.810202E+00, 2.731600E+02, 2.667373E+02, 2.670370E+02, 2.731600E+02, 2.731600E+02
2024-01-20 17:30:15,2, 3.340692E+02, 2.626185E+02, 2.647399E+02, 1.428789E+00, 5.868610E+00, 2.731600E+02, 2.667920E+02, 2.670845E+02, 2.731600E+02, 2.731600E+02
2024-01-20 17:45:15,2, 3.309687E+02, 2.627182E+02, 2.648190E+02, 1.434056E+00, 5.911695E+00, 2.731600E+02, 2.668305E+02, 2.671138E+02, 2.731600E+02, 2.731600E+02
2024-01-20 18:00:15,2, 2.940034E+02, 2.628178E+02, 2.648849E+02, 1.436552E+00, 5.882782E+00, 2.731600E+02, 2.667286E+02, 2.669440E+02, 2.731600E+02, 2.731600E+02
2024-01-20 18:15:15,2, 2.873383E+02, 2.629110E+02, 2.649037E+02, 1.401811E+00, 5.086292E+00, 2.731600E+02, 2.666451E+02, 2.668539E+02, 2.731600E+02, 2.731600E+02
2024-01-20 18:30:15,2, 2.787786E+02, 2.630041E+02, 2.649699E+02, 1.402494E+00, 5.067389E+00, 2.731600E+02, 2.666544E+02, 2.668522E+02, 2.731600E+02, 2.731600E+02
2024-01-20 18:45:15,2, 2.683611E+02, 2.630973E+02, 2.650322E+02, 1.400723E+00, 5.044026E+00, 2.731600E+02, 2.666481E+02, 2.668328E+02, 2.731600E+02, 2.731600E+02
2024-01-20 19:00:15,2, 2.666987E+02, 2.631894E+02, 2.650934E+02, 1.396709E+00, 5.019212E+00, 2.731600E+02, 2.666708E+02, 2.668648E+02, 2.731600E+02, 2.731600E+02
2024-01-20 19:15:15,2, 2.521296E+02, 2.632182E+02, 2.651183E+02, 1.398586E+00, 5.105507E+00, 2.731600E+02, 2.666350E+02, 2.668173E+02, 2.731600E+02, 2.731600E+02
2024-01-20 19:30:15,2, 2.357894E+02, 2.632470E+02, 2.651136E+02, 1.383315E+00, 5.012988E+00, 2.731600E+02, 2.665383E+02, 2.667061E+02, 2.731600E+02, 2.731600E+02
2024-01-20 19:45:15,2, 2.177479E+02, 2.632758E+02, 2.651046E+02, 1.365635E+00, 4.906304E+00, 2.731600E+02, 2.664258E+02, 2.665765E+02, 2.731600E+02, 2.731600E+02
2024-01-20 20:00:15,2, 1.697408E+02, 2.633030E+02, 2.650814E+02, 1.344857E+00, 4.763635E+00, 2.731600E+02, 2.661752E+02, 2.662077E+02, 2.731600E+02, 2.731600E+02
2024-01-20 20:15:15,2, 1.515697E+02, 2.632366E+02, 2.649294E+02, 1.275565E+00, 4.224341E+00, 2.731600E+02, 2.658582E+02, 2.658376E+02, 2.731600E+02, 2.731600E+02
2024-01-20 20:30:15,2, 1.321569E+02, 2.631702E+02, 2.648225E+02, 1.241623E+00, 4.021715E+00, 2.731600E+02, 2.656288E+02, 2.655667E+02, 2.731600E+02, 2.731600E+02
2024-01-20 20:45:15,2, 1.115857E+02, 2.631037E+02, 2.647110E+02, 1.205816E+00, 3.815567E+00, 2.731600E+02, 2.653848E+02, 2.652747E+02, 2.731600E+02, 2.731600E+02
2024-01-20 21:00:15,2, 7.657650E+01, 2.630365E+02, 2.645892E+02, 1.166898E+00, 3.570349E+00, 2.731600E+02, 2.650669E+02, 2.648300E+02, 2.731600E+02, 2.731600E+02
2024-01-20 21:15:15,2, 5.731880E+01, 2.629248E+02, 2.643929E+02, 1.106457E+00, 2.842402E+00, 2.731600E+02, 2.647142E+02, 2.643866E+02, 2.731600E+02, 2.731600E+02
2024-01-20 21:30:15,2, 3.731114E+01, 2.628131E+02, 2.642457E+02, 1.060618E+00, 2.592080E+00, 2.731600E+02, 2.644256E+02, 2.640165E+02, 2.731600E+02, 2.731600E+02
2024-01-20 21:45:15,2, 1.663920E+01, 2.627014E+02, 2.640907E+02, 9.602274E-01, 2.290700E+00, 2.731600E+02, 2.641265E+02, 2.636299E+02, 2.731600E+02, 2.731600E+02
2024-01-20 22:00:15,2, 0.000000E+00, 2.625900E+02, 2.639501E+02, 0.000000E+00, 8.503757E-01, 2.731600E+02, 2.638843E+02, 2.633192E+02, 2.731600E+02, 2.731600E+02
2024-01-20 22:15:15,2, 0.000000E+00, 2.625034E+02, 2.638630E+02, 0.000000E+00, 5.394691E-01, 2.731600E+02, 2.637863E+02, 2.632131E+02, 2.731600E+02, 2.731600E+02
2024-01-20 22:30:15,2, 0.000000E+00, 2.624168E+02, 2.637810E+02, 0.000000E+00, 4.992958E-01, 2.731600E+02, 2.636940E+02, 2.631126E+02, 2.731600E+02, 2.731600E+02
2024-01-20 22:45:15,2, 0.000000E+00, 2.623302E+02, 2.636990E+02, 0.000000E+00, 4.676638E-01, 2.731600E+02, 2.636017E+02, 2.630122E+02, 2.731600E+02, 2.731600E+02
2024-01-20 23:00:15,2, 0.000000E+00, 2.622453E+02, 2.636172E+02, 0.000000E+00, 4.192646E-01, 2.731600E+02, 2.635101E+02, 2.629128E+02, 2.731600E+02, 2.731600E+02
2024-01-20 23:15:15,2, 0.000000E+00, 2.622628E+02, 2.636277E+02, 0.000000E+00, 1.194279E-01, 2.731600E+02, 2.635483E+02, 2.629692E+02, 2.731600E+02, 2.731600E+02
2024-01-20 23:30:15,2, 0.000000E+00, 2.622802E+02, 2.636537E+02, 0.000000E+00, 9.928358E-02, 2.731600E+02, 2.636044E+02, 2.630429E+02, 2.731600E+02, 2.731600E+02
2024-01-20 23:45:15,2, 0.000000E+00, 2.622976E+02, 2.636795E+02, 0.000000E+00, 8.753539E-02, 2.731600E+02, 2.636599E+02, 2.631158E+02, 2.731600E+02, 2.731600E+02
2024-01-21 00:00:15,1, 0.000000E+00, 2.623155E+02, 2.637046E+02, 0.000000E+00, 8.762279E-02, 2.731600E+02, 2.636933E+02, 2.631491E+02, 2.731600E+02, 2.731600E+02
2024-01-21 00:15:15,1, 0.000000E+00, 2.623610E+02, 2.637475E+02, 0.000000E+00, 2.746052E-01, 2.731600E+02, 2.637509E+02, 2.632176E+02, 2.731600E+02, 2.731600E+02
2024-01-21 00:30:15,1, 0.000000E+00, 2.624065E+02, 2.637932E+02, 0.000000E+00, 2.721951E-01, 2.731600E+02, 2.638115E+02, 2.632889E+02, 2.731600E+02, 2.731600E+02
2024-01-21 00:45:15,1, 0.000000E+00, 2.624519E+02, 2.638388E+02, 0.000000E+00, 2.645944E-01, 2.731600E+02, 2.638720E+02, 2.633600E+02, 2.731600E+02, 2.731600E+02
2024-01-21 01:00:15,1, 0.000000E+00, 2.624979E+02, 2.638842E+02, 0.000000E+00, 2.518375E-01, 2.731600E+02, 2.639320E+02, 2.634305E+02, 2.731600E+02, 2.731600E+02
2024-01-21 01:15:15,1, 0.000000E+00, 2.625763E+02, 2.639504E+02, 0.000000E+00, 1.624674E-01, 2.731600E+02, 2.639940E+02, 2.634918E+02, 2.731600E+02, 2.731600E+02
2024-01-21 01:30:15,1, 0.000000E+00, 2.626546E+02, 2.640201E+02, 0.000000E+00, 1.511079E-01, 2.731600E+02, 2.640592E+02, 2.635562E+02, 2.731600E+02, 2.731600E+02
2024-01-21 01:45:15,1, 0.000000E+00, 2.627330E+02, 2.640896E+02, 0.000000E+00, 1.418587E-01, 2.731600E+02, 2.641242E+02, 2.636204E+02, 2.731600E+02, 2.731600E+02
2024-01-21 02:00:15,1, 0.000000E+00, 2.628109E+02, 2.641591E+02, 0.000000E+00, 1.539270E-01, 2.731600E+02, 2.641892E+02, 2.636844E+02, 2.731600E+02, 2.731600E+02
2024-01-21 02:15:15,1, 0.000000E+00, 2.628670E+02, 2.642127E+02, 0.000000E+00, 5.007863E-01, 2.731600E+02, 2.642430E+02, 2.637405E+02, 2.731600E+02, 2.731600E+02
2024-01-21 02:30:15,1, 0.000000E+00, 2.629231E+02, 2.642636E+02, 0.000000E+00, 5.070032E-01, 2.731600E+02, 2.642943E+02, 2.637940E+02, 2.731600E+02, 2.731600E+02
2024-01-21 02:45:15,1, 0.000000E+00, 2.629792E+02, 2.643144E+02, 0.000000E+00, 5.031053E-01, 2.731600E+02, 2.643456E+02, 2.638475E+02, 2.731600E+02, 2.731600E+02
2024-01-21 03:00:15,1, 0.000000E+00, 2.630349E+02, 2.643652E+02, 0.000000E+00, 5.456859E-01, 2.731600E+02, 2.643969E+02, 2.639012E+02, 2.731600E+02, 2.731600E+02
2024-01-21 03:15:15,1, 0.000000E+00, 2.630678E+02, 2.644000E+02, 0.000000E+00, 1.337891E+00, 2.731600E+02, 2.644396E+02, 2.639525E+02, 2.731600E+02, 2.731600E+02
2024-01-21 03:30:15,1, 0.000000E+00, 2.631006E+02, 2.644320E+02, 0.000000E+00, 1.372557E+00, 2.731600E+02, 2.644790E+02, 2.640004E+02, 2.731600E+02, 2.731600E+02
2024-01-21 03:45:15,1, 0.000000E+00, 2.631335E+02, 2.644637E+02, 0.000000E+00, 1.383828E+00, 2.731600E+02, 2.645181E+02, 2.640479E+02, 2.731600E+02, 2.731600E+02
2024-01-21 04:00:15,1, 0.000000E+00, 2.631659E+02, 2.644952E+02, 0.000000E+00, 1.399409E+00, 2.731600E+02, 2.645569E+02, 2.640948E+02, 2.731600E+02, 2.731600E+02
2024-01-21 04:15:15,1, 0.000000E+00, 2.631706E+02, 2.645060E+02, 0.000000E+00, 1.488699E+00, 2.731600E+02, 2.645806E+02, 2.641227E+02, 2.731600E+02, 2.731600E+02
2024-01-21 04:30:15,1, 0.000000E+00, 2.631753E+02, 2.645127E+02, 0.000000E+00, 1.498823E+00, 2.731600E+02, 2.646001E+02, 2.641465E+02, 2.731600E+02, 2.731600E+02
2024-01-21 04:45:15,1, 0.000000E+00, 2.631800E+02, 2.645166E+02, 0.000000E+00, 1.506079E+00, 2.731600E+02, 2.646176E+02, 2.641681E+02, 2.731600E+02, 2.731600E+02
2024-01-21 05:00:15,1, 0.000000E+00, 2.631840E+02, 2.645278E+02, 0.000000E+00, 1.515506E+00, 2.731600E+02, 2.646407E+02, 2.641955E+02, 2.731600E+02, 2.731600E+02
2024-01-21 05:15:15,1, 0.000000E+00, 2.631453E+02, 2.644966E+02, 0.000000E+00, 1.503173E+00, 2.731600E+02, 2.646049E+02, 2.641540E+02, 2.731600E+02, 2.731600E+02
2024-01-21 05:30:15,1, 0.000000E+00, 2.631065E+02, 2.644538E+02, 0.000000E+00, 1.498183E+00, 2.731600E+02, 2.645567E+02, 2.641003E+02, 2.731600E+02, 2.731600E+02
2024-01-21 05:45:15,1, 0.000000E+00, 2.630678E+02, 2.644217E+02, 0.000000E+00, 1.497247E+00, 2.731600E+02, 2.645171E+02, 2.640556E+02, 2.731600E+02, 2.731600E+02
2024-01-21 06:00:15,1, 0.000000E+00, 2.630292E+02, 2.643864E+02, 0.000000E+00, 1.507574E+00, 2.731600E+02, 2.644756E+02, 2.640090E+02, 2.731600E+02, 2.731600E+02
2024-01-21 06:15:15,1, 0.000000E+00, 2.629943E+02, 2.643538E+02, 0.000000E+00, 1.727708E+00, 2.731600E+02, 2.644574E+02, 2.639973E+02, 2.731600E+02, 2.731600E+02
2024-01-21 06:30:15,1, 0.000000E+00, 2.629594E+02, 2.643303E+02, 0.000000E+00, 1.743457E+00, 2.731600E+02, 2.644474E+02, 2.639941E+02, 2.731600E+02, 2.731600E+02
2024-01-21 06:45:15,1, 0.000000E+00, 2.629245E+02, 2.643061E+02, 0.000000E+00, 1.751543E+00, 2.731600E+02, 2.644369E+02, 2.639903E+02, 2.731600E+02, 2.731600E+02
2024-01-21 07:00:15,1, 0.000000E+00, 2.628893E+02, 2.642807E+02, 0.000000E+00, 1.752798E+00, 2.731600E+02, 2.644250E+02, 2.639849E+02, 2.731600E+02, 2.731600E+02
2024-01-21 07:15:15,1, 0.000000E+00, 2.628401E+02, 2.642370E+02, 0.000000E+00, 1.644745E+00, 2.731600E+02, 2.643765E+02, 2.639316E+02, 2.731600E+02, 2.731600E+02
2024-01-21 07:30:15,1, 0.000000E+00, 2.627910E+02, 2.641900E+02, 0.000000E+00, 1.639862E+00, 2.731600E+02, 2.643244E+02, 2.638747E+02, 2.731600E+02, 2.731600E+02
2024-01-21 07:45:15,1, 0.000000E+00, 2.627418E+02, 2.641429E+02, 0.000000E+00, 1.637914E+00, 2.731600E+02, 2.642722E+02, 2.638178E+02, 2.731600E+02, 2.731600E+02
2024-01-21 08:00:15,1, 0.000000E+00, 2.626925E+02, 2.640955E+02, 0.000000E+00, 1.634504E+00, 2.731600E+02, 2.642197E+02, 2.637605E+02, 2.731600E+02, 2.731600E+02
2024-01-21 08:15:15,1, 0.000000E+00, 2.626367E+02, 2.640353E+02, 0.000000E+00, 1.601755E+00, 2.731600E+02, 2.641425E+02, 2.636706E+02, 2.731600E+02, 2.731600E+02
2024-01-21 08:30:15,1, 0.000000E+00, 2.625809E+02, 2.639824E+02, 0.000000E+00, 1.596380E+00, 2.731600E+02, 2.640714E+02, 2.635874E+02, 2.731600E+02, 2.731600E+02
2024-01-21 08:45:15,1, 0.000000E+00, 2.625250E+02, 2.639284E+02, 0.000000E+00, 1.590249E+00, 2.731600E+02, 2.639996E+02, 2.635032E+02, 2.731600E+02, 2.731600E+02
2024-01-21 09:00:15,1, 0.000000E+00, 2.624700E+02, 2.638734E+02, 0.000000E+00, 1.577748E+00, 2.731600E+02, 2.639270E+02, 2.634183E+02, 2.731600E+02, 2.731600E+02
2024-01-21 09:15:15,1, 0.000000E+00, 2.624601E+02, 2.638606E+02, 0.000000E+00, 1.481584E+00, 2.731600E+02, 2.639265E+02, 2.634230E+02, 2.731600E+02, 2.731600E+02
2024-01-21 09:30:15,1, 0.000000E+00, 2.624502E+02, 2.638545E+02, 0.000000E+00, 1.484593E+00, 2.731600E+02, 2.639342E+02, 2.634358E+02, 2.731600E+02, 2.731600E+02
2024-01-21 09:45:15,1, 0.000000E+00, 2.624403E+02, 2.638477E+02, 0.000000E+00, 1.490007E+00, 2.731600E+02, 2.639415E+02, 2.634480E+02, 2.731600E+02, 2.731600E+02
2024-01-21 10:00:15,1, 0.000000E+00, 2.624306E+02, 2.638384E+02, 0.000000E+00, 1.471583E+00, 2.731600E+02, 2.639469E+02, 2.634580E+02, 2.731600E+02, 2.731600E+02
2024-01-21 10:15:15,1, 0.000000E+00, 2.624354E+02, 2.638387E+02, 0.000000E+00, 1.091260E+00, 2.731600E+02, 2.639498E+02, 2.634609E+02, 2.731600E+02, 2.731600E+02
2024-01-21 10:30:15,1, 0.000000E+00, 2.624403E+02, 2.638466E+02, 0.000000E+00, 1.078673E+00, 2.731600E+02, 2.639607E+02, 2.634719E+02, 2.731600E+02, 2.731600E+02
2024-01-21 10:45:15,1, 0.000000E+00, 2.624451E+02, 2.638529E+02, 0.000000E+00, 1.076135E+00, 2.731600E+02, 2.639703E+02, 2.634814E+02, 2.731600E+02, 2.731600E+02
2024-01-21 11:00:15,1, 0.000000E+00, 2.624496E+02, 2.638587E+02, 0.000000E+00, 1.083038E+00, 2.731600E+02, 2.639790E+02, 2.634898E+02, 2.731600E+02, 2.731600E+02
2024-01-21 11:15:15,1, 0.000000E+00, 2.624335E+02, 2.638353E+02, 0.000000E+00, 1.208171E+00, 2.728607E+02, 2.639135E+02, 2.634216E+02, 2.731600E+02, 2.731600E+02
2024-01-21 11:30:15,1, 0.000000E+00, 2.624174E+02, 2.638085E+02, 0.000000E+00, 1.179796E+00, 2.725902E+02, 2.638440E+02, 2.633494E+02, 2.731600E+02, 2.731600E+02
2024-01-21 11:45:15,1, 0.000000E+00, 2.624013E+02, 2.637812E+02, 0.000000E+00, 1.152125E+00, 2.723742E+02, 2.637778E+02, 2.632783E+02, 2.731600E+02, 2.731600E+02
2024-01-21 12:00:15,1, 0.000000E+00, 2.623857E+02, 2.637542E+02, 0.000000E+00, 1.124542E+00, 2.721941E+02, 2.637147E+02, 2.632090E+02, 2.731600E+02, 2.731600E+02
2024-01-21 12:15:15,1, 0.000000E+00, 2.623973E+02, 2.637541E+02, 0.000000E+00, 1.054113E+00, 2.720405E+02, 2.636961E+02, 2.631950E+02, 2.731600E+02, 2.731600E+02
2024-01-21 12:30:15,1, 0.000000E+00, 2.624090E+02, 2.637589E+02, 0.000000E+00, 1.039867E+00, 2.719072E+02, 2.636850E+02, 2.631874E+02, 2.731600E+02, 2.731600E+02
2024-01-21 12:45:15,1, 0.000000E+00, 2.624207E+02, 2.637641E+02, 0.000000E+00, 1.028656E+00, 2.717890E+02, 2.636753E+02, 2.631807E+02, 2.731600E+02, 2.731600E+02
2024-01-21 13:00:15,1, 3.115458E+01, 2.624349E+02, 2.637792E+02, 9.735793E-01, 1.183560E+00, 2.716847E+02, 2.638061E+02, 2.634091E+02, 2.731600E+02, 2.731600E+02
2024-01-21 13:15:15,1, 4.888901E+01, 2.626031E+02, 2.640084E+02, 1.051929E+00, 2.831793E+00, 2.716875E+02, 2.642534E+02, 2.639510E+02, 2.731600E+02, 2.731600E+02
2024-01-21 13:30:15,1, 6.597423E+01, 2.627713E+02, 2.642198E+02, 1.099196E+00, 3.109489E+00, 2.717267E+02, 2.646049E+02, 2.643812E+02, 2.731600E+02, 2.731600E+02
2024-01-21 13:45:15,1, 8.233707E+01, 2.629394E+02, 2.644311E+02, 1.145290E+00, 3.345759E+00, 2.717952E+02, 2.649474E+02, 2.647890E+02, 2.731600E+02, 2.731600E+02
2024-01-21 14:00:15,1, 1.216267E+02, 2.631076E+02, 2.646440E+02, 1.191704E+00, 3.582168E+00, 2.718890E+02, 2.653872E+02, 2.653777E+02, 2.731600E+02, 2.731600E+02
2024-01-21 14:15:15,1, 1.399020E+02, 2.632769E+02, 2.648978E+02, 1.266915E+00, 3.839951E+00, 2.720465E+02, 2.657990E+02, 2.658367E+02, 2.731600E+02, 2.731600E+02
2024-01-21 14:30:15,1, 1.570318E+02, 2.634461E+02, 2.650915E+02, 1.309075E+00, 4.063473E+00, 2.722101E+02, 2.660922E+02, 2.661580E+02, 2.731600E+02, 2.731600E+02
2024-01-21 14:45:15,1, 1.729427E+02, 2.636154E+02, 2.652816E+02, 1.350253E+00, 4.286654E+00, 2.723798E+02, 2.663728E+02, 2.664629E+02, 2.731600E+02, 2.731600E+02
2024-01-21 15:00:15,1, 2.188340E+02, 2.637849E+02, 2.654782E+02, 1.391072E+00, 4.491917E+00, 2.725568E+02, 2.667800E+02, 2.669849E+02, 2.731600E+02, 2.731600E+02
2024-01-21 15:15:15,1, 2.343212E+02, 2.639684E+02, 2.657428E+02, 1.480728E+00, 4.510553E+00, 2.728041E+02, 2.671988E+02, 2.674289E+02, 2.731600E+02, 2.731600E+02
2024-01-21 15:30:15,1, 2.481674E+02, 2.641519E+02, 2.659427E+02, 1.526016E+00, 4.744812E+00, 2.730462E+02, 2.674820E+02, 2.677257E+02, 2.731600E+02, 2.731600E+02
2024-01-21 15:45:15,1, 2.603134E+02, 2.643354E+02, 2.661360E+02, 1.568705E+00, 4.968707E+00, 2.731600E+02, 2.677409E+02, 2.679996E+02, 2.731600E+02, 2.731600E+02
2024-01-21 16:00:15,1, 2.571018E+02, 2.645186E+02, 2.663173E+02, 1.607876E+00, 5.154637E+00, 2.731600E+02, 2.679166E+02, 2.681614E+02, 2.731600E+02, 2.731600E+02
2024-01-21 16:15:15,1, 2.652668E+02, 2.646890E+02, 2.664746E+02, 1.632680E+00, 5.220736E+00, 2.731600E+02, 2.681210E+02, 2.683986E+02, 2.731600E+02, 2.731600E+02
2024-01-21 16:30:15,1, 2.716904E+02, 2.648595E+02, 2.666532E+02, 1.675535E+00, 5.432458E+00, 2.731600E+02, 2.683619E+02, 2.686701E+02, 2.731600E+02, 2.731600E+02
2024-01-21 16:45:15,1, 2.763451E+02, 2.650299E+02, 2.668282E+02, 1.716644E+00, 5.638143E+00, 2.731600E+02, 2.685885E+02, 2.689246E+02, 2.731600E+02, 2.731600E+02
2024-01-21 17:00:15,1, 3.090871E+02, 2.652001E+02, 2.670078E+02, 1.756298E+00, 5.862431E+00, 2.731600E+02, 2.689239E+02, 2.693451E+02, 2.731600E+02, 2.731600E+02
2024-01-21 17:15:15,1, 3.102659E+02, 2.653576E+02, 2.672052E+02, 1.827462E+00, 6.419952E+00, 2.731600E+02, 2.691699E+02, 2.695912E+02, 2.731600E+02, 2.731600E+02
2024-01-21 17:30:15,1, 3.094458E+02, 2.655152E+02, 2.673435E+02, 1.850052E+00, 6.542324E+00, 2.731600E+02, 2.692913E+02, 2.697119E+02, 2.731600E+02, 2.731600E+02
2024-01-21 17:45:15,1, 3.066303E+02, 2.656727E+02, 2.674777E+02, 1.869671E+00, 6.644342E+00, 2.731600E+02, 2.693967E+02, 2.698142E+02, 2.731600E+02, 2.731600E+02
2024-01-21 18:00:15,1, 2.883010E+02, 2.658302E+02, 2.676039E+02, 1.885964E+00, 6.649546E+00, 2.731600E+02, 2.694303E+02, 2.698138E+02, 2.731600E+02, 2.731600E+02
2024-01-21 18:15:15,1, 2.818426E+02, 2.659823E+02, 2.677007E+02, 1.876106E+00, 5.483921E+00, 2.731600E+02, 2.694470E+02, 2.698199E+02, 2.731600E+02, 2.731600E+02
2024-01-21 18:30:15,1, 2.735371E+02, 2.661344E+02, 2.678163E+02, 1.884455E+00, 5.449180E+00, 2.731600E+02, 2.694965E+02, 2.698556E+02, 2.731600E+02, 2.731600E+02
2024-01-21 18:45:15,1, 2.634201E+02, 2.662865E+02, 2.679276E+02, 1.889608E+00, 5.416406E+00, 2.731600E+02, 2.695304E+02, 2.698732E+02, 2.731600E+02, 2.731600E+02
2024-01-21 19:00:15,1, 2.594544E+02, 2.664374E+02, 2.680367E+02, 1.891724E+00, 5.467277E+00, 2.731600E+02, 2.695828E+02, 2.699273E+02, 2.731600E+02, 2.731600E+02
2024-01-21 19:15:15,1, 2.454236E+02, 2.665239E+02, 2.681040E+02, 1.895695E+00, 6.968100E+00, 2.731600E+02, 2.695712E+02, 2.698954E+02, 2.731600E+02, 2.731600E+02
2024-01-21 19:30:15,1, 2.296814E+02, 2.666105E+02, 2.681437E+02, 1.880776E+00, 6.920351E+00, 2.731600E+02, 2.695046E+02, 2.698052E+02, 2.731600E+02, 2.731600E+02
2024-01-21 19:45:15,1, 2.122954E+02, 2.666970E+02, 2.681783E+02, 1.862176E+00, 6.819211E+00, 2.731600E+02, 2.694202E+02, 2.696944E+02, 2.731600E+02, 2.731600E+02
2024-01-21 20:00:15,1, 2.137688E+02, 2.667822E+02, 2.682142E+02, 1.840522E+00, 6.686073E+00, 2.731600E+02, 2.694104E+02, 2.697405E+02, 2.731600E+02, 2.731600E+02
2024-01-21 20:15:15,1, 1.911649E+02, 2.667938E+02, 2.682153E+02, 1.832979E+00, 6.268678E+00, 2.731600E+02, 2.692685E+02, 2.695669E+02, 2.731600E+02, 2.731600E+02
2024-01-21 20:30:15,1, 1.670122E+02, 2.668054E+02, 2.681504E+02, 1.778503E+00, 5.934298E+00, 2.731600E+02, 2.690018E+02, 2.692489E+02, 2.731600E+02, 2.731600E+02
2024-01-21 20:45:15,1, 1.414142E+02, 2.668171E+02, 2.680765E+02, 1.719297E+00, 5.585702E+00, 2.731600E+02, 2.687094E+02, 2.688947E+02, 2.731600E+02, 2.731600E+02
2024-01-21 21:00:15,1, 1.044368E+02, 2.668256E+02, 2.679876E+02, 1.654063E+00, 5.149016E+00, 2.731600E+02, 2.683407E+02, 2.683557E+02, 2.731600E+02, 2.731600E+02
2024-01-21 21:15:15,1, 7.875272E+01, 2.666521E+02, 2.677387E+02, 1.555090E+00, 3.511637E+00, 2.731600E+02, 2.678913E+02, 2.677832E+02, 2.731600E+02, 2.731600E+02
2024-01-21 21:30:15,1, 5.206537E+01, 2.664786E+02, 2.675094E+02, 1.463451E+00, 2.969110E+00, 2.731600E+02, 2.674635E+02, 2.672193E+02, 2.731600E+02, 2.731600E+02
2024-01-21 21:45:15,1, 2.448897E+01, 2.663052E+02, 2.672761E+02, 1.279304E+00, 2.390211E+00, 2.731600E+02, 2.670294E+02, 2.666045E+02, 2.731600E+02, 2.731600E+02
2024-01-21 22:00:15,1, 0.000000E+00, 2.661310E+02, 2.670456E+02, 0.000000E+00, 7.173262E-01, 2.731600E+02, 2.666353E+02, 2.660361E+02, 2.731600E+02, 2.731600E+02
2024-01-21 22:15:15,1, 0.000000E+00, 2.659157E+02, 2.668495E+02, 0.000000E+00, 3.765896E-01, 2.731600E+02, 2.664380E+02, 2.658220E+02, 2.731600E+02, 2.731600E+02
2024-01-21 22:30:15,1, 0.000000E+00, 2.657004E+02, 2.666537E+02, 0.000000E+00, 2.960172E-01, 2.731600E+02, 2.662412E+02, 2.656074E+02, 2.731600E+02, 2.731600E+02
2024-01-21 22:45:15,1, 0.000000E+00, 2.654851E+02, 2.664567E+02, 0.000000E+00, 2.378154E-01, 2.731600E+02, 2.660431E+02, 2.653908E+02, 2.731600E+02, 2.731600E+02
2024-01-21 23:00:15,1, 0.000000E+00, 2.652708E+02, 2.662587E+02, 0.000000E+00, 2.243247E-01, 2.731600E+02, 2.658436E+02, 2.651719E+02, 2.731600E+02, 2.731600E+02
2024-01-21 23:15:15,1, 0.000000E+00, 2.651184E+02, 2.661054E+02, 0.000000E+00, 1.125007E+00, 2.731600E+02, 2.656798E+02, 2.649915E+02, 2.731600E+02, 2.731600E+02
2024-01-21 23:30:15,1, 0.000000E+00, 2.649661E+02, 2.659618E+02, 0.000000E+00, 1.176193E+00, 2.731600E+02, 2.655262E+02, 2.648210E+02, 2.731600E+02, 2.731600E+02
2024-01-21 23:45:15,1, 0.000000E+00, 2.648137E+02, 2.658181E+02, 0.000000E+00, 1.156614E+00, 2.731600E+02, 2.653722E+02, 2.646497E+02, 2.731600E+02, 2.731600E+02
2024-01-21 00:00:15,2, 0.000000E+00, 2.623155E+02, 2.637049E+02, 0.000000E+00, 8.799155E-02, 2.731600E+02, 2.637147E+02, 2.631876E+02, 2.731600E+02, 2.731600E+02
2024-01-21 00:15:15,2, 0.000000E+00, 2.623610E+02, 2.637476E+02, 0.000000E+00, 2.749408E-01, 2.731600E+02, 2.637717E+02, 2.632550E+02, 2.731600E+02, 2.731600E+02
2024-01-21 00:30:15,2, 0.000000E+00, 2.624065E+02, 2.637931E+02, 0.000000E+00, 2.725086E-01, 2.731600E+02, 2.638317E+02, 2.633253E+02, 2.731600E+02, 2.731600E+02
2024-01-21 00:45:15,2, 0.000000E+00, 2.624519E+02, 2.638384E+02, 0.000000E+00, 2.648603E-01, 2.731600E+02, 2.638915E+02, 2.633952E+02, 2.731600E+02, 2.731600E+02
2024-01-21 01:00:15,2, 0.000000E+00, 2.624979E+02, 2.638832E+02, 0.000000E+00, 2.520171E-01, 2.731600E+02, 2.639506E+02, 2.634643E+02, 2.731600E+02, 2.731600E+02
2024-01-21 01:15:15,2, 0.000000E+00, 2.625763E+02, 2.639494E+02, 0.000000E+00, 1.626293E-01, 2.731600E+02, 2.640126E+02, 2.635257E+02, 2.731600E+02, 2.731600E+02
2024-01-21 01:30:15,2, 0.000000E+00, 2.626546E+02, 2.640193E+02, 0.000000E+00, 1.512920E-01, 2.731600E+02, 2.640780E+02, 2.635903E+02, 2.731600E+02, 2.731600E+02
2024-01-21 01:45:15,2, 0.000000E+00, 2.627330E+02, 2.640890E+02, 0.000000E+00, 1.420666E-01, 2.731600E+02, 2.641432E+02, 2.636548E+02, 2.731600E+02, 2.731600E+02
2024-01-21 02:00:15,2, 0.000000E+00, 2.628109E+02, 2.641586E+02, 0.000000E+00, 1.541412E-01, 2.731600E+02, 2.642083E+02, 2.637191E+02, 2.731600E+02, 2.731600E+02
2024-01-21 02:15:15,2, 0.000000E+00, 2.628670E+02, 2.642122E+02, 0.000000E+00, 5.009919E-01, 2.731600E+02, 2.642621E+02, 2.637750E+02, 2.731600E+02, 2.731600E+02
2024-01-21 02:30:15,2, 0.000000E+00, 2.629231E+02, 2.642631E+02, 0.000000E+00, 5.072278E-01, 2.731600E+02, 2.643133E+02, 2.638284E+02, 2.731600E+02, 2.731600E+02
2024-01-21 02:45:15,2, 0.000000E+00, 2.629792E+02, 2.643139E+02, 0.000000E+00, 5.033273E-01, 2.731600E+02, 2.643645E+02, 2.638817E+02, 2.731600E+02, 2.731600E+02
2024-01-21 03:00:15,2, 0.000000E+00, 2.630349E+02, 2.643647E+02, 0.000000E+00, 5.458750E-01, 2.731600E+02, 2.644157E+02, 2.639352E+02, 2.731600E+02, 2.731600E+02
2024-01-21 03:15:15,2, 0.000000E+00, 2.630678E+02, 2.643993E+02, 0.000000E+00, 1.337991E+00, 2.731600E+02, 2.644578E+02, 2.639856E+02, 2.731600E+02, 2.731600E+02
2024-01-21 03:30:15,2, 0.000000E+00, 2.631006E+02, 2.644308E+02, 0.000000E+00, 1.372637E+00, 2.731600E+02, 2.644966E+02, 2.640325E+02, 2.731600E+02, 2.731600E+02
2024-01-21 03:45:15,2, 0.000000E+00, 2.631335E+02, 2.644619E+02, 0.000000E+00, 1.383770E+00, 2.731600E+02, 2.645348E+02, 2.640786E+02, 2.731600E+02, 2.731600E+02
2024-01-21 04:00:15,2, 0.000000E+00, 2.631659E+02, 2.644915E+02, 0.000000E+00, 1.398914E+00, 2.731600E+02, 2.645718E+02, 2.641233E+02, 2.731600E+02, 2.731600E+02
2024-01-21 04:15:15,2, 0.000000E+00, 2.631706E+02, 2.645053E+02, 0.000000E+00, 1.489339E+00, 2.731600E+02, 2.645977E+02, 2.641532E+02, 2.731600E+02, 2.731600E+02
2024-01-21 04:30:15,2, 0.000000E+00, 2.631753E+02, 2.645161E+02, 0.000000E+00, 1.500179E+00, 2.731600E+02, 2.646208E+02, 2.641804E+02, 2.731600E+02, 2.731600E+02
2024-01-21 04:45:15,2, 0.000000E+00, 2.631800E+02, 2.645259E+02, 0.000000E+00, 1.508789E+00, 2.731600E+02, 2.646430E+02, 2.642068E+02, 2.731600E+02, 2.731600E+02
2024-01-21 05:00:15,2, 0.000000E+00, 2.631840E+02, 2.645352E+02, 0.000000E+00, 1.516880E+00, 2.731600E+02, 2.646647E+02, 2.642325E+02, 2.731600E+02, 2.731600E+02
2024-01-21 05:15:15,2, 0.000000E+00, 2.631453E+02, 2.645045E+02, 0.000000E+00, 1.505059E+00, 2.731600E+02, 2.646293E+02, 2.641918E+02, 2.731600E+02, 2.731600E+02
2024-01-21 05:30:15,2, 0.000000E+00, 2.631065E+02, 2.644667E+02, 0.000000E+00, 1.501553E+00, 2.731600E+02, 2.645856E+02, 2.641429E+02, 2.731600E+02, 2.731600E+02
2024-01-21 05:45:15,2, 0.000000E+00, 2.630678E+02, 2.644288E+02, 0.000000E+00, 1.498533E+00, 2.731600E+02, 2.645418E+02, 2.640938E+02, 2.731600E+02, 2.731600E+02
2024-01-21 06:00:15,2, 0.000000E+00, 2.630292E+02, 2.643908E+02, 0.000000E+00, 1.508544E+00, 2.731600E+02, 2.644980E+02, 2.640450E+02, 2.731600E+02, 2.731600E+02
2024-01-21 06:15:15,2, 0.000000E+00, 2.629943E+02, 2.643633E+02, 0.000000E+00, 1.730529E+00, 2.731600E+02, 2.644839E+02, 2.640375E+02, 2.731600E+02, 2.731600E+02
2024-01-21 06:30:15,2, 0.000000E+00, 2.629594E+02, 2.643374E+02, 0.000000E+00, 1.744690E+00, 2.731600E+02, 2.644715E+02, 2.640315E+02, 2.731600E+02, 2.731600E+02
2024-01-21 06:45:15,2, 0.000000E+00, 2.629245E+02, 2.643113E+02, 0.000000E+00, 1.752594E+00, 2.731600E+02, 2.644587E+02, 2.640252E+02, 2.731600E+02, 2.731600E+02
2024-01-21 07:00:15,2, 0.000000E+00, 2.628893E+02, 2.642849E+02, 0.000000E+00, 1.753716E+00, 2.731600E+02, 2.644455E+02, 2.640183E+02, 2.731600E+02, 2.731600E+02
2024-01-21 07:15:15,2, 0.000000E+00, 2.628401E+02, 2.642413E+02, 0.000000E+00, 1.645813E+00, 2.731600E+02, 2.643973E+02, 2.639654E+02, 2.731600E+02, 2.731600E+02
2024-01-21 07:30:15,2, 0.000000E+00, 2.627910E+02, 2.641947E+02, 0.000000E+00, 1.641031E+00, 2.731600E+02, 2.643458E+02, 2.639093E+02, 2.731600E+02, 2.731600E+02
2024-01-21 07:45:15,2, 0.000000E+00, 2.627418E+02, 2.641480E+02, 0.000000E+00, 1.639183E+00, 2.731600E+02, 2.642943E+02, 2.638532E+02, 2.731600E+02, 2.731600E+02
2024-01-21 08:00:15,2, 0.000000E+00, 2.626925E+02, 2.641013E+02, 0.000000E+00, 1.635896E+00, 2.731600E+02, 2.642426E+02, 2.637969E+02, 2.731600E+02, 2.731600E+02
2024-01-21 08:15:15,2, 0.000000E+00, 2.626367E+02, 2.640451E+02, 0.000000E+00, 1.604382E+00, 2.731600E+02, 2.641699E+02, 2.637121E+02, 2.731600E+02, 2.731600E+02
2024-01-21 08:30:15,2, 0.000000E+00, 2.625809E+02, 2.639867E+02, 0.000000E+00, 1.596889E+00, 2.731600E+02, 2.640946E+02, 2.636247E+02, 2.731600E+02, 2.731600E+02
2024-01-21 08:45:15,2, 0.000000E+00, 2.625250E+02, 2.639263E+02, 0.000000E+00, 1.589582E+00, 2.731600E+02, 2.640170E+02, 2.635350E+02, 2.731600E+02, 2.731600E+02
2024-01-21 09:00:15,2, 0.000000E+00, 2.624700E+02, 2.638714E+02, 0.000000E+00, 1.577993E+00, 2.731600E+02, 2.639449E+02, 2.634516E+02, 2.731600E+02, 2.731600E+02
2024-01-21 09:15:15,2, 0.000000E+00, 2.624601E+02, 2.638573E+02, 0.000000E+00, 1.481170E+00, 2.731600E+02, 2.639434E+02, 2.634548E+02, 2.731600E+02, 2.731600E+02
2024-01-21 09:30:15,2, 0.000000E+00, 2.624502E+02, 2.638532E+02, 0.000000E+00, 1.485179E+00, 2.731600E+02, 2.639524E+02, 2.634685E+02, 2.731600E+02, 2.731600E+02
2024-01-21 09:45:15,2, 0.000000E+00, 2.624403E+02, 2.638511E+02, 0.000000E+00, 1.491365E+00, 2.731600E+02, 2.639638E+02, 2.634847E+02, 2.731600E+02, 2.731600E+02
2024-01-21 10:00:15,2, 0.000000E+00, 2.624306E+02, 2.638478E+02, 0.000000E+00, 1.474153E+00, 2.731600E+02, 2.639739E+02, 2.634996E+02, 2.731600E+02, 2.731600E+02
2024-01-21 10:15:15,2, 0.000000E+00, 2.624354E+02, 2.638518E+02, 0.000000E+00, 1.093817E+00, 2.731600E+02, 2.639809E+02, 2.635066E+02, 2.731600E+02, 2.731600E+02
2024-01-21 10:30:15,2, 0.000000E+00, 2.624403E+02, 2.638569E+02, 0.000000E+00, 1.080696E+00, 2.731600E+02, 2.639892E+02, 2.635148E+02, 2.731600E+02, 2.731600E+02
2024-01-21 10:45:15,2, 0.000000E+00, 2.624451E+02, 2.638619E+02, 0.000000E+00, 1.077972E+00, 2.731600E+02, 2.639974E+02, 2.635229E+02, 2.731600E+02, 2.731600E+02
2024-01-21 11:00:15,2, 0.000000E+00, 2.624496E+02, 2.638668E+02, 0.000000E+00, 1.084753E+00, 2.731600E+02, 2.640053E+02, 2.635305E+02, 2.731600E+02, 2.731600E+02
2024-01-21 11:15:15,2, 0.000000E+00, 2.624335E+02, 2.638405E+02, 0.000000E+00, 1.214562E+00, 2.729313E+02, 2.639432E+02, 2.634630E+02, 2.731600E+02, 2.731600E+02
2024-01-21 11:30:15,2, 0.000000E+00, 2.624174E+02, 2.638086E+02, 0.000000E+00, 1.184852E+00, 2.726440E+02, 2.638671E+02, 2.633855E+02, 2.731600E+02, 2.731600E+02
2024-01-21 11:45:15,2, 0.000000E+00, 2.624013E+02, 2.637823E+02, 0.000000E+00, 1.156294E+00, 2.724169E+02, 2.638013E+02, 2.633159E+02, 2.731600E+02, 2.731600E+02
2024-01-21 12:00:15,2, 0.000000E+00, 2.623857E+02, 2.637556E+02, 0.000000E+00, 1.127976E+00, 2.722293E+02, 2.637381E+02, 2.632473E+02, 2.731600E+02, 2.731600E+02
2024-01-21 12:15:15,2, 0.000000E+00, 2.623973E+02, 2.637554E+02, 0.000000E+00, 1.057044E+00, 2.720704E+02, 2.637189E+02, 2.632329E+02, 2.731600E+02, 2.731600E+02
2024-01-21 12:30:15,2, 0.000000E+00, 2.624090E+02, 2.637602E+02, 0.000000E+00, 1.042444E+00, 2.719333E+02, 2.637073E+02, 2.632251E+02, 2.731600E+02, 2.731600E+02
2024-01-21 12:45:15,2, 0.000000E+00, 2.624207E+02, 2.637654E+02, 0.000000E+00, 1.030971E+00, 2.718123E+02, 2.636973E+02, 2.632182E+02, 2.731600E+02, 2.731600E+02
2024-01-21 13:00:15,2, 3.115458E+01, 2.624349E+02, 2.637804E+02, 9.743598E-01, 1.185824E+00, 2.717058E+02, 2.638239E+02, 2.634360E+02, 2.731600E+02, 2.731600E+02
2024-01-21 13:15:15,2, 4.888901E+01, 2.626031E+02, 2.640092E+02, 1.052757E+00, 2.834602E+00, 2.717069E+02, 2.642664E+02, 2.639689E+02, 2.731600E+02, 2.731600E+02
2024-01-21 13:30:15,2, 6.597423E+01, 2.627713E+02, 2.642211E+02, 1.100120E+00, 3.113385E+00, 2.717446E+02, 2.646148E+02, 2.643931E+02, 2.731600E+02, 2.731600E+02
2024-01-21 13:45:15,2, 8.233707E+01, 2.629394E+02, 2.644323E+02, 1.146244E+00, 3.349652E+00, 2.718119E+02, 2.649545E+02, 2.647953E+02, 2.731600E+02, 2.731600E+02
2024-01-21 14:00:15,2, 1.216267E+02, 2.631076E+02, 2.646452E+02, 1.192696E+00, 3.586159E+00, 2.719046E+02, 2.653876E+02, 2.653678E+02, 2.731600E+02, 2.731600E+02
2024-01-21 14:15:15,2, 1.399020E+02, 2.632769E+02, 2.648989E+02, 1.267886E+00, 3.843827E+00, 2.720613E+02, 2.657970E+02, 2.658219E+02, 2.731600E+02, 2.731600E+02
2024-01-21 14:30:15,2, 1.570318E+02, 2.634461E+02, 2.650926E+02, 1.310066E+00, 4.067405E+00, 2.722242E+02, 2.660890E+02, 2.661409E+02, 2.731600E+02, 2.731600E+02
2024-01-21 14:45:15,2, 1.729427E+02, 2.636154E+02, 2.652826E+02, 1.351264E+00, 4.290651E+00, 2.723932E+02, 2.663685E+02, 2.664438E+02, 2.731600E+02, 2.731600E+02
2024-01-21 15:00:15,2, 2.188340E+02, 2.637849E+02, 2.654791E+02, 1.392105E+00, 4.495942E+00, 2.725695E+02, 2.667706E+02, 2.669520E+02, 2.731600E+02, 2.731600E+02
2024-01-21 15:15:15,2, 2.343212E+02, 2.639684E+02, 2.657435E+02, 1.481642E+00, 4.513993E+00, 2.728163E+02, 2.671878E+02, 2.673921E+02, 2.731600E+02, 2.731600E+02
2024-01-21 15:30:15,2, 2.481674E+02, 2.641519E+02, 2.659433E+02, 1.526947E+00, 4.748288E+00, 2.730580E+02, 2.674703E+02, 2.676877E+02, 2.731600E+02, 2.731600E+02
2024-01-21 15:45:15,2, 2.603134E+02, 2.643354E+02, 2.661363E+02, 1.569523E+00, 4.970778E+00, 2.731600E+02, 2.677276E+02, 2.679597E+02, 2.731600E+02, 2.731600E+02
2024-01-21 16:00:15,2, 2.571018E+02, 2.645186E+02, 2.663176E+02, 1.608709E+00, 5.156692E+00, 2.731600E+02, 2.679038E+02, 2.681242E+02, 2.731600E+02, 2.731600E+02
2024-01-21 16:15:15,2, 2.652668E+02, 2.646890E+02, 2.664750E+02, 1.633609E+00, 5.223250E+00, 2.731600E+02, 2.681071E+02, 2.683592E+02, 2.731600E+02, 2.731600E+02
2024-01-21 16:30:15,2, 2.716904E+02, 2.648595E+02, 2.666536E+02, 1.676489E+00, 5.435097E+00, 2.731600E+02, 2.683467E+02, 2.686281E+02, 2.731600E+02, 2.731600E+02
2024-01-21 16:45:15,2, 2.763451E+02, 2.650299E+02, 2.668286E+02, 1.717622E+00, 5.640887E+00, 2.731600E+02, 2.685722E+02, 2.688801E+02, 2.731600E+02, 2.731600E+02
2024-01-21 17:00:15,2, 3.090871E+02, 2.652001E+02, 2.670082E+02, 1.757301E+00, 5.865218E+00, 2.731600E+02, 2.689040E+02, 2.692903E+02, 2.731600E+02, 2.731600E+02
2024-01-21 17:15:15,2, 3.102659E+02, 2.653576E+02, 2.672053E+02, 1.828292E+00, 6.421833E+00, 2.731600E+02, 2.691494E+02, 2.695348E+02, 2.731600E+02, 2.731600E+02
2024-01-21 17:30:15,2, 3.094458E+02, 2.655152E+02, 2.673436E+02, 1.850889E+00, 6.544221E+00, 2.731600E+02, 2.692708E+02, 2.696557E+02, 2.731600E+02, 2.731600E+02
2024-01-21 17:45:15,2, 3.066303E+02, 2.656727E+02, 2.674778E+02, 1.870514E+00, 6.646250E+00, 2.731600E+02, 2.693764E+02, 2.697584E+02, 2.731600E+02, 2.731600E+02
2024-01-21 18:00:15,2, 2.883010E+02, 2.658302E+02, 2.676039E+02, 1.886812E+00, 6.651537E+00, 2.731600E+02, 2.694114E+02, 2.697625E+02, 2.731600E+02, 2.731600E+02
2024-01-21 18:15:15,2, 2.818426E+02, 2.659823E+02, 2.677009E+02, 1.877055E+00, 5.486435E+00, 2.731600E+02, 2.694289E+02, 2.697704E+02, 2.731600E+02, 2.731600E+02
2024-01-21 18:30:15,2, 2.735371E+02, 2.661344E+02, 2.678165E+02, 1.885407E+00, 5.451631E+00, 2.731600E+02, 2.694789E+02, 2.698075E+02, 2.731600E+02, 2.731600E+02
2024-01-21 18:45:15,2, 2.634201E+02, 2.662865E+02, 2.679277E+02, 1.890562E+00, 5.418835E+00, 2.731600E+02, 2.695136E+02, 2.698266E+02, 2.731600E+02, 2.731600E+02
2024-01-21 19:00:15,2, 2.594544E+02, 2.664374E+02, 2.680368E+02, 1.892679E+00, 5.469589E+00, 2.731600E+02, 2.695659E+02, 2.698796E+02, 2.731600E+02, 2.731600E+02
2024-01-21 19:15:15,2, 2.454236E+02, 2.665239E+02, 2.681040E+02, 1.896586E+00, 6.970020E+00, 2.731600E+02, 2.695549E+02, 2.698489E+02, 2.731600E+02, 2.731600E+02
2024-01-21 19:30:15,2, 2.296814E+02, 2.666105E+02, 2.681436E+02, 1.881662E+00, 6.922282E+00, 2.731600E+02, 2.694892E+02, 2.697605E+02, 2.731600E+02, 2.731600E+02
2024-01-21 19:45:15,2, 2.122954E+02, 2.666970E+02, 2.681782E+02, 1.863056E+00, 6.821122E+00, 2.731600E+02, 2.694059E+02, 2.696516E+02, 2.731600E+02, 2.731600E+02
2024-01-21 20:00:15,2, 2.137688E+02, 2.667822E+02, 2.682140E+02, 1.841401E+00, 6.687878E+00, 2.731600E+02, 2.693933E+02, 2.696874E+02, 2.731600E+02, 2.731600E+02
2024-01-21 20:15:15,2, 1.911649E+02, 2.667938E+02, 2.682148E+02, 1.833642E+00, 6.269344E+00, 2.731600E+02, 2.692520E+02, 2.695137E+02, 2.731600E+02, 2.731600E+02
2024-01-21 20:30:15,2, 1.670122E+02, 2.668054E+02, 2.681499E+02, 1.779177E+00, 5.934992E+00, 2.731600E+02, 2.689874E+02, 2.691983E+02, 2.731600E+02, 2.731600E+02
2024-01-21 20:45:15,2, 1.414142E+02, 2.668171E+02, 2.680761E+02, 1.719998E+00, 5.586546E+00, 2.731600E+02, 2.686972E+02, 2.688471E+02, 2.731600E+02, 2.731600E+02
2024-01-21 21:00:15,2, 1.044368E+02, 2.668256E+02, 2.679873E+02, 1.654810E+00, 5.150262E+00, 2.731600E+02, 2.683364E+02, 2.683266E+02, 2.731600E+02, 2.731600E+02
2024-01-21 21:15:15,2, 7.875272E+01, 2.666521E+02, 2.677387E+02, 1.555975E+00, 3.513874E+00, 2.731600E+02, 2.678923E+02, 2.677632E+02, 2.731600E+02, 2.731600E+02
2024-01-21 21:30:15,2, 5.206537E+01, 2.664786E+02, 2.675094E+02, 1.464450E+00, 2.971049E+00, 2.731600E+02, 2.674704E+02, 2.672114E+02, 2.731600E+02, 2.731600E+02
2024-01-21 21:45:15,2, 2.448897E+01, 2.663052E+02, 2.672762E+02, 1.283981E+00, 2.395016E+00, 2.731600E+02, 2.670449E+02, 2.666207E+02, 2.731600E+02, 2.731600E+02
2024-01-21 22:00:15,2, 0.000000E+00, 2.661310E+02, 2.670459E+02, 0.000000E+00, 7.290033E-01, 2.731600E+02, 2.666596E+02, 2.660833E+02, 2.731600E+02, 2.731600E+02
2024-01-21 22:15:15,2, 0.000000E+00, 2.659157E+02, 2.668500E+02, 0.000000E+00, 3.779951E-01, 2.731600E+02, 2.664630E+02, 2.658704E+02, 2.731600E+02, 2.731600E+02
2024-01-21 22:30:15,2, 0.000000E+00, 2.657004E+02, 2.666541E+02, 0.000000E+00, 2.964975E-01, 2.731600E+02, 2.662669E+02, 2.656571E+02, 2.731600E+02, 2.731600E+02
2024-01-21 22:45:15,2, 0.000000E+00, 2.654851E+02, 2.664572E+02, 0.000000E+00, 2.381851E-01, 2.731600E+02, 2.660695E+02, 2.654418E+02, 2.731600E+02, 2.731600E+02
2024-01-21 23:00:15,2, 0.000000E+00, 2.652708E+02, 2.662592E+02, 0.000000E+00, 2.246460E-01, 2.731600E+02, 2.658707E+02, 2.652244E+02, 2.731600E+02, 2.731600E+02
2024-01-21 23:15:15,2, 0.000000E+00, 2.651184E+02, 2.661058E+02, 0.000000E+00, 1.125267E+00, 2.731600E+02, 2.657077E+02, 2.650453E+02, 2.731600E+02, 2.731600E+02
2024-01-21 23:30:15,2, 0.000000E+00, 2.649661E+02, 2.659623E+02, 0.000000E+00, 1.176463E+00, 2.731600E+02, 2.655548E+02, 2.648760E+02, 2.731600E+02, 2.731600E+02
2024-01-21 23:45:15,2, 0.000000E+00, 2.648137E+02, 2.658185E+02, 0.000000E+00, 1.156871E+00, 2.731600E+02, 2.654014E+02, 2.647061E+02, 2.731600E+02, 2.731600E+02
2024-01-22 00:00:15,1, 0.000000E+00, 2.646631E+02, 2.656742E+02, 0.000000E+00, 1.130748E+00, 2.731600E+02, 2.652181E+02, 2.644784E+02, 2.731600E+02, 2.731600E+02
2024-01-22 00:15:15,1, 0.000000E+00, 2.646186E+02, 2.656197E+02, 0.000000E+00, 1.135600E+00, 2.731600E+02, 2.651906E+02, 2.644569E+02, 2.731600E+02, 2.731600E+02
2024-01-22 00:30:15,1, 0.000000E+00, 2.645741E+02, 2.655841E+02, 0.000000E+00, 1.139582E+00, 2.731600E+02, 2.651844E+02, 2.644560E+02, 2.731600E+02, 2.731600E+02
2024-01-22 00:45:15,1, 0.000000E+00, 2.645296E+02, 2.655477E+02, 0.000000E+00, 1.140506E+00, 2.731600E+02, 2.651779E+02, 2.644544E+02, 2.731600E+02, 2.731600E+02
2024-01-22 01:00:15,1, 0.000000E+00, 2.644855E+02, 2.655095E+02, 0.000000E+00, 1.132748E+00, 2.731600E+02, 2.651705E+02, 2.644513E+02, 2.731600E+02, 2.731600E+02
2024-01-22 01:15:15,1, 0.000000E+00, 2.644677E+02, 2.654926E+02, 0.000000E+00, 9.675908E-01, 2.731600E+02, 2.651772E+02, 2.644634E+02, 2.731600E+02, 2.731600E+02
2024-01-22 01:30:15,1, 0.000000E+00, 2.644498E+02, 2.654812E+02, 0.000000E+00, 9.554164E-01, 2.731600E+02, 2.651900E+02, 2.644817E+02, 2.731600E+02, 2.731600E+02
2024-01-22 01:45:15,1, 0.000000E+00, 2.644320E+02, 2.654687E+02, 0.000000E+00, 9.551190E-01, 2.731600E+02, 2.652019E+02, 2.644991E+02, 2.731600E+02, 2.731600E+02
2024-01-22 02:00:15,1, 0.000000E+00, 2.644118E+02, 2.654551E+02, 0.000000E+00, 9.874743E-01, 2.731600E+02, 2.652126E+02, 2.645148E+02, 2.731600E+02, 2.731600E+02
2024-01-22 02:15:15,1, 0.000000E+00, 2.642538E+02, 2.653231E+02, 0.000000E+00, 1.645214E+00, 2.731600E+02, 2.650426E+02, 2.643158E+02, 2.731600E+02, 2.731600E+02
2024-01-22 02:30:15,1, 0.000000E+00, 2.640958E+02, 2.651664E+02, 0.000000E+00, 1.673156E+00, 2.731600E+02, 2.648454E+02, 2.640909E+02, 2.731600E+02, 2.731600E+02
2024-01-22 02:45:15,1, 0.000000E+00, 2.639379E+02, 2.650076E+02, 0.000000E+00, 1.654465E+00, 2.731600E+02, 2.646463E+02, 2.638645E+02, 2.731600E+02, 2.731600E+02
2024-01-22 03:00:15,1, 0.000000E+00, 2.637807E+02, 2.648546E+02, 0.000000E+00, 1.630219E+00, 2.731600E+02, 2.644531E+02, 2.636453E+02, 2.731600E+02, 2.731600E+02
2024-01-22 03:15:15,1, 0.000000E+00, 2.636691E+02, 2.647535E+02, 0.000000E+00, 1.486299E+00, 2.731600E+02, 2.643902E+02, 2.635990E+02, 2.731600E+02, 2.731600E+02
2024-01-22 03:30:15,1, 0.000000E+00, 2.635576E+02, 2.646689E+02, 0.000000E+00, 1.483938E+00, 2.731600E+02, 2.643441E+02, 2.635688E+02, 2.731600E+02, 2.731600E+02
2024-01-22 03:45:15,1, 0.000000E+00, 2.634460E+02, 2.645825E+02, 0.000000E+00, 1.487329E+00, 2.731600E+02, 2.642956E+02, 2.635361E+02, 2.731600E+02, 2.731600E+02
2024-01-22 04:00:15,1, 0.000000E+00, 2.633335E+02, 2.644950E+02, 0.000000E+00, 1.514277E+00, 2.731600E+02, 2.642447E+02, 2.635001E+02, 2.731600E+02, 2.731600E+02
2024-01-22 04:15:15,1, 0.000000E+00, 2.631645E+02, 2.643496E+02, 0.000000E+00, 1.967287E+00, 2.731600E+02, 2.640864E+02, 2.633280E+02, 2.731600E+02, 2.731600E+02
2024-01-22 04:30:15,1, 0.000000E+00, 2.629956E+02, 2.641883E+02, 0.000000E+00, 1.972427E+00, 2.729190E+02, 2.638924E+02, 2.631311E+02, 2.731600E+02, 2.731600E+02
2024-01-22 04:45:15,1, 0.000000E+00, 2.628266E+02, 2.640225E+02, 0.000000E+00, 1.940459E+00, 2.726278E+02, 2.636877E+02, 2.629276E+02, 2.731600E+02, 2.731600E+02
2024-01-22 05:00:15,1, 0.000000E+00, 2.626572E+02, 2.638589E+02, 0.000000E+00, 1.920939E+00, 2.723884E+02, 2.634896E+02, 2.627288E+02, 2.731600E+02, 2.731600E+02
2024-01-22 05:15:15,1, 0.000000E+00, 2.624620E+02, 2.636823E+02, 0.000000E+00, 2.038046E+00, 2.721872E+02, 2.633189E+02, 2.625656E+02, 2.731600E+02, 2.731600E+02
2024-01-22 05:30:15,1, 0.000000E+00, 2.622667E+02, 2.635027E+02, 0.000000E+00, 2.030612E+00, 2.720153E+02, 2.631481E+02, 2.624006E+02, 2.731600E+02, 2.731600E+02
2024-01-22 05:45:15,1, 0.000000E+00, 2.620715E+02, 2.633224E+02, 0.000000E+00, 2.018215E+00, 2.718641E+02, 2.629787E+02, 2.622358E+02, 2.731600E+02, 2.731600E+02
2024-01-22 06:00:15,1, 0.000000E+00, 2.618775E+02, 2.631441E+02, 0.000000E+00, 2.019018E+00, 2.717278E+02, 2.628119E+02, 2.620729E+02, 2.731600E+02, 2.731600E+02
2024-01-22 06:15:15,1, 0.000000E+00, 2.617537E+02, 2.630115E+02, 0.000000E+00, 2.228430E+00, 2.716038E+02, 2.626704E+02, 2.619244E+02, 2.731600E+02, 2.731600E+02
2024-01-22 06:30:15,1, 0.000000E+00, 2.616299E+02, 2.628855E+02, 0.000000E+00, 2.239549E+00, 2.714901E+02, 2.625368E+02, 2.617825E+02, 2.731600E+02, 2.731600E+02
2024-01-22 06:45:15,1, 0.000000E+00, 2.615061E+02, 2.627619E+02, 0.000000E+00, 2.240791E+00, 2.713848E+02, 2.624049E+02, 2.616411E+02, 2.731600E+02, 2.731600E+02
2024-01-22 07:00:15,1, 0.000000E+00, 2.613804E+02, 2.626358E+02, 0.000000E+00, 2.241093E+00, 2.712902E+02, 2.622718E+02, 2.614972E+02, 2.731600E+02, 2.731600E+02
2024-01-22 07:15:15,1, 0.000000E+00, 2.611420E+02, 2.624374E+02, 0.000000E+00, 2.215476E+00, 2.712150E+02, 2.620998E+02, 2.613313E+02, 2.731600E+02, 2.731600E+02
2024-01-22 07:30:15,1, 0.000000E+00, 2.609035E+02, 2.622278E+02, 0.000000E+00, 2.210673E+00, 2.711529E+02, 2.619163E+02, 2.611537E+02, 2.731600E+02, 2.731600E+02
2024-01-22 07:45:15,1, 0.000000E+00, 2.606650E+02, 2.620172E+02, 0.000000E+00, 2.209757E+00, 2.711004E+02, 2.617322E+02, 2.609750E+02, 2.731600E+02, 2.731600E+02
2024-01-22 08:00:15,1, 0.000000E+00, 2.604263E+02, 2.618061E+02, 0.000000E+00, 2.212723E+00, 2.710547E+02, 2.615473E+02, 2.607950E+02, 2.731600E+02, 2.731600E+02
2024-01-22 08:15:15,1, 0.000000E+00, 2.601708E+02, 2.615730E+02, 0.000000E+00, 2.253154E+00, 2.710113E+02, 2.613149E+02, 2.605512E+02, 2.731600E+02, 2.731600E+02
2024-01-22 08:30:15,1, 0.000000E+00, 2.599152E+02, 2.613360E+02, 0.000000E+00, 2.249238E+00, 2.709671E+02, 2.610775E+02, 2.603029E+02, 2.731600E+02, 2.731600E+02
2024-01-22 08:45:15,1, 0.000000E+00, 2.596597E+02, 2.610989E+02, 0.000000E+00, 2.244281E+00, 2.709224E+02, 2.608399E+02, 2.600544E+02, 2.731600E+02, 2.731600E+02
2024-01-22 09:00:15,1, 0.000000E+00, 2.594055E+02, 2.608619E+02, 0.000000E+00, 2.209142E+00, 2.708773E+02, 2.606022E+02, 2.598059E+02, 2.731600E+02, 2.731600E+02
2024-01-22 09:15:15,1, 0.000000E+00, 2.592269E+02, 2.606856E+02, 0.000000E+00, 1.679520E+00, 2.708342E+02, 2.604246E+02, 2.596216E+02, 2.731600E+02, 2.731600E+02
2024-01-22 09:30:15,1, 0.000000E+00, 2.590483E+02, 2.605189E+02, 0.000000E+00, 1.654021E+00, 2.707946E+02, 2.602581E+02, 2.594477E+02, 2.731600E+02, 2.731600E+02
2024-01-22 09:45:15,1, 0.000000E+00, 2.588697E+02, 2.603522E+02, 0.000000E+00, 1.647878E+00, 2.707576E+02, 2.600917E+02, 2.592739E+02, 2.731600E+02, 2.731600E+02
2024-01-22 10:00:15,1, 0.000000E+00, 2.586920E+02, 2.601857E+02, 0.000000E+00, 1.637051E+00, 2.707223E+02, 2.599257E+02, 2.591005E+02, 2.731600E+02, 2.731600E+02
2024-01-22 10:15:15,1, 0.000000E+00, 2.585660E+02, 2.600651E+02, 0.000000E+00, 1.545213E+00, 2.706903E+02, 2.598137E+02, 2.589903E+02, 2.731600E+02, 2.731600E+02
2024-01-22 10:30:15,1, 0.000000E+00, 2.584400E+02, 2.599518E+02, 0.000000E+00, 1.543752E+00, 2.706623E+02, 2.597099E+02, 2.588877E+02, 2.731600E+02, 2.731600E+02
2024-01-22 10:45:15,1, 0.000000E+00, 2.583141E+02, 2.598385E+02, 0.000000E+00, 1.545456E+00, 2.706371E+02, 2.596063E+02, 2.587851E+02, 2.731600E+02, 2.731600E+02
2024-01-22 11:00:15,1, 0.000000E+00, 2.581882E+02, 2.597252E+02, 0.000000E+00, 1.550019E+00, 2.706139E+02, 2.595028E+02, 2.586824E+02, 2.731600E+02, 2.731600E+02
2024-01-22 11:15:15,1, 0.000000E+00, 2.580714E+02, 2.596178E+02, 0.000000E+00, 1.597208E+00, 2.705917E+02, 2.593978E+02, 2.585754E+02, 2.731600E+02, 2.731600E+02
2024-01-22 11:30:15,1, 0.000000E+00, 2.579545E+02, 2.595113E+02, 0.000000E+00, 1.601720E+00, 2.705697E+02, 2.592937E+02, 2.584691E+02, 2.731600E+02, 2.731600E+02
2024-01-22 11:45:15,1, 0.000000E+00, 2.578377E+02, 2.594048E+02, 0.000000E+00, 1.604815E+00, 2.705478E+02, 2.591895E+02, 2.583628E+02, 2.731600E+02, 2.731600E+02
2024-01-22 12:00:15,1, 0.000000E+00, 2.577221E+02, 2.592984E+02, 0.000000E+00, 1.592883E+00, 2.705260E+02, 2.590857E+02, 2.582571E+02, 2.731600E+02, 2.731600E+02
2024-01-22 12:15:15,1, 0.000000E+00, 2.576792E+02, 2.592583E+02, 0.000000E+00, 1.358965E+00, 2.705090E+02, 2.590729E+02, 2.582605E+02, 2.731600E+02, 2.731600E+02
2024-01-22 12:30:15,1, 0.000000E+00, 2.576363E+02, 2.592281E+02, 0.000000E+00, 1.362479E+00, 2.704993E+02, 2.590724E+02, 2.582751E+02, 2.731600E+02, 2.731600E+02
2024-01-22 12:45:15,1, 0.000000E+00, 2.575934E+02, 2.591979E+02, 0.000000E+00, 1.373594E+00, 2.704948E+02, 2.590720E+02, 2.582895E+02, 2.731600E+02, 2.731600E+02
2024-01-22 13:00:15,1, 6.105906E+01, 2.575601E+02, 2.591881E+02, 5.813781E-01, 1.298780E+00, 2.704975E+02, 2.593859E+02, 2.590799E+02, 2.731600E+02, 2.731600E+02
2024-01-22 13:15:15,1, 9.495701E+01, 2.580883E+02, 2.597916E+02, 6.945397E-01,-3.283442E-01, 2.706316E+02, 2.604050E+02, 2.605033E+02, 2.731600E+02, 2.731600E+02
2024-01-22 13:30:15,1, 1.276177E+02, 2.586165E+02, 2.603512E+02, 7.657801E-01,-1.303355E-01, 2.708062E+02, 2.612021E+02, 2.614232E+02, 2.731600E+02, 2.731600E+02
2024-01-22 13:45:15,1, 1.589011E+02, 2.591448E+02, 2.608992E+02, 8.398763E-01, 1.372200E-01, 2.710159E+02, 2.619857E+02, 2.622713E+02, 2.731600E+02, 2.731600E+02
2024-01-22 14:00:15,1, 2.150733E+02, 2.596777E+02, 2.614473E+02, 9.170040E-01, 3.748816E-01, 2.712566E+02, 2.628934E+02, 2.634314E+02, 2.731600E+02, 2.731600E+02
2024-01-22 14:15:15,1, 2.471436E+02, 2.604897E+02, 2.623046E+02, 1.064616E+00,-1.524166E-02, 2.715470E+02, 2.640238E+02, 2.646349E+02, 2.731600E+02, 2.731600E+02
2024-01-22 14:30:15,1, 2.772087E+02, 2.613016E+02, 2.631275E+02, 1.187107E+00, 4.623301E-01, 2.718705E+02, 2.650259E+02, 2.656274E+02, 2.731600E+02, 2.731600E+02
2024-01-22 14:45:15,1, 3.051397E+02, 2.621136E+02, 2.639418E+02, 1.316467E+00, 1.009273E+00, 2.722184E+02, 2.659937E+02, 2.665805E+02, 2.731600E+02, 2.731600E+02
2024-01-22 15:00:15,1, 3.527327E+02, 2.629350E+02, 2.647562E+02, 1.452869E+00, 1.534347E+00, 2.725833E+02, 2.670370E+02, 2.676928E+02, 2.731600E+02, 2.731600E+02
2024-01-22 15:15:15,1, 3.775911E+02, 2.643184E+02, 2.660585E+02, 1.702691E+00, 1.354314E+00, 2.730054E+02, 2.684450E+02, 2.690974E+02, 2.731600E+02, 2.731600E+02
2024-01-22 15:30:15,1, 3.998230E+02, 2.657018E+02, 2.673640E+02, 1.946605E+00, 2.497027E+00, 2.731600E+02, 2.697632E+02, 2.704067E+02, 2.731600E+02, 2.731600E+02
2024-01-22 15:45:15,1, 4.193331E+02, 2.670852E+02, 2.686508E+02, 2.208284E+00, 3.797103E+00, 2.731600E+02, 2.710282E+02, 2.716735E+02, 2.731600E+02, 2.731600E+02
2024-01-22 16:00:15,1, 3.996105E+02, 2.684550E+02, 2.699112E+02, 2.489250E+00, 5.428313E+00, 2.731600E+02, 2.720940E+02, 2.726537E+02, 2.731600E+02, 2.731600E+02
2024-01-22 16:15:15,1, 4.122832E+02, 2.690258E+02, 2.704845E+02, 2.577397E+00, 9.005495E+00, 2.731600E+02, 2.726272E+02, 2.731965E+02, 2.731600E+02, 2.731600E+02
2024-01-22 16:30:15,1, 4.222652E+02, 2.695965E+02, 2.710234E+02, 2.721053E+00, 9.968074E+00, 2.731600E+02, 2.731902E+02, 2.737791E+02, 2.731600E+02, 2.731600E+02
2024-01-22 16:45:15,1, 4.295137E+02, 2.701673E+02, 2.715560E+02, 2.864451E+00, 1.085685E+01, 2.731600E+02, 2.737297E+02, 2.743375E+02, 2.731791E+02, 2.732365E+02
2024-01-22 17:00:15,1, 4.390751E+02, 2.707365E+02, 2.721051E+02, 3.010486E+00, 1.182886E+01, 2.731600E+02, 2.742810E+02, 2.749124E+02, 2.734607E+02, 2.737838E+02
2024-01-22 17:15:15,1, 4.407951E+02, 2.712167E+02, 2.725963E+02, 3.143755E+00, 1.275038E+01, 2.731600E+02, 2.747233E+02, 2.753611E+02, 2.739551E+02, 2.742854E+02
2024-01-22 17:30:15,1, 4.396915E+02, 2.716969E+02, 2.730536E+02, 3.256889E+00, 1.349774E+01, 2.731600E+02, 2.751091E+02, 2.757560E+02, 2.743911E+02, 2.747224E+02
2024-01-22 17:45:15,1, 4.357690E+02, 2.721770E+02, 2.735042E+02, 3.366328E+00, 1.423284E+01, 2.731600E+02, 2.754733E+02, 2.761302E+02, 2.748123E+02, 2.751455E+02
2024-01-22 18:00:15,1, 3.662583E+02, 2.726533E+02, 2.739321E+02, 3.469007E+00, 1.491740E+01, 2.731600E+02, 2.755588E+02, 2.760999E+02, 2.751545E+02, 2.754801E+02
2024-01-22 18:15:15,1, 3.581502E+02, 2.728967E+02, 2.740442E+02, 3.370917E+00, 1.413922E+01, 2.731600E+02, 2.755239E+02, 2.760946E+02, 2.751007E+02, 2.753906E+02
2024-01-22 18:30:15,1, 3.477093E+02, 2.731401E+02, 2.742697E+02, 3.426580E+00, 1.452519E+01, 2.731600E+02, 2.757026E+02, 2.762970E+02, 2.752922E+02, 2.755878E+02
2024-01-22 18:45:15,1, 3.349802E+02, 2.733836E+02, 2.744899E+02, 3.476943E+00, 1.484129E+01, 2.731600E+02, 2.758635E+02, 2.764805E+02, 2.754739E+02, 2.757750E+02
2024-01-22 19:00:15,1, 1.601280E+02, 2.736221E+02, 2.746534E+02, 3.495472E+00, 1.495763E+01, 2.731600E+02, 2.752856E+02, 2.754929E+02, 2.754701E+02, 2.757318E+02
2024-01-22 19:15:15,1, 1.515555E+02, 2.735741E+02, 2.741263E+02, 3.013057E+00, 9.939099E+00, 2.731600E+02, 2.744897E+02, 2.746959E+02, 2.745674E+02, 2.746859E+02
2024-01-22 19:30:15,1, 1.419342E+02, 2.735260E+02, 2.740853E+02, 3.010959E+00, 1.031289E+01, 2.731600E+02, 2.744862E+02, 2.747158E+02, 2.745108E+02, 2.746352E+02
2024-01-22 19:45:15,1, 1.313053E+02, 2.734780E+02, 2.740581E+02, 3.009155E+00, 1.029843E+01, 2.731600E+02, 2.744875E+02, 2.747373E+02, 2.744751E+02, 2.746024E+02
2024-01-22 20:00:15,1, 9.235373E+01, 2.734276E+02, 2.740182E+02, 2.983014E+00, 1.017827E+01, 2.731600E+02, 2.743380E+02, 2.745204E+02, 2.744022E+02, 2.745236E+02
2024-01-22 20:15:15,1, 8.270783E+01, 2.732420E+02, 2.737275E+02, 2.820435E+00, 9.127945E+00, 2.731600E+02, 2.739326E+02, 2.740715E+02, 2.740281E+02, 2.741078E+02
2024-01-22 20:30:15,1, 7.239929E+01, 2.730564E+02, 2.734994E+02, 2.731493E+00, 8.493633E+00, 2.731600E+02, 2.736512E+02, 2.737517E+02, 2.737666E+02, 2.738328E+02
2024-01-22 20:45:15,1, 6.147225E+01, 2.728708E+02, 2.732681E+02, 2.633480E+00, 7.903332E+00, 2.731600E+02, 2.733593E+02, 2.734167E+02, 2.735032E+02, 2.735541E+02
2024-01-22 21:00:15,1, 3.644120E+01, 2.726858E+02, 2.730227E+02, 2.399821E+00, 7.108000E+00, 2.731600E+02, 2.729784E+02, 2.729384E+02, 2.732112E+02, 2.732431E+02
2024-01-22 21:15:15,1, 2.767519E+01, 2.725378E+02, 2.727571E+02, 2.167305E+00, 5.980514E+00, 2.731600E+02, 2.726393E+02, 2.725589E+02, 2.731600E+02, 2.731600E+02
2024-01-22 21:30:15,1, 1.856573E+01, 2.723899E+02, 2.725949E+02, 1.824979E+00, 5.866176E+00, 2.731600E+02, 2.724453E+02, 2.723325E+02, 2.731600E+02, 2.731600E+02
2024-01-22 21:45:15,1, 9.151827E+00, 2.722420E+02, 2.724524E+02, 1.138507E+00, 5.203357E+00, 2.731600E+02, 2.722793E+02, 2.721427E+02, 2.731600E+02, 2.731600E+02
2024-01-22 22:00:15,1, 0.000000E+00, 2.720955E+02, 2.723258E+02, 0.000000E+00, 3.625925E+00, 2.731600E+02, 2.721404E+02, 2.720070E+02, 2.731600E+02, 2.731600E+02
2024-01-22 22:15:15,1, 0.000000E+00, 2.720324E+02, 2.722487E+02, 0.000000E+00, 2.496046E+00, 2.731600E+02, 2.720771E+02, 2.719463E+02, 2.731600E+02, 2.731600E+02
2024-01-22 22:30:15,1, 0.000000E+00, 2.719694E+02, 2.722040E+02, 0.000000E+00, 2.123343E+00, 2.731600E+02, 2.720465E+02, 2.719196E+02, 2.731600E+02, 2.731600E+02
2024-01-22 22:45:15,1, 0.000000E+00, 2.719064E+02, 2.721643E+02, 0.000000E+00, 1.933851E+00, 2.731600E+02, 2.720207E+02, 2.718979E+02, 2.731600E+02, 2.731600E+02
2024-01-22 23:00:15,1, 0.000000E+00, 2.718438E+02, 2.721239E+02, 0.000000E+00, 1.820747E+00, 2.731600E+02, 2.719936E+02, 2.718743E+02, 2.731600E+02, 2.731600E+02
2024-01-22 23:15:15,1, 0.000000E+00, 2.718094E+02, 2.720799E+02, 0.000000E+00, 1.742573E+00, 2.731600E+02, 2.719269E+02, 2.717928E+02, 2.731600E+02, 2.731600E+02
2024-01-22 23:30:15,1, 0.000000E+00, 2.717750E+02, 2.720335E+02, 0.000000E+00, 1.693171E+00, 2.731600E+02, 2.718570E+02, 2.717080E+02, 2.731600E+02, 2.731600E+02
2024-01-22 23:45:15,1, 0.000000E+00, 2.717405E+02, 2.719864E+02, 0.000000E+00, 1.657829E+00, 2.731600E+02, 2.717865E+02, 2.716226E+02, 2.731600E+02, 2.731600E+02
2024-01-22 00:00:15,2, 0.000000E+00, 2.646631E+02, 2.656747E+02, 0.000000E+00, 1.130986E+00, 2.731600E+02, 2.652480E+02, 2.645362E+02, 2.731600E+02, 2.731600E+02
2024-01-22 00:15:15,2, 0.000000E+00, 2.646186E+02, 2.656202E+02, 0.000000E+00, 1.135827E+00, 2.731600E+02, 2.652202E+02, 2.645139E+02, 2.731600E+02, 2.731600E+02
2024-01-22 00:30:15,2, 0.000000E+00, 2.645741E+02, 2.655846E+02, 0.000000E+00, 1.139809E+00, 2.731600E+02, 2.652138E+02, 2.645123E+02, 2.731600E+02, 2.731600E+02
2024-01-22 00:45:15,2, 0.000000E+00, 2.645296E+02, 2.655482E+02, 0.000000E+00, 1.140734E+00, 2.731600E+02, 2.652070E+02, 2.645100E+02, 2.731600E+02, 2.731600E+02
2024-01-22 01:00:15,2, 0.000000E+00, 2.644855E+02, 2.655100E+02, 0.000000E+00, 1.132965E+00, 2.731600E+02, 2.651992E+02, 2.645061E+02, 2.731600E+02, 2.731600E+02
2024-01-22 01:15:15,2, 0.000000E+00, 2.644677E+02, 2.654931E+02, 0.000000E+00, 9.678450E-01, 2.731600E+02, 2.652058E+02, 2.645176E+02, 2.731600E+02, 2.731600E+02
2024-01-22 01:30:15,2, 0.000000E+00, 2.644498E+02, 2.654817E+02, 0.000000E+00, 9.556561E-01, 2.731600E+02, 2.652182E+02, 2.645352E+02, 2.731600E+02, 2.731600E+02
2024-01-22 01:45:15,2, 0.000000E+00, 2.644320E+02, 2.654691E+02, 0.000000E+00, 9.553600E-01, 2.731600E+02, 2.652298E+02, 2.645520E+02, 2.731600E+02, 2.731600E+02
2024-01-22 02:00:15,2, 0.000000E+00, 2.644118E+02, 2.654556E+02, 0.000000E+00, 9.877088E-01, 2.731600E+02, 2.652403E+02, 2.645670E+02, 2.731600E+02, 2.731600E+02
2024-01-22 02:15:15,2, 0.000000E+00, 2.642538E+02, 2.653235E+02, 0.000000E+00, 1.645427E+00, 2.731600E+02, 2.650714E+02, 2.643705E+02, 2.731600E+02, 2.731600E+02
2024-01-22 02:30:15,2, 0.000000E+00, 2.640958E+02, 2.651669E+02, 0.000000E+00, 1.673383E+00, 2.731600E+02, 2.648754E+02, 2.641481E+02, 2.731600E+02, 2.731600E+02
2024-01-22 02:45:15,2, 0.000000E+00, 2.639379E+02, 2.650082E+02, 0.000000E+00, 1.654890E+00, 2.731600E+02, 2.646776E+02, 2.639242E+02, 2.731600E+02, 2.731600E+02
2024-01-22 03:00:15,2, 0.000000E+00, 2.637807E+02, 2.648551E+02, 0.000000E+00, 1.630392E+00, 2.731600E+02, 2.644854E+02, 2.637072E+02, 2.731600E+02, 2.731600E+02
2024-01-22 03:15:15,2, 0.000000E+00, 2.636691E+02, 2.647540E+02, 0.000000E+00, 1.486422E+00, 2.731600E+02, 2.644218E+02, 2.636592E+02, 2.731600E+02, 2.731600E+02
2024-01-22 03:30:15,2, 0.000000E+00, 2.635576E+02, 2.646694E+02, 0.000000E+00, 1.484120E+00, 2.731600E+02, 2.643750E+02, 2.636275E+02, 2.731600E+02, 2.731600E+02
2024-01-22 03:45:15,2, 0.000000E+00, 2.634460E+02, 2.645830E+02, 0.000000E+00, 1.487511E+00, 2.731600E+02, 2.643258E+02, 2.635932E+02, 2.731600E+02, 2.731600E+02
2024-01-22 04:00:15,2, 0.000000E+00, 2.633335E+02, 2.644955E+02, 0.000000E+00, 1.514459E+00, 2.731600E+02, 2.642743E+02, 2.635557E+02, 2.731600E+02, 2.731600E+02
2024-01-22 04:15:15,2, 0.000000E+00, 2.631645E+02, 2.643502E+02, 0.000000E+00, 1.967460E+00, 2.731600E+02, 2.641165E+02, 2.633847E+02, 2.731600E+02, 2.731600E+02
2024-01-22 04:30:15,2, 0.000000E+00, 2.629956E+02, 2.641903E+02, 0.000000E+00, 1.977119E+00, 2.729706E+02, 2.639286E+02, 2.631918E+02, 2.731600E+02, 2.731600E+02
2024-01-22 04:45:15,2, 0.000000E+00, 2.628266E+02, 2.640244E+02, 0.000000E+00, 1.944388E+00, 2.726674E+02, 2.637228E+02, 2.629881E+02, 2.731600E+02, 2.731600E+02
2024-01-22 05:00:15,2, 0.000000E+00, 2.626572E+02, 2.638598E+02, 0.000000E+00, 1.923584E+00, 2.724201E+02, 2.635234E+02, 2.627886E+02, 2.731600E+02, 2.731600E+02
2024-01-22 05:15:15,2, 0.000000E+00, 2.624620E+02, 2.636833E+02, 0.000000E+00, 2.040456E+00, 2.722135E+02, 2.633519E+02, 2.626246E+02, 2.731600E+02, 2.731600E+02
2024-01-22 05:30:15,2, 0.000000E+00, 2.622667E+02, 2.635035E+02, 0.000000E+00, 2.032614E+00, 2.720380E+02, 2.631803E+02, 2.624588E+02, 2.731600E+02, 2.731600E+02
2024-01-22 05:45:15,2, 0.000000E+00, 2.620715E+02, 2.633223E+02, 0.000000E+00, 2.019391E+00, 2.718840E+02, 2.630097E+02, 2.622927E+02, 2.731600E+02, 2.731600E+02
2024-01-22 06:00:15,2, 0.000000E+00, 2.618775E+02, 2.631456E+02, 0.000000E+00, 2.020772E+00, 2.717457E+02, 2.628440E+02, 2.621307E+02, 2.731600E+02, 2.731600E+02
2024-01-22 06:15:15,2, 0.000000E+00, 2.617537E+02, 2.630130E+02, 0.000000E+00, 2.230122E+00, 2.716201E+02, 2.627026E+02, 2.619828E+02, 2.731600E+02, 2.731600E+02
2024-01-22 06:30:15,2, 0.000000E+00, 2.616299E+02, 2.628869E+02, 0.000000E+00, 2.240593E+00, 2.715052E+02, 2.625689E+02, 2.618412E+02, 2.731600E+02, 2.731600E+02
2024-01-22 06:45:15,2, 0.000000E+00, 2.615061E+02, 2.627619E+02, 0.000000E+00, 2.241926E+00, 2.713989E+02, 2.624368E+02, 2.617000E+02, 2.731600E+02, 2.731600E+02
2024-01-22 07:00:15,2, 0.000000E+00, 2.613804E+02, 2.626363E+02, 0.000000E+00, 2.242265E+00, 2.713019E+02, 2.623039E+02, 2.615568E+02, 2.731600E+02, 2.731600E+02
2024-01-22 07:15:15,2, 0.000000E+00, 2.611420E+02, 2.624384E+02, 0.000000E+00, 2.216479E+00, 2.712236E+02, 2.621318E+02, 2.613904E+02, 2.731600E+02, 2.731600E+02
2024-01-22 07:30:15,2, 0.000000E+00, 2.609035E+02, 2.622286E+02, 0.000000E+00, 2.211343E+00, 2.711594E+02, 2.619476E+02, 2.612119E+02, 2.731600E+02, 2.731600E+02
2024-01-22 07:45:15,2, 0.000000E+00, 2.606650E+02, 2.620180E+02, 0.000000E+00, 2.210302E+00, 2.711052E+02, 2.617629E+02, 2.610323E+02, 2.731600E+02, 2.731600E+02
2024-01-22 08:00:15,2, 0.000000E+00, 2.604263E+02, 2.618068E+02, 0.000000E+00, 2.213171E+00, 2.710584E+02, 2.615777E+02, 2.608516E+02, 2.731600E+02, 2.731600E+02
2024-01-22 08:15:15,2, 0.000000E+00, 2.601708E+02, 2.615737E+02, 0.000000E+00, 2.253533E+00, 2.710141E+02, 2.613456E+02, 2.606085E+02, 2.731600E+02, 2.731600E+02
2024-01-22 08:30:15,2, 0.000000E+00, 2.599152E+02, 2.613367E+02, 0.000000E+00, 2.249561E+00, 2.709693E+02, 2.611086E+02, 2.603610E+02, 2.731600E+02, 2.731600E+02
2024-01-22 08:45:15,2, 0.000000E+00, 2.596597E+02, 2.610996E+02, 0.000000E+00, 2.244561E+00, 2.709242E+02, 2.608713E+02, 2.601132E+02, 2.731600E+02, 2.731600E+02
2024-01-22 09:00:15,2, 0.000000E+00, 2.594055E+02, 2.608626E+02, 0.000000E+00, 2.209397E+00, 2.708787E+02, 2.606341E+02, 2.598655E+02, 2.731600E+02, 2.731600E+02
2024-01-22 09:15:15,2, 0.000000E+00, 2.592269E+02, 2.606863E+02, 0.000000E+00, 1.679760E+00, 2.708354E+02, 2.604567E+02, 2.596816E+02, 2.731600E+02, 2.731600E+02
2024-01-22 09:30:15,2, 0.000000E+00, 2.590483E+02, 2.605196E+02, 0.000000E+00, 1.654229E+00, 2.707957E+02, 2.602904E+02, 2.595083E+02, 2.731600E+02, 2.731600E+02
2024-01-22 09:45:15,2, 0.000000E+00, 2.588697E+02, 2.603529E+02, 0.000000E+00, 1.648069E+00, 2.707585E+02, 2.601243E+02, 2.593350E+02, 2.731600E+02, 2.731600E+02
2024-01-22 10:00:15,2, 0.000000E+00, 2.586920E+02, 2.601864E+02, 0.000000E+00, 1.637232E+00, 2.707232E+02, 2.599586E+02, 2.591621E+02, 2.731600E+02, 2.731600E+02
2024-01-22 10:15:15,2, 0.000000E+00, 2.585660E+02, 2.600658E+02, 0.000000E+00, 1.545388E+00, 2.706911E+02, 2.598465E+02, 2.590517E+02, 2.731600E+02, 2.731600E+02
2024-01-22 10:30:15,2, 0.000000E+00, 2.584400E+02, 2.599525E+02, 0.000000E+00, 1.543920E+00, 2.706630E+02, 2.597427E+02, 2.589489E+02, 2.731600E+02, 2.731600E+02
2024-01-22 10:45:15,2, 0.000000E+00, 2.583141E+02, 2.598392E+02, 0.000000E+00, 1.545622E+00, 2.706378E+02, 2.596390E+02, 2.588461E+02, 2.731600E+02, 2.731600E+02
2024-01-22 11:00:15,2, 0.000000E+00, 2.581882E+02, 2.597259E+02, 0.000000E+00, 1.550182E+00, 2.706146E+02, 2.595354E+02, 2.587432E+02, 2.731600E+02, 2.731600E+02
2024-01-22 11:15:15,2, 0.000000E+00, 2.580714E+02, 2.596185E+02, 0.000000E+00, 1.597371E+00, 2.705923E+02, 2.594305E+02, 2.586363E+02, 2.731600E+02, 2.731600E+02
2024-01-22 11:30:15,2, 0.000000E+00, 2.579545E+02, 2.595120E+02, 0.000000E+00, 1.601883E+00, 2.705703E+02, 2.593265E+02, 2.585302E+02, 2.731600E+02, 2.731600E+02
2024-01-22 11:45:15,2, 0.000000E+00, 2.578377E+02, 2.594054E+02, 0.000000E+00, 1.604979E+00, 2.705484E+02, 2.592224E+02, 2.584240E+02, 2.731600E+02, 2.731600E+02
2024-01-22 12:00:15,2, 0.000000E+00, 2.577221E+02, 2.592991E+02, 0.000000E+00, 1.593051E+00, 2.705267E+02, 2.591186E+02, 2.583184E+02, 2.731600E+02, 2.731600E+02
2024-01-22 12:15:15,2, 0.000000E+00, 2.576792E+02, 2.592589E+02, 0.000000E+00, 1.359135E+00, 2.705096E+02, 2.591052E+02, 2.583203E+02, 2.731600E+02, 2.731600E+02
2024-01-22 12:30:15,2, 0.000000E+00, 2.576363E+02, 2.592288E+02, 0.000000E+00, 1.362645E+00, 2.704999E+02, 2.591040E+02, 2.583335E+02, 2.731600E+02, 2.731600E+02
2024-01-22 12:45:15,2, 0.000000E+00, 2.575934E+02, 2.591985E+02, 0.000000E+00, 1.373761E+00, 2.704955E+02, 2.591029E+02, 2.583465E+02, 2.731600E+02, 2.731600E+02
2024-01-22 13:00:15,2, 6.105906E+01, 2.575601E+02, 2.591884E+02, 5.818048E-01, 1.299017E+00, 2.704982E+02, 2.593939E+02, 2.590527E+02, 2.731600E+02, 2.731600E+02
2024-01-22 13:15:15,2, 9.495701E+01, 2.580883E+02, 2.597921E+02, 6.949226E-01,-3.274303E-01, 2.706342E+02, 2.603947E+02, 2.604241E+02, 2.731600E+02, 2.731600E+02
2024-01-22 13:30:15,2, 1.276177E+02, 2.586165E+02, 2.603512E+02, 7.660285E-01,-1.300612E-01, 2.708102E+02, 2.611860E+02, 2.613383E+02, 2.731600E+02, 2.731600E+02
2024-01-22 13:45:15,2, 1.589011E+02, 2.591448E+02, 2.608989E+02, 8.400280E-01, 1.370183E-01, 2.710208E+02, 2.619670E+02, 2.621861E+02, 2.731600E+02, 2.731600E+02
2024-01-22 14:00:15,2, 2.150733E+02, 2.596777E+02, 2.614468E+02, 9.170815E-01, 3.742371E-01, 2.712619E+02, 2.628627E+02, 2.633123E+02, 2.731600E+02, 2.731600E+02
2024-01-22 14:15:15,2, 2.471436E+02, 2.604897E+02, 2.623035E+02, 1.064250E+00,-1.770093E-02, 2.715531E+02, 2.639901E+02, 2.645109E+02, 2.731600E+02, 2.731600E+02
2024-01-22 14:30:15,2, 2.772087E+02, 2.613016E+02, 2.631262E+02, 1.186651E+00, 4.591521E-01, 2.718771E+02, 2.649932E+02, 2.655086E+02, 2.731600E+02, 2.731600E+02
2024-01-22 14:45:15,2, 3.051397E+02, 2.621136E+02, 2.639404E+02, 1.315926E+00, 1.005429E+00, 2.722250E+02, 2.659620E+02, 2.664662E+02, 2.731600E+02, 2.731600E+02
2024-01-22 15:00:15,2, 3.527327E+02, 2.629350E+02, 2.647546E+02, 1.452244E+00, 1.529798E+00, 2.725898E+02, 2.670025E+02, 2.675695E+02, 2.731600E+02, 2.731600E+02
2024-01-22 15:15:15,2, 3.775911E+02, 2.643184E+02, 2.660563E+02, 1.701633E+00, 1.347179E+00, 2.730119E+02, 2.684104E+02, 2.689751E+02, 2.731600E+02, 2.731600E+02
2024-01-22 15:30:15,2, 3.998230E+02, 2.657018E+02, 2.673615E+02, 1.945303E+00, 2.487165E+00, 2.731600E+02, 2.697287E+02, 2.702873E+02, 2.731600E+02, 2.731600E+02
2024-01-22 15:45:15,2, 4.193331E+02, 2.670852E+02, 2.686481E+02, 2.206815E+00, 3.785068E+00, 2.731600E+02, 2.709939E+02, 2.715562E+02, 2.731600E+02, 2.731600E+02
2024-01-22 16:00:15,2, 3.996105E+02, 2.684550E+02, 2.699082E+02, 2.487609E+00, 5.413723E+00, 2.731600E+02, 2.720635E+02, 2.725520E+02, 2.731600E+02, 2.731600E+02
2024-01-22 16:15:15,2, 4.122832E+02, 2.690258E+02, 2.704820E+02, 2.576330E+00, 8.993542E+00, 2.731600E+02, 2.725973E+02, 2.730979E+02, 2.731600E+02, 2.731600E+02
2024-01-22 16:30:15,2, 4.222652E+02, 2.695965E+02, 2.710209E+02, 2.719943E+00, 9.955739E+00, 2.731600E+02, 2.731596E+02, 2.736795E+02, 2.731600E+02, 2.731600E+02
2024-01-22 16:45:15,2, 4.295137E+02, 2.701673E+02, 2.715527E+02, 2.863270E+00, 1.084153E+01, 2.731600E+02, 2.736979E+02, 2.742373E+02, 2.731673E+02, 2.731890E+02
2024-01-22 17:00:15,2, 4.390751E+02, 2.707365E+02, 2.721016E+02, 3.009177E+00, 1.181368E+01, 2.731600E+02, 2.742481E+02, 2.748098E+02, 2.734413E+02, 2.737218E+02
2024-01-22 17:15:15,2, 4.407951E+02, 2.712167E+02, 2.725926E+02, 3.142347E+00, 1.273403E+01, 2.731600E+02, 2.746900E+02, 2.752583E+02, 2.739355E+02, 2.742231E+02
2024-01-22 17:30:15,2, 4.396915E+02, 2.716969E+02, 2.730499E+02, 3.255483E+00, 1.348062E+01, 2.731600E+02, 2.750756E+02, 2.756533E+02, 2.743715E+02, 2.746604E+02
2024-01-22 17:45:15,2, 4.357690E+02, 2.721770E+02, 2.735004E+02, 3.364928E+00, 1.421507E+01, 2.731600E+02, 2.754394E+02, 2.760273E+02, 2.747927E+02, 2.750837E+02
2024-01-22 18:00:15,2, 3.662583E+02, 2.726533E+02, 2.739284E+02, 3.467619E+00, 1.489958E+01, 2.731600E+02, 2.755299E+02, 2.760186E+02, 2.751359E+02, 2.754232E+02
2024-01-22 18:15:15,2, 3.581502E+02, 2.728967E+02, 2.740418E+02, 3.370972E+00, 1.413234E+01, 2.731600E+02, 2.754957E+02, 2.760165E+02, 2.750850E+02, 2.753453E+02
2024-01-22 18:30:15,2, 3.477093E+02, 2.731401E+02, 2.742674E+02, 3.426695E+00, 1.451829E+01, 2.731600E+02, 2.756734E+02, 2.762170E+02, 2.752763E+02, 2.755424E+02
2024-01-22 18:45:15,2, 3.349802E+02, 2.733836E+02, 2.744875E+02, 3.477119E+00, 1.483456E+01, 2.731600E+02, 2.758333E+02, 2.763987E+02, 2.754579E+02, 2.757294E+02
2024-01-22 19:00:15,2, 1.601280E+02, 2.736221E+02, 2.746513E+02, 3.495674E+00, 1.495200E+01, 2.731600E+02, 2.752722E+02, 2.754635E+02, 2.754572E+02, 2.756971E+02
2024-01-22 19:15:15,2, 1.515555E+02, 2.735741E+02, 2.741263E+02, 3.015013E+00, 9.947720E+00, 2.731600E+02, 2.744800E+02, 2.746758E+02, 2.745625E+02, 2.746753E+02
2024-01-22 19:30:15,2, 1.419342E+02, 2.735260E+02, 2.740854E+02, 3.012935E+00, 1.032072E+01, 2.731600E+02, 2.744755E+02, 2.746933E+02, 2.745057E+02, 2.746240E+02
2024-01-22 19:45:15,2, 1.313053E+02, 2.734780E+02, 2.740582E+02, 3.011138E+00, 1.030612E+01, 2.731600E+02, 2.744758E+02, 2.747127E+02, 2.744699E+02, 2.745910E+02
2024-01-22 20:00:15,2, 9.235373E+01, 2.734276E+02, 2.740183E+02, 2.984913E+00, 1.018590E+01, 2.731600E+02, 2.743287E+02, 2.745015E+02, 2.743975E+02, 2.745132E+02
2024-01-22 20:15:15,2, 8.270783E+01, 2.732420E+02, 2.737276E+02, 2.822205E+00, 9.134651E+00, 2.731600E+02, 2.739254E+02, 2.740565E+02, 2.740252E+02, 2.741014E+02
2024-01-22 20:30:15,2, 7.239929E+01, 2.730564E+02, 2.734996E+02, 2.733124E+00, 8.499174E+00, 2.731600E+02, 2.736455E+02, 2.737398E+02, 2.737642E+02, 2.738274E+02
2024-01-22 20:45:15,2, 6.147225E+01, 2.728708E+02, 2.732682E+02, 2.634917E+00, 7.908217E+00, 2.731600E+02, 2.733554E+02, 2.734082E+02, 2.735015E+02, 2.735500E+02
2024-01-22 21:00:15,2, 3.644120E+01, 2.726858E+02, 2.730228E+02, 2.400947E+00, 7.113004E+00, 2.731600E+02, 2.729784E+02, 2.729377E+02, 2.732103E+02, 2.732413E+02
2024-01-22 21:15:15,2, 2.767519E+01, 2.725378E+02, 2.727571E+02, 2.169261E+00, 5.983443E+00, 2.731600E+02, 2.726413E+02, 2.725617E+02, 2.731600E+02, 2.731600E+02
2024-01-22 21:30:15,2, 1.856573E+01, 2.723899E+02, 2.725948E+02, 1.829068E+00, 5.871053E+00, 2.731600E+02, 2.724489E+02, 2.723385E+02, 2.731600E+02, 2.731600E+02
2024-01-22 21:45:15,2, 9.151827E+00, 2.722420E+02, 2.724524E+02, 1.140678E+00, 5.210590E+00, 2.731600E+02, 2.722844E+02, 2.721526E+02, 2.731600E+02, 2.731600E+02
2024-01-22 22:00:15,2, 0.000000E+00, 2.720955E+02, 2.723259E+02, 0.000000E+00, 3.631761E+00, 2.731600E+02, 2.721459E+02, 2.720180E+02, 2.731600E+02, 2.731600E+02
2024-01-22 22:15:15,2, 0.000000E+00, 2.720324E+02, 2.722488E+02, 0.000000E+00, 2.499549E+00, 2.731600E+02, 2.720825E+02, 2.719571E+02, 2.731600E+02, 2.731600E+02
2024-01-22 22:30:15,2, 0.000000E+00, 2.719694E+02, 2.722041E+02, 0.000000E+00, 2.125728E+00, 2.731600E+02, 2.720517E+02, 2.719300E+02, 2.731600E+02, 2.731600E+02
2024-01-22 22:45:15,2, 0.000000E+00, 2.719064E+02, 2.721644E+02, 0.000000E+00, 1.935605E+00, 2.731600E+02, 2.720257E+02, 2.719078E+02, 2.731600E+02, 2.731600E+02
2024-01-22 23:00:15,2, 0.000000E+00, 2.718438E+02, 2.721240E+02, 0.000000E+00, 1.822148E+00, 2.731600E+02, 2.719985E+02, 2.718839E+02, 2.731600E+02, 2.731600E+02
2024-01-22 23:15:15,2, 0.000000E+00, 2.718094E+02, 2.720801E+02, 0.000000E+00, 1.743682E+00, 2.731600E+02, 2.719324E+02, 2.718036E+02, 2.731600E+02, 2.731600E+02
2024-01-22 23:30:15,2, 0.000000E+00, 2.717750E+02, 2.720336E+02, 0.000000E+00, 1.694140E+00, 2.731600E+02, 2.718632E+02, 2.717202E+02, 2.731600E+02, 2.731600E+02
2024-01-22 23:45:15,2, 0.000000E+00, 2.717405E+02, 2.719865E+02, 0.000000E+00, 1.658727E+00, 2.731600E+02, 2.717933E+02, 2.716361E+02, 2.731600E+02, 2.731600E+02
2024-01-23 00:00:15,1, 0.000000E+00, 2.717079E+02, 2.719388E+02, 0.000000E+00, 1.614136E+00, 2.731600E+02, 2.717159E+02, 2.715374E+02, 2.731600E+02, 2.731600E+02
2024-01-23 00:15:15,1, 0.000000E+00, 2.717787E+02, 2.719562E+02, 0.000000E+00, 1.256178E+00, 2.731600E+02, 2.717511E+02, 2.715839E+02, 2.731600E+02, 2.731600E+02
2024-01-23 00:30:15,1, 0.000000E+00, 2.718495E+02, 2.720182E+02, 0.000000E+00, 1.210580E+00, 2.731600E+02, 2.718341E+02, 2.716815E+02, 2.731600E+02, 2.731600E+02
2024-01-23 00:45:15,1, 0.000000E+00, 2.719204E+02, 2.720903E+02, 0.000000E+00, 1.217481E+00, 2.731600E+02, 2.719272E+02, 2.717901E+02, 2.731600E+02, 2.731600E+02
2024-01-23 01:00:15,1, 0.000000E+00, 2.719907E+02, 2.721650E+02, 0.000000E+00, 1.236265E+00, 2.731600E+02, 2.720230E+02, 2.719015E+02, 2.731600E+02, 2.731600E+02
2024-01-23 01:15:15,1, 0.000000E+00, 2.720306E+02, 2.722134E+02, 0.000000E+00, 1.293387E+00, 2.731600E+02, 2.720614E+02, 2.719376E+02, 2.731600E+02, 2.731600E+02
2024-01-23 01:30:15,1, 0.000000E+00, 2.720705E+02, 2.722398E+02, 0.000000E+00, 1.254403E+00, 2.731600E+02, 2.720773E+02, 2.719500E+02, 2.731600E+02, 2.731600E+02
2024-01-23 01:45:15,1, 0.000000E+00, 2.721103E+02, 2.722600E+02, 0.000000E+00, 1.205094E+00, 2.731600E+02, 2.720872E+02, 2.719559E+02, 2.731600E+02, 2.731600E+02
2024-01-23 02:00:15,1, 0.000000E+00, 2.721504E+02, 2.722772E+02, 0.000000E+00, 1.152104E+00, 2.731600E+02, 2.720942E+02, 2.719584E+02, 2.731600E+02, 2.731600E+02
2024-01-23 02:15:15,1, 0.000000E+00, 2.721991E+02, 2.723006E+02, 0.000000E+00, 1.028741E+00, 2.731600E+02, 2.721179E+02, 2.719828E+02, 2.731600E+02, 2.731600E+02
2024-01-23 02:30:15,1, 0.000000E+00, 2.722477E+02, 2.723299E+02, 0.000000E+00, 9.569156E-01, 2.731600E+02, 2.721488E+02, 2.720144E+02, 2.731600E+02, 2.731600E+02
2024-01-23 02:45:15,1, 0.000000E+00, 2.722964E+02, 2.723600E+02, 0.000000E+00, 8.930935E-01, 2.731600E+02, 2.721802E+02, 2.720464E+02, 2.731600E+02, 2.731600E+02
2024-01-23 03:00:15,1, 0.000000E+00, 2.723443E+02, 2.723893E+02, 0.000000E+00, 8.248963E-01, 2.731600E+02, 2.722103E+02, 2.720767E+02, 2.731600E+02, 2.731600E+02
2024-01-23 03:15:15,1, 0.000000E+00, 2.723444E+02, 2.723996E+02, 0.000000E+00, 7.172452E-01, 2.731600E+02, 2.722023E+02, 2.720533E+02, 2.731600E+02, 2.731600E+02
2024-01-23 03:30:15,1, 0.000000E+00, 2.723445E+02, 2.723880E+02, 0.000000E+00, 6.569975E-01, 2.731600E+02, 2.721748E+02, 2.720114E+02, 2.731600E+02, 2.731600E+02
2024-01-23 03:45:15,1, 0.000000E+00, 2.723446E+02, 2.723669E+02, 0.000000E+00, 6.568787E-01, 2.731600E+02, 2.721411E+02, 2.719695E+02, 2.731600E+02, 2.731600E+02
2024-01-23 04:00:15,1, 0.000000E+00, 2.723448E+02, 2.723412E+02, 0.000000E+00, 6.720329E-01, 2.731600E+02, 2.721035E+02, 2.719231E+02, 2.731600E+02, 2.731600E+02
2024-01-23 04:15:15,1, 0.000000E+00, 2.723512E+02, 2.723414E+02, 0.000000E+00, 5.722543E-01, 2.731600E+02, 2.721370E+02, 2.719767E+02, 2.731600E+02, 2.731600E+02
2024-01-23 04:30:15,1, 0.000000E+00, 2.723576E+02, 2.723759E+02, 0.000000E+00, 5.003022E-01, 2.731600E+02, 2.722020E+02, 2.720616E+02, 2.731600E+02, 2.731600E+02
2024-01-23 04:45:15,1, 0.000000E+00, 2.723640E+02, 2.724273E+02, 0.000000E+00, 4.444903E-01, 2.731600E+02, 2.722822E+02, 2.721617E+02, 2.731600E+02, 2.731600E+02
2024-01-23 05:00:15,1, 0.000000E+00, 2.723697E+02, 2.724864E+02, 0.000000E+00, 3.991591E-01, 2.731600E+02, 2.723694E+02, 2.722689E+02, 2.731600E+02, 2.731600E+02
2024-01-23 05:15:15,1, 0.000000E+00, 2.723301E+02, 2.725239E+02, 0.000000E+00, 3.234620E-01, 2.731600E+02, 2.724012E+02, 2.722981E+02, 2.731600E+02, 2.731600E+02
2024-01-23 05:30:15,1, 0.000000E+00, 2.722905E+02, 2.725316E+02, 0.000000E+00, 2.421532E-01, 2.731600E+02, 2.724070E+02, 2.723014E+02, 2.731600E+02, 2.731600E+02
2024-01-23 05:45:15,1, 0.000000E+00, 2.722509E+02, 2.725243E+02, 0.000000E+00, 1.619185E-01, 2.731600E+02, 2.723995E+02, 2.722917E+02, 2.731600E+02, 2.731600E+02
2024-01-23 06:00:15,1, 0.000000E+00, 2.722131E+02, 2.725097E+02, 0.000000E+00, 8.797188E-02, 2.731600E+02, 2.723854E+02, 2.722755E+02, 2.731600E+02, 2.731600E+02
2024-01-23 06:15:15,1, 0.000000E+00, 2.722849E+02, 2.725030E+02, 0.000000E+00, 1.248566E-01, 2.731600E+02, 2.723663E+02, 2.722501E+02, 2.731600E+02, 2.731600E+02
2024-01-23 06:30:15,1, 0.000000E+00, 2.723566E+02, 2.725037E+02, 0.000000E+00, 1.452434E-01, 2.731600E+02, 2.723538E+02, 2.722311E+02, 2.731600E+02, 2.731600E+02
2024-01-23 06:45:15,1, 0.000000E+00, 2.724284E+02, 2.725052E+02, 0.000000E+00, 1.543878E-01, 2.731600E+02, 2.723422E+02, 2.722131E+02, 2.731600E+02, 2.731600E+02
2024-01-23 07:00:15,1, 0.000000E+00, 2.724991E+02, 2.725053E+02, 0.000000E+00, 1.579380E-01, 2.731600E+02, 2.723298E+02, 2.721946E+02, 2.731600E+02, 2.731600E+02
2024-01-23 07:15:15,1, 0.000000E+00, 2.725084E+02, 2.725088E+02, 0.000000E+00, 2.443197E-01, 2.731600E+02, 2.723389E+02, 2.722075E+02, 2.731600E+02, 2.731600E+02
2024-01-23 07:30:15,1, 0.000000E+00, 2.725177E+02, 2.725181E+02, 0.000000E+00, 3.125470E-01, 2.731600E+02, 2.723535E+02, 2.722258E+02, 2.731600E+02, 2.731600E+02
2024-01-23 07:45:15,1, 0.000000E+00, 2.725269E+02, 2.725302E+02, 0.000000E+00, 3.664199E-01, 2.731600E+02, 2.723706E+02, 2.722465E+02, 2.731600E+02, 2.731600E+02
2024-01-23 08:00:15,1, 0.000000E+00, 2.725351E+02, 2.725437E+02, 0.000000E+00, 4.072644E-01, 2.731600E+02, 2.723887E+02, 2.722680E+02, 2.731600E+02, 2.731600E+02
2024-01-23 08:15:15,1, 0.000000E+00, 2.724789E+02, 2.725396E+02, 0.000000E+00, 3.554356E-01, 2.731600E+02, 2.723696E+02, 2.722377E+02, 2.731600E+02, 2.731600E+02
2024-01-23 08:30:15,1, 0.000000E+00, 2.724227E+02, 2.725132E+02, 0.000000E+00, 2.991396E-01, 2.731600E+02, 2.723303E+02, 2.721874E+02, 2.731600E+02, 2.731600E+02
2024-01-23 08:45:15,1, 0.000000E+00, 2.723665E+02, 2.724756E+02, 0.000000E+00, 2.423879E-01, 2.731600E+02, 2.722813E+02, 2.721275E+02, 2.731600E+02, 2.731600E+02
2024-01-23 09:00:15,1, 0.000000E+00, 2.723110E+02, 2.724325E+02, 0.000000E+00, 1.879790E-01, 2.731600E+02, 2.722277E+02, 2.720634E+02, 2.731600E+02, 2.731600E+02
2024-01-23 09:15:15,1, 0.000000E+00, 2.723006E+02, 2.724029E+02, 0.000000E+00, 1.866086E-01, 2.731600E+02, 2.722066E+02, 2.720453E+02, 2.731600E+02, 2.731600E+02
2024-01-23 09:30:15,1, 0.000000E+00, 2.722901E+02, 2.723915E+02, 0.000000E+00, 1.841518E-01, 2.731600E+02, 2.722014E+02, 2.720429E+02, 2.731600E+02, 2.731600E+02
2024-01-23 09:45:15,1, 0.000000E+00, 2.722797E+02, 2.723888E+02, 0.000000E+00, 1.798225E-01, 2.731600E+02, 2.722040E+02, 2.720480E+02, 2.731600E+02, 2.731600E+02
2024-01-23 10:00:15,1, 0.000000E+00, 2.722681E+02, 2.723903E+02, 0.000000E+00, 1.692704E-01, 2.731600E+02, 2.722102E+02, 2.720566E+02, 2.731600E+02, 2.731600E+02
2024-01-23 10:15:15,1, 0.000000E+00, 2.721880E+02, 2.723818E+02, 0.000000E+00,-8.314055E-02, 2.731600E+02, 2.722006E+02, 2.720430E+02, 2.731600E+02, 2.731600E+02
2024-01-23 10:30:15,1, 0.000000E+00, 2.721078E+02, 2.723590E+02, 0.000000E+00,-3.174605E-01, 2.731600E+02, 2.721781E+02, 2.720166E+02, 2.731600E+02, 2.731600E+02
2024-01-23 10:45:15,1, 0.000000E+00, 2.720277E+02, 2.723279E+02, 0.000000E+00,-5.350755E-01, 2.731600E+02, 2.721482E+02, 2.719826E+02, 2.731600E+02, 2.731600E+02
2024-01-23 11:00:15,1, 0.000000E+00, 2.719475E+02, 2.722908E+02, 0.000000E+00,-7.392887E-01, 2.731600E+02, 2.721136E+02, 2.719440E+02, 2.731600E+02, 2.731600E+02
2024-01-23 11:15:15,1, 0.000000E+00, 2.718624E+02, 2.722563E+02, 0.000000E+00,-9.302771E-01, 2.731600E+02, 2.721010E+02, 2.719398E+02, 2.731600E+02, 2.731600E+02
2024-01-23 11:30:15,1, 0.000000E+00, 2.717774E+02, 2.722147E+02, 0.000000E+00,-1.288131E+00, 2.731600E+02, 2.720859E+02, 2.719367E+02, 2.731600E+02, 2.731600E+02
2024-01-23 11:45:15,1, 0.000000E+00, 2.716923E+02, 2.721543E+02, 0.000000E+00,-1.488338E+00, 2.731600E+02, 2.720546E+02, 2.719176E+02, 2.731600E+02, 2.731600E+02
2024-01-23 12:00:15,1, 0.000000E+00, 2.716081E+02, 2.720830E+02, 0.000000E+00,-1.567576E+00, 2.731600E+02, 2.720149E+02, 2.718904E+02, 2.731600E+02, 2.731600E+02
2024-01-23 12:15:15,1, 0.000000E+00, 2.715759E+02, 2.720476E+02, 0.000000E+00,-9.661861E-01, 2.731600E+02, 2.719815E+02, 2.718528E+02, 2.731600E+02, 2.731600E+02
2024-01-23 12:30:15,1, 0.000000E+00, 2.715438E+02, 2.720189E+02, 0.000000E+00,-7.280035E-01, 2.731600E+02, 2.719548E+02, 2.718226E+02, 2.731600E+02, 2.731600E+02
2024-01-23 12:45:15,1, 0.000000E+00, 2.715117E+02, 2.719912E+02, 0.000000E+00,-6.212780E-01, 2.731600E+02, 2.719286E+02, 2.717927E+02, 2.731600E+02, 2.731600E+02
2024-01-23 13:00:15,1, 1.357960E+01, 2.714829E+02, 2.719676E+02, 1.502678E+00,-5.394216E-01, 2.731600E+02, 2.719666E+02, 2.718674E+02, 2.731600E+02, 2.731600E+02
2024-01-23 13:15:15,1, 2.092717E+01, 2.716487E+02, 2.721328E+02, 1.920650E+00,-3.198325E-01, 2.731600E+02, 2.722424E+02, 2.722102E+02, 2.731600E+02, 2.731600E+02
2024-01-23 13:30:15,1, 2.800730E+01, 2.718145E+02, 2.723068E+02, 2.165372E+00,-2.306537E-02, 2.731600E+02, 2.724730E+02, 2.724884E+02, 2.731600E+02, 2.731600E+02
2024-01-23 13:45:15,1, 3.478967E+01, 2.719803E+02, 2.724782E+02, 2.326098E+00, 3.050513E-01, 2.731600E+02, 2.726990E+02, 2.727580E+02, 2.731600E+02, 2.731600E+02
2024-01-23 14:00:15,1, 3.056241E+01, 2.721443E+02, 2.726445E+02, 2.294709E+00, 6.075746E-01, 2.731600E+02, 2.728571E+02, 2.729106E+02, 2.731600E+02, 2.731600E+02
2024-01-23 14:15:15,1, 3.508329E+01, 2.721978E+02, 2.726991E+02, 2.371000E+00, 7.460894E-01, 2.731600E+02, 2.729184E+02, 2.729895E+02, 2.731600E+02, 2.731600E+02
2024-01-23 14:30:15,1, 3.932216E+01, 2.722513E+02, 2.727648E+02, 2.448107E+00, 8.930414E-01, 2.731600E+02, 2.730352E+02, 2.731381E+02, 2.731600E+02, 2.731600E+02
2024-01-23 14:45:15,1, 4.326088E+01, 2.723048E+02, 2.728300E+02, 2.510460E+00, 9.838548E-01, 2.731600E+02, 2.731482E+02, 2.732807E+02, 2.731600E+02, 2.731600E+02
2024-01-23 15:00:15,1, 7.238332E+01, 2.723592E+02, 2.729025E+02, 2.649904E+00, 1.095246E+00, 2.731600E+02, 2.734103E+02, 2.736716E+02, 2.731966E+02, 2.732592E+02
2024-01-23 15:15:15,1, 7.746157E+01, 2.724638E+02, 2.731017E+02, 2.787460E+00, 4.212328E+00, 2.731600E+02, 2.737391E+02, 2.740470E+02, 2.734705E+02, 2.736364E+02
2024-01-23 15:30:15,1, 8.200466E+01, 2.725685E+02, 2.732209E+02, 2.831424E+00, 5.045393E+00, 2.731600E+02, 2.738822E+02, 2.742113E+02, 2.736119E+02, 2.737889E+02
2024-01-23 15:45:15,1, 8.599316E+01, 2.726731E+02, 2.733363E+02, 2.872162E+00, 5.419622E+00, 2.731600E+02, 2.740163E+02, 2.743644E+02, 2.737441E+02, 2.739303E+02
2024-01-23 16:00:15,1, 5.086367E+01, 2.727760E+02, 2.734387E+02, 2.799450E+00, 5.640317E+00, 2.731600E+02, 2.739175E+02, 2.741323E+02, 2.738271E+02, 2.740100E+02
2024-01-23 16:15:15,1, 5.247390E+01, 2.727750E+02, 2.733239E+02, 2.686737E+00, 3.441369E+00, 2.731600E+02, 2.736649E+02, 2.738460E+02, 2.735832E+02, 2.736976E+02
2024-01-23 16:30:15,1, 5.374368E+01, 2.727740E+02, 2.733220E+02, 2.694885E+00, 3.475314E+00, 2.731600E+02, 2.736696E+02, 2.738530E+02, 2.735798E+02, 2.736950E+02
2024-01-23 16:45:15,1, 5.466759E+01, 2.727730E+02, 2.733226E+02, 2.700451E+00, 3.475468E+00, 2.731600E+02, 2.736733E+02, 2.738570E+02, 2.735834E+02, 2.736996E+02
2024-01-23 17:00:15,1, 8.151807E+01, 2.727731E+02, 2.733291E+02, 2.766815E+00, 3.435788E+00, 2.731600E+02, 2.738297E+02, 2.741169E+02, 2.736145E+02, 2.737386E+02
2024-01-23 17:15:15,1, 8.184536E+01, 2.728430E+02, 2.734820E+02, 2.881184E+00, 4.884014E+00, 2.731600E+02, 2.740789E+02, 2.743957E+02, 2.738623E+02, 2.740380E+02
2024-01-23 17:30:15,1, 8.165139E+01, 2.729129E+02, 2.735534E+02, 2.897708E+00, 4.879805E+00, 2.731600E+02, 2.741434E+02, 2.744639E+02, 2.739367E+02, 2.741142E+02
2024-01-23 17:45:15,1, 8.093699E+01, 2.729827E+02, 2.736202E+02, 2.911087E+00, 4.910922E+00, 2.731600E+02, 2.741990E+02, 2.745210E+02, 2.740003E+02, 2.741780E+02
2024-01-23 18:00:15,1, 7.278205E+01, 2.730527E+02, 2.736830E+02, 2.908714E+00, 4.891737E+00, 2.731600E+02, 2.742069E+02, 2.745011E+02, 2.740511E+02, 2.742260E+02
2024-01-23 18:15:15,1, 7.118965E+01, 2.731276E+02, 2.737242E+02, 2.890008E+00, 3.060653E+00, 2.731600E+02, 2.742001E+02, 2.744848E+02, 2.740555E+02, 2.742156E+02
2024-01-23 18:30:15,1, 6.913645E+01, 2.732025E+02, 2.737888E+02, 2.894526E+00, 2.632424E+00, 2.731600E+02, 2.742389E+02, 2.745171E+02, 2.741076E+02, 2.742644E+02
2024-01-23 18:45:15,1, 6.663125E+01, 2.732773E+02, 2.738521E+02, 2.895451E+00, 2.420562E+00, 2.731600E+02, 2.742721E+02, 2.745409E+02, 2.741568E+02, 2.743089E+02
2024-01-23 19:00:15,1, 1.109197E+02, 2.733525E+02, 2.739250E+02, 2.959984E+00, 2.333971E+00, 2.731600E+02, 2.745766E+02, 2.750102E+02, 2.742535E+02, 2.744085E+02
2024-01-23 19:15:15,1, 1.050412E+02, 2.734441E+02, 2.741626E+02, 3.140053E+00, 5.697211E+00, 2.731600E+02, 2.749080E+02, 2.753321E+02, 2.746403E+02, 2.748583E+02
2024-01-23 19:30:15,1, 9.844128E+01, 2.735357E+02, 2.742286E+02, 3.127503E+00, 5.793978E+00, 2.731600E+02, 2.748962E+02, 2.752861E+02, 2.746772E+02, 2.748771E+02
2024-01-23 19:45:15,1, 9.114821E+01, 2.736273E+02, 2.742860E+02, 3.109131E+00, 5.686793E+00, 2.731600E+02, 2.748713E+02, 2.752269E+02, 2.746961E+02, 2.748782E+02
2024-01-23 20:00:15,1, 6.080086E+01, 2.737169E+02, 2.743327E+02, 3.019405E+00, 5.499952E+00, 2.731600E+02, 2.747071E+02, 2.749454E+02, 2.746821E+02, 2.748403E+02
2024-01-23 20:15:15,1, 5.452817E+01, 2.736869E+02, 2.742121E+02, 2.881692E+00, 3.714647E+00, 2.731600E+02, 2.744524E+02, 2.746464E+02, 2.744598E+02, 2.745659E+02
2024-01-23 20:30:15,1, 4.782347E+01, 2.736569E+02, 2.741489E+02, 2.803616E+00, 3.283498E+00, 2.731600E+02, 2.743369E+02, 2.745008E+02, 2.743617E+02, 2.744523E+02
2024-01-23 20:45:15,1, 4.071546E+01, 2.736269E+02, 2.740875E+02, 2.698019E+00, 2.811085E+00, 2.731600E+02, 2.742195E+02, 2.743540E+02, 2.742665E+02, 2.743435E+02
2024-01-23 21:00:15,1, 2.186958E+01, 2.735960E+02, 2.740275E+02, 2.156472E+00, 2.304779E+00, 2.731600E+02, 2.740387E+02, 2.741009E+02, 2.741639E+02, 2.742290E+02
2024-01-23 21:15:15,1, 1.672262E+01, 2.735099E+02, 2.738735E+02, 1.829528E+00, 1.192195E+00, 2.731600E+02, 2.738071E+02, 2.738275E+02, 2.739443E+02, 2.739889E+02
2024-01-23 21:30:15,1, 1.137343E+01, 2.734238E+02, 2.737279E+02, 1.388951E+00, 9.330983E-01, 2.731600E+02, 2.736385E+02, 2.736322E+02, 2.737733E+02, 2.737994E+02
2024-01-23 21:45:15,1, 5.844900E+00, 2.733377E+02, 2.735750E+02, 7.860739E-01, 6.357486E-01, 2.733996E+02, 2.734863E+02, 2.734466E+02, 2.736000E+02, 2.736058E+02
2024-01-23 22:00:15,1, 0.000000E+00, 2.732524E+02, 2.734243E+02, 0.000000E+00, 3.111089E-01, 2.736362E+02, 2.733329E+02, 2.732583E+02, 2.734302E+02, 2.734157E+02
2024-01-23 22:15:15,1, 0.000000E+00, 2.732153E+02, 2.732993E+02, 0.000000E+00, 1.898427E-01, 2.738039E+02, 2.732444E+02, 2.731598E+02, 2.733036E+02, 2.732815E+02
2024-01-23 22:30:15,1, 0.000000E+00, 2.731782E+02, 2.732208E+02, 0.000000E+00, 1.084163E-01, 2.739261E+02, 2.731921E+02, 2.730993E+02, 2.732257E+02, 2.732010E+02
2024-01-23 22:45:15,1, 0.000000E+00, 2.731411E+02, 2.731696E+02, 0.000000E+00, 4.592715E-02, 2.740139E+02, 2.731584E+02, 2.730595E+02, 2.731785E+02, 2.731600E+02
2024-01-23 23:00:15,1, 0.000000E+00, 2.731042E+02, 2.731377E+02, 0.000000E+00,-4.176555E-03, 2.740754E+02, 2.731369E+02, 2.730327E+02, 2.731613E+02, 2.731600E+02
2024-01-23 23:15:15,1, 0.000000E+00, 2.730816E+02, 2.731136E+02, 0.000000E+00, 2.144021E-02, 2.741259E+02, 2.731084E+02, 2.729935E+02, 2.731600E+02, 2.731600E+02
2024-01-23 23:30:15,1, 0.000000E+00, 2.730589E+02, 2.730899E+02, 0.000000E+00, 4.045917E-02, 2.741820E+02, 2.730805E+02, 2.729549E+02, 2.731600E+02, 2.731600E+02
2024-01-23 23:45:15,1, 0.000000E+00, 2.730363E+02, 2.730668E+02, 0.000000E+00, 5.418824E-02, 2.742396E+02, 2.730533E+02, 2.729168E+02, 2.731600E+02, 2.731600E+02
2024-01-23 00:00:15,2, 0.000000E+00, 2.717079E+02, 2.719389E+02, 0.000000E+00, 1.614988E+00, 2.731600E+02, 2.717234E+02, 2.715522E+02, 2.731600E+02, 2.731600E+02
2024-01-23 00:15:15,2, 0.000000E+00, 2.717787E+02, 2.719563E+02, 0.000000E+00, 1.256952E+00, 2.731600E+02, 2.717580E+02, 2.715977E+02, 2.731600E+02, 2.731600E+02
2024-01-23 00:30:15,2, 0.000000E+00, 2.718495E+02, 2.720183E+02, 0.000000E+00, 1.211367E+00, 2.731600E+02, 2.718404E+02, 2.716940E+02, 2.731600E+02, 2.731600E+02
2024-01-23 00:45:15,2, 0.000000E+00, 2.719204E+02, 2.720904E+02, 0.000000E+00, 1.218294E+00, 2.731600E+02, 2.719329E+02, 2.718013E+02, 2.731600E+02, 2.731600E+02
2024-01-23 01:00:15,2, 0.000000E+00, 2.719907E+02, 2.721651E+02, 0.000000E+00, 1.237104E+00, 2.731600E+02, 2.720280E+02, 2.719113E+02, 2.731600E+02, 2.731600E+02
2024-01-23 01:15:15,2, 0.000000E+00, 2.720306E+02, 2.722135E+02, 0.000000E+00, 1.294248E+00, 2.731600E+02, 2.720665E+02, 2.719477E+02, 2.731600E+02, 2.731600E+02
2024-01-23 01:30:15,2, 0.000000E+00, 2.720705E+02, 2.722399E+02, 0.000000E+00, 1.255213E+00, 2.731600E+02, 2.720826E+02, 2.719605E+02, 2.731600E+02, 2.731600E+02
2024-01-23 01:45:15,2, 0.000000E+00, 2.721103E+02, 2.722601E+02, 0.000000E+00, 1.205844E+00, 2.731600E+02, 2.720926E+02, 2.719667E+02, 2.731600E+02, 2.731600E+02
2024-01-23 02:00:15,2, 0.000000E+00, 2.721504E+02, 2.722773E+02, 0.000000E+00, 1.152791E+00, 2.731600E+02, 2.720998E+02, 2.719696E+02, 2.731600E+02, 2.731600E+02
2024-01-23 02:15:15,2, 0.000000E+00, 2.721991E+02, 2.723006E+02, 0.000000E+00, 1.029372E+00, 2.731600E+02, 2.721235E+02, 2.719939E+02, 2.731600E+02, 2.731600E+02
2024-01-23 02:30:15,2, 0.000000E+00, 2.722477E+02, 2.723299E+02, 0.000000E+00, 9.574998E-01, 2.731600E+02, 2.721543E+02, 2.720254E+02, 2.731600E+02, 2.731600E+02
2024-01-23 02:45:15,2, 0.000000E+00, 2.722964E+02, 2.723601E+02, 0.000000E+00, 8.936153E-01, 2.731600E+02, 2.721856E+02, 2.720572E+02, 2.731600E+02, 2.731600E+02
2024-01-23 03:00:15,2, 0.000000E+00, 2.723443E+02, 2.723895E+02, 0.000000E+00, 8.260135E-01, 2.731600E+02, 2.722162E+02, 2.720876E+02, 2.731600E+02, 2.731600E+02
2024-01-23 03:15:15,2, 0.000000E+00, 2.723444E+02, 2.724000E+02, 0.000000E+00, 7.189252E-01, 2.731600E+02, 2.722089E+02, 2.720655E+02, 2.731600E+02, 2.731600E+02
2024-01-23 03:30:15,2, 0.000000E+00, 2.723445E+02, 2.723881E+02, 0.000000E+00, 6.575285E-01, 2.731600E+02, 2.721815E+02, 2.720243E+02, 2.731600E+02, 2.731600E+02
2024-01-23 03:45:15,2, 0.000000E+00, 2.723446E+02, 2.723669E+02, 0.000000E+00, 6.573549E-01, 2.731600E+02, 2.721481E+02, 2.719831E+02, 2.731600E+02, 2.731600E+02
2024-01-23 04:00:15,2, 0.000000E+00, 2.723448E+02, 2.723411E+02, 0.000000E+00, 6.725191E-01, 2.731600E+02, 2.721109E+02, 2.719373E+02, 2.731600E+02, 2.731600E+02
2024-01-23 04:15:15,2, 0.000000E+00, 2.723512E+02, 2.723413E+02, 0.000000E+00, 5.727786E-01, 2.731600E+02, 2.721435E+02, 2.719893E+02, 2.731600E+02, 2.731600E+02
2024-01-23 04:30:15,2, 0.000000E+00, 2.723576E+02, 2.723758E+02, 0.000000E+00, 5.008623E-01, 2.731600E+02, 2.722077E+02, 2.720725E+02, 2.731600E+02, 2.731600E+02
2024-01-23 04:45:15,2, 0.000000E+00, 2.723640E+02, 2.724272E+02, 0.000000E+00, 4.450710E-01, 2.731600E+02, 2.722870E+02, 2.721709E+02, 2.731600E+02, 2.731600E+02
2024-01-23 05:00:15,2, 0.000000E+00, 2.723697E+02, 2.724862E+02, 0.000000E+00, 3.997543E-01, 2.731600E+02, 2.723730E+02, 2.722761E+02, 2.731600E+02, 2.731600E+02
2024-01-23 05:15:15,2, 0.000000E+00, 2.723301E+02, 2.725235E+02, 0.000000E+00, 3.240639E-01, 2.731600E+02, 2.724050E+02, 2.723055E+02, 2.731600E+02, 2.731600E+02
2024-01-23 05:30:15,2, 0.000000E+00, 2.722905E+02, 2.725311E+02, 0.000000E+00, 2.427460E-01, 2.731600E+02, 2.724107E+02, 2.723089E+02, 2.731600E+02, 2.731600E+02
2024-01-23 05:45:15,2, 0.000000E+00, 2.722509E+02, 2.725238E+02, 0.000000E+00, 1.625088E-01, 2.731600E+02, 2.724032E+02, 2.722993E+02, 2.731600E+02, 2.731600E+02
2024-01-23 06:00:15,2, 0.000000E+00, 2.722131E+02, 2.725091E+02, 0.000000E+00, 8.856210E-02, 2.731600E+02, 2.723892E+02, 2.722832E+02, 2.731600E+02, 2.731600E+02
2024-01-23 06:15:15,2, 0.000000E+00, 2.722849E+02, 2.725024E+02, 0.000000E+00, 1.253190E-01, 2.731600E+02, 2.723704E+02, 2.722584E+02, 2.731600E+02, 2.731600E+02
2024-01-23 06:30:15,2, 0.000000E+00, 2.723566E+02, 2.725032E+02, 0.000000E+00, 1.456566E-01, 2.731600E+02, 2.723582E+02, 2.722400E+02, 2.731600E+02, 2.731600E+02
2024-01-23 06:45:15,2, 0.000000E+00, 2.724284E+02, 2.725047E+02, 0.000000E+00, 1.547835E-01, 2.731600E+02, 2.723470E+02, 2.722227E+02, 2.731600E+02, 2.731600E+02
2024-01-23 07:00:15,2, 0.000000E+00, 2.724991E+02, 2.725050E+02, 0.000000E+00, 1.583393E-01, 2.731600E+02, 2.723350E+02, 2.722049E+02, 2.731600E+02, 2.731600E+02
2024-01-23 07:15:15,2, 0.000000E+00, 2.725084E+02, 2.725086E+02, 0.000000E+00, 2.447246E-01, 2.731600E+02, 2.723441E+02, 2.722176E+02, 2.731600E+02, 2.731600E+02
2024-01-23 07:30:15,2, 0.000000E+00, 2.725177E+02, 2.725179E+02, 0.000000E+00, 3.129635E-01, 2.731600E+02, 2.723586E+02, 2.722356E+02, 2.731600E+02, 2.731600E+02
2024-01-23 07:45:15,2, 0.000000E+00, 2.725269E+02, 2.725301E+02, 0.000000E+00, 3.668484E-01, 2.731600E+02, 2.723755E+02, 2.722560E+02, 2.731600E+02, 2.731600E+02
2024-01-23 08:00:15,2, 0.000000E+00, 2.725351E+02, 2.725435E+02, 0.000000E+00, 4.077038E-01, 2.731600E+02, 2.723934E+02, 2.722773E+02, 2.731600E+02, 2.731600E+02
2024-01-23 08:15:15,2, 0.000000E+00, 2.724789E+02, 2.725394E+02, 0.000000E+00, 3.559014E-01, 2.731600E+02, 2.723747E+02, 2.722478E+02, 2.731600E+02, 2.731600E+02
2024-01-23 08:30:15,2, 0.000000E+00, 2.724227E+02, 2.725130E+02, 0.000000E+00, 2.996028E-01, 2.731600E+02, 2.723358E+02, 2.721984E+02, 2.731600E+02, 2.731600E+02
2024-01-23 08:45:15,2, 0.000000E+00, 2.723665E+02, 2.724753E+02, 0.000000E+00, 2.428387E-01, 2.731600E+02, 2.722872E+02, 2.721393E+02, 2.731600E+02, 2.731600E+02
2024-01-23 09:00:15,2, 0.000000E+00, 2.723110E+02, 2.724322E+02, 0.000000E+00, 1.884108E-01, 2.731600E+02, 2.722340E+02, 2.720760E+02, 2.731600E+02, 2.731600E+02
2024-01-23 09:15:15,2, 0.000000E+00, 2.723006E+02, 2.724025E+02, 0.000000E+00, 1.869950E-01, 2.731600E+02, 2.722127E+02, 2.720577E+02, 2.731600E+02, 2.731600E+02
2024-01-23 09:30:15,2, 0.000000E+00, 2.722901E+02, 2.723911E+02, 0.000000E+00, 1.845119E-01, 2.731600E+02, 2.722075E+02, 2.720550E+02, 2.731600E+02, 2.731600E+02
2024-01-23 09:45:15,2, 0.000000E+00, 2.722797E+02, 2.723884E+02, 0.000000E+00, 1.801581E-01, 2.731600E+02, 2.722099E+02, 2.720598E+02, 2.731600E+02, 2.731600E+02
2024-01-23 10:00:15,2, 0.000000E+00, 2.722681E+02, 2.723899E+02, 0.000000E+00, 1.695919E-01, 2.731600E+02, 2.722160E+02, 2.720682E+02, 2.731600E+02, 2.731600E+02
2024-01-23 10:15:15,2, 0.000000E+00, 2.721880E+02, 2.723813E+02, 0.000000E+00,-8.269285E-02, 2.731600E+02, 2.722064E+02, 2.720548E+02, 2.731600E+02, 2.731600E+02
2024-01-23 10:30:15,2, 0.000000E+00, 2.721078E+02, 2.723584E+02, 0.000000E+00,-3.168577E-01, 2.731600E+02, 2.721840E+02, 2.720286E+02, 2.731600E+02, 2.731600E+02
2024-01-23 10:45:15,2, 0.000000E+00, 2.720277E+02, 2.723272E+02, 0.000000E+00,-5.342293E-01, 2.731600E+02, 2.721541E+02, 2.719948E+02, 2.731600E+02, 2.731600E+02
2024-01-23 11:00:15,2, 0.000000E+00, 2.719475E+02, 2.722900E+02, 0.000000E+00,-7.381496E-01, 2.731600E+02, 2.721198E+02, 2.719574E+02, 2.731600E+02, 2.731600E+02
2024-01-23 11:15:15,2, 0.000000E+00, 2.718624E+02, 2.722560E+02, 0.000000E+00,-9.296327E-01, 2.731600E+02, 2.721077E+02, 2.719544E+02, 2.731600E+02, 2.731600E+02
2024-01-23 11:30:15,2, 0.000000E+00, 2.717774E+02, 2.722145E+02, 0.000000E+00,-1.285781E+00, 2.731600E+02, 2.720915E+02, 2.719478E+02, 2.731600E+02, 2.731600E+02
2024-01-23 11:45:15,2, 0.000000E+00, 2.716923E+02, 2.721541E+02, 0.000000E+00,-1.487522E+00, 2.731600E+02, 2.720598E+02, 2.719278E+02, 2.731600E+02, 2.731600E+02
2024-01-23 12:00:15,2, 0.000000E+00, 2.716081E+02, 2.720832E+02, 0.000000E+00,-1.573032E+00, 2.731600E+02, 2.720201E+02, 2.719000E+02, 2.731600E+02, 2.731600E+02
2024-01-23 12:15:15,2, 0.000000E+00, 2.715759E+02, 2.720476E+02, 0.000000E+00,-9.670212E-01, 2.731600E+02, 2.719866E+02, 2.718624E+02, 2.731600E+02, 2.731600E+02
2024-01-23 12:30:15,2, 0.000000E+00, 2.715438E+02, 2.720188E+02, 0.000000E+00,-7.280100E-01, 2.731600E+02, 2.719599E+02, 2.718323E+02, 2.731600E+02, 2.731600E+02
2024-01-23 12:45:15,2, 0.000000E+00, 2.715117E+02, 2.719911E+02, 0.000000E+00,-6.207245E-01, 2.731600E+02, 2.719336E+02, 2.718024E+02, 2.731600E+02, 2.731600E+02
2024-01-23 13:00:15,2, 1.357960E+01, 2.714829E+02, 2.719674E+02, 1.506436E+00,-5.387285E-01, 2.731600E+02, 2.719701E+02, 2.718734E+02, 2.731600E+02, 2.731600E+02
2024-01-23 13:15:15,2, 2.092717E+01, 2.716487E+02, 2.721328E+02, 1.923807E+00,-3.189312E-01, 2.731600E+02, 2.722430E+02, 2.722098E+02, 2.731600E+02, 2.731600E+02
2024-01-23 13:30:15,2, 2.800730E+01, 2.718145E+02, 2.723069E+02, 2.167081E+00,-2.121132E-02, 2.731600E+02, 2.724714E+02, 2.724835E+02, 2.731600E+02, 2.731600E+02
2024-01-23 13:45:15,2, 3.478967E+01, 2.719803E+02, 2.724783E+02, 2.327191E+00, 3.071023E-01, 2.731600E+02, 2.726955E+02, 2.727491E+02, 2.731600E+02, 2.731600E+02
2024-01-23 14:00:15,2, 3.056241E+01, 2.721443E+02, 2.726446E+02, 2.296282E+00, 6.096266E-01, 2.731600E+02, 2.728537E+02, 2.729023E+02, 2.731600E+02, 2.731600E+02
2024-01-23 14:15:15,2, 3.508329E+01, 2.721978E+02, 2.726992E+02, 2.372139E+00, 7.480847E-01, 2.731600E+02, 2.729144E+02, 2.729798E+02, 2.731600E+02, 2.731600E+02
2024-01-23 14:30:15,2, 3.932216E+01, 2.722513E+02, 2.727649E+02, 2.449149E+00, 8.950356E-01, 2.731600E+02, 2.730298E+02, 2.731255E+02, 2.731600E+02, 2.731600E+02
2024-01-23 14:45:15,2, 4.326088E+01, 2.723048E+02, 2.728301E+02, 2.511525E+00, 9.858209E-01, 2.731600E+02, 2.731415E+02, 2.732653E+02, 2.731600E+02, 2.731600E+02
2024-01-23 15:00:15,2, 7.238332E+01, 2.723592E+02, 2.729026E+02, 2.651473E+00, 1.097002E+00, 2.731600E+02, 2.733983E+02, 2.736445E+02, 2.731934E+02, 2.732484E+02
2024-01-23 15:15:15,2, 7.746157E+01, 2.724638E+02, 2.731018E+02, 2.789628E+00, 4.215184E+00, 2.731600E+02, 2.737258E+02, 2.740190E+02, 2.734636E+02, 2.736222E+02
2024-01-23 15:30:15,2, 8.200466E+01, 2.725685E+02, 2.732210E+02, 2.833808E+00, 5.049146E+00, 2.731600E+02, 2.738683E+02, 2.741827E+02, 2.736049E+02, 2.737750E+02
2024-01-23 15:45:15,2, 8.599316E+01, 2.726731E+02, 2.733364E+02, 2.874705E+00, 5.423963E+00, 2.731600E+02, 2.740018E+02, 2.743349E+02, 2.737369E+02, 2.739163E+02
2024-01-23 16:00:15,2, 5.086367E+01, 2.727760E+02, 2.734388E+02, 2.801570E+00, 5.645074E+00, 2.731600E+02, 2.739082E+02, 2.741143E+02, 2.738204E+02, 2.739976E+02
2024-01-23 16:15:15,2, 5.247390E+01, 2.727750E+02, 2.733241E+02, 2.688025E+00, 3.444760E+00, 2.731600E+02, 2.736562E+02, 2.738265E+02, 2.735784E+02, 2.736868E+02
2024-01-23 16:30:15,2, 5.374368E+01, 2.727740E+02, 2.733221E+02, 2.696198E+00, 3.477906E+00, 2.731600E+02, 2.736608E+02, 2.738334E+02, 2.735749E+02, 2.736840E+02
2024-01-23 16:45:15,2, 5.466759E+01, 2.727730E+02, 2.733227E+02, 2.701785E+00, 3.477926E+00, 2.731600E+02, 2.736645E+02, 2.738374E+02, 2.735784E+02, 2.736884E+02
2024-01-23 17:00:15,2, 8.151807E+01, 2.727731E+02, 2.733293E+02, 2.768526E+00, 3.438237E+00, 2.731600E+02, 2.738168E+02, 2.740879E+02, 2.736089E+02, 2.737262E+02
2024-01-23 17:15:15,2, 8.184536E+01, 2.728430E+02, 2.734821E+02, 2.883465E+00, 4.886944E+00, 2.731600E+02, 2.740653E+02, 2.743676E+02, 2.738553E+02, 2.740238E+02
2024-01-23 17:30:15,2, 8.165139E+01, 2.729129E+02, 2.735535E+02, 2.900020E+00, 4.883696E+00, 2.731600E+02, 2.741297E+02, 2.744356E+02, 2.739297E+02, 2.741002E+02
2024-01-23 17:45:15,2, 8.093699E+01, 2.729827E+02, 2.736204E+02, 2.913376E+00, 4.914980E+00, 2.731600E+02, 2.741852E+02, 2.744924E+02, 2.739933E+02, 2.741640E+02
2024-01-23 18:00:15,2, 7.278205E+01, 2.730527E+02, 2.736831E+02, 2.910879E+00, 4.895797E+00, 2.731600E+02, 2.741941E+02, 2.744746E+02, 2.740443E+02, 2.742121E+02
2024-01-23 18:15:15,2, 7.118965E+01, 2.731276E+02, 2.737244E+02, 2.891780E+00, 3.064464E+00, 2.731600E+02, 2.741871E+02, 2.744566E+02, 2.740488E+02, 2.742010E+02
2024-01-23 18:30:15,2, 6.913645E+01, 2.732025E+02, 2.737891E+02, 2.896180E+00, 2.635762E+00, 2.731600E+02, 2.742261E+02, 2.744889E+02, 2.741008E+02, 2.742494E+02
2024-01-23 18:45:15,2, 6.663125E+01, 2.732773E+02, 2.738523E+02, 2.897066E+00, 2.423608E+00, 2.731600E+02, 2.742597E+02, 2.745137E+02, 2.741502E+02, 2.742943E+02
2024-01-23 19:00:15,2, 1.109197E+02, 2.733525E+02, 2.739250E+02, 2.962409E+00, 2.336281E+00, 2.731600E+02, 2.745591E+02, 2.749745E+02, 2.742472E+02, 2.743965E+02
2024-01-23 19:15:15,2, 1.050412E+02, 2.734441E+02, 2.741629E+02, 3.142470E+00, 5.702962E+00, 2.731600E+02, 2.748898E+02, 2.752967E+02, 2.746316E+02, 2.748421E+02
2024-01-23 19:30:15,2, 9.844128E+01, 2.735357E+02, 2.742288E+02, 3.129686E+00, 5.799400E+00, 2.731600E+02, 2.748792E+02, 2.752532E+02, 2.746690E+02, 2.748623E+02
2024-01-23 19:45:15,2, 9.114821E+01, 2.736273E+02, 2.742863E+02, 3.111127E+00, 5.691836E+00, 2.731600E+02, 2.748556E+02, 2.751966E+02, 2.746886E+02, 2.748646E+02
2024-01-23 20:00:15,2, 6.080086E+01, 2.737169E+02, 2.743329E+02, 3.020929E+00, 5.504719E+00, 2.731600E+02, 2.746960E+02, 2.749247E+02, 2.746757E+02, 2.748290E+02
2024-01-23 20:15:15,2, 5.452817E+01, 2.736869E+02, 2.742123E+02, 2.883002E+00, 3.718598E+00, 2.731600E+02, 2.744435E+02, 2.746293E+02, 2.744555E+02, 2.745584E+02
2024-01-23 20:30:15,2, 4.782347E+01, 2.736569E+02, 2.741491E+02, 2.804769E+00, 3.287437E+00, 2.731600E+02, 2.743291E+02, 2.744861E+02, 2.743579E+02, 2.744458E+02
2024-01-23 20:45:15,2, 4.071546E+01, 2.736269E+02, 2.740875E+02, 2.699306E+00, 2.814582E+00, 2.731600E+02, 2.742132E+02, 2.743417E+02, 2.742634E+02, 2.743380E+02
2024-01-23 21:00:15,2, 2.186958E+01, 2.735960E+02, 2.740275E+02, 2.160674E+00, 2.307072E+00, 2.731600E+02, 2.740356E+02, 2.740950E+02, 2.741615E+02, 2.742249E+02
2024-01-23 21:15:15,2, 1.672262E+01, 2.735099E+02, 2.738735E+02, 1.833608E+00, 1.193976E+00, 2.731600E+02, 2.738060E+02, 2.738252E+02, 2.739426E+02, 2.739852E+02
2024-01-23 21:30:15,2, 1.137343E+01, 2.734238E+02, 2.737279E+02, 1.391451E+00, 9.347403E-01, 2.731600E+02, 2.736385E+02, 2.736323E+02, 2.737726E+02, 2.737982E+02
2024-01-23 21:45:15,2, 5.844900E+00, 2.733377E+02, 2.735787E+02, 7.868052E-01, 6.413545E-01, 2.734563E+02, 2.734966E+02, 2.734557E+02, 2.736047E+02, 2.736100E+02
2024-01-23 22:00:15,2, 0.000000E+00, 2.732524E+02, 2.734305E+02, 0.000000E+00, 3.160204E-01, 2.736804E+02, 2.733456E+02, 2.732716E+02, 2.734381E+02, 2.734238E+02
2024-01-23 22:15:15,2, 0.000000E+00, 2.732153E+02, 2.733067E+02, 0.000000E+00, 1.938024E-01, 2.738384E+02, 2.732574E+02, 2.731741E+02, 2.733126E+02, 2.732909E+02
2024-01-23 22:30:15,2, 0.000000E+00, 2.731782E+02, 2.732283E+02, 0.000000E+00, 1.117674E-01, 2.739532E+02, 2.732048E+02, 2.731138E+02, 2.732348E+02, 2.732106E+02
2024-01-23 22:45:15,2, 0.000000E+00, 2.731411E+02, 2.731765E+02, 0.000000E+00, 4.889432E-02, 2.740351E+02, 2.731703E+02, 2.730739E+02, 2.731847E+02, 2.731600E+02
2024-01-23 23:00:15,2, 0.000000E+00, 2.731042E+02, 2.731430E+02, 0.000000E+00,-1.479601E-03, 2.740921E+02, 2.731472E+02, 2.730458E+02, 2.731629E+02, 2.731600E+02
2024-01-23 23:15:15,2, 0.000000E+00, 2.730816E+02, 2.731175E+02, 0.000000E+00, 2.413891E-02, 2.741450E+02, 2.731183E+02, 2.730064E+02, 2.731600E+02, 2.731600E+02
2024-01-23 23:30:15,2, 0.000000E+00, 2.730589E+02, 2.730933E+02, 0.000000E+00, 4.311070E-02, 2.742025E+02, 2.730905E+02, 2.729681E+02, 2.731600E+02, 2.731600E+02
2024-01-23 23:45:15,2, 0.000000E+00, 2.730363E+02, 2.730700E+02, 0.000000E+00, 5.677795E-02, 2.742604E+02, 2.730635E+02, 2.729307E+02, 2.731600E+02, 2.731600E+02
2024-01-24 00:00:15,1, 0.000000E+00, 2.730140E+02, 2.730439E+02, 0.000000E+00, 6.416782E-02, 2.742958E+02, 2.730262E+02, 2.728791E+02, 2.731600E+02, 2.731600E+02
2024-01-24 00:15:15,1, 0.000000E+00, 2.730091E+02, 2.730244E+02, 0.000000E+00, 9.040545E-02, 2.743570E+02, 2.730054E+02, 2.728494E+02, 2.731600E+02, 2.731600E+02
2024-01-24 00:30:15,1, 0.000000E+00, 2.730042E+02, 2.730094E+02, 0.000000E+00, 1.109321E-01, 2.744265E+02, 2.729895E+02, 2.728243E+02, 2.731600E+02, 2.731600E+02
2024-01-24 00:45:15,1, 0.000000E+00, 2.729993E+02, 2.729971E+02, 0.000000E+00, 1.272500E-01, 2.744989E+02, 2.729763E+02, 2.728016E+02, 2.731600E+02, 2.731600E+02
2024-01-24 01:00:15,1, 0.000000E+00, 2.729932E+02, 2.729862E+02, 0.000000E+00, 1.432555E-01, 2.745710E+02, 2.729637E+02, 2.727791E+02, 2.731600E+02, 2.731600E+02
2024-01-24 01:15:15,1, 0.000000E+00, 2.729178E+02, 2.729351E+02, 0.000000E+00, 3.102950E-01, 2.746368E+02, 2.728530E+02, 2.726214E+02, 2.731600E+02, 2.731600E+02
2024-01-24 01:30:15,1, 0.000000E+00, 2.728425E+02, 2.728321E+02, 0.000000E+00, 4.298532E-01, 2.746894E+02, 2.726950E+02, 2.724192E+02, 2.731600E+02, 2.731600E+02
2024-01-24 01:45:15,1, 0.000000E+00, 2.727671E+02, 2.727024E+02, 0.000000E+00, 5.089429E-01, 2.747261E+02, 2.725128E+02, 2.721950E+02, 2.731600E+02, 2.731600E+02
2024-01-24 02:00:15,1, 0.000000E+00, 2.726953E+02, 2.725576E+02, 0.000000E+00, 5.527396E-01, 2.747464E+02, 2.723187E+02, 2.719625E+02, 2.731600E+02, 2.731600E+02
2024-01-24 02:15:15,1, 0.000000E+00, 2.728331E+02, 2.725102E+02, 0.000000E+00, 2.932787E-01, 2.747597E+02, 2.723706E+02, 2.720692E+02, 2.731600E+02, 2.731600E+02
2024-01-24 02:30:15,1, 0.000000E+00, 2.729709E+02, 2.725946E+02, 0.000000E+00, 1.206950E-01, 2.747802E+02, 2.725411E+02, 2.722916E+02, 2.731600E+02, 2.731600E+02
2024-01-24 02:45:15,1, 0.000000E+00, 2.731087E+02, 2.727486E+02, 0.000000E+00,-1.057657E-02, 2.748144E+02, 2.727742E+02, 2.725770E+02, 2.731600E+02, 2.731600E+02
2024-01-24 03:00:15,1, 0.000000E+00, 2.732463E+02, 2.729416E+02, 0.000000E+00,-1.105727E-01, 2.748653E+02, 2.730433E+02, 2.729005E+02, 2.731600E+02, 2.731600E+02
2024-01-24 03:15:15,1, 0.000000E+00, 2.733772E+02, 2.731135E+02, 0.000000E+00,-2.838462E-02, 2.749236E+02, 2.732169E+02, 2.730823E+02, 2.731610E+02, 2.731600E+02
2024-01-24 03:30:15,1, 0.000000E+00, 2.735081E+02, 2.732467E+02, 0.000000E+00, 4.884284E-02, 2.749817E+02, 2.733516E+02, 2.732270E+02, 2.732576E+02, 2.732205E+02
2024-01-24 03:45:15,1, 0.000000E+00, 2.736389E+02, 2.733782E+02, 0.000000E+00, 1.196249E-01, 2.750427E+02, 2.734835E+02, 2.733675E+02, 2.733887E+02, 2.733532E+02
2024-01-24 04:00:15,1, 0.000000E+00, 2.737699E+02, 2.735121E+02, 0.000000E+00, 1.880187E-01, 2.751084E+02, 2.736177E+02, 2.735102E+02, 2.735226E+02, 2.734889E+02
2024-01-24 04:15:15,1, 0.000000E+00, 2.739030E+02, 2.736466E+02, 0.000000E+00, 4.038100E-01, 2.751754E+02, 2.737494E+02, 2.736481E+02, 2.736567E+02, 2.736245E+02
2024-01-24 04:30:15,1, 0.000000E+00, 2.740361E+02, 2.737802E+02, 0.000000E+00, 5.977418E-01, 2.752415E+02, 2.738800E+02, 2.737850E+02, 2.737900E+02, 2.737599E+02
2024-01-24 04:45:15,1, 0.000000E+00, 2.741692E+02, 2.739121E+02, 0.000000E+00, 7.596828E-01, 2.753094E+02, 2.740093E+02, 2.739203E+02, 2.739219E+02, 2.738937E+02
2024-01-24 05:00:15,1, 0.000000E+00, 2.743018E+02, 2.740479E+02, 0.000000E+00, 1.073812E+00, 2.753799E+02, 2.741415E+02, 2.740585E+02, 2.740562E+02, 2.740299E+02
2024-01-24 05:15:15,1, 0.000000E+00, 2.744029E+02, 2.741885E+02, 0.000000E+00, 1.520714E+00, 2.754475E+02, 2.742775E+02, 2.742010E+02, 2.741960E+02, 2.741718E+02
2024-01-24 05:30:15,1, 0.000000E+00, 2.745040E+02, 2.743298E+02, 0.000000E+00, 2.024826E+00, 2.755097E+02, 2.744132E+02, 2.743434E+02, 2.743366E+02, 2.743146E+02
2024-01-24 05:45:15,1, 0.000000E+00, 2.746051E+02, 2.744691E+02, 0.000000E+00, 2.479032E+00, 2.755690E+02, 2.745469E+02, 2.744838E+02, 2.744757E+02, 2.744560E+02
2024-01-24 06:00:15,1, 0.000000E+00, 2.747049E+02, 2.746035E+02, 0.000000E+00, 2.792941E+00, 2.756269E+02, 2.746758E+02, 2.746198E+02, 2.746103E+02, 2.745929E+02
2024-01-24 06:15:15,1, 0.000000E+00, 2.747306E+02, 2.747153E+02, 0.000000E+00, 2.500299E+00, 2.756708E+02, 2.747802E+02, 2.747292E+02, 2.747253E+02, 2.747097E+02
2024-01-24 06:30:15,1, 0.000000E+00, 2.747562E+02, 2.747934E+02, 0.000000E+00, 2.009426E+00, 2.756963E+02, 2.748559E+02, 2.748100E+02, 2.748077E+02, 2.747936E+02
2024-01-24 06:45:15,1, 0.000000E+00, 2.747819E+02, 2.748495E+02, 0.000000E+00, 1.599726E+00, 2.757126E+02, 2.749125E+02, 2.748714E+02, 2.748664E+02, 2.748537E+02
2024-01-24 07:00:15,1, 0.000000E+00, 2.748078E+02, 2.748939E+02, 0.000000E+00, 1.355969E+00, 2.757247E+02, 2.749594E+02, 2.749230E+02, 2.749131E+02, 2.749017E+02
2024-01-24 07:15:15,1, 0.000000E+00, 2.748475E+02, 2.749355E+02, 0.000000E+00, 1.903480E+00, 2.757480E+02, 2.750015E+02, 2.749677E+02, 2.749550E+02, 2.749444E+02
2024-01-24 07:30:15,1, 0.000000E+00, 2.748871E+02, 2.749782E+02, 0.000000E+00, 2.200163E+00, 2.757884E+02, 2.750462E+02, 2.750140E+02, 2.749983E+02, 2.749880E+02
2024-01-24 07:45:15,1, 0.000000E+00, 2.749268E+02, 2.750224E+02, 0.000000E+00, 2.375585E+00, 2.758385E+02, 2.750929E+02, 2.750619E+02, 2.750432E+02, 2.750333E+02
2024-01-24 08:00:15,1, 0.000000E+00, 2.749659E+02, 2.750677E+02, 0.000000E+00, 2.477007E+00, 2.758936E+02, 2.751410E+02, 2.751108E+02, 2.750895E+02, 2.750797E+02
2024-01-24 08:15:15,1, 0.000000E+00, 2.749730E+02, 2.751031E+02, 0.000000E+00, 1.891108E+00, 2.759698E+02, 2.751797E+02, 2.751474E+02, 2.751282E+02, 2.751179E+02
2024-01-24 08:30:15,1, 0.000000E+00, 2.749800E+02, 2.751298E+02, 0.000000E+00, 1.560144E+00, 2.760729E+02, 2.752137E+02, 2.751777E+02, 2.751577E+02, 2.751465E+02
2024-01-24 08:45:15,1, 0.000000E+00, 2.749870E+02, 2.751546E+02, 0.000000E+00, 1.396570E+00, 2.761904E+02, 2.752476E+02, 2.752071E+02, 2.751852E+02, 2.751727E+02
2024-01-24 09:00:15,1, 0.000000E+00, 2.749937E+02, 2.751792E+02, 0.000000E+00, 1.313566E+00, 2.763143E+02, 2.752821E+02, 2.752368E+02, 2.752127E+02, 2.751988E+02
2024-01-24 09:15:15,1, 0.000000E+00, 2.749805E+02, 2.751968E+02, 0.000000E+00, 8.098029E-01, 2.764518E+02, 2.753109E+02, 2.752591E+02, 2.752348E+02, 2.752192E+02
2024-01-24 09:30:15,1, 0.000000E+00, 2.749673E+02, 2.752087E+02, 0.000000E+00, 5.470999E-01, 2.766049E+02, 2.753365E+02, 2.752773E+02, 2.752509E+02, 2.752333E+02
2024-01-24 09:45:15,1, 0.000000E+00, 2.749541E+02, 2.752190E+02, 0.000000E+00, 4.170037E-01, 2.767633E+02, 2.753614E+02, 2.752946E+02, 2.752654E+02, 2.752456E+02
2024-01-24 10:00:15,1, 0.000000E+00, 2.749407E+02, 2.752285E+02, 0.000000E+00, 3.496337E-01, 2.769210E+02, 2.753857E+02, 2.753111E+02, 2.752791E+02, 2.752571E+02
2024-01-24 10:15:15,1, 0.000000E+00, 2.749191E+02, 2.752306E+02, 0.000000E+00, 1.481708E-01, 2.770341E+02, 2.753996E+02, 2.753196E+02, 2.752860E+02, 2.752625E+02
2024-01-24 10:30:15,1, 0.000000E+00, 2.748975E+02, 2.752240E+02, 0.000000E+00, 3.908291E-02, 2.770892E+02, 2.754009E+02, 2.753181E+02, 2.752825E+02, 2.752582E+02
2024-01-24 10:45:15,1, 0.000000E+00, 2.748759E+02, 2.752129E+02, 0.000000E+00,-2.316453E-02, 2.771153E+02, 2.753960E+02, 2.753118E+02, 2.752737E+02, 2.752490E+02
2024-01-24 11:00:15,1, 0.000000E+00, 2.748541E+02, 2.751998E+02, 0.000000E+00,-6.024434E-02, 2.771280E+02, 2.753879E+02, 2.753028E+02, 2.752621E+02, 2.752372E+02
2024-01-24 11:15:15,1, 0.000000E+00, 2.748224E+02, 2.751725E+02, 0.000000E+00, 9.499447E-02, 2.771479E+02, 2.753536E+02, 2.752596E+02, 2.752355E+02, 2.752086E+02
2024-01-24 11:30:15,1, 0.000000E+00, 2.747907E+02, 2.751371E+02, 0.000000E+00, 1.424092E-01, 2.771835E+02, 2.753141E+02, 2.752100E+02, 2.751992E+02, 2.751697E+02
2024-01-24 11:45:15,1, 0.000000E+00, 2.747590E+02, 2.751010E+02, 0.000000E+00, 1.449099E-01, 2.772268E+02, 2.752747E+02, 2.751599E+02, 2.751621E+02, 2.751297E+02
2024-01-24 12:00:15,1, 0.000000E+00, 2.747281E+02, 2.750650E+02, 0.000000E+00, 1.286173E-01, 2.772733E+02, 2.752359E+02, 2.751104E+02, 2.751251E+02, 2.750898E+02
2024-01-24 12:15:15,1, 0.000000E+00, 2.747423E+02, 2.750656E+02, 0.000000E+00, 8.927261E-02, 2.773154E+02, 2.752570E+02, 2.751377E+02, 2.751232E+02, 2.750884E+02
2024-01-24 12:30:15,1, 0.000000E+00, 2.747565E+02, 2.750913E+02, 0.000000E+00, 7.559156E-02, 2.773507E+02, 2.752981E+02, 2.751866E+02, 2.751511E+02, 2.751184E+02
2024-01-24 12:45:15,1, 0.000000E+00, 2.747707E+02, 2.751213E+02, 0.000000E+00, 6.922238E-02, 2.773834E+02, 2.753420E+02, 2.752384E+02, 2.751846E+02, 2.751540E+02
2024-01-24 13:00:15,1, 7.114132E+00, 2.747852E+02, 2.751527E+02, 9.433363E-01, 1.021429E-01, 2.774163E+02, 2.754123E+02, 2.753273E+02, 2.752263E+02, 2.751999E+02
2024-01-24 13:15:15,1, 1.086343E+01, 2.748178E+02, 2.752271E+02, 1.367066E+00, 1.179468E+00, 2.774638E+02, 2.755174E+02, 2.754387E+02, 2.753377E+02, 2.753289E+02
2024-01-24 13:30:15,1, 1.447662E+01, 2.748504E+02, 2.752800E+02, 1.721008E+00, 2.075624E+00, 2.775115E+02, 2.755886E+02, 2.755183E+02, 2.754075E+02, 2.754044E+02
2024-01-24 13:45:15,1, 1.793824E+01, 2.748829E+02, 2.753298E+02, 2.009808E+00, 2.777955E+00, 2.775608E+02, 2.756577E+02, 2.755967E+02, 2.754721E+02, 2.754741E+02
2024-01-24 14:00:15,1, 2.637479E+01, 2.749159E+02, 2.753799E+02, 2.522058E+00, 3.334839E+00, 2.776128E+02, 2.757491E+02, 2.757146E+02, 2.755404E+02, 2.755485E+02
2024-01-24 14:15:15,1, 3.024367E+01, 2.749768E+02, 2.754655E+02, 2.703032E+00, 4.038615E+00, 2.776824E+02, 2.758673E+02, 2.758488E+02, 2.756536E+02, 2.756728E+02
2024-01-24 14:30:15,1, 3.387178E+01, 2.750377E+02, 2.755426E+02, 2.841960E+00, 4.385400E+00, 2.777612E+02, 2.759670E+02, 2.759604E+02, 2.757454E+02, 2.757690E+02
2024-01-24 14:45:15,1, 3.724356E+01, 2.750985E+02, 2.756187E+02, 2.953910E+00, 4.659878E+00, 2.778453E+02, 2.760648E+02, 2.760686E+02, 2.758348E+02, 2.758625E+02
2024-01-24 15:00:15,1, 3.426769E+01, 2.751591E+02, 2.756921E+02, 2.885569E+00, 4.871633E+00, 2.779317E+02, 2.761311E+02, 2.761240E+02, 2.759154E+02, 2.759450E+02
2024-01-24 15:15:15,1, 3.666037E+01, 2.752047E+02, 2.757299E+02, 2.956821E+00, 4.645462E+00, 2.780018E+02, 2.761743E+02, 2.761731E+02, 2.759466E+02, 2.759727E+02
2024-01-24 15:30:15,1, 3.880155E+01, 2.752502E+02, 2.757868E+02, 3.025781E+00, 4.774585E+00, 2.780661E+02, 2.762487E+02, 2.762555E+02, 2.760122E+02, 2.760412E+02
2024-01-24 15:45:15,1, 4.068206E+01, 2.752957E+02, 2.758433E+02, 3.083587E+00, 4.893306E+00, 2.781278E+02, 2.763208E+02, 2.763345E+02, 2.760769E+02, 2.761086E+02
2024-01-24 16:00:15,1, 5.266321E+01, 2.753418E+02, 2.759016E+02, 3.295332E+00, 4.998122E+00, 2.781891E+02, 2.764413E+02, 2.764945E+02, 2.761510E+02, 2.761876E+02
2024-01-24 16:15:15,1, 5.432697E+01, 2.754228E+02, 2.760256E+02, 3.367933E+00, 5.341493E+00, 2.782678E+02, 2.766004E+02, 2.766629E+02, 2.763094E+02, 2.763597E+02
2024-01-24 16:30:15,1, 5.564041E+01, 2.755037E+02, 2.761152E+02, 3.406616E+00, 5.402873E+00, 2.783395E+02, 2.766986E+02, 2.767658E+02, 2.764060E+02, 2.764582E+02
2024-01-24 16:45:15,1, 5.659790E+01, 2.755847E+02, 2.762014E+02, 3.439856E+00, 5.478481E+00, 2.784071E+02, 2.767911E+02, 2.768620E+02, 2.764968E+02, 2.765507E+02
2024-01-24 17:00:15,1, 4.444194E+01, 2.756648E+02, 2.762819E+02, 3.277587E+00, 5.533707E+00, 2.784711E+02, 2.768167E+02, 2.768498E+02, 2.765703E+02, 2.766220E+02
2024-01-24 17:15:15,1, 4.462441E+01, 2.757002E+02, 2.762807E+02, 3.260421E+00, 5.250201E+00, 2.785094E+02, 2.767928E+02, 2.768242E+02, 2.765379E+02, 2.765768E+02
2024-01-24 17:30:15,1, 4.452435E+01, 2.757355E+02, 2.763185E+02, 3.267604E+00, 5.292586E+00, 2.785517E+02, 2.768368E+02, 2.768703E+02, 2.765762E+02, 2.766159E+02
2024-01-24 17:45:15,1, 4.414219E+01, 2.757709E+02, 2.763569E+02, 3.268480E+00, 5.285026E+00, 2.785962E+02, 2.768794E+02, 2.769138E+02, 2.766154E+02, 2.766554E+02
2024-01-24 18:00:15,1, 6.946887E+01, 2.758053E+02, 2.764017E+02, 3.573492E+00, 5.328630E+00, 2.786430E+02, 2.770501E+02, 2.771670E+02, 2.766815E+02, 2.767282E+02
2024-01-24 18:15:15,1, 6.796658E+01, 2.757842E+02, 2.764951E+02, 3.645072E+00, 7.144280E+00, 2.787649E+02, 2.771881E+02, 2.772964E+02, 2.768513E+02, 2.769214E+02
2024-01-24 18:30:15,1, 6.602714E+01, 2.757632E+02, 2.764703E+02, 3.619682E+00, 7.030698E+00, 2.789103E+02, 2.771523E+02, 2.772433E+02, 2.768209E+02, 2.768844E+02
2024-01-24 18:45:15,1, 6.365885E+01, 2.757421E+02, 2.764403E+02, 3.587934E+00, 6.861049E+00, 2.790612E+02, 2.771097E+02, 2.771824E+02, 2.767808E+02, 2.768377E+02
2024-01-24 19:00:15,1, 3.389686E+01, 2.757218E+02, 2.764004E+02, 3.010872E+00, 6.551376E+00, 2.792059E+02, 2.769351E+02, 2.769055E+02, 2.767077E+02, 2.767505E+02
2024-01-24 19:15:15,1, 3.211840E+01, 2.757443E+02, 2.762983E+02, 2.895709E+00, 4.091417E+00, 2.792862E+02, 2.767764E+02, 2.767311E+02, 2.765181E+02, 2.765296E+02
2024-01-24 19:30:15,1, 3.012104E+01, 2.757668E+02, 2.763129E+02, 2.814364E+00, 3.761474E+00, 2.793621E+02, 2.767897E+02, 2.767385E+02, 2.765238E+02, 2.765332E+02
2024-01-24 19:45:15,1, 2.791334E+01, 2.757893E+02, 2.763318E+02, 2.712874E+00, 3.523461E+00, 2.794343E+02, 2.768051E+02, 2.767474E+02, 2.765364E+02, 2.765431E+02
2024-01-24 20:00:15,1, 2.259006E+01, 2.758120E+02, 2.763492E+02, 2.407870E+00, 3.248618E+00, 2.795018E+02, 2.768063E+02, 2.767332E+02, 2.765445E+02, 2.765474E+02
2024-01-24 20:15:15,1, 2.028793E+01, 2.758422E+02, 2.763615E+02, 2.245745E+00, 2.740730E+00, 2.796679E+02, 2.768106E+02, 2.767248E+02, 2.765403E+02, 2.765354E+02
2024-01-24 20:30:15,1, 1.782686E+01, 2.758725E+02, 2.763930E+02, 2.053591E+00, 2.453572E+00, 2.799935E+02, 2.768509E+02, 2.767464E+02, 2.765665E+02, 2.765549E+02
2024-01-24 20:45:15,1, 1.521740E+01, 2.759027E+02, 2.764295E+02, 1.823982E+00, 2.163729E+00, 2.803926E+02, 2.769014E+02, 2.767748E+02, 2.765996E+02, 2.765800E+02
2024-01-24 21:00:15,1, 1.144529E+01, 2.759327E+02, 2.764673E+02, 1.444630E+00, 1.834902E+00, 2.808086E+02, 2.769509E+02, 2.767996E+02, 2.766335E+02, 2.766050E+02
2024-01-24 21:15:15,1, 8.809301E+00, 2.759475E+02, 2.764889E+02, 1.148287E+00, 1.567639E+00, 2.811869E+02, 2.769818E+02, 2.768084E+02, 2.766500E+02, 2.766115E+02
2024-01-24 21:30:15,1, 6.069453E+00, 2.759622E+02, 2.765073E+02, 8.155880E-01, 1.158147E+00, 2.815116E+02, 2.770077E+02, 2.768153E+02, 2.766631E+02, 2.766164E+02
2024-01-24 21:45:15,1, 3.237478E+00, 2.759770E+02, 2.765237E+02, 4.479545E-01, 6.911238E-01, 2.817968E+02, 2.770289E+02, 2.768200E+02, 2.766731E+02, 2.766184E+02
2024-01-24 22:00:15,1, 0.000000E+00, 2.759917E+02, 2.765374E+02, 0.000000E+00, 3.176223E-01, 2.820529E+02, 2.770389E+02, 2.768143E+02, 2.766798E+02, 2.766172E+02
2024-01-24 22:15:15,1, 0.000000E+00, 2.759997E+02, 2.765477E+02, 0.000000E+00, 6.513946E-01, 2.822987E+02, 2.770568E+02, 2.768179E+02, 2.766902E+02, 2.766228E+02
2024-01-24 22:30:15,1, 0.000000E+00, 2.760077E+02, 2.765610E+02, 0.000000E+00, 1.092954E+00, 2.825418E+02, 2.770784E+02, 2.768256E+02, 2.767055E+02, 2.766343E+02
2024-01-24 22:45:15,1, 0.000000E+00, 2.760158E+02, 2.765745E+02, 0.000000E+00, 1.959612E+00, 2.827733E+02, 2.770994E+02, 2.768333E+02, 2.767209E+02, 2.766461E+02
2024-01-24 23:00:15,1, 0.000000E+00, 2.760242E+02, 2.765897E+02, 0.000000E+00, 4.676595E+00, 2.829803E+02, 2.771199E+02, 2.768419E+02, 2.767370E+02, 2.766588E+02
2024-01-24 23:15:15,1, 0.000000E+00, 2.760586E+02, 2.766276E+02, 0.000000E+00, 1.000353E+01, 2.831505E+02, 2.771694E+02, 2.768882E+02, 2.767748E+02, 2.766955E+02
2024-01-24 23:30:15,1, 0.000000E+00, 2.760930E+02, 2.766694E+02, 0.000000E+00, 1.125835E+01, 2.833310E+02, 2.772231E+02, 2.769383E+02, 2.768195E+02, 2.767391E+02
2024-01-24 23:45:15,1, 0.000000E+00, 2.761273E+02, 2.767120E+02, 0.000000E+00, 1.184168E+01, 2.835133E+02, 2.772776E+02, 2.769891E+02, 2.768653E+02, 2.767839E+02
2024-01-24 00:00:15,2, 0.000000E+00, 2.730140E+02, 2.730470E+02, 0.000000E+00, 6.669258E-02, 2.743163E+02, 2.730368E+02, 2.728937E+02, 2.731600E+02, 2.731600E+02
2024-01-24 00:15:15,2, 0.000000E+00, 2.730091E+02, 2.730274E+02, 0.000000E+00, 9.287243E-02, 2.743770E+02, 2.730162E+02, 2.728646E+02, 2.731600E+02, 2.731600E+02
2024-01-24 00:30:15,2, 0.000000E+00, 2.730042E+02, 2.730123E+02, 0.000000E+00, 1.133333E-01, 2.744458E+02, 2.730005E+02, 2.728400E+02, 2.731600E+02, 2.731600E+02
2024-01-24 00:45:15,2, 0.000000E+00, 2.729993E+02, 2.729999E+02, 0.000000E+00, 1.295780E-01, 2.745175E+02, 2.729875E+02, 2.728179E+02, 2.731600E+02, 2.731600E+02
2024-01-24 01:00:15,2, 0.000000E+00, 2.729932E+02, 2.729889E+02, 0.000000E+00, 1.455116E-01, 2.745888E+02, 2.729751E+02, 2.727960E+02, 2.731600E+02, 2.731600E+02
2024-01-24 01:15:15,2, 0.000000E+00, 2.729178E+02, 2.729378E+02, 0.000000E+00, 3.127822E-01, 2.746539E+02, 2.728661E+02, 2.726419E+02, 2.731600E+02, 2.731600E+02
2024-01-24 01:30:15,2, 0.000000E+00, 2.728425E+02, 2.728346E+02, 0.000000E+00, 4.322706E-01, 2.747058E+02, 2.727098E+02, 2.724431E+02, 2.731600E+02, 2.731600E+02
2024-01-24 01:45:15,2, 0.000000E+00, 2.727671E+02, 2.727048E+02, 0.000000E+00, 5.111424E-01, 2.747419E+02, 2.725292E+02, 2.722223E+02, 2.731600E+02, 2.731600E+02
2024-01-24 02:00:15,2, 0.000000E+00, 2.726953E+02, 2.725600E+02, 0.000000E+00, 5.546947E-01, 2.747616E+02, 2.723367E+02, 2.719929E+02, 2.731600E+02, 2.731600E+02
2024-01-24 02:15:15,2, 0.000000E+00, 2.728331E+02, 2.725126E+02, 0.000000E+00, 2.946939E-01, 2.747743E+02, 2.723865E+02, 2.720950E+02, 2.731600E+02, 2.731600E+02
2024-01-24 02:30:15,2, 0.000000E+00, 2.729709E+02, 2.725972E+02, 0.000000E+00, 1.219675E-01, 2.747943E+02, 2.725548E+02, 2.723132E+02, 2.731600E+02, 2.731600E+02
2024-01-24 02:45:15,2, 0.000000E+00, 2.731087E+02, 2.727510E+02, 0.000000E+00,-9.361366E-03, 2.748281E+02, 2.727858E+02, 2.725940E+02, 2.731600E+02, 2.731600E+02
2024-01-24 03:00:15,2, 0.000000E+00, 2.732463E+02, 2.729444E+02, 0.000000E+00,-1.093814E-01, 2.748785E+02, 2.730526E+02, 2.729138E+02, 2.731600E+02, 2.731600E+02
2024-01-24 03:15:15,2, 0.000000E+00, 2.733772E+02, 2.731160E+02, 0.000000E+00,-2.704601E-02, 2.749364E+02, 2.732255E+02, 2.730948E+02, 2.731616E+02, 2.731600E+02
2024-01-24 03:30:15,2, 0.000000E+00, 2.735081E+02, 2.732494E+02, 0.000000E+00, 5.027132E-02, 2.749941E+02, 2.733598E+02, 2.732390E+02, 2.732616E+02, 2.732251E+02
2024-01-24 03:45:15,2, 0.000000E+00, 2.736389E+02, 2.733813E+02, 0.000000E+00, 1.211487E-01, 2.750547E+02, 2.734917E+02, 2.733792E+02, 2.733930E+02, 2.733578E+02
2024-01-24 04:00:15,2, 0.000000E+00, 2.737699E+02, 2.735153E+02, 0.000000E+00, 1.896420E-01, 2.751201E+02, 2.736257E+02, 2.735215E+02, 2.735271E+02, 2.734941E+02
2024-01-24 04:15:15,2, 0.000000E+00, 2.739030E+02, 2.736499E+02, 0.000000E+00, 4.059728E-01, 2.751868E+02, 2.737572E+02, 2.736589E+02, 2.736614E+02, 2.736303E+02
2024-01-24 04:30:15,2, 0.000000E+00, 2.740361E+02, 2.737836E+02, 0.000000E+00, 5.992575E-01, 2.752526E+02, 2.738875E+02, 2.737952E+02, 2.737946E+02, 2.737653E+02
2024-01-24 04:45:15,2, 0.000000E+00, 2.741692E+02, 2.739155E+02, 0.000000E+00, 7.641810E-01, 2.753203E+02, 2.740165E+02, 2.739301E+02, 2.739264E+02, 2.738989E+02
2024-01-24 05:00:15,2, 0.000000E+00, 2.743018E+02, 2.740515E+02, 0.000000E+00, 1.084725E+00, 2.753905E+02, 2.741487E+02, 2.740678E+02, 2.740609E+02, 2.740351E+02
2024-01-24 05:15:15,2, 0.000000E+00, 2.744029E+02, 2.741924E+02, 0.000000E+00, 1.536782E+00, 2.754578E+02, 2.742847E+02, 2.742099E+02, 2.742007E+02, 2.741770E+02
2024-01-24 05:30:15,2, 0.000000E+00, 2.745040E+02, 2.743337E+02, 0.000000E+00, 2.043558E+00, 2.755198E+02, 2.744201E+02, 2.743517E+02, 2.743413E+02, 2.743198E+02
2024-01-24 05:45:15,2, 0.000000E+00, 2.746051E+02, 2.744729E+02, 0.000000E+00, 2.492984E+00, 2.755789E+02, 2.745533E+02, 2.744913E+02, 2.744802E+02, 2.744608E+02
2024-01-24 06:00:15,2, 0.000000E+00, 2.747049E+02, 2.746069E+02, 0.000000E+00, 2.799130E+00, 2.756366E+02, 2.746815E+02, 2.746264E+02, 2.746143E+02, 2.745971E+02
2024-01-24 06:15:15,2, 0.000000E+00, 2.747306E+02, 2.747180E+02, 0.000000E+00, 2.494649E+00, 2.756802E+02, 2.747851E+02, 2.747349E+02, 2.747287E+02, 2.747133E+02
2024-01-24 06:30:15,2, 0.000000E+00, 2.747562E+02, 2.747955E+02, 0.000000E+00, 2.000168E+00, 2.757055E+02, 2.748601E+02, 2.748147E+02, 2.748104E+02, 2.747965E+02
2024-01-24 06:45:15,2, 0.000000E+00, 2.747819E+02, 2.748511E+02, 0.000000E+00, 1.592255E+00, 2.757215E+02, 2.749161E+02, 2.748753E+02, 2.748687E+02, 2.748561E+02
2024-01-24 07:00:15,2, 0.000000E+00, 2.748078E+02, 2.748953E+02, 0.000000E+00, 1.351611E+00, 2.757335E+02, 2.749626E+02, 2.749264E+02, 2.749150E+02, 2.749036E+02
2024-01-24 07:15:15,2, 0.000000E+00, 2.748475E+02, 2.749367E+02, 0.000000E+00, 1.902994E+00, 2.757565E+02, 2.750045E+02, 2.749707E+02, 2.749568E+02, 2.749461E+02
2024-01-24 07:30:15,2, 0.000000E+00, 2.748871E+02, 2.749794E+02, 0.000000E+00, 2.201202E+00, 2.757968E+02, 2.750490E+02, 2.750168E+02, 2.749999E+02, 2.749897E+02
2024-01-24 07:45:15,2, 0.000000E+00, 2.749268E+02, 2.750235E+02, 0.000000E+00, 2.377209E+00, 2.758467E+02, 2.750956E+02, 2.750645E+02, 2.750448E+02, 2.750348E+02
2024-01-24 08:00:15,2, 0.000000E+00, 2.749659E+02, 2.750688E+02, 0.000000E+00, 2.478781E+00, 2.759016E+02, 2.751436E+02, 2.751133E+02, 2.750910E+02, 2.750812E+02
2024-01-24 08:15:15,2, 0.000000E+00, 2.749730E+02, 2.751042E+02, 0.000000E+00, 1.891567E+00, 2.759776E+02, 2.751823E+02, 2.751499E+02, 2.751297E+02, 2.751194E+02
2024-01-24 08:30:15,2, 0.000000E+00, 2.749800E+02, 2.751308E+02, 0.000000E+00, 1.560546E+00, 2.760806E+02, 2.752164E+02, 2.751804E+02, 2.751592E+02, 2.751480E+02
2024-01-24 08:45:15,2, 0.000000E+00, 2.749870E+02, 2.751555E+02, 0.000000E+00, 1.397273E+00, 2.761980E+02, 2.752504E+02, 2.752100E+02, 2.751867E+02, 2.751742E+02
2024-01-24 09:00:15,2, 0.000000E+00, 2.749937E+02, 2.751801E+02, 0.000000E+00, 1.314548E+00, 2.763217E+02, 2.752850E+02, 2.752399E+02, 2.752142E+02, 2.752003E+02
2024-01-24 09:15:15,2, 0.000000E+00, 2.749805E+02, 2.751976E+02, 0.000000E+00, 8.103263E-01, 2.764591E+02, 2.753139E+02, 2.752625E+02, 2.752363E+02, 2.752208E+02
2024-01-24 09:30:15,2, 0.000000E+00, 2.749673E+02, 2.752094E+02, 0.000000E+00, 5.477991E-01, 2.766120E+02, 2.753397E+02, 2.752811E+02, 2.752524E+02, 2.752350E+02
2024-01-24 09:45:15,2, 0.000000E+00, 2.749541E+02, 2.752197E+02, 0.000000E+00, 4.179763E-01, 2.767703E+02, 2.753649E+02, 2.752987E+02, 2.752669E+02, 2.752474E+02
2024-01-24 10:00:15,2, 0.000000E+00, 2.749407E+02, 2.752291E+02, 0.000000E+00, 3.508106E-01, 2.769279E+02, 2.753894E+02, 2.753157E+02, 2.752806E+02, 2.752589E+02
2024-01-24 10:15:15,2, 0.000000E+00, 2.749191E+02, 2.752312E+02, 0.000000E+00, 1.493071E-01, 2.770408E+02, 2.754034E+02, 2.753244E+02, 2.752876E+02, 2.752644E+02
2024-01-24 10:30:15,2, 0.000000E+00, 2.748975E+02, 2.752246E+02, 0.000000E+00, 4.030203E-02, 2.770959E+02, 2.754048E+02, 2.753230E+02, 2.752841E+02, 2.752601E+02
2024-01-24 10:45:15,2, 0.000000E+00, 2.748759E+02, 2.752135E+02, 0.000000E+00,-2.188254E-02, 2.771218E+02, 2.753999E+02, 2.753167E+02, 2.752752E+02, 2.752509E+02
2024-01-24 11:00:15,2, 0.000000E+00, 2.748541E+02, 2.752003E+02, 0.000000E+00,-5.893013E-02, 2.771344E+02, 2.753918E+02, 2.753078E+02, 2.752636E+02, 2.752390E+02
2024-01-24 11:15:15,2, 0.000000E+00, 2.748224E+02, 2.751730E+02, 0.000000E+00, 9.647062E-02, 2.771542E+02, 2.753578E+02, 2.752653E+02, 2.752371E+02, 2.752106E+02
2024-01-24 11:30:15,2, 0.000000E+00, 2.747907E+02, 2.751376E+02, 0.000000E+00, 1.438179E-01, 2.771897E+02, 2.753187E+02, 2.752164E+02, 2.752009E+02, 2.751719E+02
2024-01-24 11:45:15,2, 0.000000E+00, 2.747590E+02, 2.751015E+02, 0.000000E+00, 1.462358E-01, 2.772329E+02, 2.752797E+02, 2.751672E+02, 2.751639E+02, 2.751321E+02
2024-01-24 12:00:15,2, 0.000000E+00, 2.747281E+02, 2.750655E+02, 0.000000E+00, 1.298731E-01, 2.772793E+02, 2.752413E+02, 2.751186E+02, 2.751270E+02, 2.750925E+02
2024-01-24 12:15:15,2, 0.000000E+00, 2.747423E+02, 2.750661E+02, 0.000000E+00, 9.044920E-02, 2.773213E+02, 2.752622E+02, 2.751453E+02, 2.751250E+02, 2.750909E+02
2024-01-24 12:30:15,2, 0.000000E+00, 2.747565E+02, 2.750919E+02, 0.000000E+00, 7.680628E-02, 2.773565E+02, 2.753029E+02, 2.751933E+02, 2.751528E+02, 2.751207E+02
2024-01-24 12:45:15,2, 0.000000E+00, 2.747707E+02, 2.751218E+02, 0.000000E+00, 7.046673E-02, 2.773892E+02, 2.753464E+02, 2.752444E+02, 2.751862E+02, 2.751561E+02
2024-01-24 13:00:15,2, 7.114132E+00, 2.747852E+02, 2.751532E+02, 9.441812E-01, 1.034847E-01, 2.774220E+02, 2.754159E+02, 2.753314E+02, 2.752277E+02, 2.752014E+02
2024-01-24 13:15:15,2, 1.086343E+01, 2.748178E+02, 2.752275E+02, 1.368923E+00, 1.183086E+00, 2.774694E+02, 2.755204E+02, 2.754415E+02, 2.753383E+02, 2.753289E+02
2024-01-24 13:30:15,2, 1.447662E+01, 2.748504E+02, 2.752804E+02, 1.724109E+00, 2.080944E+00, 2.775170E+02, 2.755910E+02, 2.755199E+02, 2.754078E+02, 2.754039E+02
2024-01-24 13:45:15,2, 1.793824E+01, 2.748829E+02, 2.753301E+02, 2.013989E+00, 2.784847E+00, 2.775662E+02, 2.756595E+02, 2.755970E+02, 2.754722E+02, 2.754732E+02
2024-01-24 14:00:15,2, 2.637479E+01, 2.749159E+02, 2.753802E+02, 2.526757E+00, 3.342926E+00, 2.776181E+02, 2.757496E+02, 2.757119E+02, 2.755402E+02, 2.755470E+02
2024-01-24 14:15:15,2, 3.024367E+01, 2.749768E+02, 2.754658E+02, 2.707112E+00, 4.046254E+00, 2.776876E+02, 2.758670E+02, 2.758444E+02, 2.756529E+02, 2.756704E+02
2024-01-24 14:30:15,2, 3.387178E+01, 2.750377E+02, 2.755429E+02, 2.845334E+00, 4.392892E+00, 2.777663E+02, 2.759662E+02, 2.759548E+02, 2.757445E+02, 2.757663E+02
2024-01-24 14:45:15,2, 3.724356E+01, 2.750985E+02, 2.756191E+02, 2.956673E+00, 4.666640E+00, 2.778503E+02, 2.760635E+02, 2.760620E+02, 2.758338E+02, 2.758594E+02
2024-01-24 15:00:15,2, 3.426769E+01, 2.751591E+02, 2.756925E+02, 2.889062E+00, 4.877800E+00, 2.779367E+02, 2.761302E+02, 2.761184E+02, 2.759144E+02, 2.759419E+02
2024-01-24 15:15:15,2, 3.666037E+01, 2.752047E+02, 2.757303E+02, 2.959797E+00, 4.651955E+00, 2.780067E+02, 2.761732E+02, 2.761669E+02, 2.759457E+02, 2.759698E+02
2024-01-24 15:30:15,2, 3.880155E+01, 2.752502E+02, 2.757871E+02, 3.028414E+00, 4.780845E+00, 2.780709E+02, 2.762472E+02, 2.762486E+02, 2.760111E+02, 2.760380E+02
2024-01-24 15:45:15,2, 4.068206E+01, 2.752957E+02, 2.758436E+02, 3.085966E+00, 4.899261E+00, 2.781325E+02, 2.763189E+02, 2.763270E+02, 2.760758E+02, 2.761052E+02
2024-01-24 16:00:15,2, 5.266321E+01, 2.753418E+02, 2.759020E+02, 3.296810E+00, 5.003791E+00, 2.781938E+02, 2.764378E+02, 2.764836E+02, 2.761495E+02, 2.761836E+02
2024-01-24 16:15:15,2, 5.432697E+01, 2.754228E+02, 2.760260E+02, 3.369488E+00, 5.346669E+00, 2.782724E+02, 2.765964E+02, 2.766510E+02, 2.763074E+02, 2.763546E+02
2024-01-24 16:30:15,2, 5.564041E+01, 2.755037E+02, 2.761156E+02, 3.408185E+00, 5.408000E+00, 2.783440E+02, 2.766944E+02, 2.767535E+02, 2.764040E+02, 2.764530E+02
2024-01-24 16:45:15,2, 5.659790E+01, 2.755847E+02, 2.762018E+02, 3.441439E+00, 5.483634E+00, 2.784115E+02, 2.767867E+02, 2.768494E+02, 2.764947E+02, 2.765453E+02
2024-01-24 17:00:15,2, 4.444194E+01, 2.756648E+02, 2.762823E+02, 3.279913E+00, 5.538947E+00, 2.784755E+02, 2.768138E+02, 2.768403E+02, 2.765684E+02, 2.766171E+02
2024-01-24 17:15:15,2, 4.462441E+01, 2.757002E+02, 2.762811E+02, 3.262603E+00, 5.255727E+00, 2.785137E+02, 2.767901E+02, 2.768149E+02, 2.765365E+02, 2.765729E+02
2024-01-24 17:30:15,2, 4.452435E+01, 2.757355E+02, 2.763188E+02, 3.269832E+00, 5.298203E+00, 2.785559E+02, 2.768340E+02, 2.768608E+02, 2.765747E+02, 2.766118E+02
2024-01-24 17:45:15,2, 4.414219E+01, 2.757709E+02, 2.763573E+02, 3.270790E+00, 5.290722E+00, 2.786004E+02, 2.768766E+02, 2.769042E+02, 2.766139E+02, 2.766513E+02
2024-01-24 18:00:15,2, 6.946887E+01, 2.758053E+02, 2.764021E+02, 3.575271E+00, 5.334411E+00, 2.786472E+02, 2.770439E+02, 2.771505E+02, 2.766795E+02, 2.767230E+02
2024-01-24 18:15:15,2, 6.796658E+01, 2.757842E+02, 2.764955E+02, 3.646894E+00, 7.150155E+00, 2.787689E+02, 2.771819E+02, 2.772803E+02, 2.768487E+02, 2.769148E+02
2024-01-24 18:30:15,2, 6.602714E+01, 2.757632E+02, 2.764708E+02, 3.621441E+00, 7.036354E+00, 2.789143E+02, 2.771468E+02, 2.772286E+02, 2.768185E+02, 2.768783E+02
2024-01-24 18:45:15,2, 6.365885E+01, 2.757421E+02, 2.764407E+02, 3.589620E+00, 6.866463E+00, 2.790651E+02, 2.771050E+02, 2.771691E+02, 2.767787E+02, 2.768321E+02
2024-01-24 19:00:15,2, 3.389686E+01, 2.757218E+02, 2.764008E+02, 3.015392E+00, 6.556758E+00, 2.792097E+02, 2.769346E+02, 2.769008E+02, 2.767063E+02, 2.767466E+02
2024-01-24 19:15:15,2, 3.211840E+01, 2.757443E+02, 2.762986E+02, 2.900274E+00, 4.098436E+00, 2.792900E+02, 2.767768E+02, 2.767280E+02, 2.765177E+02, 2.765278E+02
2024-01-24 19:30:15,2, 3.012104E+01, 2.757668E+02, 2.763132E+02, 2.819311E+00, 3.769149E+00, 2.793659E+02, 2.767904E+02, 2.767359E+02, 2.765235E+02, 2.765315E+02
2024-01-24 19:45:15,2, 2.791334E+01, 2.757893E+02, 2.763321E+02, 2.718120E+00, 3.531486E+00, 2.794380E+02, 2.768061E+02, 2.767455E+02, 2.765362E+02, 2.765416E+02
2024-01-24 20:00:15,2, 2.259006E+01, 2.758120E+02, 2.763495E+02, 2.412958E+00, 3.256758E+00, 2.795055E+02, 2.768080E+02, 2.767329E+02, 2.765444E+02, 2.765462E+02
2024-01-24 20:15:15,2, 2.028793E+01, 2.758422E+02, 2.763618E+02, 2.250389E+00, 2.748274E+00, 2.796715E+02, 2.768129E+02, 2.767258E+02, 2.765405E+02, 2.765348E+02
2024-01-24 20:30:15,2, 1.782686E+01, 2.758725E+02, 2.763933E+02, 2.057521E+00, 2.460439E+00, 2.799971E+02, 2.768541E+02, 2.767489E+02, 2.765670E+02, 2.765547E+02
2024-01-24 20:45:15,2, 1.521740E+01, 2.759027E+02, 2.764298E+02, 1.827015E+00, 2.169676E+00, 2.803962E+02, 2.769055E+02, 2.767790E+02, 2.766004E+02, 2.765803E+02
2024-01-24 21:00:15,2, 1.144529E+01, 2.759327E+02, 2.764676E+02, 1.446403E+00, 1.839731E+00, 2.808122E+02, 2.769560E+02, 2.768058E+02, 2.766346E+02, 2.766059E+02
2024-01-24 21:15:15,2, 8.809301E+00, 2.759475E+02, 2.764893E+02, 1.149368E+00, 1.571087E+00, 2.811905E+02, 2.769879E+02, 2.768164E+02, 2.766515E+02, 2.766132E+02
2024-01-24 21:30:15,2, 6.069453E+00, 2.759622E+02, 2.765076E+02, 8.161454E-01, 1.160620E+00, 2.815151E+02, 2.770145E+02, 2.768248E+02, 2.766650E+02, 2.766187E+02
2024-01-24 21:45:15,2, 3.237478E+00, 2.759770E+02, 2.765240E+02, 4.481655E-01, 6.928577E-01, 2.818003E+02, 2.770364E+02, 2.768308E+02, 2.766753E+02, 2.766213E+02
2024-01-24 22:00:15,2, 0.000000E+00, 2.759917E+02, 2.765377E+02, 0.000000E+00, 3.187937E-01, 2.820564E+02, 2.770470E+02, 2.768262E+02, 2.766823E+02, 2.766207E+02
2024-01-24 22:15:15,2, 0.000000E+00, 2.759997E+02, 2.765481E+02, 0.000000E+00, 6.526682E-01, 2.823022E+02, 2.770655E+02, 2.768308E+02, 2.766929E+02, 2.766266E+02
2024-01-24 22:30:15,2, 0.000000E+00, 2.760077E+02, 2.765613E+02, 0.000000E+00, 1.094392E+00, 2.825453E+02, 2.770876E+02, 2.768395E+02, 2.767083E+02, 2.766384E+02
2024-01-24 22:45:15,2, 0.000000E+00, 2.760158E+02, 2.765749E+02, 0.000000E+00, 1.961311E+00, 2.827767E+02, 2.771091E+02, 2.768481E+02, 2.767239E+02, 2.766504E+02
2024-01-24 23:00:15,2, 0.000000E+00, 2.760242E+02, 2.765900E+02, 0.000000E+00, 4.678352E+00, 2.829837E+02, 2.771301E+02, 2.768575E+02, 2.767400E+02, 2.766633E+02
2024-01-24 23:15:15,2, 0.000000E+00, 2.760586E+02, 2.766279E+02, 0.000000E+00, 1.000852E+01, 2.831538E+02, 2.771796E+02, 2.769040E+02, 2.767779E+02, 2.767001E+02
2024-01-24 23:30:15,2, 0.000000E+00, 2.760930E+02, 2.766697E+02, 0.000000E+00, 1.126413E+01, 2.833343E+02, 2.772335E+02, 2.769542E+02, 2.768226E+02, 2.767438E+02
2024-01-24 23:45:15,2, 0.000000E+00, 2.761273E+02, 2.767124E+02, 0.000000E+00, 1.184754E+01, 2.835165E+02, 2.772881E+02, 2.770051E+02, 2.768684E+02, 2.767886E+02
2024-01-25 00:00:15,1, 0.000000E+00, 2.761621E+02, 2.767547E+02, 0.000000E+00, 1.231180E+01, 2.836927E+02, 2.773320E+02, 2.770398E+02, 2.769111E+02, 2.768288E+02
2024-01-25 00:15:15,1, 0.000000E+00, 2.762174E+02, 2.768122E+02, 0.000000E+00, 1.220503E+01, 2.838794E+02, 2.774007E+02, 2.771035E+02, 2.769698E+02, 2.768860E+02
2024-01-25 00:30:15,1, 0.000000E+00, 2.762727E+02, 2.768751E+02, 0.000000E+00, 1.252370E+01, 2.840739E+02, 2.774748E+02, 2.771723E+02, 2.770357E+02, 2.769504E+02
2024-01-25 00:45:15,1, 0.000000E+00, 2.763279E+02, 2.769383E+02, 0.000000E+00, 1.288771E+01, 2.842664E+02, 2.775489E+02, 2.772411E+02, 2.771019E+02, 2.770151E+02
2024-01-25 01:00:15,1, 0.000000E+00, 2.763834E+02, 2.770012E+02, 0.000000E+00, 1.324543E+01, 2.844536E+02, 2.776224E+02, 2.773095E+02, 2.771677E+02, 2.770795E+02
2024-01-25 01:15:15,1, 0.000000E+00, 2.764485E+02, 2.770674E+02, 0.000000E+00, 1.349993E+01, 2.846223E+02, 2.776913E+02, 2.773720E+02, 2.772344E+02, 2.771444E+02
2024-01-25 01:30:15,1, 0.000000E+00, 2.765135E+02, 2.771337E+02, 0.000000E+00, 1.383463E+01, 2.847723E+02, 2.777588E+02, 2.774339E+02, 2.773011E+02, 2.772096E+02
2024-01-25 01:45:15,1, 0.000000E+00, 2.765786E+02, 2.771996E+02, 0.000000E+00, 1.415743E+01, 2.849148E+02, 2.778253E+02, 2.774951E+02, 2.773671E+02, 2.772741E+02
2024-01-25 02:00:15,1, 0.000000E+00, 2.766441E+02, 2.772653E+02, 0.000000E+00, 1.445858E+01, 2.850529E+02, 2.778914E+02, 2.775560E+02, 2.774328E+02, 2.773385E+02
2024-01-25 02:15:15,1, 0.000000E+00, 2.767362E+02, 2.773544E+02, 0.000000E+00, 1.469568E+01, 2.853359E+02, 2.779894E+02, 2.776442E+02, 2.775206E+02, 2.774235E+02
2024-01-25 02:30:15,1, 0.000000E+00, 2.768284E+02, 2.774593E+02, 0.000000E+00, 1.568229E+01, 2.857656E+02, 2.781140E+02, 2.777525E+02, 2.776299E+02, 2.775283E+02
2024-01-25 02:45:15,1, 0.000000E+00, 2.769205E+02, 2.775669E+02, 0.000000E+00, 1.687258E+01, 2.862092E+02, 2.782424E+02, 2.778639E+02, 2.777433E+02, 2.776370E+02
2024-01-25 03:00:15,1, 0.000000E+00, 2.770129E+02, 2.776737E+02, 0.000000E+00, 1.804437E+01, 2.866256E+02, 2.783682E+02, 2.779738E+02, 2.778556E+02, 2.777448E+02
2024-01-25 03:15:15,1, 0.000000E+00, 2.771202E+02, 2.777895E+02, 0.000000E+00, 1.855735E+01, 2.869136E+02, 2.784999E+02, 2.780964E+02, 2.779749E+02, 2.778613E+02
2024-01-25 03:30:15,1, 0.000000E+00, 2.772275E+02, 2.779028E+02, 0.000000E+00, 1.887696E+01, 2.870949E+02, 2.786207E+02, 2.782128E+02, 2.780909E+02, 2.779760E+02
2024-01-25 03:45:15,1, 0.000000E+00, 2.773348E+02, 2.780141E+02, 0.000000E+00, 1.906820E+01, 2.872557E+02, 2.787381E+02, 2.783267E+02, 2.782041E+02, 2.780881E+02
2024-01-25 04:00:15,1, 0.000000E+00, 2.774421E+02, 2.781254E+02, 0.000000E+00, 1.923974E+01, 2.874198E+02, 2.788555E+02, 2.784405E+02, 2.783171E+02, 2.782001E+02
2024-01-25 04:15:15,1, 0.000000E+00, 2.775509E+02, 2.782374E+02, 0.000000E+00, 1.910597E+01, 2.875404E+02, 2.789732E+02, 2.785564E+02, 2.784308E+02, 2.783132E+02
2024-01-25 04:30:15,1, 0.000000E+00, 2.776598E+02, 2.783476E+02, 0.000000E+00, 1.894073E+01, 2.876243E+02, 2.790860E+02, 2.786692E+02, 2.785420E+02, 2.784242E+02
2024-01-25 04:45:15,1, 0.000000E+00, 2.777686E+02, 2.784576E+02, 0.000000E+00, 1.876474E+01, 2.877129E+02, 2.791990E+02, 2.787819E+02, 2.786528E+02, 2.785349E+02
2024-01-25 05:00:15,1, 0.000000E+00, 2.778772E+02, 2.785681E+02, 0.000000E+00, 1.863095E+01, 2.878153E+02, 2.793138E+02, 2.788958E+02, 2.787645E+02, 2.786463E+02
2024-01-25 05:15:15,1, 0.000000E+00, 2.779697E+02, 2.786695E+02, 0.000000E+00, 1.862221E+01, 2.879381E+02, 2.794256E+02, 2.790062E+02, 2.788700E+02, 2.787513E+02
2024-01-25 05:30:15,1, 0.000000E+00, 2.780623E+02, 2.787687E+02, 0.000000E+00, 1.850106E+01, 2.880787E+02, 2.795372E+02, 2.791154E+02, 2.789726E+02, 2.788532E+02
2024-01-25 05:45:15,1, 0.000000E+00, 2.781548E+02, 2.788683E+02, 0.000000E+00, 1.839740E+01, 2.882294E+02, 2.796505E+02, 2.792257E+02, 2.790761E+02, 2.789557E+02
2024-01-25 06:00:15,1, 0.000000E+00, 2.782454E+02, 2.789681E+02, 0.000000E+00, 1.844237E+01, 2.883870E+02, 2.797648E+02, 2.793364E+02, 2.791800E+02, 2.790585E+02
2024-01-25 06:15:15,1, 0.000000E+00, 2.782223E+02, 2.789830E+02, 0.000000E+00, 2.146482E+01, 2.885343E+02, 2.797962E+02, 2.793607E+02, 2.792116E+02, 2.790886E+02
2024-01-25 06:30:15,1, 0.000000E+00, 2.781992E+02, 2.789707E+02, 0.000000E+00, 2.187892E+01, 2.886694E+02, 2.798020E+02, 2.793595E+02, 2.792051E+02, 2.790801E+02
2024-01-25 06:45:15,1, 0.000000E+00, 2.781761E+02, 2.789572E+02, 0.000000E+00, 2.208400E+01, 2.888017E+02, 2.798068E+02, 2.793573E+02, 2.791969E+02, 2.790698E+02
2024-01-25 07:00:15,1, 0.000000E+00, 2.781529E+02, 2.789435E+02, 0.000000E+00, 2.227523E+01, 2.889348E+02, 2.798118E+02, 2.793551E+02, 2.791886E+02, 2.790594E+02
2024-01-25 07:15:15,1, 0.000000E+00, 2.781189E+02, 2.789178E+02, 0.000000E+00, 2.239035E+01, 2.889087E+02, 2.797970E+02, 2.793382E+02, 2.791686E+02, 2.790386E+02
2024-01-25 07:30:15,1, 0.000000E+00, 2.780850E+02, 2.788816E+02, 0.000000E+00, 2.163005E+01, 2.887465E+02, 2.797607E+02, 2.793061E+02, 2.791334E+02, 2.790045E+02
2024-01-25 07:45:15,1, 0.000000E+00, 2.780511E+02, 2.788439E+02, 0.000000E+00, 2.074540E+01, 2.885809E+02, 2.797227E+02, 2.792728E+02, 2.790959E+02, 2.789681E+02
2024-01-25 08:00:15,1, 0.000000E+00, 2.780168E+02, 2.788072E+02, 0.000000E+00, 1.995382E+01, 2.884442E+02, 2.796883E+02, 2.792417E+02, 2.790599E+02, 2.789330E+02
2024-01-25 08:15:15,1, 0.000000E+00, 2.779638E+02, 2.787551E+02, 0.000000E+00, 1.990471E+01, 2.882332E+02, 2.796319E+02, 2.791922E+02, 2.790097E+02, 2.788847E+02
2024-01-25 08:30:15,1, 0.000000E+00, 2.779108E+02, 2.786945E+02, 0.000000E+00, 1.906568E+01, 2.879441E+02, 2.795598E+02, 2.791311E+02, 2.789462E+02, 2.788242E+02
2024-01-25 08:45:15,1, 0.000000E+00, 2.778578E+02, 2.786333E+02, 0.000000E+00, 1.817402E+01, 2.876636E+02, 2.794883E+02, 2.790703E+02, 2.788822E+02, 2.787632E+02
2024-01-25 09:00:15,1, 0.000000E+00, 2.778047E+02, 2.785734E+02, 0.000000E+00, 1.736804E+01, 2.874135E+02, 2.794209E+02, 2.790124E+02, 2.788205E+02, 2.787041E+02
2024-01-25 09:15:15,1, 0.000000E+00, 2.777472E+02, 2.785104E+02, 0.000000E+00, 1.673211E+01, 2.871649E+02, 2.793493E+02, 2.789490E+02, 2.787556E+02, 2.786415E+02
2024-01-25 09:30:15,1, 0.000000E+00, 2.776896E+02, 2.784457E+02, 0.000000E+00, 1.597928E+01, 2.869092E+02, 2.792760E+02, 2.788843E+02, 2.786888E+02, 2.785771E+02
2024-01-25 09:45:15,1, 0.000000E+00, 2.776320E+02, 2.783815E+02, 0.000000E+00, 1.526027E+01, 2.866698E+02, 2.792048E+02, 2.788210E+02, 2.786227E+02, 2.785132E+02
2024-01-25 10:00:15,1, 0.000000E+00, 2.775731E+02, 2.783181E+02, 0.000000E+00, 1.466352E+01, 2.864520E+02, 2.791364E+02, 2.787595E+02, 2.785582E+02, 2.784505E+02
2024-01-25 10:15:15,1, 0.000000E+00, 2.774325E+02, 2.781974E+02, 0.000000E+00, 1.528412E+01, 2.862628E+02, 2.790260E+02, 2.786534E+02, 2.784489E+02, 2.783428E+02
2024-01-25 10:30:15,1, 0.000000E+00, 2.772919E+02, 2.780601E+02, 0.000000E+00, 1.482146E+01, 2.861024E+02, 2.789051E+02, 2.785351E+02, 2.783170E+02, 2.782115E+02
2024-01-25 10:45:15,1, 0.000000E+00, 2.771513E+02, 2.779228E+02, 0.000000E+00, 1.430949E+01, 2.859596E+02, 2.787874E+02, 2.784188E+02, 2.781857E+02, 2.780804E+02
2024-01-25 11:00:15,1, 0.000000E+00, 2.770107E+02, 2.777855E+02, 0.000000E+00, 1.378589E+01, 2.858290E+02, 2.786708E+02, 2.783045E+02, 2.780549E+02, 2.779501E+02
2024-01-25 11:15:15,1, 0.000000E+00, 2.768715E+02, 2.776481E+02, 0.000000E+00, 1.292735E+01, 2.857085E+02, 2.785499E+02, 2.781863E+02, 2.779227E+02, 2.778188E+02
2024-01-25 11:30:15,1, 0.000000E+00, 2.767323E+02, 2.775103E+02, 0.000000E+00, 1.234280E+01, 2.855971E+02, 2.784269E+02, 2.780701E+02, 2.777894E+02, 2.776877E+02
2024-01-25 11:45:15,1, 0.000000E+00, 2.765931E+02, 2.773716E+02, 0.000000E+00, 1.177132E+01, 2.854924E+02, 2.783056E+02, 2.779564E+02, 2.776561E+02, 2.775569E+02
2024-01-25 12:00:15,1, 0.000000E+00, 2.764515E+02, 2.772308E+02, 0.000000E+00, 1.069173E+01, 2.853969E+02, 2.781830E+02, 2.778452E+02, 2.775215E+02, 2.774261E+02
2024-01-25 12:15:15,1, 0.000000E+00, 2.761676E+02, 2.769841E+02, 0.000000E+00, 1.202382E+01, 2.853069E+02, 2.779634E+02, 2.776229E+02, 2.772997E+02, 2.772060E+02
2024-01-25 12:30:15,1, 0.000000E+00, 2.758837E+02, 2.767107E+02, 0.000000E+00, 1.106921E+01, 2.852062E+02, 2.777175E+02, 2.773760E+02, 2.770349E+02, 2.769408E+02
2024-01-25 12:45:15,1, 0.000000E+00, 2.755997E+02, 2.764367E+02, 0.000000E+00, 1.040893E+01, 2.850983E+02, 2.774702E+02, 2.771280E+02, 2.767685E+02, 2.766739E+02
2024-01-25 13:00:15,1, 6.875911E+00, 2.753200E+02, 2.761646E+02, 9.160288E-01, 9.821131E+00, 2.849863E+02, 2.772522E+02, 2.769249E+02, 2.765095E+02, 2.764167E+02
2024-01-25 13:15:15,1, 1.040367E+01, 2.752856E+02, 2.761077E+02, 1.331192E+00, 5.649359E+00, 2.848719E+02, 2.772082E+02, 2.768817E+02, 2.764559E+02, 2.763758E+02
2024-01-25 13:30:15,1, 1.380369E+01, 2.752512E+02, 2.760801E+02, 1.690145E+00, 5.300813E+00, 2.847350E+02, 2.771722E+02, 2.768477E+02, 2.764346E+02, 2.763576E+02
2024-01-25 13:45:15,1, 1.706143E+01, 2.752168E+02, 2.760513E+02, 1.992880E+00, 5.425158E+00, 2.845922E+02, 2.771338E+02, 2.768165E+02, 2.764113E+02, 2.763382E+02
2024-01-25 14:00:15,1, 3.241532E+01, 2.751842E+02, 2.760250E+02, 2.927197E+00, 5.581245E+00, 2.844514E+02, 2.771494E+02, 2.768850E+02, 2.763989E+02, 2.763341E+02
2024-01-25 14:15:15,1, 3.712897E+01, 2.752531E+02, 2.761153E+02, 3.129567E+00, 4.661200E+00, 2.843338E+02, 2.772890E+02, 2.770525E+02, 2.765361E+02, 2.764960E+02
2024-01-25 14:30:15,1, 4.154990E+01, 2.753219E+02, 2.761878E+02, 3.275122E+00, 4.628384E+00, 2.842118E+02, 2.773770E+02, 2.771623E+02, 2.766264E+02, 2.765956E+02
2024-01-25 14:45:15,1, 4.565919E+01, 2.753908E+02, 2.762587E+02, 3.391528E+00, 4.710101E+00, 2.840943E+02, 2.774603E+02, 2.772698E+02, 2.767127E+02, 2.766924E+02
2024-01-25 15:00:15,1, 5.441136E+01, 2.754597E+02, 2.763296E+02, 3.566526E+00, 4.801664E+00, 2.839852E+02, 2.775674E+02, 2.774194E+02, 2.768021E+02, 2.767947E+02
2024-01-25 15:15:15,1, 5.819139E+01, 2.755345E+02, 2.764231E+02, 3.658973E+00, 4.997901E+00, 2.838952E+02, 2.776933E+02, 2.775747E+02, 2.769282E+02, 2.769397E+02
2024-01-25 15:30:15,1, 6.157506E+01, 2.756093E+02, 2.765012E+02, 3.725655E+00, 5.092085E+00, 2.838136E+02, 2.777880E+02, 2.776949E+02, 2.770219E+02, 2.770451E+02
2024-01-25 15:45:15,1, 6.454787E+01, 2.756841E+02, 2.765774E+02, 3.783288E+00, 5.179057E+00, 2.837400E+02, 2.778784E+02, 2.778115E+02, 2.771119E+02, 2.771474E+02
2024-01-25 16:00:15,1, 7.846887E+01, 2.757620E+02, 2.766554E+02, 3.911698E+00, 5.145879E+00, 2.836747E+02, 2.780251E+02, 2.780292E+02, 2.772103E+02, 2.772639E+02
2024-01-25 16:15:15,1, 8.094203E+01, 2.760213E+02, 2.769062E+02, 4.030731E+00, 2.930911E+00, 2.836396E+02, 2.782924E+02, 2.783346E+02, 2.774860E+02, 2.775730E+02
2024-01-25 16:30:15,1, 8.289646E+01, 2.762806E+02, 2.771523E+02, 4.111648E+00, 2.816844E+00, 2.836098E+02, 2.785146E+02, 2.785851E+02, 2.777342E+02, 2.778380E+02
2024-01-25 16:45:15,1, 8.432380E+01, 2.765400E+02, 2.773978E+02, 4.186794E+00, 2.928081E+00, 2.835847E+02, 2.787276E+02, 2.788129E+02, 2.779771E+02, 2.780925E+02
2024-01-25 17:00:15,1, 1.099621E+02, 2.767969E+02, 2.776506E+02, 4.347344E+00, 3.212592E+00, 2.835640E+02, 2.790714E+02, 2.792513E+02, 2.782441E+02, 2.783687E+02
2024-01-25 17:15:15,1, 1.104229E+02, 2.769097E+02, 2.778590E+02, 4.504664E+00, 7.096689E+00, 2.835920E+02, 2.793487E+02, 2.795566E+02, 2.785667E+02, 2.787478E+02
2024-01-25 17:30:15,1, 1.101888E+02, 2.770225E+02, 2.779676E+02, 4.534476E+00, 7.481794E+00, 2.836103E+02, 2.794378E+02, 2.796432E+02, 2.786742E+02, 2.788558E+02
2024-01-25 17:45:15,1, 1.092607E+02, 2.771353E+02, 2.780725E+02, 4.558354E+00, 7.579573E+00, 2.836207E+02, 2.795165E+02, 2.797163E+02, 2.787713E+02, 2.789509E+02
2024-01-25 18:00:15,1, 1.135118E+02, 2.772498E+02, 2.781767E+02, 4.593420E+00, 7.439456E+00, 2.836251E+02, 2.796193E+02, 2.798326E+02, 2.788691E+02, 2.790469E+02
2024-01-25 18:15:15,1, 1.110853E+02, 2.774640E+02, 2.783795E+02, 4.664536E+00, 3.349675E+00, 2.836374E+02, 2.798025E+02, 2.800182E+02, 2.790658E+02, 2.792499E+02
2024-01-25 18:30:15,1, 1.079488E+02, 2.776782E+02, 2.785799E+02, 4.709717E+00, 2.817212E+00, 2.836463E+02, 2.799595E+02, 2.801693E+02, 2.792475E+02, 2.794275E+02
2024-01-25 18:45:15,1, 1.041159E+02, 2.778923E+02, 2.787774E+02, 4.747059E+00, 2.612804E+00, 2.836517E+02, 2.801077E+02, 2.803085E+02, 2.794226E+02, 2.795968E+02
2024-01-25 19:00:15,1, 9.603839E+01, 2.781023E+02, 2.789706E+02, 4.756498E+00, 2.688364E+00, 2.836532E+02, 2.802271E+02, 2.804026E+02, 2.795873E+02, 2.797533E+02
2024-01-25 19:15:15,1, 9.104987E+01, 2.780616E+02, 2.789486E+02, 4.696421E+00, 9.326056E+00, 2.836401E+02, 2.801591E+02, 2.803095E+02, 2.795628E+02, 2.797170E+02
2024-01-25 19:30:15,1, 8.544563E+01, 2.780209E+02, 2.788912E+02, 4.622750E+00, 9.766331E+00, 2.836170E+02, 2.800587E+02, 2.801839E+02, 2.794807E+02, 2.796225E+02
2024-01-25 19:45:15,1, 7.924969E+01, 2.779802E+02, 2.788312E+02, 4.534320E+00, 9.551997E+00, 2.835842E+02, 2.799489E+02, 2.800462E+02, 2.793916E+02, 2.795196E+02
2024-01-25 20:00:15,1, 4.674497E+01, 2.779367E+02, 2.787619E+02, 3.912660E+00, 9.261563E+00, 2.835405E+02, 2.796917E+02, 2.796560E+02, 2.792672E+02, 2.793718E+02
2024-01-25 20:15:15,1, 4.203919E+01, 2.777308E+02, 2.784964E+02, 3.645026E+00, 9.517521E+00, 2.834364E+02, 2.792995E+02, 2.791799E+02, 2.788883E+02, 2.789098E+02
2024-01-25 20:30:15,1, 3.700777E+01, 2.775250E+02, 2.782765E+02, 3.403722E+00, 9.298301E+00, 2.833303E+02, 2.790386E+02, 2.788791E+02, 2.786369E+02, 2.786344E+02
2024-01-25 20:45:15,1, 3.167226E+01, 2.773191E+02, 2.780542E+02, 3.113633E+00, 8.807775E+00, 2.832208E+02, 2.787744E+02, 2.785812E+02, 2.783846E+02, 2.783646E+02
2024-01-25 21:00:15,1, 2.859816E+01, 2.771108E+02, 2.778295E+02, 2.913572E+00, 8.383764E+00, 2.831072E+02, 2.785191E+02, 2.783048E+02, 2.781325E+02, 2.780983E+02
2024-01-25 21:15:15,1, 2.215098E+01, 2.767627E+02, 2.775128E+02, 2.459033E+00, 1.127397E+01, 2.829932E+02, 2.782004E+02, 2.779648E+02, 2.778193E+02, 2.777780E+02
2024-01-25 21:30:15,1, 1.544911E+01, 2.764145E+02, 2.771587E+02, 1.868234E+00, 1.101426E+01, 2.828726E+02, 2.778383E+02, 2.775809E+02, 2.774458E+02, 2.773929E+02
2024-01-25 21:45:15,1, 8.521242E+00, 2.760664E+02, 2.768033E+02, 1.116693E+00, 1.031315E+01, 2.827452E+02, 2.774747E+02, 2.771969E+02, 2.770685E+02, 2.770033E+02
2024-01-25 22:00:15,1, 0.000000E+00, 2.757218E+02, 2.764482E+02, 0.000000E+00, 9.193722E+00, 2.826113E+02, 2.771033E+02, 2.768053E+02, 2.766886E+02, 2.766099E+02
2024-01-25 22:15:15,1, 0.000000E+00, 2.755918E+02, 2.762587E+02, 0.000000E+00, 4.636627E+00, 2.824789E+02, 2.769178E+02, 2.766224E+02, 2.764653E+02, 2.763815E+02
2024-01-25 22:30:15,1, 0.000000E+00, 2.754617E+02, 2.761287E+02, 0.000000E+00, 4.019971E+00, 2.823584E+02, 2.767932E+02, 2.764993E+02, 2.763346E+02, 2.762514E+02
2024-01-25 22:45:15,1, 0.000000E+00, 2.753316E+02, 2.760007E+02, 0.000000E+00, 3.901813E+00, 2.822469E+02, 2.766707E+02, 2.763784E+02, 2.762082E+02, 2.761254E+02
2024-01-25 23:00:15,1, 0.000000E+00, 2.752020E+02, 2.758730E+02, 0.000000E+00, 3.858386E+00, 2.821421E+02, 2.765488E+02, 2.762582E+02, 2.760821E+02, 2.759999E+02
2024-01-25 23:15:15,1, 0.000000E+00, 2.750955E+02, 2.757614E+02, 0.000000E+00, 3.326263E+00, 2.820426E+02, 2.764385E+02, 2.761482E+02, 2.759687E+02, 2.758865E+02
2024-01-25 23:30:15,1, 0.000000E+00, 2.749891E+02, 2.756548E+02, 0.000000E+00, 3.226020E+00, 2.819476E+02, 2.763328E+02, 2.760424E+02, 2.758622E+02, 2.757801E+02
2024-01-25 23:45:15,1, 0.000000E+00, 2.748826E+02, 2.755483E+02, 0.000000E+00, 3.202078E+00, 2.818560E+02, 2.762277E+02, 2.759370E+02, 2.757562E+02, 2.756741E+02
2024-01-25 00:00:15,2, 0.000000E+00, 2.761621E+02, 2.767551E+02, 0.000000E+00, 1.231763E+01, 2.836959E+02, 2.773426E+02, 2.770560E+02, 2.769143E+02, 2.768335E+02
2024-01-25 00:15:15,2, 0.000000E+00, 2.762174E+02, 2.768125E+02, 0.000000E+00, 1.221084E+01, 2.838825E+02, 2.774115E+02, 2.771200E+02, 2.769730E+02, 2.768907E+02
2024-01-25 00:30:15,2, 0.000000E+00, 2.762727E+02, 2.768755E+02, 0.000000E+00, 1.252943E+01, 2.840770E+02, 2.774857E+02, 2.771890E+02, 2.770390E+02, 2.769552E+02
2024-01-25 00:45:15,2, 0.000000E+00, 2.763279E+02, 2.769386E+02, 0.000000E+00, 1.289338E+01, 2.842695E+02, 2.775601E+02, 2.772582E+02, 2.771052E+02, 2.770200E+02
2024-01-25 01:00:15,2, 0.000000E+00, 2.763834E+02, 2.770016E+02, 0.000000E+00, 1.325105E+01, 2.844566E+02, 2.776337E+02, 2.773268E+02, 2.771711E+02, 2.770845E+02
2024-01-25 01:15:15,2, 0.000000E+00, 2.764485E+02, 2.770677E+02, 0.000000E+00, 1.350551E+01, 2.846253E+02, 2.777029E+02, 2.773897E+02, 2.772378E+02, 2.771495E+02
2024-01-25 01:30:15,2, 0.000000E+00, 2.765135E+02, 2.771341E+02, 0.000000E+00, 1.384017E+01, 2.847753E+02, 2.777706E+02, 2.774520E+02, 2.773046E+02, 2.772148E+02
2024-01-25 01:45:15,2, 0.000000E+00, 2.765786E+02, 2.771999E+02, 0.000000E+00, 1.416293E+01, 2.849177E+02, 2.778373E+02, 2.775136E+02, 2.773706E+02, 2.772795E+02
2024-01-25 02:00:15,2, 0.000000E+00, 2.766441E+02, 2.772656E+02, 0.000000E+00, 1.446404E+01, 2.850559E+02, 2.779036E+02, 2.775750E+02, 2.774364E+02, 2.773439E+02
2024-01-25 02:15:15,2, 0.000000E+00, 2.767362E+02, 2.773547E+02, 0.000000E+00, 1.470107E+01, 2.853388E+02, 2.780020E+02, 2.776638E+02, 2.775242E+02, 2.774290E+02
2024-01-25 02:30:15,2, 0.000000E+00, 2.768284E+02, 2.774596E+02, 0.000000E+00, 1.568757E+01, 2.857685E+02, 2.781271E+02, 2.777731E+02, 2.776338E+02, 2.775341E+02
2024-01-25 02:45:15,2, 0.000000E+00, 2.769205E+02, 2.775673E+02, 0.000000E+00, 1.687776E+01, 2.862120E+02, 2.782562E+02, 2.778856E+02, 2.777473E+02, 2.776431E+02
2024-01-25 03:00:15,2, 0.000000E+00, 2.770129E+02, 2.776741E+02, 0.000000E+00, 1.804945E+01, 2.866284E+02, 2.783825E+02, 2.779965E+02, 2.778598E+02, 2.777512E+02
2024-01-25 03:15:15,2, 0.000000E+00, 2.771202E+02, 2.777898E+02, 0.000000E+00, 1.856236E+01, 2.869164E+02, 2.785146E+02, 2.781196E+02, 2.779792E+02, 2.778678E+02
2024-01-25 03:30:15,2, 0.000000E+00, 2.772275E+02, 2.779031E+02, 0.000000E+00, 1.888184E+01, 2.870976E+02, 2.786356E+02, 2.782363E+02, 2.780952E+02, 2.779826E+02
2024-01-25 03:45:15,2, 0.000000E+00, 2.773348E+02, 2.780145E+02, 0.000000E+00, 1.907292E+01, 2.872584E+02, 2.787530E+02, 2.783503E+02, 2.782084E+02, 2.780948E+02
2024-01-25 04:00:15,2, 0.000000E+00, 2.774421E+02, 2.781257E+02, 0.000000E+00, 1.924428E+01, 2.874224E+02, 2.788706E+02, 2.784644E+02, 2.783215E+02, 2.782068E+02
2024-01-25 04:15:15,2, 0.000000E+00, 2.775509E+02, 2.782377E+02, 0.000000E+00, 1.911034E+01, 2.875429E+02, 2.789883E+02, 2.785804E+02, 2.784352E+02, 2.783199E+02
2024-01-25 04:30:15,2, 0.000000E+00, 2.776598E+02, 2.783479E+02, 0.000000E+00, 1.894492E+01, 2.876267E+02, 2.791011E+02, 2.786931E+02, 2.785464E+02, 2.784310E+02
2024-01-25 04:45:15,2, 0.000000E+00, 2.777686E+02, 2.784579E+02, 0.000000E+00, 1.876873E+01, 2.877153E+02, 2.792141E+02, 2.788059E+02, 2.786572E+02, 2.785417E+02
2024-01-25 05:00:15,2, 0.000000E+00, 2.778772E+02, 2.785685E+02, 0.000000E+00, 1.863474E+01, 2.878176E+02, 2.793289E+02, 2.789198E+02, 2.787689E+02, 2.786531E+02
2024-01-25 05:15:15,2, 0.000000E+00, 2.779697E+02, 2.786699E+02, 0.000000E+00, 1.862579E+01, 2.879404E+02, 2.794407E+02, 2.790302E+02, 2.788744E+02, 2.787581E+02
2024-01-25 05:30:15,2, 0.000000E+00, 2.780623E+02, 2.787690E+02, 0.000000E+00, 1.850444E+01, 2.880809E+02, 2.795525E+02, 2.791395E+02, 2.789771E+02, 2.788600E+02
2024-01-25 05:45:15,2, 0.000000E+00, 2.781548E+02, 2.788686E+02, 0.000000E+00, 1.840058E+01, 2.882315E+02, 2.796658E+02, 2.792498E+02, 2.790805E+02, 2.789625E+02
2024-01-25 06:00:15,2, 0.000000E+00, 2.782454E+02, 2.789684E+02, 0.000000E+00, 1.844533E+01, 2.883891E+02, 2.797802E+02, 2.793608E+02, 2.791845E+02, 2.790654E+02
2024-01-25 06:15:15,2, 0.000000E+00, 2.782223E+02, 2.789833E+02, 0.000000E+00, 2.146738E+01, 2.885363E+02, 2.798119E+02, 2.793854E+02, 2.792162E+02, 2.790957E+02
2024-01-25 06:30:15,2, 0.000000E+00, 2.781992E+02, 2.789710E+02, 0.000000E+00, 2.188138E+01, 2.886713E+02, 2.798179E+02, 2.793846E+02, 2.792098E+02, 2.790873E+02
2024-01-25 06:45:15,2, 0.000000E+00, 2.781761E+02, 2.789575E+02, 0.000000E+00, 2.208628E+01, 2.888036E+02, 2.798229E+02, 2.793827E+02, 2.792017E+02, 2.790772E+02
2024-01-25 07:00:15,2, 0.000000E+00, 2.781529E+02, 2.789439E+02, 0.000000E+00, 2.227732E+01, 2.889366E+02, 2.798281E+02, 2.793809E+02, 2.791934E+02, 2.790668E+02
2024-01-25 07:15:15,2, 0.000000E+00, 2.781189E+02, 2.789181E+02, 0.000000E+00, 2.239232E+01, 2.889105E+02, 2.798134E+02, 2.793640E+02, 2.791735E+02, 2.790461E+02
2024-01-25 07:30:15,2, 0.000000E+00, 2.780850E+02, 2.788819E+02, 0.000000E+00, 2.163195E+01, 2.887482E+02, 2.797769E+02, 2.793317E+02, 2.791382E+02, 2.790119E+02
2024-01-25 07:45:15,2, 0.000000E+00, 2.780511E+02, 2.788442E+02, 0.000000E+00, 2.074721E+01, 2.885826E+02, 2.797387E+02, 2.792980E+02, 2.791007E+02, 2.789755E+02
2024-01-25 08:00:15,2, 0.000000E+00, 2.780168E+02, 2.788075E+02, 0.000000E+00, 1.995551E+01, 2.884458E+02, 2.797042E+02, 2.792667E+02, 2.790646E+02, 2.789403E+02
2024-01-25 08:15:15,2, 0.000000E+00, 2.779638E+02, 2.787554E+02, 0.000000E+00, 1.990626E+01, 2.882348E+02, 2.796475E+02, 2.792167E+02, 2.790143E+02, 2.788919E+02
2024-01-25 08:30:15,2, 0.000000E+00, 2.779108E+02, 2.786948E+02, 0.000000E+00, 1.906720E+01, 2.879457E+02, 2.795750E+02, 2.791549E+02, 2.789508E+02, 2.788312E+02
2024-01-25 08:45:15,2, 0.000000E+00, 2.778578E+02, 2.786336E+02, 0.000000E+00, 1.817548E+01, 2.876651E+02, 2.795031E+02, 2.790934E+02, 2.788867E+02, 2.787700E+02
2024-01-25 09:00:15,2, 0.000000E+00, 2.778047E+02, 2.785737E+02, 0.000000E+00, 1.736942E+01, 2.874150E+02, 2.794353E+02, 2.790349E+02, 2.788249E+02, 2.787107E+02
2024-01-25 09:15:15,2, 0.000000E+00, 2.777472E+02, 2.785106E+02, 0.000000E+00, 1.673343E+01, 2.871664E+02, 2.793635E+02, 2.789710E+02, 2.787599E+02, 2.786480E+02
2024-01-25 09:30:15,2, 0.000000E+00, 2.776896E+02, 2.784460E+02, 0.000000E+00, 1.598054E+01, 2.869106E+02, 2.792899E+02, 2.789058E+02, 2.786930E+02, 2.785834E+02
2024-01-25 09:45:15,2, 0.000000E+00, 2.776320E+02, 2.783818E+02, 0.000000E+00, 1.526147E+01, 2.866711E+02, 2.792183E+02, 2.788419E+02, 2.786268E+02, 2.785194E+02
2024-01-25 10:00:15,2, 0.000000E+00, 2.775731E+02, 2.783184E+02, 0.000000E+00, 1.466463E+01, 2.864533E+02, 2.791497E+02, 2.787800E+02, 2.785622E+02, 2.784566E+02
2024-01-25 10:15:15,2, 0.000000E+00, 2.774325E+02, 2.781977E+02, 0.000000E+00, 1.528509E+01, 2.862640E+02, 2.790391E+02, 2.786735E+02, 2.784530E+02, 2.783489E+02
2024-01-25 10:30:15,2, 0.000000E+00, 2.772919E+02, 2.780604E+02, 0.000000E+00, 1.482242E+01, 2.861036E+02, 2.789181E+02, 2.785548E+02, 2.783210E+02, 2.782175E+02
2024-01-25 10:45:15,2, 0.000000E+00, 2.771513E+02, 2.779230E+02, 0.000000E+00, 1.431039E+01, 2.859609E+02, 2.788003E+02, 2.784383E+02, 2.781897E+02, 2.780863E+02
2024-01-25 11:00:15,2, 0.000000E+00, 2.770107E+02, 2.777858E+02, 0.000000E+00, 1.378674E+01, 2.858301E+02, 2.786836E+02, 2.783239E+02, 2.780589E+02, 2.779560E+02
2024-01-25 11:15:15,2, 0.000000E+00, 2.768715E+02, 2.776484E+02, 0.000000E+00, 1.292820E+01, 2.857097E+02, 2.785627E+02, 2.782057E+02, 2.779267E+02, 2.778247E+02
2024-01-25 11:30:15,2, 0.000000E+00, 2.767323E+02, 2.775106E+02, 0.000000E+00, 1.234356E+01, 2.855982E+02, 2.784398E+02, 2.780895E+02, 2.777934E+02, 2.776936E+02
2024-01-25 11:45:15,2, 0.000000E+00, 2.765931E+02, 2.773719E+02, 0.000000E+00, 1.177203E+01, 2.854935E+02, 2.783186E+02, 2.779761E+02, 2.776601E+02, 2.775630E+02
2024-01-25 12:00:15,2, 0.000000E+00, 2.764515E+02, 2.772312E+02, 0.000000E+00, 1.069160E+01, 2.853979E+02, 2.781944E+02, 2.778651E+02, 2.775251E+02, 2.774322E+02
2024-01-25 12:15:15,2, 0.000000E+00, 2.761676E+02, 2.769845E+02, 0.000000E+00, 1.202331E+01, 2.853079E+02, 2.779747E+02, 2.776426E+02, 2.773032E+02, 2.772123E+02
2024-01-25 12:30:15,2, 0.000000E+00, 2.758837E+02, 2.767111E+02, 0.000000E+00, 1.106894E+01, 2.852071E+02, 2.777287E+02, 2.773954E+02, 2.770384E+02, 2.769470E+02
2024-01-25 12:45:15,2, 0.000000E+00, 2.755997E+02, 2.764371E+02, 0.000000E+00, 1.040871E+01, 2.850992E+02, 2.774813E+02, 2.771472E+02, 2.767720E+02, 2.766802E+02
2024-01-25 13:00:15,2, 6.875911E+00, 2.753200E+02, 2.761650E+02, 9.167343E-01, 9.820998E+00, 2.849871E+02, 2.772625E+02, 2.769423E+02, 2.765129E+02, 2.764226E+02
2024-01-25 13:15:15,2, 1.040367E+01, 2.752856E+02, 2.761080E+02, 1.332699E+00, 5.650987E+00, 2.848727E+02, 2.772196E+02, 2.768973E+02, 2.764590E+02, 2.763797E+02
2024-01-25 13:30:15,2, 1.380369E+01, 2.752512E+02, 2.760804E+02, 1.692738E+00, 5.303847E+00, 2.847358E+02, 2.771829E+02, 2.768619E+02, 2.764374E+02, 2.763609E+02
2024-01-25 13:45:15,2, 1.706143E+01, 2.752168E+02, 2.760516E+02, 1.996642E+00, 5.429262E+00, 2.845930E+02, 2.771438E+02, 2.768293E+02, 2.764138E+02, 2.763410E+02
2024-01-25 14:00:15,2, 3.241532E+01, 2.751842E+02, 2.760253E+02, 2.931884E+00, 5.586179E+00, 2.844522E+02, 2.771569E+02, 2.768924E+02, 2.764009E+02, 2.763359E+02
2024-01-25 14:15:15,2, 3.712897E+01, 2.752531E+02, 2.761156E+02, 3.133277E+00, 4.665812E+00, 2.843345E+02, 2.772952E+02, 2.770573E+02, 2.765372E+02, 2.764959E+02
2024-01-25 14:30:15,2, 4.154990E+01, 2.753219E+02, 2.761881E+02, 3.277895E+00, 4.632180E+00, 2.842125E+02, 2.773825E+02, 2.771657E+02, 2.766272E+02, 2.765948E+02
2024-01-25 14:45:15,2, 4.565919E+01, 2.753908E+02, 2.762590E+02, 3.393633E+00, 4.713270E+00, 2.840950E+02, 2.774650E+02, 2.772718E+02, 2.767131E+02, 2.766910E+02
2024-01-25 15:00:15,2, 5.441136E+01, 2.754597E+02, 2.763299E+02, 3.567872E+00, 4.804492E+00, 2.839859E+02, 2.775707E+02, 2.774187E+02, 2.768022E+02, 2.767925E+02
2024-01-25 15:15:15,2, 5.819139E+01, 2.755345E+02, 2.764234E+02, 3.660316E+00, 5.000709E+00, 2.838959E+02, 2.776956E+02, 2.775722E+02, 2.769277E+02, 2.769363E+02
2024-01-25 15:30:15,2, 6.157506E+01, 2.756093E+02, 2.765016E+02, 3.727025E+00, 5.095038E+00, 2.838144E+02, 2.777896E+02, 2.776910E+02, 2.770211E+02, 2.770411E+02
2024-01-25 15:45:15,2, 6.454787E+01, 2.756841E+02, 2.765779E+02, 3.784112E+00, 5.180626E+00, 2.837408E+02, 2.778769E+02, 2.778061E+02, 2.771097E+02, 2.771429E+02
2024-01-25 16:00:15,2, 7.846887E+01, 2.757620E+02, 2.766558E+02, 3.913311E+00, 5.147685E+00, 2.836755E+02, 2.780214E+02, 2.780193E+02, 2.772074E+02, 2.772582E+02
2024-01-25 16:15:15,2, 8.094203E+01, 2.760213E+02, 2.769066E+02, 4.033017E+00, 2.935241E+00, 2.836404E+02, 2.782879E+02, 2.783231E+02, 2.774820E+02, 2.775650E+02
2024-01-25 16:30:15,2, 8.289646E+01, 2.762806E+02, 2.771525E+02, 4.114661E+00, 2.823331E+00, 2.836107E+02, 2.785098E+02, 2.785729E+02, 2.777300E+02, 2.778295E+02
2024-01-25 16:45:15,2, 8.432380E+01, 2.765400E+02, 2.773979E+02, 4.190178E+00, 2.936307E+00, 2.835857E+02, 2.787226E+02, 2.788002E+02, 2.779727E+02, 2.780835E+02
2024-01-25 17:00:15,2, 1.099621E+02, 2.767969E+02, 2.776507E+02, 4.351287E+00, 3.221190E+00, 2.835651E+02, 2.790628E+02, 2.792312E+02, 2.782391E+02, 2.783586E+02
2024-01-25 17:15:15,2, 1.104229E+02, 2.769097E+02, 2.778594E+02, 4.507788E+00, 7.105077E+00, 2.835932E+02, 2.793369E+02, 2.795265E+02, 2.785588E+02, 2.787296E+02
2024-01-25 17:30:15,2, 1.101888E+02, 2.770225E+02, 2.779680E+02, 4.537647E+00, 7.489405E+00, 2.836114E+02, 2.794263E+02, 2.796138E+02, 2.786664E+02, 2.788377E+02
2024-01-25 17:45:15,2, 1.092607E+02, 2.771353E+02, 2.780728E+02, 4.561623E+00, 7.587383E+00, 2.836219E+02, 2.795054E+02, 2.796881E+02, 2.787637E+02, 2.789335E+02
2024-01-25 18:00:15,2, 1.135118E+02, 2.772498E+02, 2.781770E+02, 4.596890E+00, 7.447618E+00, 2.836264E+02, 2.796079E+02, 2.798044E+02, 2.788617E+02, 2.790302E+02
2024-01-25 18:15:15,2, 1.110853E+02, 2.774640E+02, 2.783798E+02, 4.668281E+00, 3.359177E+00, 2.836387E+02, 2.797914E+02, 2.799914E+02, 2.790583E+02, 2.792336E+02
2024-01-25 18:30:15,2, 1.079488E+02, 2.776782E+02, 2.785801E+02, 4.713565E+00, 2.826983E+00, 2.836477E+02, 2.799490E+02, 2.801442E+02, 2.792403E+02, 2.794122E+02
2024-01-25 18:45:15,2, 1.041159E+02, 2.778923E+02, 2.787776E+02, 4.750975E+00, 2.622813E+00, 2.836531E+02, 2.800978E+02, 2.802854E+02, 2.794157E+02, 2.795828E+02
2024-01-25 19:00:15,2, 9.603839E+01, 2.781023E+02, 2.789708E+02, 4.760334E+00, 2.698438E+00, 2.836546E+02, 2.802184E+02, 2.803826E+02, 2.795810E+02, 2.797407E+02
2024-01-25 19:15:15,2, 9.104987E+01, 2.780616E+02, 2.789489E+02, 4.699670E+00, 9.334209E+00, 2.836416E+02, 2.801510E+02, 2.802896E+02, 2.795570E+02, 2.797047E+02
2024-01-25 19:30:15,2, 8.544563E+01, 2.780209E+02, 2.788914E+02, 4.625913E+00, 9.774142E+00, 2.836185E+02, 2.800519E+02, 2.801669E+02, 2.794755E+02, 2.796117E+02
2024-01-25 19:45:15,2, 7.924969E+01, 2.779802E+02, 2.788314E+02, 4.537382E+00, 9.559517E+00, 2.835857E+02, 2.799434E+02, 2.800324E+02, 2.793870E+02, 2.795105E+02
2024-01-25 20:00:15,2, 4.674497E+01, 2.779367E+02, 2.787620E+02, 3.918353E+00, 9.268815E+00, 2.835420E+02, 2.796916E+02, 2.796536E+02, 2.792639E+02, 2.793656E+02
2024-01-25 20:15:15,2, 4.203919E+01, 2.777308E+02, 2.784967E+02, 3.650296E+00, 9.523846E+00, 2.834380E+02, 2.793018E+02, 2.791819E+02, 2.788875E+02, 2.789085E+02
2024-01-25 20:30:15,2, 3.700777E+01, 2.775250E+02, 2.782767E+02, 3.409827E+00, 9.303048E+00, 2.833318E+02, 2.790434E+02, 2.788835E+02, 2.786374E+02, 2.786340E+02
2024-01-25 20:45:15,2, 3.167226E+01, 2.773191E+02, 2.780545E+02, 3.120195E+00, 8.813344E+00, 2.832224E+02, 2.787803E+02, 2.785880E+02, 2.783857E+02, 2.783652E+02
2024-01-25 21:00:15,2, 2.859816E+01, 2.771108E+02, 2.778297E+02, 2.920111E+00, 8.389293E+00, 2.831087E+02, 2.785258E+02, 2.783132E+02, 2.781339E+02, 2.780997E+02
2024-01-25 21:15:15,2, 2.215098E+01, 2.767627E+02, 2.775131E+02, 2.464463E+00, 1.127918E+01, 2.829948E+02, 2.782079E+02, 2.779749E+02, 2.778211E+02, 2.777800E+02
2024-01-25 21:30:15,2, 1.544911E+01, 2.764145E+02, 2.771590E+02, 1.871427E+00, 1.101864E+01, 2.828742E+02, 2.778469E+02, 2.775931E+02, 2.774481E+02, 2.773958E+02
2024-01-25 21:45:15,2, 8.521242E+00, 2.760664E+02, 2.768036E+02, 1.117751E+00, 1.031613E+01, 2.827468E+02, 2.774843E+02, 2.772112E+02, 2.770712E+02, 2.770072E+02
2024-01-25 22:00:15,2, 0.000000E+00, 2.757218E+02, 2.764484E+02, 0.000000E+00, 9.196220E+00, 2.826129E+02, 2.771138E+02, 2.768217E+02, 2.766918E+02, 2.766149E+02
2024-01-25 22:15:15,2, 0.000000E+00, 2.755918E+02, 2.762590E+02, 0.000000E+00, 4.637661E+00, 2.824805E+02, 2.769284E+02, 2.766387E+02, 2.764686E+02, 2.763865E+02
2024-01-25 22:30:15,2, 0.000000E+00, 2.754617E+02, 2.761289E+02, 0.000000E+00, 4.020554E+00, 2.823601E+02, 2.768037E+02, 2.765154E+02, 2.763379E+02, 2.762563E+02
2024-01-25 22:45:15,2, 0.000000E+00, 2.753316E+02, 2.760009E+02, 0.000000E+00, 3.902294E+00, 2.822485E+02, 2.766811E+02, 2.763945E+02, 2.762114E+02, 2.761303E+02
2024-01-25 23:00:15,2, 0.000000E+00, 2.752020E+02, 2.758732E+02, 0.000000E+00, 3.858840E+00, 2.821437E+02, 2.765593E+02, 2.762743E+02, 2.760854E+02, 2.760048E+02
2024-01-25 23:15:15,2, 0.000000E+00, 2.750955E+02, 2.757616E+02, 0.000000E+00, 3.326725E+00, 2.820443E+02, 2.764490E+02, 2.761644E+02, 2.759720E+02, 2.758915E+02
2024-01-25 23:30:15,2, 0.000000E+00, 2.749891E+02, 2.756550E+02, 0.000000E+00, 3.226462E+00, 2.819492E+02, 2.763434E+02, 2.760587E+02, 2.758655E+02, 2.757850E+02
2024-01-25 23:45:15,2, 0.000000E+00, 2.748826E+02, 2.755486E+02, 0.000000E+00, 3.202510E+00, 2.818576E+02, 2.762384E+02, 2.759535E+02, 2.757595E+02, 2.756791E+02
2024-01-26 00:00:15,1, 0.000000E+00, 2.747763E+02, 2.754420E+02, 0.000000E+00, 3.188706E+00, 2.817674E+02, 2.761230E+02, 2.758320E+02, 2.756504E+02, 2.755682E+02
2024-01-26 00:15:15,1, 0.000000E+00, 2.746764E+02, 2.753412E+02, 0.000000E+00, 3.037127E+00, 2.816816E+02, 2.760257E+02, 2.757359E+02, 2.755496E+02, 2.754677E+02
2024-01-26 00:30:15,1, 0.000000E+00, 2.745764E+02, 2.752420E+02, 0.000000E+00, 3.006854E+00, 2.815985E+02, 2.759304E+02, 2.756416E+02, 2.754515E+02, 2.753701E+02
2024-01-26 00:45:15,1, 0.000000E+00, 2.744765E+02, 2.751430E+02, 0.000000E+00, 2.998646E+00, 2.815176E+02, 2.758355E+02, 2.755477E+02, 2.753537E+02, 2.752726E+02
2024-01-26 01:00:15,1, 0.000000E+00, 2.743770E+02, 2.750439E+02, 0.000000E+00, 2.980423E+00, 2.814388E+02, 2.757410E+02, 2.754542E+02, 2.752560E+02, 2.751753E+02
2024-01-26 01:15:15,1, 0.000000E+00, 2.743004E+02, 2.749642E+02, 0.000000E+00, 2.585744E+00, 2.813617E+02, 2.756654E+02, 2.753818E+02, 2.751740E+02, 2.750937E+02
2024-01-26 01:30:15,1, 0.000000E+00, 2.742237E+02, 2.748903E+02, 0.000000E+00, 2.511588E+00, 2.812862E+02, 2.755954E+02, 2.753146E+02, 2.751008E+02, 2.750212E+02
2024-01-26 01:45:15,1, 0.000000E+00, 2.741471E+02, 2.748165E+02, 0.000000E+00, 2.495302E+00, 2.812120E+02, 2.755258E+02, 2.752477E+02, 2.750281E+02, 2.749491E+02
2024-01-26 02:00:15,1, 0.000000E+00, 2.740719E+02, 2.747429E+02, 0.000000E+00, 2.440789E+00, 2.811391E+02, 2.754564E+02, 2.751809E+02, 2.749554E+02, 2.748771E+02
2024-01-26 02:15:15,1, 0.000000E+00, 2.740760E+02, 2.747269E+02, 0.000000E+00, 1.070393E+00, 2.810682E+02, 2.754338E+02, 2.751619E+02, 2.749278E+02, 2.748497E+02
2024-01-26 02:30:15,1, 0.000000E+00, 2.740801E+02, 2.747283E+02, 0.000000E+00, 7.887210E-01, 2.809998E+02, 2.754279E+02, 2.751588E+02, 2.749264E+02, 2.748490E+02
2024-01-26 02:45:15,1, 0.000000E+00, 2.740841E+02, 2.747301E+02, 0.000000E+00, 7.196440E-01, 2.809335E+02, 2.754227E+02, 2.751566E+02, 2.749261E+02, 2.748496E+02
2024-01-26 03:00:15,1, 0.000000E+00, 2.740894E+02, 2.747320E+02, 0.000000E+00, 6.613043E-01, 2.808691E+02, 2.754163E+02, 2.751549E+02, 2.749255E+02, 2.748502E+02
2024-01-26 03:15:15,1, 0.000000E+00, 2.741612E+02, 2.747822E+02, 0.000000E+00,-4.183743E-01, 2.808084E+02, 2.754534E+02, 2.751998E+02, 2.749638E+02, 2.748902E+02
2024-01-26 03:30:15,1, 0.000000E+00, 2.742331E+02, 2.748479E+02, 0.000000E+00,-6.719827E-01, 2.807529E+02, 2.755043E+02, 2.752591E+02, 2.750248E+02, 2.749537E+02
2024-01-26 03:45:15,1, 0.000000E+00, 2.743049E+02, 2.749141E+02, 0.000000E+00,-7.399174E-01, 2.807014E+02, 2.755558E+02, 2.753194E+02, 2.750867E+02, 2.750182E+02
2024-01-26 04:00:15,1, 0.000000E+00, 2.743778E+02, 2.749803E+02, 0.000000E+00,-7.952494E-01, 2.806530E+02, 2.756084E+02, 2.753804E+02, 2.751489E+02, 2.750829E+02
2024-01-26 04:15:15,1, 0.000000E+00, 2.745137E+02, 2.750927E+02, 0.000000E+00,-1.803556E+00, 2.806121E+02, 2.757092E+02, 2.754911E+02, 2.752505E+02, 2.751869E+02
2024-01-26 04:30:15,1, 0.000000E+00, 2.746496E+02, 2.752214E+02, 0.000000E+00,-2.069648E+00, 2.805828E+02, 2.758246E+02, 2.756161E+02, 2.753749E+02, 2.753141E+02
2024-01-26 04:45:15,1, 0.000000E+00, 2.747855E+02, 2.753509E+02, 0.000000E+00,-2.144195E+00, 2.805610E+02, 2.759416E+02, 2.757421E+02, 2.755009E+02, 2.754427E+02
2024-01-26 05:00:15,1, 0.000000E+00, 2.749210E+02, 2.754805E+02, 0.000000E+00,-2.164033E+00, 2.805438E+02, 2.760592E+02, 2.758685E+02, 2.756271E+02, 2.755715E+02
2024-01-26 05:15:15,1, 0.000000E+00, 2.750334E+02, 2.755942E+02, 0.000000E+00,-1.937064E+00, 2.805634E+02, 2.761631E+02, 2.759807E+02, 2.757402E+02, 2.756870E+02
2024-01-26 05:30:15,1, 0.000000E+00, 2.751459E+02, 2.757051E+02, 0.000000E+00,-1.869863E+00, 2.806567E+02, 2.762720E+02, 2.760941E+02, 2.758501E+02, 2.757984E+02
2024-01-26 05:45:15,1, 0.000000E+00, 2.752584E+02, 2.758180E+02, 0.000000E+00,-1.846250E+00, 2.807921E+02, 2.763866E+02, 2.762111E+02, 2.759633E+02, 2.759122E+02
2024-01-26 06:00:15,1, 0.000000E+00, 2.753730E+02, 2.759324E+02, 0.000000E+00,-1.895329E+00, 2.809467E+02, 2.765045E+02, 2.763302E+02, 2.760784E+02, 2.760278E+02
2024-01-26 06:15:15,1, 0.000000E+00, 2.756151E+02, 2.761353E+02, 0.000000E+00,-4.115636E+00, 2.812974E+02, 2.767066E+02, 2.765281E+02, 2.762675E+02, 2.762154E+02
2024-01-26 06:30:15,1, 0.000000E+00, 2.758573E+02, 2.763839E+02, 0.000000E+00,-4.603333E+00, 2.819944E+02, 2.769765E+02, 2.767785E+02, 2.765192E+02, 2.764620E+02
2024-01-26 06:45:15,1, 0.000000E+00, 2.760994E+02, 2.766498E+02, 0.000000E+00,-1.848639E+00, 2.828469E+02, 2.772751E+02, 2.770509E+02, 2.767926E+02, 2.767281E+02
2024-01-26 07:00:15,1, 0.000000E+00, 2.763420E+02, 2.769174E+02, 0.000000E+00, 4.124035E+00, 2.836827E+02, 2.775749E+02, 2.773252E+02, 2.770707E+02, 2.769993E+02
2024-01-26 07:15:15,1, 0.000000E+00, 2.766147E+02, 2.771976E+02, 0.000000E+00, 5.463444E+00, 2.843181E+02, 2.778721E+02, 2.776001E+02, 2.773546E+02, 2.772769E+02
2024-01-26 07:30:15,1, 0.000000E+00, 2.768874E+02, 2.774729E+02, 0.000000E+00, 6.355515E+00, 2.847349E+02, 2.781467E+02, 2.778622E+02, 2.776311E+02, 2.775498E+02
2024-01-26 07:45:15,1, 0.000000E+00, 2.771602E+02, 2.777425E+02, 0.000000E+00, 6.943526E+00, 2.850693E+02, 2.784095E+02, 2.781162E+02, 2.778995E+02, 2.778157E+02
2024-01-26 08:00:15,1, 0.000000E+00, 2.774310E+02, 2.780098E+02, 0.000000E+00, 7.517705E+00, 2.853767E+02, 2.786680E+02, 2.783672E+02, 2.781647E+02, 2.780790E+02
2024-01-26 08:15:15,1, 0.000000E+00, 2.775892E+02, 2.782088E+02, 0.000000E+00, 1.124564E+01, 2.860889E+02, 2.788879E+02, 2.785626E+02, 2.783767E+02, 2.782849E+02
2024-01-26 08:30:15,1, 0.000000E+00, 2.777475E+02, 2.784066E+02, 0.000000E+00, 1.455810E+01, 2.872162E+02, 2.791429E+02, 2.787741E+02, 2.785889E+02, 2.784850E+02
2024-01-26 08:45:15,1, 0.000000E+00, 2.779057E+02, 2.786098E+02, 0.000000E+00, 1.846376E+01, 2.883601E+02, 2.794051E+02, 2.789919E+02, 2.788088E+02, 2.786926E+02
2024-01-26 09:00:15,1, 0.000000E+00, 2.780625E+02, 2.788091E+02, 0.000000E+00, 2.262080E+01, 2.893994E+02, 2.796559E+02, 2.792028E+02, 2.790235E+02, 2.788960E+02
2024-01-26 09:15:15,1, 0.000000E+00, 2.781307E+02, 2.789456E+02, 0.000000E+00, 2.995415E+01, 2.905793E+02, 2.798561E+02, 2.793592E+02, 2.791846E+02, 2.790454E+02
2024-01-26 09:30:15,1, 0.000000E+00, 2.781989E+02, 2.790696E+02, 0.000000E+00, 3.650757E+01, 2.918235E+02, 2.800515E+02, 2.795075E+02, 2.793287E+02, 2.791764E+02
2024-01-26 09:45:15,1, 0.000000E+00, 2.782671E+02, 2.791890E+02, 0.000000E+00, 4.323899E+01, 2.929507E+02, 2.802335E+02, 2.796472E+02, 2.794659E+02, 2.793017E+02
2024-01-26 10:00:15,1, 0.000000E+00, 2.783347E+02, 2.793020E+02, 0.000000E+00, 4.995646E+01, 2.939525E+02, 2.804004E+02, 2.797772E+02, 2.795947E+02, 2.794203E+02
2024-01-26 10:15:15,1, 0.000000E+00, 2.783716E+02, 2.793684E+02, 0.000000E+00, 5.465249E+01, 2.942940E+02, 2.804841E+02, 2.798469E+02, 2.796728E+02, 2.794944E+02
2024-01-26 10:30:15,1, 0.000000E+00, 2.784085E+02, 2.794031E+02, 0.000000E+00, 5.547098E+01, 2.942884E+02, 2.805088E+02, 2.798737E+02, 2.797062E+02, 2.795283E+02
2024-01-26 10:45:15,1, 0.000000E+00, 2.784454E+02, 2.794360E+02, 0.000000E+00, 5.601173E+01, 2.942974E+02, 2.805325E+02, 2.798992E+02, 2.797363E+02, 2.795590E+02
2024-01-26 11:00:15,1, 0.000000E+00, 2.784828E+02, 2.794714E+02, 0.000000E+00, 5.676702E+01, 2.943599E+02, 2.805624E+02, 2.799287E+02, 2.797696E+02, 2.795923E+02
2024-01-26 11:15:15,1, 0.000000E+00, 2.785492E+02, 2.795087E+02, 0.000000E+00, 5.409170E+01, 2.937903E+02, 2.805539E+02, 2.799429E+02, 2.797966E+02, 2.796253E+02
2024-01-26 11:30:15,1, 0.000000E+00, 2.786155E+02, 2.795241E+02, 0.000000E+00, 4.907566E+01, 2.928766E+02, 2.804955E+02, 2.799233E+02, 2.797926E+02, 2.796323E+02
2024-01-26 11:45:15,1, 0.000000E+00, 2.786818E+02, 2.795411E+02, 0.000000E+00, 4.448187E+01, 2.920660E+02, 2.804460E+02, 2.799086E+02, 2.797904E+02, 2.796399E+02
2024-01-26 12:00:15,1, 0.000000E+00, 2.787490E+02, 2.795650E+02, 0.000000E+00, 4.073352E+01, 2.914037E+02, 2.804145E+02, 2.799057E+02, 2.797979E+02, 2.796556E+02
2024-01-26 12:15:15,1, 0.000000E+00, 2.788649E+02, 2.796284E+02, 0.000000E+00, 3.569474E+01, 2.907320E+02, 2.804234E+02, 2.799427E+02, 2.798424E+02, 2.797078E+02
2024-01-26 12:30:15,1, 0.000000E+00, 2.789807E+02, 2.796992E+02, 0.000000E+00, 3.179738E+01, 2.900439E+02, 2.804372E+02, 2.799857E+02, 2.798972E+02, 2.797708E+02
2024-01-26 12:45:15,1, 0.000000E+00, 2.790966E+02, 2.797730E+02, 0.000000E+00, 2.840734E+01, 2.894367E+02, 2.804596E+02, 2.800342E+02, 2.799563E+02, 2.798372E+02
2024-01-26 13:00:15,1, 7.040880E+00, 2.792135E+02, 2.798534E+02, 9.334363E-01, 2.550799E+01, 2.889198E+02, 2.805208E+02, 2.801331E+02, 2.800290E+02, 2.799182E+02
2024-01-26 13:15:15,1, 1.055595E+01, 2.793920E+02, 2.800188E+02, 1.361060E+00, 2.216067E+01, 2.884804E+02, 2.806788E+02, 2.803232E+02, 2.802057E+02, 2.801126E+02
2024-01-26 13:30:15,1, 1.394407E+01, 2.795705E+02, 2.801818E+02, 1.748486E+00, 2.009877E+01, 2.880922E+02, 2.808249E+02, 2.804986E+02, 2.803709E+02, 2.802881E+02
2024-01-26 13:45:15,1, 1.719072E+01, 2.797490E+02, 2.803476E+02, 2.096272E+00, 1.838732E+01, 2.877596E+02, 2.809771E+02, 2.806778E+02, 2.805395E+02, 2.804664E+02
2024-01-26 14:00:15,1, 3.035022E+01, 2.799285E+02, 2.805191E+02, 3.241455E+00, 1.691996E+01, 2.874776E+02, 2.811744E+02, 2.809244E+02, 2.807220E+02, 2.806606E+02
2024-01-26 14:15:15,1, 3.472375E+01, 2.801613E+02, 2.807709E+02, 3.557850E+00, 1.508136E+01, 2.872523E+02, 2.814407E+02, 2.812213E+02, 2.810021E+02, 2.809611E+02
2024-01-26 14:30:15,1, 3.882625E+01, 2.803942E+02, 2.810032E+02, 3.824995E+00, 1.379587E+01, 2.870568E+02, 2.816713E+02, 2.814791E+02, 2.812432E+02, 2.812119E+02
2024-01-26 14:45:15,1, 4.264016E+01, 2.806270E+02, 2.812357E+02, 4.056423E+00, 1.269584E+01, 2.868904E+02, 2.819027E+02, 2.817360E+02, 2.814838E+02, 2.814618E+02
2024-01-26 15:00:15,1, 4.340986E+01, 2.808601E+02, 2.814680E+02, 4.127544E+00, 1.166701E+01, 2.867497E+02, 2.821235E+02, 2.819732E+02, 2.817218E+02, 2.817080E+02
2024-01-26 15:15:15,1, 4.640958E+01, 2.811071E+02, 2.816990E+02, 4.303713E+00, 9.815845E+00, 2.866264E+02, 2.823452E+02, 2.822167E+02, 2.819504E+02, 2.819420E+02
2024-01-26 15:30:15,1, 4.909550E+01, 2.813542E+02, 2.819428E+02, 4.463504E+00, 8.911416E+00, 2.865231E+02, 2.825834E+02, 2.824761E+02, 2.821988E+02, 2.821981E+02
2024-01-26 15:45:15,1, 5.145611E+01, 2.816012E+02, 2.821831E+02, 4.603988E+00, 5.574579E+00, 2.864503E+02, 2.828174E+02, 2.827284E+02, 2.824445E+02, 2.824510E+02
2024-01-26 16:00:15,1, 6.166641E+01, 2.818483E+02, 2.824276E+02, 5.021313E+00, 2.100784E+00, 2.864165E+02, 2.830892E+02, 2.830385E+02, 2.826997E+02, 2.827147E+02
2024-01-26 16:15:15,1, 6.360479E+01, 2.820995E+02, 2.827090E+02, 5.154604E+00, 1.066511E+00, 2.864107E+02, 2.833793E+02, 2.833456E+02, 2.830068E+02, 2.830359E+02
2024-01-26 16:30:15,1, 6.513812E+01, 2.823508E+02, 2.829600E+02, 5.257561E+00, 6.704951E-01, 2.864108E+02, 2.836241E+02, 2.836042E+02, 2.832619E+02, 2.832965E+02
2024-01-26 16:45:15,1, 6.625983E+01, 2.826020E+02, 2.832085E+02, 5.347229E+00, 4.959680E-01, 2.864144E+02, 2.838645E+02, 2.838573E+02, 2.835127E+02, 2.835523E+02
2024-01-26 17:00:15,1, 1.146028E+02, 2.828529E+02, 2.834698E+02, 6.246699E+00, 5.915204E-01, 2.864235E+02, 2.843196E+02, 2.844561E+02, 2.838131E+02, 2.838698E+02
2024-01-26 17:15:15,1, 1.150920E+02, 2.830835E+02, 2.838835E+02, 6.516085E+00, 3.933961E+00, 2.865564E+02, 2.848050E+02, 2.849515E+02, 2.843593E+02, 2.844653E+02
2024-01-26 17:30:15,1, 1.148612E+02, 2.833141E+02, 2.841145E+02, 6.594470E+00, 4.458710E+00, 2.867138E+02, 2.850257E+02, 2.851717E+02, 2.845931E+02, 2.846992E+02
2024-01-26 17:45:15,1, 1.139115E+02, 2.835447E+02, 2.843379E+02, 6.660357E+00, 4.622652E+00, 2.868728E+02, 2.852352E+02, 2.853787E+02, 2.848134E+02, 2.849193E+02
2024-01-26 18:00:15,1, 1.651696E+02, 2.837696E+02, 2.845734E+02, 7.079410E+00, 5.394337E+00, 2.870273E+02, 2.856787E+02, 2.859589E+02, 2.850852E+02, 2.852037E+02
2024-01-26 18:15:15,1, 1.616788E+02, 2.836579E+02, 2.846797E+02, 7.227925E+00, 2.078625E+01, 2.872747E+02, 2.858052E+02, 2.860303E+02, 2.853380E+02, 2.854874E+02
2024-01-26 18:30:15,1, 1.571616E+02, 2.835462E+02, 2.845319E+02, 7.107659E+00, 2.133548E+01, 2.874850E+02, 2.855853E+02, 2.857543E+02, 2.851578E+02, 2.852860E+02
2024-01-26 18:45:15,1, 1.516372E+02, 2.834346E+02, 2.843746E+02, 6.977067E+00, 2.113826E+01, 2.876515E+02, 2.853510E+02, 2.854647E+02, 2.849627E+02, 2.850707E+02
2024-01-26 19:00:15,1, 8.316258E+01, 2.833167E+02, 2.841916E+02, 6.103165E+00, 2.125708E+01, 2.877706E+02, 2.848347E+02, 2.847339E+02, 2.846928E+02, 2.847650E+02
2024-01-26 19:15:15,1, 7.888584E+01, 2.828356E+02, 2.835816E+02, 5.741219E+00, 2.950770E+01, 2.877440E+02, 2.841532E+02, 2.840284E+02, 2.839510E+02, 2.839601E+02
2024-01-26 19:30:15,1, 7.407982E+01, 2.823544E+02, 2.831197E+02, 5.512190E+00, 3.150379E+01, 2.877146E+02, 2.837270E+02, 2.835885E+02, 2.834889E+02, 2.834929E+02
2024-01-26 19:45:15,1, 6.876511E+01, 2.818732E+02, 2.826590E+02, 5.266578E+00, 3.280195E+01, 2.876763E+02, 2.832973E+02, 2.831433E+02, 2.830292E+02, 2.830272E+02
2024-01-26 20:00:15,1, 4.318417E+01, 2.813907E+02, 2.821899E+02, 4.199059E+00, 3.387413E+01, 2.876245E+02, 2.827781E+02, 2.825520E+02, 2.825434E+02, 2.825298E+02
2024-01-26 20:15:15,1, 3.888955E+01, 2.808355E+02, 2.815989E+02, 3.876498E+00, 2.743635E+01, 2.874906E+02, 2.821799E+02, 2.819274E+02, 2.819074E+02, 2.818676E+02
2024-01-26 20:30:15,1, 3.429708E+01, 2.802802E+02, 2.810572E+02, 3.543600E+00, 2.565790E+01, 2.872990E+02, 2.816636E+02, 2.813939E+02, 2.813639E+02, 2.813175E+02
2024-01-26 20:45:15,1, 2.942643E+01, 2.797249E+02, 2.805150E+02, 3.169377E+00, 2.474181E+01, 2.870860E+02, 2.811437E+02, 2.808572E+02, 2.808192E+02, 2.807659E+02
2024-01-26 21:00:15,1, 1.947208E+01, 2.791713E+02, 2.799703E+02, 2.312295E+00, 2.363335E+01, 2.868680E+02, 2.806035E+02, 2.802879E+02, 2.802669E+02, 2.802048E+02
2024-01-26 21:15:15,1, 1.517404E+01, 2.787202E+02, 2.794846E+02, 1.872963E+00, 1.501964E+01, 2.866385E+02, 2.801145E+02, 2.797800E+02, 2.797506E+02, 2.796745E+02
2024-01-26 21:30:15,1, 1.070578E+01, 2.782691E+02, 2.790330E+02, 1.376234E+00, 1.341316E+01, 2.864076E+02, 2.796662E+02, 2.793147E+02, 2.792883E+02, 2.792036E+02
2024-01-26 21:45:15,1, 6.086444E+00, 2.778180E+02, 2.785815E+02, 8.152429E-01, 1.234292E+01, 2.861792E+02, 2.792177E+02, 2.788490E+02, 2.788262E+02, 2.787323E+02
2024-01-26 22:00:15,1, 0.000000E+00, 2.773682E+02, 2.781291E+02, 0.000000E+00, 1.126131E+01, 2.859538E+02, 2.787593E+02, 2.783711E+02, 2.783615E+02, 2.782572E+02
2024-01-26 22:15:15,1, 0.000000E+00, 2.769968E+02, 2.777381E+02, 0.000000E+00, 9.312574E+00, 2.857343E+02, 2.783816E+02, 2.779860E+02, 2.779604E+02, 2.778509E+02
2024-01-26 22:30:15,1, 0.000000E+00, 2.766254E+02, 2.773744E+02, 0.000000E+00, 9.094389E+00, 2.855268E+02, 2.780343E+02, 2.776314E+02, 2.776006E+02, 2.774891E+02
2024-01-26 22:45:15,1, 0.000000E+00, 2.762540E+02, 2.770118E+02, 0.000000E+00, 9.023566E+00, 2.853286E+02, 2.776888E+02, 2.772781E+02, 2.772428E+02, 2.771291E+02
2024-01-26 23:00:15,1, 0.000000E+00, 2.758845E+02, 2.766495E+02, 0.000000E+00, 8.923273E+00, 2.851377E+02, 2.773443E+02, 2.769254E+02, 2.768854E+02, 2.767694E+02
2024-01-26 23:15:15,1, 0.000000E+00, 2.756232E+02, 2.763668E+02, 0.000000E+00, 7.857021E+00, 2.849540E+02, 2.770710E+02, 2.766516E+02, 2.765943E+02, 2.764774E+02
2024-01-26 23:30:15,1, 0.000000E+00, 2.753619E+02, 2.761088E+02, 0.000000E+00, 7.765489E+00, 2.847773E+02, 2.768206E+02, 2.764008E+02, 2.763380E+02, 2.762210E+02
2024-01-26 23:45:15,1, 0.000000E+00, 2.751006E+02, 2.758518E+02, 0.000000E+00, 7.747449E+00, 2.846061E+02, 2.765711E+02, 2.761505E+02, 2.760829E+02, 2.759657E+02
2024-01-26 00:00:15,2, 0.000000E+00, 2.747763E+02, 2.754422E+02, 0.000000E+00, 3.189131E+00, 2.817690E+02, 2.761338E+02, 2.758486E+02, 2.756537E+02, 2.755733E+02
2024-01-26 00:15:15,2, 0.000000E+00, 2.746764E+02, 2.753414E+02, 0.000000E+00, 3.037556E+00, 2.816832E+02, 2.760365E+02, 2.757526E+02, 2.755529E+02, 2.754728E+02
2024-01-26 00:30:15,2, 0.000000E+00, 2.745764E+02, 2.752423E+02, 0.000000E+00, 3.007276E+00, 2.816000E+02, 2.759413E+02, 2.756584E+02, 2.754549E+02, 2.753752E+02
2024-01-26 00:45:15,2, 0.000000E+00, 2.744765E+02, 2.751432E+02, 0.000000E+00, 2.999062E+00, 2.815192E+02, 2.758464E+02, 2.755646E+02, 2.753571E+02, 2.752778E+02
2024-01-26 01:00:15,2, 0.000000E+00, 2.743770E+02, 2.750442E+02, 0.000000E+00, 2.980862E+00, 2.814403E+02, 2.757519E+02, 2.754712E+02, 2.752594E+02, 2.751805E+02
2024-01-26 01:15:15,2, 0.000000E+00, 2.743004E+02, 2.749644E+02, 0.000000E+00, 2.586160E+00, 2.813632E+02, 2.756761E+02, 2.753983E+02, 2.751773E+02, 2.750987E+02
2024-01-26 01:30:15,2, 0.000000E+00, 2.742237E+02, 2.748905E+02, 0.000000E+00, 2.512001E+00, 2.812877E+02, 2.756059E+02, 2.753306E+02, 2.751041E+02, 2.750261E+02
2024-01-26 01:45:15,2, 0.000000E+00, 2.741471E+02, 2.748167E+02, 0.000000E+00, 2.495715E+00, 2.812135E+02, 2.755361E+02, 2.752633E+02, 2.750313E+02, 2.749539E+02
2024-01-26 02:00:15,2, 0.000000E+00, 2.740719E+02, 2.747431E+02, 0.000000E+00, 2.441210E+00, 2.811406E+02, 2.754665E+02, 2.751960E+02, 2.749586E+02, 2.748817E+02
2024-01-26 02:15:15,2, 0.000000E+00, 2.740760E+02, 2.747271E+02, 0.000000E+00, 1.070848E+00, 2.810697E+02, 2.754436E+02, 2.751765E+02, 2.749308E+02, 2.748541E+02
2024-01-26 02:30:15,2, 0.000000E+00, 2.740801E+02, 2.747286E+02, 0.000000E+00, 7.891525E-01, 2.810013E+02, 2.754374E+02, 2.751730E+02, 2.749293E+02, 2.748533E+02
2024-01-26 02:45:15,2, 0.000000E+00, 2.740841E+02, 2.747303E+02, 0.000000E+00, 7.200655E-01, 2.809350E+02, 2.754320E+02, 2.751704E+02, 2.749290E+02, 2.748537E+02
2024-01-26 03:00:15,2, 0.000000E+00, 2.740894E+02, 2.747322E+02, 0.000000E+00, 6.617313E-01, 2.808706E+02, 2.754254E+02, 2.751682E+02, 2.749283E+02, 2.748542E+02
2024-01-26 03:15:15,2, 0.000000E+00, 2.741612E+02, 2.747824E+02, 0.000000E+00,-4.179313E-01, 2.808098E+02, 2.754621E+02, 2.752125E+02, 2.749664E+02, 2.748940E+02
2024-01-26 03:30:15,2, 0.000000E+00, 2.742331E+02, 2.748482E+02, 0.000000E+00,-6.715457E-01, 2.807544E+02, 2.755127E+02, 2.752712E+02, 2.750273E+02, 2.749572E+02
2024-01-26 03:45:15,2, 0.000000E+00, 2.743049E+02, 2.749143E+02, 0.000000E+00,-7.394847E-01, 2.807029E+02, 2.755640E+02, 2.753310E+02, 2.750892E+02, 2.750216E+02
2024-01-26 04:00:15,2, 0.000000E+00, 2.743778E+02, 2.749805E+02, 0.000000E+00,-7.948196E-01, 2.806545E+02, 2.756163E+02, 2.753915E+02, 2.751513E+02, 2.750861E+02
2024-01-26 04:15:15,2, 0.000000E+00, 2.745137E+02, 2.750929E+02, 0.000000E+00,-1.803143E+00, 2.806135E+02, 2.757166E+02, 2.755015E+02, 2.752527E+02, 2.751899E+02
2024-01-26 04:30:15,2, 0.000000E+00, 2.746496E+02, 2.752216E+02, 0.000000E+00,-2.069227E+00, 2.805842E+02, 2.758317E+02, 2.756259E+02, 2.753771E+02, 2.753169E+02
2024-01-26 04:45:15,2, 0.000000E+00, 2.747855E+02, 2.753511E+02, 0.000000E+00,-2.143773E+00, 2.805624E+02, 2.759484E+02, 2.757514E+02, 2.755029E+02, 2.754453E+02
2024-01-26 05:00:15,2, 0.000000E+00, 2.749210E+02, 2.754807E+02, 0.000000E+00,-2.163606E+00, 2.805452E+02, 2.760656E+02, 2.758772E+02, 2.756291E+02, 2.755740E+02
2024-01-26 05:15:15,2, 0.000000E+00, 2.750334E+02, 2.755944E+02, 0.000000E+00,-1.936609E+00, 2.805649E+02, 2.761693E+02, 2.759889E+02, 2.757420E+02, 2.756894E+02
2024-01-26 05:30:15,2, 0.000000E+00, 2.751459E+02, 2.757053E+02, 0.000000E+00,-1.869405E+00, 2.806581E+02, 2.762780E+02, 2.761019E+02, 2.758519E+02, 2.758006E+02
2024-01-26 05:45:15,2, 0.000000E+00, 2.752584E+02, 2.758182E+02, 0.000000E+00,-1.845781E+00, 2.807935E+02, 2.763925E+02, 2.762187E+02, 2.759650E+02, 2.759144E+02
2024-01-26 06:00:15,2, 0.000000E+00, 2.753730E+02, 2.759326E+02, 0.000000E+00,-1.894858E+00, 2.809482E+02, 2.765103E+02, 2.763377E+02, 2.760802E+02, 2.760299E+02
2024-01-26 06:15:15,2, 0.000000E+00, 2.756151E+02, 2.761355E+02, 0.000000E+00,-4.115198E+00, 2.812988E+02, 2.767126E+02, 2.765359E+02, 2.762692E+02, 2.762175E+02
2024-01-26 06:30:15,2, 0.000000E+00, 2.758573E+02, 2.763841E+02, 0.000000E+00,-4.602650E+00, 2.819959E+02, 2.769832E+02, 2.767875E+02, 2.765210E+02, 2.764644E+02
2024-01-26 06:45:15,2, 0.000000E+00, 2.760994E+02, 2.766500E+02, 0.000000E+00,-1.847943E+00, 2.828483E+02, 2.772828E+02, 2.770616E+02, 2.767947E+02, 2.767310E+02
2024-01-26 07:00:15,2, 0.000000E+00, 2.763420E+02, 2.769176E+02, 0.000000E+00, 4.125351E+00, 2.836841E+02, 2.775835E+02, 2.773374E+02, 2.770731E+02, 2.770026E+02
2024-01-26 07:15:15,2, 0.000000E+00, 2.766147E+02, 2.771978E+02, 0.000000E+00, 5.465048E+00, 2.843196E+02, 2.778816E+02, 2.776137E+02, 2.773573E+02, 2.772805E+02
2024-01-26 07:30:15,2, 0.000000E+00, 2.768874E+02, 2.774732E+02, 0.000000E+00, 6.357190E+00, 2.847364E+02, 2.781567E+02, 2.778769E+02, 2.776339E+02, 2.775538E+02
2024-01-26 07:45:15,2, 0.000000E+00, 2.771602E+02, 2.777428E+02, 0.000000E+00, 6.945251E+00, 2.850708E+02, 2.784198E+02, 2.781316E+02, 2.779024E+02, 2.778199E+02
2024-01-26 08:00:15,2, 0.000000E+00, 2.774310E+02, 2.780101E+02, 0.000000E+00, 7.519448E+00, 2.853782E+02, 2.786786E+02, 2.783832E+02, 2.781678E+02, 2.780833E+02
2024-01-26 08:15:15,2, 0.000000E+00, 2.775892E+02, 2.782091E+02, 0.000000E+00, 1.124703E+01, 2.860905E+02, 2.788995E+02, 2.785803E+02, 2.783800E+02, 2.782898E+02
2024-01-26 08:30:15,2, 0.000000E+00, 2.777475E+02, 2.784068E+02, 0.000000E+00, 1.455924E+01, 2.872177E+02, 2.791560E+02, 2.787944E+02, 2.785926E+02, 2.784906E+02
2024-01-26 08:45:15,2, 0.000000E+00, 2.779057E+02, 2.786101E+02, 0.000000E+00, 1.846460E+01, 2.883617E+02, 2.794199E+02, 2.790150E+02, 2.788130E+02, 2.786989E+02
2024-01-26 09:00:15,2, 0.000000E+00, 2.780625E+02, 2.788094E+02, 0.000000E+00, 2.262134E+01, 2.894010E+02, 2.796721E+02, 2.792283E+02, 2.790281E+02, 2.789031E+02
2024-01-26 09:15:15,2, 0.000000E+00, 2.781307E+02, 2.789459E+02, 0.000000E+00, 2.995412E+01, 2.905809E+02, 2.798739E+02, 2.793873E+02, 2.791897E+02, 2.790532E+02
2024-01-26 09:30:15,2, 0.000000E+00, 2.781989E+02, 2.790699E+02, 0.000000E+00, 3.650711E+01, 2.918251E+02, 2.800710E+02, 2.795383E+02, 2.793343E+02, 2.791850E+02
2024-01-26 09:45:15,2, 0.000000E+00, 2.782671E+02, 2.791894E+02, 0.000000E+00, 4.323811E+01, 2.929524E+02, 2.802545E+02, 2.796806E+02, 2.794719E+02, 2.793111E+02
2024-01-26 10:00:15,2, 0.000000E+00, 2.783347E+02, 2.793024E+02, 0.000000E+00, 4.995519E+01, 2.939542E+02, 2.804227E+02, 2.798128E+02, 2.796011E+02, 2.794302E+02
2024-01-26 10:15:15,2, 0.000000E+00, 2.783716E+02, 2.793688E+02, 0.000000E+00, 5.465148E+01, 2.942957E+02, 2.805069E+02, 2.798833E+02, 2.796795E+02, 2.795046E+02
2024-01-26 10:30:15,2, 0.000000E+00, 2.784085E+02, 2.794035E+02, 0.000000E+00, 5.547036E+01, 2.942902E+02, 2.805316E+02, 2.799100E+02, 2.797128E+02, 2.795386E+02
2024-01-26 10:45:15,2, 0.000000E+00, 2.784454E+02, 2.794364E+02, 0.000000E+00, 5.601128E+01, 2.942993E+02, 2.805552E+02, 2.799354E+02, 2.797429E+02, 2.795692E+02
2024-01-26 11:00:15,2, 0.000000E+00, 2.784828E+02, 2.794718E+02, 0.000000E+00, 5.676669E+01, 2.943618E+02, 2.805851E+02, 2.799650E+02, 2.797762E+02, 2.796026E+02
2024-01-26 11:15:15,2, 0.000000E+00, 2.785492E+02, 2.795091E+02, 0.000000E+00, 5.409213E+01, 2.937922E+02, 2.805758E+02, 2.799780E+02, 2.798030E+02, 2.796353E+02
2024-01-26 11:30:15,2, 0.000000E+00, 2.786155E+02, 2.795245E+02, 0.000000E+00, 4.907677E+01, 2.928786E+02, 2.805160E+02, 2.799562E+02, 2.797986E+02, 2.796416E+02
2024-01-26 11:45:15,2, 0.000000E+00, 2.786818E+02, 2.795414E+02, 0.000000E+00, 4.448335E+01, 2.920680E+02, 2.804654E+02, 2.799396E+02, 2.797961E+02, 2.796487E+02
2024-01-26 12:00:15,2, 0.000000E+00, 2.787490E+02, 2.795654E+02, 0.000000E+00, 4.073523E+01, 2.914056E+02, 2.804328E+02, 2.799351E+02, 2.798033E+02, 2.796640E+02
2024-01-26 12:15:15,2, 0.000000E+00, 2.788649E+02, 2.796288E+02, 0.000000E+00, 3.569675E+01, 2.907339E+02, 2.804408E+02, 2.799706E+02, 2.798475E+02, 2.797157E+02
2024-01-26 12:30:15,2, 0.000000E+00, 2.789807E+02, 2.796995E+02, 0.000000E+00, 3.179957E+01, 2.900457E+02, 2.804535E+02, 2.800119E+02, 2.799020E+02, 2.797782E+02
2024-01-26 12:45:15,2, 0.000000E+00, 2.790966E+02, 2.797733E+02, 0.000000E+00, 2.840963E+01, 2.894385E+02, 2.804750E+02, 2.800590E+02, 2.799608E+02, 2.798442E+02
2024-01-26 13:00:15,2, 7.040880E+00, 2.792135E+02, 2.798537E+02, 9.340220E-01, 2.551044E+01, 2.889216E+02, 2.805348E+02, 2.801551E+02, 2.800332E+02, 2.799246E+02
2024-01-26 13:15:15,2, 1.055595E+01, 2.793920E+02, 2.800191E+02, 1.362232E+00, 2.216685E+01, 2.884822E+02, 2.806914E+02, 2.803425E+02, 2.802091E+02, 2.801176E+02
2024-01-26 13:30:15,2, 1.394407E+01, 2.795705E+02, 2.801821E+02, 1.750416E+00, 2.010676E+01, 2.880939E+02, 2.808363E+02, 2.805157E+02, 2.803739E+02, 2.802924E+02
2024-01-26 13:45:15,2, 1.719072E+01, 2.797490E+02, 2.803479E+02, 2.099099E+00, 1.839725E+01, 2.877612E+02, 2.809874E+02, 2.806929E+02, 2.805420E+02, 2.804699E+02
2024-01-26 14:00:15,2, 3.035022E+01, 2.799285E+02, 2.805193E+02, 3.248667E+00, 1.693261E+01, 2.874792E+02, 2.811825E+02, 2.809351E+02, 2.807240E+02, 2.806631E+02
2024-01-26 14:15:15,2, 3.472375E+01, 2.801613E+02, 2.807711E+02, 3.565705E+00, 1.509005E+01, 2.872539E+02, 2.814475E+02, 2.812297E+02, 2.810034E+02, 2.809621E+02
2024-01-26 14:30:15,2, 3.882625E+01, 2.803942E+02, 2.810035E+02, 3.833240E+00, 1.380438E+01, 2.870583E+02, 2.816770E+02, 2.814854E+02, 2.812441E+02, 2.812122E+02
2024-01-26 14:45:15,2, 4.264016E+01, 2.806270E+02, 2.812359E+02, 4.064733E+00, 1.270445E+01, 2.868918E+02, 2.819074E+02, 2.817404E+02, 2.814843E+02, 2.814615E+02
2024-01-26 15:00:15,2, 4.340986E+01, 2.808601E+02, 2.814683E+02, 4.135975E+00, 1.167570E+01, 2.867510E+02, 2.821275E+02, 2.819765E+02, 2.817221E+02, 2.817071E+02
2024-01-26 15:15:15,2, 4.640958E+01, 2.811071E+02, 2.816993E+02, 4.312085E+00, 9.824651E+00, 2.866277E+02, 2.823483E+02, 2.822184E+02, 2.819504E+02, 2.819407E+02
2024-01-26 15:30:15,2, 4.909550E+01, 2.813542E+02, 2.819431E+02, 4.471783E+00, 8.920274E+00, 2.865243E+02, 2.825858E+02, 2.824763E+02, 2.821985E+02, 2.821963E+02
2024-01-26 15:45:15,2, 5.145611E+01, 2.816012E+02, 2.821833E+02, 4.612175E+00, 5.582409E+00, 2.864515E+02, 2.828190E+02, 2.827273E+02, 2.824439E+02, 2.824486E+02
2024-01-26 16:00:15,2, 6.166641E+01, 2.818483E+02, 2.824279E+02, 5.027526E+00, 2.109263E+00, 2.864176E+02, 2.830892E+02, 2.830341E+02, 2.826987E+02, 2.827115E+02
2024-01-26 16:15:15,2, 6.360479E+01, 2.820995E+02, 2.827093E+02, 5.160921E+00, 1.074705E+00, 2.864118E+02, 2.833785E+02, 2.833398E+02, 2.830053E+02, 2.830318E+02
2024-01-26 16:30:15,2, 6.513812E+01, 2.823508E+02, 2.829603E+02, 5.263937E+00, 6.787143E-01, 2.864119E+02, 2.836228E+02, 2.835974E+02, 2.832602E+02, 2.832920E+02
2024-01-26 16:45:15,2, 6.625983E+01, 2.826020E+02, 2.832088E+02, 5.353764E+00, 5.043472E-01, 2.864155E+02, 2.838627E+02, 2.838496E+02, 2.835108E+02, 2.835474E+02
2024-01-26 17:00:15,2, 1.146028E+02, 2.828529E+02, 2.834700E+02, 6.249447E+00, 6.000345E-01, 2.864247E+02, 2.843120E+02, 2.844362E+02, 2.838101E+02, 2.838626E+02
2024-01-26 17:15:15,2, 1.150920E+02, 2.830835E+02, 2.838838E+02, 6.519126E+00, 3.942999E+00, 2.865575E+02, 2.847963E+02, 2.849300E+02, 2.843548E+02, 2.844548E+02
2024-01-26 17:30:15,2, 1.148612E+02, 2.833141E+02, 2.841148E+02, 6.597534E+00, 4.467784E+00, 2.867148E+02, 2.850170E+02, 2.851502E+02, 2.845886E+02, 2.846888E+02
2024-01-26 17:45:15,2, 1.139115E+02, 2.835447E+02, 2.843383E+02, 6.663440E+00, 4.631753E+00, 2.868738E+02, 2.852267E+02, 2.853574E+02, 2.848089E+02, 2.849089E+02
2024-01-26 18:00:15,2, 1.651696E+02, 2.837696E+02, 2.845737E+02, 7.083528E+00, 5.403558E+00, 2.870283E+02, 2.856647E+02, 2.859258E+02, 2.850798E+02, 2.851913E+02
2024-01-26 18:15:15,2, 1.616788E+02, 2.836579E+02, 2.846801E+02, 7.232070E+00, 2.079781E+01, 2.872756E+02, 2.857928E+02, 2.860009E+02, 2.853320E+02, 2.854735E+02
2024-01-26 18:30:15,2, 1.571616E+02, 2.835462E+02, 2.845323E+02, 7.111647E+00, 2.134666E+01, 2.874859E+02, 2.855753E+02, 2.857298E+02, 2.851527E+02, 2.852739E+02
2024-01-26 18:45:15,2, 1.516372E+02, 2.834346E+02, 2.843750E+02, 6.980870E+00, 2.114844E+01, 2.876524E+02, 2.853433E+02, 2.854451E+02, 2.849583E+02, 2.850603E+02
2024-01-26 19:00:15,2, 8.316258E+01, 2.833167E+02, 2.841920E+02, 6.108150E+00, 2.126592E+01, 2.877715E+02, 2.848358E+02, 2.847329E+02, 2.846904E+02, 2.847588E+02
2024-01-26 19:15:15,2, 7.888584E+01, 2.828356E+02, 2.835819E+02, 5.745397E+00, 2.951235E+01, 2.877449E+02, 2.841560E+02, 2.840301E+02, 2.839509E+02, 2.839587E+02
2024-01-26 19:30:15,2, 7.407982E+01, 2.823544E+02, 2.831200E+02, 5.516621E+00, 3.150865E+01, 2.877156E+02, 2.837302E+02, 2.835906E+02, 2.834890E+02, 2.834917E+02
2024-01-26 19:45:15,2, 6.876511E+01, 2.818732E+02, 2.826594E+02, 5.271441E+00, 3.280703E+01, 2.876773E+02, 2.833009E+02, 2.831460E+02, 2.830295E+02, 2.830264E+02
2024-01-26 20:00:15,2, 4.318417E+01, 2.813907E+02, 2.821902E+02, 4.208057E+00, 3.387986E+01, 2.876255E+02, 2.827847E+02, 2.825606E+02, 2.825443E+02, 2.825301E+02
2024-01-26 20:15:15,2, 3.888955E+01, 2.808355E+02, 2.815991E+02, 3.885090E+00, 2.744572E+01, 2.874917E+02, 2.821877E+02, 2.819382E+02, 2.819093E+02, 2.818698E+02
2024-01-26 20:30:15,2, 3.429708E+01, 2.802802E+02, 2.810575E+02, 3.551505E+00, 2.566745E+01, 2.873001E+02, 2.816721E+02, 2.814059E+02, 2.813660E+02, 2.813201E+02
2024-01-26 20:45:15,2, 2.942643E+01, 2.797249E+02, 2.805152E+02, 3.176242E+00, 2.475094E+01, 2.870872E+02, 2.811529E+02, 2.808704E+02, 2.808215E+02, 2.807689E+02
2024-01-26 21:00:15,2, 1.947208E+01, 2.791713E+02, 2.799706E+02, 2.315938E+00, 2.364165E+01, 2.868691E+02, 2.806141E+02, 2.803038E+02, 2.802695E+02, 2.802085E+02
2024-01-26 21:15:15,2, 1.517404E+01, 2.787202E+02, 2.794849E+02, 1.875370E+00, 1.502557E+01, 2.866396E+02, 2.801260E+02, 2.797979E+02, 2.797537E+02, 2.796791E+02
2024-01-26 21:30:15,2, 1.070578E+01, 2.782691E+02, 2.790332E+02, 1.377531E+00, 1.341714E+01, 2.864088E+02, 2.796785E+02, 2.793342E+02, 2.792918E+02, 2.792089E+02
2024-01-26 21:45:15,2, 6.086444E+00, 2.778180E+02, 2.785818E+02, 8.157414E-01, 1.234541E+01, 2.861804E+02, 2.792309E+02, 2.788701E+02, 2.788300E+02, 2.787382E+02
2024-01-26 22:00:15,2, 0.000000E+00, 2.773682E+02, 2.781294E+02, 0.000000E+00, 1.126248E+01, 2.859550E+02, 2.787733E+02, 2.783940E+02, 2.783658E+02, 2.782640E+02
2024-01-26 22:15:15,2, 0.000000E+00, 2.769968E+02, 2.777384E+02, 0.000000E+00, 9.313289E+00, 2.857355E+02, 2.783959E+02, 2.780094E+02, 2.779648E+02, 2.778580E+02
2024-01-26 22:30:15,2, 0.000000E+00, 2.766254E+02, 2.773747E+02, 0.000000E+00, 9.094942E+00, 2.855280E+02, 2.780488E+02, 2.776552E+02, 2.776050E+02, 2.774963E+02
2024-01-26 22:45:15,2, 0.000000E+00, 2.762540E+02, 2.770121E+02, 0.000000E+00, 9.024073E+00, 2.853299E+02, 2.777036E+02, 2.773023E+02, 2.772473E+02, 2.771364E+02
2024-01-26 23:00:15,2, 0.000000E+00, 2.758845E+02, 2.766497E+02, 0.000000E+00, 8.923770E+00, 2.851389E+02, 2.773594E+02, 2.769500E+02, 2.768900E+02, 2.767768E+02
2024-01-26 23:15:15,2, 0.000000E+00, 2.756232E+02, 2.763670E+02, 0.000000E+00, 7.857539E+00, 2.849553E+02, 2.770861E+02, 2.766762E+02, 2.765989E+02, 2.764847E+02
2024-01-26 23:30:15,2, 0.000000E+00, 2.753619E+02, 2.761090E+02, 0.000000E+00, 7.765955E+00, 2.847785E+02, 2.768357E+02, 2.764253E+02, 2.763426E+02, 2.762283E+02
2024-01-26 23:45:15,2, 0.000000E+00, 2.751006E+02, 2.758521E+02, 0.000000E+00, 7.747906E+00, 2.846074E+02, 2.765862E+02, 2.761750E+02, 2.760875E+02, 2.759730E+02
2024-01-27 00:00:15,1, 0.000000E+00, 2.748412E+02, 2.755952E+02, 0.000000E+00, 7.620398E+00, 2.844394E+02, 2.763221E+02, 2.759006E+02, 2.758282E+02, 2.757107E+02
2024-01-27 00:15:15,1, 0.000000E+00, 2.746938E+02, 2.754199E+02, 0.000000E+00, 4.895852E+00, 2.842788E+02, 2.761452E+02, 2.757227E+02, 2.756413E+02, 2.755230E+02
2024-01-27 00:30:15,1, 0.000000E+00, 2.745463E+02, 2.752694E+02, 0.000000E+00, 4.573201E+00, 2.841249E+02, 2.759912E+02, 2.755678E+02, 2.754892E+02, 2.753707E+02
2024-01-27 00:45:15,1, 0.000000E+00, 2.743988E+02, 2.751199E+02, 0.000000E+00, 4.511449E+00, 2.839764E+02, 2.758385E+02, 2.754140E+02, 2.753388E+02, 2.752200E+02
2024-01-27 01:00:15,1, 0.000000E+00, 2.742524E+02, 2.749708E+02, 0.000000E+00, 4.431709E+00, 2.838327E+02, 2.756866E+02, 2.752606E+02, 2.751887E+02, 2.750695E+02
2024-01-27 01:15:15,1, 0.000000E+00, 2.741685E+02, 2.748691E+02, 0.000000E+00, 3.166894E+00, 2.836951E+02, 2.755844E+02, 2.751592E+02, 2.750804E+02, 2.749610E+02
2024-01-27 01:30:15,1, 0.000000E+00, 2.740845E+02, 2.747828E+02, 0.000000E+00, 2.993710E+00, 2.835643E+02, 2.754963E+02, 2.750718E+02, 2.749933E+02, 2.748741E+02
2024-01-27 01:45:15,1, 0.000000E+00, 2.740005E+02, 2.746973E+02, 0.000000E+00, 2.951701E+00, 2.834393E+02, 2.754095E+02, 2.749854E+02, 2.749075E+02, 2.747883E+02
2024-01-27 02:00:15,1, 0.000000E+00, 2.739171E+02, 2.746121E+02, 0.000000E+00, 2.907391E+00, 2.833193E+02, 2.753234E+02, 2.748993E+02, 2.748220E+02, 2.747029E+02
2024-01-27 02:15:15,1, 0.000000E+00, 2.738628E+02, 2.745457E+02, 0.000000E+00, 2.346082E+00, 2.832039E+02, 2.752490E+02, 2.748222E+02, 2.747509E+02, 2.746310E+02
2024-01-27 02:30:15,1, 0.000000E+00, 2.738085E+02, 2.744854E+02, 0.000000E+00, 2.248929E+00, 2.830924E+02, 2.751807E+02, 2.747511E+02, 2.746887E+02, 2.745680E+02
2024-01-27 02:45:15,1, 0.000000E+00, 2.737542E+02, 2.744255E+02, 0.000000E+00, 2.215393E+00, 2.829845E+02, 2.751126E+02, 2.746799E+02, 2.746266E+02, 2.745050E+02
2024-01-27 03:00:15,1, 0.000000E+00, 2.737001E+02, 2.743658E+02, 0.000000E+00, 2.187052E+00, 2.828799E+02, 2.750448E+02, 2.746089E+02, 2.745647E+02, 2.744422E+02
2024-01-27 03:15:15,1, 0.000000E+00, 2.736560E+02, 2.743130E+02, 0.000000E+00, 2.034075E+00, 2.827781E+02, 2.749817E+02, 2.745446E+02, 2.745079E+02, 2.743851E+02
2024-01-27 03:30:15,1, 0.000000E+00, 2.736118E+02, 2.742626E+02, 0.000000E+00, 1.995137E+00, 2.826787E+02, 2.749208E+02, 2.744827E+02, 2.744545E+02, 2.743315E+02
2024-01-27 03:45:15,1, 0.000000E+00, 2.735677E+02, 2.742124E+02, 0.000000E+00, 1.973554E+00, 2.825815E+02, 2.748602E+02, 2.744209E+02, 2.744014E+02, 2.742781E+02
2024-01-27 04:00:15,1, 0.000000E+00, 2.735238E+02, 2.741623E+02, 0.000000E+00, 1.945890E+00, 2.824865E+02, 2.748001E+02, 2.743595E+02, 2.743484E+02, 2.742248E+02
2024-01-27 04:15:15,1, 0.000000E+00, 2.734962E+02, 2.741297E+02, 0.000000E+00, 1.687615E+00, 2.823951E+02, 2.747702E+02, 2.743372E+02, 2.743133E+02, 2.741913E+02
2024-01-27 04:30:15,1, 0.000000E+00, 2.734686E+02, 2.741036E+02, 0.000000E+00, 1.640463E+00, 2.823083E+02, 2.747467E+02, 2.743214E+02, 2.742877E+02, 2.741678E+02
2024-01-27 04:45:15,1, 0.000000E+00, 2.734409E+02, 2.740779E+02, 0.000000E+00, 1.626065E+00, 2.822253E+02, 2.747240E+02, 2.743061E+02, 2.742628E+02, 2.741449E+02
2024-01-27 05:00:15,1, 0.000000E+00, 2.734133E+02, 2.740524E+02, 0.000000E+00, 1.617737E+00, 2.821457E+02, 2.747015E+02, 2.742908E+02, 2.742381E+02, 2.741222E+02
2024-01-27 05:15:15,1, 0.000000E+00, 2.733844E+02, 2.740215E+02, 0.000000E+00, 1.596563E+00, 2.820684E+02, 2.746639E+02, 2.742522E+02, 2.742065E+02, 2.740907E+02
2024-01-27 05:30:15,1, 0.000000E+00, 2.733554E+02, 2.739885E+02, 0.000000E+00, 1.580674E+00, 2.819925E+02, 2.746243E+02, 2.742115E+02, 2.741718E+02, 2.740557E+02
2024-01-27 05:45:15,1, 0.000000E+00, 2.733265E+02, 2.739555E+02, 0.000000E+00, 1.567556E+00, 2.819182E+02, 2.745848E+02, 2.741708E+02, 2.741369E+02, 2.740205E+02
2024-01-27 06:00:15,1, 0.000000E+00, 2.732982E+02, 2.739225E+02, 0.000000E+00, 1.547338E+00, 2.818454E+02, 2.745455E+02, 2.741301E+02, 2.741022E+02, 2.739855E+02
2024-01-27 06:15:15,1, 0.000000E+00, 2.733046E+02, 2.739126E+02, 0.000000E+00, 1.334767E+00, 2.817751E+02, 2.745255E+02, 2.741023E+02, 2.740860E+02, 2.739670E+02
2024-01-27 06:30:15,1, 0.000000E+00, 2.733111E+02, 2.739107E+02, 0.000000E+00, 1.292223E+00, 2.817080E+02, 2.745131E+02, 2.740817E+02, 2.740811E+02, 2.739598E+02
2024-01-27 06:45:15,1, 0.000000E+00, 2.733175E+02, 2.739093E+02, 0.000000E+00, 1.275012E+00, 2.816437E+02, 2.745017E+02, 2.740612E+02, 2.740772E+02, 2.739533E+02
2024-01-27 07:00:15,1, 0.000000E+00, 2.733237E+02, 2.739081E+02, 0.000000E+00, 1.261031E+00, 2.815820E+02, 2.744909E+02, 2.740409E+02, 2.740735E+02, 2.739468E+02
2024-01-27 07:15:15,1, 0.000000E+00, 2.733119E+02, 2.739037E+02, 0.000000E+00, 1.210943E+00, 2.815240E+02, 2.744987E+02, 2.740572E+02, 2.740725E+02, 2.739475E+02
2024-01-27 07:30:15,1, 0.000000E+00, 2.733002E+02, 2.738987E+02, 0.000000E+00, 1.198995E+00, 2.814708E+02, 2.745069E+02, 2.740738E+02, 2.740713E+02, 2.739485E+02
2024-01-27 07:45:15,1, 0.000000E+00, 2.732884E+02, 2.738937E+02, 0.000000E+00, 1.197319E+00, 2.814214E+02, 2.745159E+02, 2.740910E+02, 2.740704E+02, 2.739496E+02
2024-01-27 08:00:15,1, 0.000000E+00, 2.732766E+02, 2.738888E+02, 0.000000E+00, 1.201202E+00, 2.813753E+02, 2.745248E+02, 2.741082E+02, 2.740695E+02, 2.739510E+02
2024-01-27 08:15:15,1, 0.000000E+00, 2.732637E+02, 2.738752E+02, 0.000000E+00, 1.271715E+00, 2.813301E+02, 2.745043E+02, 2.740847E+02, 2.740562E+02, 2.739375E+02
2024-01-27 08:30:15,1, 0.000000E+00, 2.732507E+02, 2.738582E+02, 0.000000E+00, 1.278298E+00, 2.812846E+02, 2.744802E+02, 2.740577E+02, 2.740375E+02, 2.739179E+02
2024-01-27 08:45:15,1, 0.000000E+00, 2.732378E+02, 2.738411E+02, 0.000000E+00, 1.273587E+00, 2.812390E+02, 2.744560E+02, 2.740304E+02, 2.740184E+02, 2.738980E+02
2024-01-27 09:00:15,1, 0.000000E+00, 2.732246E+02, 2.738239E+02, 0.000000E+00, 1.270424E+00, 2.811934E+02, 2.744316E+02, 2.740026E+02, 2.739993E+02, 2.738781E+02
2024-01-27 09:15:15,1, 0.000000E+00, 2.731978E+02, 2.737913E+02, 0.000000E+00, 1.358898E+00, 2.811468E+02, 2.743764E+02, 2.739341E+02, 2.739638E+02, 2.738397E+02
2024-01-27 09:30:15,1, 0.000000E+00, 2.731711E+02, 2.737530E+02, 0.000000E+00, 1.355302E+00, 2.810983E+02, 2.743150E+02, 2.738587E+02, 2.739194E+02, 2.737917E+02
2024-01-27 09:45:15,1, 0.000000E+00, 2.731443E+02, 2.737144E+02, 0.000000E+00, 1.335172E+00, 2.810485E+02, 2.742527E+02, 2.737814E+02, 2.738744E+02, 2.737428E+02
2024-01-27 10:00:15,1, 0.000000E+00, 2.731181E+02, 2.736758E+02, 0.000000E+00, 1.300358E+00, 2.809981E+02, 2.741901E+02, 2.737025E+02, 2.738291E+02, 2.736935E+02
2024-01-27 10:15:15,1, 0.000000E+00, 2.731232E+02, 2.736692E+02, 0.000000E+00, 1.039300E+00, 2.809495E+02, 2.741835E+02, 2.737005E+02, 2.738155E+02, 2.736793E+02
2024-01-27 10:30:15,1, 0.000000E+00, 2.731284E+02, 2.736745E+02, 0.000000E+00, 9.793058E-01, 2.809039E+02, 2.741877E+02, 2.737101E+02, 2.738199E+02, 2.736851E+02
2024-01-27 10:45:15,1, 0.000000E+00, 2.731335E+02, 2.736804E+02, 0.000000E+00, 9.588288E-01, 2.808609E+02, 2.741928E+02, 2.737206E+02, 2.738255E+02, 2.736922E+02
2024-01-27 11:00:15,1, 0.000000E+00, 2.731389E+02, 2.736863E+02, 0.000000E+00, 9.448339E-01, 2.808203E+02, 2.741982E+02, 2.737315E+02, 2.738313E+02, 2.736995E+02
2024-01-27 11:15:15,1, 0.000000E+00, 2.731589E+02, 2.737052E+02, 0.000000E+00, 7.744437E-01, 2.807824E+02, 2.742233E+02, 2.737682E+02, 2.738491E+02, 2.737198E+02
2024-01-27 11:30:15,1, 0.000000E+00, 2.731789E+02, 2.737286E+02, 0.000000E+00, 7.248740E-01, 2.807470E+02, 2.742530E+02, 2.738092E+02, 2.738741E+02, 2.737478E+02
2024-01-27 11:45:15,1, 0.000000E+00, 2.731989E+02, 2.737521E+02, 0.000000E+00, 7.097799E-01, 2.807138E+02, 2.742832E+02, 2.738506E+02, 2.738995E+02, 2.737763E+02
2024-01-27 12:00:15,1, 0.000000E+00, 2.732191E+02, 2.737757E+02, 0.000000E+00, 7.050563E-01, 2.806827E+02, 2.743134E+02, 2.738919E+02, 2.739250E+02, 2.738049E+02
2024-01-27 12:15:15,1, 0.000000E+00, 2.732471E+02, 2.738008E+02, 0.000000E+00, 6.379517E-01, 2.806524E+02, 2.743318E+02, 2.739118E+02, 2.739484E+02, 2.738292E+02
2024-01-27 12:30:15,1, 0.000000E+00, 2.732751E+02, 2.738261E+02, 0.000000E+00, 6.142017E-01, 2.806218E+02, 2.743502E+02, 2.739315E+02, 2.739718E+02, 2.738530E+02
2024-01-27 12:45:15,1, 0.000000E+00, 2.733031E+02, 2.738513E+02, 0.000000E+00, 6.048117E-01, 2.805914E+02, 2.743685E+02, 2.739513E+02, 2.739951E+02, 2.738768E+02
2024-01-27 13:00:15,1, 2.137216E+01, 2.733327E+02, 2.738817E+02, 2.120641E+00, 6.503396E-01, 2.805626E+02, 2.744935E+02, 2.741600E+02, 2.740430E+02, 2.739320E+02
2024-01-27 13:15:15,1, 3.175035E+01, 2.734538E+02, 2.740774E+02, 2.578025E+00, 1.962049E+00, 2.805839E+02, 2.748159E+02, 2.745454E+02, 2.743487E+02, 2.743012E+02
2024-01-27 13:30:15,1, 4.175459E+01, 2.735750E+02, 2.742323E+02, 2.828586E+00, 2.746553E+00, 2.806149E+02, 2.750292E+02, 2.747958E+02, 2.745484E+02, 2.745181E+02
2024-01-27 13:45:15,1, 5.134204E+01, 2.736961E+02, 2.743843E+02, 2.991329E+00, 3.300480E+00, 2.806544E+02, 2.752364E+02, 2.750357E+02, 2.747402E+02, 2.747245E+02
2024-01-27 14:00:15,1, 7.085046E+01, 2.738182E+02, 2.745375E+02, 3.157023E+00, 3.745462E+00, 2.807018E+02, 2.754954E+02, 2.753629E+02, 2.749384E+02, 2.749392E+02
2024-01-27 14:15:15,1, 8.096475E+01, 2.740000E+02, 2.747782E+02, 3.304105E+00, 4.505510E+00, 2.807793E+02, 2.758403E+02, 2.757588E+02, 2.752525E+02, 2.752873E+02
2024-01-27 14:30:15,1, 9.045349E+01, 2.741818E+02, 2.749941E+02, 3.408336E+00, 5.047769E+00, 2.808648E+02, 2.761211E+02, 2.760787E+02, 2.755115E+02, 2.755633E+02
2024-01-27 14:45:15,1, 9.927606E+01, 2.743635E+02, 2.752062E+02, 3.506383E+00, 5.578136E+00, 2.809569E+02, 2.763926E+02, 2.763857E+02, 2.757626E+02, 2.758299E+02
2024-01-27 15:00:15,1, 8.906726E+01, 2.745441E+02, 2.754097E+02, 3.567040E+00, 6.101712E+00, 2.810531E+02, 2.765528E+02, 2.765147E+02, 2.759862E+02, 2.760623E+02
2024-01-27 15:15:15,1, 9.518774E+01, 2.746551E+02, 2.754973E+02, 3.572391E+00, 6.513576E+00, 2.811169E+02, 2.766403E+02, 2.766256E+02, 2.760491E+02, 2.761134E+02
2024-01-27 15:30:15,1, 1.006694E+02, 2.747660E+02, 2.756295E+02, 3.641394E+00, 6.993005E+00, 2.811886E+02, 2.768256E+02, 2.768424E+02, 2.762102E+02, 2.762887E+02
2024-01-27 15:45:15,1, 1.054886E+02, 2.748770E+02, 2.757601E+02, 3.707092E+00, 7.387827E+00, 2.812657E+02, 2.770043E+02, 2.770504E+02, 2.763687E+02, 2.764605E+02
2024-01-27 16:00:15,1, 1.632787E+02, 2.749896E+02, 2.759028E+02, 3.813295E+00, 7.788901E+00, 2.813497E+02, 2.774758E+02, 2.777350E+02, 2.765830E+02, 2.767022E+02
2024-01-27 16:15:15,1, 1.683958E+02, 2.751998E+02, 2.762692E+02, 4.127306E+00, 9.357409E+00, 2.815411E+02, 2.780320E+02, 2.783340E+02, 2.771583E+02, 2.773683E+02
2024-01-27 16:30:15,1, 1.724473E+02, 2.754100E+02, 2.764874E+02, 4.210105E+00, 9.769876E+00, 2.817140E+02, 2.782629E+02, 2.785763E+02, 2.773985E+02, 2.776165E+02
2024-01-27 16:45:15,1, 1.754160E+02, 2.756202E+02, 2.766998E+02, 4.287058E+00, 1.023777E+01, 2.818718E+02, 2.784772E+02, 2.787991E+02, 2.776229E+02, 2.778478E+02
2024-01-27 17:00:15,1, 1.559185E+02, 2.758282E+02, 2.769020E+02, 4.344854E+00, 1.069958E+01, 2.820155E+02, 2.785598E+02, 2.788142E+02, 2.778137E+02, 2.780381E+02
2024-01-27 17:15:15,1, 1.565952E+02, 2.759024E+02, 2.769397E+02, 4.288204E+00, 1.101446E+01, 2.821052E+02, 2.785396E+02, 2.787897E+02, 2.777958E+02, 2.779941E+02
2024-01-27 17:30:15,1, 1.562985E+02, 2.759765E+02, 2.770124E+02, 4.314078E+00, 1.123973E+01, 2.821910E+02, 2.786136E+02, 2.788697E+02, 2.778702E+02, 2.780737E+02
2024-01-27 17:45:15,1, 1.550295E+02, 2.760507E+02, 2.770823E+02, 4.334837E+00, 1.137136E+01, 2.822714E+02, 2.786763E+02, 2.789347E+02, 2.779386E+02, 2.781457E+02
2024-01-27 18:00:15,1, 2.235809E+02, 2.761301E+02, 2.771688E+02, 4.385907E+00, 1.135492E+01, 2.823498E+02, 2.791167E+02, 2.796174E+02, 2.780795E+02, 2.783078E+02
2024-01-27 18:15:15,1, 2.189087E+02, 2.765194E+02, 2.776666E+02, 4.801382E+00, 1.037279E+01, 2.825617E+02, 2.797635E+02, 2.803361E+02, 2.787884E+02, 2.791558E+02
2024-01-27 18:30:15,1, 2.128558E+02, 2.769086E+02, 2.780183E+02, 4.896579E+00, 1.052909E+01, 2.827405E+02, 2.800245E+02, 2.805930E+02, 2.791173E+02, 2.794998E+02
2024-01-27 18:45:15,1, 2.054482E+02, 2.772978E+02, 2.783713E+02, 4.978249E+00, 1.083742E+01, 2.828899E+02, 2.802598E+02, 2.807905E+02, 2.794262E+02, 2.797943E+02
2024-01-27 19:00:15,1, 1.716880E+02, 2.776816E+02, 2.787118E+02, 5.032075E+00, 1.129047E+01, 2.830118E+02, 2.803389E+02, 2.807355E+02, 2.796949E+02, 2.800388E+02
2024-01-27 19:15:15,1, 1.629461E+02, 2.777480E+02, 2.787364E+02, 4.910013E+00, 1.444443E+01, 2.830627E+02, 2.802199E+02, 2.805657E+02, 2.796246E+02, 2.799105E+02
2024-01-27 19:30:15,1, 1.531197E+02, 2.778143E+02, 2.787760E+02, 4.881344E+00, 1.455295E+01, 2.831011E+02, 2.801851E+02, 2.804968E+02, 2.796213E+02, 2.798892E+02
2024-01-27 19:45:15,1, 1.422507E+02, 2.778807E+02, 2.788120E+02, 4.843001E+00, 1.432817E+01, 2.831259E+02, 2.801358E+02, 2.804083E+02, 2.796094E+02, 2.798564E+02
2024-01-27 20:00:15,1, 1.157008E+02, 2.779454E+02, 2.788393E+02, 4.759714E+00, 1.399208E+01, 2.831355E+02, 2.799903E+02, 2.801603E+02, 2.795710E+02, 2.797903E+02
2024-01-27 20:15:15,1, 1.043333E+02, 2.779136E+02, 2.787440E+02, 4.598330E+00, 1.237287E+01, 2.831019E+02, 2.797533E+02, 2.798552E+02, 2.793765E+02, 2.795408E+02
2024-01-27 20:30:15,1, 9.217584E+01, 2.778817E+02, 2.786710E+02, 4.481495E+00, 1.162109E+01, 2.830572E+02, 2.795801E+02, 2.796273E+02, 2.792438E+02, 2.793814E+02
2024-01-27 20:45:15,1, 7.928035E+01, 2.778499E+02, 2.785942E+02, 4.333885E+00, 1.080113E+01, 2.830006E+02, 2.793958E+02, 2.793843E+02, 2.791040E+02, 2.792141E+02
2024-01-27 21:00:15,1, 5.726152E+01, 2.778154E+02, 2.785103E+02, 4.005497E+00, 9.859027E+00, 2.829308E+02, 2.791545E+02, 2.790402E+02, 2.789458E+02, 2.790238E+02
2024-01-27 21:15:15,1, 4.488322E+01, 2.776228E+02, 2.782800E+02, 3.622516E+00, 7.329867E+00, 2.828316E+02, 2.788034E+02, 2.786043E+02, 2.786385E+02, 2.786702E+02
2024-01-27 21:30:15,1, 3.201353E+01, 2.774302E+02, 2.780437E+02, 3.075391E+00, 5.564185E+00, 2.827209E+02, 2.784756E+02, 2.781999E+02, 2.783366E+02, 2.783368E+02
2024-01-27 21:45:15,1, 1.870756E+01, 2.772376E+02, 2.778063E+02, 2.166169E+00, 3.748075E+00, 2.825986E+02, 2.781447E+02, 2.777887E+02, 2.780309E+02, 2.780011E+02
2024-01-27 22:00:15,1, 0.000000E+00, 2.770455E+02, 2.775693E+02, 0.000000E+00, 1.772061E+00, 2.824647E+02, 2.777976E+02, 2.773631E+02, 2.777088E+02, 2.776201E+02
2024-01-27 22:15:15,1, 0.000000E+00, 2.768781E+02, 2.773718E+02, 0.000000E+00, 3.068516E+00, 2.823278E+02, 2.776131E+02, 2.771938E+02, 2.774722E+02, 2.773592E+02
2024-01-27 22:30:15,1, 0.000000E+00, 2.767107E+02, 2.772117E+02, 0.000000E+00, 4.080382E+00, 2.822094E+02, 2.774849E+02, 2.770831E+02, 2.773183E+02, 2.772096E+02
2024-01-27 22:45:15,1, 0.000000E+00, 2.765434E+02, 2.770552E+02, 0.000000E+00, 4.562508E+00, 2.821039E+02, 2.773608E+02, 2.769766E+02, 2.771702E+02, 2.770660E+02
2024-01-27 23:00:15,1, 0.000000E+00, 2.763764E+02, 2.769002E+02, 0.000000E+00, 4.711026E+00, 2.820082E+02, 2.772378E+02, 2.768692E+02, 2.770239E+02, 2.769240E+02
2024-01-27 23:15:15,1, 0.000000E+00, 2.762332E+02, 2.767440E+02, 0.000000E+00, 3.614780E+00, 2.819158E+02, 2.770545E+02, 2.766616E+02, 2.768621E+02, 2.767564E+02
2024-01-27 23:30:15,1, 0.000000E+00, 2.760901E+02, 2.765846E+02, 0.000000E+00, 3.185473E+00, 2.818226E+02, 2.768679E+02, 2.764528E+02, 2.766949E+02, 2.765821E+02
2024-01-27 23:45:15,1, 0.000000E+00, 2.759469E+02, 2.764245E+02, 0.000000E+00, 2.984976E+00, 2.817288E+02, 2.766807E+02, 2.762448E+02, 2.765267E+02, 2.764075E+02
2024-01-27 00:00:15,2, 0.000000E+00, 2.748412E+02, 2.755955E+02, 0.000000E+00, 7.620875E+00, 2.844407E+02, 2.763373E+02, 2.759251E+02, 2.758328E+02, 2.757180E+02
2024-01-27 00:15:15,2, 0.000000E+00, 2.746938E+02, 2.754201E+02, 0.000000E+00, 4.896473E+00, 2.842801E+02, 2.761604E+02, 2.757473E+02, 2.756458E+02, 2.755302E+02
2024-01-27 00:30:15,2, 0.000000E+00, 2.745463E+02, 2.752697E+02, 0.000000E+00, 4.573688E+00, 2.841262E+02, 2.760065E+02, 2.755925E+02, 2.754938E+02, 2.753779E+02
2024-01-27 00:45:15,2, 0.000000E+00, 2.743988E+02, 2.751202E+02, 0.000000E+00, 4.511896E+00, 2.839777E+02, 2.758538E+02, 2.754388E+02, 2.753433E+02, 2.752272E+02
2024-01-27 01:00:15,2, 0.000000E+00, 2.742524E+02, 2.749710E+02, 0.000000E+00, 4.432156E+00, 2.838340E+02, 2.757019E+02, 2.752856E+02, 2.751933E+02, 2.750768E+02
2024-01-27 01:15:15,2, 0.000000E+00, 2.741685E+02, 2.748693E+02, 0.000000E+00, 3.167404E+00, 2.836964E+02, 2.755997E+02, 2.751842E+02, 2.750850E+02, 2.749683E+02
2024-01-27 01:30:15,2, 0.000000E+00, 2.740845E+02, 2.747831E+02, 0.000000E+00, 2.994157E+00, 2.835656E+02, 2.755117E+02, 2.750968E+02, 2.749978E+02, 2.748813E+02
2024-01-27 01:45:15,2, 0.000000E+00, 2.740005E+02, 2.746975E+02, 0.000000E+00, 2.952128E+00, 2.834406E+02, 2.754248E+02, 2.750103E+02, 2.749120E+02, 2.747955E+02
2024-01-27 02:00:15,2, 0.000000E+00, 2.739171E+02, 2.746123E+02, 0.000000E+00, 2.907816E+00, 2.833207E+02, 2.753387E+02, 2.749242E+02, 2.748266E+02, 2.747101E+02
2024-01-27 02:15:15,2, 0.000000E+00, 2.738628E+02, 2.745460E+02, 0.000000E+00, 2.346530E+00, 2.832052E+02, 2.752644E+02, 2.748475E+02, 2.747555E+02, 2.746383E+02
2024-01-27 02:30:15,2, 0.000000E+00, 2.738085E+02, 2.744857E+02, 0.000000E+00, 2.249343E+00, 2.830937E+02, 2.751962E+02, 2.747767E+02, 2.746933E+02, 2.745753E+02
2024-01-27 02:45:15,2, 0.000000E+00, 2.737542E+02, 2.744258E+02, 0.000000E+00, 2.215792E+00, 2.829859E+02, 2.751283E+02, 2.747059E+02, 2.746312E+02, 2.745125E+02
2024-01-27 03:00:15,2, 0.000000E+00, 2.737001E+02, 2.743660E+02, 0.000000E+00, 2.187443E+00, 2.828813E+02, 2.750607E+02, 2.746352E+02, 2.745693E+02, 2.744498E+02
2024-01-27 03:15:15,2, 0.000000E+00, 2.736560E+02, 2.743133E+02, 0.000000E+00, 2.034467E+00, 2.827795E+02, 2.749976E+02, 2.745712E+02, 2.745126E+02, 2.743927E+02
2024-01-27 03:30:15,2, 0.000000E+00, 2.736118E+02, 2.742629E+02, 0.000000E+00, 1.995517E+00, 2.826801E+02, 2.749368E+02, 2.745094E+02, 2.744592E+02, 2.743391E+02
2024-01-27 03:45:15,2, 0.000000E+00, 2.735677E+02, 2.742126E+02, 0.000000E+00, 1.973927E+00, 2.825829E+02, 2.748763E+02, 2.744478E+02, 2.744061E+02, 2.742857E+02
2024-01-27 04:00:15,2, 0.000000E+00, 2.735238E+02, 2.741625E+02, 0.000000E+00, 1.946259E+00, 2.824879E+02, 2.748163E+02, 2.743867E+02, 2.743531E+02, 2.742325E+02
2024-01-27 04:15:15,2, 0.000000E+00, 2.734962E+02, 2.741299E+02, 0.000000E+00, 1.687998E+00, 2.823965E+02, 2.747861E+02, 2.743638E+02, 2.743179E+02, 2.741989E+02
2024-01-27 04:30:15,2, 0.000000E+00, 2.734686E+02, 2.741038E+02, 0.000000E+00, 1.640839E+00, 2.823097E+02, 2.747623E+02, 2.743473E+02, 2.742922E+02, 2.741752E+02
2024-01-27 04:45:15,2, 0.000000E+00, 2.734409E+02, 2.740782E+02, 0.000000E+00, 1.626442E+00, 2.822267E+02, 2.747392E+02, 2.743313E+02, 2.742672E+02, 2.741521E+02
2024-01-27 05:00:15,2, 0.000000E+00, 2.734133E+02, 2.740526E+02, 0.000000E+00, 1.618116E+00, 2.821471E+02, 2.747165E+02, 2.743155E+02, 2.742425E+02, 2.741293E+02
2024-01-27 05:15:15,2, 0.000000E+00, 2.733844E+02, 2.740217E+02, 0.000000E+00, 1.596941E+00, 2.820698E+02, 2.746789E+02, 2.742770E+02, 2.742109E+02, 2.740978E+02
2024-01-27 05:30:15,2, 0.000000E+00, 2.733554E+02, 2.739887E+02, 0.000000E+00, 1.581047E+00, 2.819940E+02, 2.746394E+02, 2.742365E+02, 2.741762E+02, 2.740628E+02
2024-01-27 05:45:15,2, 0.000000E+00, 2.733265E+02, 2.739557E+02, 0.000000E+00, 1.567925E+00, 2.819196E+02, 2.745999E+02, 2.741960E+02, 2.741414E+02, 2.740277E+02
2024-01-27 06:00:15,2, 0.000000E+00, 2.732982E+02, 2.739227E+02, 0.000000E+00, 1.547704E+00, 2.818468E+02, 2.745607E+02, 2.741555E+02, 2.741067E+02, 2.739927E+02
2024-01-27 06:15:15,2, 0.000000E+00, 2.733046E+02, 2.739128E+02, 0.000000E+00, 1.335136E+00, 2.817766E+02, 2.745410E+02, 2.741285E+02, 2.740905E+02, 2.739744E+02
2024-01-27 06:30:15,2, 0.000000E+00, 2.733111E+02, 2.739109E+02, 0.000000E+00, 1.292578E+00, 2.817095E+02, 2.745291E+02, 2.741087E+02, 2.740857E+02, 2.739674E+02
2024-01-27 06:45:15,2, 0.000000E+00, 2.733175E+02, 2.739095E+02, 0.000000E+00, 1.275361E+00, 2.816452E+02, 2.745180E+02, 2.740891E+02, 2.740819E+02, 2.739611E+02
2024-01-27 07:00:15,2, 0.000000E+00, 2.733237E+02, 2.739083E+02, 0.000000E+00, 1.261375E+00, 2.815835E+02, 2.745077E+02, 2.740698E+02, 2.740783E+02, 2.739549E+02
2024-01-27 07:15:15,2, 0.000000E+00, 2.733119E+02, 2.739039E+02, 0.000000E+00, 1.211295E+00, 2.815255E+02, 2.745151E+02, 2.740853E+02, 2.740773E+02, 2.739554E+02
2024-01-27 07:30:15,2, 0.000000E+00, 2.733002E+02, 2.738989E+02, 0.000000E+00, 1.199354E+00, 2.814723E+02, 2.745230E+02, 2.741011E+02, 2.740760E+02, 2.739562E+02
2024-01-27 07:45:15,2, 0.000000E+00, 2.732884E+02, 2.738939E+02, 0.000000E+00, 1.197683E+00, 2.814229E+02, 2.745316E+02, 2.741174E+02, 2.740749E+02, 2.739572E+02
2024-01-27 08:00:15,2, 0.000000E+00, 2.732766E+02, 2.738890E+02, 0.000000E+00, 1.201572E+00, 2.813768E+02, 2.745401E+02, 2.741339E+02, 2.740739E+02, 2.739583E+02
2024-01-27 08:15:15,2, 0.000000E+00, 2.732637E+02, 2.738754E+02, 0.000000E+00, 1.272080E+00, 2.813316E+02, 2.745197E+02, 2.741108E+02, 2.740607E+02, 2.739449E+02
2024-01-27 08:30:15,2, 0.000000E+00, 2.732507E+02, 2.738584E+02, 0.000000E+00, 1.278660E+00, 2.812861E+02, 2.744959E+02, 2.740842E+02, 2.740420E+02, 2.739254E+02
2024-01-27 08:45:15,2, 0.000000E+00, 2.732378E+02, 2.738413E+02, 0.000000E+00, 1.273945E+00, 2.812405E+02, 2.744718E+02, 2.740573E+02, 2.740230E+02, 2.739057E+02
2024-01-27 09:00:15,2, 0.000000E+00, 2.732246E+02, 2.738241E+02, 0.000000E+00, 1.270779E+00, 2.811949E+02, 2.744476E+02, 2.740300E+02, 2.740040E+02, 2.738858E+02
2024-01-27 09:15:15,2, 0.000000E+00, 2.731978E+02, 2.737915E+02, 0.000000E+00, 1.359234E+00, 2.811483E+02, 2.743932E+02, 2.739632E+02, 2.739686E+02, 2.738479E+02
2024-01-27 09:30:15,2, 0.000000E+00, 2.731711E+02, 2.737532E+02, 0.000000E+00, 1.355625E+00, 2.810998E+02, 2.743326E+02, 2.738897E+02, 2.739245E+02, 2.738004E+02
2024-01-27 09:45:15,2, 0.000000E+00, 2.731443E+02, 2.737145E+02, 0.000000E+00, 1.335485E+00, 2.810500E+02, 2.742712E+02, 2.738145E+02, 2.738796E+02, 2.737520E+02
2024-01-27 10:00:15,2, 0.000000E+00, 2.731181E+02, 2.736759E+02, 0.000000E+00, 1.300667E+00, 2.809996E+02, 2.742095E+02, 2.737381E+02, 2.738346E+02, 2.737032E+02
2024-01-27 10:15:15,2, 0.000000E+00, 2.731232E+02, 2.736694E+02, 0.000000E+00, 1.039725E+00, 2.809510E+02, 2.742019E+02, 2.737360E+02, 2.738208E+02, 2.736892E+02
2024-01-27 10:30:15,2, 0.000000E+00, 2.731284E+02, 2.736747E+02, 0.000000E+00, 9.794843E-01, 2.809054E+02, 2.742061E+02, 2.737456E+02, 2.738252E+02, 2.736950E+02
2024-01-27 10:45:15,2, 0.000000E+00, 2.731335E+02, 2.736805E+02, 0.000000E+00, 9.589587E-01, 2.808624E+02, 2.742110E+02, 2.737561E+02, 2.738307E+02, 2.737021E+02
2024-01-27 11:00:15,2, 0.000000E+00, 2.731389E+02, 2.736864E+02, 0.000000E+00, 9.449861E-01, 2.808218E+02, 2.742164E+02, 2.737670E+02, 2.738365E+02, 2.737094E+02
2024-01-27 11:15:15,2, 0.000000E+00, 2.731589E+02, 2.737053E+02, 0.000000E+00, 7.746637E-01, 2.807838E+02, 2.742410E+02, 2.738027E+02, 2.738542E+02, 2.737295E+02
2024-01-27 11:30:15,2, 0.000000E+00, 2.731789E+02, 2.737287E+02, 0.000000E+00, 7.251315E-01, 2.807484E+02, 2.742703E+02, 2.738428E+02, 2.738790E+02, 2.737573E+02
2024-01-27 11:45:15,2, 0.000000E+00, 2.731989E+02, 2.737522E+02, 0.000000E+00, 7.100642E-01, 2.807153E+02, 2.743000E+02, 2.738832E+02, 2.739043E+02, 2.737856E+02
2024-01-27 12:00:15,2, 0.000000E+00, 2.732191E+02, 2.737758E+02, 0.000000E+00, 7.053694E-01, 2.806842E+02, 2.743299E+02, 2.739237E+02, 2.739297E+02, 2.738139E+02
2024-01-27 12:15:15,2, 0.000000E+00, 2.732471E+02, 2.738009E+02, 0.000000E+00, 6.382955E-01, 2.806538E+02, 2.743482E+02, 2.739434E+02, 2.739531E+02, 2.738381E+02
2024-01-27 12:30:15,2, 0.000000E+00, 2.732751E+02, 2.738262E+02, 0.000000E+00, 6.145411E-01, 2.806233E+02, 2.743665E+02, 2.739630E+02, 2.739765E+02, 2.738619E+02
2024-01-27 12:45:15,2, 0.000000E+00, 2.733031E+02, 2.738514E+02, 0.000000E+00, 6.051381E-01, 2.805928E+02, 2.743847E+02, 2.739826E+02, 2.739998E+02, 2.738856E+02
2024-01-27 13:00:15,2, 2.137216E+01, 2.733327E+02, 2.738818E+02, 2.126084E+00, 6.508899E-01, 2.805641E+02, 2.745059E+02, 2.741816E+02, 2.740471E+02, 2.739397E+02
2024-01-27 13:15:15,2, 3.175035E+01, 2.734538E+02, 2.740776E+02, 2.580706E+00, 1.964275E+00, 2.805853E+02, 2.748247E+02, 2.745600E+02, 2.743501E+02, 2.743032E+02
2024-01-27 13:30:15,2, 4.175459E+01, 2.735750E+02, 2.742326E+02, 2.829505E+00, 2.748066E+00, 2.806162E+02, 2.750361E+02, 2.748069E+02, 2.745490E+02, 2.745188E+02
2024-01-27 13:45:15,2, 5.134204E+01, 2.736961E+02, 2.743846E+02, 2.992109E+00, 3.301288E+00, 2.806557E+02, 2.752423E+02, 2.750436E+02, 2.747403E+02, 2.747239E+02
2024-01-27 14:00:15,2, 7.085046E+01, 2.738182E+02, 2.745378E+02, 3.158596E+00, 3.747155E+00, 2.807031E+02, 2.754992E+02, 2.753648E+02, 2.749382E+02, 2.749369E+02
2024-01-27 14:15:15,2, 8.096475E+01, 2.740000E+02, 2.747785E+02, 3.305948E+00, 4.508577E+00, 2.807806E+02, 2.758418E+02, 2.757562E+02, 2.752509E+02, 2.752821E+02
2024-01-27 14:30:15,2, 9.045349E+01, 2.741818E+02, 2.749944E+02, 3.410363E+00, 5.051577E+00, 2.808660E+02, 2.761210E+02, 2.760727E+02, 2.755093E+02, 2.755568E+02
2024-01-27 14:45:15,2, 9.927606E+01, 2.743635E+02, 2.752065E+02, 3.508554E+00, 5.582511E+00, 2.809581E+02, 2.763909E+02, 2.763765E+02, 2.757597E+02, 2.758221E+02
2024-01-27 15:00:15,2, 8.906726E+01, 2.745441E+02, 2.754100E+02, 3.569133E+00, 6.106557E+00, 2.810542E+02, 2.765521E+02, 2.765080E+02, 2.759831E+02, 2.760543E+02
2024-01-27 15:15:15,2, 9.518774E+01, 2.746551E+02, 2.754976E+02, 3.574549E+00, 6.518180E+00, 2.811180E+02, 2.766389E+02, 2.766173E+02, 2.760465E+02, 2.761063E+02
2024-01-27 15:30:15,2, 1.006694E+02, 2.747660E+02, 2.756299E+02, 3.643648E+00, 6.997966E+00, 2.811897E+02, 2.768229E+02, 2.768316E+02, 2.762071E+02, 2.762805E+02
2024-01-27 15:45:15,2, 1.054886E+02, 2.748770E+02, 2.757604E+02, 3.709427E+00, 7.393154E+00, 2.812667E+02, 2.770005E+02, 2.770372E+02, 2.763652E+02, 2.764514E+02
2024-01-27 16:00:15,2, 1.632787E+02, 2.749896E+02, 2.759032E+02, 3.815467E+00, 7.794597E+00, 2.813507E+02, 2.774626E+02, 2.777037E+02, 2.765774E+02, 2.766898E+02
2024-01-27 16:15:15,2, 1.683958E+02, 2.751998E+02, 2.762699E+02, 4.129025E+00, 9.362511E+00, 2.815420E+02, 2.780151E+02, 2.782986E+02, 2.771485E+02, 2.773492E+02
2024-01-27 16:30:15,2, 1.724473E+02, 2.754100E+02, 2.764881E+02, 4.211703E+00, 9.773974E+00, 2.817147E+02, 2.782451E+02, 2.785400E+02, 2.773881E+02, 2.775970E+02
2024-01-27 16:45:15,2, 1.754160E+02, 2.756202E+02, 2.767004E+02, 4.288830E+00, 1.024239E+01, 2.818724E+02, 2.784592E+02, 2.787623E+02, 2.776123E+02, 2.778279E+02
2024-01-27 17:00:15,2, 1.559185E+02, 2.758282E+02, 2.769026E+02, 4.346771E+00, 1.070495E+01, 2.820160E+02, 2.785445E+02, 2.787834E+02, 2.778034E+02, 2.780190E+02
2024-01-27 17:15:15,2, 1.565952E+02, 2.759024E+02, 2.769403E+02, 4.290381E+00, 1.102059E+01, 2.821057E+02, 2.785250E+02, 2.787597E+02, 2.777868E+02, 2.779775E+02
2024-01-27 17:30:15,2, 1.562985E+02, 2.759765E+02, 2.770129E+02, 4.316504E+00, 1.124658E+01, 2.821915E+02, 2.785990E+02, 2.788395E+02, 2.778611E+02, 2.780569E+02
2024-01-27 17:45:15,2, 1.550295E+02, 2.760507E+02, 2.770828E+02, 4.337519E+00, 1.137894E+01, 2.822718E+02, 2.786619E+02, 2.789047E+02, 2.779295E+02, 2.781289E+02
2024-01-27 18:00:15,2, 2.235809E+02, 2.761301E+02, 2.771692E+02, 4.388940E+00, 1.136321E+01, 2.823502E+02, 2.790931E+02, 2.795660E+02, 2.780691E+02, 2.782876E+02
2024-01-27 18:15:15,2, 2.189087E+02, 2.765194E+02, 2.776666E+02, 4.806513E+00, 1.038618E+01, 2.825621E+02, 2.797381E+02, 2.802810E+02, 2.787734E+02, 2.791253E+02
2024-01-27 18:30:15,2, 2.128558E+02, 2.769086E+02, 2.780187E+02, 4.899407E+00, 1.053865E+01, 2.827409E+02, 2.799956E+02, 2.805222E+02, 2.790998E+02, 2.794575E+02
2024-01-27 18:45:15,2, 2.054482E+02, 2.772978E+02, 2.783716E+02, 4.981115E+00, 1.084452E+01, 2.828903E+02, 2.802326E+02, 2.807235E+02, 2.794091E+02, 2.797531E+02
2024-01-27 19:00:15,2, 1.716880E+02, 2.776816E+02, 2.787121E+02, 5.034914E+00, 1.129752E+01, 2.830123E+02, 2.803172E+02, 2.806823E+02, 2.796791E+02, 2.800009E+02
2024-01-27 19:15:15,2, 1.629461E+02, 2.777480E+02, 2.787368E+02, 4.912959E+00, 1.445231E+01, 2.830631E+02, 2.802008E+02, 2.805181E+02, 2.796117E+02, 2.798795E+02
2024-01-27 19:30:15,2, 1.531197E+02, 2.778143E+02, 2.787763E+02, 4.884468E+00, 1.456057E+01, 2.831015E+02, 2.801678E+02, 2.804539E+02, 2.796094E+02, 2.798609E+02
2024-01-27 19:45:15,2, 1.422507E+02, 2.778807E+02, 2.788122E+02, 4.846516E+00, 1.433626E+01, 2.831264E+02, 2.801208E+02, 2.803716E+02, 2.795989E+02, 2.798324E+02
2024-01-27 20:00:15,2, 1.157008E+02, 2.779454E+02, 2.788394E+02, 4.763316E+00, 1.400034E+01, 2.831360E+02, 2.799801E+02, 2.801356E+02, 2.795623E+02, 2.797713E+02
2024-01-27 20:15:15,2, 1.043333E+02, 2.779136E+02, 2.787441E+02, 4.601967E+00, 1.237987E+01, 2.831024E+02, 2.797467E+02, 2.798392E+02, 2.793707E+02, 2.795296E+02
2024-01-27 20:30:15,2, 9.217584E+01, 2.778817E+02, 2.786712E+02, 4.484617E+00, 1.162685E+01, 2.830578E+02, 2.795758E+02, 2.796155E+02, 2.792390E+02, 2.793722E+02
2024-01-27 20:45:15,2, 7.928035E+01, 2.778499E+02, 2.785943E+02, 4.336433E+00, 1.080503E+01, 2.830012E+02, 2.793939E+02, 2.793770E+02, 2.791003E+02, 2.792068E+02
2024-01-27 21:00:15,2, 5.726152E+01, 2.778154E+02, 2.785104E+02, 4.008264E+00, 9.861079E+00, 2.829315E+02, 2.791568E+02, 2.790414E+02, 2.789434E+02, 2.790192E+02
2024-01-27 21:15:15,2, 4.488322E+01, 2.776228E+02, 2.782802E+02, 3.627125E+00, 7.331975E+00, 2.828324E+02, 2.788094E+02, 2.786124E+02, 2.786380E+02, 2.786693E+02
2024-01-27 21:30:15,2, 3.201353E+01, 2.774302E+02, 2.780438E+02, 3.083047E+00, 5.569398E+00, 2.827217E+02, 2.784848E+02, 2.782147E+02, 2.783370E+02, 2.783367E+02
2024-01-27 21:45:15,2, 1.870756E+01, 2.772376E+02, 2.778063E+02, 2.171548E+00, 3.759086E+00, 2.825994E+02, 2.781581E+02, 2.778143E+02, 2.780315E+02, 2.779994E+02
2024-01-27 22:00:15,2, 0.000000E+00, 2.770455E+02, 2.775694E+02, 0.000000E+00, 1.776235E+00, 2.824656E+02, 2.778144E+02, 2.773966E+02, 2.777128E+02, 2.776286E+02
2024-01-27 22:15:15,2, 0.000000E+00, 2.768781E+02, 2.773719E+02, 0.000000E+00, 3.070176E+00, 2.823287E+02, 2.776295E+02, 2.772262E+02, 2.774769E+02, 2.773687E+02
2024-01-27 22:30:15,2, 0.000000E+00, 2.767107E+02, 2.772118E+02, 0.000000E+00, 4.081387E+00, 2.822102E+02, 2.775003E+02, 2.771131E+02, 2.773228E+02, 2.772188E+02
2024-01-27 22:45:15,2, 0.000000E+00, 2.765434E+02, 2.770553E+02, 0.000000E+00, 4.562593E+00, 2.821048E+02, 2.773756E+02, 2.770052E+02, 2.771746E+02, 2.770749E+02
2024-01-27 23:00:15,2, 0.000000E+00, 2.763764E+02, 2.769003E+02, 0.000000E+00, 4.710338E+00, 2.820091E+02, 2.772521E+02, 2.768972E+02, 2.770283E+02, 2.769332E+02
2024-01-27 23:15:15,2, 0.000000E+00, 2.762332E+02, 2.767441E+02, 0.000000E+00, 3.615300E+00, 2.819167E+02, 2.770694E+02, 2.766899E+02, 2.768666E+02, 2.767653E+02
2024-01-27 23:30:15,2, 0.000000E+00, 2.760901E+02, 2.765848E+02, 0.000000E+00, 3.185587E+00, 2.818235E+02, 2.768838E+02, 2.764820E+02, 2.766996E+02, 2.765909E+02
2024-01-27 23:45:15,2, 0.000000E+00, 2.759469E+02, 2.764246E+02, 0.000000E+00, 2.984965E+00, 2.817297E+02, 2.766975E+02, 2.762752E+02, 2.765317E+02, 2.764166E+02
2024-01-28 00:00:15,1, 0.000000E+00, 2.758040E+02, 2.762644E+02, 0.000000E+00, 2.830321E+00, 2.816347E+02, 2.764944E+02, 2.760383E+02, 2.763587E+02, 2.762334E+02
2024-01-28 00:15:15,1, 0.000000E+00, 2.756804E+02, 2.761391E+02, 0.000000E+00, 2.306275E+00, 2.815458E+02, 2.763862E+02, 2.759352E+02, 2.762309E+02, 2.761056E+02
2024-01-28 00:30:15,1, 0.000000E+00, 2.755568E+02, 2.760245E+02, 0.000000E+00, 2.183706E+00, 2.814637E+02, 2.762896E+02, 2.758449E+02, 2.761204E+02, 2.759970E+02
2024-01-28 00:45:15,1, 0.000000E+00, 2.754332E+02, 2.759109E+02, 0.000000E+00, 2.112001E+00, 2.813871E+02, 2.761945E+02, 2.757561E+02, 2.760118E+02, 2.758903E+02
2024-01-28 01:00:15,1, 0.000000E+00, 2.753103E+02, 2.757978E+02, 0.000000E+00, 2.057451E+00, 2.813151E+02, 2.761000E+02, 2.756673E+02, 2.759037E+02, 2.757840E+02
2024-01-28 01:15:15,1, 0.000000E+00, 2.752331E+02, 2.757007E+02, 0.000000E+00, 2.038978E+00, 2.812442E+02, 2.759760E+02, 2.755243E+02, 2.757976E+02, 2.756733E+02
2024-01-28 01:30:15,1, 0.000000E+00, 2.751559E+02, 2.756120E+02, 0.000000E+00, 1.941847E+00, 2.811729E+02, 2.758568E+02, 2.753827E+02, 2.756993E+02, 2.755691E+02
2024-01-28 01:45:15,1, 0.000000E+00, 2.750787E+02, 2.755192E+02, 0.000000E+00, 1.917349E+00, 2.811018E+02, 2.757352E+02, 2.752405E+02, 2.755994E+02, 2.754636E+02
2024-01-28 02:00:15,1, 0.000000E+00, 2.750017E+02, 2.754226E+02, 0.000000E+00, 1.817480E+00, 2.810304E+02, 2.756102E+02, 2.750940E+02, 2.754952E+02, 2.753535E+02
2024-01-28 02:15:15,1, 0.000000E+00, 2.749338E+02, 2.753484E+02, 0.000000E+00, 1.679061E+00, 2.809625E+02, 2.755529E+02, 2.750474E+02, 2.754191E+02, 2.752782E+02
2024-01-28 02:30:15,1, 0.000000E+00, 2.748659E+02, 2.752882E+02, 0.000000E+00, 1.777017E+00, 2.808988E+02, 2.755114E+02, 2.750199E+02, 2.753633E+02, 2.752262E+02
2024-01-28 02:45:15,1, 0.000000E+00, 2.747981E+02, 2.752298E+02, 0.000000E+00, 1.832982E+00, 2.808381E+02, 2.754710E+02, 2.749929E+02, 2.753098E+02, 2.751763E+02
2024-01-28 03:00:15,1, 0.000000E+00, 2.747316E+02, 2.751714E+02, 0.000000E+00, 1.801464E+00, 2.807800E+02, 2.754306E+02, 2.749650E+02, 2.752563E+02, 2.751262E+02
2024-01-28 03:15:15,1, 0.000000E+00, 2.747500E+02, 2.751740E+02, 0.000000E+00, 9.774694E-01, 2.807291E+02, 2.754560E+02, 2.750098E+02, 2.752525E+02, 2.751262E+02
2024-01-28 03:30:15,1, 0.000000E+00, 2.747683E+02, 2.752066E+02, 0.000000E+00, 7.585856E-01, 2.806851E+02, 2.755119E+02, 2.750895E+02, 2.752895E+02, 2.751695E+02
2024-01-28 03:45:15,1, 0.000000E+00, 2.747866E+02, 2.752410E+02, 0.000000E+00, 6.226874E-01, 2.806458E+02, 2.755700E+02, 2.751711E+02, 2.753307E+02, 2.752172E+02
2024-01-28 04:00:15,1, 0.000000E+00, 2.748047E+02, 2.752728E+02, 0.000000E+00, 5.689388E-01, 2.806106E+02, 2.756243E+02, 2.752505E+02, 2.753701E+02, 2.752633E+02
2024-01-28 04:15:15,1, 0.000000E+00, 2.748064E+02, 2.752758E+02, 0.000000E+00, 6.680125E-01, 2.805746E+02, 2.756198E+02, 2.752460E+02, 2.753764E+02, 2.752716E+02
2024-01-28 04:30:15,1, 0.000000E+00, 2.748081E+02, 2.752747E+02, 0.000000E+00, 6.679422E-01, 2.805382E+02, 2.756115E+02, 2.752361E+02, 2.753729E+02, 2.752676E+02
2024-01-28 04:45:15,1, 0.000000E+00, 2.748098E+02, 2.752717E+02, 0.000000E+00, 6.847638E-01, 2.805024E+02, 2.756012E+02, 2.752255E+02, 2.753686E+02, 2.752633E+02
2024-01-28 05:00:15,1, 0.000000E+00, 2.748115E+02, 2.752670E+02, 0.000000E+00, 6.768821E-01, 2.804663E+02, 2.755894E+02, 2.752134E+02, 2.753619E+02, 2.752566E+02
2024-01-28 05:15:15,1, 0.000000E+00, 2.748110E+02, 2.752653E+02, 0.000000E+00, 4.426212E-01, 2.804329E+02, 2.755859E+02, 2.752117E+02, 2.753589E+02, 2.752539E+02
2024-01-28 05:30:15,1, 0.000000E+00, 2.748106E+02, 2.752654E+02, 0.000000E+00, 3.399614E-01, 2.804051E+02, 2.755847E+02, 2.752121E+02, 2.753584E+02, 2.752539E+02
2024-01-28 05:45:15,1, 0.000000E+00, 2.748101E+02, 2.752656E+02, 0.000000E+00, 2.894067E-01, 2.803809E+02, 2.755839E+02, 2.752129E+02, 2.753583E+02, 2.752542E+02
2024-01-28 06:00:15,1, 0.000000E+00, 2.748063E+02, 2.752656E+02, 0.000000E+00, 2.846188E-01, 2.803587E+02, 2.755834E+02, 2.752139E+02, 2.753583E+02, 2.752546E+02
2024-01-28 06:15:15,1, 0.000000E+00, 2.746074E+02, 2.751263E+02, 0.000000E+00, 1.233467E+00, 2.803361E+02, 2.754635E+02, 2.750961E+02, 2.752475E+02, 2.751467E+02
2024-01-28 06:30:15,1, 0.000000E+00, 2.744085E+02, 2.749425E+02, 0.000000E+00, 1.471376E+00, 2.803212E+02, 2.753059E+02, 2.749368E+02, 2.750726E+02, 2.749719E+02
2024-01-28 06:45:15,1, 0.000000E+00, 2.742095E+02, 2.747568E+02, 0.000000E+00, 1.510156E+00, 2.803097E+02, 2.751470E+02, 2.747764E+02, 2.748940E+02, 2.747925E+02
2024-01-28 07:00:15,1, 0.000000E+00, 2.740135E+02, 2.745713E+02, 0.000000E+00, 1.469998E+00, 2.802982E+02, 2.749880E+02, 2.746150E+02, 2.747151E+02, 2.746124E+02
2024-01-28 07:15:15,1, 0.000000E+00, 2.739911E+02, 2.745018E+02, 0.000000E+00, 1.047719E+00, 2.803066E+02, 2.749220E+02, 2.745431E+02, 2.746270E+02, 2.745210E+02
2024-01-28 07:30:15,1, 0.000000E+00, 2.739686E+02, 2.744765E+02, 0.000000E+00, 1.005035E+00, 2.803645E+02, 2.748982E+02, 2.745120E+02, 2.745996E+02, 2.744915E+02
2024-01-28 07:45:15,1, 0.000000E+00, 2.739461E+02, 2.744547E+02, 0.000000E+00, 1.002924E+00, 2.804495E+02, 2.748802E+02, 2.744855E+02, 2.745785E+02, 2.744681E+02
2024-01-28 08:00:15,1, 0.000000E+00, 2.739236E+02, 2.744338E+02, 0.000000E+00, 1.012412E+00, 2.805465E+02, 2.748640E+02, 2.744602E+02, 2.745589E+02, 2.744459E+02
2024-01-28 08:15:15,1, 0.000000E+00, 2.738987E+02, 2.744101E+02, 0.000000E+00, 1.079465E+00, 2.806603E+02, 2.748418E+02, 2.744235E+02, 2.745363E+02, 2.744196E+02
2024-01-28 08:30:15,1, 0.000000E+00, 2.738739E+02, 2.743862E+02, 0.000000E+00, 1.111567E+00, 2.807985E+02, 2.748217E+02, 2.743873E+02, 2.745134E+02, 2.743924E+02
2024-01-28 08:45:15,1, 0.000000E+00, 2.738491E+02, 2.743628E+02, 0.000000E+00, 1.135773E+00, 2.809431E+02, 2.748026E+02, 2.743518E+02, 2.744912E+02, 2.743655E+02
2024-01-28 09:00:15,1, 0.000000E+00, 2.738245E+02, 2.743394E+02, 0.000000E+00, 1.149663E+00, 2.810834E+02, 2.747834E+02, 2.743167E+02, 2.744690E+02, 2.743388E+02
2024-01-28 09:15:15,1, 0.000000E+00, 2.738171E+02, 2.743346E+02, 0.000000E+00, 9.504340E-01, 2.812048E+02, 2.747991E+02, 2.743330E+02, 2.744658E+02, 2.743347E+02
2024-01-28 09:30:15,1, 0.000000E+00, 2.738096E+02, 2.743361E+02, 0.000000E+00, 9.110534E-01, 2.812997E+02, 2.748181E+02, 2.743543E+02, 2.744721E+02, 2.743414E+02
2024-01-28 09:45:15,1, 0.000000E+00, 2.738022E+02, 2.743372E+02, 0.000000E+00, 9.118708E-01, 2.813786E+02, 2.748350E+02, 2.743737E+02, 2.744777E+02, 2.743476E+02
2024-01-28 10:00:15,1, 0.000000E+00, 2.737956E+02, 2.743378E+02, 0.000000E+00, 9.030390E-01, 2.814480E+02, 2.748505E+02, 2.743921E+02, 2.744826E+02, 2.743531E+02
2024-01-28 10:15:15,1, 0.000000E+00, 2.738373E+02, 2.743777E+02, 0.000000E+00, 2.066421E-01, 2.814960E+02, 2.749148E+02, 2.744705E+02, 2.745218E+02, 2.743951E+02
2024-01-28 10:30:15,1, 0.000000E+00, 2.738791E+02, 2.744311E+02, 0.000000E+00, 1.217853E-02, 2.815166E+02, 2.749884E+02, 2.745598E+02, 2.745804E+02, 2.744580E+02
2024-01-28 10:45:15,1, 0.000000E+00, 2.739208E+02, 2.744844E+02, 0.000000E+00,-3.766374E-02, 2.815302E+02, 2.750610E+02, 2.746481E+02, 2.746393E+02, 2.745212E+02
2024-01-28 11:00:15,1, 0.000000E+00, 2.739624E+02, 2.745376E+02, 0.000000E+00,-3.705983E-02, 2.815464E+02, 2.751336E+02, 2.747358E+02, 2.746979E+02, 2.745840E+02
2024-01-28 11:15:15,1, 0.000000E+00, 2.739942E+02, 2.745784E+02, 0.000000E+00, 1.362410E-01, 2.815619E+02, 2.751817E+02, 2.747887E+02, 2.747435E+02, 2.746314E+02
2024-01-28 11:30:15,1, 0.000000E+00, 2.740260E+02, 2.746142E+02, 0.000000E+00, 1.846099E-01, 2.815729E+02, 2.752247E+02, 2.748368E+02, 2.747817E+02, 2.746710E+02
2024-01-28 11:45:15,1, 0.000000E+00, 2.740577E+02, 2.746499E+02, 0.000000E+00, 2.007086E-01, 2.815853E+02, 2.752678E+02, 2.748849E+02, 2.748194E+02, 2.747101E+02
2024-01-28 12:00:15,1, 0.000000E+00, 2.740890E+02, 2.746856E+02, 0.000000E+00, 2.250578E-01, 2.816016E+02, 2.753113E+02, 2.749332E+02, 2.748574E+02, 2.747493E+02
2024-01-28 12:15:15,1, 0.000000E+00, 2.740894E+02, 2.746955E+02, 0.000000E+00, 7.441058E-01, 2.816271E+02, 2.753230E+02, 2.749416E+02, 2.748728E+02, 2.747644E+02
2024-01-28 12:30:15,1, 0.000000E+00, 2.740898E+02, 2.746970E+02, 0.000000E+00, 8.749749E-01, 2.816639E+02, 2.753268E+02, 2.749428E+02, 2.748753E+02, 2.747661E+02
2024-01-28 12:45:15,1, 0.000000E+00, 2.740901E+02, 2.746984E+02, 0.000000E+00, 9.139888E-01, 2.817054E+02, 2.753312E+02, 2.749441E+02, 2.748775E+02, 2.747675E+02
2024-01-28 13:00:15,1, 1.151827E+01, 2.740914E+02, 2.747027E+02, 1.428327E+00, 9.616330E-01, 2.817489E+02, 2.753895E+02, 2.750345E+02, 2.748929E+02, 2.747855E+02
2024-01-28 13:15:15,1, 1.695678E+01, 2.741443E+02, 2.747988E+02, 1.920640E+00, 1.474546E+00, 2.818293E+02, 2.755584E+02, 2.752268E+02, 2.750479E+02, 2.749695E+02
2024-01-28 13:30:15,1, 2.219977E+01, 2.741973E+02, 2.748747E+02, 2.283251E+00, 2.000078E+00, 2.819333E+02, 2.756771E+02, 2.753637E+02, 2.751515E+02, 2.750823E+02
2024-01-28 13:45:15,1, 2.722478E+01, 2.742502E+02, 2.749494E+02, 2.550222E+00, 2.461312E+00, 2.820498E+02, 2.757951E+02, 2.754994E+02, 2.752522E+02, 2.751916E+02
2024-01-28 14:00:15,1, 3.195871E+01, 2.743032E+02, 2.750233E+02, 2.748467E+00, 2.848829E+00, 2.821709E+02, 2.759115E+02, 2.756322E+02, 2.753511E+02, 2.752984E+02
2024-01-28 14:15:15,1, 3.647695E+01, 2.743598E+02, 2.750996E+02, 2.902502E+00, 3.125102E+00, 2.823126E+02, 2.760294E+02, 2.757643E+02, 2.754502E+02, 2.754041E+02
2024-01-28 14:30:15,1, 4.071627E+01, 2.744164E+02, 2.751770E+02, 3.024817E+00, 3.444400E+00, 2.824842E+02, 2.761492E+02, 2.758949E+02, 2.755502E+02, 2.755096E+02
2024-01-28 14:45:15,1, 4.465852E+01, 2.744729E+02, 2.752535E+02, 3.124187E+00, 3.752234E+00, 2.826656E+02, 2.762666E+02, 2.760213E+02, 2.756484E+02, 2.756125E+02
2024-01-28 15:00:15,1, 3.598897E+01, 2.745284E+02, 2.753251E+02, 2.948645E+00, 4.060333E+00, 2.828454E+02, 2.763151E+02, 2.760327E+02, 2.757298E+02, 2.756945E+02
2024-01-28 15:15:15,1, 3.844762E+01, 2.745188E+02, 2.753018E+02, 2.996739E+00, 4.974477E+00, 2.830258E+02, 2.762955E+02, 2.760093E+02, 2.756886E+02, 2.756393E+02
2024-01-28 15:30:15,1, 4.065018E+01, 2.745091E+02, 2.753064E+02, 3.057571E+00, 5.467863E+00, 2.832453E+02, 2.763452E+02, 2.760622E+02, 2.757117E+02, 2.756661E+02
2024-01-28 15:45:15,1, 4.258721E+01, 2.744995E+02, 2.753106E+02, 3.108025E+00, 5.907237E+00, 2.834740E+02, 2.763946E+02, 2.761141E+02, 2.757354E+02, 2.756935E+02
2024-01-28 16:00:15,1, 2.639834E+01, 2.744893E+02, 2.753083E+02, 2.581768E+00, 6.378519E+00, 2.836949E+02, 2.763435E+02, 2.760002E+02, 2.757353E+02, 2.756934E+02
2024-01-28 16:15:15,1, 2.722294E+01, 2.744498E+02, 2.752324E+02, 2.595656E+00, 9.297536E+00, 2.839532E+02, 2.762453E+02, 2.758726E+02, 2.756040E+02, 2.755277E+02
2024-01-28 16:30:15,1, 2.787641E+01, 2.744102E+02, 2.752095E+02, 2.626397E+00, 1.194806E+01, 2.843261E+02, 2.762661E+02, 2.758757E+02, 2.755921E+02, 2.755097E+02
2024-01-28 16:45:15,1, 2.835594E+01, 2.743707E+02, 2.751892E+02, 2.648278E+00, 1.308242E+01, 2.847313E+02, 2.762891E+02, 2.758784E+02, 2.755846E+02, 2.754959E+02
2024-01-28 17:00:15,1, 3.978409E+01, 2.743317E+02, 2.751714E+02, 3.015924E+00, 1.400347E+01, 2.851218E+02, 2.763666E+02, 2.759768E+02, 2.755885E+02, 2.754964E+02
2024-01-28 17:15:15,1, 3.995936E+01, 2.743264E+02, 2.752159E+02, 3.052449E+00, 1.521523E+01, 2.856815E+02, 2.764882E+02, 2.760765E+02, 2.756819E+02, 2.755979E+02
2024-01-28 17:30:15,1, 3.988777E+01, 2.743212E+02, 2.752370E+02, 3.059857E+00, 1.665187E+01, 2.864148E+02, 2.765679E+02, 2.761145E+02, 2.757193E+02, 2.756222E+02
2024-01-28 17:45:15,1, 3.956963E+01, 2.743160E+02, 2.752578E+02, 3.060857E+00, 1.832144E+01, 2.871466E+02, 2.766464E+02, 2.761500E+02, 2.757555E+02, 2.756447E+02
2024-01-28 18:00:15,1, 4.133756E+01, 2.743109E+02, 2.752769E+02, 3.109981E+00, 2.000145E+01, 2.878201E+02, 2.767268E+02, 2.761987E+02, 2.757894E+02, 2.756665E+02
2024-01-28 18:15:15,1, 4.048329E+01, 2.743153E+02, 2.753043E+02, 3.105748E+00, 2.129084E+01, 2.884105E+02, 2.768156E+02, 2.762583E+02, 2.758393E+02, 2.757105E+02
2024-01-28 18:30:15,1, 3.937539E+01, 2.743197E+02, 2.753220E+02, 3.086360E+00, 2.214758E+01, 2.889285E+02, 2.768787E+02, 2.762944E+02, 2.758691E+02, 2.757327E+02
2024-01-28 18:45:15,1, 3.801861E+01, 2.743241E+02, 2.753367E+02, 3.056597E+00, 2.286000E+01, 2.894076E+02, 2.769340E+02, 2.763238E+02, 2.758937E+02, 2.757499E+02
2024-01-28 19:00:15,1, 4.045645E+01, 2.743281E+02, 2.753504E+02, 3.126863E+00, 2.350537E+01, 2.898614E+02, 2.770038E+02, 2.763829E+02, 2.759187E+02, 2.757687E+02
2024-01-28 19:15:15,1, 3.841682E+01, 2.743102E+02, 2.753561E+02, 3.077949E+00, 2.518101E+01, 2.900966E+02, 2.770200E+02, 2.763722E+02, 2.759384E+02, 2.757841E+02
2024-01-28 19:30:15,1, 3.612351E+01, 2.742923E+02, 2.753375E+02, 3.001675E+00, 2.577165E+01, 2.901373E+02, 2.769781E+02, 2.763119E+02, 2.759079E+02, 2.757458E+02
2024-01-28 19:45:15,1, 3.358635E+01, 2.742744E+02, 2.753156E+02, 2.908470E+00, 2.615937E+01, 2.901522E+02, 2.769261E+02, 2.762462E+02, 2.758699E+02, 2.757021E+02
2024-01-28 20:00:15,1, 2.232431E+01, 2.742559E+02, 2.752903E+02, 2.357550E+00, 2.647712E+01, 2.901764E+02, 2.768339E+02, 2.761091E+02, 2.758209E+02, 2.756447E+02
2024-01-28 20:15:15,1, 2.015732E+01, 2.742016E+02, 2.752165E+02, 2.199947E+00, 2.668313E+01, 2.901927E+02, 2.767206E+02, 2.759841E+02, 2.757085E+02, 2.755168E+02
2024-01-28 20:30:15,1, 1.783942E+01, 2.741472E+02, 2.751615E+02, 2.022508E+00, 2.703308E+01, 2.902156E+02, 2.766486E+02, 2.759070E+02, 2.756409E+02, 2.754463E+02
2024-01-28 20:45:15,1, 1.538053E+01, 2.740928E+02, 2.751064E+02, 1.813492E+00, 2.730297E+01, 2.902399E+02, 2.765771E+02, 2.758297E+02, 2.755739E+02, 2.753759E+02
2024-01-28 21:00:15,1, 1.356957E+01, 2.740382E+02, 2.750506E+02, 1.644514E+00, 2.751654E+01, 2.902491E+02, 2.765069E+02, 2.757565E+02, 2.755063E+02, 2.753052E+02
2024-01-28 21:15:15,1, 1.069601E+01, 2.739680E+02, 2.749833E+02, 1.351336E+00, 2.825209E+01, 2.903045E+02, 2.764215E+02, 2.756612E+02, 2.754292E+02, 2.752244E+02
2024-01-28 21:30:15,1, 7.708125E+00, 2.738978E+02, 2.749121E+02, 1.013167E+00, 2.859319E+01, 2.903916E+02, 2.763349E+02, 2.755625E+02, 2.753447E+02, 2.751340E+02
2024-01-28 21:45:15,1, 4.618702E+00, 2.738276E+02, 2.748398E+02, 6.300791E-01, 2.879329E+01, 2.904468E+02, 2.762454E+02, 2.754629E+02, 2.752586E+02, 2.750421E+02
2024-01-28 22:00:15,1, 0.000000E+00, 2.737578E+02, 2.747653E+02, 0.000000E+00, 2.878331E+01, 2.904592E+02, 2.761423E+02, 2.753495E+02, 2.751681E+02, 2.749456E+02
2024-01-28 22:15:15,1, 0.000000E+00, 2.737136E+02, 2.747082E+02, 0.000000E+00, 2.843131E+01, 2.904021E+02, 2.760649E+02, 2.752733E+02, 2.750971E+02, 2.748721E+02
2024-01-28 22:30:15,1, 0.000000E+00, 2.736694E+02, 2.746604E+02, 0.000000E+00, 2.865035E+01, 2.902971E+02, 2.759966E+02, 2.752089E+02, 2.750431E+02, 2.748194E+02
2024-01-28 22:45:15,1, 0.000000E+00, 2.736252E+02, 2.746118E+02, 0.000000E+00, 2.881384E+01, 2.901792E+02, 2.759269E+02, 2.751436E+02, 2.749883E+02, 2.747661E+02
2024-01-28 23:00:15,1, 0.000000E+00, 2.735812E+02, 2.745628E+02, 0.000000E+00, 2.895635E+01, 2.900573E+02, 2.758570E+02, 2.750782E+02, 2.749332E+02, 2.747124E+02
2024-01-28 23:15:15,1, 0.000000E+00, 2.735479E+02, 2.745225E+02, 0.000000E+00, 2.937412E+01, 2.898610E+02, 2.757981E+02, 2.750313E+02, 2.748863E+02, 2.746688E+02
2024-01-28 23:30:15,1, 0.000000E+00, 2.735145E+02, 2.744817E+02, 0.000000E+00, 2.914873E+01, 2.895973E+02, 2.757326E+02, 2.749811E+02, 2.748387E+02, 2.746256E+02
2024-01-28 23:45:15,1, 0.000000E+00, 2.734811E+02, 2.744403E+02, 0.000000E+00, 2.883432E+01, 2.893357E+02, 2.756672E+02, 2.749307E+02, 2.747904E+02, 2.745817E+02
2024-01-28 00:00:15,2, 0.000000E+00, 2.758040E+02, 2.762645E+02, 0.000000E+00, 2.830496E+00, 2.816355E+02, 2.765119E+02, 2.760700E+02, 2.763638E+02, 2.762428E+02
2024-01-28 00:15:15,2, 0.000000E+00, 2.756804E+02, 2.761391E+02, 0.000000E+00, 2.302987E+00, 2.815467E+02, 2.764036E+02, 2.759667E+02, 2.762359E+02, 2.761148E+02
2024-01-28 00:30:15,2, 0.000000E+00, 2.755568E+02, 2.760246E+02, 0.000000E+00, 2.182967E+00, 2.814646E+02, 2.763068E+02, 2.758761E+02, 2.761254E+02, 2.760062E+02
2024-01-28 00:45:15,2, 0.000000E+00, 2.754332E+02, 2.759111E+02, 0.000000E+00, 2.111672E+00, 2.813880E+02, 2.762114E+02, 2.757870E+02, 2.760167E+02, 2.758993E+02
2024-01-28 01:00:15,2, 0.000000E+00, 2.753103E+02, 2.757979E+02, 0.000000E+00, 2.057287E+00, 2.813160E+02, 2.761164E+02, 2.756979E+02, 2.759085E+02, 2.757930E+02
2024-01-28 01:15:15,2, 0.000000E+00, 2.752331E+02, 2.757009E+02, 0.000000E+00, 2.039277E+00, 2.812451E+02, 2.759930E+02, 2.755562E+02, 2.758025E+02, 2.756826E+02
2024-01-28 01:30:15,2, 0.000000E+00, 2.751559E+02, 2.756121E+02, 0.000000E+00, 1.942109E+00, 2.811737E+02, 2.758748E+02, 2.754167E+02, 2.757044E+02, 2.755789E+02
2024-01-28 01:45:15,2, 0.000000E+00, 2.750787E+02, 2.755193E+02, 0.000000E+00, 1.917619E+00, 2.811026E+02, 2.757541E+02, 2.752761E+02, 2.756048E+02, 2.754739E+02
2024-01-28 02:00:15,2, 0.000000E+00, 2.750017E+02, 2.754228E+02, 0.000000E+00, 1.817822E+00, 2.810313E+02, 2.756301E+02, 2.751314E+02, 2.755009E+02, 2.753643E+02
2024-01-28 02:15:15,2, 0.000000E+00, 2.749338E+02, 2.753485E+02, 0.000000E+00, 1.679249E+00, 2.809633E+02, 2.755724E+02, 2.750841E+02, 2.754247E+02, 2.752889E+02
2024-01-28 02:30:15,2, 0.000000E+00, 2.748659E+02, 2.752884E+02, 0.000000E+00, 1.776752E+00, 2.808997E+02, 2.755302E+02, 2.750553E+02, 2.753688E+02, 2.752364E+02
2024-01-28 02:45:15,2, 0.000000E+00, 2.747981E+02, 2.752300E+02, 0.000000E+00, 1.832389E+00, 2.808390E+02, 2.754892E+02, 2.750270E+02, 2.753151E+02, 2.751862E+02
2024-01-28 03:00:15,2, 0.000000E+00, 2.747316E+02, 2.751716E+02, 0.000000E+00, 1.800768E+00, 2.807809E+02, 2.754483E+02, 2.749979E+02, 2.752614E+02, 2.751358E+02
2024-01-28 03:15:15,2, 0.000000E+00, 2.747500E+02, 2.751742E+02, 0.000000E+00, 9.768583E-01, 2.807300E+02, 2.754730E+02, 2.750419E+02, 2.752574E+02, 2.751353E+02
2024-01-28 03:30:15,2, 0.000000E+00, 2.747683E+02, 2.752068E+02, 0.000000E+00, 7.578016E-01, 2.806859E+02, 2.755279E+02, 2.751199E+02, 2.752941E+02, 2.751780E+02
2024-01-28 03:45:15,2, 0.000000E+00, 2.747866E+02, 2.752411E+02, 0.000000E+00, 6.219050E-01, 2.806467E+02, 2.755852E+02, 2.751999E+02, 2.753350E+02, 2.752252E+02
2024-01-28 04:00:15,2, 0.000000E+00, 2.748047E+02, 2.752729E+02, 0.000000E+00, 5.681434E-01, 2.806114E+02, 2.756392E+02, 2.752781E+02, 2.753742E+02, 2.752708E+02
2024-01-28 04:15:15,2, 0.000000E+00, 2.748064E+02, 2.752759E+02, 0.000000E+00, 6.677067E-01, 2.805754E+02, 2.756344E+02, 2.752729E+02, 2.753806E+02, 2.752792E+02
2024-01-28 04:30:15,2, 0.000000E+00, 2.748081E+02, 2.752745E+02, 0.000000E+00, 6.656734E-01, 2.805391E+02, 2.756258E+02, 2.752627E+02, 2.753768E+02, 2.752751E+02
2024-01-28 04:45:15,2, 0.000000E+00, 2.748098E+02, 2.752718E+02, 0.000000E+00, 6.845900E-01, 2.805033E+02, 2.756157E+02, 2.752520E+02, 2.753727E+02, 2.752708E+02
2024-01-28 05:00:15,2, 0.000000E+00, 2.748115E+02, 2.752670E+02, 0.000000E+00, 6.769142E-01, 2.804673E+02, 2.756038E+02, 2.752398E+02, 2.753660E+02, 2.752640E+02
2024-01-28 05:15:15,2, 0.000000E+00, 2.748110E+02, 2.752654E+02, 0.000000E+00, 4.426871E-01, 2.804338E+02, 2.756004E+02, 2.752381E+02, 2.753630E+02, 2.752613E+02
2024-01-28 05:30:15,2, 0.000000E+00, 2.748106E+02, 2.752654E+02, 0.000000E+00, 3.400340E-01, 2.804061E+02, 2.755991E+02, 2.752384E+02, 2.753625E+02, 2.752613E+02
2024-01-28 05:45:15,2, 0.000000E+00, 2.748101E+02, 2.752657E+02, 0.000000E+00, 2.894821E-01, 2.803818E+02, 2.755983E+02, 2.752391E+02, 2.753624E+02, 2.752616E+02
2024-01-28 06:00:15,2, 0.000000E+00, 2.748063E+02, 2.752657E+02, 0.000000E+00, 2.846967E-01, 2.803597E+02, 2.755978E+02, 2.752401E+02, 2.753624E+02, 2.752620E+02
2024-01-28 06:15:15,2, 0.000000E+00, 2.746074E+02, 2.751264E+02, 0.000000E+00, 1.233416E+00, 2.803371E+02, 2.754775E+02, 2.751217E+02, 2.752518E+02, 2.751548E+02
2024-01-28 06:30:15,2, 0.000000E+00, 2.744085E+02, 2.749426E+02, 0.000000E+00, 1.471577E+00, 2.803222E+02, 2.753201E+02, 2.749630E+02, 2.750767E+02, 2.749792E+02
2024-01-28 06:45:15,2, 0.000000E+00, 2.742095E+02, 2.747569E+02, 0.000000E+00, 1.510483E+00, 2.803107E+02, 2.751611E+02, 2.748018E+02, 2.748979E+02, 2.747993E+02
2024-01-28 07:00:15,2, 0.000000E+00, 2.740135E+02, 2.745715E+02, 0.000000E+00, 1.470322E+00, 2.802992E+02, 2.750021E+02, 2.746401E+02, 2.747191E+02, 2.746194E+02
2024-01-28 07:15:15,2, 0.000000E+00, 2.739911E+02, 2.745019E+02, 0.000000E+00, 1.048004E+00, 2.803077E+02, 2.749364E+02, 2.745688E+02, 2.746311E+02, 2.745281E+02
2024-01-28 07:30:15,2, 0.000000E+00, 2.739686E+02, 2.744766E+02, 0.000000E+00, 1.005280E+00, 2.803655E+02, 2.749129E+02, 2.745383E+02, 2.746038E+02, 2.744987E+02
2024-01-28 07:45:15,2, 0.000000E+00, 2.739461E+02, 2.744548E+02, 0.000000E+00, 1.003165E+00, 2.804505E+02, 2.748952E+02, 2.745125E+02, 2.745828E+02, 2.744755E+02
2024-01-28 08:00:15,2, 0.000000E+00, 2.739236E+02, 2.744339E+02, 0.000000E+00, 1.012657E+00, 2.805476E+02, 2.748794E+02, 2.744879E+02, 2.745632E+02, 2.744535E+02
2024-01-28 08:15:15,2, 0.000000E+00, 2.738987E+02, 2.744102E+02, 0.000000E+00, 1.079710E+00, 2.806613E+02, 2.748578E+02, 2.744526E+02, 2.745407E+02, 2.744275E+02
2024-01-28 08:30:15,2, 0.000000E+00, 2.738739E+02, 2.743863E+02, 0.000000E+00, 1.111840E+00, 2.807996E+02, 2.748384E+02, 2.744181E+02, 2.745180E+02, 2.744006E+02
2024-01-28 08:45:15,2, 0.000000E+00, 2.738491E+02, 2.743629E+02, 0.000000E+00, 1.136074E+00, 2.809442E+02, 2.748201E+02, 2.743843E+02, 2.744961E+02, 2.743743E+02
2024-01-28 09:00:15,2, 0.000000E+00, 2.738245E+02, 2.743394E+02, 0.000000E+00, 1.149977E+00, 2.810845E+02, 2.748016E+02, 2.743505E+02, 2.744741E+02, 2.743481E+02
2024-01-28 09:15:15,2, 0.000000E+00, 2.738171E+02, 2.743346E+02, 0.000000E+00, 9.508278E-01, 2.812059E+02, 2.748172E+02, 2.743663E+02, 2.744709E+02, 2.743438E+02
2024-01-28 09:30:15,2, 0.000000E+00, 2.738096E+02, 2.743362E+02, 0.000000E+00, 9.114682E-01, 2.813009E+02, 2.748359E+02, 2.743866E+02, 2.744771E+02, 2.743503E+02
2024-01-28 09:45:15,2, 0.000000E+00, 2.738022E+02, 2.743373E+02, 0.000000E+00, 9.122263E-01, 2.813798E+02, 2.748525E+02, 2.744052E+02, 2.744827E+02, 2.743564E+02
2024-01-28 10:00:15,2, 0.000000E+00, 2.737956E+02, 2.743379E+02, 0.000000E+00, 9.033587E-01, 2.814492E+02, 2.748679E+02, 2.744230E+02, 2.744875E+02, 2.743618E+02
2024-01-28 10:15:15,2, 0.000000E+00, 2.738373E+02, 2.743779E+02, 0.000000E+00, 2.069850E-01, 2.814972E+02, 2.749315E+02, 2.744999E+02, 2.745265E+02, 2.744033E+02
2024-01-28 10:30:15,2, 0.000000E+00, 2.738791E+02, 2.744312E+02, 0.000000E+00, 1.249039E-02, 2.815178E+02, 2.750043E+02, 2.745875E+02, 2.745850E+02, 2.744658E+02
2024-01-28 10:45:15,2, 0.000000E+00, 2.739208E+02, 2.744846E+02, 0.000000E+00,-3.736614E-02, 2.815313E+02, 2.750763E+02, 2.746743E+02, 2.746436E+02, 2.745285E+02
2024-01-28 11:00:15,2, 0.000000E+00, 2.739624E+02, 2.745377E+02, 0.000000E+00,-3.676114E-02, 2.815475E+02, 2.751482E+02, 2.747605E+02, 2.747021E+02, 2.745910E+02
2024-01-28 11:15:15,2, 0.000000E+00, 2.739942E+02, 2.745785E+02, 0.000000E+00, 1.365357E-01, 2.815631E+02, 2.751961E+02, 2.748130E+02, 2.747476E+02, 2.746383E+02
2024-01-28 11:30:15,2, 0.000000E+00, 2.740260E+02, 2.746144E+02, 0.000000E+00, 1.849123E-01, 2.815740E+02, 2.752390E+02, 2.748607E+02, 2.747858E+02, 2.746777E+02
2024-01-28 11:45:15,2, 0.000000E+00, 2.740577E+02, 2.746501E+02, 0.000000E+00, 2.010182E-01, 2.815864E+02, 2.752818E+02, 2.749084E+02, 2.748235E+02, 2.747167E+02
2024-01-28 12:00:15,2, 0.000000E+00, 2.740890E+02, 2.746858E+02, 0.000000E+00, 2.253721E-01, 2.816028E+02, 2.753251E+02, 2.749563E+02, 2.748614E+02, 2.747559E+02
2024-01-28 12:15:15,2, 0.000000E+00, 2.740894E+02, 2.746957E+02, 0.000000E+00, 7.444000E-01, 2.816282E+02, 2.753370E+02, 2.749651E+02, 2.748769E+02, 2.747711E+02
2024-01-28 12:30:15,2, 0.000000E+00, 2.740898E+02, 2.746972E+02, 0.000000E+00, 8.752740E-01, 2.816650E+02, 2.753411E+02, 2.749666E+02, 2.748794E+02, 2.747729E+02
2024-01-28 12:45:15,2, 0.000000E+00, 2.740901E+02, 2.746986E+02, 0.000000E+00, 9.142919E-01, 2.817066E+02, 2.753456E+02, 2.749684E+02, 2.748818E+02, 2.747745E+02
2024-01-28 13:00:15,2, 1.151827E+01, 2.740914E+02, 2.747029E+02, 1.430733E+00, 9.620036E-01, 2.817501E+02, 2.754026E+02, 2.750554E+02, 2.748970E+02, 2.747920E+02
2024-01-28 13:15:15,2, 1.695678E+01, 2.741443E+02, 2.747989E+02, 1.924952E+00, 1.479300E+00, 2.818304E+02, 2.755701E+02, 2.752448E+02, 2.750508E+02, 2.749735E+02
2024-01-28 13:30:15,2, 2.219977E+01, 2.741973E+02, 2.748749E+02, 2.288365E+00, 2.004377E+00, 2.819345E+02, 2.756880E+02, 2.753797E+02, 2.751540E+02, 2.750856E+02
2024-01-28 13:45:15,2, 2.722478E+01, 2.742502E+02, 2.749496E+02, 2.554795E+00, 2.465214E+00, 2.820509E+02, 2.758052E+02, 2.755136E+02, 2.752544E+02, 2.751942E+02
2024-01-28 14:00:15,2, 3.195871E+01, 2.743032E+02, 2.750236E+02, 2.751974E+00, 2.852063E+00, 2.821720E+02, 2.759209E+02, 2.756449E+02, 2.753531E+02, 2.753004E+02
2024-01-28 14:15:15,2, 3.647695E+01, 2.743598E+02, 2.750999E+02, 2.905012E+00, 3.127678E+00, 2.823137E+02, 2.760381E+02, 2.757754E+02, 2.754519E+02, 2.754055E+02
2024-01-28 14:30:15,2, 4.071627E+01, 2.744164E+02, 2.751773E+02, 3.026629E+00, 3.446503E+00, 2.824853E+02, 2.761573E+02, 2.759049E+02, 2.755516E+02, 2.755106E+02
2024-01-28 14:45:15,2, 4.465852E+01, 2.744729E+02, 2.752538E+02, 3.125588E+00, 3.754090E+00, 2.826667E+02, 2.762743E+02, 2.760302E+02, 2.756496E+02, 2.756129E+02
2024-01-28 15:00:15,2, 3.598897E+01, 2.745284E+02, 2.753254E+02, 2.951644E+00, 4.062187E+00, 2.828465E+02, 2.763242E+02, 2.760445E+02, 2.757311E+02, 2.756952E+02
2024-01-28 15:15:15,2, 3.844762E+01, 2.745188E+02, 2.753021E+02, 2.999046E+00, 4.976595E+00, 2.830268E+02, 2.763050E+02, 2.760218E+02, 2.756905E+02, 2.756412E+02
2024-01-28 15:30:15,2, 4.065018E+01, 2.745091E+02, 2.753067E+02, 3.059501E+00, 5.469862E+00, 2.832464E+02, 2.763548E+02, 2.760746E+02, 2.757135E+02, 2.756677E+02
2024-01-28 15:45:15,2, 4.258721E+01, 2.744995E+02, 2.753110E+02, 3.109522E+00, 5.909228E+00, 2.834750E+02, 2.764033E+02, 2.761264E+02, 2.757370E+02, 2.756951E+02
2024-01-28 16:00:15,2, 2.639834E+01, 2.744893E+02, 2.753087E+02, 2.586818E+00, 6.379051E+00, 2.836959E+02, 2.763542E+02, 2.760186E+02, 2.757366E+02, 2.756957E+02
2024-01-28 16:15:15,2, 2.722294E+01, 2.744498E+02, 2.752328E+02, 2.600423E+00, 9.299786E+00, 2.839542E+02, 2.762572E+02, 2.758929E+02, 2.756065E+02, 2.755322E+02
2024-01-28 16:30:15,2, 2.787641E+01, 2.744102E+02, 2.752098E+02, 2.631117E+00, 1.194973E+01, 2.843270E+02, 2.762797E+02, 2.758966E+02, 2.755951E+02, 2.755144E+02
2024-01-28 16:45:15,2, 2.835594E+01, 2.743707E+02, 2.751895E+02, 2.652960E+00, 1.308517E+01, 2.847322E+02, 2.763038E+02, 2.759001E+02, 2.755882E+02, 2.755008E+02
2024-01-28 17:00:15,2, 3.978409E+01, 2.743317E+02, 2.751717E+02, 3.017761E+00, 1.400631E+01, 2.851227E+02, 2.763801E+02, 2.759958E+02, 2.755920E+02, 2.755011E+02
2024-01-28 17:15:15,2, 3.995936E+01, 2.743264E+02, 2.752163E+02, 3.054442E+00, 1.521669E+01, 2.856824E+02, 2.765020E+02, 2.760959E+02, 2.756850E+02, 2.756016E+02
2024-01-28 17:30:15,2, 3.988777E+01, 2.743212E+02, 2.752374E+02, 3.061880E+00, 1.665291E+01, 2.864158E+02, 2.765831E+02, 2.761361E+02, 2.757228E+02, 2.756266E+02
2024-01-28 17:45:15,2, 3.956963E+01, 2.743160E+02, 2.752582E+02, 3.062962E+00, 1.832226E+01, 2.871476E+02, 2.766628E+02, 2.761737E+02, 2.757594E+02, 2.756498E+02
2024-01-28 18:00:15,2, 4.133756E+01, 2.743109E+02, 2.752773E+02, 3.111741E+00, 2.000209E+01, 2.878211E+02, 2.767442E+02, 2.762238E+02, 2.757937E+02, 2.756722E+02
2024-01-28 18:15:15,2, 4.048329E+01, 2.743153E+02, 2.753047E+02, 3.107729E+00, 2.129130E+01, 2.884115E+02, 2.768340E+02, 2.762852E+02, 2.758439E+02, 2.757166E+02
2024-01-28 18:30:15,2, 3.937539E+01, 2.743197E+02, 2.753224E+02, 3.088608E+00, 2.214797E+01, 2.889295E+02, 2.768983E+02, 2.763232E+02, 2.758741E+02, 2.757394E+02
2024-01-28 18:45:15,2, 3.801861E+01, 2.743241E+02, 2.753371E+02, 3.059206E+00, 2.286044E+01, 2.894086E+02, 2.769548E+02, 2.763546E+02, 2.758989E+02, 2.757571E+02
2024-01-28 19:00:15,2, 4.045645E+01, 2.743281E+02, 2.753508E+02, 3.128881E+00, 2.350586E+01, 2.898624E+02, 2.770251E+02, 2.764144E+02, 2.759243E+02, 2.757765E+02
2024-01-28 19:15:15,2, 3.841682E+01, 2.743102E+02, 2.753565E+02, 3.080504E+00, 2.518109E+01, 2.900977E+02, 2.770419E+02, 2.764049E+02, 2.759440E+02, 2.757920E+02
2024-01-28 19:30:15,2, 3.612351E+01, 2.742923E+02, 2.753379E+02, 3.004804E+00, 2.577215E+01, 2.901384E+02, 2.770006E+02, 2.763454E+02, 2.759138E+02, 2.757541E+02
2024-01-28 19:45:15,2, 3.358635E+01, 2.742744E+02, 2.753160E+02, 2.912283E+00, 2.616053E+01, 2.901533E+02, 2.769489E+02, 2.762807E+02, 2.758760E+02, 2.757108E+02
2024-01-28 20:00:15,2, 2.232431E+01, 2.742559E+02, 2.752907E+02, 2.363042E+00, 2.647912E+01, 2.901775E+02, 2.768586E+02, 2.761476E+02, 2.758273E+02, 2.756542E+02
2024-01-28 20:15:15,2, 2.015732E+01, 2.742016E+02, 2.752169E+02, 2.205131E+00, 2.668681E+01, 2.901938E+02, 2.767460E+02, 2.760241E+02, 2.757155E+02, 2.755274E+02
2024-01-28 20:30:15,2, 1.783942E+01, 2.741472E+02, 2.751618E+02, 2.027060E+00, 2.703688E+01, 2.902168E+02, 2.766744E+02, 2.759476E+02, 2.756480E+02, 2.754572E+02
2024-01-28 20:45:15,2, 1.538053E+01, 2.740928E+02, 2.751067E+02, 1.817163E+00, 2.730649E+01, 2.902411E+02, 2.766032E+02, 2.758711E+02, 2.755811E+02, 2.753871E+02
2024-01-28 21:00:15,2, 1.356957E+01, 2.740382E+02, 2.750509E+02, 1.647492E+00, 2.751956E+01, 2.902503E+02, 2.765332E+02, 2.757985E+02, 2.755136E+02, 2.753166E+02
2024-01-28 21:15:15,2, 1.069601E+01, 2.739680E+02, 2.749837E+02, 1.353239E+00, 2.825453E+01, 2.903057E+02, 2.764483E+02, 2.757043E+02, 2.754367E+02, 2.752361E+02
2024-01-28 21:30:15,2, 7.708125E+00, 2.738978E+02, 2.749125E+02, 1.014179E+00, 2.859479E+01, 2.903928E+02, 2.763623E+02, 2.756069E+02, 2.753525E+02, 2.751462E+02
2024-01-28 21:45:15,2, 4.618702E+00, 2.738276E+02, 2.748402E+02, 6.304825E-01, 2.879394E+01, 2.904480E+02, 2.762734E+02, 2.755085E+02, 2.752666E+02, 2.750548E+02
2024-01-28 22:00:15,2, 0.000000E+00, 2.737578E+02, 2.747656E+02, 0.000000E+00, 2.878360E+01, 2.904604E+02, 2.761708E+02, 2.753964E+02, 2.751763E+02, 2.749589E+02
2024-01-28 22:15:15,2, 0.000000E+00, 2.737136E+02, 2.747086E+02, 0.000000E+00, 2.843037E+01, 2.904034E+02, 2.760934E+02, 2.753203E+02, 2.751054E+02, 2.748855E+02
2024-01-28 22:30:15,2, 0.000000E+00, 2.736694E+02, 2.746607E+02, 0.000000E+00, 2.864930E+01, 2.902984E+02, 2.760250E+02, 2.752557E+02, 2.750514E+02, 2.748328E+02
2024-01-28 22:45:15,2, 0.000000E+00, 2.736252E+02, 2.746121E+02, 0.000000E+00, 2.881282E+01, 2.901805E+02, 2.759551E+02, 2.751902E+02, 2.749966E+02, 2.747795E+02
2024-01-28 23:00:15,2, 0.000000E+00, 2.735812E+02, 2.745631E+02, 0.000000E+00, 2.895535E+01, 2.900587E+02, 2.758852E+02, 2.751247E+02, 2.749414E+02, 2.747257E+02
2024-01-28 23:15:15,2, 0.000000E+00, 2.735479E+02, 2.745228E+02, 0.000000E+00, 2.937317E+01, 2.898624E+02, 2.758257E+02, 2.750770E+02, 2.748944E+02, 2.746819E+02
2024-01-28 23:30:15,2, 0.000000E+00, 2.735145E+02, 2.744820E+02, 0.000000E+00, 2.914790E+01, 2.895987E+02, 2.757598E+02, 2.750258E+02, 2.748466E+02, 2.746384E+02
2024-01-28 23:45:15,2, 0.000000E+00, 2.734811E+02, 2.744407E+02, 0.000000E+00, 2.883358E+01, 2.893371E+02, 2.756938E+02, 2.749745E+02, 2.747982E+02, 2.745942E+02
2024-01-29 00:00:15,1, 0.000000E+00, 2.734478E+02, 2.743994E+02, 0.000000E+00, 2.852333E+01, 2.890919E+02, 2.756041E+02, 2.748815E+02, 2.747430E+02, 2.745384E+02
2024-01-29 00:15:15,1, 0.000000E+00, 2.734204E+02, 2.743604E+02, 0.000000E+00, 2.756141E+01, 2.888148E+02, 2.755387E+02, 2.748269E+02, 2.746966E+02, 2.744952E+02
2024-01-29 00:30:15,1, 0.000000E+00, 2.733931E+02, 2.743196E+02, 0.000000E+00, 2.683867E+01, 2.884993E+02, 2.754683E+02, 2.747691E+02, 2.746476E+02, 2.744499E+02
2024-01-29 00:45:15,1, 0.000000E+00, 2.733657E+02, 2.742789E+02, 0.000000E+00, 2.615342E+01, 2.881952E+02, 2.753988E+02, 2.747118E+02, 2.745987E+02, 2.744045E+02
2024-01-29 01:00:15,1, 0.000000E+00, 2.733384E+02, 2.742388E+02, 0.000000E+00, 2.552272E+01, 2.879141E+02, 2.753323E+02, 2.746563E+02, 2.745510E+02, 2.743601E+02
2024-01-29 01:15:15,1, 0.000000E+00, 2.733144E+02, 2.742031E+02, 0.000000E+00, 2.465082E+01, 2.876329E+02, 2.752752E+02, 2.746117E+02, 2.745087E+02, 2.743212E+02
2024-01-29 01:30:15,1, 0.000000E+00, 2.732904E+02, 2.741680E+02, 0.000000E+00, 2.394638E+01, 2.873442E+02, 2.752181E+02, 2.745674E+02, 2.744674E+02, 2.742835E+02
2024-01-29 01:45:15,1, 0.000000E+00, 2.732664E+02, 2.741333E+02, 0.000000E+00, 2.329214E+01, 2.870701E+02, 2.751627E+02, 2.745241E+02, 2.744267E+02, 2.742464E+02
2024-01-29 02:00:15,1, 0.000000E+00, 2.732422E+02, 2.740992E+02, 0.000000E+00, 2.271108E+01, 2.868156E+02, 2.751095E+02, 2.744821E+02, 2.743872E+02, 2.742101E+02
2024-01-29 02:15:15,1, 0.000000E+00, 2.732000E+02, 2.740504E+02, 0.000000E+00, 2.251246E+01, 2.865655E+02, 2.750342E+02, 2.744164E+02, 2.743333E+02, 2.741592E+02
2024-01-29 02:30:15,1, 0.000000E+00, 2.731578E+02, 2.739966E+02, 0.000000E+00, 2.218071E+01, 2.863116E+02, 2.749541E+02, 2.743459E+02, 2.742721E+02, 2.741009E+02
2024-01-29 02:45:15,1, 0.000000E+00, 2.731157E+02, 2.739426E+02, 0.000000E+00, 2.185367E+01, 2.860646E+02, 2.748749E+02, 2.742759E+02, 2.742109E+02, 2.740424E+02
2024-01-29 03:00:15,1, 0.000000E+00, 2.730733E+02, 2.738888E+02, 0.000000E+00, 2.155751E+01, 2.858275E+02, 2.747971E+02, 2.742067E+02, 2.741502E+02, 2.739843E+02
2024-01-29 03:15:15,1, 0.000000E+00, 2.730191E+02, 2.738274E+02, 0.000000E+00, 2.167565E+01, 2.855940E+02, 2.747131E+02, 2.741333E+02, 2.740830E+02, 2.739202E+02
2024-01-29 03:30:15,1, 0.000000E+00, 2.729648E+02, 2.737634E+02, 0.000000E+00, 2.153422E+01, 2.853602E+02, 2.746276E+02, 2.740583E+02, 2.740128E+02, 2.738531E+02
2024-01-29 03:45:15,1, 0.000000E+00, 2.729106E+02, 2.736993E+02, 0.000000E+00, 2.136891E+01, 2.851313E+02, 2.745430E+02, 2.739837E+02, 2.739427E+02, 2.737860E+02
2024-01-29 04:00:15,1, 0.000000E+00, 2.728563E+02, 2.736353E+02, 0.000000E+00, 2.121485E+01, 2.849089E+02, 2.744594E+02, 2.739096E+02, 2.738731E+02, 2.737191E+02
2024-01-29 04:15:15,1, 0.000000E+00, 2.727981E+02, 2.735680E+02, 0.000000E+00, 2.136950E+01, 2.846877E+02, 2.743718E+02, 2.738313E+02, 2.738004E+02, 2.736493E+02
2024-01-29 04:30:15,1, 0.000000E+00, 2.727400E+02, 2.734995E+02, 0.000000E+00, 2.127745E+01, 2.844646E+02, 2.742833E+02, 2.737519E+02, 2.737262E+02, 2.735777E+02
2024-01-29 04:45:15,1, 0.000000E+00, 2.726818E+02, 2.734310E+02, 0.000000E+00, 2.115686E+01, 2.842452E+02, 2.741955E+02, 2.736728E+02, 2.736521E+02, 2.735062E+02
2024-01-29 05:00:15,1, 0.000000E+00, 2.726237E+02, 2.733625E+02, 0.000000E+00, 2.102557E+01, 2.840314E+02, 2.741086E+02, 2.735943E+02, 2.735784E+02, 2.734349E+02
2024-01-29 05:15:15,1, 0.000000E+00, 2.725693E+02, 2.732892E+02, 0.000000E+00, 1.327684E+01, 2.838599E+02, 2.740202E+02, 2.735123E+02, 2.735013E+02, 2.733597E+02
2024-01-29 05:30:15,1, 0.000000E+00, 2.725148E+02, 2.732240E+02, 0.000000E+00, 7.741681E+00, 2.837290E+02, 2.739423E+02, 2.734392E+02, 2.734317E+02, 2.732915E+02
2024-01-29 05:45:15,1, 0.000000E+00, 2.724604E+02, 2.731616E+02, 0.000000E+00, 5.745215E+00, 2.836020E+02, 2.738678E+02, 2.733693E+02, 2.733657E+02, 2.732269E+02
2024-01-29 06:00:15,1, 0.000000E+00, 2.724052E+02, 2.730996E+02, 0.000000E+00, 4.866078E+00, 2.834746E+02, 2.737941E+02, 2.733001E+02, 2.733004E+02, 2.731629E+02
2024-01-29 06:15:15,1, 0.000000E+00, 2.723113E+02, 2.730125E+02, 0.000000E+00, 5.301817E+00, 2.833446E+02, 2.736968E+02, 2.732073E+02, 2.732341E+02, 2.731600E+02
2024-01-29 06:30:15,1, 0.000000E+00, 2.722174E+02, 2.729212E+02, 0.000000E+00, 5.049853E+00, 2.832110E+02, 2.735950E+02, 2.731102E+02, 2.731826E+02, 2.731600E+02
2024-01-29 06:45:15,1, 0.000000E+00, 2.721234E+02, 2.728321E+02, 0.000000E+00, 4.817629E+00, 2.830748E+02, 2.734948E+02, 2.730155E+02, 2.731600E+02, 2.731600E+02
2024-01-29 07:00:15,1, 0.000000E+00, 2.720302E+02, 2.727439E+02, 0.000000E+00, 4.583078E+00, 2.829372E+02, 2.733948E+02, 2.729215E+02, 2.731600E+02, 2.731600E+02
2024-01-29 07:15:15,1, 0.000000E+00, 2.719809E+02, 2.726845E+02, 0.000000E+00, 3.196060E+00, 2.828017E+02, 2.733194E+02, 2.728453E+02, 2.731600E+02, 2.731600E+02
2024-01-29 07:30:15,1, 0.000000E+00, 2.719316E+02, 2.726324E+02, 0.000000E+00, 2.976779E+00, 2.826700E+02, 2.732512E+02, 2.727759E+02, 2.731600E+02, 2.731600E+02
2024-01-29 07:45:15,1, 0.000000E+00, 2.718823E+02, 2.725805E+02, 0.000000E+00, 2.869669E+00, 2.825420E+02, 2.731834E+02, 2.727069E+02, 2.731600E+02, 2.731600E+02
2024-01-29 08:00:15,1, 0.000000E+00, 2.718326E+02, 2.725287E+02, 0.000000E+00, 2.769844E+00, 2.824174E+02, 2.731158E+02, 2.726376E+02, 2.731600E+02, 2.731600E+02
2024-01-29 08:15:15,1, 0.000000E+00, 2.717575E+02, 2.724528E+02, 0.000000E+00, 2.301691E+00, 2.822945E+02, 2.730080E+02, 2.725125E+02, 2.731600E+02, 2.731600E+02
2024-01-29 08:30:15,1, 0.000000E+00, 2.716825E+02, 2.723699E+02, 0.000000E+00, 2.182291E+00, 2.821721E+02, 2.728929E+02, 2.723789E+02, 2.731600E+02, 2.731600E+02
2024-01-29 08:45:15,1, 0.000000E+00, 2.716075E+02, 2.722875E+02, 0.000000E+00, 2.101454E+00, 2.820507E+02, 2.727777E+02, 2.722441E+02, 2.731600E+02, 2.731600E+02
2024-01-29 09:00:15,1, 0.000000E+00, 2.715330E+02, 2.722055E+02, 0.000000E+00, 2.030185E+00, 2.819302E+02, 2.726632E+02, 2.721113E+02, 2.731600E+02, 2.731600E+02
2024-01-29 09:15:15,1, 0.000000E+00, 2.714871E+02, 2.721517E+02, 0.000000E+00, 2.022297E+00, 2.818133E+02, 2.725988E+02, 2.720454E+02, 2.731600E+02, 2.731600E+02
2024-01-29 09:30:15,1, 0.000000E+00, 2.714412E+02, 2.721058E+02, 0.000000E+00, 1.986410E+00, 2.817013E+02, 2.725427E+02, 2.719878E+02, 2.731600E+02, 2.731600E+02
2024-01-29 09:45:15,1, 0.000000E+00, 2.713954E+02, 2.720604E+02, 0.000000E+00, 1.948705E+00, 2.815935E+02, 2.724872E+02, 2.719306E+02, 2.731600E+02, 2.731600E+02
2024-01-29 10:00:15,1, 0.000000E+00, 2.713508E+02, 2.720152E+02, 0.000000E+00, 1.909161E+00, 2.814893E+02, 2.724326E+02, 2.718745E+02, 2.731600E+02, 2.731600E+02
2024-01-29 10:15:15,1, 0.000000E+00, 2.713864E+02, 2.720390E+02, 0.000000E+00, 1.836660E+00, 2.813932E+02, 2.724806E+02, 2.719482E+02, 2.731600E+02, 2.731600E+02
2024-01-29 10:30:15,1, 0.000000E+00, 2.714219E+02, 2.720821E+02, 0.000000E+00, 1.842435E+00, 2.813075E+02, 2.725497E+02, 2.720438E+02, 2.731600E+02, 2.731600E+02
2024-01-29 10:45:15,1, 0.000000E+00, 2.714575E+02, 2.721254E+02, 0.000000E+00, 1.852456E+00, 2.812305E+02, 2.726200E+02, 2.721414E+02, 2.731600E+02, 2.731600E+02
2024-01-29 11:00:15,1, 0.000000E+00, 2.714920E+02, 2.721710E+02, 0.000000E+00, 1.866873E+00, 2.811610E+02, 2.726920E+02, 2.722391E+02, 2.731600E+02, 2.731600E+02
2024-01-29 11:15:15,1, 0.000000E+00, 2.714700E+02, 2.721555E+02, 0.000000E+00, 1.813200E+00, 2.810916E+02, 2.726530E+02, 2.721899E+02, 2.731600E+02, 2.731600E+02
2024-01-29 11:30:15,1, 0.000000E+00, 2.714480E+02, 2.721225E+02, 0.000000E+00, 1.779119E+00, 2.810179E+02, 2.725951E+02, 2.721208E+02, 2.731600E+02, 2.731600E+02
2024-01-29 11:45:15,1, 0.000000E+00, 2.714260E+02, 2.720911E+02, 0.000000E+00, 1.754560E+00, 2.809413E+02, 2.725380E+02, 2.720530E+02, 2.731600E+02, 2.731600E+02
2024-01-29 12:00:15,1, 0.000000E+00, 2.714037E+02, 2.720592E+02, 0.000000E+00, 1.732539E+00, 2.808627E+02, 2.724804E+02, 2.719851E+02, 2.731600E+02, 2.731600E+02
2024-01-29 12:15:15,1, 0.000000E+00, 2.713635E+02, 2.720036E+02, 0.000000E+00, 1.739785E+00, 2.807796E+02, 2.723716E+02, 2.718496E+02, 2.731600E+02, 2.731600E+02
2024-01-29 12:30:15,1, 1.228859E+00, 2.713232E+02, 2.719414E+02, 1.822379E-01, 1.711616E+00, 2.806906E+02, 2.722618E+02, 2.717250E+02, 2.731600E+02, 2.731600E+02
2024-01-29 12:45:15,1, 1.594712E+01, 2.712830E+02, 2.719233E+02, 1.170515E+00, 2.553307E+00, 2.806047E+02, 2.722763E+02, 2.718802E+02, 2.731600E+02, 2.731600E+02
2024-01-29 13:00:15,1, 3.882705E+01, 2.712447E+02, 2.719195E+02, 2.250496E+00, 3.337422E+00, 2.805276E+02, 2.723487E+02, 2.719676E+02, 2.731600E+02, 2.731600E+02
2024-01-29 13:15:15,1, 5.664774E+01, 2.713184E+02, 2.720236E+02, 2.402968E+00, 5.066331E+00, 2.805108E+02, 2.725817E+02, 2.722113E+02, 2.731600E+02, 2.731600E+02
2024-01-29 13:30:15,1, 7.382910E+01, 2.713922E+02, 2.721377E+02, 2.490185E+00, 5.687883E+00, 2.805126E+02, 2.727892E+02, 2.724736E+02, 2.731600E+02, 2.731600E+02
2024-01-29 13:45:15,1, 9.029755E+01, 2.714660E+02, 2.722477E+02, 2.557043E+00, 6.146911E+00, 2.805300E+02, 2.729864E+02, 2.727170E+02, 2.731600E+02, 2.731600E+02
2024-01-29 14:00:15,1, 1.293095E+02, 2.715409E+02, 2.723617E+02, 2.623221E+00, 6.716103E+00, 2.805619E+02, 2.732835E+02, 2.731396E+02, 2.731600E+02, 2.731600E+02
2024-01-29 14:15:15,1, 1.474090E+02, 2.716847E+02, 2.726010E+02, 2.768824E+00, 1.041245E+01, 2.806481E+02, 2.736877E+02, 2.736088E+02, 2.731624E+02, 2.731698E+02
2024-01-29 14:30:15,1, 1.643932E+02, 2.718284E+02, 2.727988E+02, 2.854817E+00, 1.139049E+01, 2.807506E+02, 2.739884E+02, 2.739539E+02, 2.733684E+02, 2.734240E+02
2024-01-29 14:45:15,1, 1.801893E+02, 2.719722E+02, 2.729997E+02, 2.939758E+00, 1.222369E+01, 2.808671E+02, 2.742815E+02, 2.742881E+02, 2.736183E+02, 2.736882E+02
2024-01-29 15:00:15,1, 1.985969E+02, 2.721149E+02, 2.731960E+02, 3.022343E+00, 1.294509E+01, 2.809950E+02, 2.745778E+02, 2.746319E+02, 2.738623E+02, 2.739461E+02
2024-01-29 15:15:15,1, 2.120820E+02, 2.721954E+02, 2.733595E+02, 3.110885E+00, 1.206461E+01, 2.811404E+02, 2.748532E+02, 2.749473E+02, 2.740887E+02, 2.741894E+02
2024-01-29 15:30:15,1, 2.241652E+02, 2.722760E+02, 2.734972E+02, 3.183512E+00, 1.263734E+01, 2.812942E+02, 2.750900E+02, 2.752202E+02, 2.742736E+02, 2.743868E+02
2024-01-29 15:45:15,1, 2.347949E+02, 2.723565E+02, 2.736292E+02, 3.252705E+00, 1.325346E+01, 2.814544E+02, 2.753131E+02, 2.754761E+02, 2.744484E+02, 2.745730E+02
2024-01-29 16:00:15,1, 1.918510E+02, 2.724355E+02, 2.737391E+02, 3.309608E+00, 1.371293E+01, 2.816154E+02, 2.752949E+02, 2.753652E+02, 2.745586E+02, 2.746814E+02
2024-01-29 16:15:15,1, 1.978225E+02, 2.724273E+02, 2.736297E+02, 3.190855E+00, 1.159210E+01, 2.816745E+02, 2.751445E+02, 2.752244E+02, 2.743643E+02, 2.744547E+02
2024-01-29 16:30:15,1, 2.025585E+02, 2.724191E+02, 2.736429E+02, 3.207977E+00, 1.170819E+01, 2.817412E+02, 2.751973E+02, 2.752882E+02, 2.743955E+02, 2.744908E+02
2024-01-29 16:45:15,1, 2.060389E+02, 2.724109E+02, 2.736534E+02, 3.221802E+00, 1.183528E+01, 2.818109E+02, 2.752402E+02, 2.753391E+02, 2.744217E+02, 2.745205E+02
2024-01-29 17:00:15,1, 2.449491E+02, 2.724034E+02, 2.736713E+02, 3.237123E+00, 1.197708E+01, 2.818822E+02, 2.754335E+02, 2.756226E+02, 2.744785E+02, 2.745878E+02
2024-01-29 17:15:15,1, 2.460427E+02, 2.724383E+02, 2.738097E+02, 3.356721E+00, 1.286384E+01, 2.820201E+02, 2.756479E+02, 2.758386E+02, 2.747035E+02, 2.748396E+02
2024-01-29 17:30:15,1, 2.456259E+02, 2.724732E+02, 2.738500E+02, 3.370233E+00, 1.300274E+01, 2.821376E+02, 2.756942E+02, 2.758827E+02, 2.747476E+02, 2.748831E+02
2024-01-29 17:45:15,1, 2.437006E+02, 2.725081E+02, 2.738843E+02, 3.378544E+00, 1.310988E+01, 2.822372E+02, 2.757247E+02, 2.759085E+02, 2.747801E+02, 2.749140E+02
2024-01-29 18:00:15,1, 1.975430E+02, 2.725408E+02, 2.738996E+02, 3.374545E+00, 1.304340E+01, 2.823176E+02, 2.755524E+02, 2.756285E+02, 2.747579E+02, 2.748794E+02
2024-01-29 18:15:15,1, 1.935052E+02, 2.724428E+02, 2.737023E+02, 3.227025E+00, 1.043321E+01, 2.823006E+02, 2.752776E+02, 2.753408E+02, 2.744684E+02, 2.745552E+02
2024-01-29 18:30:15,1, 1.882632E+02, 2.723448E+02, 2.735964E+02, 3.191148E+00, 1.005220E+01, 2.822835E+02, 2.751605E+02, 2.752111E+02, 2.743525E+02, 2.744351E+02
2024-01-29 18:45:15,1, 1.818396E+02, 2.722468E+02, 2.734874E+02, 3.151998E+00, 9.695398E+00, 2.822625E+02, 2.750328E+02, 2.750679E+02, 2.742307E+02, 2.743076E+02
2024-01-29 19:00:15,1, 1.447419E+02, 2.721497E+02, 2.733648E+02, 3.100979E+00, 9.355887E+00, 2.822327E+02, 2.747571E+02, 2.746973E+02, 2.740693E+02, 2.741319E+02
2024-01-29 19:15:15,1, 1.375161E+02, 2.721085E+02, 2.732017E+02, 2.981776E+00, 9.771276E+00, 2.821418E+02, 2.745036E+02, 2.744241E+02, 2.738112E+02, 2.738427E+02
2024-01-29 19:30:15,1, 1.293896E+02, 2.720673E+02, 2.731337E+02, 2.946935E+00, 9.608043E+00, 2.820567E+02, 2.743918E+02, 2.742944E+02, 2.737192E+02, 2.737437E+02
2024-01-29 19:45:15,1, 1.203971E+02, 2.720261E+02, 2.730636E+02, 2.909267E+00, 9.370439E+00, 2.819725E+02, 2.742721E+02, 2.741541E+02, 2.736233E+02, 2.736395E+02
2024-01-29 20:00:15,1, 9.858248E+01, 2.719846E+02, 2.729860E+02, 2.860059E+00, 9.088108E+00, 2.818851E+02, 2.740860E+02, 2.739114E+02, 2.735080E+02, 2.735117E+02
2024-01-29 20:15:15,1, 8.912751E+01, 2.719270E+02, 2.728591E+02, 2.780730E+00, 8.327626E+00, 2.817730E+02, 2.738863E+02, 2.736840E+02, 2.733262E+02, 2.733093E+02
2024-01-29 20:30:15,1, 7.901281E+01, 2.718694E+02, 2.727667E+02, 2.729793E+00, 8.003207E+00, 2.816626E+02, 2.737394E+02, 2.735097E+02, 2.732047E+02, 2.731776E+02
2024-01-29 20:45:15,1, 6.828171E+01, 2.718117E+02, 2.726790E+02, 2.671894E+00, 7.682884E+00, 2.815513E+02, 2.735895E+02, 2.733284E+02, 2.731600E+02, 2.731600E+02
2024-01-29 21:00:15,1, 4.766811E+01, 2.717535E+02, 2.725906E+02, 2.552672E+00, 7.302485E+00, 2.814369E+02, 2.733899E+02, 2.730654E+02, 2.731600E+02, 2.731600E+02
2024-01-29 21:15:15,1, 3.777678E+01, 2.716575E+02, 2.724533E+02, 2.403568E+00, 6.233935E+00, 2.813031E+02, 2.731722E+02, 2.728110E+02, 2.731600E+02, 2.731600E+02
2024-01-29 21:30:15,1, 2.749107E+01, 2.715615E+02, 2.723373E+02, 2.184557E+00, 5.614931E+00, 2.811705E+02, 2.729967E+02, 2.725986E+02, 2.731600E+02, 2.731600E+02
2024-01-29 21:45:15,1, 1.685502E+01, 2.714654E+02, 2.722216E+02, 1.743921E+00, 4.753507E+00, 2.810373E+02, 2.728229E+02, 2.723834E+02, 2.731600E+02, 2.731600E+02
2024-01-29 22:00:15,1, 0.000000E+00, 2.713689E+02, 2.721076E+02, 0.000000E+00, 3.181267E+00, 2.809020E+02, 2.726390E+02, 2.721569E+02, 2.731600E+02, 2.731600E+02
2024-01-29 22:15:15,1, 0.000000E+00, 2.712410E+02, 2.719700E+02, 0.000000E+00, 1.702508E+00, 2.807608E+02, 2.724619E+02, 2.719590E+02, 2.731600E+02, 2.731600E+02
2024-01-29 22:30:15,1, 0.000000E+00, 2.711131E+02, 2.718448E+02, 0.000000E+00, 1.480394E+00, 2.806310E+02, 2.723109E+02, 2.717872E+02, 2.731600E+02, 2.731600E+02
2024-01-29 22:45:15,1, 0.000000E+00, 2.709852E+02, 2.717191E+02, 0.000000E+00, 1.400785E+00, 2.805095E+02, 2.721602E+02, 2.716152E+02, 2.731600E+02, 2.731600E+02
2024-01-29 23:00:15,1, 0.000000E+00, 2.708580E+02, 2.715929E+02, 0.000000E+00, 1.344525E+00, 2.803944E+02, 2.720100E+02, 2.714431E+02, 2.731600E+02, 2.731600E+02
2024-01-29 23:15:15,1, 0.000000E+00, 2.707731E+02, 2.715037E+02, 0.000000E+00, 1.448580E+00, 2.802866E+02, 2.719168E+02, 2.713461E+02, 2.731600E+02, 2.731600E+02
2024-01-29 23:30:15,1, 0.000000E+00, 2.706881E+02, 2.714249E+02, 0.000000E+00, 1.439730E+00, 2.801866E+02, 2.718348E+02, 2.712600E+02, 2.731600E+02, 2.731600E+02
2024-01-29 23:45:15,1, 0.000000E+00, 2.706032E+02, 2.713463E+02, 0.000000E+00, 1.411990E+00, 2.800927E+02, 2.717536E+02, 2.711742E+02, 2.731600E+02, 2.731600E+02
2024-01-29 00:00:15,2, 0.000000E+00, 2.734478E+02, 2.743998E+02, 0.000000E+00, 2.852265E+01, 2.890933E+02, 2.756302E+02, 2.749244E+02, 2.747506E+02, 2.745507E+02
2024-01-29 00:15:15,2, 0.000000E+00, 2.734204E+02, 2.743607E+02, 0.000000E+00, 2.756087E+01, 2.888162E+02, 2.755644E+02, 2.748692E+02, 2.747041E+02, 2.745073E+02
2024-01-29 00:30:15,2, 0.000000E+00, 2.733931E+02, 2.743200E+02, 0.000000E+00, 2.683820E+01, 2.885007E+02, 2.754935E+02, 2.748107E+02, 2.746550E+02, 2.744618E+02
2024-01-29 00:45:15,2, 0.000000E+00, 2.733657E+02, 2.742792E+02, 0.000000E+00, 2.615303E+01, 2.881967E+02, 2.754237E+02, 2.747528E+02, 2.746060E+02, 2.744162E+02
2024-01-29 01:00:15,2, 0.000000E+00, 2.733384E+02, 2.742392E+02, 0.000000E+00, 2.552241E+01, 2.879155E+02, 2.753567E+02, 2.746967E+02, 2.745582E+02, 2.743716E+02
2024-01-29 01:15:15,2, 0.000000E+00, 2.733144E+02, 2.742034E+02, 0.000000E+00, 2.465061E+01, 2.876343E+02, 2.752992E+02, 2.746513E+02, 2.745157E+02, 2.743325E+02
2024-01-29 01:30:15,2, 0.000000E+00, 2.732904E+02, 2.741683E+02, 0.000000E+00, 2.394623E+01, 2.873457E+02, 2.752417E+02, 2.746063E+02, 2.744742E+02, 2.742946E+02
2024-01-29 01:45:15,2, 0.000000E+00, 2.732664E+02, 2.741336E+02, 0.000000E+00, 2.329206E+01, 2.870716E+02, 2.751858E+02, 2.745622E+02, 2.744334E+02, 2.742572E+02
2024-01-29 02:00:15,2, 0.000000E+00, 2.732422E+02, 2.740995E+02, 0.000000E+00, 2.271106E+01, 2.868170E+02, 2.751322E+02, 2.745196E+02, 2.743938E+02, 2.742208E+02
2024-01-29 02:15:15,2, 0.000000E+00, 2.732000E+02, 2.740507E+02, 0.000000E+00, 2.251243E+01, 2.865670E+02, 2.750566E+02, 2.744534E+02, 2.743398E+02, 2.741698E+02
2024-01-29 02:30:15,2, 0.000000E+00, 2.731578E+02, 2.739969E+02, 0.000000E+00, 2.218072E+01, 2.863131E+02, 2.749762E+02, 2.743825E+02, 2.742786E+02, 2.741113E+02
2024-01-29 02:45:15,2, 0.000000E+00, 2.731157E+02, 2.739429E+02, 0.000000E+00, 2.185370E+01, 2.860660E+02, 2.748967E+02, 2.743119E+02, 2.742172E+02, 2.740527E+02
2024-01-29 03:00:15,2, 0.000000E+00, 2.730733E+02, 2.738891E+02, 0.000000E+00, 2.155757E+01, 2.858289E+02, 2.748186E+02, 2.742423E+02, 2.741565E+02, 2.739944E+02
2024-01-29 03:15:15,2, 0.000000E+00, 2.730191E+02, 2.738277E+02, 0.000000E+00, 2.167570E+01, 2.855955E+02, 2.747342E+02, 2.741683E+02, 2.740891E+02, 2.739302E+02
2024-01-29 03:30:15,2, 0.000000E+00, 2.729648E+02, 2.737636E+02, 0.000000E+00, 2.153431E+01, 2.853616E+02, 2.746484E+02, 2.740927E+02, 2.740188E+02, 2.738629E+02
2024-01-29 03:45:15,2, 0.000000E+00, 2.729106E+02, 2.736996E+02, 0.000000E+00, 2.136902E+01, 2.851327E+02, 2.745634E+02, 2.740175E+02, 2.739487E+02, 2.737956E+02
2024-01-29 04:00:15,2, 0.000000E+00, 2.728563E+02, 2.736356E+02, 0.000000E+00, 2.121498E+01, 2.849103E+02, 2.744794E+02, 2.739429E+02, 2.738789E+02, 2.737286E+02
2024-01-29 04:15:15,2, 0.000000E+00, 2.727981E+02, 2.735683E+02, 0.000000E+00, 2.136962E+01, 2.846891E+02, 2.743915E+02, 2.738640E+02, 2.738062E+02, 2.736586E+02
2024-01-29 04:30:15,2, 0.000000E+00, 2.727400E+02, 2.734998E+02, 0.000000E+00, 2.127761E+01, 2.844661E+02, 2.743027E+02, 2.737841E+02, 2.737319E+02, 2.735869E+02
2024-01-29 04:45:15,2, 0.000000E+00, 2.726818E+02, 2.734312E+02, 0.000000E+00, 2.115703E+01, 2.842466E+02, 2.742145E+02, 2.737045E+02, 2.736577E+02, 2.735152E+02
2024-01-29 05:00:15,2, 0.000000E+00, 2.726237E+02, 2.733628E+02, 0.000000E+00, 2.102576E+01, 2.840329E+02, 2.741274E+02, 2.736255E+02, 2.735838E+02, 2.734438E+02
2024-01-29 05:15:15,2, 0.000000E+00, 2.725693E+02, 2.732895E+02, 0.000000E+00, 1.327802E+01, 2.838614E+02, 2.740387E+02, 2.735432E+02, 2.735067E+02, 2.733685E+02
2024-01-29 05:30:15,2, 0.000000E+00, 2.725148E+02, 2.732242E+02, 0.000000E+00, 7.742948E+00, 2.837304E+02, 2.739607E+02, 2.734698E+02, 2.734370E+02, 2.733001E+02
2024-01-29 05:45:15,2, 0.000000E+00, 2.724604E+02, 2.731619E+02, 0.000000E+00, 5.746190E+00, 2.836035E+02, 2.738861E+02, 2.733997E+02, 2.733710E+02, 2.732355E+02
2024-01-29 06:00:15,2, 0.000000E+00, 2.724052E+02, 2.730999E+02, 0.000000E+00, 4.866882E+00, 2.834761E+02, 2.738121E+02, 2.733302E+02, 2.733056E+02, 2.731714E+02
2024-01-29 06:15:15,2, 0.000000E+00, 2.723113E+02, 2.730129E+02, 0.000000E+00, 5.302969E+00, 2.833460E+02, 2.737148E+02, 2.732373E+02, 2.732372E+02, 2.731600E+02
2024-01-29 06:30:15,2, 0.000000E+00, 2.722174E+02, 2.729214E+02, 0.000000E+00, 5.050415E+00, 2.832125E+02, 2.736128E+02, 2.731398E+02, 2.731828E+02, 2.731600E+02
2024-01-29 06:45:15,2, 0.000000E+00, 2.721234E+02, 2.728324E+02, 0.000000E+00, 4.818269E+00, 2.830763E+02, 2.735123E+02, 2.730446E+02, 2.731600E+02, 2.731600E+02
2024-01-29 07:00:15,2, 0.000000E+00, 2.720302E+02, 2.727441E+02, 0.000000E+00, 4.583737E+00, 2.829386E+02, 2.734121E+02, 2.729503E+02, 2.731600E+02, 2.731600E+02
2024-01-29 07:15:15,2, 0.000000E+00, 2.719809E+02, 2.726848E+02, 0.000000E+00, 3.196760E+00, 2.828031E+02, 2.733369E+02, 2.728744E+02, 2.731600E+02, 2.731600E+02
2024-01-29 07:30:15,2, 0.000000E+00, 2.719316E+02, 2.726327E+02, 0.000000E+00, 2.977395E+00, 2.826715E+02, 2.732687E+02, 2.728053E+02, 2.731600E+02, 2.731600E+02
2024-01-29 07:45:15,2, 0.000000E+00, 2.718823E+02, 2.725808E+02, 0.000000E+00, 2.870261E+00, 2.825435E+02, 2.732010E+02, 2.727366E+02, 2.731600E+02, 2.731600E+02
2024-01-29 08:00:15,2, 0.000000E+00, 2.718326E+02, 2.725290E+02, 0.000000E+00, 2.770429E+00, 2.824189E+02, 2.731335E+02, 2.726677E+02, 2.731600E+02, 2.731600E+02
2024-01-29 08:15:15,2, 0.000000E+00, 2.717575E+02, 2.724531E+02, 0.000000E+00, 2.302313E+00, 2.822959E+02, 2.730265E+02, 2.725445E+02, 2.731600E+02, 2.731600E+02
2024-01-29 08:30:15,2, 0.000000E+00, 2.716825E+02, 2.723704E+02, 0.000000E+00, 2.183086E+00, 2.821736E+02, 2.729126E+02, 2.724134E+02, 2.731600E+02, 2.731600E+02
2024-01-29 08:45:15,2, 0.000000E+00, 2.716075E+02, 2.722867E+02, 0.000000E+00, 2.100454E+00, 2.820522E+02, 2.727970E+02, 2.722791E+02, 2.731600E+02, 2.731600E+02
2024-01-29 09:00:15,2, 0.000000E+00, 2.715330E+02, 2.722052E+02, 0.000000E+00, 2.030454E+00, 2.819317E+02, 2.726834E+02, 2.721473E+02, 2.731600E+02, 2.731600E+02
2024-01-29 09:15:15,2, 0.000000E+00, 2.714871E+02, 2.721514E+02, 0.000000E+00, 2.022443E+00, 2.818148E+02, 2.726192E+02, 2.720817E+02, 2.731600E+02, 2.731600E+02
2024-01-29 09:30:15,2, 0.000000E+00, 2.714412E+02, 2.721057E+02, 0.000000E+00, 1.986517E+00, 2.817029E+02, 2.725632E+02, 2.720242E+02, 2.731600E+02, 2.731600E+02
2024-01-29 09:45:15,2, 0.000000E+00, 2.713954E+02, 2.720602E+02, 0.000000E+00, 1.948797E+00, 2.815950E+02, 2.725078E+02, 2.719671E+02, 2.731600E+02, 2.731600E+02
2024-01-29 10:00:15,2, 0.000000E+00, 2.713508E+02, 2.720151E+02, 0.000000E+00, 1.909244E+00, 2.814909E+02, 2.724533E+02, 2.719112E+02, 2.731600E+02, 2.731600E+02
2024-01-29 10:15:15,2, 0.000000E+00, 2.713864E+02, 2.720387E+02, 0.000000E+00, 1.836578E+00, 2.813947E+02, 2.725002E+02, 2.719831E+02, 2.731600E+02, 2.731600E+02
2024-01-29 10:30:15,2, 0.000000E+00, 2.714219E+02, 2.720811E+02, 0.000000E+00, 1.841935E+00, 2.813090E+02, 2.725679E+02, 2.720770E+02, 2.731600E+02, 2.731600E+02
2024-01-29 10:45:15,2, 0.000000E+00, 2.714575E+02, 2.721261E+02, 0.000000E+00, 1.854217E+00, 2.812321E+02, 2.726385E+02, 2.721737E+02, 2.731600E+02, 2.731600E+02
2024-01-29 11:00:15,2, 0.000000E+00, 2.714920E+02, 2.721714E+02, 0.000000E+00, 1.867401E+00, 2.811625E+02, 2.727090E+02, 2.722683E+02, 2.731600E+02, 2.731600E+02
2024-01-29 11:15:15,2, 0.000000E+00, 2.714700E+02, 2.721560E+02, 0.000000E+00, 1.813799E+00, 2.810931E+02, 2.726706E+02, 2.722204E+02, 2.731600E+02, 2.731600E+02
2024-01-29 11:30:15,2, 0.000000E+00, 2.714480E+02, 2.721236E+02, 0.000000E+00, 1.780334E+00, 2.810194E+02, 2.726138E+02, 2.721536E+02, 2.731600E+02, 2.731600E+02
2024-01-29 11:45:15,2, 0.000000E+00, 2.714260E+02, 2.720898E+02, 0.000000E+00, 1.753247E+00, 2.809428E+02, 2.725552E+02, 2.720844E+02, 2.731600E+02, 2.731600E+02
2024-01-29 12:00:15,2, 0.000000E+00, 2.714037E+02, 2.720586E+02, 0.000000E+00, 1.732805E+00, 2.808643E+02, 2.724983E+02, 2.720172E+02, 2.731600E+02, 2.731600E+02
2024-01-29 12:15:15,2, 0.000000E+00, 2.713635E+02, 2.720036E+02, 0.000000E+00, 1.740150E+00, 2.807812E+02, 2.723909E+02, 2.718839E+02, 2.731600E+02, 2.731600E+02
2024-01-29 12:30:15,2, 1.228859E+00, 2.713232E+02, 2.719416E+02, 1.826665E-01, 1.710722E+00, 2.806921E+02, 2.722820E+02, 2.717595E+02, 2.731600E+02, 2.731600E+02
2024-01-29 12:45:15,2, 1.594712E+01, 2.712830E+02, 2.719226E+02, 1.278079E+00, 2.634412E+00, 2.806065E+02, 2.722877E+02, 2.718774E+02, 2.731600E+02, 2.731600E+02
2024-01-29 13:00:15,2, 3.882705E+01, 2.712447E+02, 2.719187E+02, 2.250762E+00, 3.393146E+00, 2.805302E+02, 2.723611E+02, 2.719783E+02, 2.731600E+02, 2.731600E+02
2024-01-29 13:15:15,2, 5.664774E+01, 2.713184E+02, 2.720239E+02, 2.404124E+00, 5.073389E+00, 2.805132E+02, 2.725946E+02, 2.722299E+02, 2.731600E+02, 2.731600E+02
2024-01-29 13:30:15,2, 7.382910E+01, 2.713922E+02, 2.721379E+02, 2.491623E+00, 5.690415E+00, 2.805149E+02, 2.727998E+02, 2.724878E+02, 2.731600E+02, 2.731600E+02
2024-01-29 13:45:15,2, 9.029755E+01, 2.714660E+02, 2.722479E+02, 2.558619E+00, 6.149543E+00, 2.805322E+02, 2.729950E+02, 2.727275E+02, 2.731600E+02, 2.731600E+02
2024-01-29 14:00:15,2, 1.293095E+02, 2.715409E+02, 2.723619E+02, 2.624917E+00, 6.719024E+00, 2.805640E+02, 2.732868E+02, 2.731368E+02, 2.731600E+02, 2.731600E+02
2024-01-29 14:15:15,2, 1.474090E+02, 2.716847E+02, 2.726011E+02, 2.770507E+00, 1.041510E+01, 2.806503E+02, 2.736878E+02, 2.735996E+02, 2.731612E+02, 2.731647E+02
2024-01-29 14:30:15,2, 1.643932E+02, 2.718284E+02, 2.727988E+02, 2.856555E+00, 1.139392E+01, 2.807528E+02, 2.739867E+02, 2.739412E+02, 2.733651E+02, 2.734133E+02
2024-01-29 14:45:15,2, 1.801893E+02, 2.719722E+02, 2.729997E+02, 2.941564E+00, 1.222770E+01, 2.808692E+02, 2.742781E+02, 2.742719E+02, 2.736144E+02, 2.736764E+02
2024-01-29 15:00:15,2, 1.985969E+02, 2.721149E+02, 2.731961E+02, 3.024215E+00, 1.294969E+01, 2.809971E+02, 2.745724E+02, 2.746114E+02, 2.738579E+02, 2.739330E+02
2024-01-29 15:15:15,2, 2.120820E+02, 2.721954E+02, 2.733596E+02, 3.112797E+00, 1.206964E+01, 2.811423E+02, 2.748460E+02, 2.749230E+02, 2.740835E+02, 2.741747E+02
2024-01-29 15:30:15,2, 2.241652E+02, 2.722760E+02, 2.734974E+02, 3.185482E+00, 1.264273E+01, 2.812960E+02, 2.750813E+02, 2.751926E+02, 2.742679E+02, 2.743710E+02
2024-01-29 15:45:15,2, 2.347949E+02, 2.723565E+02, 2.736294E+02, 3.254731E+00, 1.325927E+01, 2.814561E+02, 2.753029E+02, 2.754454E+02, 2.744422E+02, 2.745562E+02
2024-01-29 16:00:15,2, 1.918510E+02, 2.724355E+02, 2.737394E+02, 3.311669E+00, 1.371927E+01, 2.816171E+02, 2.752882E+02, 2.753442E+02, 2.745530E+02, 2.746661E+02
2024-01-29 16:15:15,2, 1.978225E+02, 2.724273E+02, 2.736301E+02, 3.193078E+00, 1.159965E+01, 2.816761E+02, 2.751381E+02, 2.752039E+02, 2.743601E+02, 2.744433E+02
2024-01-29 16:30:15,2, 2.025585E+02, 2.724191E+02, 2.736434E+02, 3.210216E+00, 1.171573E+01, 2.817427E+02, 2.751904E+02, 2.752667E+02, 2.743910E+02, 2.744789E+02
2024-01-29 16:45:15,2, 2.060389E+02, 2.724109E+02, 2.736538E+02, 3.224053E+00, 1.184290E+01, 2.818123E+02, 2.752329E+02, 2.753167E+02, 2.744171E+02, 2.745083E+02
2024-01-29 17:00:15,2, 2.449491E+02, 2.724034E+02, 2.736718E+02, 3.239391E+00, 1.198474E+01, 2.818835E+02, 2.754227E+02, 2.755913E+02, 2.744732E+02, 2.745737E+02
2024-01-29 17:15:15,2, 2.460427E+02, 2.724383E+02, 2.738100E+02, 3.358943E+00, 1.287120E+01, 2.820213E+02, 2.756364E+02, 2.758061E+02, 2.746971E+02, 2.748227E+02
2024-01-29 17:30:15,2, 2.456259E+02, 2.724732E+02, 2.738503E+02, 3.372463E+00, 1.301020E+01, 2.821388E+02, 2.756828E+02, 2.758502E+02, 2.747412E+02, 2.748662E+02
2024-01-29 17:45:15,2, 2.437006E+02, 2.725081E+02, 2.738846E+02, 3.380777E+00, 1.311738E+01, 2.822384E+02, 2.757135E+02, 2.758762E+02, 2.747737E+02, 2.748972E+02
2024-01-29 18:00:15,2, 1.975430E+02, 2.725408E+02, 2.739000E+02, 3.376765E+00, 1.305099E+01, 2.823187E+02, 2.755453E+02, 2.756066E+02, 2.747524E+02, 2.748648E+02
2024-01-29 18:15:15,2, 1.935052E+02, 2.724428E+02, 2.737028E+02, 3.229281E+00, 1.044111E+01, 2.823017E+02, 2.752716E+02, 2.753209E+02, 2.744644E+02, 2.745442E+02
2024-01-29 18:30:15,2, 1.882632E+02, 2.723448E+02, 2.735969E+02, 3.193373E+00, 1.005978E+01, 2.822845E+02, 2.751550E+02, 2.751922E+02, 2.743487E+02, 2.744244E+02
2024-01-29 18:45:15,2, 1.818396E+02, 2.722468E+02, 2.734879E+02, 3.154189E+00, 9.702694E+00, 2.822635E+02, 2.750279E+02, 2.750502E+02, 2.742270E+02, 2.742974E+02
2024-01-29 19:00:15,2, 1.447419E+02, 2.721497E+02, 2.733653E+02, 3.103110E+00, 9.362854E+00, 2.822336E+02, 2.747559E+02, 2.746879E+02, 2.740665E+02, 2.741236E+02
2024-01-29 19:15:15,2, 1.375161E+02, 2.721085E+02, 2.732021E+02, 2.983833E+00, 9.777634E+00, 2.821427E+02, 2.745036E+02, 2.744170E+02, 2.738096E+02, 2.738369E+02
2024-01-29 19:30:15,2, 1.293896E+02, 2.720673E+02, 2.731341E+02, 2.948952E+00, 9.614219E+00, 2.820576E+02, 2.743925E+02, 2.742889E+02, 2.737179E+02, 2.737384E+02
2024-01-29 19:45:15,2, 1.203971E+02, 2.720261E+02, 2.730640E+02, 2.911238E+00, 9.376379E+00, 2.819734E+02, 2.742737E+02, 2.741504E+02, 2.736223E+02, 2.736350E+02
2024-01-29 20:00:15,2, 9.858248E+01, 2.719846E+02, 2.729864E+02, 2.861935E+00, 9.093759E+00, 2.818860E+02, 2.740898E+02, 2.739126E+02, 2.735076E+02, 2.735085E+02
2024-01-29 20:15:15,2, 8.912751E+01, 2.719270E+02, 2.728595E+02, 2.782501E+00, 8.332704E+00, 2.817739E+02, 2.738914E+02, 2.736877E+02, 2.733265E+02, 2.733078E+02
2024-01-29 20:30:15,2, 7.901281E+01, 2.718694E+02, 2.727671E+02, 2.731455E+00, 8.007887E+00, 2.816635E+02, 2.737456E+02, 2.735156E+02, 2.732055E+02, 2.731769E+02
2024-01-29 20:45:15,2, 6.828171E+01, 2.718117E+02, 2.726793E+02, 2.673386E+00, 7.687042E+00, 2.815522E+02, 2.735970E+02, 2.733369E+02, 2.731600E+02, 2.731600E+02
2024-01-29 21:00:15,2, 4.766811E+01, 2.717535E+02, 2.725909E+02, 2.553605E+00, 7.305999E+00, 2.814379E+02, 2.733999E+02, 2.730794E+02, 2.731600E+02, 2.731600E+02
2024-01-29 21:15:15,2, 3.777678E+01, 2.716575E+02, 2.724536E+02, 2.404354E+00, 6.236233E+00, 2.813042E+02, 2.731840E+02, 2.728283E+02, 2.731600E+02, 2.731600E+02
2024-01-29 21:30:15,2, 2.749107E+01, 2.715615E+02, 2.723376E+02, 2.186586E+00, 5.617846E+00, 2.811716E+02, 2.730101E+02, 2.726191E+02, 2.731600E+02, 2.731600E+02
2024-01-29 21:45:15,2, 1.685502E+01, 2.714654E+02, 2.722218E+02, 1.748637E+00, 4.760294E+00, 2.810384E+02, 2.728383E+02, 2.724082E+02, 2.731600E+02, 2.731600E+02
2024-01-29 22:00:15,2, 0.000000E+00, 2.713689E+02, 2.721079E+02, 0.000000E+00, 3.186906E+00, 2.809031E+02, 2.726569E+02, 2.721881E+02, 2.731600E+02, 2.731600E+02
2024-01-29 22:15:15,2, 0.000000E+00, 2.712410E+02, 2.719710E+02, 0.000000E+00, 1.704622E+00, 2.807620E+02, 2.724818E+02, 2.719944E+02, 2.731600E+02, 2.731600E+02
2024-01-29 22:30:15,2, 0.000000E+00, 2.711131E+02, 2.718434E+02, 0.000000E+00, 1.479681E+00, 2.806322E+02, 2.723297E+02, 2.718215E+02, 2.731600E+02, 2.731600E+02
2024-01-29 22:45:15,2, 0.000000E+00, 2.709852E+02, 2.717184E+02, 0.000000E+00, 1.401247E+00, 2.805107E+02, 2.721799E+02, 2.716508E+02, 2.731600E+02, 2.731600E+02
2024-01-29 23:00:15,2, 0.000000E+00, 2.708580E+02, 2.715926E+02, 0.000000E+00, 1.344858E+00, 2.803956E+02, 2.720308E+02, 2.714805E+02, 2.731600E+02, 2.731600E+02
2024-01-29 23:15:15,2, 0.000000E+00, 2.707731E+02, 2.715035E+02, 0.000000E+00, 1.448698E+00, 2.802879E+02, 2.719378E+02, 2.713838E+02, 2.731600E+02, 2.731600E+02
2024-01-29 23:30:15,2, 0.000000E+00, 2.706881E+02, 2.714247E+02, 0.000000E+00, 1.439824E+00, 2.801878E+02, 2.718560E+02, 2.712980E+02, 2.731600E+02, 2.731600E+02
2024-01-29 23:45:15,2, 0.000000E+00, 2.706032E+02, 2.713462E+02, 0.000000E+00, 1.412074E+00, 2.800939E+02, 2.717750E+02, 2.712126E+02, 2.731600E+02, 2.731600E+02
2024-01-30 00:00:15,1, 0.000000E+00, 2.705181E+02, 2.712675E+02, 0.000000E+00, 1.395474E+00, 2.800040E+02, 2.716727E+02, 2.710879E+02, 2.731600E+02, 2.731600E+02
2024-01-30 00:15:15,1, 0.000000E+00, 2.704237E+02, 2.711753E+02, 0.000000E+00, 1.704942E+00, 2.799172E+02, 2.715566E+02, 2.709551E+02, 2.731600E+02, 2.731600E+02
2024-01-30 00:30:15,1, 0.000000E+00, 2.703293E+02, 2.710791E+02, 0.000000E+00, 1.718229E+00, 2.798303E+02, 2.714360E+02, 2.708178E+02, 2.731600E+02, 2.731600E+02
2024-01-30 00:45:15,1, 0.000000E+00, 2.702348E+02, 2.709827E+02, 0.000000E+00, 1.691758E+00, 2.797436E+02, 2.713149E+02, 2.706798E+02, 2.731600E+02, 2.731600E+02
2024-01-30 01:00:15,1, 0.000000E+00, 2.701412E+02, 2.708861E+02, 0.000000E+00, 1.661850E+00, 2.796572E+02, 2.711936E+02, 2.705416E+02, 2.731600E+02, 2.731600E+02
2024-01-30 01:15:15,1, 0.000000E+00, 2.700910E+02, 2.708262E+02, 0.000000E+00, 1.730195E+00, 2.795739E+02, 2.711271E+02, 2.704707E+02, 2.731600E+02, 2.731600E+02
2024-01-30 01:30:15,1, 0.000000E+00, 2.700409E+02, 2.707764E+02, 0.000000E+00, 1.736736E+00, 2.794950E+02, 2.710713E+02, 2.704102E+02, 2.731600E+02, 2.731600E+02
2024-01-30 01:45:15,1, 0.000000E+00, 2.699907E+02, 2.707269E+02, 0.000000E+00, 1.728177E+00, 2.794199E+02, 2.710160E+02, 2.703497E+02, 2.731600E+02, 2.731600E+02
2024-01-30 02:00:15,1, 0.000000E+00, 2.699406E+02, 2.706772E+02, 0.000000E+00, 1.715622E+00, 2.793480E+02, 2.709609E+02, 2.702889E+02, 2.731600E+02, 2.731600E+02
2024-01-30 02:15:15,1, 0.000000E+00, 2.698949E+02, 2.706300E+02, 0.000000E+00, 1.658466E+00, 2.792796E+02, 2.709114E+02, 2.702306E+02, 2.731600E+02, 2.731600E+02
2024-01-30 02:30:15,1, 0.000000E+00, 2.698491E+02, 2.705830E+02, 0.000000E+00, 1.640129E+00, 2.792149E+02, 2.708606E+02, 2.701718E+02, 2.731600E+02, 2.731600E+02
2024-01-30 02:45:15,1, 0.000000E+00, 2.698034E+02, 2.705355E+02, 0.000000E+00, 1.627458E+00, 2.791536E+02, 2.708083E+02, 2.701115E+02, 2.731600E+02, 2.731600E+02
2024-01-30 03:00:15,1, 0.000000E+00, 2.697573E+02, 2.704876E+02, 0.000000E+00, 1.633580E+00, 2.790953E+02, 2.707540E+02, 2.700496E+02, 2.731600E+02, 2.731600E+02
2024-01-30 03:15:15,1, 0.000000E+00, 2.696915E+02, 2.704258E+02, 0.000000E+00, 2.125338E+00, 2.790395E+02, 2.706902E+02, 2.699791E+02, 2.731600E+02, 2.731600E+02
2024-01-30 03:30:15,1, 0.000000E+00, 2.696258E+02, 2.703598E+02, 0.000000E+00, 2.204298E+00, 2.789859E+02, 2.706222E+02, 2.699031E+02, 2.731600E+02, 2.731600E+02
2024-01-30 03:45:15,1, 0.000000E+00, 2.695600E+02, 2.702942E+02, 0.000000E+00, 2.218078E+00, 2.789347E+02, 2.705534E+02, 2.698251E+02, 2.731600E+02, 2.731600E+02
2024-01-30 04:00:15,1, 0.000000E+00, 2.694952E+02, 2.702270E+02, 0.000000E+00, 2.209128E+00, 2.788860E+02, 2.704825E+02, 2.697423E+02, 2.731600E+02, 2.731600E+02
2024-01-30 04:15:15,1, 0.000000E+00, 2.694832E+02, 2.702013E+02, 0.000000E+00, 2.083755E+00, 2.788381E+02, 2.704441E+02, 2.697002E+02, 2.731600E+02, 2.731600E+02
2024-01-30 04:30:15,1, 0.000000E+00, 2.694711E+02, 2.701858E+02, 0.000000E+00, 2.078876E+00, 2.787898E+02, 2.704159E+02, 2.696685E+02, 2.731600E+02, 2.731600E+02
2024-01-30 04:45:15,1, 0.000000E+00, 2.694591E+02, 2.701703E+02, 0.000000E+00, 2.083202E+00, 2.787413E+02, 2.703879E+02, 2.696368E+02, 2.731600E+02, 2.731600E+02
2024-01-30 05:00:15,1, 0.000000E+00, 2.694488E+02, 2.701551E+02, 0.000000E+00, 2.035415E+00, 2.786927E+02, 2.703598E+02, 2.696051E+02, 2.731600E+02, 2.731600E+02
2024-01-30 05:15:15,1, 0.000000E+00, 2.695389E+02, 2.702127E+02, 0.000000E+00, 6.561530E-01, 2.786467E+02, 2.703966E+02, 2.696397E+02, 2.731600E+02, 2.731600E+02
2024-01-30 05:30:15,1, 0.000000E+00, 2.696291E+02, 2.702891E+02, 0.000000E+00, 3.925892E-01, 2.786035E+02, 2.704546E+02, 2.696983E+02, 2.731600E+02, 2.731600E+02
2024-01-30 05:45:15,1, 0.000000E+00, 2.697192E+02, 2.703654E+02, 0.000000E+00, 3.319491E-01, 2.785625E+02, 2.705127E+02, 2.697568E+02, 2.731600E+02, 2.731600E+02
2024-01-30 06:00:15,1, 0.000000E+00, 2.698108E+02, 2.704409E+02, 0.000000E+00, 3.006905E-01, 2.785235E+02, 2.705705E+02, 2.698152E+02, 2.731600E+02, 2.731600E+02
2024-01-30 06:15:15,1, 0.000000E+00, 2.699863E+02, 2.705876E+02, 0.000000E+00,-9.888575E-02, 2.784902E+02, 2.707253E+02, 2.699925E+02, 2.731600E+02, 2.731600E+02
2024-01-30 06:30:15,1, 0.000000E+00, 2.701618E+02, 2.707532E+02, 0.000000E+00,-1.897039E-01, 2.784645E+02, 2.709010E+02, 2.701913E+02, 2.731600E+02, 2.731600E+02
2024-01-30 06:45:15,1, 0.000000E+00, 2.703373E+02, 2.709188E+02, 0.000000E+00,-2.010143E-01, 2.784450E+02, 2.710775E+02, 2.703909E+02, 2.731600E+02, 2.731600E+02
2024-01-30 07:00:15,1, 0.000000E+00, 2.705101E+02, 2.710840E+02, 0.000000E+00,-1.540705E-01, 2.784309E+02, 2.712539E+02, 2.705899E+02, 2.731600E+02, 2.731600E+02
2024-01-30 07:15:15,1, 0.000000E+00, 2.705241E+02, 2.711267E+02, 0.000000E+00, 1.319800E+00, 2.784160E+02, 2.712907E+02, 2.706248E+02, 2.731600E+02, 2.731600E+02
2024-01-30 07:30:15,1, 0.000000E+00, 2.705381E+02, 2.711368E+02, 0.000000E+00, 1.747416E+00, 2.783979E+02, 2.712935E+02, 2.706261E+02, 2.731600E+02, 2.731600E+02
2024-01-30 07:45:15,1, 0.000000E+00, 2.705521E+02, 2.711466E+02, 0.000000E+00, 1.874810E+00, 2.783777E+02, 2.712955E+02, 2.706268E+02, 2.731600E+02, 2.731600E+02
2024-01-30 08:00:15,1, 0.000000E+00, 2.705628E+02, 2.711561E+02, 0.000000E+00, 1.959445E+00, 2.783560E+02, 2.712978E+02, 2.706282E+02, 2.731600E+02, 2.731600E+02
2024-01-30 08:15:15,1, 0.000000E+00, 2.703760E+02, 2.710419E+02, 0.000000E+00, 2.937792E+00, 2.783339E+02, 2.712513E+02, 2.706142E+02, 2.731600E+02, 2.731600E+02
2024-01-30 08:30:15,1, 0.000000E+00, 2.701893E+02, 2.708962E+02, 0.000000E+00, 3.090608E+00, 2.783119E+02, 2.711736E+02, 2.705717E+02, 2.731600E+02, 2.731600E+02
2024-01-30 08:45:15,1, 0.000000E+00, 2.700026E+02, 2.707489E+02, 0.000000E+00, 3.109102E+00, 2.782899E+02, 2.710931E+02, 2.705244E+02, 2.731600E+02, 2.731600E+02
2024-01-30 09:00:15,1, 0.000000E+00, 2.698154E+02, 2.706001E+02, 0.000000E+00, 3.093788E+00, 2.782682E+02, 2.710096E+02, 2.704726E+02, 2.731600E+02, 2.731600E+02
2024-01-30 09:15:15,1, 0.000000E+00, 2.696031E+02, 2.704152E+02, 0.000000E+00, 2.664307E+00, 2.782407E+02, 2.708204E+02, 2.702674E+02, 2.731600E+02, 2.731600E+02
2024-01-30 09:30:15,1, 0.000000E+00, 2.693908E+02, 2.702220E+02, 0.000000E+00, 2.564683E+00, 2.782038E+02, 2.706194E+02, 2.700522E+02, 2.731600E+02, 2.731600E+02
2024-01-30 09:45:15,1, 0.000000E+00, 2.691785E+02, 2.700283E+02, 0.000000E+00, 2.524048E+00, 2.781593E+02, 2.704176E+02, 2.698369E+02, 2.731600E+02, 2.731600E+02
2024-01-30 10:00:15,1, 0.000000E+00, 2.689697E+02, 2.698348E+02, 0.000000E+00, 2.422063E+00, 2.781087E+02, 2.702156E+02, 2.696224E+02, 2.731600E+02, 2.731600E+02
2024-01-30 10:15:15,1, 0.000000E+00, 2.689699E+02, 2.698047E+02, 0.000000E+00, 8.691060E-01, 2.780591E+02, 2.701964E+02, 2.696197E+02, 2.731600E+02, 2.731600E+02
2024-01-30 10:30:15,1, 0.000000E+00, 2.689701E+02, 2.698120E+02, 0.000000E+00, 6.748736E-01, 2.780152E+02, 2.702171E+02, 2.696553E+02, 2.731600E+02, 2.731600E+02
2024-01-30 10:45:15,1, 0.000000E+00, 2.689703E+02, 2.698195E+02, 0.000000E+00, 6.444400E-01, 2.779755E+02, 2.702375E+02, 2.696909E+02, 2.731600E+02, 2.731600E+02
2024-01-30 11:00:15,1, 0.000000E+00, 2.689723E+02, 2.698272E+02, 0.000000E+00, 6.206576E-01, 2.779391E+02, 2.702573E+02, 2.697258E+02, 2.731600E+02, 2.731600E+02
2024-01-30 11:15:15,1, 0.000000E+00, 2.690831E+02, 2.699063E+02, 0.000000E+00, 2.490843E-01, 2.779049E+02, 2.703113E+02, 2.697801E+02, 2.731600E+02, 2.731600E+02
2024-01-30 11:30:15,1, 0.000000E+00, 2.691939E+02, 2.700014E+02, 0.000000E+00, 2.007412E-01, 2.778720E+02, 2.703817E+02, 2.698504E+02, 2.731600E+02, 2.731600E+02
2024-01-30 11:45:15,1, 0.000000E+00, 2.693046E+02, 2.700960E+02, 0.000000E+00, 1.926356E-01, 2.778404E+02, 2.704514E+02, 2.699209E+02, 2.731600E+02, 2.731600E+02
2024-01-30 12:00:15,1, 0.000000E+00, 2.694149E+02, 2.701899E+02, 0.000000E+00, 1.955210E-01, 2.778099E+02, 2.705209E+02, 2.699915E+02, 2.731600E+02, 2.731600E+02
2024-01-30 12:15:15,1, 0.000000E+00, 2.694949E+02, 2.702659E+02, 0.000000E+00, 3.418088E-01, 2.777812E+02, 2.705892E+02, 2.700674E+02, 2.731600E+02, 2.731600E+02
2024-01-30 12:30:15,1, 1.995325E+00, 2.695750E+02, 2.703388E+02, 2.876761E-01, 4.035490E-01, 2.777549E+02, 2.706659E+02, 2.701697E+02, 2.731600E+02, 2.731600E+02
2024-01-30 12:45:15,1, 1.591727E+01, 2.696550E+02, 2.704489E+02, 1.074012E+00, 1.407665E+00, 2.777391E+02, 2.708723E+02, 2.705797E+02, 2.731600E+02, 2.731600E+02
2024-01-30 13:00:15,1, 4.035727E+01, 2.697367E+02, 2.705762E+02, 2.052454E+00, 2.423709E+00, 2.777380E+02, 2.711478E+02, 2.709159E+02, 2.731600E+02, 2.731600E+02
2024-01-30 13:15:15,1, 5.835885E+01, 2.699134E+02, 2.707981E+02, 2.203038E+00, 5.306909E+00, 2.778055E+02, 2.715541E+02, 2.713400E+02, 2.731600E+02, 2.731600E+02
2024-01-30 13:30:15,1, 7.571590E+01, 2.700901E+02, 2.710171E+02, 2.306411E+00, 6.187923E+00, 2.778929E+02, 2.719042E+02, 2.717600E+02, 2.731600E+02, 2.731600E+02
2024-01-30 13:45:15,1, 9.235409E+01, 2.702667E+02, 2.712320E+02, 2.398337E+00, 6.795021E+00, 2.779973E+02, 2.722419E+02, 2.721582E+02, 2.731600E+02, 2.731600E+02
2024-01-30 14:00:15,1, 1.253173E+02, 2.704431E+02, 2.714483E+02, 2.490338E+00, 7.317201E+00, 2.781170E+02, 2.726571E+02, 2.726970E+02, 2.731600E+02, 2.731600E+02
2024-01-30 14:15:15,1, 1.426785E+02, 2.705974E+02, 2.716885E+02, 2.623023E+00, 6.751723E+00, 2.782770E+02, 2.730564E+02, 2.731493E+02, 2.731600E+02, 2.731600E+02
2024-01-30 14:30:15,1, 1.589717E+02, 2.707517E+02, 2.718737E+02, 2.701863E+00, 7.096070E+00, 2.784431E+02, 2.733450E+02, 2.734726E+02, 2.731600E+02, 2.731600E+02
2024-01-30 14:45:15,1, 1.741271E+02, 2.709061E+02, 2.720545E+02, 2.777580E+00, 7.535002E+00, 2.786142E+02, 2.736188E+02, 2.737767E+02, 2.731600E+02, 2.731600E+02
2024-01-30 15:00:15,1, 1.878770E+02, 2.710601E+02, 2.722313E+02, 2.850194E+00, 7.982479E+00, 2.787891E+02, 2.738775E+02, 2.740606E+02, 2.731658E+02, 2.731831E+02
2024-01-30 15:15:15,1, 2.005536E+02, 2.711970E+02, 2.724029E+02, 2.922218E+00, 8.685925E+00, 2.789673E+02, 2.741325E+02, 2.743410E+02, 2.732564E+02, 2.734013E+02
2024-01-30 15:30:15,1, 2.119148E+02, 2.713338E+02, 2.725772E+02, 2.992571E+00, 9.157742E+00, 2.791486E+02, 2.743766E+02, 2.746100E+02, 2.734648E+02, 2.736228E+02
2024-01-30 15:45:15,1, 2.219120E+02, 2.714706E+02, 2.727473E+02, 3.059520E+00, 9.593239E+00, 2.793311E+02, 2.746059E+02, 2.748608E+02, 2.736674E+02, 2.738337E+02
2024-01-30 16:00:15,1, 2.885181E+02, 2.716083E+02, 2.729294E+02, 3.128383E+00, 1.004192E+01, 2.795167E+02, 2.750907E+02, 2.755096E+02, 2.739226E+02, 2.741085E+02
2024-01-30 16:15:15,1, 2.974636E+02, 2.717997E+02, 2.732817E+02, 3.368036E+00, 1.127907E+01, 2.798132E+02, 2.755875E+02, 2.760068E+02, 2.744490E+02, 2.746851E+02
2024-01-30 16:30:15,1, 3.045640E+02, 2.719910E+02, 2.734873E+02, 3.434929E+00, 1.170890E+01, 2.800841E+02, 2.758076E+02, 2.762220E+02, 2.746714E+02, 2.749063E+02
2024-01-30 16:45:15,1, 3.097886E+02, 2.721824E+02, 2.736859E+02, 3.496115E+00, 1.212837E+01, 2.803328E+02, 2.760077E+02, 2.764148E+02, 2.748785E+02, 2.751116E+02
2024-01-30 17:00:15,1, 3.250600E+02, 2.723734E+02, 2.738820E+02, 3.552745E+00, 1.252311E+01, 2.805622E+02, 2.762410E+02, 2.766632E+02, 2.750859E+02, 2.753182E+02
2024-01-30 17:15:15,1, 3.265283E+02, 2.725432E+02, 2.740851E+02, 3.640150E+00, 1.304928E+01, 2.807983E+02, 2.764601E+02, 2.768753E+02, 2.753211E+02, 2.755589E+02
2024-01-30 17:30:15,1, 3.260051E+02, 2.727130E+02, 2.742529E+02, 3.686791E+00, 1.336897E+01, 2.810120E+02, 2.766092E+02, 2.770163E+02, 2.754831E+02, 2.757180E+02
2024-01-30 17:45:15,1, 3.234926E+02, 2.728828E+02, 2.744146E+02, 3.727139E+00, 1.364992E+01, 2.812038E+02, 2.767390E+02, 2.771357E+02, 2.756321E+02, 2.758632E+02
2024-01-30 18:00:15,1, 2.845149E+02, 2.730521E+02, 2.745605E+02, 3.757428E+00, 1.381954E+01, 2.813710E+02, 2.767007E+02, 2.770113E+02, 2.757324E+02, 2.759530E+02
2024-01-30 18:15:15,1, 2.787619E+02, 2.731980E+02, 2.746139E+02, 3.686285E+00, 1.278415E+01, 2.814498E+02, 2.766575E+02, 2.769666E+02, 2.756817E+02, 2.758764E+02
2024-01-30 18:30:15,1, 2.712861E+02, 2.733439E+02, 2.747420E+02, 3.711686E+00, 1.289393E+01, 2.815259E+02, 2.767421E+02, 2.770452E+02, 2.757864E+02, 2.759780E+02
2024-01-30 18:45:15,1, 2.621195E+02, 2.734897E+02, 2.748654E+02, 3.731312E+00, 1.297245E+01, 2.815943E+02, 2.768105E+02, 2.771047E+02, 2.758810E+02, 2.760683E+02
2024-01-30 19:00:15,1, 2.396181E+02, 2.736345E+02, 2.749795E+02, 3.743147E+00, 1.304562E+01, 2.816502E+02, 2.768099E+02, 2.770621E+02, 2.759525E+02, 2.761314E+02
2024-01-30 19:15:15,1, 2.277722E+02, 2.737108E+02, 2.749975E+02, 3.689900E+00, 1.348482E+01, 2.816676E+02, 2.767221E+02, 2.769461E+02, 2.759081E+02, 2.760676E+02
2024-01-30 19:30:15,1, 2.144465E+02, 2.737872E+02, 2.750282E+02, 3.663451E+00, 1.330058E+01, 2.816695E+02, 2.766586E+02, 2.768535E+02, 2.758941E+02, 2.760432E+02
2024-01-30 19:45:15,1, 1.996979E+02, 2.738636E+02, 2.750529E+02, 3.630655E+00, 1.303519E+01, 2.816542E+02, 2.765778E+02, 2.767410E+02, 2.758687E+02, 2.760063E+02
2024-01-30 20:00:15,1, 1.442423E+02, 2.739385E+02, 2.750582E+02, 3.576471E+00, 1.267446E+01, 2.816183E+02, 2.762903E+02, 2.762917E+02, 2.757881E+02, 2.758994E+02
2024-01-30 20:15:15,1, 1.305723E+02, 2.739223E+02, 2.748814E+02, 3.391982E+00, 1.115713E+01, 2.815019E+02, 2.759527E+02, 2.759085E+02, 2.754688E+02, 2.755215E+02
2024-01-30 20:30:15,1, 1.159468E+02, 2.739062E+02, 2.748118E+02, 3.331595E+00, 1.072448E+01, 2.813896E+02, 2.757946E+02, 2.757167E+02, 2.753511E+02, 2.753910E+02
2024-01-30 20:45:15,1, 1.004284E+02, 2.738900E+02, 2.747389E+02, 3.263202E+00, 1.022051E+01, 2.812761E+02, 2.756249E+02, 2.755089E+02, 2.752278E+02, 2.752530E+02
2024-01-30 21:00:15,1, 6.644851E+01, 2.738715E+02, 2.746541E+02, 3.130394E+00, 9.641491E+00, 2.811569E+02, 2.753516E+02, 2.751241E+02, 2.750746E+02, 2.750762E+02
2024-01-30 21:15:15,1, 5.293391E+01, 2.737129E+02, 2.743985E+02, 2.921923E+00, 8.096831E+00, 2.810000E+02, 2.749622E+02, 2.746642E+02, 2.747314E+02, 2.746880E+02
2024-01-30 21:30:15,1, 3.887937E+01, 2.735543E+02, 2.741763E+02, 2.684338E+00, 7.102488E+00, 2.808409E+02, 2.746446E+02, 2.742809E+02, 2.744559E+02, 2.743919E+02
2024-01-30 21:45:15,1, 2.434508E+01, 2.733956E+02, 2.739521E+02, 2.235459E+00, 5.854758E+00, 2.806774E+02, 2.743223E+02, 2.738764E+02, 2.741741E+02, 2.740850E+02
2024-01-30 22:00:15,1, 0.000000E+00, 2.732380E+02, 2.737268E+02, 0.000000E+00, 3.951579E+00, 2.805081E+02, 2.739812E+02, 2.734452E+02, 2.738745E+02, 2.737466E+02
2024-01-30 22:15:15,1, 0.000000E+00, 2.731409E+02, 2.735683E+02, 0.000000E+00, 2.045883E+00, 2.803377E+02, 2.738365E+02, 2.733085E+02, 2.736676E+02, 2.735192E+02
2024-01-30 22:30:15,1, 0.000000E+00, 2.730438E+02, 2.734815E+02, 0.000000E+00, 1.808619E+00, 2.801941E+02, 2.737740E+02, 2.732721E+02, 2.735827E+02, 2.734417E+02
2024-01-30 22:45:15,1, 0.000000E+00, 2.729467E+02, 2.734026E+02, 0.000000E+00, 1.713819E+00, 2.800686E+02, 2.737188E+02, 2.732435E+02, 2.735092E+02, 2.733758E+02
2024-01-30 23:00:15,1, 0.000000E+00, 2.728497E+02, 2.733212E+02, 0.000000E+00, 1.669332E+00, 2.799560E+02, 2.736597E+02, 2.732120E+02, 2.734337E+02, 2.733084E+02
2024-01-30 23:15:15,1, 0.000000E+00, 2.727592E+02, 2.732198E+02, 0.000000E+00, 1.756480E+00, 2.798497E+02, 2.735298E+02, 2.730657E+02, 2.733286E+02, 2.732006E+02
2024-01-30 23:30:15,1, 0.000000E+00, 2.726686E+02, 2.731115E+02, 0.000000E+00, 1.776413E+00, 2.797467E+02, 2.733923E+02, 2.729108E+02, 2.732326E+02, 2.731600E+02
2024-01-30 23:45:15,1, 0.000000E+00, 2.725780E+02, 2.730065E+02, 0.000000E+00, 1.763063E+00, 2.796455E+02, 2.732565E+02, 2.727590E+02, 2.731720E+02, 2.731600E+02
2024-01-30 00:00:15,2, 0.000000E+00, 2.705181E+02, 2.712674E+02, 0.000000E+00, 1.395535E+00, 2.800052E+02, 2.716943E+02, 2.711266E+02, 2.731600E+02, 2.731600E+02
2024-01-30 00:15:15,2, 0.000000E+00, 2.704237E+02, 2.711753E+02, 0.000000E+00, 1.705097E+00, 2.799185E+02, 2.715790E+02, 2.709952E+02, 2.731600E+02, 2.731600E+02
2024-01-30 00:30:15,2, 0.000000E+00, 2.703293E+02, 2.710794E+02, 0.000000E+00, 1.718516E+00, 2.798316E+02, 2.714593E+02, 2.708593E+02, 2.731600E+02, 2.731600E+02
2024-01-30 00:45:15,2, 0.000000E+00, 2.702348E+02, 2.709832E+02, 0.000000E+00, 1.692123E+00, 2.797449E+02, 2.713391E+02, 2.707227E+02, 2.731600E+02, 2.731600E+02
2024-01-30 01:00:15,2, 0.000000E+00, 2.701412E+02, 2.708868E+02, 0.000000E+00, 1.662310E+00, 2.796585E+02, 2.712187E+02, 2.705860E+02, 2.731600E+02, 2.731600E+02
2024-01-30 01:15:15,2, 0.000000E+00, 2.700910E+02, 2.708271E+02, 0.000000E+00, 1.730620E+00, 2.795751E+02, 2.711526E+02, 2.705156E+02, 2.731600E+02, 2.731600E+02
2024-01-30 01:30:15,2, 0.000000E+00, 2.700409E+02, 2.707774E+02, 0.000000E+00, 1.737126E+00, 2.794963E+02, 2.710971E+02, 2.704556E+02, 2.731600E+02, 2.731600E+02
2024-01-30 01:45:15,2, 0.000000E+00, 2.699907E+02, 2.707279E+02, 0.000000E+00, 1.728585E+00, 2.794212E+02, 2.710420E+02, 2.703956E+02, 2.731600E+02, 2.731600E+02
2024-01-30 02:00:15,2, 0.000000E+00, 2.699406E+02, 2.706783E+02, 0.000000E+00, 1.716062E+00, 2.793493E+02, 2.709873E+02, 2.703353E+02, 2.731600E+02, 2.731600E+02
2024-01-30 02:15:15,2, 0.000000E+00, 2.698949E+02, 2.706312E+02, 0.000000E+00, 1.658929E+00, 2.792809E+02, 2.709382E+02, 2.702777E+02, 2.731600E+02, 2.731600E+02
2024-01-30 02:30:15,2, 0.000000E+00, 2.698491E+02, 2.705843E+02, 0.000000E+00, 1.640632E+00, 2.792162E+02, 2.708879E+02, 2.702198E+02, 2.731600E+02, 2.731600E+02
2024-01-30 02:45:15,2, 0.000000E+00, 2.698034E+02, 2.705369E+02, 0.000000E+00, 1.628007E+00, 2.791549E+02, 2.708361E+02, 2.701605E+02, 2.731600E+02, 2.731600E+02
2024-01-30 03:00:15,2, 0.000000E+00, 2.697573E+02, 2.704890E+02, 0.000000E+00, 1.634194E+00, 2.790966E+02, 2.707824E+02, 2.700996E+02, 2.731600E+02, 2.731600E+02
2024-01-30 03:15:15,2, 0.000000E+00, 2.696915E+02, 2.704274E+02, 0.000000E+00, 2.126219E+00, 2.790408E+02, 2.707192E+02, 2.700301E+02, 2.731600E+02, 2.731600E+02
2024-01-30 03:30:15,2, 0.000000E+00, 2.696258E+02, 2.703618E+02, 0.000000E+00, 2.206208E+00, 2.789872E+02, 2.706517E+02, 2.699555E+02, 2.731600E+02, 2.731600E+02
2024-01-30 03:45:15,2, 0.000000E+00, 2.695600E+02, 2.702960E+02, 0.000000E+00, 2.218282E+00, 2.789360E+02, 2.705831E+02, 2.698787E+02, 2.731600E+02, 2.731600E+02
2024-01-30 04:00:15,2, 0.000000E+00, 2.694952E+02, 2.702281E+02, 0.000000E+00, 2.208123E+00, 2.788872E+02, 2.705120E+02, 2.697969E+02, 2.731600E+02, 2.731600E+02
2024-01-30 04:15:15,2, 0.000000E+00, 2.694832E+02, 2.702024E+02, 0.000000E+00, 2.083620E+00, 2.788394E+02, 2.704737E+02, 2.697552E+02, 2.731600E+02, 2.731600E+02
2024-01-30 04:30:15,2, 0.000000E+00, 2.694711E+02, 2.701871E+02, 0.000000E+00, 2.079208E+00, 2.787910E+02, 2.704459E+02, 2.697239E+02, 2.731600E+02, 2.731600E+02
2024-01-30 04:45:15,2, 0.000000E+00, 2.694591E+02, 2.701718E+02, 0.000000E+00, 2.083762E+00, 2.787425E+02, 2.704181E+02, 2.696927E+02, 2.731600E+02, 2.731600E+02
2024-01-30 05:00:15,2, 0.000000E+00, 2.694488E+02, 2.701567E+02, 0.000000E+00, 2.036101E+00, 2.786939E+02, 2.703905E+02, 2.696614E+02, 2.731600E+02, 2.731600E+02
2024-01-30 05:15:15,2, 0.000000E+00, 2.695389E+02, 2.702145E+02, 0.000000E+00, 6.553699E-01, 2.786479E+02, 2.704277E+02, 2.696969E+02, 2.731600E+02, 2.731600E+02
2024-01-30 05:30:15,2, 0.000000E+00, 2.696291E+02, 2.702916E+02, 0.000000E+00, 3.927640E-01, 2.786046E+02, 2.704866E+02, 2.697565E+02, 2.731600E+02, 2.731600E+02
2024-01-30 05:45:15,2, 0.000000E+00, 2.697192E+02, 2.703686E+02, 0.000000E+00, 3.330440E-01, 2.785636E+02, 2.705457E+02, 2.698163E+02, 2.731600E+02, 2.731600E+02
2024-01-30 06:00:15,2, 0.000000E+00, 2.698108E+02, 2.704456E+02, 0.000000E+00, 3.028936E-01, 2.785245E+02, 2.706052E+02, 2.698768E+02, 2.731600E+02, 2.731600E+02
2024-01-30 06:15:15,2, 0.000000E+00, 2.699863E+02, 2.705918E+02, 0.000000E+00,-9.939095E-02, 2.784913E+02, 2.707591E+02, 2.700540E+02, 2.731600E+02, 2.731600E+02
2024-01-30 06:30:15,2, 0.000000E+00, 2.701618E+02, 2.707564E+02, 0.000000E+00,-1.890662E-01, 2.784655E+02, 2.709328E+02, 2.702503E+02, 2.731600E+02, 2.731600E+02
2024-01-30 06:45:15,2, 0.000000E+00, 2.703373E+02, 2.709213E+02, 0.000000E+00,-1.997894E-01, 2.784460E+02, 2.711076E+02, 2.704473E+02, 2.731600E+02, 2.731600E+02
2024-01-30 07:00:15,2, 0.000000E+00, 2.705101E+02, 2.710859E+02, 0.000000E+00,-1.524510E-01, 2.784319E+02, 2.712824E+02, 2.706439E+02, 2.731600E+02, 2.731600E+02
2024-01-30 07:15:15,2, 0.000000E+00, 2.705241E+02, 2.711284E+02, 0.000000E+00, 1.325020E+00, 2.784170E+02, 2.713189E+02, 2.706780E+02, 2.731600E+02, 2.731600E+02
2024-01-30 07:30:15,2, 0.000000E+00, 2.705381E+02, 2.711387E+02, 0.000000E+00, 1.751420E+00, 2.783989E+02, 2.713220E+02, 2.706798E+02, 2.731600E+02, 2.731600E+02
2024-01-30 07:45:15,2, 0.000000E+00, 2.705521E+02, 2.711488E+02, 0.000000E+00, 1.878224E+00, 2.783787E+02, 2.713244E+02, 2.706810E+02, 2.731600E+02, 2.731600E+02
2024-01-30 08:00:15,2, 0.000000E+00, 2.705628E+02, 2.711585E+02, 0.000000E+00, 1.962759E+00, 2.783570E+02, 2.713270E+02, 2.706829E+02, 2.731600E+02, 2.731600E+02
2024-01-30 08:15:15,2, 0.000000E+00, 2.703760E+02, 2.710429E+02, 0.000000E+00, 2.932693E+00, 2.783349E+02, 2.712766E+02, 2.706613E+02, 2.731600E+02, 2.731600E+02
2024-01-30 08:30:15,2, 0.000000E+00, 2.701893E+02, 2.708967E+02, 0.000000E+00, 3.087640E+00, 2.783129E+02, 2.711969E+02, 2.706155E+02, 2.731600E+02, 2.731600E+02
2024-01-30 08:45:15,2, 0.000000E+00, 2.700026E+02, 2.707491E+02, 0.000000E+00, 3.107473E+00, 2.782909E+02, 2.711146E+02, 2.705653E+02, 2.731600E+02, 2.731600E+02
2024-01-30 09:00:15,2, 0.000000E+00, 2.698154E+02, 2.705998E+02, 0.000000E+00, 3.092208E+00, 2.782691E+02, 2.710295E+02, 2.705109E+02, 2.731600E+02, 2.731600E+02
2024-01-30 09:15:15,2, 0.000000E+00, 2.696031E+02, 2.704150E+02, 0.000000E+00, 2.664469E+00, 2.782417E+02, 2.708411E+02, 2.703063E+02, 2.731600E+02, 2.731600E+02
2024-01-30 09:30:15,2, 0.000000E+00, 2.693908E+02, 2.702215E+02, 0.000000E+00, 2.564418E+00, 2.782048E+02, 2.706407E+02, 2.700914E+02, 2.731600E+02, 2.731600E+02
2024-01-30 09:45:15,2, 0.000000E+00, 2.691785E+02, 2.700280E+02, 0.000000E+00, 2.524234E+00, 2.781603E+02, 2.704394E+02, 2.698767E+02, 2.731600E+02, 2.731600E+02
2024-01-30 10:00:15,2, 0.000000E+00, 2.689697E+02, 2.698347E+02, 0.000000E+00, 2.422333E+00, 2.781097E+02, 2.702379E+02, 2.696629E+02, 2.731600E+02, 2.731600E+02
2024-01-30 10:15:15,2, 0.000000E+00, 2.689699E+02, 2.698044E+02, 0.000000E+00, 8.693150E-01, 2.780602E+02, 2.702179E+02, 2.696588E+02, 2.731600E+02, 2.731600E+02
2024-01-30 10:30:15,2, 0.000000E+00, 2.689701E+02, 2.698114E+02, 0.000000E+00, 6.747882E-01, 2.780163E+02, 2.702377E+02, 2.696930E+02, 2.731600E+02, 2.731600E+02
2024-01-30 10:45:15,2, 0.000000E+00, 2.689703E+02, 2.698186E+02, 0.000000E+00, 6.442231E-01, 2.779766E+02, 2.702573E+02, 2.697272E+02, 2.731600E+02, 2.731600E+02
2024-01-30 11:00:15,2, 0.000000E+00, 2.689723E+02, 2.698258E+02, 0.000000E+00, 6.203699E-01, 2.779402E+02, 2.702761E+02, 2.697608E+02, 2.731600E+02, 2.731600E+02
2024-01-30 11:15:15,2, 0.000000E+00, 2.690831E+02, 2.699052E+02, 0.000000E+00, 2.491370E-01, 2.779060E+02, 2.703302E+02, 2.698149E+02, 2.731600E+02, 2.731600E+02
2024-01-30 11:30:15,2, 0.000000E+00, 2.691939E+02, 2.700008E+02, 0.000000E+00, 2.007235E-01, 2.778731E+02, 2.704010E+02, 2.698855E+02, 2.731600E+02, 2.731600E+02
2024-01-30 11:45:15,2, 0.000000E+00, 2.693046E+02, 2.700957E+02, 0.000000E+00, 1.926486E-01, 2.778415E+02, 2.704709E+02, 2.699561E+02, 2.731600E+02, 2.731600E+02
2024-01-30 12:00:15,2, 0.000000E+00, 2.694149E+02, 2.701900E+02, 0.000000E+00, 1.955931E-01, 2.778110E+02, 2.705407E+02, 2.700268E+02, 2.731600E+02, 2.731600E+02
2024-01-30 12:15:15,2, 0.000000E+00, 2.694949E+02, 2.702660E+02, 0.000000E+00, 3.418960E-01, 2.777823E+02, 2.706087E+02, 2.701023E+02, 2.731600E+02, 2.731600E+02
2024-01-30 12:30:15,2, 1.995325E+00, 2.695750E+02, 2.703389E+02, 2.900374E-01, 4.017189E-01, 2.777560E+02, 2.706844E+02, 2.702007E+02, 2.731600E+02, 2.731600E+02
2024-01-30 12:45:15,2, 1.591727E+01, 2.696550E+02, 2.704475E+02, 1.167952E+00, 1.501156E+00, 2.777406E+02, 2.708783E+02, 2.705627E+02, 2.731600E+02, 2.731600E+02
2024-01-30 13:00:15,2, 4.035727E+01, 2.697367E+02, 2.705757E+02, 2.052840E+00, 2.487757E+00, 2.777402E+02, 2.711543E+02, 2.709118E+02, 2.731600E+02, 2.731600E+02
2024-01-30 13:15:15,2, 5.835885E+01, 2.699134E+02, 2.707984E+02, 2.204282E+00, 5.317202E+00, 2.778076E+02, 2.715603E+02, 2.713442E+02, 2.731600E+02, 2.731600E+02
2024-01-30 13:30:15,2, 7.571590E+01, 2.700901E+02, 2.710174E+02, 2.307852E+00, 6.191747E+00, 2.778949E+02, 2.719075E+02, 2.717587E+02, 2.731600E+02, 2.731600E+02
2024-01-30 13:45:15,2, 9.235409E+01, 2.702667E+02, 2.712324E+02, 2.399893E+00, 6.798604E+00, 2.779992E+02, 2.722426E+02, 2.721519E+02, 2.731600E+02, 2.731600E+02
2024-01-30 14:00:15,2, 1.253173E+02, 2.704431E+02, 2.714487E+02, 2.492000E+00, 7.321165E+00, 2.781188E+02, 2.726526E+02, 2.726781E+02, 2.731600E+02, 2.731600E+02
2024-01-30 14:15:15,2, 1.426785E+02, 2.705974E+02, 2.716888E+02, 2.624688E+00, 6.755818E+00, 2.782787E+02, 2.730494E+02, 2.731253E+02, 2.731600E+02, 2.731600E+02
2024-01-30 14:30:15,2, 1.589717E+02, 2.707517E+02, 2.718740E+02, 2.703582E+00, 7.100391E+00, 2.784447E+02, 2.733365E+02, 2.734458E+02, 2.731600E+02, 2.731600E+02
2024-01-30 14:45:15,2, 1.741271E+02, 2.709061E+02, 2.720547E+02, 2.779350E+00, 7.539594E+00, 2.786158E+02, 2.736091E+02, 2.737473E+02, 2.731600E+02, 2.731600E+02
2024-01-30 15:00:15,2, 1.878770E+02, 2.710601E+02, 2.722314E+02, 2.852010E+00, 7.986884E+00, 2.787906E+02, 2.738665E+02, 2.740293E+02, 2.731626E+02, 2.731705E+02
2024-01-30 15:15:15,2, 2.005536E+02, 2.711970E+02, 2.724031E+02, 2.924085E+00, 8.691185E+00, 2.789687E+02, 2.741206E+02, 2.743074E+02, 2.732493E+02, 2.733827E+02
2024-01-30 15:30:15,2, 2.119148E+02, 2.713338E+02, 2.725775E+02, 2.994489E+00, 9.163180E+00, 2.791500E+02, 2.743636E+02, 2.745743E+02, 2.734573E+02, 2.736034E+02
2024-01-30 15:45:15,2, 2.219120E+02, 2.714706E+02, 2.727476E+02, 3.061488E+00, 9.598949E+00, 2.793324E+02, 2.745920E+02, 2.748232E+02, 2.736596E+02, 2.738136E+02
2024-01-30 16:00:15,2, 2.885181E+02, 2.716083E+02, 2.729296E+02, 3.130407E+00, 1.004774E+01, 2.795179E+02, 2.750701E+02, 2.754531E+02, 2.739134E+02, 2.740845E+02
2024-01-30 16:15:15,2, 2.974636E+02, 2.717997E+02, 2.732814E+02, 3.369645E+00, 1.128213E+01, 2.798144E+02, 2.755657E+02, 2.759474E+02, 2.744374E+02, 2.746536E+02
2024-01-30 16:30:15,2, 3.045640E+02, 2.719910E+02, 2.734870E+02, 3.436570E+00, 1.171214E+01, 2.800853E+02, 2.757861E+02, 2.761630E+02, 2.746599E+02, 2.748749E+02
2024-01-30 16:45:15,2, 3.097886E+02, 2.721824E+02, 2.736857E+02, 3.497786E+00, 1.213172E+01, 2.803340E+02, 2.759865E+02, 2.763565E+02, 2.748671E+02, 2.750804E+02
2024-01-30 17:00:15,2, 3.250600E+02, 2.723734E+02, 2.738817E+02, 3.554445E+00, 1.252647E+01, 2.805635E+02, 2.762191E+02, 2.766024E+02, 2.750744E+02, 2.752866E+02
2024-01-30 17:15:15,2, 3.265283E+02, 2.725432E+02, 2.740847E+02, 3.641733E+00, 1.305184E+01, 2.807995E+02, 2.764382E+02, 2.768144E+02, 2.753092E+02, 2.755260E+02
2024-01-30 17:30:15,2, 3.260051E+02, 2.727130E+02, 2.742525E+02, 3.688401E+00, 1.337162E+01, 2.810133E+02, 2.765876E+02, 2.769560E+02, 2.754714E+02, 2.756854E+02
2024-01-30 17:45:15,2, 3.234926E+02, 2.728828E+02, 2.744142E+02, 3.728772E+00, 1.365264E+01, 2.812050E+02, 2.767178E+02, 2.770763E+02, 2.756205E+02, 2.758310E+02
2024-01-30 18:00:15,2, 2.845149E+02, 2.730521E+02, 2.745602E+02, 3.759077E+00, 1.382256E+01, 2.813723E+02, 2.766829E+02, 2.769625E+02, 2.757216E+02, 2.759233E+02
2024-01-30 18:15:15,2, 2.787619E+02, 2.731980E+02, 2.746139E+02, 3.688336E+00, 1.278997E+01, 2.814510E+02, 2.766406E+02, 2.769198E+02, 2.756723E+02, 2.758512E+02
2024-01-30 18:30:15,2, 2.712861E+02, 2.733439E+02, 2.747420E+02, 3.713755E+00, 1.289975E+01, 2.815271E+02, 2.767253E+02, 2.769989E+02, 2.757771E+02, 2.759531E+02
2024-01-30 18:45:15,2, 2.621195E+02, 2.734897E+02, 2.748653E+02, 3.733396E+00, 1.297828E+01, 2.815954E+02, 2.767941E+02, 2.770592E+02, 2.758719E+02, 2.760438E+02
2024-01-30 19:00:15,2, 2.396181E+02, 2.736345E+02, 2.749795E+02, 3.745238E+00, 1.305151E+01, 2.816513E+02, 2.767952E+02, 2.770211E+02, 2.759439E+02, 2.761082E+02
2024-01-30 19:15:15,2, 2.277722E+02, 2.737108E+02, 2.749975E+02, 3.692078E+00, 1.349129E+01, 2.816687E+02, 2.767087E+02, 2.769081E+02, 2.759005E+02, 2.760469E+02
2024-01-30 19:30:15,2, 2.144465E+02, 2.737872E+02, 2.750282E+02, 3.665603E+00, 1.330689E+01, 2.816706E+02, 2.766464E+02, 2.768179E+02, 2.758869E+02, 2.760234E+02
2024-01-30 19:45:15,2, 1.996979E+02, 2.738636E+02, 2.750528E+02, 3.632776E+00, 1.304127E+01, 2.816553E+02, 2.765669E+02, 2.767081E+02, 2.758620E+02, 2.759876E+02
2024-01-30 20:00:15,2, 1.442423E+02, 2.739385E+02, 2.750582E+02, 3.578506E+00, 1.268039E+01, 2.816195E+02, 2.762861E+02, 2.762758E+02, 2.757828E+02, 2.758845E+02
2024-01-30 20:15:15,2, 1.305723E+02, 2.739223E+02, 2.748817E+02, 3.394156E+00, 1.116423E+01, 2.815031E+02, 2.759510E+02, 2.758981E+02, 2.754662E+02, 2.755134E+02
2024-01-30 20:30:15,2, 1.159468E+02, 2.739062E+02, 2.748120E+02, 3.333679E+00, 1.073097E+01, 2.813907E+02, 2.757943E+02, 2.757091E+02, 2.753490E+02, 2.753840E+02
2024-01-30 20:45:15,2, 1.004284E+02, 2.738900E+02, 2.747390E+02, 3.265160E+00, 1.022645E+01, 2.812773E+02, 2.756261E+02, 2.755043E+02, 2.752263E+02, 2.752473E+02
2024-01-30 21:00:15,2, 6.644851E+01, 2.738715E+02, 2.746543E+02, 3.131791E+00, 9.646722E+00, 2.811580E+02, 2.753575E+02, 2.751302E+02, 2.750743E+02, 2.750730E+02
2024-01-30 21:15:15,2, 5.293391E+01, 2.737129E+02, 2.743987E+02, 2.922929E+00, 8.100648E+00, 2.810012E+02, 2.749713E+02, 2.746769E+02, 2.747331E+02, 2.746895E+02
2024-01-30 21:30:15,2, 3.887937E+01, 2.735543E+02, 2.741765E+02, 2.685716E+00, 7.105445E+00, 2.808420E+02, 2.746567E+02, 2.742992E+02, 2.744584E+02, 2.743950E+02
2024-01-30 21:45:15,2, 2.434508E+01, 2.733956E+02, 2.739522E+02, 2.240785E+00, 5.857751E+00, 2.806786E+02, 2.743379E+02, 2.739021E+02, 2.741782E+02, 2.740927E+02
2024-01-30 22:00:15,2, 0.000000E+00, 2.732380E+02, 2.737269E+02, 0.000000E+00, 3.958110E+00, 2.805093E+02, 2.740012E+02, 2.734807E+02, 2.738796E+02, 2.737561E+02
2024-01-30 22:15:15,2, 0.000000E+00, 2.731409E+02, 2.735685E+02, 0.000000E+00, 2.046897E+00, 2.803389E+02, 2.738564E+02, 2.733439E+02, 2.736733E+02, 2.735294E+02
2024-01-30 22:30:15,2, 0.000000E+00, 2.730438E+02, 2.734816E+02, 0.000000E+00, 1.809429E+00, 2.801953E+02, 2.737928E+02, 2.733056E+02, 2.735882E+02, 2.734513E+02
2024-01-30 22:45:15,2, 0.000000E+00, 2.729467E+02, 2.734027E+02, 0.000000E+00, 1.714363E+00, 2.800697E+02, 2.737365E+02, 2.732751E+02, 2.735144E+02, 2.733850E+02
2024-01-30 23:00:15,2, 0.000000E+00, 2.728497E+02, 2.733213E+02, 0.000000E+00, 1.669720E+00, 2.799571E+02, 2.736764E+02, 2.732418E+02, 2.734386E+02, 2.733170E+02
2024-01-30 23:15:15,2, 0.000000E+00, 2.727592E+02, 2.732200E+02, 0.000000E+00, 1.756815E+00, 2.798509E+02, 2.735472E+02, 2.730966E+02, 2.733336E+02, 2.732095E+02
2024-01-30 23:30:15,2, 0.000000E+00, 2.726686E+02, 2.731115E+02, 0.000000E+00, 1.776633E+00, 2.797479E+02, 2.734103E+02, 2.729430E+02, 2.732354E+02, 2.731600E+02
2024-01-30 23:45:15,2, 0.000000E+00, 2.725780E+02, 2.730067E+02, 0.000000E+00, 1.763535E+00, 2.796466E+02, 2.732753E+02, 2.727924E+02, 2.731721E+02, 2.731600E+02
2024-01-31 00:00:15,1, 0.000000E+00, 2.724888E+02, 2.729063E+02, 0.000000E+00, 1.726151E+00, 2.795455E+02, 2.731239E+02, 2.726136E+02, 2.731600E+02, 2.731600E+02
2024-01-31 00:15:15,1, 0.000000E+00, 2.724826E+02, 2.728702E+02, 0.000000E+00, 1.366629E+00, 2.794529E+02, 2.730941E+02, 2.725942E+02, 2.731600E+02, 2.731600E+02
2024-01-31 00:30:15,1, 0.000000E+00, 2.724764E+02, 2.728644E+02, 0.000000E+00, 1.305687E+00, 2.793692E+02, 2.730925E+02, 2.726080E+02, 2.731600E+02, 2.731600E+02
2024-01-31 00:45:15,1, 0.000000E+00, 2.724702E+02, 2.728616E+02, 0.000000E+00, 1.282378E+00, 2.792923E+02, 2.730942E+02, 2.726248E+02, 2.731600E+02, 2.731600E+02
2024-01-31 01:00:15,1, 0.000000E+00, 2.724630E+02, 2.728593E+02, 0.000000E+00, 1.276147E+00, 2.792210E+02, 2.730964E+02, 2.726413E+02, 2.731600E+02, 2.731600E+02
2024-01-31 01:15:15,1, 0.000000E+00, 2.723979E+02, 2.728129E+02, 0.000000E+00, 1.462800E+00, 2.791508E+02, 2.730281E+02, 2.725666E+02, 2.731600E+02, 2.731600E+02
2024-01-31 01:30:15,1, 0.000000E+00, 2.723328E+02, 2.727464E+02, 0.000000E+00, 1.463561E+00, 2.790801E+02, 2.729413E+02, 2.724708E+02, 2.731600E+02, 2.731600E+02
2024-01-31 01:45:15,1, 0.000000E+00, 2.722677E+02, 2.726786E+02, 0.000000E+00, 1.439013E+00, 2.790094E+02, 2.728531E+02, 2.723735E+02, 2.731600E+02, 2.731600E+02
2024-01-31 02:00:15,1, 0.000000E+00, 2.722032E+02, 2.726106E+02, 0.000000E+00, 1.406678E+00, 2.789390E+02, 2.727652E+02, 2.722768E+02, 2.731600E+02, 2.731600E+02
2024-01-31 02:15:15,1, 0.000000E+00, 2.721719E+02, 2.725789E+02, 0.000000E+00, 1.354399E+00, 2.788736E+02, 2.727507E+02, 2.722734E+02, 2.731600E+02, 2.731600E+02
2024-01-31 02:30:15,1, 0.000000E+00, 2.721406E+02, 2.725644E+02, 0.000000E+00, 1.363009E+00, 2.788152E+02, 2.727530E+02, 2.722893E+02, 2.731600E+02, 2.731600E+02
2024-01-31 02:45:15,1, 0.000000E+00, 2.721093E+02, 2.725508E+02, 0.000000E+00, 1.366113E+00, 2.787623E+02, 2.727567E+02, 2.723064E+02, 2.731600E+02, 2.731600E+02
2024-01-31 03:00:15,1, 0.000000E+00, 2.720773E+02, 2.725367E+02, 0.000000E+00, 1.371203E+00, 2.787141E+02, 2.727598E+02, 2.723226E+02, 2.731600E+02, 2.731600E+02
2024-01-31 03:15:15,1, 0.000000E+00, 2.720062E+02, 2.724787E+02, 0.000000E+00, 1.459973E+00, 2.786641E+02, 2.726790E+02, 2.722323E+02, 2.731600E+02, 2.731600E+02
2024-01-31 03:30:15,1, 0.000000E+00, 2.719350E+02, 2.724064E+02, 0.000000E+00, 1.431017E+00, 2.786110E+02, 2.725851E+02, 2.721247E+02, 2.731600E+02, 2.731600E+02
2024-01-31 03:45:15,1, 0.000000E+00, 2.718639E+02, 2.723334E+02, 0.000000E+00, 1.400023E+00, 2.785559E+02, 2.724901E+02, 2.720161E+02, 2.731600E+02, 2.731600E+02
2024-01-31 04:00:15,1, 0.000000E+00, 2.717930E+02, 2.722601E+02, 0.000000E+00, 1.367889E+00, 2.784992E+02, 2.723946E+02, 2.719072E+02, 2.731600E+02, 2.731600E+02
2024-01-31 04:15:15,1, 0.000000E+00, 2.717376E+02, 2.722025E+02, 0.000000E+00, 1.348594E+00, 2.784434E+02, 2.723290E+02, 2.718362E+02, 2.731600E+02, 2.731600E+02
2024-01-31 04:30:15,1, 0.000000E+00, 2.716821E+02, 2.721500E+02, 0.000000E+00, 1.334959E+00, 2.783891E+02, 2.722682E+02, 2.717705E+02, 2.731600E+02, 2.731600E+02
2024-01-31 04:45:15,1, 0.000000E+00, 2.716267E+02, 2.720971E+02, 0.000000E+00, 1.316406E+00, 2.783361E+02, 2.722072E+02, 2.717045E+02, 2.731600E+02, 2.731600E+02
2024-01-31 05:00:15,1, 0.000000E+00, 2.715707E+02, 2.720460E+02, 0.000000E+00, 1.305603E+00, 2.782843E+02, 2.721473E+02, 2.716396E+02, 2.731600E+02, 2.731600E+02
2024-01-31 05:15:15,1, 0.000000E+00, 2.714776E+02, 2.719644E+02, 0.000000E+00, 1.330223E+00, 2.782308E+02, 2.720387E+02, 2.715138E+02, 2.731600E+02, 2.731600E+02
2024-01-31 05:30:15,1, 0.000000E+00, 2.713846E+02, 2.718717E+02, 0.000000E+00, 1.292469E+00, 2.781745E+02, 2.719187E+02, 2.713752E+02, 2.731600E+02, 2.731600E+02
2024-01-31 05:45:15,1, 0.000000E+00, 2.712916E+02, 2.717782E+02, 0.000000E+00, 1.254577E+00, 2.781162E+02, 2.717975E+02, 2.712348E+02, 2.731600E+02, 2.731600E+02
2024-01-31 06:00:15,1, 0.000000E+00, 2.712014E+02, 2.716846E+02, 0.000000E+00, 1.177787E+00, 2.780563E+02, 2.716763E+02, 2.710944E+02, 2.731600E+02, 2.731600E+02
2024-01-31 06:15:15,1, 0.000000E+00, 2.712833E+02, 2.717196E+02, 0.000000E+00, 1.998759E-01, 2.780063E+02, 2.717398E+02, 2.711680E+02, 2.731600E+02, 2.731600E+02
2024-01-31 06:30:15,1, 0.000000E+00, 2.713651E+02, 2.718037E+02, 0.000000E+00,-4.902307E-02, 2.779681E+02, 2.718554E+02, 2.713109E+02, 2.731600E+02, 2.731600E+02
2024-01-31 06:45:15,1, 0.000000E+00, 2.714469E+02, 2.718914E+02, 0.000000E+00,-1.328202E-01, 2.779383E+02, 2.719752E+02, 2.714585E+02, 2.731600E+02, 2.731600E+02
2024-01-31 07:00:15,1, 0.000000E+00, 2.715279E+02, 2.719784E+02, 0.000000E+00,-1.365055E-01, 2.779154E+02, 2.720950E+02, 2.716050E+02, 2.731600E+02, 2.731600E+02
2024-01-31 07:15:15,1, 0.000000E+00, 2.715559E+02, 2.720290E+02, 0.000000E+00, 5.508034E-01, 2.778951E+02, 2.721600E+02, 2.716877E+02, 2.731600E+02, 2.731600E+02
2024-01-31 07:30:15,1, 0.000000E+00, 2.715840E+02, 2.720632E+02, 0.000000E+00, 7.656927E-01, 2.778766E+02, 2.722105E+02, 2.717479E+02, 2.731600E+02, 2.731600E+02
2024-01-31 07:45:15,1, 0.000000E+00, 2.716121E+02, 2.720971E+02, 0.000000E+00, 8.355842E-01, 2.778608E+02, 2.722612E+02, 2.718080E+02, 2.731600E+02, 2.731600E+02
2024-01-31 08:00:15,1, 0.000000E+00, 2.716394E+02, 2.721310E+02, 0.000000E+00, 8.623576E-01, 2.778477E+02, 2.723120E+02, 2.718682E+02, 2.731600E+02, 2.731600E+02
2024-01-31 08:15:15,1, 0.000000E+00, 2.716269E+02, 2.721291E+02, 0.000000E+00, 7.716926E-01, 2.778336E+02, 2.723022E+02, 2.718511E+02, 2.731600E+02, 2.731600E+02
2024-01-31 08:30:15,1, 0.000000E+00, 2.716144E+02, 2.721150E+02, 0.000000E+00, 7.207422E-01, 2.778171E+02, 2.722795E+02, 2.718197E+02, 2.731600E+02, 2.731600E+02
2024-01-31 08:45:15,1, 0.000000E+00, 2.716019E+02, 2.721003E+02, 0.000000E+00, 6.937440E-01, 2.777990E+02, 2.722560E+02, 2.717871E+02, 2.731600E+02, 2.731600E+02
2024-01-31 09:00:15,1, 0.000000E+00, 2.715889E+02, 2.720855E+02, 0.000000E+00, 6.788534E-01, 2.777798E+02, 2.722319E+02, 2.717536E+02, 2.731600E+02, 2.731600E+02
2024-01-31 09:15:15,1, 0.000000E+00, 2.715467E+02, 2.720472E+02, 0.000000E+00, 8.176558E-01, 2.777575E+02, 2.721761E+02, 2.716900E+02, 2.731600E+02, 2.731600E+02
2024-01-31 09:30:15,1, 0.000000E+00, 2.715045E+02, 2.720006E+02, 0.000000E+00, 8.344402E-01, 2.777314E+02, 2.721117E+02, 2.716171E+02, 2.731600E+02, 2.731600E+02
2024-01-31 09:45:15,1, 0.000000E+00, 2.714623E+02, 2.719548E+02, 0.000000E+00, 8.261083E-01, 2.777022E+02, 2.720474E+02, 2.715447E+02, 2.731600E+02, 2.731600E+02
2024-01-31 10:00:15,1, 0.000000E+00, 2.714200E+02, 2.719098E+02, 0.000000E+00, 8.133986E-01, 2.776705E+02, 2.719840E+02, 2.714734E+02, 2.731600E+02, 2.731600E+02
2024-01-31 10:15:15,1, 0.000000E+00, 2.713699E+02, 2.718585E+02, 0.000000E+00, 9.335958E-01, 2.776363E+02, 2.719126E+02, 2.713931E+02, 2.731600E+02, 2.731600E+02
2024-01-31 10:30:15,1, 0.000000E+00, 2.713197E+02, 2.718050E+02, 0.000000E+00, 9.529576E-01, 2.775998E+02, 2.718391E+02, 2.713103E+02, 2.731600E+02, 2.731600E+02
2024-01-31 10:45:15,1, 0.000000E+00, 2.712695E+02, 2.717514E+02, 0.000000E+00, 9.437923E-01, 2.775614E+02, 2.717653E+02, 2.712274E+02, 2.731600E+02, 2.731600E+02
2024-01-31 11:00:15,1, 0.000000E+00, 2.712197E+02, 2.716978E+02, 0.000000E+00, 9.226824E-01, 2.775213E+02, 2.716916E+02, 2.711447E+02, 2.731600E+02, 2.731600E+02
2024-01-31 11:15:15,1, 0.000000E+00, 2.711904E+02, 2.716624E+02, 0.000000E+00, 8.344678E-01, 2.774817E+02, 2.716480E+02, 2.710976E+02, 2.731600E+02, 2.731600E+02
2024-01-31 11:30:15,1, 0.000000E+00, 2.711612E+02, 2.716332E+02, 0.000000E+00, 8.084896E-01, 2.774435E+02, 2.716113E+02, 2.710584E+02, 2.731600E+02, 2.731600E+02
2024-01-31 11:45:15,1, 0.000000E+00, 2.711320E+02, 2.716042E+02, 0.000000E+00, 7.918446E-01, 2.774062E+02, 2.715749E+02, 2.710196E+02, 2.731600E+02, 2.731600E+02
2024-01-31 12:00:15,1, 0.000000E+00, 2.711042E+02, 2.715755E+02, 0.000000E+00, 7.645187E-01, 2.773696E+02, 2.715390E+02, 2.709812E+02, 2.731600E+02, 2.731600E+02
2024-01-31 12:15:15,1, 0.000000E+00, 2.711653E+02, 2.716127E+02, 0.000000E+00, 4.284049E-01, 2.773409E+02, 2.715903E+02, 2.710314E+02, 2.731600E+02, 2.731600E+02
2024-01-31 12:30:15,1, 2.941414E+00, 2.712263E+02, 2.716786E+02, 4.111619E-01, 3.916945E-01, 2.773202E+02, 2.716934E+02, 2.711788E+02, 2.731600E+02, 2.731600E+02
2024-01-31 12:45:15,1, 1.727108E+01, 2.712874E+02, 2.717958E+02, 1.196122E+00, 1.132328E+00, 2.773125E+02, 2.719405E+02, 2.716510E+02, 2.731600E+02, 2.731600E+02
2024-01-31 13:00:15,1, 4.955476E+01, 2.713511E+02, 2.719252E+02, 2.302367E+00, 2.074948E+00, 2.773222E+02, 2.723007E+02, 2.721360E+02, 2.731600E+02, 2.731600E+02
2024-01-31 13:15:15,1, 7.103287E+01, 2.715717E+02, 2.722118E+02, 2.497162E+00, 3.357086E+00, 2.774140E+02, 2.727983E+02, 2.726624E+02, 2.731600E+02, 2.731600E+02
2024-01-31 13:30:15,1, 9.174341E+01, 2.717924E+02, 2.724720E+02, 2.619819E+00, 4.112394E+00, 2.775239E+02, 2.731877E+02, 2.731132E+02, 2.731600E+02, 2.731600E+02
2024-01-31 13:45:15,1, 1.115977E+02, 2.720130E+02, 2.727274E+02, 2.730184E+00, 4.749378E+00, 2.776502E+02, 2.735628E+02, 2.735357E+02, 2.731905E+02, 2.732421E+02
2024-01-31 14:00:15,1, 1.873169E+02, 2.722356E+02, 2.730203E+02, 2.848330E+00, 5.439806E+00, 2.777938E+02, 2.742352E+02, 2.745648E+02, 2.735736E+02, 2.736966E+02
2024-01-31 14:15:15,1, 2.129949E+02, 2.725699E+02, 2.736162E+02, 3.204348E+00, 6.877554E+00, 2.780303E+02, 2.750833E+02, 2.754966E+02, 2.744205E+02, 2.746861E+02
2024-01-31 14:30:15,1, 2.370956E+02, 2.729042E+02, 2.740118E+02, 3.360395E+00, 7.682567E+00, 2.782861E+02, 2.755929E+02, 2.760129E+02, 2.749007E+02, 2.751672E+02
2024-01-31 14:45:15,1, 2.595160E+02, 2.732385E+02, 2.743958E+02, 3.512324E+00, 8.609338E+00, 2.785582E+02, 2.760763E+02, 2.764990E+02, 2.753566E+02, 2.756232E+02
2024-01-31 15:00:15,1, 2.874730E+02, 2.735720E+02, 2.747744E+02, 3.661631E+00, 9.568275E+00, 2.788441E+02, 2.765719E+02, 2.770195E+02, 2.758048E+02, 2.760736E+02
2024-01-31 15:15:15,1, 3.067424E+02, 2.738588E+02, 2.751385E+02, 3.843400E+00, 1.092427E+01, 2.791560E+02, 2.770749E+02, 2.775390E+02, 2.762698E+02, 2.765525E+02
2024-01-31 15:30:15,1, 3.240159E+02, 2.741456E+02, 2.754701E+02, 3.995912E+00, 1.193348E+01, 2.794787E+02, 2.775184E+02, 2.779948E+02, 2.766732E+02, 2.769603E+02
2024-01-31 15:45:15,1, 3.392194E+02, 2.744324E+02, 2.757947E+02, 4.144855E+00, 1.293431E+01, 2.798078E+02, 2.779417E+02, 2.784293E+02, 2.770624E+02, 2.773542E+02
2024-01-31 16:00:15,1, 3.509135E+02, 2.747178E+02, 2.761120E+02, 4.289460E+00, 1.397033E+01, 2.801390E+02, 2.783385E+02, 2.788323E+02, 2.774365E+02, 2.777327E+02
2024-01-31 16:15:15,1, 3.617486E+02, 2.749194E+02, 2.763554E+02, 4.405489E+00, 1.559650E+01, 2.804654E+02, 2.786603E+02, 2.791629E+02, 2.777323E+02, 2.780307E+02
2024-01-31 16:30:15,1, 3.703548E+02, 2.751211E+02, 2.765837E+02, 4.515397E+00, 1.644699E+01, 2.807859E+02, 2.789561E+02, 2.794661E+02, 2.780013E+02, 2.783026E+02
2024-01-31 16:45:15,1, 3.766953E+02, 2.753227E+02, 2.768059E+02, 4.618374E+00, 1.723076E+01, 2.810972E+02, 2.792303E+02, 2.797459E+02, 2.782559E+02, 2.785597E+02
2024-01-31 17:00:15,1, 3.567776E+02, 2.755232E+02, 2.770159E+02, 4.711262E+00, 1.798726E+01, 2.813943E+02, 2.793796E+02, 2.798530E+02, 2.784708E+02, 2.787738E+02
2024-01-31 17:15:15,1, 3.584057E+02, 2.756603E+02, 2.771252E+02, 4.699283E+00, 1.878751E+01, 2.816241E+02, 2.794620E+02, 2.799441E+02, 2.785271E+02, 2.788162E+02
2024-01-31 17:30:15,1, 3.578621E+02, 2.757973E+02, 2.772709E+02, 4.757181E+00, 1.934835E+01, 2.818458E+02, 2.796152E+02, 2.801006E+02, 2.786736E+02, 2.789631E+02
2024-01-31 17:45:15,1, 3.551491E+02, 2.759344E+02, 2.774113E+02, 4.807091E+00, 1.981173E+01, 2.820548E+02, 2.797483E+02, 2.802345E+02, 2.788076E+02, 2.790966E+02
2024-01-31 18:00:15,1, 3.075290E+02, 2.760697E+02, 2.775343E+02, 4.841892E+00, 2.012086E+01, 2.822440E+02, 2.796724E+02, 2.800660E+02, 2.788826E+02, 2.791638E+02
2024-01-31 18:15:15,1, 3.013765E+02, 2.760990E+02, 2.774857E+02, 4.719724E+00, 1.844454E+01, 2.823289E+02, 2.795666E+02, 2.799800E+02, 2.787251E+02, 2.789805E+02
2024-01-31 18:30:15,1, 2.933742E+02, 2.761282E+02, 2.775151E+02, 4.738999E+00, 1.852784E+01, 2.824179E+02, 2.796183E+02, 2.800462E+02, 2.787546E+02, 2.790152E+02
2024-01-31 18:45:15,1, 2.835563E+02, 2.761575E+02, 2.775397E+02, 4.751342E+00, 1.856136E+01, 2.825037E+02, 2.796541E+02, 2.800936E+02, 2.787747E+02, 2.790392E+02
2024-01-31 19:00:15,1, 2.437072E+02, 2.761867E+02, 2.775510E+02, 4.748855E+00, 1.851584E+01, 2.825788E+02, 2.795365E+02, 2.799054E+02, 2.787518E+02, 2.790123E+02
2024-01-31 19:15:15,1, 2.317755E+02, 2.762061E+02, 2.774699E+02, 4.595945E+00, 1.775625E+01, 2.825826E+02, 2.793083E+02, 2.796446E+02, 2.785439E+02, 2.787653E+02
2024-01-31 19:30:15,1, 2.183502E+02, 2.762256E+02, 2.774492E+02, 4.544367E+00, 1.738975E+01, 2.825753E+02, 2.791920E+02, 2.794978E+02, 2.784712E+02, 2.786810E+02
2024-01-31 19:45:15,1, 2.034886E+02, 2.762451E+02, 2.774236E+02, 4.485185E+00, 1.691722E+01, 2.825537E+02, 2.790583E+02, 2.793303E+02, 2.783882E+02, 2.785850E+02
2024-01-31 20:00:15,1, 1.813516E+02, 2.762629E+02, 2.773899E+02, 4.414907E+00, 1.632447E+01, 2.825152E+02, 2.788756E+02, 2.790887E+02, 2.782861E+02, 2.784662E+02
2024-01-31 20:15:15,1, 1.643674E+02, 2.761841E+02, 2.772512E+02, 4.284630E+00, 1.403181E+01, 2.824463E+02, 2.785907E+02, 2.787465E+02, 2.780717E+02, 2.782245E+02
2024-01-31 20:30:15,1, 1.461940E+02, 2.761052E+02, 2.771049E+02, 4.163824E+00, 1.289938E+01, 2.823565E+02, 2.783012E+02, 2.783990E+02, 2.778513E+02, 2.779837E+02
2024-01-31 20:45:15,1, 1.269093E+02, 2.760263E+02, 2.769508E+02, 4.031274E+00, 1.178814E+01, 2.822460E+02, 2.779897E+02, 2.780243E+02, 2.776161E+02, 2.777262E+02
2024-01-31 21:00:15,1, 9.689715E+01, 2.759453E+02, 2.767848E+02, 3.862792E+00, 1.065083E+01, 2.821148E+02, 2.776025E+02, 2.775112E+02, 2.773542E+02, 2.774325E+02
2024-01-31 21:15:15,1, 7.757567E+01, 2.757365E+02, 2.764902E+02, 3.621362E+00, 9.978980E+00, 2.819515E+02, 2.771315E+02, 2.769545E+02, 2.769478E+02, 2.769728E+02
2024-01-31 21:30:15,1, 5.748082E+01, 2.755278E+02, 2.762000E+02, 3.343939E+00, 8.699944E+00, 2.817735E+02, 2.766903E+02, 2.764307E+02, 2.765655E+02, 2.765594E+02
2024-01-31 21:45:15,1, 3.669863E+01, 2.753191E+02, 2.759012E+02, 2.864954E+00, 7.086019E+00, 2.815812E+02, 2.762401E+02, 2.758717E+02, 2.761755E+02, 2.761378E+02
2024-01-31 22:00:15,1, 0.000000E+00, 2.751093E+02, 2.755932E+02, 0.000000E+00, 4.843617E+00, 2.813747E+02, 2.757410E+02, 2.752089E+02, 2.757518E+02, 2.756435E+02
2024-01-31 22:15:15,1, 0.000000E+00, 2.748388E+02, 2.752417E+02, 0.000000E+00, 2.310482E+00, 2.811497E+02, 2.753246E+02, 2.747507E+02, 2.753216E+02, 2.751615E+02
2024-01-31 22:30:15,1, 0.000000E+00, 2.745682E+02, 2.749392E+02, 0.000000E+00, 1.880886E+00, 2.809488E+02, 2.749985E+02, 2.744004E+02, 2.750087E+02, 2.748424E+02
2024-01-31 22:45:15,1, 0.000000E+00, 2.742977E+02, 2.746393E+02, 0.000000E+00, 1.663931E+00, 2.807637E+02, 2.746768E+02, 2.740542E+02, 2.747018E+02, 2.745291E+02
2024-01-31 23:00:15,1, 0.000000E+00, 2.740305E+02, 2.743374E+02, 0.000000E+00, 1.466253E+00, 2.805898E+02, 2.743548E+02, 2.737064E+02, 2.743936E+02, 2.742140E+02
2024-01-31 23:15:15,1, 0.000000E+00, 2.739621E+02, 2.741422E+02, 0.000000E+00, 7.138870E-01, 2.804410E+02, 2.742133E+02, 2.735621E+02, 2.741895E+02, 2.740072E+02
2024-01-31 23:30:15,1, 0.000000E+00, 2.738937E+02, 2.740590E+02, 0.000000E+00, 7.947928E-01, 2.803161E+02, 2.741897E+02, 2.735778E+02, 2.741088E+02, 2.739360E+02
2024-01-31 23:45:15,1, 0.000000E+00, 2.738253E+02, 2.740463E+02, 0.000000E+00, 9.410475E-01, 2.802091E+02, 2.742240E+02, 2.736489E+02, 2.740993E+02, 2.739363E+02
2024-01-31 00:00:15,2, 0.000000E+00, 2.724888E+02, 2.729065E+02, 0.000000E+00, 1.726702E+00, 2.795467E+02, 2.731433E+02, 2.726480E+02, 2.731600E+02, 2.731600E+02
2024-01-31 00:15:15,2, 0.000000E+00, 2.724826E+02, 2.728704E+02, 0.000000E+00, 1.367161E+00, 2.794540E+02, 2.731131E+02, 2.726279E+02, 2.731600E+02, 2.731600E+02
2024-01-31 00:30:15,2, 0.000000E+00, 2.724764E+02, 2.728647E+02, 0.000000E+00, 1.306110E+00, 2.793703E+02, 2.731109E+02, 2.726406E+02, 2.731600E+02, 2.731600E+02
2024-01-31 00:45:15,2, 0.000000E+00, 2.724702E+02, 2.728619E+02, 0.000000E+00, 1.282750E+00, 2.792934E+02, 2.731120E+02, 2.726563E+02, 2.731600E+02, 2.731600E+02
2024-01-31 01:00:15,2, 0.000000E+00, 2.724630E+02, 2.728595E+02, 0.000000E+00, 1.276504E+00, 2.792221E+02, 2.731136E+02, 2.726718E+02, 2.731600E+02, 2.731600E+02
2024-01-31 01:15:15,2, 0.000000E+00, 2.723979E+02, 2.728131E+02, 0.000000E+00, 1.463273E+00, 2.791519E+02, 2.730456E+02, 2.725976E+02, 2.731600E+02, 2.731600E+02
2024-01-31 01:30:15,2, 0.000000E+00, 2.723328E+02, 2.727468E+02, 0.000000E+00, 1.464179E+00, 2.790812E+02, 2.729593E+02, 2.725026E+02, 2.731600E+02, 2.731600E+02
2024-01-31 01:45:15,2, 0.000000E+00, 2.722677E+02, 2.726790E+02, 0.000000E+00, 1.439782E+00, 2.790105E+02, 2.728718E+02, 2.724062E+02, 2.731600E+02, 2.731600E+02
2024-01-31 02:00:15,2, 0.000000E+00, 2.722032E+02, 2.726112E+02, 0.000000E+00, 1.407655E+00, 2.789401E+02, 2.727845E+02, 2.723104E+02, 2.731600E+02, 2.731600E+02
2024-01-31 02:15:15,2, 0.000000E+00, 2.721719E+02, 2.725796E+02, 0.000000E+00, 1.355163E+00, 2.788747E+02, 2.727694E+02, 2.723062E+02, 2.731600E+02, 2.731600E+02
2024-01-31 02:30:15,2, 0.000000E+00, 2.721406E+02, 2.725650E+02, 0.000000E+00, 1.363459E+00, 2.788163E+02, 2.727710E+02, 2.723209E+02, 2.731600E+02, 2.731600E+02
2024-01-31 02:45:15,2, 0.000000E+00, 2.721093E+02, 2.725513E+02, 0.000000E+00, 1.366423E+00, 2.787634E+02, 2.727740E+02, 2.723369E+02, 2.731600E+02, 2.731600E+02
2024-01-31 03:00:15,2, 0.000000E+00, 2.720773E+02, 2.725371E+02, 0.000000E+00, 1.371451E+00, 2.787152E+02, 2.727765E+02, 2.723520E+02, 2.731600E+02, 2.731600E+02
2024-01-31 03:15:15,2, 0.000000E+00, 2.720062E+02, 2.724790E+02, 0.000000E+00, 1.460454E+00, 2.786652E+02, 2.726961E+02, 2.722624E+02, 2.731600E+02, 2.731600E+02
2024-01-31 03:30:15,2, 0.000000E+00, 2.719350E+02, 2.724068E+02, 0.000000E+00, 1.431776E+00, 2.786121E+02, 2.726029E+02, 2.721560E+02, 2.731600E+02, 2.731600E+02
2024-01-31 03:45:15,2, 0.000000E+00, 2.718639E+02, 2.723340E+02, 0.000000E+00, 1.401063E+00, 2.785570E+02, 2.725088E+02, 2.720488E+02, 2.731600E+02, 2.731600E+02
2024-01-31 04:00:15,2, 0.000000E+00, 2.717930E+02, 2.722611E+02, 0.000000E+00, 1.369421E+00, 2.785003E+02, 2.724143E+02, 2.719413E+02, 2.731600E+02, 2.731600E+02
2024-01-31 04:15:15,2, 0.000000E+00, 2.717376E+02, 2.722036E+02, 0.000000E+00, 1.347345E+00, 2.784443E+02, 2.723490E+02, 2.718709E+02, 2.731600E+02, 2.731600E+02
2024-01-31 04:30:15,2, 0.000000E+00, 2.716821E+02, 2.721516E+02, 0.000000E+00, 1.336512E+00, 2.783900E+02, 2.722890E+02, 2.718061E+02, 2.731600E+02, 2.731600E+02
2024-01-31 04:45:15,2, 0.000000E+00, 2.716267E+02, 2.720998E+02, 0.000000E+00, 1.320260E+00, 2.783370E+02, 2.722292E+02, 2.717415E+02, 2.731600E+02, 2.731600E+02
2024-01-31 05:00:15,2, 0.000000E+00, 2.715707E+02, 2.720478E+02, 0.000000E+00, 1.305899E+00, 2.782852E+02, 2.721692E+02, 2.716764E+02, 2.731600E+02, 2.731600E+02
2024-01-31 05:15:15,2, 0.000000E+00, 2.714776E+02, 2.719644E+02, 0.000000E+00, 1.326850E+00, 2.782317E+02, 2.720597E+02, 2.715503E+02, 2.731600E+02, 2.731600E+02
2024-01-31 05:30:15,2, 0.000000E+00, 2.713846E+02, 2.718711E+02, 0.000000E+00, 1.291297E+00, 2.781756E+02, 2.719395E+02, 2.714125E+02, 2.731600E+02, 2.731600E+02
2024-01-31 05:45:15,2, 0.000000E+00, 2.712916E+02, 2.717779E+02, 0.000000E+00, 1.255078E+00, 2.781173E+02, 2.718193E+02, 2.712742E+02, 2.731600E+02, 2.731600E+02
2024-01-31 06:00:15,2, 0.000000E+00, 2.712014E+02, 2.716845E+02, 0.000000E+00, 1.178358E+00, 2.780574E+02, 2.716989E+02, 2.711355E+02, 2.731600E+02, 2.731600E+02
2024-01-31 06:15:15,2, 0.000000E+00, 2.712833E+02, 2.717194E+02, 0.000000E+00, 2.005083E-01, 2.780075E+02, 2.717621E+02, 2.712081E+02, 2.731600E+02, 2.731600E+02
2024-01-31 06:30:15,2, 0.000000E+00, 2.713651E+02, 2.718031E+02, 0.000000E+00,-4.841640E-02, 2.779693E+02, 2.718764E+02, 2.713484E+02, 2.731600E+02, 2.731600E+02
2024-01-31 06:45:15,2, 0.000000E+00, 2.714469E+02, 2.718906E+02, 0.000000E+00,-1.324645E-01, 2.779396E+02, 2.719952E+02, 2.714934E+02, 2.731600E+02, 2.731600E+02
2024-01-31 07:00:15,2, 0.000000E+00, 2.715279E+02, 2.719810E+02, 0.000000E+00,-1.365360E-01, 2.779166E+02, 2.721163E+02, 2.716413E+02, 2.731600E+02, 2.731600E+02
2024-01-31 07:15:15,2, 0.000000E+00, 2.715559E+02, 2.720305E+02, 0.000000E+00, 5.528241E-01, 2.778961E+02, 2.721795E+02, 2.717214E+02, 2.731600E+02, 2.731600E+02
2024-01-31 07:30:15,2, 0.000000E+00, 2.715840E+02, 2.720643E+02, 0.000000E+00, 7.667138E-01, 2.778776E+02, 2.722292E+02, 2.717804E+02, 2.731600E+02, 2.731600E+02
2024-01-31 07:45:15,2, 0.000000E+00, 2.716121E+02, 2.720979E+02, 0.000000E+00, 8.360026E-01, 2.778618E+02, 2.722791E+02, 2.718395E+02, 2.731600E+02, 2.731600E+02
2024-01-31 08:00:15,2, 0.000000E+00, 2.716394E+02, 2.721316E+02, 0.000000E+00, 8.625210E-01, 2.778487E+02, 2.723294E+02, 2.718987E+02, 2.731600E+02, 2.731600E+02
2024-01-31 08:15:15,2, 0.000000E+00, 2.716269E+02, 2.721297E+02, 0.000000E+00, 7.719828E-01, 2.778346E+02, 2.723198E+02, 2.718822E+02, 2.731600E+02, 2.731600E+02
2024-01-31 08:30:15,2, 0.000000E+00, 2.716144E+02, 2.721157E+02, 0.000000E+00, 7.213348E-01, 2.778181E+02, 2.722975E+02, 2.718514E+02, 2.731600E+02, 2.731600E+02
2024-01-31 08:45:15,2, 0.000000E+00, 2.716019E+02, 2.721012E+02, 0.000000E+00, 6.945315E-01, 2.778000E+02, 2.722746E+02, 2.718197E+02, 2.731600E+02, 2.731600E+02
2024-01-31 09:00:15,2, 0.000000E+00, 2.715889E+02, 2.720865E+02, 0.000000E+00, 6.798550E-01, 2.777808E+02, 2.722512E+02, 2.717873E+02, 2.731600E+02, 2.731600E+02
2024-01-31 09:15:15,2, 0.000000E+00, 2.715467E+02, 2.720485E+02, 0.000000E+00, 8.192274E-01, 2.777585E+02, 2.721961E+02, 2.717245E+02, 2.731600E+02, 2.731600E+02
2024-01-31 09:30:15,2, 0.000000E+00, 2.715045E+02, 2.720027E+02, 0.000000E+00, 8.373181E-01, 2.777324E+02, 2.721329E+02, 2.716532E+02, 2.731600E+02, 2.731600E+02
2024-01-31 09:45:15,2, 0.000000E+00, 2.714623E+02, 2.719565E+02, 0.000000E+00, 8.265925E-01, 2.777031E+02, 2.720690E+02, 2.715813E+02, 2.731600E+02, 2.731600E+02
2024-01-31 10:00:15,2, 0.000000E+00, 2.714200E+02, 2.719098E+02, 0.000000E+00, 8.110162E-01, 2.776714E+02, 2.720045E+02, 2.715090E+02, 2.731600E+02, 2.731600E+02
2024-01-31 10:15:15,2, 0.000000E+00, 2.713699E+02, 2.718575E+02, 0.000000E+00, 9.314139E-01, 2.776373E+02, 2.719323E+02, 2.714284E+02, 2.731600E+02, 2.731600E+02
2024-01-31 10:30:15,2, 0.000000E+00, 2.713197E+02, 2.718046E+02, 0.000000E+00, 9.533393E-01, 2.776009E+02, 2.718595E+02, 2.713470E+02, 2.731600E+02, 2.731600E+02
2024-01-31 10:45:15,2, 0.000000E+00, 2.712695E+02, 2.717512E+02, 0.000000E+00, 9.444270E-01, 2.775625E+02, 2.717862E+02, 2.712652E+02, 2.731600E+02, 2.731600E+02
2024-01-31 11:00:15,2, 0.000000E+00, 2.712197E+02, 2.716977E+02, 0.000000E+00, 9.232204E-01, 2.775225E+02, 2.717129E+02, 2.711834E+02, 2.731600E+02, 2.731600E+02
2024-01-31 11:15:15,2, 0.000000E+00, 2.711904E+02, 2.716623E+02, 0.000000E+00, 8.348564E-01, 2.774829E+02, 2.716695E+02, 2.711366E+02, 2.731600E+02, 2.731600E+02
2024-01-31 11:30:15,2, 0.000000E+00, 2.711612E+02, 2.716331E+02, 0.000000E+00, 8.088080E-01, 2.774447E+02, 2.716329E+02, 2.710977E+02, 2.731600E+02, 2.731600E+02
2024-01-31 11:45:15,2, 0.000000E+00, 2.711320E+02, 2.716042E+02, 0.000000E+00, 7.921293E-01, 2.774074E+02, 2.715966E+02, 2.710592E+02, 2.731600E+02, 2.731600E+02
2024-01-31 12:00:15,2, 0.000000E+00, 2.711042E+02, 2.715754E+02, 0.000000E+00, 7.647847E-01, 2.773709E+02, 2.715608E+02, 2.710210E+02, 2.731600E+02, 2.731600E+02
2024-01-31 12:15:15,2, 0.000000E+00, 2.711653E+02, 2.716126E+02, 0.000000E+00, 4.285974E-01, 2.773421E+02, 2.716121E+02, 2.710712E+02, 2.731600E+02, 2.731600E+02
2024-01-31 12:30:15,2, 2.941414E+00, 2.712263E+02, 2.716784E+02, 4.165497E-01, 3.917579E-01, 2.773215E+02, 2.717132E+02, 2.712106E+02, 2.731600E+02, 2.731600E+02
2024-01-31 12:45:15,2, 1.727108E+01, 2.712874E+02, 2.717938E+02, 1.296483E+00, 1.188686E+00, 2.773142E+02, 2.719477E+02, 2.716336E+02, 2.731600E+02, 2.731600E+02
2024-01-31 13:00:15,2, 4.955476E+01, 2.713511E+02, 2.719246E+02, 2.303027E+00, 2.133478E+00, 2.773247E+02, 2.723047E+02, 2.721235E+02, 2.731600E+02, 2.731600E+02
2024-01-31 13:15:15,2, 7.103287E+01, 2.715717E+02, 2.722117E+02, 2.498522E+00, 3.373943E+00, 2.774165E+02, 2.728011E+02, 2.726569E+02, 2.731600E+02, 2.731600E+02
2024-01-31 13:30:15,2, 9.174341E+01, 2.717924E+02, 2.724720E+02, 2.621335E+00, 4.117328E+00, 2.775263E+02, 2.731880E+02, 2.731035E+02, 2.731600E+02, 2.731600E+02
2024-01-31 13:45:15,2, 1.115977E+02, 2.720130E+02, 2.727272E+02, 2.731776E+00, 4.751677E+00, 2.776525E+02, 2.735611E+02, 2.735230E+02, 2.731874E+02, 2.732311E+02
2024-01-31 14:00:15,2, 1.873169E+02, 2.722356E+02, 2.730201E+02, 2.850048E+00, 5.442308E+00, 2.777961E+02, 2.742171E+02, 2.745043E+02, 2.735667E+02, 2.736754E+02
2024-01-31 14:15:15,2, 2.129949E+02, 2.725699E+02, 2.736147E+02, 3.205135E+00, 6.874055E+00, 2.780332E+02, 2.750605E+02, 2.754257E+02, 2.744060E+02, 2.746431E+02
2024-01-31 14:30:15,2, 2.370956E+02, 2.729042E+02, 2.740104E+02, 3.361191E+00, 7.678829E+00, 2.782893E+02, 2.755701E+02, 2.759430E+02, 2.748863E+02, 2.751247E+02
2024-01-31 14:45:15,2, 2.595160E+02, 2.732385E+02, 2.743943E+02, 3.513135E+00, 8.605347E+00, 2.785616E+02, 2.760536E+02, 2.764300E+02, 2.753422E+02, 2.755811E+02
2024-01-31 15:00:15,2, 2.874730E+02, 2.735720E+02, 2.747730E+02, 3.662463E+00, 9.563996E+00, 2.788476E+02, 2.765483E+02, 2.769475E+02, 2.757904E+02, 2.760310E+02
2024-01-31 15:15:15,2, 3.067424E+02, 2.738588E+02, 2.751370E+02, 3.844074E+00, 1.091858E+01, 2.791595E+02, 2.770503E+02, 2.774652E+02, 2.762547E+02, 2.765075E+02
2024-01-31 15:30:15,2, 3.240159E+02, 2.741456E+02, 2.754686E+02, 3.996604E+00, 1.192758E+01, 2.794823E+02, 2.774934E+02, 2.779199E+02, 2.766579E+02, 2.769148E+02
2024-01-31 15:45:15,2, 3.392194E+02, 2.744324E+02, 2.757932E+02, 4.145567E+00, 1.292815E+01, 2.798114E+02, 2.779162E+02, 2.783533E+02, 2.770469E+02, 2.773082E+02
2024-01-31 16:00:15,2, 3.509135E+02, 2.747178E+02, 2.761105E+02, 4.290192E+00, 1.396391E+01, 2.801426E+02, 2.783126E+02, 2.787557E+02, 2.774209E+02, 2.776861E+02
2024-01-31 16:15:15,2, 3.617486E+02, 2.749194E+02, 2.763540E+02, 4.406286E+00, 1.559026E+01, 2.804689E+02, 2.786340E+02, 2.790854E+02, 2.777167E+02, 2.779841E+02
2024-01-31 16:30:15,2, 3.703548E+02, 2.751211E+02, 2.765824E+02, 4.516223E+00, 1.644077E+01, 2.807894E+02, 2.789294E+02, 2.793877E+02, 2.779856E+02, 2.782556E+02
2024-01-31 16:45:15,2, 3.766953E+02, 2.753227E+02, 2.768045E+02, 4.619231E+00, 1.722447E+01, 2.811006E+02, 2.792033E+02, 2.796667E+02, 2.782401E+02, 2.785124E+02
2024-01-31 17:00:15,2, 3.567776E+02, 2.755232E+02, 2.770146E+02, 4.712146E+00, 1.798112E+01, 2.813977E+02, 2.793542E+02, 2.797805E+02, 2.784553E+02, 2.787278E+02
2024-01-31 17:15:15,2, 3.584057E+02, 2.756603E+02, 2.771243E+02, 4.700737E+00, 1.878566E+01, 2.816273E+02, 2.794368E+02, 2.798725E+02, 2.785125E+02, 2.787742E+02
2024-01-31 17:30:15,2, 3.578621E+02, 2.757973E+02, 2.772700E+02, 4.758675E+00, 1.934669E+01, 2.818490E+02, 2.795898E+02, 2.800285E+02, 2.786591E+02, 2.789212E+02
2024-01-31 17:45:15,2, 3.551491E+02, 2.759344E+02, 2.774104E+02, 4.808623E+00, 1.981025E+01, 2.820579E+02, 2.797227E+02, 2.801622E+02, 2.787932E+02, 2.790548E+02
2024-01-31 18:00:15,2, 3.075290E+02, 2.760697E+02, 2.775334E+02, 4.843449E+00, 2.011996E+01, 2.822471E+02, 2.796504E+02, 2.800064E+02, 2.788689E+02, 2.791249E+02
2024-01-31 18:15:15,2, 3.013765E+02, 2.760990E+02, 2.774854E+02, 4.722055E+00, 1.845000E+01, 2.823317E+02, 2.795448E+02, 2.799212E+02, 2.787130E+02, 2.789478E+02
2024-01-31 18:30:15,2, 2.933742E+02, 2.761282E+02, 2.775148E+02, 4.741351E+00, 1.853318E+01, 2.824207E+02, 2.795957E+02, 2.799856E+02, 2.787422E+02, 2.789819E+02
2024-01-31 18:45:15,2, 2.835563E+02, 2.761575E+02, 2.775395E+02, 4.753711E+00, 1.856676E+01, 2.825064E+02, 2.796309E+02, 2.800315E+02, 2.787622E+02, 2.790055E+02
2024-01-31 19:00:15,2, 2.437072E+02, 2.761867E+02, 2.775507E+02, 4.751220E+00, 1.852145E+01, 2.825814E+02, 2.795160E+02, 2.798517E+02, 2.787397E+02, 2.789801E+02
2024-01-31 19:15:15,2, 2.317755E+02, 2.762061E+02, 2.774699E+02, 4.598641E+00, 1.776457E+01, 2.825851E+02, 2.792897E+02, 2.795953E+02, 2.785338E+02, 2.787388E+02
2024-01-31 19:30:15,2, 2.183502E+02, 2.762256E+02, 2.774493E+02, 4.547019E+00, 1.739768E+01, 2.825777E+02, 2.791747E+02, 2.794510E+02, 2.784615E+02, 2.786556E+02
2024-01-31 19:45:15,2, 2.034886E+02, 2.762451E+02, 2.774236E+02, 4.487786E+00, 1.692480E+01, 2.825560E+02, 2.790423E+02, 2.792863E+02, 2.783792E+02, 2.785607E+02
2024-01-31 20:00:15,2, 1.813516E+02, 2.762629E+02, 2.773898E+02, 4.417438E+00, 1.633174E+01, 2.825175E+02, 2.788620E+02, 2.790503E+02, 2.782777E+02, 2.784437E+02
2024-01-31 20:15:15,2, 1.643674E+02, 2.761841E+02, 2.772513E+02, 4.287130E+00, 1.403928E+01, 2.824486E+02, 2.785796E+02, 2.787131E+02, 2.780647E+02, 2.782049E+02
2024-01-31 20:30:15,2, 1.461940E+02, 2.761052E+02, 2.771049E+02, 4.166200E+00, 1.290591E+01, 2.823589E+02, 2.782924E+02, 2.783703E+02, 2.778451E+02, 2.779657E+02
2024-01-31 20:45:15,2, 1.269093E+02, 2.760263E+02, 2.769507E+02, 4.033488E+00, 1.179380E+01, 2.822484E+02, 2.779836E+02, 2.780004E+02, 2.776108E+02, 2.777100E+02
2024-01-31 21:00:15,2, 9.689715E+01, 2.759453E+02, 2.767847E+02, 3.864637E+00, 1.065554E+01, 2.821173E+02, 2.776019E+02, 2.774999E+02, 2.773503E+02, 2.774195E+02
2024-01-31 21:15:15,2, 7.757567E+01, 2.757365E+02, 2.764902E+02, 3.622871E+00, 9.983536E+00, 2.819540E+02, 2.771348E+02, 2.769510E+02, 2.769465E+02, 2.769659E+02
2024-01-31 21:30:15,2, 5.748082E+01, 2.755278E+02, 2.762000E+02, 3.345396E+00, 8.703149E+00, 2.817760E+02, 2.766973E+02, 2.764338E+02, 2.765655E+02, 2.765549E+02
2024-01-31 21:45:15,2, 3.669863E+01, 2.753191E+02, 2.759012E+02, 2.873620E+00, 7.091274E+00, 2.815838E+02, 2.762522E+02, 2.758853E+02, 2.761771E+02, 2.761367E+02
2024-01-31 22:00:15,2, 0.000000E+00, 2.751093E+02, 2.755932E+02, 0.000000E+00, 4.859399E+00, 2.813774E+02, 2.757611E+02, 2.752435E+02, 2.757560E+02, 2.756502E+02
2024-01-31 22:15:15,2, 0.000000E+00, 2.748388E+02, 2.752417E+02, 0.000000E+00, 2.315358E+00, 2.811523E+02, 2.753479E+02, 2.747910E+02, 2.753286E+02, 2.751735E+02
2024-01-31 22:30:15,2, 0.000000E+00, 2.745682E+02, 2.749392E+02, 0.000000E+00, 1.883438E+00, 2.809513E+02, 2.750225E+02, 2.744428E+02, 2.750165E+02, 2.748549E+02
2024-01-31 22:45:15,2, 0.000000E+00, 2.742977E+02, 2.746393E+02, 0.000000E+00, 1.665465E+00, 2.807661E+02, 2.747017E+02, 2.740986E+02, 2.747095E+02, 2.745421E+02
2024-01-31 23:00:15,2, 0.000000E+00, 2.740305E+02, 2.743374E+02, 0.000000E+00, 1.467063E+00, 2.805922E+02, 2.743806E+02, 2.737529E+02, 2.744015E+02, 2.742276E+02
2024-01-31 23:15:15,2, 0.000000E+00, 2.739621E+02, 2.741423E+02, 0.000000E+00, 7.144258E-01, 2.804434E+02, 2.742399E+02, 2.736098E+02, 2.741975E+02, 2.740211E+02
2024-01-31 23:30:15,2, 0.000000E+00, 2.738937E+02, 2.740592E+02, 0.000000E+00, 7.954928E-01, 2.803184E+02, 2.742142E+02, 2.736224E+02, 2.741157E+02, 2.739489E+02
2024-01-31 23:45:15,2, 0.000000E+00, 2.738253E+02, 2.740468E+02, 0.000000E+00, 9.421052E-01, 2.802113E+02, 2.742466E+02, 2.736910E+02, 2.741060E+02, 2.739485E+02
