datetime,patch,sw_in_W_m2,air_temp_K,cas_temp_K,gpp_umol_m2_s,le_W_m2,soil_temp_top_K,leaf_temp_mean_K,leaf_temp_tallest_K,wood_temp_mean_K,wood_temp_tallest_K
2024-06-01 00:00:15,1, 4.342715E+01, 2.894851E+02, 2.879791E+02, 3.857662E+00, 6.628230E+00, 2.880017E+02, 2.873799E+02, 2.870457E+02, 2.880710E+02, 2.880973E+02
2024-06-01 00:15:15,1, 2.208021E+01, 2.891616E+02, 2.866522E+02, 2.393498E+00, 7.105786E+00, 2.879819E+02, 2.856784E+02, 2.851965E+02, 2.866373E+02, 2.866304E+02
2024-06-01 00:30:15,1, 1.180409E+00, 2.888381E+02, 2.853877E+02, 1.672628E-01, 7.142792E+00, 2.879008E+02, 2.845174E+02, 2.838495E+02, 2.853262E+02, 2.851587E+02
2024-06-01 00:45:15,1, 0.000000E+00, 2.885145E+02, 2.842630E+02, 0.000000E+00, 7.132510E+00, 2.877861E+02, 2.835640E+02, 2.828654E+02, 2.842029E+02, 2.840036E+02
2024-06-01 01:00:15,1, 0.000000E+00, 2.881930E+02, 2.833854E+02, 0.000000E+00, 7.223037E+00, 2.876613E+02, 2.828175E+02, 2.821063E+02, 2.833317E+02, 2.831290E+02
2024-06-01 01:15:15,1, 0.000000E+00, 2.879888E+02, 2.826967E+02, 0.000000E+00, 6.812039E+00, 2.875338E+02, 2.822315E+02, 2.815127E+02, 2.826476E+02, 2.824434E+02
2024-06-01 01:30:15,1, 0.000000E+00, 2.877846E+02, 2.821536E+02, 0.000000E+00, 6.498433E+00, 2.874080E+02, 2.817637E+02, 2.810397E+02, 2.821067E+02, 2.819034E+02
2024-06-01 01:45:15,1, 0.000000E+00, 2.875805E+02, 2.817184E+02, 0.000000E+00, 6.248441E+00, 2.872859E+02, 2.813843E+02, 2.806565E+02, 2.816738E+02, 2.814703E+02
2024-06-01 02:00:15,1, 0.000000E+00, 2.873768E+02, 2.813637E+02, 0.000000E+00, 6.036704E+00, 2.871684E+02, 2.810716E+02, 2.803409E+02, 2.813207E+02, 2.811173E+02
2024-06-01 02:15:15,1, 0.000000E+00, 2.872034E+02, 2.810722E+02, 0.000000E+00, 5.479164E+00, 2.870559E+02, 2.808128E+02, 2.800811E+02, 2.810305E+02, 2.808273E+02
2024-06-01 02:30:15,1, 0.000000E+00, 2.870300E+02, 2.808309E+02, 0.000000E+00, 4.982913E+00, 2.869486E+02, 2.805967E+02, 2.798643E+02, 2.807906E+02, 2.805876E+02
2024-06-01 02:45:15,1, 0.000000E+00, 2.868566E+02, 2.806281E+02, 0.000000E+00, 4.537075E+00, 2.868463E+02, 2.804128E+02, 2.796800E+02, 2.805885E+02, 2.803856E+02
2024-06-01 03:00:15,1, 0.000000E+00, 2.866826E+02, 2.804545E+02, 0.000000E+00, 4.131367E+00, 2.867485E+02, 2.802539E+02, 2.795209E+02, 2.804157E+02, 2.802129E+02
2024-06-01 03:15:15,1, 0.000000E+00, 2.864749E+02, 2.803010E+02, 0.000000E+00, 3.623796E+00, 2.866550E+02, 2.801109E+02, 2.793767E+02, 2.802631E+02, 2.800600E+02
2024-06-01 03:30:15,1, 0.000000E+00, 2.862672E+02, 2.801609E+02, 0.000000E+00, 3.157397E+00, 2.865650E+02, 2.799795E+02, 2.792441E+02, 2.801239E+02, 2.799205E+02
2024-06-01 03:45:15,1, 0.000000E+00, 2.860595E+02, 2.800314E+02, 0.000000E+00, 2.727648E+00, 2.864783E+02, 2.798575E+02, 2.791207E+02, 2.799952E+02, 2.797914E+02
2024-06-01 04:00:15,1, 0.000000E+00, 2.858525E+02, 2.799101E+02, 0.000000E+00, 2.333858E+00, 2.863945E+02, 2.797431E+02, 2.790049E+02, 2.798751E+02, 2.796710E+02
2024-06-01 04:15:15,1, 0.000000E+00, 2.856846E+02, 2.797943E+02, 0.000000E+00, 2.149815E+00, 2.863133E+02, 2.796322E+02, 2.788930E+02, 2.797601E+02, 2.795557E+02
2024-06-01 04:30:15,1, 0.000000E+00, 2.855167E+02, 2.796821E+02, 0.000000E+00, 1.980482E+00, 2.862342E+02, 2.795245E+02, 2.787842E+02, 2.796486E+02, 2.794440E+02
2024-06-01 04:45:15,1, 0.000000E+00, 2.853488E+02, 2.795728E+02, 0.000000E+00, 1.824424E+00, 2.861570E+02, 2.794194E+02, 2.786779E+02, 2.795401E+02, 2.793351E+02
2024-06-01 05:00:15,1, 0.000000E+00, 2.851807E+02, 2.794659E+02, 0.000000E+00, 1.679995E+00, 2.860816E+02, 2.793165E+02, 2.785737E+02, 2.794338E+02, 2.792285E+02
2024-06-01 05:15:15,1, 0.000000E+00, 2.850011E+02, 2.793600E+02, 0.000000E+00, 1.525539E+00, 2.860078E+02, 2.792140E+02, 2.784694E+02, 2.793287E+02, 2.791230E+02
2024-06-01 05:30:15,1, 0.000000E+00, 2.848216E+02, 2.792542E+02, 0.000000E+00, 1.382337E+00, 2.859352E+02, 2.791117E+02, 2.783653E+02, 2.792237E+02, 2.790175E+02
2024-06-01 05:45:15,1, 0.000000E+00, 2.846421E+02, 2.791486E+02, 0.000000E+00, 1.249317E+00, 2.858639E+02, 2.790097E+02, 2.782615E+02, 2.791190E+02, 2.789123E+02
2024-06-01 06:00:15,1, 0.000000E+00, 2.844634E+02, 2.790434E+02, 0.000000E+00, 1.133117E+00, 2.857936E+02, 2.789082E+02, 2.781579E+02, 2.790146E+02, 2.788074E+02
2024-06-01 06:15:15,1, 0.000000E+00, 2.843386E+02, 2.789397E+02, 0.000000E+00, 1.454817E+00, 2.857242E+02, 2.788074E+02, 2.780554E+02, 2.789113E+02, 2.787036E+02
2024-06-01 06:30:15,1, 0.000000E+00, 2.842137E+02, 2.788378E+02, 0.000000E+00, 1.748082E+00, 2.856557E+02, 2.787082E+02, 2.779545E+02, 2.788099E+02, 2.786017E+02
2024-06-01 06:45:15,1, 0.000000E+00, 2.840888E+02, 2.787374E+02, 0.000000E+00, 2.015932E+00, 2.855881E+02, 2.786101E+02, 2.778547E+02, 2.787099E+02, 2.785013E+02
2024-06-01 07:00:15,1, 0.000000E+00, 2.839641E+02, 2.786380E+02, 0.000000E+00, 2.258550E+00, 2.855211E+02, 2.785129E+02, 2.777557E+02, 2.786110E+02, 2.784019E+02
2024-06-01 07:15:15,1, 0.000000E+00, 2.838474E+02, 2.785435E+02, 0.000000E+00, 2.340773E+00, 2.854553E+02, 2.784237E+02, 2.776663E+02, 2.785169E+02, 2.783077E+02
2024-06-01 07:30:15,1, 0.000000E+00, 2.837306E+02, 2.784563E+02, 0.000000E+00, 2.418073E+00, 2.853909E+02, 2.783407E+02, 2.775832E+02, 2.784301E+02, 2.782208E+02
2024-06-01 07:45:15,1, 0.000000E+00, 2.836139E+02, 2.783746E+02, 0.000000E+00, 2.491049E+00, 2.853278E+02, 2.782626E+02, 2.775048E+02, 2.783489E+02, 2.781395E+02
2024-06-01 08:00:15,1, 0.000000E+00, 2.834979E+02, 2.782973E+02, 0.000000E+00, 2.561010E+00, 2.852660E+02, 2.781882E+02, 2.774301E+02, 2.782720E+02, 2.780625E+02
2024-06-01 08:15:15,1, 0.000000E+00, 2.834203E+02, 2.782225E+02, 0.000000E+00, 2.672552E+00, 2.852051E+02, 2.781130E+02, 2.773529E+02, 2.781971E+02, 2.779871E+02
2024-06-01 08:30:15,1, 0.000000E+00, 2.833427E+02, 2.781491E+02, 0.000000E+00, 2.778033E+00, 2.851449E+02, 2.780389E+02, 2.772767E+02, 2.781234E+02, 2.779128E+02
2024-06-01 08:45:15,1, 0.000000E+00, 2.832651E+02, 2.780768E+02, 0.000000E+00, 2.878382E+00, 2.850853E+02, 2.779658E+02, 2.772013E+02, 2.780510E+02, 2.778397E+02
2024-06-01 09:00:15,1, 0.000000E+00, 2.831899E+02, 2.780056E+02, 0.000000E+00, 2.968646E+00, 2.850264E+02, 2.778936E+02, 2.771271E+02, 2.779796E+02, 2.777676E+02
2024-06-01 09:15:15,1, 0.000000E+00, 2.832604E+02, 2.779361E+02, 0.000000E+00, 2.963357E+00, 2.849679E+02, 2.778211E+02, 2.770544E+02, 2.779091E+02, 2.776971E+02
2024-06-01 09:30:15,1, 0.000000E+00, 2.833310E+02, 2.778690E+02, 0.000000E+00, 2.961511E+00, 2.849097E+02, 2.777507E+02, 2.769838E+02, 2.778410E+02, 2.776290E+02
2024-06-01 09:45:15,1, 0.000000E+00, 2.834015E+02, 2.778039E+02, 0.000000E+00, 2.962656E+00, 2.848520E+02, 2.776820E+02, 2.769149E+02, 2.777749E+02, 2.775628E+02
2024-06-01 10:00:15,1, 4.833619E+01, 2.834737E+02, 2.777592E+02, 3.153265E+00, 2.934079E+00, 2.847972E+02, 2.779178E+02, 2.774838E+02, 2.777631E+02, 2.775895E+02
2024-06-01 10:15:15,1, 7.908112E+01, 2.836435E+02, 2.787023E+02, 4.146109E+00, 1.690435E+00, 2.848538E+02, 2.791128E+02, 2.789587E+02, 2.788377E+02, 2.788909E+02
2024-06-01 10:30:15,1, 1.102600E+02, 2.838134E+02, 2.798012E+02, 4.813991E+00, 9.128776E-01, 2.849642E+02, 2.802653E+02, 2.802276E+02, 2.800319E+02, 2.801500E+02
2024-06-01 10:45:15,1, 1.417394E+02, 2.839833E+02, 2.810161E+02, 5.452200E+00, 5.255867E-01, 2.851290E+02, 2.815418E+02, 2.815941E+02, 2.813484E+02, 2.815111E+02
2024-06-01 11:00:15,1, 2.141317E+02, 2.841635E+02, 2.823179E+02, 6.152321E+00, 5.313852E-01, 2.853495E+02, 2.830991E+02, 2.835223E+02, 2.827971E+02, 2.830398E+02
2024-06-01 11:15:15,1, 2.532509E+02, 2.849530E+02, 2.842787E+02, 7.336077E+00, 5.820675E-01, 2.856738E+02, 2.851527E+02, 2.857227E+02, 2.849816E+02, 2.854185E+02
2024-06-01 11:30:15,1, 2.922399E+02, 2.857425E+02, 2.861101E+02, 8.279569E+00, 2.773685E+00, 2.860775E+02, 2.869614E+02, 2.876066E+02, 2.869963E+02, 2.875205E+02
2024-06-01 11:45:15,1, 3.309316E+02, 2.865319E+02, 2.872542E+02, 8.688898E+00, 1.698544E+01, 2.865469E+02, 2.881577E+02, 2.887598E+02, 2.884109E+02, 2.889410E+02
2024-06-01 12:00:15,1, 4.065368E+02, 2.873187E+02, 2.881230E+02, 9.034901E+00, 2.218984E+01, 2.870660E+02, 2.893227E+02, 2.900560E+02, 2.894916E+02, 2.900699E+02
2024-06-01 12:15:15,1, 4.479461E+02, 2.879451E+02, 2.889377E+02, 9.376342E+00, 5.249075E+01, 2.877072E+02, 2.903930E+02, 2.911435E+02, 2.906406E+02, 2.913003E+02
2024-06-01 12:30:15,1, 4.884880E+02, 2.885715E+02, 2.896266E+02, 9.516695E+00, 5.949293E+01, 2.883877E+02, 2.912322E+02, 2.919720E+02, 2.914985E+02, 2.921554E+02
2024-06-01 12:45:15,1, 5.279890E+02, 2.891980E+02, 2.903095E+02, 9.643542E+00, 6.508817E+01, 2.891055E+02, 2.920538E+02, 2.927856E+02, 2.923394E+02, 2.929927E+02
2024-06-01 13:00:15,1, 5.961337E+02, 2.898215E+02, 2.909942E+02, 9.757513E+00, 7.029397E+01, 2.898600E+02, 2.929848E+02, 2.937626E+02, 2.932013E+02, 2.938536E+02
2024-06-01 13:15:15,1, 6.349966E+02, 2.902748E+02, 2.915971E+02, 9.870909E+00, 6.713837E+01, 2.907225E+02, 2.938362E+02, 2.946114E+02, 2.940771E+02, 2.947513E+02
2024-06-01 13:30:15,1, 6.722465E+02, 2.907280E+02, 2.921148E+02, 9.916553E+00, 7.028181E+01, 2.916005E+02, 2.945414E+02, 2.953160E+02, 2.947458E+02, 2.954162E+02
2024-06-01 13:45:15,1, 7.077240E+02, 2.911813E+02, 2.926279E+02, 9.958287E+00, 7.425892E+01, 2.924911E+02, 2.952306E+02, 2.960060E+02, 2.954002E+02, 2.960676E+02
2024-06-01 14:00:15,1, 7.619152E+02, 2.916337E+02, 2.931435E+02, 9.989154E+00, 7.864089E+01, 2.933913E+02, 2.959896E+02, 2.967992E+02, 2.960674E+02, 2.967338E+02
2024-06-01 14:15:15,1, 7.942768E+02, 2.920392E+02, 2.936515E+02, 9.987769E+00, 8.817594E+01, 2.943531E+02, 2.967085E+02, 2.975245E+02, 2.967761E+02, 2.974536E+02
2024-06-01 14:30:15,1, 8.243741E+02, 2.924446E+02, 2.941169E+02, 9.943242E+00, 9.181580E+01, 2.953067E+02, 2.973316E+02, 2.981551E+02, 2.973667E+02, 2.980422E+02
2024-06-01 14:45:15,1, 8.520784E+02, 2.928501E+02, 2.945799E+02, 9.885337E+00, 9.523243E+01, 2.962503E+02, 2.979396E+02, 2.987722E+02, 2.979449E+02, 2.986188E+02
2024-06-01 15:00:15,1, 8.926116E+02, 2.932541E+02, 2.950444E+02, 9.814259E+00, 9.878048E+01, 2.971820E+02, 2.985950E+02, 2.994633E+02, 2.985289E+02, 2.992027E+02
2024-06-01 15:15:15,1, 9.155792E+02, 2.935730E+02, 2.954718E+02, 9.705991E+00, 1.059291E+02, 2.981395E+02, 2.991899E+02, 3.000702E+02, 2.991115E+02, 2.997941E+02
2024-06-01 15:30:15,1, 9.357830E+02, 2.938919E+02, 2.958527E+02, 9.593914E+00, 1.087059E+02, 2.990689E+02, 2.996941E+02, 3.005823E+02, 2.995841E+02, 3.002641E+02
2024-06-01 15:45:15,1, 9.531366E+02, 2.942109E+02, 2.961820E+02, 9.487733E+00, 1.117716E+02, 2.999672E+02, 3.001422E+02, 3.010341E+02, 3.000018E+02, 3.006799E+02
2024-06-01 16:00:15,1, 9.755364E+02, 2.945288E+02, 2.965127E+02, 9.396267E+00, 1.138407E+02, 3.008312E+02, 3.006014E+02, 3.015048E+02, 3.004086E+02, 3.010855E+02
2024-06-01 16:15:15,1, 9.870732E+02, 2.947876E+02, 2.968045E+02, 9.286065E+00, 1.132504E+02, 3.016773E+02, 3.010074E+02, 3.019087E+02, 3.007909E+02, 3.014714E+02
2024-06-01 16:30:15,1, 9.955496E+02, 2.950464E+02, 2.970929E+02, 9.209249E+00, 1.146900E+02, 3.024765E+02, 3.013323E+02, 3.021391E+02, 3.010950E+02, 3.016839E+02
2024-06-01 16:45:15,1, 1.000929E+03, 2.953052E+02, 2.973817E+02, 9.132427E+00, 1.162010E+02, 3.032290E+02, 3.016260E+02, 3.023110E+02, 3.013694E+02, 3.018104E+02
2024-06-01 17:00:15,1, 1.001284E+03, 2.955626E+02, 2.976657E+02, 9.052256E+00, 1.175103E+02, 3.039343E+02, 3.018842E+02, 3.024772E+02, 3.016260E+02, 3.019610E+02
2024-06-01 17:15:15,1, 1.000416E+03, 2.957379E+02, 2.978611E+02, 8.978500E+00, 1.171032E+02, 3.045870E+02, 3.020944E+02, 3.026611E+02, 3.018231E+02, 3.021325E+02
2024-06-01 17:30:15,1, 9.964284E+02, 2.959133E+02, 2.980437E+02, 8.910222E+00, 1.177076E+02, 3.051922E+02, 3.022757E+02, 3.028123E+02, 3.019955E+02, 3.022849E+02
2024-06-01 17:45:15,1, 9.893382E+02, 2.960886E+02, 2.982201E+02, 8.850157E+00, 1.182415E+02, 3.057478E+02, 3.024284E+02, 3.029323E+02, 3.021495E+02, 3.024186E+02
2024-06-01 18:00:15,1, 9.724319E+02, 2.962631E+02, 2.983883E+02, 8.798265E+00, 1.186106E+02, 3.062515E+02, 3.025269E+02, 3.029864E+02, 3.022785E+02, 3.025274E+02
2024-06-01 18:15:15,1, 9.593315E+02, 2.963892E+02, 2.984866E+02, 8.767917E+00, 1.174265E+02, 3.066862E+02, 3.026014E+02, 3.030682E+02, 3.023666E+02, 3.026421E+02
2024-06-01 18:30:15,1, 9.432792E+02, 2.965153E+02, 2.985831E+02, 8.734343E+00, 1.173650E+02, 3.070734E+02, 3.026693E+02, 3.031557E+02, 3.024613E+02, 3.027835E+02
2024-06-01 18:45:15,1, 9.243438E+02, 2.966413E+02, 2.986739E+02, 8.715858E+00, 1.172680E+02, 3.074089E+02, 3.026992E+02, 3.032246E+02, 3.025266E+02, 3.029243E+02
2024-06-01 19:00:15,1, 8.799224E+02, 2.967660E+02, 2.987537E+02, 8.702428E+00, 1.168610E+02, 3.076885E+02, 3.026191E+02, 3.031595E+02, 3.025568E+02, 3.030458E+02
2024-06-01 19:15:15,1, 8.560904E+02, 2.968064E+02, 2.987395E+02, 8.791830E+00, 1.140357E+02, 3.078472E+02, 3.024207E+02, 3.028787E+02, 3.023999E+02, 3.028391E+02
2024-06-01 19:30:15,1, 8.297196E+02, 2.968467E+02, 2.987454E+02, 8.833208E+00, 1.135445E+02, 3.079588E+02, 3.022840E+02, 3.026800E+02, 3.023066E+02, 3.026989E+02
2024-06-01 19:45:15,1, 8.009230E+02, 2.968871E+02, 2.987469E+02, 8.877741E+00, 1.129244E+02, 3.080180E+02, 3.021281E+02, 3.024708E+02, 3.022022E+02, 3.025551E+02
2024-06-01 20:00:15,1, 7.284367E+02, 2.969260E+02, 2.987347E+02, 8.915498E+00, 1.118287E+02, 3.080176E+02, 3.018013E+02, 3.020565E+02, 3.020439E+02, 3.023665E+02
2024-06-01 20:15:15,1, 6.969567E+02, 2.968778E+02, 2.985847E+02, 9.041771E+00, 1.060231E+02, 3.078477E+02, 3.013983E+02, 3.016266E+02, 3.016745E+02, 3.019780E+02
2024-06-01 20:30:15,1, 6.635587E+02, 2.968297E+02, 2.984804E+02, 9.104497E+00, 1.043479E+02, 3.076531E+02, 3.011219E+02, 3.013324E+02, 3.014534E+02, 3.017608E+02
2024-06-01 20:45:15,1, 6.283858E+02, 2.967815E+02, 2.983723E+02, 9.164337E+00, 1.024483E+02, 3.074242E+02, 3.008294E+02, 3.010261E+02, 3.012223E+02, 3.015363E+02
2024-06-01 21:00:15,1, 4.702553E+02, 2.967289E+02, 2.982356E+02, 9.152868E+00, 9.661021E+01, 3.071442E+02, 3.000733E+02, 3.001155E+02, 3.008546E+02, 3.011833E+02
2024-06-01 21:15:15,1, 4.398391E+02, 2.964144E+02, 2.977207E+02, 9.371539E+00, 3.015677E+01, 3.065259E+02, 2.992466E+02, 2.993131E+02, 2.998938E+02, 3.002390E+02
2024-06-01 21:30:15,1, 4.083873E+02, 2.960998E+02, 2.973552E+02, 9.635297E+00, 2.134790E+01, 3.059741E+02, 2.988497E+02, 2.989435E+02, 2.994310E+02, 2.998810E+02
2024-06-01 21:45:15,1, 3.760344E+02, 2.957852E+02, 2.969988E+02, 9.970199E+00, 1.461185E+01, 3.054602E+02, 2.984364E+02, 2.984784E+02, 2.989400E+02, 2.994009E+02
2024-06-01 22:00:15,1, 2.430854E+02, 2.954692E+02, 2.966290E+02, 9.872413E+00, 8.041457E+00, 3.049553E+02, 2.976022E+02, 2.972961E+02, 2.983368E+02, 2.987660E+02
2024-06-01 22:15:15,1, 2.191709E+02, 2.950657E+02, 2.959623E+02, 1.006466E+01, 2.003128E+01, 3.042722E+02, 2.966547E+02, 2.962108E+02, 2.972008E+02, 2.974657E+02
2024-06-01 22:30:15,1, 1.949189E+02, 2.946622E+02, 2.955182E+02, 1.012048E+01, 1.538317E+01, 3.036552E+02, 2.961653E+02, 2.956767E+02, 2.966238E+02, 2.968584E+02
2024-06-01 22:45:15,1, 1.704332E+02, 2.942587E+02, 2.950838E+02, 1.001294E+01, 8.247370E+00, 3.030846E+02, 2.956937E+02, 2.951673E+02, 2.960646E+02, 2.962722E+02
2024-06-01 23:00:15,1, 1.069432E+02, 2.938583E+02, 2.946443E+02, 8.577568E+00, 1.526530E+00, 3.025444E+02, 2.950590E+02, 2.943121E+02, 2.954639E+02, 2.956273E+02
2024-06-01 23:15:15,1, 8.887368E+01, 2.936386E+02, 2.941851E+02, 7.837920E+00, 2.415514E+01, 3.019670E+02, 2.944306E+02, 2.936032E+02, 2.946887E+02, 2.945799E+02
2024-06-01 23:30:15,1, 7.086437E+01, 2.934189E+02, 2.938708E+02, 6.781690E+00, 2.513251E+01, 3.014272E+02, 2.940097E+02, 2.931706E+02, 2.942498E+02, 2.941006E+02
2024-06-01 23:45:15,1, 5.299234E+01, 2.931992E+02, 2.935597E+02, 5.487328E+00, 1.858654E+01, 3.009189E+02, 2.935911E+02, 2.927161E+02, 2.938354E+02, 2.936602E+02
2024-06-01 00:00:15,2, 4.342715E+01, 2.894851E+02, 2.879788E+02, 4.036948E+00, 6.629325E+00, 2.880018E+02, 2.873864E+02, 2.870292E+02, 2.880702E+02, 2.880902E+02
2024-06-01 00:15:15,2, 2.208021E+01, 2.891616E+02, 2.866413E+02, 2.492295E+00, 7.131834E+00, 2.879830E+02, 2.856867E+02, 2.851961E+02, 2.866286E+02, 2.866019E+02
2024-06-01 00:30:15,2, 1.180409E+00, 2.888381E+02, 2.853767E+02, 1.669940E-01, 7.171190E+00, 2.879020E+02, 2.845363E+02, 2.838952E+02, 2.853233E+02, 2.851604E+02
2024-06-01 00:45:15,2, 0.000000E+00, 2.885145E+02, 2.842545E+02, 0.000000E+00, 7.157593E+00, 2.877870E+02, 2.835857E+02, 2.829158E+02, 2.842035E+02, 2.840128E+02
2024-06-01 01:00:15,2, 0.000000E+00, 2.881930E+02, 2.833788E+02, 0.000000E+00, 7.245195E+00, 2.876619E+02, 2.828408E+02, 2.821576E+02, 2.833339E+02, 2.831395E+02
2024-06-01 01:15:15,2, 0.000000E+00, 2.879888E+02, 2.826914E+02, 0.000000E+00, 6.831768E+00, 2.875343E+02, 2.822559E+02, 2.815644E+02, 2.826510E+02, 2.824547E+02
2024-06-01 01:30:15,2, 0.000000E+00, 2.877846E+02, 2.821493E+02, 0.000000E+00, 6.516008E+00, 2.874084E+02, 2.817889E+02, 2.810918E+02, 2.821109E+02, 2.819153E+02
2024-06-01 01:45:15,2, 0.000000E+00, 2.875805E+02, 2.817149E+02, 0.000000E+00, 6.264114E+00, 2.872863E+02, 2.814101E+02, 2.807088E+02, 2.816787E+02, 2.814826E+02
2024-06-01 02:00:15,2, 0.000000E+00, 2.873768E+02, 2.813606E+02, 0.000000E+00, 6.050693E+00, 2.871688E+02, 2.810978E+02, 2.803934E+02, 2.813260E+02, 2.811300E+02
2024-06-01 02:15:15,2, 0.000000E+00, 2.872034E+02, 2.810696E+02, 0.000000E+00, 5.491737E+00, 2.870563E+02, 2.808394E+02, 2.801336E+02, 2.810361E+02, 2.808402E+02
2024-06-01 02:30:15,2, 0.000000E+00, 2.870300E+02, 2.808286E+02, 0.000000E+00, 4.994209E+00, 2.869490E+02, 2.806235E+02, 2.799169E+02, 2.807965E+02, 2.806007E+02
2024-06-01 02:45:15,2, 0.000000E+00, 2.868566E+02, 2.806259E+02, 0.000000E+00, 4.547219E+00, 2.868466E+02, 2.804397E+02, 2.797326E+02, 2.805946E+02, 2.803988E+02
2024-06-01 03:00:15,2, 0.000000E+00, 2.866826E+02, 2.804526E+02, 0.000000E+00, 4.140471E+00, 2.867489E+02, 2.802810E+02, 2.795735E+02, 2.804219E+02, 2.802261E+02
2024-06-01 03:15:15,2, 0.000000E+00, 2.864749E+02, 2.802992E+02, 0.000000E+00, 3.631977E+00, 2.866554E+02, 2.801381E+02, 2.794293E+02, 2.802694E+02, 2.800733E+02
2024-06-01 03:30:15,2, 0.000000E+00, 2.862672E+02, 2.801592E+02, 0.000000E+00, 3.164739E+00, 2.865654E+02, 2.800068E+02, 2.792968E+02, 2.801303E+02, 2.799339E+02
2024-06-01 03:45:15,2, 0.000000E+00, 2.860595E+02, 2.800297E+02, 0.000000E+00, 2.734228E+00, 2.864787E+02, 2.798849E+02, 2.791735E+02, 2.800016E+02, 2.798049E+02
2024-06-01 04:00:15,2, 0.000000E+00, 2.858525E+02, 2.799084E+02, 0.000000E+00, 2.339743E+00, 2.863949E+02, 2.797706E+02, 2.790578E+02, 2.798816E+02, 2.796845E+02
2024-06-01 04:15:15,2, 0.000000E+00, 2.856846E+02, 2.797927E+02, 0.000000E+00, 2.155018E+00, 2.863137E+02, 2.796598E+02, 2.789459E+02, 2.797667E+02, 2.795693E+02
2024-06-01 04:30:15,2, 0.000000E+00, 2.855167E+02, 2.796806E+02, 0.000000E+00, 1.985070E+00, 2.862346E+02, 2.795521E+02, 2.788372E+02, 2.796552E+02, 2.794575E+02
2024-06-01 04:45:15,2, 0.000000E+00, 2.853488E+02, 2.795713E+02, 0.000000E+00, 1.828459E+00, 2.861575E+02, 2.794471E+02, 2.787309E+02, 2.795467E+02, 2.793487E+02
2024-06-01 05:00:15,2, 0.000000E+00, 2.851807E+02, 2.794643E+02, 0.000000E+00, 1.683529E+00, 2.860821E+02, 2.793442E+02, 2.786268E+02, 2.794405E+02, 2.792422E+02
2024-06-01 05:15:15,2, 0.000000E+00, 2.850011E+02, 2.793584E+02, 0.000000E+00, 1.528627E+00, 2.860082E+02, 2.792418E+02, 2.785226E+02, 2.793354E+02, 2.791366E+02
2024-06-01 05:30:15,2, 0.000000E+00, 2.848216E+02, 2.792526E+02, 0.000000E+00, 1.385021E+00, 2.859357E+02, 2.791396E+02, 2.784186E+02, 2.792304E+02, 2.790312E+02
2024-06-01 05:45:15,2, 0.000000E+00, 2.846421E+02, 2.791471E+02, 0.000000E+00, 1.251635E+00, 2.858643E+02, 2.790377E+02, 2.783149E+02, 2.791257E+02, 2.789260E+02
2024-06-01 06:00:15,2, 0.000000E+00, 2.844634E+02, 2.790419E+02, 0.000000E+00, 1.135104E+00, 2.857940E+02, 2.789362E+02, 2.782114E+02, 2.790214E+02, 2.788211E+02
2024-06-01 06:15:15,2, 0.000000E+00, 2.843386E+02, 2.789381E+02, 0.000000E+00, 1.456440E+00, 2.857247E+02, 2.788355E+02, 2.781091E+02, 2.789181E+02, 2.787174E+02
2024-06-01 06:30:15,2, 0.000000E+00, 2.842137E+02, 2.788363E+02, 0.000000E+00, 1.749381E+00, 2.856562E+02, 2.787364E+02, 2.780082E+02, 2.788167E+02, 2.786155E+02
2024-06-01 06:45:15,2, 0.000000E+00, 2.840888E+02, 2.787359E+02, 0.000000E+00, 2.016942E+00, 2.855885E+02, 2.786384E+02, 2.779085E+02, 2.787167E+02, 2.785151E+02
2024-06-01 07:00:15,2, 0.000000E+00, 2.839641E+02, 2.786364E+02, 0.000000E+00, 2.259304E+00, 2.855216E+02, 2.785412E+02, 2.778097E+02, 2.786178E+02, 2.784157E+02
2024-06-01 07:15:15,2, 0.000000E+00, 2.838474E+02, 2.785419E+02, 0.000000E+00, 2.341322E+00, 2.854558E+02, 2.784520E+02, 2.777202E+02, 2.785237E+02, 2.783215E+02
2024-06-01 07:30:15,2, 0.000000E+00, 2.837306E+02, 2.784547E+02, 0.000000E+00, 2.418439E+00, 2.853914E+02, 2.783690E+02, 2.776370E+02, 2.784369E+02, 2.782346E+02
2024-06-01 07:45:15,2, 0.000000E+00, 2.836139E+02, 2.783731E+02, 0.000000E+00, 2.491253E+00, 2.853283E+02, 2.782909E+02, 2.775587E+02, 2.783557E+02, 2.781533E+02
2024-06-01 08:00:15,2, 0.000000E+00, 2.834979E+02, 2.782957E+02, 0.000000E+00, 2.561069E+00, 2.852665E+02, 2.782165E+02, 2.774839E+02, 2.782787E+02, 2.780763E+02
2024-06-01 08:15:15,2, 0.000000E+00, 2.834203E+02, 2.782210E+02, 0.000000E+00, 2.672478E+00, 2.852056E+02, 2.781414E+02, 2.774069E+02, 2.782038E+02, 2.780009E+02
2024-06-01 08:30:15,2, 0.000000E+00, 2.833427E+02, 2.781475E+02, 0.000000E+00, 2.777841E+00, 2.851454E+02, 2.780674E+02, 2.773308E+02, 2.781302E+02, 2.779267E+02
2024-06-01 08:45:15,2, 0.000000E+00, 2.832651E+02, 2.780753E+02, 0.000000E+00, 2.878086E+00, 2.850858E+02, 2.779943E+02, 2.772556E+02, 2.780578E+02, 2.778536E+02
2024-06-01 09:00:15,2, 0.000000E+00, 2.831899E+02, 2.780041E+02, 0.000000E+00, 2.968204E+00, 2.850269E+02, 2.779222E+02, 2.771815E+02, 2.779864E+02, 2.777816E+02
2024-06-01 09:15:15,2, 0.000000E+00, 2.832604E+02, 2.779345E+02, 0.000000E+00, 2.962855E+00, 2.849684E+02, 2.778497E+02, 2.771089E+02, 2.779159E+02, 2.777110E+02
2024-06-01 09:30:15,2, 0.000000E+00, 2.833310E+02, 2.778675E+02, 0.000000E+00, 2.960957E+00, 2.849103E+02, 2.777794E+02, 2.770383E+02, 2.778478E+02, 2.776429E+02
2024-06-01 09:45:15,2, 0.000000E+00, 2.834015E+02, 2.778023E+02, 0.000000E+00, 2.962056E+00, 2.848526E+02, 2.777107E+02, 2.769694E+02, 2.777817E+02, 2.775767E+02
2024-06-01 10:00:15,2, 4.833619E+01, 2.834737E+02, 2.777575E+02, 3.181565E+00, 2.933316E+00, 2.847978E+02, 2.779317E+02, 2.774889E+02, 2.777678E+02, 2.775953E+02
2024-06-01 10:15:15,2, 7.908112E+01, 2.836435E+02, 2.786983E+02, 4.146256E+00, 1.687774E+00, 2.848552E+02, 2.791120E+02, 2.789281E+02, 2.788293E+02, 2.788597E+02
2024-06-01 10:30:15,2, 1.102600E+02, 2.838134E+02, 2.797945E+02, 4.812854E+00, 9.086021E-01, 2.849663E+02, 2.802568E+02, 2.801865E+02, 2.800180E+02, 2.801119E+02
2024-06-01 10:45:15,2, 1.417394E+02, 2.839833E+02, 2.810066E+02, 5.450826E+00, 5.194891E-01, 2.851314E+02, 2.815275E+02, 2.815468E+02, 2.813300E+02, 2.814681E+02
2024-06-01 11:00:15,2, 2.141317E+02, 2.841635E+02, 2.823061E+02, 6.150551E+00, 5.220278E-01, 2.853520E+02, 2.830657E+02, 2.834239E+02, 2.827727E+02, 2.829840E+02
2024-06-01 11:15:15,2, 2.532509E+02, 2.849530E+02, 2.842596E+02, 7.329698E+00, 5.622701E-01, 2.856769E+02, 2.851075E+02, 2.856052E+02, 2.849416E+02, 2.853274E+02
2024-06-01 11:30:15,2, 2.922399E+02, 2.857425E+02, 2.860875E+02, 8.273839E+00, 2.608853E+00, 2.860808E+02, 2.869110E+02, 2.874817E+02, 2.869487E+02, 2.874183E+02
2024-06-01 11:45:15,2, 3.309316E+02, 2.865319E+02, 2.872499E+02, 8.697101E+00, 1.694172E+01, 2.865506E+02, 2.881243E+02, 2.886597E+02, 2.883819E+02, 2.888642E+02
2024-06-01 12:00:15,2, 4.065368E+02, 2.873187E+02, 2.881191E+02, 9.045299E+00, 2.213345E+01, 2.870700E+02, 2.892833E+02, 2.899356E+02, 2.894630E+02, 2.899905E+02
2024-06-01 12:15:15,2, 4.479461E+02, 2.879451E+02, 2.889337E+02, 9.380665E+00, 5.241903E+01, 2.877115E+02, 2.903483E+02, 2.910053E+02, 2.906045E+02, 2.911902E+02
2024-06-01 12:30:15,2, 4.884880E+02, 2.885715E+02, 2.896226E+02, 9.521066E+00, 5.943274E+01, 2.883922E+02, 2.911878E+02, 2.918344E+02, 2.914622E+02, 2.920442E+02
2024-06-01 12:45:15,2, 5.279890E+02, 2.891980E+02, 2.903056E+02, 9.648297E+00, 6.503118E+01, 2.891100E+02, 2.920097E+02, 2.926482E+02, 2.923033E+02, 2.928812E+02
2024-06-01 13:00:15,2, 5.961337E+02, 2.898215E+02, 2.909902E+02, 9.762741E+00, 7.023961E+01, 2.898644E+02, 2.929388E+02, 2.936165E+02, 2.931648E+02, 2.937396E+02
2024-06-01 13:15:15,2, 6.349966E+02, 2.902748E+02, 2.915928E+02, 9.876635E+00, 6.708754E+01, 2.907268E+02, 2.937895E+02, 2.944620E+02, 2.940391E+02, 2.946305E+02
2024-06-01 13:30:15,2, 6.722465E+02, 2.907280E+02, 2.921105E+02, 9.922859E+00, 7.023051E+01, 2.916047E+02, 2.944947E+02, 2.951654E+02, 2.947077E+02, 2.952944E+02
2024-06-01 13:45:15,2, 7.077240E+02, 2.911813E+02, 2.926234E+02, 9.965168E+00, 7.421206E+01, 2.924951E+02, 2.951838E+02, 2.958540E+02, 2.953620E+02, 2.959446E+02
2024-06-01 14:00:15,2, 7.619152E+02, 2.916337E+02, 2.931389E+02, 9.996648E+00, 7.859158E+01, 2.933950E+02, 2.959414E+02, 2.966410E+02, 2.960288E+02, 2.966085E+02
2024-06-01 14:15:15,2, 7.942768E+02, 2.920392E+02, 2.936465E+02, 9.996113E+00, 8.812927E+01, 2.943566E+02, 2.966594E+02, 2.973626E+02, 2.967363E+02, 2.973237E+02
2024-06-01 14:30:15,2, 8.243741E+02, 2.924446E+02, 2.941117E+02, 9.952244E+00, 9.177527E+01, 2.953098E+02, 2.972820E+02, 2.979908E+02, 2.973265E+02, 2.979109E+02
2024-06-01 14:45:15,2, 8.520784E+02, 2.928501E+02, 2.945744E+02, 9.895013E+00, 9.519848E+01, 2.962532E+02, 2.978895E+02, 2.986054E+02, 2.979043E+02, 2.984859E+02
2024-06-01 15:00:15,2, 8.926116E+02, 2.932541E+02, 2.950385E+02, 9.824635E+00, 9.875405E+01, 2.971846E+02, 2.985433E+02, 2.992906E+02, 2.984875E+02, 2.990675E+02
2024-06-01 15:15:15,2, 9.155792E+02, 2.935730E+02, 2.954650E+02, 9.717334E+00, 1.059148E+02, 2.981418E+02, 2.991369E+02, 2.998936E+02, 2.990686E+02, 2.996551E+02
2024-06-01 15:30:15,2, 9.357830E+02, 2.938919E+02, 2.958452E+02, 9.605910E+00, 1.086968E+02, 2.990709E+02, 2.996403E+02, 3.004032E+02, 2.995405E+02, 3.001235E+02
2024-06-01 15:45:15,2, 9.531366E+02, 2.942109E+02, 2.961754E+02, 9.493504E+00, 1.117319E+02, 2.999689E+02, 3.000897E+02, 3.008568E+02, 2.999587E+02, 3.005389E+02
2024-06-01 16:00:15,2, 9.755364E+02, 2.945288E+02, 2.965069E+02, 9.405983E+00, 1.137948E+02, 3.008327E+02, 3.005491E+02, 3.013254E+02, 3.003661E+02, 3.009439E+02
2024-06-01 16:15:15,2, 9.870732E+02, 2.947876E+02, 2.967991E+02, 9.302314E+00, 1.132739E+02, 3.016785E+02, 3.009548E+02, 3.017265E+02, 3.007486E+02, 3.013290E+02
2024-06-01 16:30:15,2, 9.955496E+02, 2.950464E+02, 2.970875E+02, 9.222293E+00, 1.147204E+02, 3.024777E+02, 3.012891E+02, 3.019901E+02, 3.010624E+02, 3.015799E+02
2024-06-01 16:45:15,2, 1.000929E+03, 2.953052E+02, 2.973768E+02, 9.147027E+00, 1.162432E+02, 3.032300E+02, 3.015837E+02, 3.021665E+02, 3.013390E+02, 3.017135E+02
2024-06-01 17:00:15,2, 1.001284E+03, 2.955626E+02, 2.976603E+02, 9.065837E+00, 1.175471E+02, 3.039350E+02, 3.018506E+02, 3.023374E+02, 3.016040E+02, 3.018680E+02
2024-06-01 17:15:15,2, 1.000416E+03, 2.957379E+02, 2.978559E+02, 8.991991E+00, 1.171462E+02, 3.045876E+02, 3.020619E+02, 3.025230E+02, 3.018028E+02, 3.020411E+02
2024-06-01 17:30:15,2, 9.964284E+02, 2.959133E+02, 2.980386E+02, 8.923616E+00, 1.177520E+02, 3.051927E+02, 3.022441E+02, 3.026763E+02, 3.019758E+02, 3.021948E+02
2024-06-01 17:45:15,2, 9.893382E+02, 2.960886E+02, 2.982149E+02, 8.863410E+00, 1.182869E+02, 3.057482E+02, 3.023980E+02, 3.027986E+02, 3.021303E+02, 3.023300E+02
2024-06-01 18:00:15,2, 9.724319E+02, 2.962631E+02, 2.983832E+02, 8.811325E+00, 1.186564E+02, 3.062519E+02, 3.024979E+02, 3.028566E+02, 3.022599E+02, 3.024406E+02
2024-06-01 18:15:15,2, 9.593315E+02, 2.963892E+02, 2.984815E+02, 8.780831E+00, 1.174708E+02, 3.066866E+02, 3.025730E+02, 3.029392E+02, 3.023480E+02, 3.025553E+02
2024-06-01 18:30:15,2, 9.432792E+02, 2.965153E+02, 2.985784E+02, 8.749238E+00, 1.174235E+02, 3.070736E+02, 3.026339E+02, 3.030261E+02, 3.024346E+02, 3.026958E+02
2024-06-01 18:45:15,2, 9.243438E+02, 2.966413E+02, 2.986689E+02, 8.728997E+00, 1.173147E+02, 3.074089E+02, 3.026646E+02, 3.030949E+02, 3.024989E+02, 3.028347E+02
2024-06-01 19:00:15,2, 8.799224E+02, 2.967660E+02, 2.987485E+02, 8.713717E+00, 1.168922E+02, 3.076886E+02, 3.025863E+02, 3.030333E+02, 3.025288E+02, 3.029547E+02
2024-06-01 19:15:15,2, 8.560904E+02, 2.968064E+02, 2.987348E+02, 8.803001E+00, 1.140605E+02, 3.078474E+02, 3.023900E+02, 3.027591E+02, 3.023734E+02, 3.027533E+02
2024-06-01 19:30:15,2, 8.297196E+02, 2.968467E+02, 2.987408E+02, 8.844585E+00, 1.135695E+02, 3.079590E+02, 3.022545E+02, 3.025643E+02, 3.022809E+02, 3.026159E+02
2024-06-01 19:45:15,2, 8.009230E+02, 2.968871E+02, 2.987424E+02, 8.889153E+00, 1.129491E+02, 3.080182E+02, 3.020994E+02, 3.023584E+02, 3.021772E+02, 3.024745E+02
2024-06-01 20:00:15,2, 7.284367E+02, 2.969260E+02, 2.987304E+02, 8.926746E+00, 1.118537E+02, 3.080179E+02, 3.017747E+02, 3.019535E+02, 3.020197E+02, 3.022895E+02
2024-06-01 20:15:15,2, 6.969567E+02, 2.968778E+02, 2.985808E+02, 9.051279E+00, 1.060378E+02, 3.078480E+02, 3.013731E+02, 3.015282E+02, 3.016516E+02, 3.019068E+02
2024-06-01 20:30:15,2, 6.635587E+02, 2.968297E+02, 2.984765E+02, 9.113520E+00, 1.043568E+02, 3.076535E+02, 3.010971E+02, 3.012353E+02, 3.014306E+02, 3.016903E+02
2024-06-01 20:45:15,2, 6.283858E+02, 2.967815E+02, 2.983685E+02, 9.172938E+00, 1.024528E+02, 3.074247E+02, 3.008048E+02, 3.009297E+02, 3.011995E+02, 3.014663E+02
2024-06-01 21:00:15,2, 4.702553E+02, 2.967289E+02, 2.982320E+02, 9.160881E+00, 9.662252E+01, 3.071449E+02, 3.000538E+02, 3.000458E+02, 3.008327E+02, 3.011196E+02
2024-06-01 21:15:15,2, 4.398391E+02, 2.964144E+02, 2.977188E+02, 9.368059E+00, 3.017210E+01, 3.065266E+02, 2.992302E+02, 2.992532E+02, 2.998762E+02, 3.001942E+02
2024-06-01 21:30:15,2, 4.083873E+02, 2.960998E+02, 2.973534E+02, 9.654603E+00, 2.135781E+01, 3.059751E+02, 2.988280E+02, 2.988608E+02, 2.994098E+02, 2.998206E+02
2024-06-01 21:45:15,2, 3.760344E+02, 2.957852E+02, 2.969970E+02, 9.980578E+00, 1.464534E+01, 3.054613E+02, 2.984177E+02, 2.984060E+02, 2.989167E+02, 2.993317E+02
2024-06-01 22:00:15,2, 2.430854E+02, 2.954692E+02, 2.966275E+02, 9.878606E+00, 8.049448E+00, 3.049567E+02, 2.975987E+02, 2.972699E+02, 2.983160E+02, 2.987053E+02
2024-06-01 22:15:15,2, 2.191709E+02, 2.950657E+02, 2.959621E+02, 1.006977E+01, 2.002223E+01, 3.042735E+02, 2.966609E+02, 2.962100E+02, 2.971915E+02, 2.974447E+02
2024-06-01 22:30:15,2, 1.949189E+02, 2.946622E+02, 2.955182E+02, 1.012575E+01, 1.535495E+01, 3.036565E+02, 2.961744E+02, 2.956819E+02, 2.966168E+02, 2.968435E+02
2024-06-01 22:45:15,2, 1.704332E+02, 2.942587E+02, 2.950838E+02, 1.001981E+01, 8.209776E+00, 3.030860E+02, 2.957056E+02, 2.951774E+02, 2.960584E+02, 2.962584E+02
2024-06-01 23:00:15,2, 1.069432E+02, 2.938583E+02, 2.946443E+02, 8.597531E+00, 1.496843E+00, 3.025459E+02, 2.950822E+02, 2.943498E+02, 2.954586E+02, 2.956128E+02
2024-06-01 23:15:15,2, 8.887368E+01, 2.936386E+02, 2.941846E+02, 7.859116E+00, 2.421022E+01, 3.019683E+02, 2.944558E+02, 2.936474E+02, 2.946855E+02, 2.945904E+02
2024-06-01 23:30:15,2, 7.086437E+01, 2.934189E+02, 2.938701E+02, 6.799551E+00, 2.515380E+01, 3.014285E+02, 2.940402E+02, 2.932185E+02, 2.942606E+02, 2.941116E+02
2024-06-01 23:45:15,2, 5.299234E+01, 2.931992E+02, 2.935593E+02, 5.499270E+00, 1.859415E+01, 3.009203E+02, 2.936230E+02, 2.927692E+02, 2.938441E+02, 2.936734E+02
2024-06-02 00:00:15,1, 3.327926E+01, 2.929781E+02, 2.932185E+02, 3.598975E+00, 1.190829E+01, 3.004393E+02, 2.931556E+02, 2.923543E+02, 2.933988E+02, 2.932278E+02
2024-06-02 00:15:15,1, 1.729864E+01, 2.926698E+02, 2.927968E+02, 2.080474E+00, 1.315663E+01, 2.999511E+02, 2.926154E+02, 2.917640E+02, 2.928926E+02, 2.927639E+02
2024-06-02 00:30:15,1, 1.651971E+00, 2.923616E+02, 2.922059E+02, 2.222955E-01, 1.224409E+01, 2.994900E+02, 2.919398E+02, 2.909102E+02, 2.922481E+02, 2.919856E+02
2024-06-02 00:45:15,1, 0.000000E+00, 2.920533E+02, 2.915491E+02, 0.000000E+00, 1.195641E+01, 2.990522E+02, 2.913182E+02, 2.902772E+02, 2.915794E+02, 2.912860E+02
2024-06-02 01:00:15,1, 0.000000E+00, 2.917448E+02, 2.909720E+02, 0.000000E+00, 1.246493E+01, 2.986425E+02, 2.907772E+02, 2.897447E+02, 2.909991E+02, 2.907075E+02
2024-06-02 01:15:15,1, 0.000000E+00, 2.914208E+02, 2.904464E+02, 0.000000E+00, 1.293420E+01, 2.982563E+02, 2.902735E+02, 2.892412E+02, 2.904714E+02, 2.901801E+02
2024-06-02 01:30:15,1, 0.000000E+00, 2.910969E+02, 2.899535E+02, 0.000000E+00, 1.342479E+01, 2.978897E+02, 2.897964E+02, 2.887616E+02, 2.899766E+02, 2.896850E+02
2024-06-02 01:45:15,1, 0.000000E+00, 2.907730E+02, 2.894845E+02, 0.000000E+00, 1.389434E+01, 2.975399E+02, 2.893388E+02, 2.883001E+02, 2.895060E+02, 2.892135E+02
2024-06-02 02:00:15,1, 0.000000E+00, 2.904500E+02, 2.890330E+02, 0.000000E+00, 1.431181E+01, 2.972047E+02, 2.888961E+02, 2.878521E+02, 2.890534E+02, 2.887596E+02
2024-06-02 02:15:15,1, 0.000000E+00, 2.901826E+02, 2.885987E+02, 0.000000E+00, 1.382443E+01, 2.968826E+02, 2.884717E+02, 2.874251E+02, 2.886180E+02, 2.883236E+02
2024-06-02 02:30:15,1, 0.000000E+00, 2.899152E+02, 2.881807E+02, 0.000000E+00, 1.346966E+01, 2.965722E+02, 2.880612E+02, 2.870108E+02, 2.881991E+02, 2.879038E+02
2024-06-02 02:45:15,1, 0.000000E+00, 2.896479E+02, 2.877752E+02, 0.000000E+00, 1.320315E+01, 2.962724E+02, 2.876615E+02, 2.866064E+02, 2.877927E+02, 2.874963E+02
2024-06-02 03:00:15,1, 0.000000E+00, 2.893818E+02, 2.873795E+02, 0.000000E+00, 1.298784E+01, 2.959820E+02, 2.872705E+02, 2.862102E+02, 2.873963E+02, 2.870985E+02
2024-06-02 03:15:15,1, 0.000000E+00, 2.891935E+02, 2.870226E+02, 0.000000E+00, 1.231754E+01, 2.957035E+02, 2.869489E+02, 2.859034E+02, 2.870401E+02, 2.867459E+02
2024-06-02 03:30:15,1, 0.000000E+00, 2.890052E+02, 2.867218E+02, 0.000000E+00, 1.183859E+01, 2.954392E+02, 2.866742E+02, 2.856421E+02, 2.867397E+02, 2.864494E+02
2024-06-02 03:45:15,1, 0.000000E+00, 2.888169E+02, 2.864633E+02, 0.000000E+00, 1.148636E+01, 2.951881E+02, 2.864350E+02, 2.854155E+02, 2.864818E+02, 2.861953E+02
2024-06-02 04:00:15,1, 0.000000E+00, 2.886297E+02, 2.862370E+02, 0.000000E+00, 1.121719E+01, 2.949491E+02, 2.862231E+02, 2.852156E+02, 2.862558E+02, 2.859726E+02
2024-06-02 04:15:15,1, 0.000000E+00, 2.885095E+02, 2.860629E+02, 0.000000E+00, 1.068167E+01, 2.947244E+02, 2.860871E+02, 2.851085E+02, 2.860830E+02, 2.858073E+02
2024-06-02 04:30:15,1, 0.000000E+00, 2.883893E+02, 2.859519E+02, 0.000000E+00, 1.029191E+01, 2.945157E+02, 2.860049E+02, 2.850541E+02, 2.859731E+02, 2.857053E+02
2024-06-02 04:45:15,1, 0.000000E+00, 2.882691E+02, 2.858887E+02, 0.000000E+00, 1.000963E+01, 2.943220E+02, 2.859636E+02, 2.850398E+02, 2.859111E+02, 2.856508E+02
2024-06-02 05:00:15,1, 0.000000E+00, 2.881495E+02, 2.858621E+02, 0.000000E+00, 9.808058E+00, 2.941424E+02, 2.859539E+02, 2.850564E+02, 2.858858E+02, 2.856327E+02
2024-06-02 05:15:15,1, 0.000000E+00, 2.880634E+02, 2.858641E+02, 0.000000E+00, 9.470205E+00, 2.939758E+02, 2.859686E+02, 2.850970E+02, 2.858889E+02, 2.856429E+02
2024-06-02 05:30:15,1, 0.000000E+00, 2.879773E+02, 2.858887E+02, 0.000000E+00, 9.209568E+00, 2.938211E+02, 2.860029E+02, 2.851571E+02, 2.859146E+02, 2.856756E+02
2024-06-02 05:45:15,1, 0.000000E+00, 2.878913E+02, 2.859311E+02, 0.000000E+00, 9.015454E+00, 2.936777E+02, 2.860530E+02, 2.852325E+02, 2.859581E+02, 2.857261E+02
2024-06-02 06:00:15,1, 0.000000E+00, 2.878046E+02, 2.859875E+02, 0.000000E+00, 8.894769E+00, 2.935446E+02, 2.861150E+02, 2.853189E+02, 2.860156E+02, 2.857903E+02
2024-06-02 06:15:15,1, 0.000000E+00, 2.876822E+02, 2.860050E+02, 0.000000E+00, 9.575505E+00, 2.934153E+02, 2.860821E+02, 2.852763E+02, 2.860318E+02, 2.858050E+02
2024-06-02 06:30:15,1, 0.000000E+00, 2.875599E+02, 2.859515E+02, 0.000000E+00, 1.011421E+01, 2.932840E+02, 2.859903E+02, 2.851745E+02, 2.859773E+02, 2.857478E+02
2024-06-02 06:45:15,1, 0.000000E+00, 2.874375E+02, 2.858462E+02, 0.000000E+00, 1.052590E+01, 2.931505E+02, 2.858565E+02, 2.850309E+02, 2.858713E+02, 2.856389E+02
2024-06-02 07:00:15,1, 0.000000E+00, 2.873158E+02, 2.857031E+02, 0.000000E+00, 1.082208E+01, 2.930151E+02, 2.856925E+02, 2.848574E+02, 2.857275E+02, 2.854923E+02
2024-06-02 07:15:15,1, 0.000000E+00, 2.872313E+02, 2.855574E+02, 0.000000E+00, 1.043998E+01, 2.928808E+02, 2.855572E+02, 2.847293E+02, 2.855822E+02, 2.853483E+02
2024-06-02 07:30:15,1, 0.000000E+00, 2.871468E+02, 2.854313E+02, 0.000000E+00, 1.015054E+01, 2.927503E+02, 2.854388E+02, 2.846178E+02, 2.854563E+02, 2.852243E+02
2024-06-02 07:45:15,1, 0.000000E+00, 2.870622E+02, 2.853200E+02, 0.000000E+00, 9.930175E+00, 2.926236E+02, 2.853329E+02, 2.845184E+02, 2.853452E+02, 2.851150E+02
2024-06-02 08:00:15,1, 0.000000E+00, 2.869777E+02, 2.852200E+02, 0.000000E+00, 9.756770E+00, 2.925006E+02, 2.852365E+02, 2.844282E+02, 2.852454E+02, 2.850169E+02
2024-06-02 08:15:15,1, 0.000000E+00, 2.868927E+02, 2.851267E+02, 0.000000E+00, 9.276926E+00, 2.923810E+02, 2.851443E+02, 2.843412E+02, 2.851526E+02, 2.849256E+02
2024-06-02 08:30:15,1, 0.000000E+00, 2.868078E+02, 2.850373E+02, 0.000000E+00, 8.869025E+00, 2.922645E+02, 2.850555E+02, 2.842574E+02, 2.850634E+02, 2.848377E+02
2024-06-02 08:45:15,1, 0.000000E+00, 2.867228E+02, 2.849513E+02, 0.000000E+00, 8.521930E+00, 2.921510E+02, 2.849698E+02, 2.841764E+02, 2.849776E+02, 2.847531E+02
2024-06-02 09:00:15,1, 0.000000E+00, 2.866380E+02, 2.848682E+02, 0.000000E+00, 8.222993E+00, 2.920403E+02, 2.848868E+02, 2.840979E+02, 2.848946E+02, 2.846714E+02
2024-06-02 09:15:15,1, 0.000000E+00, 2.865630E+02, 2.847792E+02, 0.000000E+00, 7.764155E+00, 2.919312E+02, 2.847885E+02, 2.839985E+02, 2.848052E+02, 2.845819E+02
2024-06-02 09:30:15,1, 0.000000E+00, 2.864880E+02, 2.846790E+02, 0.000000E+00, 7.354527E+00, 2.918227E+02, 2.846811E+02, 2.838900E+02, 2.847046E+02, 2.844810E+02
2024-06-02 09:45:15,1, 0.000000E+00, 2.864130E+02, 2.845709E+02, 0.000000E+00, 6.991269E+00, 2.917150E+02, 2.845676E+02, 2.837752E+02, 2.845961E+02, 2.843722E+02
2024-06-02 10:00:15,1, 2.735452E+01, 2.863413E+02, 2.844641E+02, 3.232112E+00, 6.668329E+00, 2.916097E+02, 2.845651E+02, 2.838487E+02, 2.845128E+02, 2.842976E+02
2024-06-02 10:15:15,1, 4.445567E+01, 2.864599E+02, 2.847802E+02, 4.604412E+00, 6.350377E+00, 2.915839E+02, 2.850492E+02, 2.844251E+02, 2.849451E+02, 2.848110E+02
2024-06-02 10:30:15,1, 6.179903E+01, 2.865785E+02, 2.852515E+02, 5.606113E+00, 6.580247E+00, 2.915960E+02, 2.855863E+02, 2.850505E+02, 2.854772E+02, 2.853868E+02
2024-06-02 10:45:15,1, 7.931033E+01, 2.866971E+02, 2.858325E+02, 6.391243E+00, 7.449326E+00, 2.916440E+02, 2.862208E+02, 2.857785E+02, 2.861261E+02, 2.860874E+02
2024-06-02 11:00:15,1, 1.069071E+02, 2.868191E+02, 2.864905E+02, 7.243920E+00, 9.466550E+00, 2.917264E+02, 2.869694E+02, 2.866711E+02, 2.868662E+02, 2.868906E+02
2024-06-02 11:15:15,1, 1.263458E+02, 2.871390E+02, 2.872880E+02, 7.849414E+00, 1.604738E+01, 2.918578E+02, 2.877829E+02, 2.875690E+02, 2.877627E+02, 2.878590E+02
2024-06-02 11:30:15,1, 1.457207E+02, 2.874589E+02, 2.878889E+02, 8.125702E+00, 4.092070E+01, 2.919991E+02, 2.883236E+02, 2.881290E+02, 2.884315E+02, 2.884999E+02
2024-06-02 11:45:15,1, 1.649487E+02, 2.877787E+02, 2.882908E+02, 8.340956E+00, 3.039558E+01, 2.921524E+02, 2.887547E+02, 2.886074E+02, 2.889179E+02, 2.890077E+02
2024-06-02 12:00:15,1, 2.202275E+02, 2.881019E+02, 2.886823E+02, 8.759469E+00, 2.867057E+01, 2.923242E+02, 2.893703E+02, 2.893830E+02, 2.894134E+02, 2.895344E+02
2024-06-02 12:15:15,1, 2.426017E+02, 2.886228E+02, 2.893648E+02, 9.155180E+00, 3.005531E+01, 2.925960E+02, 2.902312E+02, 2.903328E+02, 2.902790E+02, 2.904689E+02
2024-06-02 12:30:15,1, 2.645084E+02, 2.891436E+02, 2.899617E+02, 9.369513E+00, 3.168514E+01, 2.928899E+02, 2.909420E+02, 2.911187E+02, 2.909840E+02, 2.912053E+02
2024-06-02 12:45:15,1, 2.858537E+02, 2.896644E+02, 2.905483E+02, 9.584354E+00, 3.458442E+01, 2.932042E+02, 2.916446E+02, 2.918967E+02, 2.916795E+02, 2.919347E+02
2024-06-02 13:00:15,1, 3.483540E+02, 2.901850E+02, 2.911383E+02, 9.848384E+00, 3.826868E+01, 2.935405E+02, 2.925257E+02, 2.929500E+02, 2.924154E+02, 2.927152E+02
2024-06-02 13:15:15,1, 3.710261E+02, 2.906883E+02, 2.918053E+02, 1.006383E+01, 5.407741E+01, 2.939907E+02, 2.933702E+02, 2.938496E+02, 2.933171E+02, 2.936731E+02
2024-06-02 13:30:15,1, 3.927587E+02, 2.911916E+02, 2.923573E+02, 1.013229E+01, 5.815675E+01, 2.944387E+02, 2.940077E+02, 2.945428E+02, 2.939654E+02, 2.943418E+02
2024-06-02 13:45:15,1, 4.134586E+02, 2.916949E+02, 2.929038E+02, 1.019060E+01, 6.196518E+01, 2.948866E+02, 2.946321E+02, 2.952212E+02, 2.946011E+02, 2.949977E+02
2024-06-02 14:00:15,1, 4.300609E+02, 2.921942E+02, 2.934452E+02, 1.022878E+01, 6.581122E+01, 2.953354E+02, 2.952323E+02, 2.958695E+02, 2.952255E+02, 2.956412E+02
2024-06-02 14:15:15,1, 4.483081E+02, 2.924607E+02, 2.937870E+02, 1.022698E+01, 6.821975E+01, 2.957727E+02, 2.956638E+02, 2.963400E+02, 2.956679E+02, 2.960999E+02
2024-06-02 14:30:15,1, 4.652803E+02, 2.927272E+02, 2.940936E+02, 1.023435E+01, 7.025620E+01, 2.962023E+02, 2.960631E+02, 2.967759E+02, 2.960514E+02, 2.965000E+02
2024-06-02 14:45:15,1, 4.809048E+02, 2.929937E+02, 2.943954E+02, 1.024011E+01, 7.234917E+01, 2.966244E+02, 2.964485E+02, 2.971954E+02, 2.964243E+02, 2.968889E+02
2024-06-02 15:00:15,1, 5.216634E+02, 2.932593E+02, 2.946986E+02, 1.025555E+01, 7.434183E+01, 2.970410E+02, 2.969258E+02, 2.977431E+02, 2.968144E+02, 2.972946E+02
2024-06-02 15:15:15,1, 5.350808E+02, 2.934670E+02, 2.950024E+02, 1.024522E+01, 7.494711E+01, 2.975226E+02, 2.973963E+02, 2.982555E+02, 2.972790E+02, 2.977923E+02
2024-06-02 15:30:15,1, 5.468862E+02, 2.936747E+02, 2.952454E+02, 1.022327E+01, 7.614785E+01, 2.979842E+02, 2.977458E+02, 2.986445E+02, 2.975928E+02, 2.981274E+02
2024-06-02 15:45:15,1, 5.570290E+02, 2.938825E+02, 2.954825E+02, 1.020636E+01, 7.749633E+01, 2.984277E+02, 2.980782E+02, 2.990133E+02, 2.978934E+02, 2.984494E+02
2024-06-02 16:00:15,1, 5.224788E+02, 2.940889E+02, 2.957052E+02, 1.016530E+01, 7.879207E+01, 2.988499E+02, 2.982252E+02, 2.991307E+02, 2.981398E+02, 2.987164E+02
2024-06-02 16:15:15,1, 5.286647E+02, 2.942162E+02, 2.957809E+02, 1.018167E+01, 8.060545E+01, 2.991374E+02, 2.982823E+02, 2.992201E+02, 2.981494E+02, 2.987367E+02
2024-06-02 16:30:15,1, 5.332143E+02, 2.943436E+02, 2.959150E+02, 1.018516E+01, 8.169590E+01, 2.994295E+02, 2.984770E+02, 2.994572E+02, 2.983328E+02, 2.989621E+02
2024-06-02 16:45:15,1, 5.361084E+02, 2.944710E+02, 2.960450E+02, 1.017567E+01, 8.238430E+01, 2.997189E+02, 2.986544E+02, 2.996856E+02, 2.985016E+02, 2.991879E+02
2024-06-02 17:00:15,1, 3.918218E+02, 2.945964E+02, 2.961360E+02, 1.003047E+01, 8.217801E+01, 2.999882E+02, 2.981808E+02, 2.989180E+02, 2.985076E+02, 2.992409E+02
2024-06-02 17:15:15,1, 3.914956E+02, 2.946023E+02, 2.958773E+02, 1.017588E+01, 7.287061E+01, 2.998927E+02, 2.975836E+02, 2.982115E+02, 2.977637E+02, 2.982888E+02
2024-06-02 17:30:15,1, 3.899507E+02, 2.946083E+02, 2.958897E+02, 1.025659E+01, 7.413691E+01, 2.998562E+02, 2.976070E+02, 2.982262E+02, 2.977608E+02, 2.982636E+02
2024-06-02 17:45:15,1, 3.871936E+02, 2.946143E+02, 2.959043E+02, 1.028400E+01, 7.425830E+01, 2.998581E+02, 2.976294E+02, 2.982403E+02, 2.977635E+02, 2.982459E+02
2024-06-02 18:00:15,1, 7.486631E+02, 2.946323E+02, 2.959928E+02, 1.050960E+01, 7.513809E+01, 2.999192E+02, 2.990645E+02, 3.001530E+02, 2.981222E+02, 2.985816E+02
2024-06-02 18:15:15,1, 7.386204E+02, 2.953577E+02, 2.972620E+02, 1.001322E+01, 9.488085E+01, 3.009878E+02, 3.007230E+02, 3.016257E+02, 3.001893E+02, 3.006240E+02
2024-06-02 18:30:15,1, 7.263090E+02, 2.960832E+02, 2.979739E+02, 9.763104E+00, 9.544211E+01, 3.018313E+02, 3.011046E+02, 3.019284E+02, 3.006776E+02, 3.010510E+02
2024-06-02 18:45:15,1, 7.117816E+02, 2.968087E+02, 2.986548E+02, 9.590822E+00, 9.714951E+01, 3.025084E+02, 3.015031E+02, 3.022657E+02, 3.011875E+02, 3.015245E+02
2024-06-02 19:00:15,1, 5.005477E+02, 2.975192E+02, 2.992748E+02, 9.357149E+00, 9.837848E+01, 3.030396E+02, 3.012793E+02, 3.018585E+02, 3.015252E+02, 3.018526E+02
2024-06-02 19:15:15,1, 4.870358E+02, 2.973476E+02, 2.988676E+02, 9.717998E+00, 9.061417E+01, 3.029088E+02, 3.005255E+02, 3.011120E+02, 3.007187E+02, 3.010426E+02
2024-06-02 19:30:15,1, 4.720822E+02, 2.971761E+02, 2.986711E+02, 9.808094E+00, 8.965272E+01, 3.028249E+02, 3.002981E+02, 3.008516E+02, 3.004817E+02, 3.007992E+02
2024-06-02 19:45:15,1, 4.557509E+02, 2.970045E+02, 2.984746E+02, 9.880261E+00, 8.804715E+01, 3.027631E+02, 3.000661E+02, 3.005833E+02, 3.002434E+02, 3.005523E+02
2024-06-02 20:00:15,1, 3.482025E+02, 2.968313E+02, 2.982516E+02, 9.808374E+00, 8.510844E+01, 3.026987E+02, 2.994776E+02, 2.997833E+02, 2.999049E+02, 3.001942E+02
2024-06-02 20:15:15,1, 3.332040E+02, 2.965628E+02, 2.977552E+02, 1.002638E+01, 6.393558E+01, 3.024200E+02, 2.988126E+02, 2.990575E+02, 2.991760E+02, 2.994141E+02
2024-06-02 20:30:15,1, 3.172905E+02, 2.962943E+02, 2.974520E+02, 1.016107E+01, 6.019727E+01, 3.021869E+02, 2.985037E+02, 2.986994E+02, 2.988651E+02, 2.991018E+02
2024-06-02 20:45:15,1, 3.005299E+02, 2.960257E+02, 2.971480E+02, 1.026861E+01, 5.611132E+01, 3.019806E+02, 2.982052E+02, 2.983495E+02, 2.985695E+02, 2.988060E+02
2024-06-02 21:00:15,1, 2.350673E+02, 2.957573E+02, 2.968241E+02, 1.010272E+01, 5.191681E+01, 3.017854E+02, 2.976847E+02, 2.976603E+02, 2.982171E+02, 2.984797E+02
2024-06-02 21:15:15,1, 2.199199E+02, 2.954958E+02, 2.964086E+02, 1.018485E+01, 5.430202E+01, 3.015000E+02, 2.971695E+02, 2.970986E+02, 2.975937E+02, 2.978141E+02
2024-06-02 21:30:15,1, 2.042557E+02, 2.952342E+02, 2.961287E+02, 1.017067E+01, 5.312763E+01, 3.012430E+02, 2.968915E+02, 2.968003E+02, 2.972597E+02, 2.974795E+02
2024-06-02 21:45:15,1, 1.881420E+02, 2.949727E+02, 2.958530E+02, 1.007600E+01, 5.035314E+01, 3.010047E+02, 2.966161E+02, 2.965065E+02, 2.969290E+02, 2.971503E+02
2024-06-02 22:00:15,1, 8.804834E+01, 2.947089E+02, 2.955588E+02, 7.403286E+00, 4.661412E+01, 3.007720E+02, 2.960216E+02, 2.955876E+02, 2.965011E+02, 2.966994E+02
2024-06-02 22:15:15,1, 7.942842E+01, 2.943149E+02, 2.949505E+02, 7.111151E+00, 3.315005E+01, 3.003815E+02, 2.952291E+02, 2.946828E+02, 2.955293E+02, 2.955497E+02
2024-06-02 22:30:15,1, 7.068642E+01, 2.939210E+02, 2.945401E+02, 6.645305E+00, 3.150647E+01, 3.000352E+02, 2.948288E+02, 2.942729E+02, 2.950571E+02, 2.950550E+02
2024-06-02 22:45:15,1, 6.185977E+01, 2.935270E+02, 2.941407E+02, 6.069747E+00, 2.854681E+01, 2.997194E+02, 2.944394E+02, 2.938757E+02, 2.946086E+02, 2.945845E+02
2024-06-02 23:00:15,1, 4.336409E+01, 2.931344E+02, 2.937419E+02, 4.576994E+00, 2.491909E+01, 2.994228E+02, 2.940287E+02, 2.934409E+02, 2.941525E+02, 2.941053E+02
2024-06-02 23:15:15,1, 3.609474E+01, 2.928211E+02, 2.933812E+02, 3.928130E+00, 1.888690E+01, 2.991328E+02, 2.936669E+02, 2.930842E+02, 2.937022E+02, 2.936192E+02
2024-06-02 23:30:15,1, 2.884928E+01, 2.925078E+02, 2.930662E+02, 3.231663E+00, 1.617191E+01, 2.988925E+02, 2.933671E+02, 2.927896E+02, 2.933499E+02, 2.932534E+02
2024-06-02 23:45:15,1, 2.165873E+01, 2.921946E+02, 2.927553E+02, 2.495957E+00, 1.337825E+01, 2.986860E+02, 2.930736E+02, 2.925001E+02, 2.930060E+02, 2.928954E+02
2024-06-02 00:00:15,2, 3.327926E+01, 2.929781E+02, 2.932180E+02, 3.673150E+00, 1.190865E+01, 3.004407E+02, 2.931818E+02, 2.923763E+02, 2.934061E+02, 2.932364E+02
2024-06-02 00:15:15,2, 1.729864E+01, 2.926698E+02, 2.927924E+02, 2.104827E+00, 1.316156E+01, 2.999534E+02, 2.926418E+02, 2.917899E+02, 2.928934E+02, 2.927499E+02
2024-06-02 00:30:15,2, 1.651971E+00, 2.923616E+02, 2.922011E+02, 2.218344E-01, 1.227536E+01, 2.994923E+02, 2.919763E+02, 2.909797E+02, 2.922546E+02, 2.919983E+02
2024-06-02 00:45:15,2, 0.000000E+00, 2.920533E+02, 2.915458E+02, 0.000000E+00, 1.199256E+01, 2.990542E+02, 2.913572E+02, 2.903524E+02, 2.915886E+02, 2.913063E+02
2024-06-02 01:00:15,2, 0.000000E+00, 2.917448E+02, 2.909694E+02, 0.000000E+00, 1.249571E+01, 2.986444E+02, 2.908168E+02, 2.898197E+02, 2.910089E+02, 2.907280E+02
2024-06-02 01:15:15,2, 0.000000E+00, 2.914208E+02, 2.904442E+02, 0.000000E+00, 1.295998E+01, 2.982581E+02, 2.903129E+02, 2.893161E+02, 2.904816E+02, 2.902007E+02
2024-06-02 01:30:15,2, 0.000000E+00, 2.910969E+02, 2.899517E+02, 0.000000E+00, 1.344655E+01, 2.978914E+02, 2.898359E+02, 2.888367E+02, 2.899872E+02, 2.897057E+02
2024-06-02 01:45:15,2, 0.000000E+00, 2.907730E+02, 2.894828E+02, 0.000000E+00, 1.391260E+01, 2.975416E+02, 2.893787E+02, 2.883755E+02, 2.895168E+02, 2.892345E+02
2024-06-02 02:00:15,2, 0.000000E+00, 2.904500E+02, 2.890315E+02, 0.000000E+00, 1.432708E+01, 2.972063E+02, 2.889362E+02, 2.879279E+02, 2.890643E+02, 2.887807E+02
2024-06-02 02:15:15,2, 0.000000E+00, 2.901826E+02, 2.885973E+02, 0.000000E+00, 1.383727E+01, 2.968842E+02, 2.885119E+02, 2.875009E+02, 2.886289E+02, 2.883447E+02
2024-06-02 02:30:15,2, 0.000000E+00, 2.899152E+02, 2.881793E+02, 0.000000E+00, 1.348043E+01, 2.965738E+02, 2.881015E+02, 2.870868E+02, 2.882100E+02, 2.879249E+02
2024-06-02 02:45:15,2, 0.000000E+00, 2.896479E+02, 2.877739E+02, 0.000000E+00, 1.321216E+01, 2.962740E+02, 2.877019E+02, 2.866826E+02, 2.878037E+02, 2.875174E+02
2024-06-02 03:00:15,2, 0.000000E+00, 2.893818E+02, 2.873781E+02, 0.000000E+00, 1.299535E+01, 2.959835E+02, 2.873111E+02, 2.862867E+02, 2.874072E+02, 2.871197E+02
2024-06-02 03:15:15,2, 0.000000E+00, 2.891935E+02, 2.870212E+02, 0.000000E+00, 1.232386E+01, 2.957050E+02, 2.869890E+02, 2.859783E+02, 2.870509E+02, 2.867665E+02
2024-06-02 03:30:15,2, 0.000000E+00, 2.890052E+02, 2.867204E+02, 0.000000E+00, 1.184391E+01, 2.954407E+02, 2.867137E+02, 2.857158E+02, 2.867502E+02, 2.864695E+02
2024-06-02 03:45:15,2, 0.000000E+00, 2.888169E+02, 2.864619E+02, 0.000000E+00, 1.149082E+01, 2.951896E+02, 2.864741E+02, 2.854881E+02, 2.864921E+02, 2.862150E+02
2024-06-02 04:00:15,2, 0.000000E+00, 2.886297E+02, 2.862356E+02, 0.000000E+00, 1.122091E+01, 2.949506E+02, 2.862617E+02, 2.852871E+02, 2.862659E+02, 2.859920E+02
2024-06-02 04:15:15,2, 0.000000E+00, 2.885095E+02, 2.860614E+02, 0.000000E+00, 1.068482E+01, 2.947258E+02, 2.861246E+02, 2.851776E+02, 2.860927E+02, 2.858259E+02
2024-06-02 04:30:15,2, 0.000000E+00, 2.883893E+02, 2.859504E+02, 0.000000E+00, 1.029456E+01, 2.945171E+02, 2.860415E+02, 2.851210E+02, 2.859824E+02, 2.857231E+02
2024-06-02 04:45:15,2, 0.000000E+00, 2.882691E+02, 2.858873E+02, 0.000000E+00, 1.001183E+01, 2.943235E+02, 2.859993E+02, 2.851046E+02, 2.859201E+02, 2.856679E+02
2024-06-02 05:00:15,2, 0.000000E+00, 2.881495E+02, 2.858606E+02, 0.000000E+00, 9.809851E+00, 2.941438E+02, 2.859888E+02, 2.851191E+02, 2.858944E+02, 2.856492E+02
2024-06-02 05:15:15,2, 0.000000E+00, 2.880634E+02, 2.858626E+02, 0.000000E+00, 9.471684E+00, 2.939772E+02, 2.860026E+02, 2.851578E+02, 2.858971E+02, 2.856588E+02
2024-06-02 05:30:15,2, 0.000000E+00, 2.879773E+02, 2.858871E+02, 0.000000E+00, 9.210729E+00, 2.938225E+02, 2.860361E+02, 2.852159E+02, 2.859225E+02, 2.856909E+02
2024-06-02 05:45:15,2, 0.000000E+00, 2.878913E+02, 2.859295E+02, 0.000000E+00, 9.016337E+00, 2.936791E+02, 2.860852E+02, 2.852895E+02, 2.859658E+02, 2.857408E+02
2024-06-02 06:00:15,2, 0.000000E+00, 2.878046E+02, 2.859858E+02, 0.000000E+00, 8.895420E+00, 2.935460E+02, 2.861462E+02, 2.853742E+02, 2.860231E+02, 2.858045E+02
2024-06-02 06:15:15,2, 0.000000E+00, 2.876822E+02, 2.860033E+02, 0.000000E+00, 9.575743E+00, 2.934167E+02, 2.861132E+02, 2.853326E+02, 2.860394E+02, 2.858196E+02
2024-06-02 06:30:15,2, 0.000000E+00, 2.875599E+02, 2.859499E+02, 0.000000E+00, 1.011424E+01, 2.932853E+02, 2.860216E+02, 2.852319E+02, 2.859852E+02, 2.857629E+02
2024-06-02 06:45:15,2, 0.000000E+00, 2.874375E+02, 2.858448E+02, 0.000000E+00, 1.052581E+01, 2.931519E+02, 2.858882E+02, 2.850893E+02, 2.858794E+02, 2.856544E+02
2024-06-02 07:00:15,2, 0.000000E+00, 2.873158E+02, 2.857018E+02, 0.000000E+00, 1.082193E+01, 2.930164E+02, 2.857245E+02, 2.849166E+02, 2.857358E+02, 2.855083E+02
2024-06-02 07:15:15,2, 0.000000E+00, 2.872313E+02, 2.855561E+02, 0.000000E+00, 1.043995E+01, 2.928821E+02, 2.855889E+02, 2.847879E+02, 2.855905E+02, 2.853641E+02
2024-06-02 07:30:15,2, 0.000000E+00, 2.871468E+02, 2.854300E+02, 0.000000E+00, 1.015056E+01, 2.927516E+02, 2.854703E+02, 2.846758E+02, 2.854645E+02, 2.852400E+02
2024-06-02 07:45:15,2, 0.000000E+00, 2.870622E+02, 2.853188E+02, 0.000000E+00, 9.930208E+00, 2.926249E+02, 2.853641E+02, 2.845759E+02, 2.853534E+02, 2.851305E+02
2024-06-02 08:00:15,2, 0.000000E+00, 2.869777E+02, 2.852187E+02, 0.000000E+00, 9.756791E+00, 2.925019E+02, 2.852675E+02, 2.844852E+02, 2.852535E+02, 2.850322E+02
2024-06-02 08:15:15,2, 0.000000E+00, 2.868927E+02, 2.851255E+02, 0.000000E+00, 9.277010E+00, 2.923823E+02, 2.851751E+02, 2.843978E+02, 2.851607E+02, 2.849408E+02
2024-06-02 08:30:15,2, 0.000000E+00, 2.868078E+02, 2.850361E+02, 0.000000E+00, 8.869147E+00, 2.922658E+02, 2.850861E+02, 2.843136E+02, 2.850714E+02, 2.848529E+02
2024-06-02 08:45:15,2, 0.000000E+00, 2.867228E+02, 2.849501E+02, 0.000000E+00, 8.522071E+00, 2.921522E+02, 2.850003E+02, 2.842323E+02, 2.849855E+02, 2.847682E+02
2024-06-02 09:00:15,2, 0.000000E+00, 2.866380E+02, 2.848670E+02, 0.000000E+00, 8.223142E+00, 2.920415E+02, 2.849171E+02, 2.841535E+02, 2.849025E+02, 2.846863E+02
2024-06-02 09:15:15,2, 0.000000E+00, 2.865630E+02, 2.847780E+02, 0.000000E+00, 7.764359E+00, 2.919324E+02, 2.848187E+02, 2.840541E+02, 2.848131E+02, 2.845969E+02
2024-06-02 09:30:15,2, 0.000000E+00, 2.864880E+02, 2.846778E+02, 0.000000E+00, 7.354770E+00, 2.918240E+02, 2.847114E+02, 2.839457E+02, 2.847126E+02, 2.844961E+02
2024-06-02 09:45:15,2, 0.000000E+00, 2.864130E+02, 2.845698E+02, 0.000000E+00, 6.991536E+00, 2.917162E+02, 2.845978E+02, 2.838310E+02, 2.846041E+02, 2.843873E+02
2024-06-02 10:00:15,2, 2.735452E+01, 2.863413E+02, 2.844629E+02, 3.240861E+00, 6.668648E+00, 2.916110E+02, 2.845920E+02, 2.838951E+02, 2.845202E+02, 2.843112E+02
2024-06-02 10:15:15,2, 4.445567E+01, 2.864599E+02, 2.847789E+02, 4.619085E+00, 6.352801E+00, 2.915851E+02, 2.850706E+02, 2.844608E+02, 2.849482E+02, 2.848168E+02
2024-06-02 10:30:15,2, 6.179903E+01, 2.865785E+02, 2.852503E+02, 5.618853E+00, 6.583684E+00, 2.915972E+02, 2.856038E+02, 2.850790E+02, 2.854787E+02, 2.853900E+02
2024-06-02 10:45:15,2, 7.931033E+01, 2.866971E+02, 2.858316E+02, 6.399243E+00, 7.451334E+00, 2.916452E+02, 2.862351E+02, 2.858016E+02, 2.861268E+02, 2.860897E+02
2024-06-02 11:00:15,2, 1.069071E+02, 2.868191E+02, 2.864900E+02, 7.246969E+00, 9.467936E+00, 2.917275E+02, 2.869767E+02, 2.866800E+02, 2.868632E+02, 2.868841E+02
2024-06-02 11:15:15,2, 1.263458E+02, 2.871390E+02, 2.872873E+02, 7.852661E+00, 1.596770E+01, 2.918589E+02, 2.877866E+02, 2.875714E+02, 2.877576E+02, 2.878489E+02
2024-06-02 11:30:15,2, 1.457207E+02, 2.874589E+02, 2.878887E+02, 8.129026E+00, 4.095156E+01, 2.920001E+02, 2.883254E+02, 2.881260E+02, 2.884280E+02, 2.884911E+02
2024-06-02 11:45:15,2, 1.649487E+02, 2.877787E+02, 2.882907E+02, 8.344611E+00, 3.041773E+01, 2.921535E+02, 2.887539E+02, 2.885995E+02, 2.889137E+02, 2.889976E+02
2024-06-02 12:00:15,2, 2.202275E+02, 2.881019E+02, 2.886822E+02, 8.764271E+00, 2.868758E+01, 2.923252E+02, 2.893627E+02, 2.893595E+02, 2.894077E+02, 2.895206E+02
2024-06-02 12:15:15,2, 2.426017E+02, 2.886228E+02, 2.893645E+02, 9.159951E+00, 3.007180E+01, 2.925969E+02, 2.902188E+02, 2.902995E+02, 2.902702E+02, 2.904473E+02
2024-06-02 12:30:15,2, 2.645084E+02, 2.891436E+02, 2.899614E+02, 9.374532E+00, 3.170453E+01, 2.928907E+02, 2.909263E+02, 2.910785E+02, 2.909739E+02, 2.911811E+02
2024-06-02 12:45:15,2, 2.858537E+02, 2.896644E+02, 2.905481E+02, 9.589570E+00, 3.460588E+01, 2.932049E+02, 2.916254E+02, 2.918496E+02, 2.916681E+02, 2.919075E+02
2024-06-02 13:00:15,2, 3.483540E+02, 2.901850E+02, 2.911381E+02, 9.854011E+00, 3.829202E+01, 2.935411E+02, 2.924997E+02, 2.928857E+02, 2.924019E+02, 2.926830E+02
2024-06-02 13:15:15,2, 3.710261E+02, 2.906883E+02, 2.918048E+02, 1.006948E+01, 5.409735E+01, 2.939912E+02, 2.933408E+02, 2.937780E+02, 2.933012E+02, 2.936340E+02
2024-06-02 13:30:15,2, 3.927587E+02, 2.911916E+02, 2.923569E+02, 1.013807E+01, 5.818099E+01, 2.944391E+02, 2.939759E+02, 2.944658E+02, 2.939487E+02, 2.943008E+02
2024-06-02 13:45:15,2, 4.134586E+02, 2.916949E+02, 2.929034E+02, 1.019643E+01, 6.199224E+01, 2.948869E+02, 2.945978E+02, 2.951390E+02, 2.945836E+02, 2.949548E+02
2024-06-02 14:00:15,2, 4.300609E+02, 2.921942E+02, 2.934448E+02, 1.023463E+01, 6.584101E+01, 2.953355E+02, 2.951959E+02, 2.957827E+02, 2.952071E+02, 2.955966E+02
2024-06-02 14:15:15,2, 4.483081E+02, 2.924607E+02, 2.937867E+02, 1.023278E+01, 6.825330E+01, 2.957727E+02, 2.956258E+02, 2.962497E+02, 2.956491E+02, 2.960543E+02
2024-06-02 14:30:15,2, 4.652803E+02, 2.927272E+02, 2.940933E+02, 1.024012E+01, 7.029068E+01, 2.962022E+02, 2.960236E+02, 2.966822E+02, 2.960320E+02, 2.964529E+02
2024-06-02 14:45:15,2, 4.809048E+02, 2.929937E+02, 2.943951E+02, 1.024589E+01, 7.238496E+01, 2.966242E+02, 2.964076E+02, 2.970984E+02, 2.964042E+02, 2.968404E+02
2024-06-02 15:00:15,2, 5.216634E+02, 2.932593E+02, 2.946983E+02, 1.026137E+01, 7.437871E+01, 2.970406E+02, 2.968822E+02, 2.976387E+02, 2.967935E+02, 2.972439E+02
2024-06-02 15:15:15,2, 5.350808E+02, 2.934670E+02, 2.950020E+02, 1.025116E+01, 7.498400E+01, 2.975221E+02, 2.973508E+02, 2.981461E+02, 2.972570E+02, 2.977377E+02
2024-06-02 15:30:15,2, 5.468862E+02, 2.936747E+02, 2.952450E+02, 1.022925E+01, 7.618634E+01, 2.979836E+02, 2.976989E+02, 2.985315E+02, 2.975702E+02, 2.980713E+02
2024-06-02 15:45:15,2, 5.570290E+02, 2.938825E+02, 2.954821E+02, 1.021238E+01, 7.753634E+01, 2.984270E+02, 2.980298E+02, 2.988971E+02, 2.978702E+02, 2.983918E+02
2024-06-02 16:00:15,2, 5.224788E+02, 2.940889E+02, 2.957049E+02, 1.017127E+01, 7.883397E+01, 2.988490E+02, 2.981777E+02, 2.990185E+02, 2.981164E+02, 2.986589E+02
2024-06-02 16:15:15,2, 5.286647E+02, 2.942162E+02, 2.957808E+02, 1.018737E+01, 8.065033E+01, 2.991364E+02, 2.982344E+02, 2.991070E+02, 2.981264E+02, 2.986815E+02
2024-06-02 16:30:15,2, 5.332143E+02, 2.943436E+02, 2.959150E+02, 1.019033E+01, 8.174340E+01, 2.994283E+02, 2.984237E+02, 2.993410E+02, 2.983037E+02, 2.989053E+02
2024-06-02 16:45:15,2, 5.361084E+02, 2.944710E+02, 2.960448E+02, 1.018105E+01, 8.243124E+01, 2.997176E+02, 2.986006E+02, 2.995669E+02, 2.984717E+02, 2.991293E+02
2024-06-02 17:00:15,2, 3.918218E+02, 2.945964E+02, 2.961356E+02, 1.003564E+01, 8.222504E+01, 2.999868E+02, 2.981395E+02, 2.988283E+02, 2.984792E+02, 2.991859E+02
2024-06-02 17:15:15,2, 3.914956E+02, 2.946023E+02, 2.958777E+02, 1.018027E+01, 7.292312E+01, 2.998913E+02, 2.975460E+02, 2.981306E+02, 2.977418E+02, 2.982498E+02
2024-06-02 17:30:15,2, 3.899507E+02, 2.946083E+02, 2.958902E+02, 1.026064E+01, 7.419210E+01, 2.998548E+02, 2.975688E+02, 2.981446E+02, 2.977388E+02, 2.982246E+02
2024-06-02 17:45:15,2, 3.871936E+02, 2.946143E+02, 2.959047E+02, 1.028805E+01, 7.430857E+01, 2.998566E+02, 2.975922E+02, 2.981585E+02, 2.977428E+02, 2.982073E+02
2024-06-02 18:00:15,2, 7.486631E+02, 2.946323E+02, 2.959928E+02, 1.051498E+01, 7.517804E+01, 2.999176E+02, 2.990137E+02, 3.000140E+02, 2.981021E+02, 2.985314E+02
2024-06-02 18:15:15,2, 7.386204E+02, 2.953577E+02, 2.972595E+02, 1.002200E+01, 9.490973E+01, 3.009863E+02, 3.006725E+02, 3.014857E+02, 3.001659E+02, 3.005514E+02
2024-06-02 18:30:15,2, 7.263090E+02, 2.960832E+02, 2.979713E+02, 9.771721E+00, 9.547431E+01, 3.018297E+02, 3.010585E+02, 3.017993E+02, 3.006566E+02, 3.009853E+02
2024-06-02 18:45:15,2, 7.117816E+02, 2.968087E+02, 2.986521E+02, 9.599359E+00, 9.718312E+01, 3.025069E+02, 3.014601E+02, 3.021445E+02, 3.011681E+02, 3.014634E+02
2024-06-02 19:00:15,2, 5.005477E+02, 2.975192E+02, 2.992722E+02, 9.365350E+00, 9.841851E+01, 3.030381E+02, 3.012421E+02, 3.017661E+02, 3.015079E+02, 3.018009E+02
2024-06-02 19:15:15,2, 4.870358E+02, 2.973476E+02, 2.988672E+02, 9.723212E+00, 9.066337E+01, 3.029072E+02, 3.004909E+02, 3.010282E+02, 3.007040E+02, 3.010057E+02
2024-06-02 19:30:15,2, 4.720822E+02, 2.971761E+02, 2.986708E+02, 9.813216E+00, 8.969528E+01, 3.028233E+02, 3.002645E+02, 3.007699E+02, 3.004675E+02, 3.007631E+02
2024-06-02 19:45:15,2, 4.557509E+02, 2.970045E+02, 2.984742E+02, 9.885358E+00, 8.808788E+01, 3.027615E+02, 3.000337E+02, 3.005042E+02, 3.002296E+02, 3.005171E+02
2024-06-02 20:00:15,2, 3.482025E+02, 2.968313E+02, 2.982513E+02, 9.812939E+00, 8.514855E+01, 3.026971E+02, 2.994528E+02, 2.997235E+02, 2.998928E+02, 3.001635E+02
2024-06-02 20:15:15,2, 3.332040E+02, 2.965628E+02, 2.977553E+02, 1.003063E+01, 6.397505E+01, 3.024185E+02, 2.987908E+02, 2.990041E+02, 2.991663E+02, 2.993907E+02
2024-06-02 20:30:15,2, 3.172905E+02, 2.962943E+02, 2.974521E+02, 1.016528E+01, 6.023287E+01, 3.021853E+02, 2.984835E+02, 2.986491E+02, 2.988556E+02, 2.990788E+02
2024-06-02 20:45:15,2, 3.005299E+02, 2.960257E+02, 2.971481E+02, 1.027275E+01, 5.614431E+01, 3.019791E+02, 2.981868E+02, 2.983024E+02, 2.985601E+02, 2.987833E+02
2024-06-02 21:00:15,2, 2.350673E+02, 2.957573E+02, 2.968243E+02, 1.010560E+01, 5.194693E+01, 3.017840E+02, 2.976734E+02, 2.976285E+02, 2.982084E+02, 2.984588E+02
2024-06-02 21:15:15,2, 2.199199E+02, 2.954958E+02, 2.964088E+02, 1.018745E+01, 5.432585E+01, 3.014987E+02, 2.971609E+02, 2.970716E+02, 2.975873E+02, 2.977991E+02
2024-06-02 21:30:15,2, 2.042557E+02, 2.952342E+02, 2.961289E+02, 1.017265E+01, 5.316372E+01, 3.012417E+02, 2.968826E+02, 2.967749E+02, 2.972511E+02, 2.974649E+02
2024-06-02 21:45:15,2, 1.881420E+02, 2.949727E+02, 2.958531E+02, 1.007804E+01, 5.038704E+01, 3.010034E+02, 2.966085E+02, 2.964832E+02, 2.969200E+02, 2.971364E+02
2024-06-02 22:00:15,2, 8.804834E+01, 2.947089E+02, 2.955589E+02, 7.420541E+00, 4.664182E+01, 3.007708E+02, 2.960298E+02, 2.955965E+02, 2.964944E+02, 2.966902E+02
2024-06-02 22:15:15,2, 7.942842E+01, 2.943149E+02, 2.949499E+02, 7.128480E+00, 3.322238E+01, 3.003803E+02, 2.952431E+02, 2.947039E+02, 2.955253E+02, 2.955522E+02
2024-06-02 22:30:15,2, 7.068642E+01, 2.939210E+02, 2.945397E+02, 6.660944E+00, 3.158353E+01, 3.000340E+02, 2.948444E+02, 2.942976E+02, 2.950550E+02, 2.950584E+02
2024-06-02 22:45:15,2, 6.185977E+01, 2.935270E+02, 2.941404E+02, 6.081810E+00, 2.861149E+01, 2.997182E+02, 2.944564E+02, 2.939039E+02, 2.946082E+02, 2.945891E+02
2024-06-02 23:00:15,2, 4.336409E+01, 2.931344E+02, 2.937417E+02, 4.582890E+00, 2.496123E+01, 2.994217E+02, 2.940483E+02, 2.934745E+02, 2.941545E+02, 2.941117E+02
2024-06-02 23:15:15,2, 3.609474E+01, 2.928211E+02, 2.933811E+02, 3.932392E+00, 1.891200E+01, 2.991318E+02, 2.936872E+02, 2.931197E+02, 2.937054E+02, 2.936270E+02
2024-06-02 23:30:15,2, 2.884928E+01, 2.925078E+02, 2.930662E+02, 3.234504E+00, 1.618873E+01, 2.988916E+02, 2.933877E+02, 2.928262E+02, 2.933539E+02, 2.932620E+02
2024-06-02 23:45:15,2, 2.165873E+01, 2.921946E+02, 2.927554E+02, 2.497682E+00, 1.338887E+01, 2.986852E+02, 2.930945E+02, 2.925376E+02, 2.930106E+02, 2.929049E+02
2024-06-03 00:00:15,1, 5.465927E+00, 2.918828E+02, 2.924447E+02, 6.761682E-01, 1.039918E+01, 2.985020E+02, 2.927615E+02, 2.921891E+02, 2.926554E+02, 2.925276E+02
2024-06-03 00:15:15,1, 2.898668E+00, 2.916586E+02, 2.921758E+02, 3.642437E-01, 6.672613E+00, 2.983173E+02, 2.924804E+02, 2.919146E+02, 2.923263E+02, 2.921700E+02
2024-06-03 00:30:15,1, 3.849302E-01, 2.914343E+02, 2.919475E+02, 4.882263E-02, 5.899674E+00, 2.981396E+02, 2.922468E+02, 2.916698E+02, 2.920874E+02, 2.919263E+02
2024-06-03 00:45:15,1, 0.000000E+00, 2.912101E+02, 2.917285E+02, 0.000000E+00, 5.651157E+00, 2.979708E+02, 2.920423E+02, 2.914645E+02, 2.918666E+02, 2.917048E+02
2024-06-03 01:00:15,1, 0.000000E+00, 2.909875E+02, 2.915157E+02, 0.000000E+00, 5.467846E+00, 2.978130E+02, 2.918489E+02, 2.912720E+02, 2.916577E+02, 2.914972E+02
2024-06-03 01:15:15,1, 0.000000E+00, 2.908618E+02, 2.913703E+02, 0.000000E+00, 4.260330E+00, 2.976664E+02, 2.917117E+02, 2.911390E+02, 2.915014E+02, 2.913410E+02
2024-06-03 01:30:15,1, 0.000000E+00, 2.907361E+02, 2.912481E+02, 0.000000E+00, 4.041333E+00, 2.975296E+02, 2.915969E+02, 2.910286E+02, 2.913797E+02, 2.912207E+02
2024-06-03 01:45:15,1, 0.000000E+00, 2.906104E+02, 2.911273E+02, 0.000000E+00, 3.901006E+00, 2.974014E+02, 2.914838E+02, 2.909196E+02, 2.912602E+02, 2.911028E+02
2024-06-03 02:00:15,1, 0.000000E+00, 2.904853E+02, 2.910066E+02, 0.000000E+00, 3.766985E+00, 2.972808E+02, 2.913721E+02, 2.908123E+02, 2.911412E+02, 2.909853E+02
2024-06-03 02:15:15,1, 0.000000E+00, 2.903986E+02, 2.909147E+02, 0.000000E+00, 3.595004E+00, 2.971712E+02, 2.912907E+02, 2.907407E+02, 2.910461E+02, 2.908918E+02
2024-06-03 02:30:15,1, 0.000000E+00, 2.903120E+02, 2.908328E+02, 0.000000E+00, 3.617800E+00, 2.970767E+02, 2.912200E+02, 2.906788E+02, 2.909662E+02, 2.908144E+02
2024-06-03 02:45:15,1, 0.000000E+00, 2.902253E+02, 2.907518E+02, 0.000000E+00, 3.598004E+00, 2.969924E+02, 2.911513E+02, 2.906184E+02, 2.908881E+02, 2.907387E+02
2024-06-03 03:00:15,1, 0.000000E+00, 2.901396E+02, 2.906713E+02, 0.000000E+00, 3.554248E+00, 2.969157E+02, 2.910837E+02, 2.905589E+02, 2.908107E+02, 2.906637E+02
2024-06-03 03:15:15,1, 0.000000E+00, 2.901115E+02, 2.906279E+02, 0.000000E+00, 3.859567E+00, 2.968468E+02, 2.910387E+02, 2.905171E+02, 2.907602E+02, 2.906130E+02
2024-06-03 03:30:15,1, 0.000000E+00, 2.900835E+02, 2.905974E+02, 0.000000E+00, 4.107896E+00, 2.967868E+02, 2.910055E+02, 2.904861E+02, 2.907281E+02, 2.905813E+02
2024-06-03 03:45:15,1, 0.000000E+00, 2.900554E+02, 2.905681E+02, 0.000000E+00, 4.217269E+00, 2.967329E+02, 2.909739E+02, 2.904564E+02, 2.906980E+02, 2.905518E+02
2024-06-03 04:00:15,1, 0.000000E+00, 2.900264E+02, 2.905391E+02, 0.000000E+00, 4.273280E+00, 2.966837E+02, 2.909431E+02, 2.904273E+02, 2.906686E+02, 2.905228E+02
2024-06-03 04:15:15,1, 0.000000E+00, 2.899405E+02, 2.904724E+02, 0.000000E+00, 3.895044E+00, 2.966149E+02, 2.908842E+02, 2.903725E+02, 2.906109E+02, 2.904677E+02
2024-06-03 04:30:15,1, 0.000000E+00, 2.898547E+02, 2.903910E+02, 0.000000E+00, 3.518503E+00, 2.965033E+02, 2.908080E+02, 2.903030E+02, 2.905317E+02, 2.903908E+02
2024-06-03 04:45:15,1, 0.000000E+00, 2.897688E+02, 2.903077E+02, 0.000000E+00, 3.315741E+00, 2.963730E+02, 2.907279E+02, 2.902308E+02, 2.904491E+02, 2.903105E+02
2024-06-03 05:00:15,1, 0.000000E+00, 2.896836E+02, 2.902238E+02, 0.000000E+00, 3.192697E+00, 2.962369E+02, 2.906466E+02, 2.901576E+02, 2.903655E+02, 2.902293E+02
2024-06-03 05:15:15,1, 0.000000E+00, 2.896336E+02, 2.901617E+02, 0.000000E+00, 3.379358E+00, 2.961011E+02, 2.905762E+02, 2.900911E+02, 2.902971E+02, 2.901614E+02
2024-06-03 05:30:15,1, 0.000000E+00, 2.895837E+02, 2.901072E+02, 0.000000E+00, 3.477030E+00, 2.959679E+02, 2.905121E+02, 2.900305E+02, 2.902392E+02, 2.901043E+02
2024-06-03 05:45:15,1, 0.000000E+00, 2.895338E+02, 2.900534E+02, 0.000000E+00, 3.489417E+00, 2.958393E+02, 2.904491E+02, 2.899708E+02, 2.901824E+02, 2.900484E+02
2024-06-03 06:00:15,1, 0.000000E+00, 2.894835E+02, 2.899998E+02, 0.000000E+00, 3.471814E+00, 2.957161E+02, 2.903869E+02, 2.899115E+02, 2.901262E+02, 2.899930E+02
2024-06-03 06:15:15,1, 0.000000E+00, 2.894140E+02, 2.899322E+02, 0.000000E+00, 3.346212E+00, 2.956035E+02, 2.903103E+02, 2.898344E+02, 2.900581E+02, 2.899255E+02
2024-06-03 06:30:15,1, 0.000000E+00, 2.893445E+02, 2.898603E+02, 0.000000E+00, 3.215187E+00, 2.955102E+02, 2.902327E+02, 2.897554E+02, 2.899844E+02, 2.898514E+02
2024-06-03 06:45:15,1, 0.000000E+00, 2.892750E+02, 2.897882E+02, 0.000000E+00, 3.165549E+00, 2.954285E+02, 2.901562E+02, 2.896770E+02, 2.899107E+02, 2.897771E+02
2024-06-03 07:00:15,1, 0.000000E+00, 2.892044E+02, 2.897157E+02, 0.000000E+00, 3.180986E+00, 2.953532E+02, 2.900808E+02, 2.896006E+02, 2.898370E+02, 2.897029E+02
2024-06-03 07:15:15,1, 0.000000E+00, 2.890651E+02, 2.895967E+02, 0.000000E+00, 5.058073E+00, 2.952813E+02, 2.899775E+02, 2.895015E+02, 2.897298E+02, 2.895979E+02
2024-06-03 07:30:15,1, 0.000000E+00, 2.889258E+02, 2.894640E+02, 0.000000E+00, 5.599838E+00, 2.952110E+02, 2.898620E+02, 2.893898E+02, 2.896020E+02, 2.894712E+02
2024-06-03 07:45:15,1, 0.000000E+00, 2.887866E+02, 2.893315E+02, 0.000000E+00, 5.767853E+00, 2.951417E+02, 2.897465E+02, 2.892778E+02, 2.894738E+02, 2.893439E+02
2024-06-03 08:00:15,1, 0.000000E+00, 2.886493E+02, 2.891995E+02, 0.000000E+00, 5.701675E+00, 2.950731E+02, 2.896313E+02, 2.891661E+02, 2.893460E+02, 2.892171E+02
2024-06-03 08:15:15,1, 0.000000E+00, 2.886288E+02, 2.891525E+02, 0.000000E+00, 3.304887E+00, 2.950060E+02, 2.895897E+02, 2.891334E+02, 2.892852E+02, 2.891558E+02
2024-06-03 08:30:15,1, 0.000000E+00, 2.886083E+02, 2.891335E+02, 0.000000E+00, 2.757347E+00, 2.949388E+02, 2.895731E+02, 2.891250E+02, 2.892654E+02, 2.891381E+02
2024-06-03 08:45:15,1, 0.000000E+00, 2.885878E+02, 2.891150E+02, 0.000000E+00, 2.556463E+00, 2.948727E+02, 2.895574E+02, 2.891177E+02, 2.892478E+02, 2.891230E+02
2024-06-03 09:00:15,1, 0.000000E+00, 2.885665E+02, 2.890964E+02, 0.000000E+00, 2.526920E+00, 2.948083E+02, 2.895413E+02, 2.891093E+02, 2.892300E+02, 2.891072E+02
2024-06-03 09:15:15,1, 0.000000E+00, 2.884971E+02, 2.890259E+02, 0.000000E+00, 3.972286E+00, 2.947460E+02, 2.894336E+02, 2.889730E+02, 2.891601E+02, 2.890327E+02
2024-06-03 09:30:15,1, 0.000000E+00, 2.884276E+02, 2.889377E+02, 0.000000E+00, 4.247457E+00, 2.946904E+02, 2.893105E+02, 2.888235E+02, 2.890625E+02, 2.889274E+02
2024-06-03 09:45:15,1, 0.000000E+00, 2.883582E+02, 2.888491E+02, 0.000000E+00, 4.237609E+00, 2.946377E+02, 2.891874E+02, 2.886744E+02, 2.889637E+02, 2.888212E+02
2024-06-03 10:00:15,1, 1.812060E+01, 2.882926E+02, 2.887656E+02, 2.212384E+00, 3.886932E+00, 2.945868E+02, 2.891554E+02, 2.886858E+02, 2.888858E+02, 2.887417E+02
2024-06-03 10:15:15,1, 2.927369E+01, 2.884510E+02, 2.889658E+02, 3.396259E+00, 2.587984E-01, 2.945873E+02, 2.894899E+02, 2.891035E+02, 2.891730E+02, 2.890964E+02
2024-06-03 10:30:15,1, 4.058530E+01, 2.886094E+02, 2.891740E+02, 4.455350E+00,-5.751590E-01, 2.946036E+02, 2.897740E+02, 2.894431E+02, 2.894410E+02, 2.893944E+02
2024-06-03 10:45:15,1, 5.200698E+01, 2.887677E+02, 2.893806E+02, 5.382774E+00, 4.746434E-01, 2.946364E+02, 2.900584E+02, 2.897811E+02, 2.897059E+02, 2.896865E+02
2024-06-03 11:00:15,1, 9.131371E+01, 2.889261E+02, 2.895935E+02, 7.566496E+00, 2.665289E+00, 2.946875E+02, 2.904685E+02, 2.903325E+02, 2.900008E+02, 2.900153E+02
2024-06-03 11:15:15,1, 1.078461E+02, 2.890796E+02, 2.898856E+02, 8.220517E+00, 1.601127E+01, 2.948083E+02, 2.908998E+02, 2.908140E+02, 2.904654E+02, 2.905439E+02
2024-06-03 11:30:15,1, 1.243249E+02, 2.892332E+02, 2.900872E+02, 8.710491E+00, 2.048904E+01, 2.949355E+02, 2.911705E+02, 2.911217E+02, 2.907370E+02, 2.908329E+02
2024-06-03 11:45:15,1, 1.406797E+02, 2.893868E+02, 2.902861E+02, 9.110842E+00, 2.360461E+01, 2.950706E+02, 2.914340E+02, 2.914230E+02, 2.909985E+02, 2.911126E+02
2024-06-03 12:00:15,1, 1.783807E+02, 2.895413E+02, 2.904896E+02, 9.703827E+00, 2.655301E+01, 2.952162E+02, 2.917898E+02, 2.918806E+02, 2.912792E+02, 2.914176E+02
2024-06-03 12:15:15,1, 1.964613E+02, 2.897501E+02, 2.907968E+02, 1.004475E+01, 3.095013E+01, 2.954160E+02, 2.922092E+02, 2.923460E+02, 2.917180E+02, 2.919026E+02
2024-06-03 12:30:15,1, 2.141650E+02, 2.899590E+02, 2.910507E+02, 1.028717E+01, 3.401375E+01, 2.956213E+02, 2.925291E+02, 2.927040E+02, 2.920380E+02, 2.922419E+02
2024-06-03 12:45:15,1, 2.314159E+02, 2.901678E+02, 2.913022E+02, 1.044448E+01, 3.703000E+01, 2.958329E+02, 2.928453E+02, 2.930611E+02, 2.923515E+02, 2.925735E+02
2024-06-03 13:00:15,1, 2.939147E+02, 2.903779E+02, 2.915644E+02, 1.072947E+01, 4.006042E+01, 2.960546E+02, 2.933576E+02, 2.937232E+02, 2.927103E+02, 2.929583E+02
2024-06-03 13:15:15,1, 3.130156E+02, 2.906639E+02, 2.920003E+02, 1.085876E+01, 4.542138E+01, 2.963829E+02, 2.939775E+02, 2.943973E+02, 2.933587E+02, 2.936691E+02
2024-06-03 13:30:15,1, 3.313261E+02, 2.909498E+02, 2.923326E+02, 1.087592E+01, 4.841121E+01, 2.967033E+02, 2.944046E+02, 2.948733E+02, 2.937748E+02, 2.941061E+02
2024-06-03 13:45:15,1, 3.487678E+02, 2.912358E+02, 2.926602E+02, 1.089813E+01, 5.149870E+01, 2.970207E+02, 2.948222E+02, 2.953382E+02, 2.941817E+02, 2.945336E+02
2024-06-03 14:00:15,1, 3.992808E+02, 2.915218E+02, 2.929929E+02, 1.096337E+01, 5.461865E+01, 2.973407E+02, 2.953726E+02, 2.960007E+02, 2.946182E+02, 2.949941E+02
2024-06-03 14:15:15,1, 4.162069E+02, 2.918099E+02, 2.933845E+02, 1.098263E+01, 5.830540E+01, 2.977422E+02, 2.959288E+02, 2.965978E+02, 2.952034E+02, 2.956213E+02
2024-06-03 14:30:15,1, 4.319519E+02, 2.920980E+02, 2.936998E+02, 1.095793E+01, 6.073212E+01, 2.981325E+02, 2.963455E+02, 2.970552E+02, 2.956149E+02, 2.960530E+02
2024-06-03 14:45:15,1, 4.464485E+02, 2.923861E+02, 2.940092E+02, 1.093963E+01, 6.321623E+01, 2.985139E+02, 2.967520E+02, 2.975050E+02, 2.960197E+02, 2.964807E+02
2024-06-03 15:00:15,1, 4.756682E+02, 2.926729E+02, 2.943166E+02, 1.093128E+01, 6.558997E+01, 2.988891E+02, 2.972104E+02, 2.980435E+02, 2.964320E+02, 2.969257E+02
2024-06-03 15:15:15,1, 4.878995E+02, 2.928850E+02, 2.945830E+02, 1.089442E+01, 6.612133E+01, 2.992953E+02, 2.976058E+02, 2.984974E+02, 2.968418E+02, 2.973897E+02
2024-06-03 15:30:15,1, 4.986638E+02, 2.930972E+02, 2.948036E+02, 1.086174E+01, 6.747770E+01, 2.996831E+02, 2.979237E+02, 2.988787E+02, 2.971493E+02, 2.977491E+02
2024-06-03 15:45:15,1, 5.079149E+02, 2.933093E+02, 2.950180E+02, 1.083236E+01, 6.886937E+01, 3.000549E+02, 2.982219E+02, 2.992657E+02, 2.974434E+02, 2.981202E+02
2024-06-03 16:00:15,1, 5.872391E+02, 2.935217E+02, 2.952406E+02, 1.084037E+01, 7.090042E+01, 3.004188E+02, 2.987904E+02, 3.000721E+02, 2.977975E+02, 2.985937E+02
2024-06-03 16:15:15,1, 5.942009E+02, 2.937500E+02, 2.955845E+02, 1.068607E+01, 8.272199E+01, 3.009641E+02, 2.993233E+02, 3.006539E+02, 2.984157E+02, 2.993188E+02
2024-06-03 16:30:15,1, 5.993267E+02, 2.939783E+02, 2.958304E+02, 1.058504E+01, 8.384221E+01, 3.014664E+02, 2.995699E+02, 3.008909E+02, 2.986859E+02, 2.995866E+02
2024-06-03 16:45:15,1, 6.025948E+02, 2.942066E+02, 2.960885E+02, 1.050234E+01, 8.560020E+01, 3.019320E+02, 2.998081E+02, 3.011133E+02, 2.989601E+02, 2.998561E+02
2024-06-03 17:00:15,1, 6.574635E+02, 2.944349E+02, 2.963214E+02, 1.045063E+01, 8.703160E+01, 3.023659E+02, 3.001978E+02, 3.015385E+02, 2.992444E+02, 3.001300E+02
2024-06-03 17:15:15,1, 6.569395E+02, 2.946638E+02, 2.966620E+02, 1.027338E+01, 8.701118E+01, 3.029226E+02, 3.006231E+02, 3.019437E+02, 2.997438E+02, 3.006387E+02
2024-06-03 17:30:15,1, 6.543737E+02, 2.948927E+02, 2.968834E+02, 1.019323E+01, 8.780247E+01, 3.034195E+02, 3.008145E+02, 3.021053E+02, 2.999652E+02, 3.008491E+02
2024-06-03 17:45:15,1, 6.497771E+02, 2.951216E+02, 2.970932E+02, 1.013447E+01, 8.856488E+01, 3.038632E+02, 3.009762E+02, 3.022318E+02, 3.001616E+02, 3.010324E+02
2024-06-03 18:00:15,1, 7.632679E+02, 2.953493E+02, 2.973142E+02, 1.011963E+01, 9.029517E+01, 3.042730E+02, 3.015055E+02, 3.027727E+02, 3.004513E+02, 3.012862E+02
2024-06-03 18:15:15,1, 7.530734E+02, 2.955015E+02, 2.977333E+02, 9.785200E+00, 1.031666E+02, 3.050094E+02, 3.020511E+02, 3.032249E+02, 3.011684E+02, 3.019803E+02
2024-06-03 18:30:15,1, 7.405695E+02, 2.956537E+02, 2.978446E+02, 9.734326E+00, 1.046657E+02, 3.056124E+02, 3.020662E+02, 3.031600E+02, 3.012534E+02, 3.020414E+02
2024-06-03 18:45:15,1, 7.258098E+02, 2.958059E+02, 2.979226E+02, 9.718988E+00, 1.052485E+02, 3.061029E+02, 3.020276E+02, 3.030407E+02, 3.012801E+02, 3.020429E+02
2024-06-03 19:00:15,1, 6.615822E+02, 2.959564E+02, 2.979882E+02, 9.705903E+00, 1.050022E+02, 3.064937E+02, 3.018089E+02, 3.027239E+02, 3.012458E+02, 3.019918E+02
2024-06-03 19:15:15,1, 6.437818E+02, 2.960023E+02, 2.978974E+02, 9.829634E+00, 9.733186E+01, 3.066574E+02, 3.015382E+02, 3.024118E+02, 3.009769E+02, 3.017069E+02
2024-06-03 19:30:15,1, 6.240790E+02, 2.960483E+02, 2.978733E+02, 9.871753E+00, 9.639167E+01, 3.067721E+02, 3.014061E+02, 3.022277E+02, 3.008784E+02, 3.015894E+02
2024-06-03 19:45:15,1, 6.025582E+02, 2.960942E+02, 2.978707E+02, 9.910223E+00, 9.566994E+01, 3.068423E+02, 3.012750E+02, 3.020442E+02, 3.007950E+02, 3.014870E+02
2024-06-03 20:00:15,1, 5.331982E+02, 2.961388E+02, 2.978649E+02, 9.925474E+00, 9.452202E+01, 3.068658E+02, 3.009697E+02, 3.016413E+02, 3.006652E+02, 3.013423E+02
2024-06-03 20:15:15,1, 5.103050E+02, 2.961053E+02, 2.977463E+02, 1.006206E+01, 8.787292E+01, 3.067284E+02, 3.006342E+02, 3.012278E+02, 3.003165E+02, 3.009159E+02
2024-06-03 20:30:15,1, 4.860129E+02, 2.960718E+02, 2.976834E+02, 1.011897E+01, 8.669389E+01, 3.066033E+02, 3.004485E+02, 3.009702E+02, 3.001484E+02, 3.006807E+02
2024-06-03 20:45:15,1, 4.604260E+02, 2.960383E+02, 2.976178E+02, 1.016460E+01, 8.533508E+01, 3.064760E+02, 3.002565E+02, 3.007139E+02, 2.999775E+02, 3.004538E+02
2024-06-03 21:00:15,1, 4.084604E+02, 2.960037E+02, 2.975429E+02, 1.017212E+01, 8.359808E+01, 3.063354E+02, 2.999568E+02, 3.003136E+02, 2.997737E+02, 3.002013E+02
2024-06-03 21:15:15,1, 3.822351E+02, 2.959073E+02, 2.973468E+02, 1.026406E+01, 7.738916E+01, 3.061096E+02, 2.995345E+02, 2.998224E+02, 2.993952E+02, 2.997952E+02
2024-06-03 21:30:15,1, 3.551138E+02, 2.958110E+02, 2.971778E+02, 1.032342E+01, 7.437355E+01, 3.058574E+02, 2.991869E+02, 2.994116E+02, 2.991091E+02, 2.995038E+02
2024-06-03 21:45:15,1, 3.272124E+02, 2.957146E+02, 2.970054E+02, 1.036087E+01, 7.108067E+01, 3.055817E+02, 2.988286E+02, 2.989879E+02, 2.988146E+02, 2.992032E+02
2024-06-03 22:00:15,1, 2.342507E+02, 2.956162E+02, 2.968138E+02, 1.004959E+01, 6.615061E+01, 3.052799E+02, 2.981812E+02, 2.980682E+02, 2.984385E+02, 2.988037E+02
2024-06-03 22:15:15,1, 2.114257E+02, 2.953987E+02, 2.964027E+02, 1.008713E+01, 3.740604E+01, 3.048417E+02, 2.974999E+02, 2.972710E+02, 2.976909E+02, 2.979603E+02
2024-06-03 22:30:15,1, 1.882762E+02, 2.951812E+02, 2.961215E+02, 1.003642E+01, 3.069523E+01, 3.044276E+02, 2.971075E+02, 2.968045E+02, 2.972895E+02, 2.975517E+02
2024-06-03 22:45:15,1, 1.649015E+02, 2.949637E+02, 2.958481E+02, 9.857238E+00, 2.442264E+01, 3.040263E+02, 2.967214E+02, 2.963345E+02, 2.968863E+02, 2.971074E+02
2024-06-03 23:00:15,1, 1.314528E+02, 2.947461E+02, 2.955724E+02, 9.266051E+00, 1.824182E+01, 3.036315E+02, 2.962979E+02, 2.957818E+02, 2.964700E+02, 2.966452E+02
2024-06-03 23:15:15,1, 1.095835E+02, 2.945236E+02, 2.952617E+02, 8.668439E+00, 2.275889E+01, 3.032268E+02, 2.958722E+02, 2.952759E+02, 2.960049E+02, 2.961377E+02
2024-06-03 23:30:15,1, 8.778495E+01, 2.943011E+02, 2.949805E+02, 7.739239E+00, 1.829716E+01, 3.028284E+02, 2.954811E+02, 2.948025E+02, 2.955866E+02, 2.956352E+02
2024-06-03 23:45:15,1, 6.615060E+01, 2.940786E+02, 2.946993E+02, 6.411698E+00, 1.249391E+01, 3.024353E+02, 2.951005E+02, 2.943643E+02, 2.951732E+02, 2.951462E+02
2024-06-03 00:00:15,2, 5.465927E+00, 2.918828E+02, 2.924448E+02, 6.764164E-01, 1.040543E+01, 2.985012E+02, 2.927829E+02, 2.922290E+02, 2.926608E+02, 2.925383E+02
2024-06-03 00:15:15,2, 2.898668E+00, 2.916586E+02, 2.921760E+02, 3.643522E-01, 6.668662E+00, 2.983165E+02, 2.925020E+02, 2.919539E+02, 2.923327E+02, 2.921821E+02
2024-06-03 00:30:15,2, 3.849302E-01, 2.914343E+02, 2.919477E+02, 4.883528E-02, 5.898112E+00, 2.981389E+02, 2.922684E+02, 2.917103E+02, 2.920937E+02, 2.919388E+02
2024-06-03 00:45:15,2, 0.000000E+00, 2.912101E+02, 2.917286E+02, 0.000000E+00, 5.649791E+00, 2.979701E+02, 2.920640E+02, 2.915055E+02, 2.918730E+02, 2.917175E+02
2024-06-03 01:00:15,2, 0.000000E+00, 2.909875E+02, 2.915158E+02, 0.000000E+00, 5.466415E+00, 2.978124E+02, 2.918705E+02, 2.913136E+02, 2.916641E+02, 2.915100E+02
2024-06-03 01:15:15,2, 0.000000E+00, 2.908618E+02, 2.913704E+02, 0.000000E+00, 4.259082E+00, 2.976658E+02, 2.917333E+02, 2.911807E+02, 2.915078E+02, 2.913537E+02
2024-06-03 01:30:15,2, 0.000000E+00, 2.907361E+02, 2.912483E+02, 0.000000E+00, 4.039777E+00, 2.975290E+02, 2.916183E+02, 2.910704E+02, 2.913860E+02, 2.912334E+02
2024-06-03 01:45:15,2, 0.000000E+00, 2.906104E+02, 2.911274E+02, 0.000000E+00, 3.899236E+00, 2.974009E+02, 2.915052E+02, 2.909618E+02, 2.912665E+02, 2.911155E+02
2024-06-03 02:00:15,2, 0.000000E+00, 2.904853E+02, 2.910067E+02, 0.000000E+00, 3.765060E+00, 2.972802E+02, 2.913936E+02, 2.908554E+02, 2.911475E+02, 2.909980E+02
2024-06-03 02:15:15,2, 0.000000E+00, 2.903986E+02, 2.909148E+02, 0.000000E+00, 3.593686E+00, 2.971707E+02, 2.913119E+02, 2.907832E+02, 2.910522E+02, 2.909042E+02
2024-06-03 02:30:15,2, 0.000000E+00, 2.903120E+02, 2.908328E+02, 0.000000E+00, 3.616711E+00, 2.970762E+02, 2.912409E+02, 2.907207E+02, 2.909722E+02, 2.908266E+02
2024-06-03 02:45:15,2, 0.000000E+00, 2.902253E+02, 2.907518E+02, 0.000000E+00, 3.597057E+00, 2.969920E+02, 2.911719E+02, 2.906598E+02, 2.908940E+02, 2.907509E+02
2024-06-03 03:00:15,2, 0.000000E+00, 2.901396E+02, 2.906713E+02, 0.000000E+00, 3.553405E+00, 2.969152E+02, 2.911041E+02, 2.905998E+02, 2.908166E+02, 2.906758E+02
2024-06-03 03:15:15,2, 0.000000E+00, 2.901115E+02, 2.906279E+02, 0.000000E+00, 3.858786E+00, 2.968464E+02, 2.910590E+02, 2.905578E+02, 2.907660E+02, 2.906248E+02
2024-06-03 03:30:15,2, 0.000000E+00, 2.900835E+02, 2.905975E+02, 0.000000E+00, 4.107179E+00, 2.967864E+02, 2.910257E+02, 2.905266E+02, 2.907339E+02, 2.905931E+02
2024-06-03 03:45:15,2, 0.000000E+00, 2.900554E+02, 2.905681E+02, 0.000000E+00, 4.216636E+00, 2.967325E+02, 2.909940E+02, 2.904967E+02, 2.907038E+02, 2.905635E+02
2024-06-03 04:00:15,2, 0.000000E+00, 2.900264E+02, 2.905391E+02, 0.000000E+00, 4.272696E+00, 2.966833E+02, 2.909631E+02, 2.904675E+02, 2.906743E+02, 2.905345E+02
2024-06-03 04:15:15,2, 0.000000E+00, 2.899405E+02, 2.904724E+02, 0.000000E+00, 3.894581E+00, 2.966146E+02, 2.909041E+02, 2.904125E+02, 2.906166E+02, 2.904794E+02
2024-06-03 04:30:15,2, 0.000000E+00, 2.898547E+02, 2.903911E+02, 0.000000E+00, 3.518088E+00, 2.965030E+02, 2.908276E+02, 2.903426E+02, 2.905374E+02, 2.904025E+02
2024-06-03 04:45:15,2, 0.000000E+00, 2.897688E+02, 2.903077E+02, 0.000000E+00, 3.315326E+00, 2.963727E+02, 2.907473E+02, 2.902699E+02, 2.904547E+02, 2.903222E+02
2024-06-03 05:00:15,2, 0.000000E+00, 2.896836E+02, 2.902238E+02, 0.000000E+00, 3.192287E+00, 2.962366E+02, 2.906657E+02, 2.901963E+02, 2.903711E+02, 2.902409E+02
2024-06-03 05:15:15,2, 0.000000E+00, 2.896336E+02, 2.901617E+02, 0.000000E+00, 3.378973E+00, 2.961008E+02, 2.905952E+02, 2.901295E+02, 2.903027E+02, 2.901728E+02
2024-06-03 05:30:15,2, 0.000000E+00, 2.895837E+02, 2.901072E+02, 0.000000E+00, 3.476703E+00, 2.959676E+02, 2.905309E+02, 2.900685E+02, 2.902447E+02, 2.901155E+02
2024-06-03 05:45:15,2, 0.000000E+00, 2.895338E+02, 2.900534E+02, 0.000000E+00, 3.489124E+00, 2.958391E+02, 2.904677E+02, 2.900083E+02, 2.901878E+02, 2.900595E+02
2024-06-03 06:00:15,2, 0.000000E+00, 2.894835E+02, 2.899998E+02, 0.000000E+00, 3.471519E+00, 2.957159E+02, 2.904054E+02, 2.899488E+02, 2.901315E+02, 2.900039E+02
2024-06-03 06:15:15,2, 0.000000E+00, 2.894140E+02, 2.899322E+02, 0.000000E+00, 3.345963E+00, 2.956033E+02, 2.903288E+02, 2.898716E+02, 2.900635E+02, 2.899364E+02
2024-06-03 06:30:15,2, 0.000000E+00, 2.893445E+02, 2.898603E+02, 0.000000E+00, 3.214887E+00, 2.955100E+02, 2.902512E+02, 2.897927E+02, 2.899897E+02, 2.898623E+02
2024-06-03 06:45:15,2, 0.000000E+00, 2.892750E+02, 2.897882E+02, 0.000000E+00, 3.165171E+00, 2.954283E+02, 2.901748E+02, 2.897144E+02, 2.899160E+02, 2.897880E+02
2024-06-03 07:00:15,2, 0.000000E+00, 2.892044E+02, 2.897158E+02, 0.000000E+00, 3.180761E+00, 2.953530E+02, 2.900991E+02, 2.896370E+02, 2.898424E+02, 2.897137E+02
2024-06-03 07:15:15,2, 0.000000E+00, 2.890651E+02, 2.895968E+02, 0.000000E+00, 5.057171E+00, 2.952811E+02, 2.899957E+02, 2.895373E+02, 2.897351E+02, 2.896088E+02
2024-06-03 07:30:15,2, 0.000000E+00, 2.889258E+02, 2.894641E+02, 0.000000E+00, 5.598777E+00, 2.952108E+02, 2.898801E+02, 2.894254E+02, 2.896073E+02, 2.894821E+02
2024-06-03 07:45:15,2, 0.000000E+00, 2.887866E+02, 2.893316E+02, 0.000000E+00, 5.766742E+00, 2.951415E+02, 2.897645E+02, 2.893134E+02, 2.894792E+02, 2.893550E+02
2024-06-03 08:00:15,2, 0.000000E+00, 2.886493E+02, 2.891995E+02, 0.000000E+00, 5.700270E+00, 2.950729E+02, 2.896493E+02, 2.892021E+02, 2.893516E+02, 2.892291E+02
2024-06-03 08:15:15,2, 0.000000E+00, 2.886288E+02, 2.891525E+02, 0.000000E+00, 3.304561E+00, 2.950059E+02, 2.896076E+02, 2.891694E+02, 2.892903E+02, 2.891661E+02
2024-06-03 08:30:15,2, 0.000000E+00, 2.886083E+02, 2.891335E+02, 0.000000E+00, 2.757399E+00, 2.949387E+02, 2.895906E+02, 2.891603E+02, 2.892704E+02, 2.891479E+02
2024-06-03 08:45:15,2, 0.000000E+00, 2.885878E+02, 2.891151E+02, 0.000000E+00, 2.556883E+00, 2.948726E+02, 2.895745E+02, 2.891517E+02, 2.892526E+02, 2.891322E+02
2024-06-03 09:00:15,2, 0.000000E+00, 2.885665E+02, 2.890964E+02, 0.000000E+00, 2.527262E+00, 2.948082E+02, 2.895579E+02, 2.891422E+02, 2.892347E+02, 2.891163E+02
2024-06-03 09:15:15,2, 0.000000E+00, 2.884971E+02, 2.890260E+02, 0.000000E+00, 3.972321E+00, 2.947459E+02, 2.894513E+02, 2.890077E+02, 2.891653E+02, 2.890434E+02
2024-06-03 09:30:15,2, 0.000000E+00, 2.884276E+02, 2.889379E+02, 0.000000E+00, 4.247782E+00, 2.946903E+02, 2.893290E+02, 2.888592E+02, 2.890679E+02, 2.889381E+02
2024-06-03 09:45:15,2, 0.000000E+00, 2.883582E+02, 2.888492E+02, 0.000000E+00, 4.237624E+00, 2.946376E+02, 2.892067E+02, 2.887117E+02, 2.889694E+02, 2.888322E+02
2024-06-03 10:00:15,2, 1.812060E+01, 2.882926E+02, 2.887658E+02, 2.214249E+00, 3.887210E+00, 2.945867E+02, 2.891728E+02, 2.887173E+02, 2.888913E+02, 2.887522E+02
2024-06-03 10:15:15,2, 2.927369E+01, 2.884510E+02, 2.889658E+02, 3.400370E+00, 2.644292E-01, 2.945872E+02, 2.895035E+02, 2.891280E+02, 2.891754E+02, 2.891006E+02
2024-06-03 10:30:15,2, 4.058530E+01, 2.886094E+02, 2.891741E+02, 4.462771E+00,-5.679568E-01, 2.946035E+02, 2.897846E+02, 2.894614E+02, 2.894421E+02, 2.893962E+02
2024-06-03 10:45:15,2, 5.200698E+01, 2.887677E+02, 2.893807E+02, 5.393725E+00, 4.832344E-01, 2.946363E+02, 2.900674E+02, 2.897938E+02, 2.897064E+02, 2.896860E+02
2024-06-03 11:00:15,2, 9.131371E+01, 2.889261E+02, 2.895936E+02, 7.580583E+00, 2.675476E+00, 2.946873E+02, 2.904710E+02, 2.903305E+02, 2.899997E+02, 2.900114E+02
2024-06-03 11:15:15,2, 1.078461E+02, 2.890796E+02, 2.898858E+02, 8.231082E+00, 1.602284E+01, 2.948082E+02, 2.908989E+02, 2.908051E+02, 2.904618E+02, 2.905347E+02
2024-06-03 11:30:15,2, 1.243249E+02, 2.892332E+02, 2.900874E+02, 8.717745E+00, 2.050088E+01, 2.949353E+02, 2.911674E+02, 2.911081E+02, 2.907326E+02, 2.908221E+02
2024-06-03 11:45:15,2, 1.406797E+02, 2.893868E+02, 2.902863E+02, 9.116134E+00, 2.361653E+01, 2.950704E+02, 2.914288E+02, 2.914051E+02, 2.909933E+02, 2.911002E+02
2024-06-03 12:00:15,2, 1.783807E+02, 2.895413E+02, 2.904899E+02, 9.708075E+00, 2.656561E+01, 2.952159E+02, 2.917800E+02, 2.918528E+02, 2.912729E+02, 2.914026E+02
2024-06-03 12:15:15,2, 1.964613E+02, 2.897501E+02, 2.907971E+02, 1.004938E+01, 3.096485E+01, 2.954157E+02, 2.921967E+02, 2.923128E+02, 2.917098E+02, 2.918834E+02
2024-06-03 12:30:15,2, 2.141650E+02, 2.899590E+02, 2.910510E+02, 1.029220E+01, 3.403100E+01, 2.956209E+02, 2.925146E+02, 2.926668E+02, 2.920291E+02, 2.922212E+02
2024-06-03 12:45:15,2, 2.314159E+02, 2.901678E+02, 2.913025E+02, 1.045121E+01, 3.705943E+01, 2.958325E+02, 2.928286E+02, 2.930188E+02, 2.923418E+02, 2.925513E+02
2024-06-03 13:00:15,2, 2.939147E+02, 2.903779E+02, 2.915647E+02, 1.073532E+01, 4.007808E+01, 2.960541E+02, 2.933345E+02, 2.936664E+02, 2.926993E+02, 2.929326E+02
2024-06-03 13:15:15,2, 3.130156E+02, 2.906639E+02, 2.920005E+02, 1.086467E+01, 4.544610E+01, 2.963823E+02, 2.939510E+02, 2.943335E+02, 2.933451E+02, 2.936371E+02
2024-06-03 13:30:15,2, 3.313261E+02, 2.909498E+02, 2.923328E+02, 1.088191E+01, 4.843913E+01, 2.967026E+02, 2.943758E+02, 2.948044E+02, 2.937603E+02, 2.940722E+02
2024-06-03 13:45:15,2, 3.487678E+02, 2.912358E+02, 2.926604E+02, 1.090415E+01, 5.152911E+01, 2.970199E+02, 2.947912E+02, 2.952644E+02, 2.941663E+02, 2.944978E+02
2024-06-03 14:00:15,2, 3.992808E+02, 2.915218E+02, 2.929932E+02, 1.096962E+01, 5.465113E+01, 2.973398E+02, 2.953369E+02, 2.959153E+02, 2.946016E+02, 2.949551E+02
2024-06-03 14:15:15,2, 4.162069E+02, 2.918099E+02, 2.933847E+02, 1.098890E+01, 5.833870E+01, 2.977412E+02, 2.958905E+02, 2.965068E+02, 2.951849E+02, 2.955775E+02
2024-06-03 14:30:15,2, 4.319519E+02, 2.920980E+02, 2.937000E+02, 1.096419E+01, 6.076751E+01, 2.981314E+02, 2.963053E+02, 2.969596E+02, 2.955956E+02, 2.960072E+02
2024-06-03 14:45:15,2, 4.464485E+02, 2.923861E+02, 2.940093E+02, 1.094587E+01, 6.325352E+01, 2.985127E+02, 2.967097E+02, 2.974050E+02, 2.959994E+02, 2.964328E+02
2024-06-03 15:00:15,2, 4.756682E+02, 2.926729E+02, 2.943167E+02, 1.093753E+01, 6.562919E+01, 2.988878E+02, 2.971650E+02, 2.979359E+02, 2.964105E+02, 2.968749E+02
2024-06-03 15:15:15,2, 4.878995E+02, 2.928850E+02, 2.945831E+02, 1.090071E+01, 6.616167E+01, 2.992938E+02, 2.975585E+02, 2.983850E+02, 2.968190E+02, 2.973354E+02
2024-06-03 15:30:15,2, 4.986638E+02, 2.930972E+02, 2.948037E+02, 1.086804E+01, 6.751943E+01, 2.996815E+02, 2.978746E+02, 2.987620E+02, 2.971254E+02, 2.976924E+02
2024-06-03 15:45:15,2, 5.079149E+02, 2.933093E+02, 2.950181E+02, 1.083841E+01, 6.890819E+01, 3.000531E+02, 2.981661E+02, 2.991440E+02, 2.974131E+02, 2.980606E+02
2024-06-03 16:00:15,2, 5.872391E+02, 2.935217E+02, 2.952400E+02, 1.084686E+01, 7.094883E+01, 3.004169E+02, 2.987297E+02, 2.999326E+02, 2.977651E+02, 2.985274E+02
2024-06-03 16:15:15,2, 5.942009E+02, 2.937500E+02, 2.955842E+02, 1.069412E+01, 8.276557E+01, 3.009622E+02, 2.992529E+02, 3.004783E+02, 2.983737E+02, 2.992142E+02
2024-06-03 16:30:15,2, 5.993267E+02, 2.939783E+02, 2.958301E+02, 1.059315E+01, 8.388820E+01, 3.014644E+02, 2.994998E+02, 3.007157E+02, 2.986439E+02, 2.994818E+02
2024-06-03 16:45:15,2, 6.025948E+02, 2.942066E+02, 2.960880E+02, 1.051044E+01, 8.564714E+01, 3.019299E+02, 2.997386E+02, 3.009391E+02, 2.989182E+02, 2.997515E+02
2024-06-03 17:00:15,2, 6.574635E+02, 2.944349E+02, 2.963209E+02, 1.045875E+01, 8.707835E+01, 3.023638E+02, 3.001272E+02, 3.013575E+02, 2.992024E+02, 3.000242E+02
2024-06-03 17:15:15,2, 6.569395E+02, 2.946638E+02, 2.966607E+02, 1.028261E+01, 8.705977E+01, 3.029204E+02, 3.005520E+02, 3.017605E+02, 2.997004E+02, 3.005272E+02
2024-06-03 17:30:15,2, 6.543737E+02, 2.948927E+02, 2.968821E+02, 1.020243E+01, 8.785066E+01, 3.034172E+02, 3.007446E+02, 3.019247E+02, 2.999223E+02, 3.007386E+02
2024-06-03 17:45:15,2, 6.497771E+02, 2.951216E+02, 2.970920E+02, 1.014361E+01, 8.861317E+01, 3.038608E+02, 3.009078E+02, 3.020544E+02, 3.001193E+02, 3.009232E+02
2024-06-03 18:00:15,2, 7.632679E+02, 2.953493E+02, 2.973127E+02, 1.012878E+01, 9.033980E+01, 3.042705E+02, 3.014377E+02, 3.025845E+02, 3.004095E+02, 3.011752E+02
2024-06-03 18:15:15,2, 7.530734E+02, 2.955015E+02, 2.977281E+02, 9.798248E+00, 1.032272E+02, 3.050069E+02, 3.019827E+02, 3.030344E+02, 3.011238E+02, 3.018568E+02
2024-06-03 18:30:15,2, 7.405695E+02, 2.956537E+02, 2.978392E+02, 9.747151E+00, 1.047014E+02, 3.056097E+02, 3.020011E+02, 3.029772E+02, 3.012095E+02, 3.019200E+02
2024-06-03 18:45:15,2, 7.258098E+02, 2.958059E+02, 2.979179E+02, 9.731341E+00, 1.052783E+02, 3.061001E+02, 3.019664E+02, 3.028662E+02, 3.012379E+02, 3.019248E+02
2024-06-03 19:00:15,2, 6.615822E+02, 2.959564E+02, 2.979842E+02, 9.717717E+00, 1.050324E+02, 3.064909E+02, 3.017520E+02, 3.025637E+02, 3.012054E+02, 3.018786E+02
2024-06-03 19:15:15,2, 6.437818E+02, 2.960023E+02, 2.978952E+02, 9.839540E+00, 9.735949E+01, 3.066546E+02, 3.014848E+02, 3.022602E+02, 3.009392E+02, 3.016026E+02
2024-06-03 19:30:15,2, 6.240790E+02, 2.960483E+02, 2.978716E+02, 9.881356E+00, 9.642167E+01, 3.067694E+02, 3.013551E+02, 3.020814E+02, 3.008422E+02, 3.014879E+02
2024-06-03 19:45:15,2, 6.025582E+02, 2.960942E+02, 2.978691E+02, 9.919603E+00, 9.569894E+01, 3.068397E+02, 3.012262E+02, 3.019030E+02, 3.007599E+02, 3.013881E+02
2024-06-03 20:00:15,2, 5.331982E+02, 2.961388E+02, 2.978634E+02, 9.934573E+00, 9.455042E+01, 3.068633E+02, 3.009245E+02, 3.015134E+02, 3.006313E+02, 3.012477E+02
2024-06-03 20:15:15,2, 5.103050E+02, 2.961053E+02, 2.977449E+02, 1.006866E+01, 8.790317E+01, 3.067261E+02, 3.005975E+02, 3.011305E+02, 3.002917E+02, 3.008584E+02
2024-06-03 20:30:15,2, 4.860129E+02, 2.960718E+02, 2.976823E+02, 1.012584E+01, 8.672412E+01, 3.066012E+02, 3.004128E+02, 3.008763E+02, 3.001249E+02, 3.006267E+02
2024-06-03 20:45:15,2, 4.604260E+02, 2.960383E+02, 2.976169E+02, 1.017149E+01, 8.536573E+01, 3.064740E+02, 3.002219E+02, 3.006231E+02, 2.999550E+02, 3.004022E+02
2024-06-03 21:00:15,2, 4.084604E+02, 2.960037E+02, 2.975420E+02, 1.017873E+01, 8.362997E+01, 3.063334E+02, 2.999249E+02, 3.002315E+02, 2.997524E+02, 3.001532E+02
2024-06-03 21:15:15,2, 3.822351E+02, 2.959073E+02, 2.973461E+02, 1.026987E+01, 7.741872E+01, 3.061076E+02, 2.995063E+02, 2.997480E+02, 2.993758E+02, 2.997527E+02
2024-06-03 21:30:15,2, 3.551138E+02, 2.958110E+02, 2.971770E+02, 1.032909E+01, 7.439658E+01, 3.058556E+02, 2.991618E+02, 2.993429E+02, 2.990907E+02, 2.994630E+02
2024-06-03 21:45:15,2, 3.272124E+02, 2.957146E+02, 2.970046E+02, 1.036651E+01, 7.109715E+01, 3.055800E+02, 2.988065E+02, 2.989249E+02, 2.987973E+02, 2.991641E+02
2024-06-03 22:00:15,2, 2.342507E+02, 2.956162E+02, 2.968130E+02, 1.005385E+01, 6.616110E+01, 3.052784E+02, 2.981707E+02, 2.980338E+02, 2.984235E+02, 2.987706E+02
2024-06-03 22:15:15,2, 2.114257E+02, 2.953987E+02, 2.964025E+02, 1.009116E+01, 3.741068E+01, 3.048403E+02, 2.974966E+02, 2.972510E+02, 2.976817E+02, 2.979428E+02
2024-06-03 22:30:15,2, 1.882762E+02, 2.951812E+02, 2.961214E+02, 1.004033E+01, 3.069484E+01, 3.044263E+02, 2.971070E+02, 2.967877E+02, 2.972789E+02, 2.975256E+02
2024-06-03 22:45:15,2, 1.649015E+02, 2.949637E+02, 2.958480E+02, 9.863664E+00, 2.441031E+01, 3.040252E+02, 2.967260E+02, 2.963287E+02, 2.968785E+02, 2.970897E+02
2024-06-03 23:00:15,2, 1.314528E+02, 2.947461E+02, 2.955723E+02, 9.281641E+00, 1.822291E+01, 3.036306E+02, 2.963094E+02, 2.957915E+02, 2.964647E+02, 2.966344E+02
2024-06-03 23:15:15,2, 1.095835E+02, 2.945236E+02, 2.952617E+02, 8.692007E+00, 2.275401E+01, 3.032260E+02, 2.958879E+02, 2.952936E+02, 2.960000E+02, 2.961245E+02
2024-06-03 23:30:15,2, 8.778495E+01, 2.943011E+02, 2.949809E+02, 7.768126E+00, 1.825957E+01, 3.028277E+02, 2.955020E+02, 2.948330E+02, 2.955877E+02, 2.956416E+02
2024-06-03 23:45:15,2, 6.615060E+01, 2.940786E+02, 2.946993E+02, 6.432224E+00, 1.248813E+01, 3.024347E+02, 2.951244E+02, 2.944019E+02, 2.951744E+02, 2.951495E+02
2024-06-04 00:00:15,1, 3.692802E+01, 2.938555E+02, 2.944176E+02, 3.867110E+00, 6.766561E+00, 3.020455E+02, 2.947127E+02, 2.940190E+02, 2.947534E+02, 2.946897E+02
2024-06-04 00:15:15,1, 1.994304E+01, 2.935982E+02, 2.940877E+02, 2.307847E+00, 7.559971E+00, 3.016236E+02, 2.942307E+02, 2.934764E+02, 2.942857E+02, 2.942329E+02
2024-06-04 00:30:15,1, 3.311262E+00, 2.933410E+02, 2.937258E+02, 4.282752E-01, 4.046535E+00, 3.012283E+02, 2.937327E+02, 2.928149E+02, 2.938232E+02, 2.936099E+02
2024-06-04 00:45:15,1, 0.000000E+00, 2.930837E+02, 2.933066E+02, 0.000000E+00, 3.157448E+00, 3.008540E+02, 2.932774E+02, 2.923038E+02, 2.933701E+02, 2.930975E+02
2024-06-04 01:00:15,1, 0.000000E+00, 2.928292E+02, 2.929101E+02, 0.000000E+00, 3.040135E+00, 3.005051E+02, 2.928758E+02, 2.918978E+02, 2.929653E+02, 2.926905E+02
2024-06-04 01:15:15,1, 0.000000E+00, 2.927356E+02, 2.925666E+02, 0.000000E+00, 3.539102E+00, 3.001808E+02, 2.925648E+02, 2.916113E+02, 2.926158E+02, 2.923454E+02
2024-06-04 01:30:15,1, 0.000000E+00, 2.926421E+02, 2.922880E+02, 0.000000E+00, 4.018064E+00, 2.998808E+02, 2.923070E+02, 2.913724E+02, 2.923330E+02, 2.920676E+02
2024-06-04 01:45:15,1, 0.000000E+00, 2.925485E+02, 2.920515E+02, 0.000000E+00, 4.436941E+00, 2.996017E+02, 2.920834E+02, 2.911645E+02, 2.920934E+02, 2.918324E+02
2024-06-04 02:00:15,1, 0.000000E+00, 2.924545E+02, 2.918444E+02, 0.000000E+00, 4.786682E+00, 2.993405E+02, 2.918846E+02, 2.909792E+02, 2.918835E+02, 2.916265E+02
2024-06-04 02:15:15,1, 0.000000E+00, 2.923362E+02, 2.916603E+02, 0.000000E+00, 4.614609E+00, 2.990952E+02, 2.917089E+02, 2.908172E+02, 2.916975E+02, 2.914443E+02
2024-06-04 02:30:15,1, 0.000000E+00, 2.922180E+02, 2.914947E+02, 0.000000E+00, 4.482416E+00, 2.988643E+02, 2.915496E+02, 2.906702E+02, 2.915304E+02, 2.912808E+02
2024-06-04 02:45:15,1, 0.000000E+00, 2.920997E+02, 2.913434E+02, 0.000000E+00, 4.375482E+00, 2.986461E+02, 2.914029E+02, 2.905349E+02, 2.913778E+02, 2.911316E+02
2024-06-04 03:00:15,1, 0.000000E+00, 2.919786E+02, 2.912034E+02, 0.000000E+00, 4.308577E+00, 2.984393E+02, 2.912661E+02, 2.904083E+02, 2.912366E+02, 2.909935E+02
2024-06-04 03:15:15,1, 0.000000E+00, 2.916904E+02, 2.910485E+02, 0.000000E+00, 5.545082E+00, 2.982405E+02, 2.910946E+02, 2.902292E+02, 2.910813E+02, 2.908371E+02
2024-06-04 03:30:15,1, 0.000000E+00, 2.914023E+02, 2.908636E+02, 0.000000E+00, 6.651016E+00, 2.980467E+02, 2.908990E+02, 2.900257E+02, 2.908966E+02, 2.906505E+02
2024-06-04 03:45:15,1, 0.000000E+00, 2.911142E+02, 2.906576E+02, 0.000000E+00, 7.620737E+00, 2.978571E+02, 2.906867E+02, 2.898054E+02, 2.906910E+02, 2.904429E+02
2024-06-04 04:00:15,1, 0.000000E+00, 2.908273E+02, 2.904367E+02, 0.000000E+00, 8.442987E+00, 2.976712E+02, 2.904631E+02, 2.895741E+02, 2.904706E+02, 2.902205E+02
2024-06-04 04:15:15,1, 0.000000E+00, 2.906180E+02, 2.902439E+02, 0.000000E+00, 8.492836E+00, 2.974929E+02, 2.903109E+02, 2.894435E+02, 2.902802E+02, 2.900345E+02
2024-06-04 04:30:15,1, 0.000000E+00, 2.904086E+02, 2.901034E+02, 0.000000E+00, 8.753432E+00, 2.973257E+02, 2.902021E+02, 2.893547E+02, 2.901421E+02, 2.899018E+02
2024-06-04 04:45:15,1, 0.000000E+00, 2.901993E+02, 2.899991E+02, 0.000000E+00, 9.210398E+00, 2.971690E+02, 2.901231E+02, 2.892944E+02, 2.900408E+02, 2.898055E+02
2024-06-04 05:00:15,1, 0.000000E+00, 2.899901E+02, 2.899185E+02, 0.000000E+00, 9.917617E+00, 2.970218E+02, 2.900640E+02, 2.892530E+02, 2.899640E+02, 2.897335E+02
2024-06-04 05:15:15,1, 0.000000E+00, 2.897930E+02, 2.898447E+02, 0.000000E+00, 1.106754E+01, 2.968824E+02, 2.899995E+02, 2.891995E+02, 2.898941E+02, 2.896670E+02
2024-06-04 05:30:15,1, 0.000000E+00, 2.895958E+02, 2.897653E+02, 0.000000E+00, 1.250039E+01, 2.967491E+02, 2.899302E+02, 2.891405E+02, 2.898197E+02, 2.895956E+02
2024-06-04 05:45:15,1, 0.000000E+00, 2.893987E+02, 2.896735E+02, 0.000000E+00, 1.464809E+01, 2.966211E+02, 2.898520E+02, 2.890737E+02, 2.897352E+02, 2.895145E+02
2024-06-04 06:00:15,1, 0.000000E+00, 2.892048E+02, 2.895560E+02, 0.000000E+00, 1.696352E+01, 2.964975E+02, 2.897544E+02, 2.889910E+02, 2.896292E+02, 2.894136E+02
2024-06-04 06:15:15,1, 0.000000E+00, 2.892026E+02, 2.894515E+02, 0.000000E+00, 8.932471E+00, 2.963738E+02, 2.896132E+02, 2.888340E+02, 2.895135E+02, 2.892941E+02
2024-06-04 06:30:15,1, 0.000000E+00, 2.892004E+02, 2.893412E+02, 0.000000E+00, 6.723938E+00, 2.962477E+02, 2.894705E+02, 2.886813E+02, 2.893968E+02, 2.891742E+02
2024-06-04 06:45:15,1, 0.000000E+00, 2.891982E+02, 2.892137E+02, 0.000000E+00, 5.608699E+00, 2.961196E+02, 2.893138E+02, 2.885137E+02, 2.892628E+02, 2.890375E+02
2024-06-04 07:00:15,1, 0.000000E+00, 2.891938E+02, 2.890688E+02, 0.000000E+00, 4.913126E+00, 2.959901E+02, 2.891447E+02, 2.883341E+02, 2.891130E+02, 2.888848E+02
2024-06-04 07:15:15,1, 0.000000E+00, 2.890571E+02, 2.889128E+02, 0.000000E+00, 5.191397E+00, 2.958607E+02, 2.889842E+02, 2.881687E+02, 2.889557E+02, 2.887260E+02
2024-06-04 07:30:15,1, 0.000000E+00, 2.889203E+02, 2.887527E+02, 0.000000E+00, 5.391691E+00, 2.957327E+02, 2.888209E+02, 2.880005E+02, 2.887947E+02, 2.885637E+02
2024-06-04 07:45:15,1, 0.000000E+00, 2.887835E+02, 2.885898E+02, 0.000000E+00, 5.534922E+00, 2.956058E+02, 2.886554E+02, 2.878301E+02, 2.886310E+02, 2.883987E+02
2024-06-04 08:00:15,1, 0.000000E+00, 2.886479E+02, 2.884247E+02, 0.000000E+00, 5.587705E+00, 2.954799E+02, 2.884886E+02, 2.876591E+02, 2.884653E+02, 2.882318E+02
2024-06-04 08:15:15,1, 0.000000E+00, 2.885829E+02, 2.882753E+02, 0.000000E+00, 5.248249E+00, 2.953567E+02, 2.883530E+02, 2.875312E+02, 2.883151E+02, 2.880831E+02
2024-06-04 08:30:15,1, 0.000000E+00, 2.885179E+02, 2.881508E+02, 0.000000E+00, 5.052207E+00, 2.952376E+02, 2.882382E+02, 2.874231E+02, 2.881903E+02, 2.879600E+02
2024-06-04 08:45:15,1, 0.000000E+00, 2.884529E+02, 2.880436E+02, 0.000000E+00, 4.934219E+00, 2.951223E+02, 2.881372E+02, 2.873280E+02, 2.880825E+02, 2.878539E+02
2024-06-04 09:00:15,1, 0.000000E+00, 2.883879E+02, 2.879488E+02, 0.000000E+00, 4.859379E+00, 2.950107E+02, 2.880461E+02, 2.872423E+02, 2.879872E+02, 2.877601E+02
2024-06-04 09:15:15,1, 0.000000E+00, 2.883258E+02, 2.878467E+02, 0.000000E+00, 4.593615E+00, 2.949004E+02, 2.879268E+02, 2.871159E+02, 2.878834E+02, 2.876550E+02
2024-06-04 09:30:15,1, 0.000000E+00, 2.882636E+02, 2.877255E+02, 0.000000E+00, 4.344681E+00, 2.947895E+02, 2.877916E+02, 2.869742E+02, 2.877602E+02, 2.875302E+02
2024-06-04 09:45:15,1, 0.000000E+00, 2.882014E+02, 2.875910E+02, 0.000000E+00, 4.122856E+00, 2.946781E+02, 2.876462E+02, 2.868225E+02, 2.876240E+02, 2.873922E+02
2024-06-04 10:00:15,1, 4.532946E+01, 2.881453E+02, 2.874634E+02, 4.688009E+00, 3.859172E+00, 2.945687E+02, 2.878071E+02, 2.873240E+02, 2.875289E+02, 2.873258E+02
2024-06-04 10:15:15,1, 7.284192E+01, 2.884473E+02, 2.881706E+02, 6.476127E+00, 1.837543E+00, 2.945734E+02, 2.887246E+02, 2.884532E+02, 2.883974E+02, 2.884135E+02
2024-06-04 10:30:15,1, 1.007468E+02, 2.887492E+02, 2.889455E+02, 7.737638E+00, 9.304622E-01, 2.946268E+02, 2.895304E+02, 2.893500E+02, 2.892853E+02, 2.893881E+02
2024-06-04 10:45:15,1, 1.289247E+02, 2.890512E+02, 2.896255E+02, 8.614627E+00, 2.640017E+00, 2.947223E+02, 2.902756E+02, 2.901516E+02, 2.901173E+02, 2.902580E+02
2024-06-04 11:00:15,1, 1.873627E+02, 2.893627E+02, 2.900473E+02, 9.401447E+00, 4.407170E+00, 2.948520E+02, 2.909859E+02, 2.911324E+02, 2.907187E+02, 2.909346E+02
2024-06-04 11:15:15,1, 2.211538E+02, 2.902384E+02, 2.909822E+02, 1.013536E+01, 2.065502E+00, 2.950679E+02, 2.921037E+02, 2.923774E+02, 2.918541E+02, 2.922226E+02
2024-06-04 11:30:15,1, 2.548372E+02, 2.911140E+02, 2.919182E+02, 1.071930E+01, 6.499627E+00, 2.953453E+02, 2.931390E+02, 2.934705E+02, 2.929390E+02, 2.933474E+02
2024-06-04 11:45:15,1, 2.882685E+02, 2.919896E+02, 2.928463E+02, 1.118533E+01, 1.251585E+01, 2.956794E+02, 2.941629E+02, 2.945565E+02, 2.940139E+02, 2.944657E+02
2024-06-04 12:00:15,1, 3.588429E+02, 2.928597E+02, 2.937775E+02, 1.154280E+01, 1.961865E+01, 2.960682E+02, 2.953425E+02, 2.959170E+02, 2.951247E+02, 2.956359E+02
2024-06-04 12:15:15,1, 3.951393E+02, 2.934020E+02, 2.945208E+02, 1.158583E+01, 4.735715E+01, 2.965765E+02, 2.962868E+02, 2.968816E+02, 2.961985E+02, 2.967820E+02
2024-06-04 12:30:15,1, 4.306809E+02, 2.939443E+02, 2.951214E+02, 1.152075E+01, 5.371623E+01, 2.971119E+02, 2.969965E+02, 2.975816E+02, 2.969358E+02, 2.974916E+02
2024-06-04 12:45:15,1, 4.653156E+02, 2.944866E+02, 2.957179E+02, 1.143705E+01, 5.892044E+01, 2.976734E+02, 2.976956E+02, 2.982724E+02, 2.976588E+02, 2.981854E+02
2024-06-04 13:00:15,1, 5.141644E+02, 2.950264E+02, 2.963148E+02, 1.133645E+01, 6.449239E+01, 2.982608E+02, 2.984439E+02, 2.990336E+02, 2.983895E+02, 2.988874E+02
2024-06-04 13:15:15,1, 5.475358E+02, 2.954161E+02, 2.968224E+02, 1.115186E+01, 7.932215E+01, 2.989126E+02, 2.991112E+02, 2.996852E+02, 2.990734E+02, 2.995274E+02
2024-06-04 13:30:15,1, 5.795285E+02, 2.958058E+02, 2.972833E+02, 1.094927E+01, 8.416038E+01, 2.995777E+02, 2.996915E+02, 3.002596E+02, 2.996297E+02, 3.000393E+02
2024-06-04 13:45:15,1, 6.100055E+02, 2.961955E+02, 2.977406E+02, 1.073508E+01, 8.844082E+01, 3.002540E+02, 3.002649E+02, 3.008313E+02, 3.001780E+02, 3.005482E+02
2024-06-04 14:00:15,1, 6.654905E+02, 2.965830E+02, 2.981996E+02, 1.051771E+01, 9.257494E+01, 3.009409E+02, 3.009105E+02, 3.014962E+02, 3.007338E+02, 3.010762E+02
2024-06-04 14:15:15,1, 6.936807E+02, 2.968422E+02, 2.985842E+02, 1.023025E+01, 9.653746E+01, 3.017145E+02, 3.015079E+02, 3.021000E+02, 3.013074E+02, 3.016323E+02
2024-06-04 14:30:15,1, 7.199068E+02, 2.971014E+02, 2.989099E+02, 9.996986E+00, 9.903517E+01, 3.024749E+02, 3.019878E+02, 3.025970E+02, 3.017265E+02, 3.020422E+02
2024-06-04 14:45:15,1, 7.440564E+02, 2.973606E+02, 2.992314E+02, 9.767926E+00, 1.014321E+02, 3.032222E+02, 3.024526E+02, 3.030796E+02, 3.021306E+02, 3.024396E+02
2024-06-04 15:00:15,1, 6.366994E+02, 2.976171E+02, 2.995277E+02, 9.504064E+00, 1.030661E+02, 3.039393E+02, 3.025125E+02, 3.031435E+02, 3.024068E+02, 3.027369E+02
2024-06-04 15:15:15,1, 6.530699E+02, 2.977164E+02, 2.995261E+02, 9.667034E+00, 1.002030E+02, 3.042249E+02, 3.024239E+02, 3.031622E+02, 3.021787E+02, 3.025606E+02
2024-06-04 15:30:15,1, 6.674803E+02, 2.978158E+02, 2.996739E+02, 9.533121E+00, 1.019173E+02, 3.045771E+02, 3.027236E+02, 3.035140E+02, 3.024093E+02, 3.028048E+02
2024-06-04 15:45:15,1, 6.798687E+02, 2.979152E+02, 2.998193E+02, 9.387083E+00, 1.031070E+02, 3.049691E+02, 3.030169E+02, 3.038550E+02, 3.026359E+02, 3.030425E+02
2024-06-04 16:00:15,1, 6.704375E+02, 2.980147E+02, 2.999574E+02, 9.234483E+00, 1.039865E+02, 3.053793E+02, 3.032357E+02, 3.041107E+02, 3.028347E+02, 3.032551E+02
2024-06-04 16:15:15,1, 6.783976E+02, 2.981220E+02, 3.000629E+02, 9.191832E+00, 1.037591E+02, 3.057292E+02, 3.033599E+02, 3.042491E+02, 3.029254E+02, 3.033507E+02
2024-06-04 16:30:15,1, 6.842650E+02, 2.982293E+02, 3.001898E+02, 9.100368E+00, 1.045057E+02, 3.060796E+02, 3.035318E+02, 3.044260E+02, 3.030772E+02, 3.035014E+02
2024-06-04 16:45:15,1, 6.880148E+02, 2.983367E+02, 3.003121E+02, 9.016541E+00, 1.051307E+02, 3.064230E+02, 3.036855E+02, 3.045795E+02, 3.032166E+02, 3.036382E+02
2024-06-04 17:00:15,1, 7.426674E+02, 2.984433E+02, 3.004383E+02, 8.953171E+00, 1.058050E+02, 3.067599E+02, 3.039846E+02, 3.048862E+02, 3.033910E+02, 3.037986E+02
2024-06-04 17:15:15,1, 7.421024E+02, 2.985115E+02, 3.005887E+02, 8.742031E+00, 1.051263E+02, 3.072431E+02, 3.042282E+02, 3.050720E+02, 3.036689E+02, 3.040498E+02
2024-06-04 17:30:15,1, 7.392346E+02, 2.985797E+02, 3.006551E+02, 8.726926E+00, 1.053272E+02, 3.076610E+02, 3.042556E+02, 3.050531E+02, 3.037093E+02, 3.040753E+02
2024-06-04 17:45:15,1, 7.340762E+02, 2.986478E+02, 3.007145E+02, 8.726263E+00, 1.056432E+02, 3.080226E+02, 3.042572E+02, 3.050067E+02, 3.037322E+02, 3.040834E+02
2024-06-04 18:00:15,1, 7.308447E+02, 2.987191E+02, 3.007686E+02, 8.738752E+00, 1.070573E+02, 3.083348E+02, 3.042480E+02, 3.049483E+02, 3.037446E+02, 3.040797E+02
2024-06-04 18:15:15,1, 7.211253E+02, 2.989745E+02, 3.009894E+02, 8.647107E+00, 1.265114E+02, 3.086219E+02, 3.043628E+02, 3.050465E+02, 3.038825E+02, 3.042027E+02
2024-06-04 18:30:15,1, 7.091980E+02, 2.992299E+02, 3.012274E+02, 8.540960E+00, 1.284389E+02, 3.088796E+02, 3.044747E+02, 3.051455E+02, 3.040458E+02, 3.043533E+02
2024-06-04 18:45:15,1, 6.951137E+02, 2.994853E+02, 3.014593E+02, 8.438736E+00, 1.298088E+02, 3.091055E+02, 3.045737E+02, 3.052312E+02, 3.042014E+02, 3.044970E+02
2024-06-04 19:00:15,1, 5.648688E+02, 2.997348E+02, 3.016614E+02, 8.313545E+00, 1.294954E+02, 3.092856E+02, 3.042941E+02, 3.048728E+02, 3.042424E+02, 3.045410E+02
2024-06-04 19:15:15,1, 5.497197E+02, 2.996332E+02, 3.013870E+02, 8.757616E+00, 1.080741E+02, 3.090904E+02, 3.037106E+02, 3.042749E+02, 3.036939E+02, 3.039977E+02
2024-06-04 19:30:15,1, 5.329487E+02, 2.995317E+02, 3.012422E+02, 8.851320E+00, 1.070883E+02, 3.089252E+02, 3.034840E+02, 3.040126E+02, 3.035052E+02, 3.038020E+02
2024-06-04 19:45:15,1, 5.146277E+02, 2.994301E+02, 3.010946E+02, 8.947063E+00, 1.061281E+02, 3.087725E+02, 3.032472E+02, 3.037360E+02, 3.033107E+02, 3.035992E+02
2024-06-04 20:00:15,1, 4.205625E+02, 2.993271E+02, 3.009260E+02, 8.979011E+00, 1.033668E+02, 3.086130E+02, 3.027221E+02, 3.030531E+02, 3.030320E+02, 3.033094E+02
2024-06-04 20:15:15,1, 4.025621E+02, 2.991371E+02, 3.005475E+02, 9.350541E+00, 7.574468E+01, 3.082584E+02, 3.021008E+02, 3.023583E+02, 3.024061E+02, 3.026487E+02
2024-06-04 20:30:15,1, 3.834600E+02, 2.989470E+02, 3.003022E+02, 9.531842E+00, 7.208644E+01, 3.079384E+02, 3.017694E+02, 3.019609E+02, 3.020957E+02, 3.023280E+02
2024-06-04 20:45:15,1, 3.633382E+02, 2.987570E+02, 3.000562E+02, 9.702938E+00, 6.849199E+01, 3.076371E+02, 3.014355E+02, 3.015583E+02, 3.017826E+02, 3.020029E+02
2024-06-04 21:00:15,1, 3.524790E+02, 2.985672E+02, 2.998107E+02, 9.889950E+00, 6.508050E+01, 3.073441E+02, 3.011372E+02, 3.012105E+02, 3.014737E+02, 3.016820E+02
2024-06-04 21:15:15,1, 3.299277E+02, 2.983885E+02, 2.995926E+02, 1.000512E+01, 7.037718E+01, 3.070731E+02, 3.008215E+02, 3.008262E+02, 3.011852E+02, 3.013819E+02
2024-06-04 21:30:15,1, 3.066044E+02, 2.982099E+02, 2.993506E+02, 1.011412E+01, 6.696544E+01, 3.067894E+02, 3.004563E+02, 3.003896E+02, 3.008390E+02, 3.010171E+02
2024-06-04 21:45:15,1, 2.826090E+02, 2.980312E+02, 2.991051E+02, 1.019820E+01, 6.289607E+01, 3.064922E+02, 3.000861E+02, 2.999477E+02, 3.004861E+02, 3.006461E+02
2024-06-04 22:00:15,1, 2.644123E+02, 2.978521E+02, 2.988576E+02, 1.028402E+01, 5.897045E+01, 3.061819E+02, 2.997374E+02, 2.995454E+02, 3.001341E+02, 3.002778E+02
2024-06-04 22:15:15,1, 2.387656E+02, 2.976450E+02, 2.986063E+02, 1.025717E+01, 6.536223E+01, 3.058719E+02, 2.993896E+02, 2.991450E+02, 2.997912E+02, 2.999256E+02
2024-06-04 22:30:15,1, 2.127531E+02, 2.974378E+02, 2.983335E+02, 1.015621E+01, 6.177481E+01, 3.055479E+02, 2.990079E+02, 2.987069E+02, 2.994059E+02, 2.995270E+02
2024-06-04 22:45:15,1, 1.864862E+02, 2.972307E+02, 2.980578E+02, 9.956755E+00, 5.719305E+01, 3.052116E+02, 2.986266E+02, 2.982673E+02, 2.990175E+02, 2.991280E+02
2024-06-04 23:00:15,1, 1.293069E+02, 2.970214E+02, 2.977720E+02, 8.929533E+00, 5.219657E+01, 3.048634E+02, 2.981336E+02, 2.975750E+02, 2.985946E+02, 2.986864E+02
2024-06-04 23:15:15,1, 1.079510E+02, 2.966840E+02, 2.972891E+02, 8.355457E+00, 4.987396E+01, 3.044605E+02, 2.975186E+02, 2.968520E+02, 2.978992E+02, 2.978653E+02
2024-06-04 23:30:15,1, 8.666329E+01, 2.963467E+02, 2.968788E+02, 7.460176E+00, 4.523200E+01, 3.040622E+02, 2.970423E+02, 2.963210E+02, 2.973800E+02, 2.973173E+02
2024-06-04 23:45:15,1, 6.553485E+01, 2.960093E+02, 2.964754E+02, 6.221267E+00, 3.872923E+01, 3.036671E+02, 2.965847E+02, 2.958195E+02, 2.968739E+02, 2.967809E+02
2024-06-04 00:00:15,2, 3.692802E+01, 2.938555E+02, 2.944171E+02, 3.942277E+00, 6.792979E+00, 3.020450E+02, 2.947343E+02, 2.940325E+02, 2.947540E+02, 2.946862E+02
2024-06-04 00:15:15,2, 1.994304E+01, 2.935982E+02, 2.940847E+02, 2.335681E+00, 7.598832E+00, 3.016241E+02, 2.942563E+02, 2.935001E+02, 2.942831E+02, 2.942078E+02
2024-06-04 00:30:15,2, 3.311262E+00, 2.933410E+02, 2.937244E+02, 4.289532E-01, 4.103760E+00, 3.012291E+02, 2.937694E+02, 2.928835E+02, 2.938310E+02, 2.936187E+02
2024-06-04 00:45:15,2, 0.000000E+00, 2.930837E+02, 2.933058E+02, 0.000000E+00, 3.192614E+00, 3.008546E+02, 2.933148E+02, 2.923751E+02, 2.933808E+02, 2.931184E+02
2024-06-04 01:00:15,2, 0.000000E+00, 2.928292E+02, 2.929096E+02, 0.000000E+00, 3.063664E+00, 3.005055E+02, 2.929138E+02, 2.919697E+02, 2.929765E+02, 2.927116E+02
2024-06-04 01:15:15,2, 0.000000E+00, 2.927356E+02, 2.925662E+02, 0.000000E+00, 3.554211E+00, 3.001811E+02, 2.926022E+02, 2.916811E+02, 2.926268E+02, 2.923658E+02
2024-06-04 01:30:15,2, 0.000000E+00, 2.926421E+02, 2.922873E+02, 0.000000E+00, 4.028730E+00, 2.998811E+02, 2.923438E+02, 2.914405E+02, 2.923435E+02, 2.920872E+02
2024-06-04 01:45:15,2, 0.000000E+00, 2.925485E+02, 2.920506E+02, 0.000000E+00, 4.444680E+00, 2.996019E+02, 2.921197E+02, 2.912312E+02, 2.921035E+02, 2.918513E+02
2024-06-04 02:00:15,2, 0.000000E+00, 2.924545E+02, 2.918434E+02, 0.000000E+00, 4.792314E+00, 2.993406E+02, 2.919202E+02, 2.910447E+02, 2.918933E+02, 2.916448E+02
2024-06-04 02:15:15,2, 0.000000E+00, 2.923362E+02, 2.916590E+02, 0.000000E+00, 4.618857E+00, 2.990954E+02, 2.917440E+02, 2.908814E+02, 2.917069E+02, 2.914620E+02
2024-06-04 02:30:15,2, 0.000000E+00, 2.922180E+02, 2.914933E+02, 0.000000E+00, 4.485597E+00, 2.988644E+02, 2.915841E+02, 2.907334E+02, 2.915395E+02, 2.912981E+02
2024-06-04 02:45:15,2, 0.000000E+00, 2.920997E+02, 2.913419E+02, 0.000000E+00, 4.377823E+00, 2.986462E+02, 2.914370E+02, 2.905971E+02, 2.913867E+02, 2.911484E+02
2024-06-04 03:00:15,2, 0.000000E+00, 2.919786E+02, 2.912017E+02, 0.000000E+00, 4.310235E+00, 2.984394E+02, 2.912997E+02, 2.904697E+02, 2.912453E+02, 2.910099E+02
2024-06-04 03:15:15,2, 0.000000E+00, 2.916904E+02, 2.910468E+02, 0.000000E+00, 5.545319E+00, 2.982406E+02, 2.911283E+02, 2.902913E+02, 2.910899E+02, 2.908537E+02
2024-06-04 03:30:15,2, 0.000000E+00, 2.914023E+02, 2.908620E+02, 0.000000E+00, 6.650000E+00, 2.980468E+02, 2.909329E+02, 2.900885E+02, 2.909054E+02, 2.906675E+02
2024-06-04 03:45:15,2, 0.000000E+00, 2.911142E+02, 2.906561E+02, 0.000000E+00, 7.618709E+00, 2.978572E+02, 2.907209E+02, 2.898690E+02, 2.906999E+02, 2.904602E+02
2024-06-04 04:00:15,2, 0.000000E+00, 2.908273E+02, 2.904353E+02, 0.000000E+00, 8.440233E+00, 2.976713E+02, 2.904976E+02, 2.896385E+02, 2.904797E+02, 2.902381E+02
2024-06-04 04:15:15,2, 0.000000E+00, 2.906180E+02, 2.902426E+02, 0.000000E+00, 8.490161E+00, 2.974930E+02, 2.903449E+02, 2.895062E+02, 2.902892E+02, 2.900517E+02
2024-06-04 04:30:15,2, 0.000000E+00, 2.904086E+02, 2.901021E+02, 0.000000E+00, 8.750081E+00, 2.973258E+02, 2.902358E+02, 2.894159E+02, 2.901509E+02, 2.899184E+02
2024-06-04 04:45:15,2, 0.000000E+00, 2.901993E+02, 2.899978E+02, 0.000000E+00, 9.206187E+00, 2.971691E+02, 2.901559E+02, 2.893543E+02, 2.900491E+02, 2.898217E+02
2024-06-04 05:00:15,2, 0.000000E+00, 2.899901E+02, 2.899175E+02, 0.000000E+00, 9.913273E+00, 2.970219E+02, 2.900957E+02, 2.893118E+02, 2.899722E+02, 2.897496E+02
2024-06-04 05:15:15,2, 0.000000E+00, 2.897930E+02, 2.898441E+02, 0.000000E+00, 1.106497E+01, 2.968825E+02, 2.900306E+02, 2.892579E+02, 2.899024E+02, 2.896832E+02
2024-06-04 05:30:15,2, 0.000000E+00, 2.895958E+02, 2.897650E+02, 0.000000E+00, 1.250017E+01, 2.967491E+02, 2.899610E+02, 2.891986E+02, 2.898281E+02, 2.896121E+02
2024-06-04 05:45:15,2, 0.000000E+00, 2.893987E+02, 2.896732E+02, 0.000000E+00, 1.464226E+01, 2.966211E+02, 2.898833E+02, 2.891352E+02, 2.897439E+02, 2.895320E+02
2024-06-04 06:00:15,2, 0.000000E+00, 2.892048E+02, 2.895558E+02, 0.000000E+00, 1.695709E+01, 2.964975E+02, 2.897849E+02, 2.890512E+02, 2.896377E+02, 2.894309E+02
2024-06-04 06:15:15,2, 0.000000E+00, 2.892026E+02, 2.894513E+02, 0.000000E+00, 8.935135E+00, 2.963739E+02, 2.896441E+02, 2.888935E+02, 2.895220E+02, 2.893113E+02
2024-06-04 06:30:15,2, 0.000000E+00, 2.892004E+02, 2.893411E+02, 0.000000E+00, 6.727077E+00, 2.962477E+02, 2.895021E+02, 2.887393E+02, 2.894053E+02, 2.891909E+02
2024-06-04 06:45:15,2, 0.000000E+00, 2.891982E+02, 2.892133E+02, 0.000000E+00, 5.609544E+00, 2.961197E+02, 2.893461E+02, 2.885723E+02, 2.892718E+02, 2.890542E+02
2024-06-04 07:00:15,2, 0.000000E+00, 2.891938E+02, 2.890682E+02, 0.000000E+00, 4.913068E+00, 2.959901E+02, 2.891771E+02, 2.883932E+02, 2.891222E+02, 2.889015E+02
2024-06-04 07:15:15,2, 0.000000E+00, 2.890571E+02, 2.889120E+02, 0.000000E+00, 5.190529E+00, 2.958608E+02, 2.890166E+02, 2.882280E+02, 2.889650E+02, 2.887426E+02
2024-06-04 07:30:15,2, 0.000000E+00, 2.889203E+02, 2.887518E+02, 0.000000E+00, 5.390444E+00, 2.957328E+02, 2.888533E+02, 2.880601E+02, 2.888039E+02, 2.885803E+02
2024-06-04 07:45:15,2, 0.000000E+00, 2.887835E+02, 2.885889E+02, 0.000000E+00, 5.533463E+00, 2.956059E+02, 2.886880E+02, 2.878900E+02, 2.886401E+02, 2.884153E+02
2024-06-04 08:00:15,2, 0.000000E+00, 2.886479E+02, 2.884238E+02, 0.000000E+00, 5.586309E+00, 2.954801E+02, 2.885213E+02, 2.877192E+02, 2.884743E+02, 2.882485E+02
2024-06-04 08:15:15,2, 0.000000E+00, 2.885829E+02, 2.882742E+02, 0.000000E+00, 5.247019E+00, 2.953569E+02, 2.883856E+02, 2.875905E+02, 2.883242E+02, 2.880994E+02
2024-06-04 08:30:15,2, 0.000000E+00, 2.885179E+02, 2.881496E+02, 0.000000E+00, 5.050988E+00, 2.952377E+02, 2.882707E+02, 2.874818E+02, 2.881989E+02, 2.879760E+02
2024-06-04 08:45:15,2, 0.000000E+00, 2.884529E+02, 2.880423E+02, 0.000000E+00, 4.932951E+00, 2.951225E+02, 2.881694E+02, 2.873861E+02, 2.880909E+02, 2.878696E+02
2024-06-04 09:00:15,2, 0.000000E+00, 2.883879E+02, 2.879475E+02, 0.000000E+00, 4.858064E+00, 2.950109E+02, 2.880781E+02, 2.872999E+02, 2.879953E+02, 2.877755E+02
2024-06-04 09:15:15,2, 0.000000E+00, 2.883258E+02, 2.878452E+02, 0.000000E+00, 4.592366E+00, 2.949006E+02, 2.879588E+02, 2.871740E+02, 2.878917E+02, 2.876706E+02
2024-06-04 09:30:15,2, 0.000000E+00, 2.882636E+02, 2.877241E+02, 0.000000E+00, 4.343681E+00, 2.947897E+02, 2.878236E+02, 2.870327E+02, 2.877686E+02, 2.875459E+02
2024-06-04 09:45:15,2, 0.000000E+00, 2.882014E+02, 2.875895E+02, 0.000000E+00, 4.122028E+00, 2.946783E+02, 2.876784E+02, 2.868814E+02, 2.876322E+02, 2.874080E+02
2024-06-04 10:00:15,2, 4.532946E+01, 2.881453E+02, 2.874618E+02, 4.754632E+00, 3.858109E+00, 2.945689E+02, 2.878250E+02, 2.873384E+02, 2.875355E+02, 2.873356E+02
2024-06-04 10:15:15,2, 7.284192E+01, 2.884473E+02, 2.881687E+02, 6.529852E+00, 1.830133E+00, 2.945741E+02, 2.887300E+02, 2.884447E+02, 2.883926E+02, 2.883919E+02
2024-06-04 10:30:15,2, 1.007468E+02, 2.887492E+02, 2.889423E+02, 7.760147E+00, 9.164491E-01, 2.946280E+02, 2.895308E+02, 2.893324E+02, 2.892758E+02, 2.893600E+02
2024-06-04 10:45:15,2, 1.289247E+02, 2.890512E+02, 2.896242E+02, 8.622553E+00, 2.596242E+00, 2.947238E+02, 2.902738E+02, 2.901314E+02, 2.901076E+02, 2.902311E+02
2024-06-04 11:00:15,2, 1.873627E+02, 2.893627E+02, 2.900464E+02, 9.404328E+00, 4.381576E+00, 2.948536E+02, 2.909719E+02, 2.910798E+02, 2.907067E+02, 2.909016E+02
2024-06-04 11:15:15,2, 2.211538E+02, 2.902384E+02, 2.909803E+02, 1.013857E+01, 2.034781E+00, 2.950701E+02, 2.920833E+02, 2.923124E+02, 2.918344E+02, 2.921690E+02
2024-06-04 11:30:15,2, 2.548372E+02, 2.911140E+02, 2.919163E+02, 1.072362E+01, 6.460851E+00, 2.953477E+02, 2.931160E+02, 2.934022E+02, 2.929181E+02, 2.932926E+02
2024-06-04 11:45:15,2, 2.882685E+02, 2.919896E+02, 2.928442E+02, 1.119973E+01, 1.248926E+01, 2.956820E+02, 2.941370E+02, 2.944822E+02, 2.939919E+02, 2.944093E+02
2024-06-04 12:00:15,2, 3.588429E+02, 2.928597E+02, 2.937753E+02, 1.155219E+01, 1.958564E+01, 2.960708E+02, 2.953090E+02, 2.958207E+02, 2.951008E+02, 2.955741E+02
2024-06-04 12:15:15,2, 3.951393E+02, 2.934020E+02, 2.945181E+02, 1.159578E+01, 4.731488E+01, 2.965793E+02, 2.962508E+02, 2.967790E+02, 2.961713E+02, 2.967092E+02
2024-06-04 12:30:15,2, 4.306809E+02, 2.939443E+02, 2.951188E+02, 1.153062E+01, 5.369042E+01, 2.971147E+02, 2.969598E+02, 2.974786E+02, 2.969090E+02, 2.974207E+02
2024-06-04 12:45:15,2, 4.653156E+02, 2.944866E+02, 2.957154E+02, 1.144678E+01, 5.890259E+01, 2.976762E+02, 2.976582E+02, 2.981686E+02, 2.976322E+02, 2.981159E+02
2024-06-04 13:00:15,2, 5.141644E+02, 2.950264E+02, 2.963122E+02, 1.134625E+01, 6.448011E+01, 2.982634E+02, 2.984049E+02, 2.989250E+02, 2.983630E+02, 2.988179E+02
2024-06-04 13:15:15,2, 5.475358E+02, 2.954161E+02, 2.968194E+02, 1.116244E+01, 7.930322E+01, 2.989149E+02, 2.990750E+02, 2.995745E+02, 2.990514E+02, 2.994570E+02
2024-06-04 13:30:15,2, 5.795285E+02, 2.958058E+02, 2.972803E+02, 1.096010E+01, 8.415457E+01, 2.995799E+02, 2.996549E+02, 3.001478E+02, 2.996090E+02, 2.999705E+02
2024-06-04 13:45:15,2, 6.100055E+02, 2.961955E+02, 2.977375E+02, 1.074603E+01, 8.844257E+01, 3.002561E+02, 3.002278E+02, 3.007181E+02, 3.001577E+02, 3.004804E+02
2024-06-04 14:00:15,2, 6.654905E+02, 2.965830E+02, 2.981964E+02, 1.052879E+01, 9.258328E+01, 3.009427E+02, 3.008727E+02, 3.013777E+02, 3.007138E+02, 3.010081E+02
2024-06-04 14:15:15,2, 6.936807E+02, 2.968422E+02, 2.985807E+02, 1.024219E+01, 9.655242E+01, 3.017162E+02, 3.014693E+02, 3.019777E+02, 3.012874E+02, 3.015614E+02
2024-06-04 14:30:15,2, 7.199068E+02, 2.971014E+02, 2.989064E+02, 1.000911E+01, 9.905835E+01, 3.024764E+02, 3.019488E+02, 3.024724E+02, 3.017067E+02, 3.019711E+02
2024-06-04 14:45:15,2, 7.440564E+02, 2.973606E+02, 2.992278E+02, 9.780199E+00, 1.014634E+02, 3.032235E+02, 3.024130E+02, 3.029528E+02, 3.021109E+02, 3.023681E+02
2024-06-04 15:00:15,2, 6.366994E+02, 2.976171E+02, 2.995243E+02, 9.516396E+00, 1.031103E+02, 3.039404E+02, 3.024715E+02, 3.030264E+02, 3.023871E+02, 3.026685E+02
2024-06-04 15:15:15,2, 6.530699E+02, 2.977164E+02, 2.995244E+02, 9.675602E+00, 1.002517E+02, 3.042258E+02, 3.023813E+02, 3.030447E+02, 3.021588E+02, 3.025010E+02
2024-06-04 15:30:15,2, 6.674803E+02, 2.978158E+02, 2.996722E+02, 9.541689E+00, 1.019678E+02, 3.045777E+02, 3.026788E+02, 3.033910E+02, 3.023888E+02, 3.027434E+02
2024-06-04 15:45:15,2, 6.798687E+02, 2.979152E+02, 2.998177E+02, 9.395673E+00, 1.031619E+02, 3.049694E+02, 3.029701E+02, 3.037270E+02, 3.026148E+02, 3.029795E+02
2024-06-04 16:00:15,2, 6.704375E+02, 2.980147E+02, 2.999558E+02, 9.243082E+00, 1.040462E+02, 3.053794E+02, 3.031870E+02, 3.039800E+02, 3.028129E+02, 3.031911E+02
2024-06-04 16:15:15,2, 6.783976E+02, 2.981220E+02, 3.000615E+02, 9.199841E+00, 1.038188E+02, 3.057292E+02, 3.033111E+02, 3.041182E+02, 3.029038E+02, 3.032878E+02
2024-06-04 16:30:15,2, 6.842650E+02, 2.982293E+02, 3.001884E+02, 9.108364E+00, 1.045667E+02, 3.060794E+02, 3.034828E+02, 3.042944E+02, 3.030555E+02, 3.034384E+02
2024-06-04 16:45:15,2, 6.880148E+02, 2.983367E+02, 3.003107E+02, 9.024503E+00, 1.051928E+02, 3.064226E+02, 3.036366E+02, 3.044477E+02, 3.031950E+02, 3.035751E+02
2024-06-04 17:00:15,2, 7.426674E+02, 2.984433E+02, 3.004368E+02, 8.961146E+00, 1.058669E+02, 3.067593E+02, 3.039360E+02, 3.047499E+02, 3.033694E+02, 3.037344E+02
2024-06-04 17:15:15,2, 7.421024E+02, 2.985115E+02, 3.005866E+02, 8.751438E+00, 1.051948E+02, 3.072425E+02, 3.041811E+02, 3.049372E+02, 3.036478E+02, 3.039831E+02
2024-06-04 17:30:15,2, 7.392346E+02, 2.985797E+02, 3.006530E+02, 8.736190E+00, 1.053932E+02, 3.076602E+02, 3.042105E+02, 3.049225E+02, 3.036888E+02, 3.040100E+02
2024-06-04 17:45:15,2, 7.340762E+02, 2.986478E+02, 3.007124E+02, 8.735457E+00, 1.057071E+02, 3.080218E+02, 3.042141E+02, 3.048804E+02, 3.037123E+02, 3.040196E+02
2024-06-04 18:00:15,2, 7.308447E+02, 2.987191E+02, 3.007664E+02, 8.747853E+00, 1.071173E+02, 3.083339E+02, 3.042070E+02, 3.048262E+02, 3.037254E+02, 3.040175E+02
2024-06-04 18:15:15,2, 7.211253E+02, 2.989745E+02, 3.009871E+02, 8.656254E+00, 1.265715E+02, 3.086210E+02, 3.043224E+02, 3.049262E+02, 3.038637E+02, 3.041417E+02
2024-06-04 18:30:15,2, 7.091980E+02, 2.992299E+02, 3.012251E+02, 8.549916E+00, 1.285025E+02, 3.088786E+02, 3.044351E+02, 3.050273E+02, 3.040276E+02, 3.042941E+02
2024-06-04 18:45:15,2, 6.951137E+02, 2.994853E+02, 3.014570E+02, 8.447484E+00, 1.298734E+02, 3.091045E+02, 3.045347E+02, 3.051151E+02, 3.041838E+02, 3.044395E+02
2024-06-04 19:00:15,2, 5.648688E+02, 2.997348E+02, 3.016592E+02, 8.321972E+00, 1.295646E+02, 3.092846E+02, 3.042572E+02, 3.047718E+02, 3.042257E+02, 3.044884E+02
2024-06-04 19:15:15,2, 5.497197E+02, 2.996332E+02, 3.013863E+02, 8.761249E+00, 1.081108E+02, 3.090893E+02, 3.036761E+02, 3.041825E+02, 3.036788E+02, 3.039546E+02
2024-06-04 19:30:15,2, 5.329487E+02, 2.995317E+02, 3.012414E+02, 8.854748E+00, 1.071181E+02, 3.089241E+02, 3.034507E+02, 3.039227E+02, 3.034904E+02, 3.037599E+02
2024-06-04 19:45:15,2, 5.146277E+02, 2.994301E+02, 3.010939E+02, 8.949704E+00, 1.061507E+02, 3.087713E+02, 3.032152E+02, 3.036491E+02, 3.032964E+02, 3.035581E+02
2024-06-04 20:00:15,2, 4.205625E+02, 2.993271E+02, 3.009254E+02, 8.980404E+00, 1.033821E+02, 3.086119E+02, 3.026954E+02, 3.029822E+02, 3.030190E+02, 3.032723E+02
2024-06-04 20:15:15,2, 4.025621E+02, 2.991371E+02, 3.005470E+02, 9.360110E+00, 7.584088E+01, 3.082573E+02, 3.020763E+02, 3.022919E+02, 3.023949E+02, 3.026193E+02
2024-06-04 20:30:15,2, 3.834600E+02, 2.989470E+02, 3.003018E+02, 9.537726E+00, 7.214517E+01, 3.079373E+02, 3.017477E+02, 3.019011E+02, 3.020852E+02, 3.022999E+02
2024-06-04 20:45:15,2, 3.633382E+02, 2.987570E+02, 3.000560E+02, 9.707868E+00, 6.853442E+01, 3.076360E+02, 3.014164E+02, 3.015041E+02, 3.017729E+02, 3.019764E+02
2024-06-04 21:00:15,2, 3.524790E+02, 2.985672E+02, 2.998104E+02, 9.894716E+00, 6.511567E+01, 3.073431E+02, 3.011199E+02, 3.011595E+02, 3.014645E+02, 3.016566E+02
2024-06-04 21:15:15,2, 3.299277E+02, 2.983885E+02, 2.995922E+02, 1.000984E+01, 7.040674E+01, 3.070721E+02, 3.008068E+02, 3.007805E+02, 3.011766E+02, 3.013575E+02
2024-06-04 21:30:15,2, 3.066044E+02, 2.982099E+02, 2.993502E+02, 1.011867E+01, 6.699187E+01, 3.067885E+02, 3.004444E+02, 3.003498E+02, 3.008313E+02, 3.009949E+02
2024-06-04 21:45:15,2, 2.826090E+02, 2.980312E+02, 2.991047E+02, 1.020247E+01, 6.291824E+01, 3.064915E+02, 3.000770E+02, 2.999139E+02, 3.004793E+02, 3.006259E+02
2024-06-04 22:00:15,2, 2.644123E+02, 2.978521E+02, 2.988571E+02, 1.028806E+01, 5.898732E+01, 3.061812E+02, 2.997306E+02, 2.995155E+02, 3.001280E+02, 3.002594E+02
2024-06-04 22:15:15,2, 2.387656E+02, 2.976450E+02, 2.986057E+02, 1.026075E+01, 6.537232E+01, 3.058714E+02, 2.993850E+02, 2.991189E+02, 2.997855E+02, 2.999079E+02
2024-06-04 22:30:15,2, 2.127531E+02, 2.974378E+02, 2.983329E+02, 1.015940E+01, 6.178168E+01, 3.055476E+02, 2.990058E+02, 2.986851E+02, 2.994008E+02, 2.995112E+02
2024-06-04 22:45:15,2, 1.864862E+02, 2.972307E+02, 2.980571E+02, 9.960630E+00, 5.719592E+01, 3.052115E+02, 2.986274E+02, 2.982500E+02, 2.990128E+02, 2.991140E+02
2024-06-04 23:00:15,2, 1.293069E+02, 2.970214E+02, 2.977714E+02, 8.945437E+00, 5.219498E+01, 3.048635E+02, 2.981444E+02, 2.975798E+02, 2.985914E+02, 2.986784E+02
2024-06-04 23:15:15,2, 1.079510E+02, 2.966840E+02, 2.972887E+02, 8.378299E+00, 4.989223E+01, 3.044607E+02, 2.975366E+02, 2.968700E+02, 2.979044E+02, 2.978648E+02
2024-06-04 23:30:15,2, 8.666329E+01, 2.963467E+02, 2.968781E+02, 7.485480E+00, 4.526762E+01, 3.040625E+02, 2.970634E+02, 2.963478E+02, 2.973842E+02, 2.973184E+02
2024-06-04 23:45:15,2, 6.553485E+01, 2.960093E+02, 2.964745E+02, 6.240167E+00, 3.877197E+01, 3.036674E+02, 2.966093E+02, 2.958556E+02, 2.968784E+02, 2.967837E+02
2024-06-05 00:00:15,1, 3.661788E+01, 2.956726E+02, 2.960778E+02, 3.804855E+00, 3.110876E+01, 3.032729E+02, 2.961530E+02, 2.953898E+02, 2.963652E+02, 2.962640E+02
2024-06-05 00:15:15,1, 2.010576E+01, 2.953713E+02, 2.957034E+02, 2.276114E+00, 2.356257E+01, 3.028531E+02, 2.957124E+02, 2.949148E+02, 2.958761E+02, 2.957927E+02
2024-06-05 00:30:15,1, 3.936115E+00, 2.950700E+02, 2.952937E+02, 4.949011E-01, 1.621158E+01, 3.024638E+02, 2.952402E+02, 2.944152E+02, 2.953968E+02, 2.951944E+02
2024-06-05 00:45:15,1, 0.000000E+00, 2.947687E+02, 2.948554E+02, 0.000000E+00, 1.003402E+01, 3.021036E+02, 2.947672E+02, 2.938612E+02, 2.949279E+02, 2.946695E+02
2024-06-05 01:00:15,1, 0.000000E+00, 2.944693E+02, 2.944463E+02, 0.000000E+00, 8.341986E+00, 3.017753E+02, 2.943636E+02, 2.934284E+02, 2.945134E+02, 2.942482E+02
2024-06-05 01:15:15,1, 0.000000E+00, 2.942834E+02, 2.940819E+02, 0.000000E+00, 8.025805E+00, 3.014687E+02, 2.940280E+02, 2.931082E+02, 2.941451E+02, 2.938823E+02
2024-06-05 01:30:15,1, 0.000000E+00, 2.940975E+02, 2.937659E+02, 0.000000E+00, 8.262360E+00, 3.011805E+02, 2.937307E+02, 2.928202E+02, 2.938257E+02, 2.935652E+02
2024-06-05 01:45:15,1, 0.000000E+00, 2.939115E+02, 2.934824E+02, 0.000000E+00, 8.546847E+00, 3.009083E+02, 2.934599E+02, 2.925565E+02, 2.935396E+02, 2.932810E+02
2024-06-05 02:00:15,1, 0.000000E+00, 2.937255E+02, 2.932215E+02, 0.000000E+00, 8.816309E+00, 3.006500E+02, 2.932079E+02, 2.923099E+02, 2.932769E+02, 2.930199E+02
2024-06-05 02:15:15,1, 0.000000E+00, 2.935345E+02, 2.929574E+02, 0.000000E+00, 8.634867E+00, 3.004016E+02, 2.929276E+02, 2.920199E+02, 2.930091E+02, 2.927503E+02
2024-06-05 02:30:15,1, 0.000000E+00, 2.933434E+02, 2.926748E+02, 0.000000E+00, 8.417248E+00, 3.001595E+02, 2.926333E+02, 2.917161E+02, 2.927236E+02, 2.924622E+02
2024-06-05 02:45:15,1, 0.000000E+00, 2.931523E+02, 2.923796E+02, 0.000000E+00, 8.193405E+00, 2.999229E+02, 2.923298E+02, 2.914028E+02, 2.924257E+02, 2.921616E+02
2024-06-05 03:00:15,1, 0.000000E+00, 2.929613E+02, 2.920755E+02, 0.000000E+00, 7.971420E+00, 2.996909E+02, 2.920204E+02, 2.910834E+02, 2.921191E+02, 2.918523E+02
2024-06-05 03:15:15,1, 0.000000E+00, 2.927715E+02, 2.917858E+02, 0.000000E+00, 7.532845E+00, 2.994656E+02, 2.917500E+02, 2.908172E+02, 2.918284E+02, 2.915623E+02
2024-06-05 03:30:15,1, 0.000000E+00, 2.925818E+02, 2.915241E+02, 0.000000E+00, 7.198628E+00, 2.992488E+02, 2.915031E+02, 2.905734E+02, 2.915661E+02, 2.913011E+02
2024-06-05 03:45:15,1, 0.000000E+00, 2.923920E+02, 2.912828E+02, 0.000000E+00, 6.929061E+00, 2.990397E+02, 2.912725E+02, 2.903453E+02, 2.913239E+02, 2.910599E+02
2024-06-05 04:00:15,1, 0.000000E+00, 2.922023E+02, 2.910566E+02, 0.000000E+00, 6.703167E+00, 2.988377E+02, 2.910542E+02, 2.901286E+02, 2.910969E+02, 2.908335E+02
2024-06-05 04:15:15,1, 0.000000E+00, 2.920179E+02, 2.908218E+02, 0.000000E+00, 6.537408E+00, 2.986396E+02, 2.908038E+02, 2.898660E+02, 2.908601E+02, 2.905942E+02
2024-06-05 04:30:15,1, 0.000000E+00, 2.918336E+02, 2.905644E+02, 0.000000E+00, 6.349169E+00, 2.984430E+02, 2.905348E+02, 2.895849E+02, 2.906005E+02, 2.903314E+02
2024-06-05 04:45:15,1, 0.000000E+00, 2.916492E+02, 2.902907E+02, 0.000000E+00, 6.152177E+00, 2.982475E+02, 2.902533E+02, 2.892915E+02, 2.903250E+02, 2.900528E+02
2024-06-05 05:00:15,1, 0.000000E+00, 2.914653E+02, 2.900053E+02, 0.000000E+00, 5.952464E+00, 2.980529E+02, 2.899629E+02, 2.889894E+02, 2.900380E+02, 2.897627E+02
2024-06-05 05:15:15,1, 0.000000E+00, 2.913135E+02, 2.897396E+02, 0.000000E+00, 5.675250E+00, 2.978626E+02, 2.897238E+02, 2.887574E+02, 2.897727E+02, 2.894987E+02
2024-06-05 05:30:15,1, 0.000000E+00, 2.911618E+02, 2.895126E+02, 0.000000E+00, 5.458882E+00, 2.976792E+02, 2.895163E+02, 2.885560E+02, 2.895453E+02, 2.892734E+02
2024-06-05 05:45:15,1, 0.000000E+00, 2.910100E+02, 2.893139E+02, 0.000000E+00, 5.282369E+00, 2.975025E+02, 2.893318E+02, 2.883773E+02, 2.893463E+02, 2.890761E+02
2024-06-05 06:00:15,1, 0.000000E+00, 2.908604E+02, 2.891361E+02, 0.000000E+00, 5.151902E+00, 2.973320E+02, 2.891646E+02, 2.882154E+02, 2.891682E+02, 2.888997E+02
2024-06-05 06:15:15,1, 0.000000E+00, 2.908367E+02, 2.889839E+02, 0.000000E+00, 6.051983E+00, 2.971680E+02, 2.890260E+02, 2.880876E+02, 2.890150E+02, 2.887494E+02
2024-06-05 06:30:15,1, 0.000000E+00, 2.908131E+02, 2.888586E+02, 0.000000E+00, 6.847331E+00, 2.970108E+02, 2.889096E+02, 2.879816E+02, 2.888891E+02, 2.886266E+02
2024-06-05 06:45:15,1, 0.000000E+00, 2.907894E+02, 2.887531E+02, 0.000000E+00, 7.556476E+00, 2.968599E+02, 2.888089E+02, 2.878910E+02, 2.887826E+02, 2.885230E+02
2024-06-05 07:00:15,1, 0.000000E+00, 2.907637E+02, 2.886620E+02, 0.000000E+00, 8.163073E+00, 2.967149E+02, 2.887200E+02, 2.878118E+02, 2.886906E+02, 2.884338E+02
2024-06-05 07:15:15,1, 0.000000E+00, 2.906152E+02, 2.885686E+02, 0.000000E+00, 7.025463E+00, 2.965744E+02, 2.886188E+02, 2.877122E+02, 2.885972E+02, 2.883411E+02
2024-06-05 07:30:15,1, 0.000000E+00, 2.904667E+02, 2.884634E+02, 0.000000E+00, 5.997611E+00, 2.964369E+02, 2.885084E+02, 2.876034E+02, 2.884921E+02, 2.882365E+02
2024-06-05 07:45:15,1, 0.000000E+00, 2.903183E+02, 2.883505E+02, 0.000000E+00, 5.071270E+00, 2.963021E+02, 2.883925E+02, 2.874886E+02, 2.883791E+02, 2.881239E+02
2024-06-05 08:00:15,1, 0.000000E+00, 2.901702E+02, 2.882326E+02, 0.000000E+00, 4.239968E+00, 2.961698E+02, 2.882733E+02, 2.873702E+02, 2.882612E+02, 2.880063E+02
2024-06-05 08:15:15,1, 0.000000E+00, 2.900431E+02, 2.881132E+02, 0.000000E+00, 3.667411E+00, 2.960399E+02, 2.881545E+02, 2.872531E+02, 2.881417E+02, 2.878873E+02
2024-06-05 08:30:15,1, 0.000000E+00, 2.899160E+02, 2.879944E+02, 0.000000E+00, 3.152854E+00, 2.959124E+02, 2.880366E+02, 2.871368E+02, 2.880226E+02, 2.877688E+02
2024-06-05 08:45:15,1, 0.000000E+00, 2.897890E+02, 2.878765E+02, 0.000000E+00, 2.688758E+00, 2.957873E+02, 2.879198E+02, 2.870213E+02, 2.879044E+02, 2.876511E+02
2024-06-05 09:00:15,1, 0.000000E+00, 2.896629E+02, 2.877596E+02, 0.000000E+00, 2.269852E+00, 2.956644E+02, 2.878043E+02, 2.869070E+02, 2.877872E+02, 2.875343E+02
2024-06-05 09:15:15,1, 0.000000E+00, 2.895920E+02, 2.876523E+02, 0.000000E+00, 1.964636E+00, 2.955445E+02, 2.877055E+02, 2.868147E+02, 2.876795E+02, 2.874283E+02
2024-06-05 09:30:15,1, 0.000000E+00, 2.895212E+02, 2.875594E+02, 0.000000E+00, 1.692241E+00, 2.954282E+02, 2.876190E+02, 2.867344E+02, 2.875862E+02, 2.873369E+02
2024-06-05 09:45:15,1, 0.000000E+00, 2.894503E+02, 2.874775E+02, 0.000000E+00, 1.447046E+00, 2.953154E+02, 2.875417E+02, 2.866632E+02, 2.875038E+02, 2.872563E+02
2024-06-05 10:00:15,1, 4.405325E+01, 2.893844E+02, 2.874208E+02, 4.693322E+00, 1.197680E+00, 2.952085E+02, 2.877686E+02, 2.872082E+02, 2.874792E+02, 2.872599E+02
2024-06-05 10:15:15,1, 7.046063E+01, 2.896115E+02, 2.882006E+02, 6.494877E+00, 5.148050E-01, 2.952181E+02, 2.887360E+02, 2.883573E+02, 2.884025E+02, 2.883659E+02
2024-06-05 10:30:15,1, 9.724610E+01, 2.898386E+02, 2.890453E+02, 7.793511E+00, 6.703711E-01, 2.952775E+02, 2.895991E+02, 2.892970E+02, 2.893498E+02, 2.893857E+02
2024-06-05 10:45:15,1, 1.242950E+02, 2.900657E+02, 2.899424E+02, 8.833177E+00, 1.846997E+00, 2.953843E+02, 2.905197E+02, 2.903087E+02, 2.903563E+02, 2.904595E+02
2024-06-05 11:00:15,1, 1.908075E+02, 2.902967E+02, 2.907870E+02, 9.883578E+00, 1.898580E+01, 2.955286E+02, 2.915067E+02, 2.915574E+02, 2.913258E+02, 2.914615E+02
2024-06-05 11:15:15,1, 2.251013E+02, 2.907544E+02, 2.915195E+02, 1.026913E+01, 2.497839E+01, 2.957467E+02, 2.923738E+02, 2.925038E+02, 2.922986E+02, 2.925395E+02
2024-06-05 11:30:15,1, 2.592874E+02, 2.912122E+02, 2.920693E+02, 1.061578E+01, 2.903100E+01, 2.960123E+02, 2.930406E+02, 2.931978E+02, 2.929694E+02, 2.932141E+02
2024-06-05 11:45:15,1, 2.932195E+02, 2.916699E+02, 2.926104E+02, 1.082402E+01, 3.393476E+01, 2.963237E+02, 2.937041E+02, 2.938947E+02, 2.936190E+02, 2.938656E+02
2024-06-05 12:00:15,1, 3.548021E+02, 2.921283E+02, 2.931548E+02, 1.100070E+01, 3.865378E+01, 2.966801E+02, 2.944701E+02, 2.947543E+02, 2.942895E+02, 2.945447E+02
2024-06-05 12:15:15,1, 3.906238E+02, 2.926209E+02, 2.937982E+02, 1.110493E+01, 4.468610E+01, 2.971378E+02, 2.952835E+02, 2.955934E+02, 2.951098E+02, 2.953861E+02
2024-06-05 12:30:15,1, 4.257026E+02, 2.931135E+02, 2.943694E+02, 1.113089E+01, 4.922086E+01, 2.976345E+02, 2.959793E+02, 2.963104E+02, 2.957807E+02, 2.960527E+02
2024-06-05 12:45:15,1, 4.598881E+02, 2.936062E+02, 2.949355E+02, 1.113465E+01, 5.378621E+01, 2.981665E+02, 2.966637E+02, 2.970162E+02, 2.964399E+02, 2.967084E+02
2024-06-05 13:00:15,1, 4.769503E+02, 2.940961E+02, 2.954945E+02, 1.109699E+01, 5.835340E+01, 2.987281E+02, 2.972868E+02, 2.976493E+02, 2.970751E+02, 2.973421E+02
2024-06-05 13:15:15,1, 5.078720E+02, 2.944293E+02, 2.958962E+02, 1.104919E+01, 6.361452E+01, 2.992681E+02, 2.978007E+02, 2.981913E+02, 2.975491E+02, 2.978159E+02
2024-06-05 13:30:15,1, 5.375184E+02, 2.947625E+02, 2.963009E+02, 1.099203E+01, 6.708017E+01, 2.998289E+02, 2.983361E+02, 2.987507E+02, 2.980467E+02, 2.983156E+02
2024-06-05 13:45:15,1, 5.657624E+02, 2.950957E+02, 2.967022E+02, 1.091472E+01, 7.030029E+01, 3.004058E+02, 2.988628E+02, 2.993014E+02, 2.985364E+02, 2.988075E+02
2024-06-05 14:00:15,1, 6.842481E+02, 2.954320E+02, 2.971182E+02, 1.085415E+01, 7.408153E+01, 3.010040E+02, 2.996480E+02, 3.001334E+02, 2.991013E+02, 2.993611E+02
2024-06-05 14:15:15,1, 7.132161E+02, 2.959469E+02, 2.977972E+02, 1.057358E+01, 8.830549E+01, 3.018941E+02, 3.005080E+02, 3.009557E+02, 3.000165E+02, 3.002480E+02
2024-06-05 14:30:15,1, 7.401687E+02, 2.964619E+02, 2.983571E+02, 1.032804E+01, 9.192692E+01, 3.027425E+02, 3.011222E+02, 3.015692E+02, 3.006283E+02, 3.008468E+02
2024-06-05 14:45:15,1, 7.649905E+02, 2.969768E+02, 2.989122E+02, 1.007760E+01, 9.518869E+01, 3.035588E+02, 3.017244E+02, 3.021729E+02, 3.012282E+02, 3.014356E+02
2024-06-05 15:00:15,1, 8.034859E+02, 2.974880E+02, 2.994664E+02, 9.817197E+00, 9.787664E+01, 3.043492E+02, 3.023606E+02, 3.028145E+02, 3.018324E+02, 3.020276E+02
2024-06-05 15:15:15,1, 8.241459E+02, 2.977760E+02, 2.998713E+02, 9.536093E+00, 9.497168E+01, 3.051678E+02, 3.029188E+02, 3.033808E+02, 3.023532E+02, 3.025406E+02
2024-06-05 15:30:15,1, 8.423366E+02, 2.980641E+02, 3.002211E+02, 9.306706E+00, 9.607440E+01, 3.059541E+02, 3.033971E+02, 3.038709E+02, 3.027697E+02, 3.029541E+02
2024-06-05 15:45:15,1, 8.579799E+02, 2.983521E+02, 3.005650E+02, 9.078271E+00, 9.709858E+01, 3.067099E+02, 3.038590E+02, 3.043438E+02, 3.031728E+02, 3.033547E+02
2024-06-05 16:00:15,1, 8.236248E+02, 2.986376E+02, 3.008949E+02, 8.839943E+00, 9.775274E+01, 3.074292E+02, 3.041813E+02, 3.046813E+02, 3.035238E+02, 3.037143E+02
2024-06-05 16:15:15,1, 8.334202E+02, 2.987747E+02, 3.010295E+02, 8.827251E+00, 9.776947E+01, 3.079555E+02, 3.043345E+02, 3.048568E+02, 3.036227E+02, 3.038262E+02
2024-06-05 16:30:15,1, 8.406488E+02, 2.989118E+02, 3.012011E+02, 8.703294E+00, 9.807497E+01, 3.084743E+02, 3.045799E+02, 3.051020E+02, 3.038235E+02, 3.040252E+02
2024-06-05 16:45:15,1, 8.452797E+02, 2.990490E+02, 3.013671E+02, 8.586583E+00, 9.825405E+01, 3.089768E+02, 3.048069E+02, 3.053256E+02, 3.040117E+02, 3.042109E+02
2024-06-05 17:00:15,1, 8.427602E+02, 2.991852E+02, 3.015260E+02, 8.478055E+00, 9.841555E+01, 3.094558E+02, 3.050024E+02, 3.055159E+02, 3.041826E+02, 3.043801E+02
2024-06-05 17:15:15,1, 8.421506E+02, 2.992702E+02, 3.016276E+02, 8.422200E+00, 9.921692E+01, 3.098900E+02, 3.051293E+02, 3.056315E+02, 3.042870E+02, 3.044821E+02
2024-06-05 17:30:15,1, 8.389315E+02, 2.993552E+02, 3.017219E+02, 8.367992E+00, 9.925107E+01, 3.102939E+02, 3.052413E+02, 3.057283E+02, 3.043806E+02, 3.045715E+02
2024-06-05 17:45:15,1, 8.331166E+02, 2.994403E+02, 3.018096E+02, 8.326103E+00, 9.924736E+01, 3.106640E+02, 3.053316E+02, 3.058013E+02, 3.044601E+02, 3.046466E+02
2024-06-05 18:00:15,1, 6.971350E+02, 2.995212E+02, 3.018670E+02, 8.277720E+00, 9.987059E+01, 3.109822E+02, 3.050627E+02, 3.055181E+02, 3.044184E+02, 3.046259E+02
2024-06-05 18:15:15,1, 6.879039E+02, 2.993595E+02, 3.015481E+02, 8.774358E+00, 1.139029E+02, 3.108459E+02, 3.045298E+02, 3.050290E+02, 3.038671E+02, 3.041103E+02
2024-06-05 18:30:15,1, 6.765696E+02, 2.991977E+02, 3.013721E+02, 8.864909E+00, 1.145137E+02, 3.107644E+02, 3.043214E+02, 3.048109E+02, 3.036631E+02, 3.039038E+02
2024-06-05 18:45:15,1, 6.631806E+02, 2.990360E+02, 3.011937E+02, 8.954404E+00, 1.146803E+02, 3.107089E+02, 3.041036E+02, 3.045791E+02, 3.034529E+02, 3.036900E+02
2024-06-05 19:00:15,1, 5.516937E+02, 2.988768E+02, 3.009911E+02, 9.010754E+00, 1.137879E+02, 3.106486E+02, 3.035876E+02, 3.039885E+02, 3.031477E+02, 3.033887E+02
2024-06-05 19:15:15,1, 5.369450E+02, 2.988652E+02, 3.007510E+02, 9.364585E+00, 1.046822E+02, 3.103018E+02, 3.031207E+02, 3.035183E+02, 3.026805E+02, 3.029227E+02
2024-06-05 19:30:15,1, 5.206145E+02, 2.988536E+02, 3.006853E+02, 9.430963E+00, 1.040640E+02, 3.100469E+02, 3.029646E+02, 3.033363E+02, 3.025830E+02, 3.028207E+02
2024-06-05 19:45:15,1, 5.027722E+02, 2.988420E+02, 3.006185E+02, 9.492393E+00, 1.032471E+02, 3.098478E+02, 3.028050E+02, 3.031449E+02, 3.024836E+02, 3.027153E+02
2024-06-05 20:00:15,1, 4.297802E+02, 2.988282E+02, 3.005352E+02, 9.502573E+00, 1.013913E+02, 3.096756E+02, 3.024535E+02, 3.026837E+02, 3.023260E+02, 3.025488E+02
2024-06-05 20:15:15,1, 4.114415E+02, 2.986855E+02, 3.002553E+02, 9.751762E+00, 8.651892E+01, 3.093849E+02, 3.020288E+02, 3.022197E+02, 3.019034E+02, 3.021066E+02
2024-06-05 20:30:15,1, 3.919788E+02, 2.985428E+02, 3.000653E+02, 9.866297E+00, 8.414566E+01, 3.091015E+02, 3.017797E+02, 3.019327E+02, 3.016782E+02, 3.018760E+02
2024-06-05 20:45:15,1, 3.714753E+02, 2.984001E+02, 2.998730E+02, 9.971680E+00, 8.167367E+01, 3.088218E+02, 3.015253E+02, 3.016374E+02, 3.014495E+02, 3.016412E+02
2024-06-05 21:00:15,1, 2.486276E+02, 2.982563E+02, 2.996503E+02, 9.662015E+00, 7.821008E+01, 3.085345E+02, 3.008788E+02, 3.007047E+02, 3.011087E+02, 3.012766E+02
2024-06-05 21:15:15,1, 2.327750E+02, 2.980525E+02, 2.991510E+02, 9.985943E+00, 6.621527E+01, 3.080324E+02, 3.001568E+02, 2.999106E+02, 3.002884E+02, 3.003839E+02
2024-06-05 21:30:15,1, 2.163786E+02, 2.978487E+02, 2.989046E+02, 1.003665E+01, 6.378658E+01, 3.075893E+02, 2.998650E+02, 2.995875E+02, 2.999812E+02, 3.000706E+02
2024-06-05 21:45:15,1, 1.995087E+02, 2.976449E+02, 2.986647E+02, 1.000654E+01, 6.034124E+01, 3.071873E+02, 2.995839E+02, 2.992739E+02, 2.996831E+02, 2.997642E+02
2024-06-05 22:00:15,1, 1.402458E+02, 2.974401E+02, 2.984155E+02, 9.074534E+00, 5.654371E+01, 3.068106E+02, 2.991632E+02, 2.986808E+02, 2.993385E+02, 2.993993E+02
2024-06-05 22:15:15,1, 1.267024E+02, 2.971804E+02, 2.980027E+02, 8.913582E+00, 5.581773E+01, 3.063690E+02, 2.986313E+02, 2.980825E+02, 2.987420E+02, 2.987622E+02
2024-06-05 22:30:15,1, 1.129651E+02, 2.969207E+02, 2.976961E+02, 8.557485E+00, 5.278430E+01, 3.059524E+02, 2.982716E+02, 2.976967E+02, 2.983717E+02, 2.983981E+02
2024-06-05 22:45:15,1, 9.909269E+01, 2.966609E+02, 2.973940E+02, 8.052685E+00, 4.866086E+01, 3.055539E+02, 2.979151E+02, 2.972988E+02, 2.979928E+02, 2.979742E+02
2024-06-05 23:00:15,1, 6.827888E+01, 2.964015E+02, 2.970903E+02, 6.327937E+00, 4.377564E+01, 3.051676E+02, 2.975346E+02, 2.968567E+02, 2.976047E+02, 2.975550E+02
2024-06-05 23:15:15,1, 5.708090E+01, 2.961624E+02, 2.967796E+02, 5.570060E+00, 3.606638E+01, 3.047662E+02, 2.971983E+02, 2.965215E+02, 2.971848E+02, 2.970956E+02
2024-06-05 23:30:15,1, 4.591807E+01, 2.959232E+02, 2.965234E+02, 4.676560E+00, 3.164571E+01, 3.043905E+02, 2.969380E+02, 2.962749E+02, 2.968798E+02, 2.967799E+02
2024-06-05 23:45:15,1, 3.483821E+01, 2.956841E+02, 2.962735E+02, 3.684785E+00, 2.687717E+01, 3.040342E+02, 2.966885E+02, 2.960456E+02, 2.965831E+02, 2.964720E+02
2024-06-05 00:00:15,2, 3.661788E+01, 2.956726E+02, 2.960767E+02, 3.858982E+00, 3.115408E+01, 3.032734E+02, 2.961777E+02, 2.954182E+02, 2.963694E+02, 2.962632E+02
2024-06-05 00:15:15,2, 2.010576E+01, 2.953713E+02, 2.956990E+02, 2.295347E+00, 2.358565E+01, 3.028545E+02, 2.957376E+02, 2.949541E+02, 2.958755E+02, 2.957760E+02
2024-06-05 00:30:15,2, 3.936115E+00, 2.950700E+02, 2.952925E+02, 4.967518E-01, 1.631859E+01, 3.024655E+02, 2.952735E+02, 2.944766E+02, 2.954035E+02, 2.952014E+02
2024-06-05 00:45:15,2, 0.000000E+00, 2.947687E+02, 2.948547E+02, 0.000000E+00, 1.007243E+01, 3.021051E+02, 2.948025E+02, 2.939265E+02, 2.949382E+02, 2.946887E+02
2024-06-05 01:00:15,2, 0.000000E+00, 2.944693E+02, 2.944458E+02, 0.000000E+00, 8.374086E+00, 3.017767E+02, 2.943998E+02, 2.934964E+02, 2.945241E+02, 2.942686E+02
2024-06-05 01:15:15,2, 0.000000E+00, 2.942834E+02, 2.940815E+02, 0.000000E+00, 8.047253E+00, 3.014699E+02, 2.940640E+02, 2.931750E+02, 2.941558E+02, 2.939023E+02
2024-06-05 01:30:15,2, 0.000000E+00, 2.940975E+02, 2.937655E+02, 0.000000E+00, 8.278372E+00, 3.011815E+02, 2.937664E+02, 2.928862E+02, 2.938363E+02, 2.935848E+02
2024-06-05 01:45:15,2, 0.000000E+00, 2.939115E+02, 2.934819E+02, 0.000000E+00, 8.559012E+00, 3.009092E+02, 2.934953E+02, 2.926218E+02, 2.935499E+02, 2.933002E+02
2024-06-05 02:00:15,2, 0.000000E+00, 2.937255E+02, 2.932208E+02, 0.000000E+00, 8.825608E+00, 3.006509E+02, 2.932431E+02, 2.923746E+02, 2.932870E+02, 2.930387E+02
2024-06-05 02:15:15,2, 0.000000E+00, 2.935345E+02, 2.929565E+02, 0.000000E+00, 8.642060E+00, 3.004025E+02, 2.929631E+02, 2.920853E+02, 2.930192E+02, 2.927691E+02
2024-06-05 02:30:15,2, 0.000000E+00, 2.933434E+02, 2.926737E+02, 0.000000E+00, 8.422795E+00, 3.001604E+02, 2.926692E+02, 2.917822E+02, 2.927337E+02, 2.924811E+02
2024-06-05 02:45:15,2, 0.000000E+00, 2.931523E+02, 2.923784E+02, 0.000000E+00, 8.197683E+00, 2.999237E+02, 2.923660E+02, 2.914695E+02, 2.924357E+02, 2.921805E+02
2024-06-05 03:00:15,2, 0.000000E+00, 2.929613E+02, 2.920742E+02, 0.000000E+00, 7.974846E+00, 2.996917E+02, 2.920565E+02, 2.911507E+02, 2.921291E+02, 2.918713E+02
2024-06-05 03:15:15,2, 0.000000E+00, 2.927715E+02, 2.917845E+02, 0.000000E+00, 7.535716E+00, 2.994664E+02, 2.917859E+02, 2.908839E+02, 2.918383E+02, 2.915811E+02
2024-06-05 03:30:15,2, 0.000000E+00, 2.925818E+02, 2.915227E+02, 0.000000E+00, 7.201000E+00, 2.992496E+02, 2.915389E+02, 2.906398E+02, 2.915758E+02, 2.913196E+02
2024-06-05 03:45:15,2, 0.000000E+00, 2.923920E+02, 2.912814E+02, 0.000000E+00, 6.930994E+00, 2.990405E+02, 2.913082E+02, 2.904114E+02, 2.913336E+02, 2.910782E+02
2024-06-05 04:00:15,2, 0.000000E+00, 2.922023E+02, 2.910551E+02, 0.000000E+00, 6.704711E+00, 2.988384E+02, 2.910898E+02, 2.901945E+02, 2.911065E+02, 2.908517E+02
2024-06-05 04:15:15,2, 0.000000E+00, 2.920179E+02, 2.908203E+02, 0.000000E+00, 6.538613E+00, 2.986404E+02, 2.908398E+02, 2.899329E+02, 2.908698E+02, 2.906126E+02
2024-06-05 04:30:15,2, 0.000000E+00, 2.918336E+02, 2.905629E+02, 0.000000E+00, 6.350097E+00, 2.984437E+02, 2.905711E+02, 2.896527E+02, 2.906102E+02, 2.903500E+02
2024-06-05 04:45:15,2, 0.000000E+00, 2.916492E+02, 2.902892E+02, 0.000000E+00, 6.152866E+00, 2.982482E+02, 2.902900E+02, 2.893601E+02, 2.903349E+02, 2.900717E+02
2024-06-05 05:00:15,2, 0.000000E+00, 2.914653E+02, 2.900037E+02, 0.000000E+00, 5.952943E+00, 2.980536E+02, 2.900000E+02, 2.890588E+02, 2.900479E+02, 2.897817E+02
2024-06-05 05:15:15,2, 0.000000E+00, 2.913135E+02, 2.897380E+02, 0.000000E+00, 5.675571E+00, 2.978633E+02, 2.897607E+02, 2.888260E+02, 2.897824E+02, 2.895175E+02
2024-06-05 05:30:15,2, 0.000000E+00, 2.911618E+02, 2.895110E+02, 0.000000E+00, 5.459036E+00, 2.976799E+02, 2.895529E+02, 2.886240E+02, 2.895550E+02, 2.892918E+02
2024-06-05 05:45:15,2, 0.000000E+00, 2.910100E+02, 2.893123E+02, 0.000000E+00, 5.282363E+00, 2.975032E+02, 2.893682E+02, 2.884447E+02, 2.893558E+02, 2.890943E+02
2024-06-05 06:00:15,2, 0.000000E+00, 2.908604E+02, 2.891344E+02, 0.000000E+00, 5.151741E+00, 2.973328E+02, 2.892009E+02, 2.882824E+02, 2.891775E+02, 2.889176E+02
2024-06-05 06:15:15,2, 0.000000E+00, 2.908367E+02, 2.889822E+02, 0.000000E+00, 6.051423E+00, 2.971687E+02, 2.890618E+02, 2.881535E+02, 2.890242E+02, 2.887671E+02
2024-06-05 06:30:15,2, 0.000000E+00, 2.908131E+02, 2.888570E+02, 0.000000E+00, 6.846457E+00, 2.970115E+02, 2.889450E+02, 2.880467E+02, 2.888981E+02, 2.886439E+02
2024-06-05 06:45:15,2, 0.000000E+00, 2.907894E+02, 2.887514E+02, 0.000000E+00, 7.555354E+00, 2.968606E+02, 2.888439E+02, 2.879552E+02, 2.887914E+02, 2.885400E+02
2024-06-05 07:00:15,2, 0.000000E+00, 2.907637E+02, 2.886603E+02, 0.000000E+00, 8.161766E+00, 2.967156E+02, 2.887546E+02, 2.878753E+02, 2.886993E+02, 2.884506E+02
2024-06-05 07:15:15,2, 0.000000E+00, 2.906152E+02, 2.885669E+02, 0.000000E+00, 7.024443E+00, 2.965751E+02, 2.886532E+02, 2.877757E+02, 2.886058E+02, 2.883579E+02
2024-06-05 07:30:15,2, 0.000000E+00, 2.904667E+02, 2.884617E+02, 0.000000E+00, 5.996830E+00, 2.964376E+02, 2.885428E+02, 2.876668E+02, 2.885007E+02, 2.882532E+02
2024-06-05 07:45:15,2, 0.000000E+00, 2.903183E+02, 2.883488E+02, 0.000000E+00, 5.070677E+00, 2.963028E+02, 2.884269E+02, 2.875520E+02, 2.883878E+02, 2.881407E+02
2024-06-05 08:00:15,2, 0.000000E+00, 2.901702E+02, 2.882309E+02, 0.000000E+00, 4.239518E+00, 2.961705E+02, 2.883076E+02, 2.874335E+02, 2.882699E+02, 2.880231E+02
2024-06-05 08:15:15,2, 0.000000E+00, 2.900431E+02, 2.881115E+02, 0.000000E+00, 3.667019E+00, 2.960406E+02, 2.881887E+02, 2.873163E+02, 2.881503E+02, 2.879040E+02
2024-06-05 08:30:15,2, 0.000000E+00, 2.899160E+02, 2.879928E+02, 0.000000E+00, 3.152497E+00, 2.959131E+02, 2.880708E+02, 2.871999E+02, 2.880313E+02, 2.877855E+02
2024-06-05 08:45:15,2, 0.000000E+00, 2.897890E+02, 2.878748E+02, 0.000000E+00, 2.688418E+00, 2.957880E+02, 2.879540E+02, 2.870843E+02, 2.879130E+02, 2.876677E+02
2024-06-05 09:00:15,2, 0.000000E+00, 2.896629E+02, 2.877579E+02, 0.000000E+00, 2.269514E+00, 2.956651E+02, 2.878384E+02, 2.869700E+02, 2.877958E+02, 2.875510E+02
2024-06-05 09:15:15,2, 0.000000E+00, 2.895920E+02, 2.876506E+02, 0.000000E+00, 1.964276E+00, 2.955452E+02, 2.877394E+02, 2.868771E+02, 2.876881E+02, 2.874448E+02
2024-06-05 09:30:15,2, 0.000000E+00, 2.895212E+02, 2.875578E+02, 0.000000E+00, 1.691854E+00, 2.954289E+02, 2.876527E+02, 2.867963E+02, 2.875947E+02, 2.873532E+02
2024-06-05 09:45:15,2, 0.000000E+00, 2.894503E+02, 2.874759E+02, 0.000000E+00, 1.446630E+00, 2.953161E+02, 2.875752E+02, 2.867246E+02, 2.875122E+02, 2.872724E+02
2024-06-05 10:00:15,2, 4.405325E+01, 2.893844E+02, 2.874190E+02, 4.749159E+00, 1.197027E+00, 2.952092E+02, 2.877892E+02, 2.872296E+02, 2.874858E+02, 2.872705E+02
2024-06-05 10:15:15,2, 7.046063E+01, 2.896115E+02, 2.881985E+02, 6.544033E+00, 5.102965E-01, 2.952193E+02, 2.887460E+02, 2.883595E+02, 2.883998E+02, 2.883508E+02
2024-06-05 10:30:15,2, 9.724610E+01, 2.898386E+02, 2.890421E+02, 7.816777E+00, 6.630089E-01, 2.952790E+02, 2.896048E+02, 2.892912E+02, 2.893433E+02, 2.893649E+02
2024-06-05 10:45:15,2, 1.242950E+02, 2.900657E+02, 2.899382E+02, 8.841238E+00, 1.833082E+00, 2.953859E+02, 2.905199E+02, 2.902958E+02, 2.903458E+02, 2.904341E+02
2024-06-05 11:00:15,2, 1.908075E+02, 2.902967E+02, 2.907845E+02, 9.888041E+00, 1.887335E+01, 2.955305E+02, 2.914959E+02, 2.915102E+02, 2.913159E+02, 2.914341E+02
2024-06-05 11:15:15,2, 2.251013E+02, 2.907544E+02, 2.915172E+02, 1.027315E+01, 2.495548E+01, 2.957492E+02, 2.923586E+02, 2.924482E+02, 2.922846E+02, 2.924973E+02
2024-06-05 11:30:15,2, 2.592874E+02, 2.912122E+02, 2.920670E+02, 1.063217E+01, 2.900868E+01, 2.960151E+02, 2.930236E+02, 2.931397E+02, 2.929557E+02, 2.931727E+02
2024-06-05 11:45:15,2, 2.932195E+02, 2.916699E+02, 2.926082E+02, 1.083051E+01, 3.391705E+01, 2.963266E+02, 2.936856E+02, 2.938348E+02, 2.936054E+02, 2.938246E+02
2024-06-05 12:00:15,2, 3.548021E+02, 2.921283E+02, 2.931526E+02, 1.100792E+01, 3.863917E+01, 2.966831E+02, 2.944475E+02, 2.946819E+02, 2.942753E+02, 2.945016E+02
2024-06-05 12:15:15,2, 3.906238E+02, 2.926209E+02, 2.937954E+02, 1.111249E+01, 4.466398E+01, 2.971408E+02, 2.952589E+02, 2.955167E+02, 2.950941E+02, 2.953373E+02
2024-06-05 12:30:15,2, 4.257026E+02, 2.931135E+02, 2.943666E+02, 1.113886E+01, 4.920344E+01, 2.976375E+02, 2.959538E+02, 2.962319E+02, 2.957652E+02, 2.960042E+02
2024-06-05 12:45:15,2, 4.598881E+02, 2.936062E+02, 2.949327E+02, 1.114289E+01, 5.377277E+01, 2.981694E+02, 2.966372E+02, 2.969357E+02, 2.964245E+02, 2.966600E+02
2024-06-05 13:00:15,2, 4.769503E+02, 2.940961E+02, 2.954917E+02, 1.110539E+01, 5.834438E+01, 2.987308E+02, 2.972599E+02, 2.975695E+02, 2.970599E+02, 2.972943E+02
2024-06-05 13:15:15,2, 5.078720E+02, 2.944293E+02, 2.958938E+02, 1.105754E+01, 6.361412E+01, 2.992707E+02, 2.977730E+02, 2.981096E+02, 2.975342E+02, 2.977695E+02
2024-06-05 13:30:15,2, 5.375184E+02, 2.947625E+02, 2.962985E+02, 1.100043E+01, 6.708228E+01, 2.998313E+02, 2.983074E+02, 2.986662E+02, 2.980317E+02, 2.982684E+02
2024-06-05 13:45:15,2, 5.657624E+02, 2.950957E+02, 2.966998E+02, 1.092324E+01, 7.030560E+01, 3.004079E+02, 2.988330E+02, 2.992142E+02, 2.985212E+02, 2.987595E+02
2024-06-05 14:00:15,2, 6.842481E+02, 2.954320E+02, 2.971156E+02, 1.086290E+01, 7.408655E+01, 3.010058E+02, 2.996170E+02, 3.000332E+02, 2.990856E+02, 2.993093E+02
2024-06-05 14:15:15,2, 7.132161E+02, 2.959469E+02, 2.977932E+02, 1.058425E+01, 8.829830E+01, 3.018959E+02, 3.004766E+02, 3.008524E+02, 3.000004E+02, 3.001894E+02
2024-06-05 14:30:15,2, 7.401687E+02, 2.964619E+02, 2.983529E+02, 1.033915E+01, 9.193127E+01, 3.027442E+02, 3.010911E+02, 3.014658E+02, 3.006126E+02, 3.007887E+02
2024-06-05 14:45:15,2, 7.649905E+02, 2.969768E+02, 2.989080E+02, 1.008900E+01, 9.520160E+01, 3.035602E+02, 3.016935E+02, 3.020692E+02, 3.012127E+02, 3.013779E+02
2024-06-05 15:00:15,2, 8.034859E+02, 2.974880E+02, 2.994620E+02, 9.828825E+00, 9.789812E+01, 3.043505E+02, 3.023299E+02, 3.027090E+02, 3.018171E+02, 3.019697E+02
2024-06-05 15:15:15,2, 8.241459E+02, 2.977760E+02, 2.998667E+02, 9.548303E+00, 9.500330E+01, 3.051689E+02, 3.028877E+02, 3.032729E+02, 3.023379E+02, 3.024814E+02
2024-06-05 15:30:15,2, 8.423366E+02, 2.980641E+02, 3.002166E+02, 9.319137E+00, 9.611328E+01, 3.059551E+02, 3.033656E+02, 3.037611E+02, 3.027544E+02, 3.028944E+02
2024-06-05 15:45:15,2, 8.579799E+02, 2.983521E+02, 3.005604E+02, 9.090908E+00, 9.714572E+01, 3.067107E+02, 3.038272E+02, 3.042321E+02, 3.031574E+02, 3.032945E+02
2024-06-05 16:00:15,2, 8.236248E+02, 2.986376E+02, 3.008904E+02, 8.852771E+00, 9.780974E+01, 3.074298E+02, 3.041484E+02, 3.045708E+02, 3.035084E+02, 3.036546E+02
2024-06-05 16:15:15,2, 8.334202E+02, 2.987747E+02, 3.010256E+02, 8.838744E+00, 9.782582E+01, 3.079559E+02, 3.043015E+02, 3.047465E+02, 3.036073E+02, 3.037688E+02
2024-06-05 16:30:15,2, 8.406488E+02, 2.989118E+02, 3.011973E+02, 8.714877E+00, 9.813470E+01, 3.084747E+02, 3.045470E+02, 3.049911E+02, 3.038081E+02, 3.039676E+02
2024-06-05 16:45:15,2, 8.452797E+02, 2.990490E+02, 3.013632E+02, 8.598218E+00, 9.831706E+01, 3.089770E+02, 3.047741E+02, 3.052145E+02, 3.039964E+02, 3.041533E+02
2024-06-05 17:00:15,2, 8.427602E+02, 2.991852E+02, 3.015222E+02, 8.489732E+00, 9.848159E+01, 3.094559E+02, 3.049697E+02, 3.054050E+02, 3.041674E+02, 3.043226E+02
2024-06-05 17:15:15,2, 8.421506E+02, 2.992702E+02, 3.016238E+02, 8.433719E+00, 9.928374E+01, 3.098899E+02, 3.050970E+02, 3.055215E+02, 3.042719E+02, 3.044252E+02
2024-06-05 17:30:15,2, 8.389315E+02, 2.993552E+02, 3.017181E+02, 8.379508E+00, 9.931876E+01, 3.102937E+02, 3.052095E+02, 3.056191E+02, 3.043657E+02, 3.045150E+02
2024-06-05 17:45:15,2, 8.331166E+02, 2.994403E+02, 3.018059E+02, 8.337591E+00, 9.931544E+01, 3.106638E+02, 3.053004E+02, 3.056934E+02, 3.044455E+02, 3.045906E+02
2024-06-05 18:00:15,2, 6.971350E+02, 2.995212E+02, 3.018635E+02, 8.289126E+00, 9.994130E+01, 3.109819E+02, 3.050308E+02, 3.054202E+02, 3.044039E+02, 3.045735E+02
2024-06-05 18:15:15,2, 6.879039E+02, 2.993595E+02, 3.015463E+02, 8.781967E+00, 1.139554E+02, 3.108455E+02, 3.044982E+02, 3.049347E+02, 3.038530E+02, 3.040652E+02
2024-06-05 18:30:15,2, 6.765696E+02, 2.991977E+02, 3.013704E+02, 8.872563E+00, 1.145657E+02, 3.107639E+02, 3.042899E+02, 3.047172E+02, 3.036491E+02, 3.038591E+02
2024-06-05 18:45:15,2, 6.631806E+02, 2.990360E+02, 3.011920E+02, 8.962009E+00, 1.147311E+02, 3.107083E+02, 3.040726E+02, 3.044866E+02, 3.034392E+02, 3.036459E+02
2024-06-05 19:00:15,2, 5.516937E+02, 2.988768E+02, 3.009896E+02, 9.018140E+00, 1.138391E+02, 3.106480E+02, 3.035586E+02, 3.039074E+02, 3.031346E+02, 3.033482E+02
2024-06-05 19:15:15,2, 5.369450E+02, 2.988652E+02, 3.007503E+02, 9.370190E+00, 1.047282E+02, 3.103011E+02, 3.030929E+02, 3.034415E+02, 3.026682E+02, 3.028878E+02
2024-06-05 19:30:15,2, 5.206145E+02, 2.988536E+02, 3.006846E+02, 9.436613E+00, 1.041081E+02, 3.100462E+02, 3.029377E+02, 3.032614E+02, 3.025710E+02, 3.027864E+02
2024-06-05 19:45:15,2, 5.027722E+02, 2.988420E+02, 3.006179E+02, 9.498066E+00, 1.032898E+02, 3.098471E+02, 3.027791E+02, 3.030723E+02, 3.024719E+02, 3.026816E+02
2024-06-05 20:00:15,2, 4.297802E+02, 2.988282E+02, 3.005346E+02, 9.508055E+00, 1.014337E+02, 3.096748E+02, 3.024313E+02, 3.026220E+02, 3.023151E+02, 3.025179E+02
2024-06-05 20:15:15,2, 4.114415E+02, 2.986855E+02, 3.002551E+02, 9.756614E+00, 8.656057E+01, 3.093841E+02, 3.020084E+02, 3.021624E+02, 3.018938E+02, 3.020802E+02
2024-06-05 20:30:15,2, 3.919788E+02, 2.985428E+02, 3.000651E+02, 9.871147E+00, 8.418424E+01, 3.091007E+02, 3.017604E+02, 3.018778E+02, 3.016690E+02, 3.018502E+02
2024-06-05 20:45:15,2, 3.714753E+02, 2.984001E+02, 2.998728E+02, 9.976511E+00, 8.170998E+01, 3.088211E+02, 3.015074E+02, 3.015851E+02, 3.014406E+02, 3.016163E+02
2024-06-05 21:00:15,2, 2.486276E+02, 2.982563E+02, 2.996501E+02, 9.665010E+00, 7.824396E+01, 3.085338E+02, 3.008713E+02, 3.006773E+02, 3.011018E+02, 3.012568E+02
2024-06-05 21:15:15,2, 2.327750E+02, 2.980525E+02, 2.991513E+02, 9.988217E+00, 6.624176E+01, 3.080317E+02, 3.001532E+02, 2.998906E+02, 3.002849E+02, 3.003735E+02
2024-06-05 21:30:15,2, 2.163786E+02, 2.978487E+02, 2.989049E+02, 1.003864E+01, 6.380862E+01, 3.075887E+02, 2.998628E+02, 2.995699E+02, 2.999779E+02, 3.000610E+02
2024-06-05 21:45:15,2, 1.995087E+02, 2.976449E+02, 2.986650E+02, 1.000853E+01, 6.036083E+01, 3.071867E+02, 2.995833E+02, 2.992590E+02, 2.996801E+02, 2.997556E+02
2024-06-05 22:00:15,2, 1.402458E+02, 2.974401E+02, 2.984157E+02, 9.084529E+00, 5.656416E+01, 3.068100E+02, 2.991705E+02, 2.986814E+02, 2.993368E+02, 2.993935E+02
2024-06-05 22:15:15,2, 1.267024E+02, 2.971804E+02, 2.980027E+02, 8.927630E+00, 5.585204E+01, 3.063685E+02, 2.986427E+02, 2.980908E+02, 2.987415E+02, 2.987598E+02
2024-06-05 22:30:15,2, 1.129651E+02, 2.969207E+02, 2.976960E+02, 8.575085E+00, 5.285384E+01, 3.059519E+02, 2.982836E+02, 2.977042E+02, 2.983685E+02, 2.983846E+02
2024-06-05 22:45:15,2, 9.909269E+01, 2.966609E+02, 2.973941E+02, 8.073236E+00, 4.868217E+01, 3.055536E+02, 2.979314E+02, 2.973194E+02, 2.979947E+02, 2.979795E+02
2024-06-05 23:00:15,2, 6.827888E+01, 2.964015E+02, 2.970903E+02, 6.341417E+00, 4.381500E+01, 3.051672E+02, 2.975549E+02, 2.968879E+02, 2.976070E+02, 2.975605E+02
2024-06-05 23:15:15,2, 5.708090E+01, 2.961624E+02, 2.967795E+02, 5.579666E+00, 3.610314E+01, 3.047659E+02, 2.972200E+02, 2.965568E+02, 2.971880E+02, 2.971022E+02
2024-06-05 23:30:15,2, 4.591807E+01, 2.959232E+02, 2.965233E+02, 4.683755E+00, 3.167615E+01, 3.043902E+02, 2.969600E+02, 2.963121E+02, 2.968834E+02, 2.967872E+02
2024-06-05 23:45:15,2, 3.483821E+01, 2.956841E+02, 2.962736E+02, 3.688064E+00, 2.689642E+01, 3.040339E+02, 2.967108E+02, 2.960841E+02, 2.965873E+02, 2.964800E+02
2024-06-06 00:00:15,1, 2.075615E+01, 2.954433E+02, 2.960271E+02, 2.309504E+00, 2.175839E+01, 3.036924E+02, 2.964464E+02, 2.958286E+02, 2.962879E+02, 2.961657E+02
2024-06-06 00:15:15,1, 1.156995E+01, 2.951069E+02, 2.957049E+02, 1.341768E+00, 1.508925E+01, 3.033529E+02, 2.961111E+02, 2.955065E+02, 2.959222E+02, 2.957829E+02
2024-06-06 00:30:15,1, 2.573752E+00, 2.947704E+02, 2.953484E+02, 3.124180E-01, 1.074871E+01, 3.030340E+02, 2.957191E+02, 2.951313E+02, 2.955304E+02, 2.953677E+02
2024-06-06 00:45:15,1, 0.000000E+00, 2.944339E+02, 2.949882E+02, 0.000000E+00, 9.363933E+00, 3.027327E+02, 2.953457E+02, 2.947412E+02, 2.951532E+02, 2.949813E+02
2024-06-06 01:00:15,1, 0.000000E+00, 2.940986E+02, 2.946527E+02, 0.000000E+00, 8.819409E+00, 3.024542E+02, 2.950172E+02, 2.944078E+02, 2.948160E+02, 2.946432E+02
2024-06-06 01:15:15,1, 0.000000E+00, 2.938315E+02, 2.943666E+02, 0.000000E+00, 6.416904E+00, 3.022032E+02, 2.947351E+02, 2.941206E+02, 2.945222E+02, 2.943479E+02
2024-06-06 01:30:15,1, 0.000000E+00, 2.935644E+02, 2.941020E+02, 0.000000E+00, 5.754451E+00, 3.020376E+02, 2.944796E+02, 2.938571E+02, 2.942570E+02, 2.940808E+02
2024-06-06 01:45:15,1, 0.000000E+00, 2.932973E+02, 2.938421E+02, 0.000000E+00, 5.365094E+00, 3.019339E+02, 2.942345E+02, 2.936010E+02, 2.939992E+02, 2.938203E+02
2024-06-06 02:00:15,1, 0.000000E+00, 2.930314E+02, 2.935852E+02, 0.000000E+00, 5.023604E+00, 3.018731E+02, 2.939959E+02, 2.933493E+02, 2.937451E+02, 2.935628E+02
2024-06-06 02:15:15,1, 0.000000E+00, 2.928394E+02, 2.933835E+02, 0.000000E+00, 4.315547E+00, 3.018561E+02, 2.938172E+02, 2.931612E+02, 2.935401E+02, 2.933549E+02
2024-06-06 02:30:15,1, 0.000000E+00, 2.926473E+02, 2.932054E+02, 0.000000E+00, 4.087619E+00, 3.018964E+02, 2.936641E+02, 2.929975E+02, 2.933666E+02, 2.931786E+02
2024-06-06 02:45:15,1, 0.000000E+00, 2.924552E+02, 2.930305E+02, 0.000000E+00, 3.921557E+00, 3.019683E+02, 2.935169E+02, 2.928382E+02, 2.931980E+02, 2.930068E+02
2024-06-06 03:00:15,1, 0.000000E+00, 2.922643E+02, 2.928567E+02, 0.000000E+00, 3.733617E+00, 3.020524E+02, 2.933719E+02, 2.926807E+02, 2.930309E+02, 2.928363E+02
2024-06-06 03:15:15,1, 0.000000E+00, 2.921425E+02, 2.927360E+02, 0.000000E+00, 2.544360E+00, 3.021363E+02, 2.932871E+02, 2.925908E+02, 2.929117E+02, 2.927150E+02
2024-06-06 03:30:15,1, 0.000000E+00, 2.920207E+02, 2.926344E+02, 0.000000E+00, 2.304643E+00, 3.022116E+02, 2.932175E+02, 2.925180E+02, 2.928177E+02, 2.926201E+02
2024-06-06 03:45:15,1, 0.000000E+00, 2.918989E+02, 2.925327E+02, 0.000000E+00, 2.206730E+00, 3.022757E+02, 2.931470E+02, 2.924449E+02, 2.927242E+02, 2.925259E+02
2024-06-06 04:00:15,1, 0.000000E+00, 2.917791E+02, 2.924303E+02, 0.000000E+00, 2.170829E+00, 3.023262E+02, 2.930753E+02, 2.923716E+02, 2.926296E+02, 2.924308E+02
2024-06-06 04:15:15,1, 0.000000E+00, 2.917721E+02, 2.924227E+02, 0.000000E+00, 3.389254E+00, 3.025275E+02, 2.931316E+02, 2.924435E+02, 2.926234E+02, 2.924266E+02
2024-06-06 04:30:15,1, 0.000000E+00, 2.917650E+02, 2.924639E+02, 0.000000E+00, 4.109348E+00, 3.030153E+02, 2.932587E+02, 2.925724E+02, 2.926858E+02, 2.924889E+02
2024-06-06 04:45:15,1, 0.000000E+00, 2.917580E+02, 2.925141E+02, 0.000000E+00, 5.053402E+00, 3.036124E+02, 2.934052E+02, 2.927132E+02, 2.927630E+02, 2.925640E+02
2024-06-06 05:00:15,1, 0.000000E+00, 2.917511E+02, 2.925644E+02, 0.000000E+00, 6.625929E+00, 3.042114E+02, 2.935528E+02, 2.928531E+02, 2.928416E+02, 2.926400E+02
2024-06-06 05:15:15,1, 0.000000E+00, 2.917559E+02, 2.925972E+02, 0.000000E+00, 6.285960E+00, 3.045005E+02, 2.936297E+02, 2.929156E+02, 2.928926E+02, 2.926870E+02
2024-06-06 05:30:15,1, 0.000000E+00, 2.917606E+02, 2.926077E+02, 0.000000E+00, 5.803772E+00, 3.044348E+02, 2.936501E+02, 2.929402E+02, 2.929088E+02, 2.927040E+02
2024-06-06 05:45:15,1, 0.000000E+00, 2.917654E+02, 2.926107E+02, 0.000000E+00, 5.526153E+00, 3.042768E+02, 2.936544E+02, 2.929538E+02, 2.929131E+02, 2.927107E+02
2024-06-06 06:00:15,1, 0.000000E+00, 2.917705E+02, 2.926129E+02, 0.000000E+00, 5.351173E+00, 3.041226E+02, 2.936577E+02, 2.929662E+02, 2.929159E+02, 2.927159E+02
2024-06-06 06:15:15,1, 0.000000E+00, 2.917976E+02, 2.926169E+02, 0.000000E+00, 4.072699E+00, 3.038959E+02, 2.936160E+02, 2.929241E+02, 2.929083E+02, 2.927088E+02
2024-06-06 06:30:15,1, 0.000000E+00, 2.918248E+02, 2.926148E+02, 0.000000E+00, 3.433731E+00, 3.035590E+02, 2.935566E+02, 2.928704E+02, 2.928905E+02, 2.926930E+02
2024-06-06 06:45:15,1, 0.000000E+00, 2.918520E+02, 2.926106E+02, 0.000000E+00, 3.010417E+00, 3.032144E+02, 2.934946E+02, 2.928142E+02, 2.928697E+02, 2.926742E+02
2024-06-06 07:00:15,1, 0.000000E+00, 2.918785E+02, 2.926065E+02, 0.000000E+00, 2.742479E+00, 3.028952E+02, 2.934355E+02, 2.927595E+02, 2.928496E+02, 2.926557E+02
2024-06-06 07:15:15,1, 0.000000E+00, 2.918690E+02, 2.925873E+02, 0.000000E+00, 3.873247E+00, 3.025996E+02, 2.933921E+02, 2.927305E+02, 2.928250E+02, 2.926351E+02
2024-06-06 07:30:15,1, 0.000000E+00, 2.918595E+02, 2.925647E+02, 0.000000E+00, 3.870586E+00, 3.023188E+02, 2.933474E+02, 2.926992E+02, 2.927961E+02, 2.926100E+02
2024-06-06 07:45:15,1, 0.000000E+00, 2.918499E+02, 2.925431E+02, 0.000000E+00, 3.735722E+00, 3.020596E+02, 2.933056E+02, 2.926699E+02, 2.927685E+02, 2.925860E+02
2024-06-06 08:00:15,1, 0.000000E+00, 2.918404E+02, 2.925227E+02, 0.000000E+00, 3.609940E+00, 3.018207E+02, 2.932671E+02, 2.926426E+02, 2.927427E+02, 2.925634E+02
2024-06-06 08:15:15,1, 0.000000E+00, 2.918290E+02, 2.925057E+02, 0.000000E+00, 3.788574E+00, 3.016679E+02, 2.932460E+02, 2.926300E+02, 2.927233E+02, 2.925464E+02
2024-06-06 08:30:15,1, 0.000000E+00, 2.918175E+02, 2.924971E+02, 0.000000E+00, 3.894707E+00, 3.016666E+02, 2.932481E+02, 2.926326E+02, 2.927166E+02, 2.925397E+02
2024-06-06 08:45:15,1, 0.000000E+00, 2.918061E+02, 2.924934E+02, 0.000000E+00, 4.028723E+00, 3.017386E+02, 2.932626E+02, 2.926437E+02, 2.927176E+02, 2.925395E+02
2024-06-06 09:00:15,1, 0.000000E+00, 2.917954E+02, 2.924917E+02, 0.000000E+00, 4.202013E+00, 3.018406E+02, 2.932823E+02, 2.926582E+02, 2.927220E+02, 2.925422E+02
2024-06-06 09:15:15,1, 0.000000E+00, 2.918287E+02, 2.925153E+02, 0.000000E+00, 4.725715E+00, 3.018486E+02, 2.933056E+02, 2.926796E+02, 2.927426E+02, 2.925618E+02
2024-06-06 09:30:15,1, 0.000000E+00, 2.918620E+02, 2.925400E+02, 0.000000E+00, 4.722089E+00, 3.017021E+02, 2.933129E+02, 2.926936E+02, 2.927637E+02, 2.925848E+02
2024-06-06 09:45:15,1, 0.000000E+00, 2.918952E+02, 2.925610E+02, 0.000000E+00, 4.627419E+00, 3.015014E+02, 2.933109E+02, 2.927014E+02, 2.927791E+02, 2.926029E+02
2024-06-06 10:00:15,1, 1.917356E+01, 2.919295E+02, 2.925855E+02, 2.240900E+00, 4.586306E+00, 3.012922E+02, 2.933786E+02, 2.928152E+02, 2.928138E+02, 2.926465E+02
2024-06-06 10:15:15,1, 3.054190E+01, 2.920223E+02, 2.927411E+02, 3.422734E+00, 5.269007E+00, 3.011283E+02, 2.935916E+02, 2.930762E+02, 2.930625E+02, 2.929527E+02
2024-06-06 10:30:15,1, 4.207362E+01, 2.921151E+02, 2.928617E+02, 4.524542E+00, 7.609859E+00, 3.009751E+02, 2.937371E+02, 2.932667E+02, 2.932274E+02, 2.931432E+02
2024-06-06 10:45:15,1, 5.371936E+01, 2.922080E+02, 2.929823E+02, 5.526540E+00, 1.020132E+01, 3.008435E+02, 2.938877E+02, 2.934614E+02, 2.933908E+02, 2.933306E+02
2024-06-06 11:00:15,1, 8.540633E+01, 2.923010E+02, 2.931094E+02, 7.688461E+00, 1.308809E+01, 3.007382E+02, 2.941154E+02, 2.937831E+02, 2.935776E+02, 2.935457E+02
2024-06-06 11:15:15,1, 1.007098E+02, 2.924027E+02, 2.932908E+02, 8.459020E+00, 2.230904E+01, 3.006927E+02, 2.943341E+02, 2.940437E+02, 2.938595E+02, 2.938722E+02
2024-06-06 11:30:15,1, 1.159660E+02, 2.925045E+02, 2.934152E+02, 9.088955E+00, 2.552299E+01, 3.006621E+02, 2.944666E+02, 2.942121E+02, 2.940200E+02, 2.940483E+02
2024-06-06 11:45:15,1, 1.311096E+02, 2.926062E+02, 2.935384E+02, 9.604265E+00, 2.813462E+01, 3.006460E+02, 2.946022E+02, 2.943817E+02, 2.941779E+02, 2.942207E+02
2024-06-06 12:00:15,1, 1.836371E+02, 2.927097E+02, 2.936722E+02, 1.073779E+01, 3.096376E+01, 3.006462E+02, 2.948870E+02, 2.947968E+02, 2.943755E+02, 2.944418E+02
2024-06-06 12:15:15,1, 2.021480E+02, 2.929113E+02, 2.940018E+02, 1.104630E+01, 4.070362E+01, 3.007411E+02, 2.953302E+02, 2.952951E+02, 2.948608E+02, 2.949840E+02
2024-06-06 12:30:15,1, 2.202760E+02, 2.931130E+02, 2.942468E+02, 1.117275E+01, 4.449819E+01, 3.008525E+02, 2.956342E+02, 2.956468E+02, 2.951724E+02, 2.953155E+02
2024-06-06 12:45:15,1, 2.379434E+02, 2.933147E+02, 2.944900E+02, 1.123241E+01, 4.791394E+01, 3.009788E+02, 2.959371E+02, 2.959948E+02, 2.954793E+02, 2.956419E+02
2024-06-06 13:00:15,1, 2.768204E+02, 2.935176E+02, 2.947380E+02, 1.138774E+01, 5.092032E+01, 3.011200E+02, 2.963239E+02, 2.964748E+02, 2.958066E+02, 2.959923E+02
2024-06-06 13:15:15,1, 2.947507E+02, 2.937917E+02, 2.950990E+02, 1.138705E+01, 4.838826E+01, 3.013234E+02, 2.967773E+02, 2.969764E+02, 2.962789E+02, 2.964991E+02
2024-06-06 13:30:15,1, 3.119427E+02, 2.940658E+02, 2.954134E+02, 1.137550E+01, 5.073649E+01, 3.015402E+02, 2.971504E+02, 2.973918E+02, 2.966511E+02, 2.968876E+02
2024-06-06 13:45:15,1, 3.283227E+02, 2.943399E+02, 2.957245E+02, 1.136220E+01, 5.335231E+01, 3.017664E+02, 2.975167E+02, 2.977977E+02, 2.970166E+02, 2.972685E+02
2024-06-06 14:00:15,1, 2.707896E+02, 2.946114E+02, 2.960120E+02, 1.105367E+01, 5.546245E+01, 3.019941E+02, 2.975884E+02, 2.977422E+02, 2.972999E+02, 2.975516E+02
2024-06-06 14:15:15,1, 2.822487E+02, 2.947285E+02, 2.960046E+02, 1.115834E+01, 5.214257E+01, 3.020714E+02, 2.975355E+02, 2.977146E+02, 2.971646E+02, 2.973781E+02
2024-06-06 14:30:15,1, 2.929118E+02, 2.948457E+02, 2.961569E+02, 1.122272E+01, 5.403293E+01, 3.021748E+02, 2.977550E+02, 2.979706E+02, 2.973621E+02, 2.975917E+02
2024-06-06 14:45:15,1, 3.027332E+02, 2.949628E+02, 2.963094E+02, 1.124455E+01, 5.557709E+01, 3.022967E+02, 2.979732E+02, 2.982238E+02, 2.975602E+02, 2.978043E+02
2024-06-06 15:00:15,1, 1.602334E+02, 2.950735E+02, 2.964155E+02, 9.779484E+00, 5.608736E+01, 3.024206E+02, 2.975918E+02, 2.974667E+02, 2.975912E+02, 2.978109E+02
2024-06-06 15:15:15,1, 1.643543E+02, 2.948030E+02, 2.958242E+02, 1.011733E+01, 4.724118E+01, 3.022484E+02, 2.968094E+02, 2.966484E+02, 2.966371E+02, 2.967259E+02
2024-06-06 15:30:15,1, 1.679836E+02, 2.945325E+02, 2.955783E+02, 1.030286E+01, 4.761338E+01, 3.021279E+02, 2.966243E+02, 2.964777E+02, 2.964012E+02, 2.964952E+02
2024-06-06 15:45:15,1, 1.711056E+02, 2.942620E+02, 2.953395E+02, 1.040929E+01, 4.705732E+01, 3.020412E+02, 2.964462E+02, 2.963132E+02, 2.961775E+02, 2.962746E+02
2024-06-06 16:00:15,1, 2.134387E+02, 2.939929E+02, 2.951118E+02, 1.104111E+01, 4.589447E+01, 3.019738E+02, 2.964229E+02, 2.964096E+02, 2.959948E+02, 2.961041E+02
2024-06-06 16:15:15,1, 2.159819E+02, 2.938063E+02, 2.950619E+02, 1.105791E+01, 3.519855E+01, 3.021935E+02, 2.965238E+02, 2.965268E+02, 2.960682E+02, 2.962155E+02
2024-06-06 16:30:15,1, 2.178609E+02, 2.936198E+02, 2.949336E+02, 1.110967E+01, 3.348453E+01, 3.029431E+02, 2.965302E+02, 2.965088E+02, 2.959725E+02, 2.961122E+02
2024-06-06 16:45:15,1, 2.190676E+02, 2.934333E+02, 2.948156E+02, 1.118662E+01, 3.441232E+01, 3.040339E+02, 2.965728E+02, 2.965067E+02, 2.958931E+02, 2.960195E+02
2024-06-06 17:00:15,1, 1.781637E+02, 2.932496E+02, 2.947179E+02, 1.071964E+01, 7.016441E+01, 3.050885E+02, 2.964886E+02, 2.962690E+02, 2.957938E+02, 2.958944E+02
2024-06-06 17:15:15,1, 1.780416E+02, 2.932326E+02, 2.946155E+02, 1.085990E+01, 9.532064E+01, 3.061176E+02, 2.963988E+02, 2.961197E+02, 2.955735E+02, 2.956165E+02
2024-06-06 17:30:15,1, 1.773686E+02, 2.932157E+02, 2.946485E+02, 1.090784E+01, 1.086363E+02, 3.073410E+02, 2.965094E+02, 2.961684E+02, 2.956192E+02, 2.956425E+02
2024-06-06 17:45:15,1, 1.761476E+02, 2.931987E+02, 2.946800E+02, 1.090237E+01, 1.215008E+02, 3.084475E+02, 2.966080E+02, 2.962104E+02, 2.956632E+02, 2.956676E+02
2024-06-06 18:00:15,1, 6.792065E+02, 2.931939E+02, 2.948338E+02, 1.269586E+01, 1.374712E+02, 3.094178E+02, 2.985124E+02, 2.989040E+02, 2.962024E+02, 2.962510E+02
2024-06-06 18:15:15,1, 6.702516E+02, 2.939011E+02, 2.964031E+02, 1.167449E+01, 2.100035E+02, 3.108931E+02, 3.006725E+02, 3.010316E+02, 2.989025E+02, 2.991881E+02
2024-06-06 18:30:15,1, 6.592502E+02, 2.946083E+02, 2.970714E+02, 1.109290E+01, 2.229552E+02, 3.117813E+02, 3.011665E+02, 3.014804E+02, 2.995285E+02, 2.997859E+02
2024-06-06 18:45:15,1, 6.462494E+02, 2.953156E+02, 2.977201E+02, 1.074528E+01, 2.343928E+02, 3.124645E+02, 3.016099E+02, 3.018730E+02, 3.001182E+02, 3.003527E+02
2024-06-06 19:00:15,1, 6.864561E+02, 2.960160E+02, 2.983673E+02, 1.049355E+01, 2.466681E+02, 3.130538E+02, 3.021807E+02, 3.024023E+02, 3.007371E+02, 3.009412E+02
2024-06-06 19:15:15,1, 6.681622E+02, 2.963135E+02, 2.987137E+02, 1.019539E+01, 2.733072E+02, 3.128373E+02, 3.023871E+02, 3.025711E+02, 3.011609E+02, 3.013445E+02
2024-06-06 19:30:15,1, 6.479027E+02, 2.966111E+02, 2.989061E+02, 1.008310E+01, 2.659984E+02, 3.119749E+02, 3.023016E+02, 3.024979E+02, 3.012628E+02, 3.014460E+02
2024-06-06 19:45:15,1, 6.257644E+02, 2.969086E+02, 2.990907E+02, 9.994005E+00, 2.583884E+02, 3.111278E+02, 3.022015E+02, 3.024083E+02, 3.013499E+02, 3.015336E+02
2024-06-06 20:00:15,1, 5.612916E+02, 2.972011E+02, 2.992642E+02, 9.894929E+00, 2.522584E+02, 3.103892E+02, 3.019820E+02, 3.021741E+02, 3.013961E+02, 3.015834E+02
2024-06-06 20:15:15,1, 5.374128E+02, 2.971951E+02, 2.991391E+02, 9.956205E+00, 2.416349E+02, 3.096240E+02, 3.015926E+02, 3.017917E+02, 3.011300E+02, 3.013204E+02
2024-06-06 20:30:15,1, 5.120679E+02, 2.971892E+02, 2.990366E+02, 9.955150E+00, 2.345815E+02, 3.089325E+02, 3.012851E+02, 3.014750E+02, 3.009444E+02, 3.011327E+02
2024-06-06 20:45:15,1, 4.853656E+02, 2.971832E+02, 2.988888E+02, 9.910908E+00, 1.505438E+02, 3.087469E+02, 3.009586E+02, 3.011176E+02, 3.007259E+02, 3.009062E+02
2024-06-06 21:00:15,1, 4.287447E+02, 2.971746E+02, 2.987894E+02, 9.832163E+00, 1.347289E+02, 3.086704E+02, 3.006013E+02, 3.006868E+02, 3.005274E+02, 3.006977E+02
2024-06-06 21:15:15,1, 4.014980E+02, 2.970059E+02, 2.985169E+02, 9.874961E+00, 1.070299E+02, 3.084959E+02, 3.001583E+02, 3.001898E+02, 3.001333E+02, 3.002865E+02
2024-06-06 21:30:15,1, 3.733149E+02, 2.968372E+02, 2.982711E+02, 9.905336E+00, 1.017503E+02, 3.082928E+02, 2.997828E+02, 2.997564E+02, 2.998134E+02, 2.999563E+02
2024-06-06 21:45:15,1, 3.443162E+02, 2.966685E+02, 2.980207E+02, 9.922488E+00, 9.760197E+01, 3.080568E+02, 2.993947E+02, 2.993090E+02, 2.994842E+02, 2.996176E+02
2024-06-06 22:00:15,1, 2.529339E+02, 2.964974E+02, 2.977483E+02, 9.674354E+00, 9.286951E+01, 3.077851E+02, 2.987615E+02, 2.984574E+02, 2.990787E+02, 2.991902E+02
2024-06-06 22:15:15,1, 2.286116E+02, 2.961796E+02, 2.972253E+02, 9.693762E+00, 7.525327E+01, 3.073778E+02, 2.980624E+02, 2.976640E+02, 2.983380E+02, 2.983942E+02
2024-06-06 22:30:15,1, 2.039397E+02, 2.958619E+02, 2.968415E+02, 9.615007E+00, 7.018330E+01, 3.069778E+02, 2.976035E+02, 2.971323E+02, 2.978860E+02, 2.979342E+02
2024-06-06 22:45:15,1, 1.790239E+02, 2.955441E+02, 2.964600E+02, 9.435303E+00, 6.462933E+01, 3.065836E+02, 2.971492E+02, 2.965994E+02, 2.974372E+02, 2.974802E+02
2024-06-06 23:00:15,1, 1.300427E+02, 2.952271E+02, 2.960727E+02, 8.656323E+00, 5.842556E+01, 3.061922E+02, 2.966102E+02, 2.958637E+02, 2.969690E+02, 2.970245E+02
2024-06-06 23:15:15,1, 1.088578E+02, 2.949510E+02, 2.956406E+02, 8.129720E+00, 5.285405E+01, 3.057696E+02, 2.960604E+02, 2.951976E+02, 2.963360E+02, 2.962449E+02
2024-06-06 23:30:15,1, 8.773832E+01, 2.946749E+02, 2.952950E+02, 7.337723E+00, 4.781834E+01, 3.053578E+02, 2.956415E+02, 2.947163E+02, 2.958856E+02, 2.957632E+02
2024-06-06 23:45:15,1, 6.677468E+01, 2.943989E+02, 2.949556E+02, 6.219278E+00, 4.130837E+01, 3.049538E+02, 2.952456E+02, 2.942687E+02, 2.954382E+02, 2.952919E+02
2024-06-06 00:00:15,2, 2.075615E+01, 2.954433E+02, 2.960272E+02, 2.310808E+00, 2.177031E+01, 3.036922E+02, 2.964686E+02, 2.958675E+02, 2.962927E+02, 2.961743E+02
2024-06-06 00:15:15,2, 1.156995E+01, 2.951069E+02, 2.957049E+02, 1.342180E+00, 1.509888E+01, 3.033528E+02, 2.961337E+02, 2.955467E+02, 2.959275E+02, 2.957919E+02
2024-06-06 00:30:15,2, 2.573752E+00, 2.947704E+02, 2.953487E+02, 3.124189E-01, 1.074405E+01, 3.030340E+02, 2.957408E+02, 2.951694E+02, 2.955369E+02, 2.953793E+02
2024-06-06 00:45:15,2, 0.000000E+00, 2.944339E+02, 2.949883E+02, 0.000000E+00, 9.363483E+00, 3.027327E+02, 2.953681E+02, 2.947810E+02, 2.951600E+02, 2.949936E+02
2024-06-06 01:00:15,2, 0.000000E+00, 2.940986E+02, 2.946528E+02, 0.000000E+00, 8.819691E+00, 3.024542E+02, 2.950397E+02, 2.944480E+02, 2.948228E+02, 2.946554E+02
2024-06-06 01:15:15,2, 0.000000E+00, 2.938315E+02, 2.943668E+02, 0.000000E+00, 6.417325E+00, 3.022033E+02, 2.947579E+02, 2.941612E+02, 2.945290E+02, 2.943601E+02
2024-06-06 01:30:15,2, 0.000000E+00, 2.935644E+02, 2.941021E+02, 0.000000E+00, 5.754605E+00, 3.020377E+02, 2.945027E+02, 2.938983E+02, 2.942638E+02, 2.940931E+02
2024-06-06 01:45:15,2, 0.000000E+00, 2.932973E+02, 2.938422E+02, 0.000000E+00, 5.365037E+00, 3.019340E+02, 2.942580E+02, 2.936430E+02, 2.940061E+02, 2.938328E+02
2024-06-06 02:00:15,2, 0.000000E+00, 2.930314E+02, 2.935854E+02, 0.000000E+00, 5.023370E+00, 3.018732E+02, 2.940198E+02, 2.933923E+02, 2.937522E+02, 2.935756E+02
2024-06-06 02:15:15,2, 0.000000E+00, 2.928394E+02, 2.933837E+02, 0.000000E+00, 4.315181E+00, 3.018562E+02, 2.938416E+02, 2.932049E+02, 2.935473E+02, 2.933677E+02
2024-06-06 02:30:15,2, 0.000000E+00, 2.926473E+02, 2.932055E+02, 0.000000E+00, 4.087106E+00, 3.018965E+02, 2.936888E+02, 2.930419E+02, 2.933738E+02, 2.931915E+02
2024-06-06 02:45:15,2, 0.000000E+00, 2.924552E+02, 2.930307E+02, 0.000000E+00, 3.920957E+00, 3.019684E+02, 2.935421E+02, 2.928835E+02, 2.932053E+02, 2.930200E+02
2024-06-06 03:00:15,2, 0.000000E+00, 2.922643E+02, 2.928569E+02, 0.000000E+00, 3.732974E+00, 3.020525E+02, 2.933976E+02, 2.927269E+02, 2.930384E+02, 2.928497E+02
2024-06-06 03:15:15,2, 0.000000E+00, 2.921425E+02, 2.927362E+02, 0.000000E+00, 2.543814E+00, 3.021365E+02, 2.933130E+02, 2.926375E+02, 2.929192E+02, 2.927284E+02
2024-06-06 03:30:15,2, 0.000000E+00, 2.920207E+02, 2.926345E+02, 0.000000E+00, 2.304118E+00, 3.022118E+02, 2.932436E+02, 2.925651E+02, 2.928253E+02, 2.926337E+02
2024-06-06 03:45:15,2, 0.000000E+00, 2.918989E+02, 2.925328E+02, 0.000000E+00, 2.206337E+00, 3.022760E+02, 2.931732E+02, 2.924926E+02, 2.927318E+02, 2.925396E+02
2024-06-06 04:00:15,2, 0.000000E+00, 2.917791E+02, 2.924304E+02, 0.000000E+00, 2.170643E+00, 3.023265E+02, 2.931018E+02, 2.924200E+02, 2.926373E+02, 2.924448E+02
2024-06-06 04:15:15,2, 0.000000E+00, 2.917721E+02, 2.924227E+02, 0.000000E+00, 3.389685E+00, 3.025278E+02, 2.931576E+02, 2.924904E+02, 2.926308E+02, 2.924397E+02
2024-06-06 04:30:15,2, 0.000000E+00, 2.917650E+02, 2.924640E+02, 0.000000E+00, 4.109805E+00, 3.030156E+02, 2.932842E+02, 2.926174E+02, 2.926931E+02, 2.925016E+02
2024-06-06 04:45:15,2, 0.000000E+00, 2.917580E+02, 2.925143E+02, 0.000000E+00, 5.053685E+00, 3.036127E+02, 2.934307E+02, 2.927574E+02, 2.927703E+02, 2.925765E+02
2024-06-06 05:00:15,2, 0.000000E+00, 2.917511E+02, 2.925646E+02, 0.000000E+00, 6.625815E+00, 3.042117E+02, 2.935783E+02, 2.928967E+02, 2.928490E+02, 2.926523E+02
2024-06-06 05:15:15,2, 0.000000E+00, 2.917559E+02, 2.925975E+02, 0.000000E+00, 6.286178E+00, 3.045008E+02, 2.936557E+02, 2.929599E+02, 2.929002E+02, 2.926996E+02
2024-06-06 05:30:15,2, 0.000000E+00, 2.917606E+02, 2.926079E+02, 0.000000E+00, 5.804177E+00, 3.044352E+02, 2.936759E+02, 2.929841E+02, 2.929164E+02, 2.927166E+02
2024-06-06 05:45:15,2, 0.000000E+00, 2.917654E+02, 2.926110E+02, 0.000000E+00, 5.526612E+00, 3.042771E+02, 2.936798E+02, 2.929969E+02, 2.929206E+02, 2.927231E+02
2024-06-06 06:00:15,2, 0.000000E+00, 2.917705E+02, 2.926131E+02, 0.000000E+00, 5.351657E+00, 3.041230E+02, 2.936828E+02, 2.930087E+02, 2.929233E+02, 2.927281E+02
2024-06-06 06:15:15,2, 0.000000E+00, 2.917976E+02, 2.926171E+02, 0.000000E+00, 4.073360E+00, 3.038962E+02, 2.936412E+02, 2.929671E+02, 2.929157E+02, 2.927212E+02
2024-06-06 06:30:15,2, 0.000000E+00, 2.918248E+02, 2.926150E+02, 0.000000E+00, 3.434379E+00, 3.035593E+02, 2.935817E+02, 2.929136E+02, 2.928979E+02, 2.927053E+02
2024-06-06 06:45:15,2, 0.000000E+00, 2.918520E+02, 2.926108E+02, 0.000000E+00, 3.011035E+00, 3.032148E+02, 2.935196E+02, 2.928576E+02, 2.928770E+02, 2.926866E+02
2024-06-06 07:00:15,2, 0.000000E+00, 2.918785E+02, 2.926066E+02, 0.000000E+00, 2.743055E+00, 3.028956E+02, 2.934605E+02, 2.928033E+02, 2.928568E+02, 2.926681E+02
2024-06-06 07:15:15,2, 0.000000E+00, 2.918690E+02, 2.925875E+02, 0.000000E+00, 3.873696E+00, 3.026000E+02, 2.934166E+02, 2.927735E+02, 2.928322E+02, 2.926473E+02
2024-06-06 07:30:15,2, 0.000000E+00, 2.918595E+02, 2.925649E+02, 0.000000E+00, 3.871128E+00, 3.023192E+02, 2.933714E+02, 2.927415E+02, 2.928030E+02, 2.926220E+02
2024-06-06 07:45:15,2, 0.000000E+00, 2.918499E+02, 2.925433E+02, 0.000000E+00, 3.736290E+00, 3.020600E+02, 2.933292E+02, 2.927114E+02, 2.927753E+02, 2.925978E+02
2024-06-06 08:00:15,2, 0.000000E+00, 2.918404E+02, 2.925228E+02, 0.000000E+00, 3.610507E+00, 3.018211E+02, 2.932903E+02, 2.926835E+02, 2.927494E+02, 2.925750E+02
2024-06-06 08:15:15,2, 0.000000E+00, 2.918290E+02, 2.925059E+02, 0.000000E+00, 3.789094E+00, 3.016684E+02, 2.932688E+02, 2.926702E+02, 2.927299E+02, 2.925578E+02
2024-06-06 08:30:15,2, 0.000000E+00, 2.918175E+02, 2.924972E+02, 0.000000E+00, 3.895219E+00, 3.016670E+02, 2.932709E+02, 2.926727E+02, 2.927232E+02, 2.925511E+02
2024-06-06 08:45:15,2, 0.000000E+00, 2.918061E+02, 2.924935E+02, 0.000000E+00, 4.029224E+00, 3.017391E+02, 2.932855E+02, 2.926839E+02, 2.927242E+02, 2.925509E+02
2024-06-06 09:00:15,2, 0.000000E+00, 2.917954E+02, 2.924919E+02, 0.000000E+00, 4.202499E+00, 3.018410E+02, 2.933054E+02, 2.926986E+02, 2.927287E+02, 2.925537E+02
2024-06-06 09:15:15,2, 0.000000E+00, 2.918287E+02, 2.925154E+02, 0.000000E+00, 4.726174E+00, 3.018490E+02, 2.933287E+02, 2.927201E+02, 2.927493E+02, 2.925734E+02
2024-06-06 09:30:15,2, 0.000000E+00, 2.918620E+02, 2.925401E+02, 0.000000E+00, 4.722633E+00, 3.017025E+02, 2.933358E+02, 2.927338E+02, 2.927704E+02, 2.925962E+02
2024-06-06 09:45:15,2, 0.000000E+00, 2.918952E+02, 2.925612E+02, 0.000000E+00, 4.628010E+00, 3.015018E+02, 2.933335E+02, 2.927411E+02, 2.927857E+02, 2.926142E+02
2024-06-06 10:00:15,2, 1.917356E+01, 2.919295E+02, 2.925856E+02, 2.242232E+00, 4.587331E+00, 3.012926E+02, 2.933992E+02, 2.928497E+02, 2.928199E+02, 2.926566E+02
2024-06-06 10:15:15,2, 3.054190E+01, 2.920223E+02, 2.927412E+02, 3.425914E+00, 5.277697E+00, 3.011288E+02, 2.936093E+02, 2.931044E+02, 2.930662E+02, 2.929578E+02
2024-06-06 10:30:15,2, 4.207362E+01, 2.921151E+02, 2.928618E+02, 4.530361E+00, 7.621719E+00, 3.009755E+02, 2.937525E+02, 2.932900E+02, 2.932300E+02, 2.931464E+02
2024-06-06 10:45:15,2, 5.371936E+01, 2.922080E+02, 2.929825E+02, 5.535694E+00, 1.021590E+01, 3.008439E+02, 2.939009E+02, 2.934799E+02, 2.933926E+02, 2.933320E+02
2024-06-06 11:00:15,2, 8.540633E+01, 2.923010E+02, 2.931095E+02, 7.706873E+00, 1.310596E+01, 3.007386E+02, 2.941238E+02, 2.937911E+02, 2.935780E+02, 2.935444E+02
2024-06-06 11:15:15,2, 1.007098E+02, 2.924027E+02, 2.932909E+02, 8.477623E+00, 2.233342E+01, 3.006930E+02, 2.943400E+02, 2.940463E+02, 2.938584E+02, 2.938677E+02
2024-06-06 11:30:15,2, 1.159660E+02, 2.925045E+02, 2.934153E+02, 9.105425E+00, 2.554821E+01, 3.006623E+02, 2.944707E+02, 2.942110E+02, 2.940183E+02, 2.940427E+02
2024-06-06 11:45:15,2, 1.311096E+02, 2.926062E+02, 2.935386E+02, 9.617340E+00, 2.815807E+01, 3.006462E+02, 2.946047E+02, 2.943773E+02, 2.941756E+02, 2.942141E+02
2024-06-06 12:00:15,2, 1.836371E+02, 2.927097E+02, 2.936725E+02, 1.074283E+01, 3.098417E+01, 3.006464E+02, 2.948836E+02, 2.947802E+02, 2.943721E+02, 2.944324E+02
2024-06-06 12:15:15,2, 2.021480E+02, 2.929113E+02, 2.940020E+02, 1.105378E+01, 4.072863E+01, 3.007412E+02, 2.953234E+02, 2.952711E+02, 2.948551E+02, 2.949696E+02
2024-06-06 12:30:15,2, 2.202760E+02, 2.931130E+02, 2.942471E+02, 1.117641E+01, 4.451470E+01, 3.008526E+02, 2.956249E+02, 2.956183E+02, 2.951660E+02, 2.952996E+02
2024-06-06 12:45:15,2, 2.379434E+02, 2.933147E+02, 2.944903E+02, 1.123639E+01, 4.793497E+01, 3.009788E+02, 2.959256E+02, 2.959618E+02, 2.954722E+02, 2.956244E+02
2024-06-06 13:00:15,2, 2.768204E+02, 2.935176E+02, 2.947383E+02, 1.139262E+01, 5.094459E+01, 3.011199E+02, 2.963082E+02, 2.964327E+02, 2.957983E+02, 2.959722E+02
2024-06-06 13:15:15,2, 2.947507E+02, 2.937917E+02, 2.950993E+02, 1.139216E+01, 4.841660E+01, 3.013232E+02, 2.967591E+02, 2.969292E+02, 2.962692E+02, 2.964757E+02
2024-06-06 13:30:15,2, 3.119427E+02, 2.940658E+02, 2.954136E+02, 1.138075E+01, 5.076728E+01, 3.015398E+02, 2.971303E+02, 2.973406E+02, 2.966407E+02, 2.968627E+02
2024-06-06 13:45:15,2, 3.283227E+02, 2.943399E+02, 2.957248E+02, 1.136754E+01, 5.338536E+01, 3.017660E+02, 2.974948E+02, 2.977428E+02, 2.970056E+02, 2.972423E+02
2024-06-06 14:00:15,2, 2.707896E+02, 2.946114E+02, 2.960123E+02, 1.105768E+01, 5.549735E+01, 3.019936E+02, 2.975712E+02, 2.976985E+02, 2.972895E+02, 2.975270E+02
2024-06-06 14:15:15,2, 2.822487E+02, 2.947285E+02, 2.960051E+02, 1.116252E+01, 5.217459E+01, 3.020708E+02, 2.975179E+02, 2.976698E+02, 2.971556E+02, 2.973572E+02
2024-06-06 14:30:15,2, 2.929118E+02, 2.948457E+02, 2.961573E+02, 1.122706E+01, 5.406653E+01, 3.021741E+02, 2.977358E+02, 2.979223E+02, 2.973524E+02, 2.975693E+02
2024-06-06 14:45:15,2, 3.027332E+02, 2.949628E+02, 2.963099E+02, 1.124900E+01, 5.561238E+01, 3.022960E+02, 2.979523E+02, 2.981721E+02, 2.975500E+02, 2.977806E+02
2024-06-06 15:00:15,2, 1.602334E+02, 2.950735E+02, 2.964160E+02, 9.786275E+00, 5.612422E+01, 3.024199E+02, 2.975862E+02, 2.974462E+02, 2.975832E+02, 2.977922E+02
2024-06-06 15:15:15,2, 1.643543E+02, 2.948030E+02, 2.958246E+02, 1.012220E+01, 4.726337E+01, 3.022477E+02, 2.968069E+02, 2.966330E+02, 2.966337E+02, 2.967173E+02
2024-06-06 15:30:15,2, 1.679836E+02, 2.945325E+02, 2.955786E+02, 1.030757E+01, 4.763535E+01, 3.021272E+02, 2.966212E+02, 2.964613E+02, 2.963975E+02, 2.964859E+02
2024-06-06 15:45:15,2, 1.711056E+02, 2.942620E+02, 2.953399E+02, 1.041374E+01, 4.707893E+01, 3.020405E+02, 2.964427E+02, 2.962959E+02, 2.961736E+02, 2.962648E+02
2024-06-06 16:00:15,2, 2.134387E+02, 2.939929E+02, 2.951122E+02, 1.104349E+01, 4.591556E+01, 3.019731E+02, 2.964144E+02, 2.963824E+02, 2.959901E+02, 2.960925E+02
2024-06-06 16:15:15,2, 2.159819E+02, 2.938063E+02, 2.950624E+02, 1.106077E+01, 3.522204E+01, 3.021928E+02, 2.965143E+02, 2.964978E+02, 2.960621E+02, 2.962008E+02
2024-06-06 16:30:15,2, 2.178609E+02, 2.936198E+02, 2.949341E+02, 1.111262E+01, 3.350704E+01, 3.029423E+02, 2.965216E+02, 2.964812E+02, 2.959666E+02, 2.960977E+02
2024-06-06 16:45:15,2, 2.190676E+02, 2.934333E+02, 2.948162E+02, 1.118965E+01, 3.443293E+01, 3.040331E+02, 2.965658E+02, 2.964818E+02, 2.958877E+02, 2.960055E+02
2024-06-06 17:00:15,2, 1.781637E+02, 2.932496E+02, 2.947185E+02, 1.072472E+01, 7.015874E+01, 3.050879E+02, 2.964880E+02, 2.962564E+02, 2.957896E+02, 2.958827E+02
2024-06-06 17:15:15,2, 1.780416E+02, 2.932326E+02, 2.946160E+02, 1.086505E+01, 9.531974E+01, 3.061171E+02, 2.964011E+02, 2.961119E+02, 2.955713E+02, 2.956086E+02
2024-06-06 17:30:15,2, 1.773686E+02, 2.932157E+02, 2.946490E+02, 1.091234E+01, 1.086335E+02, 3.073406E+02, 2.965139E+02, 2.961640E+02, 2.956176E+02, 2.956358E+02
2024-06-06 17:45:15,2, 1.761476E+02, 2.931987E+02, 2.946806E+02, 1.090567E+01, 1.214920E+02, 3.084472E+02, 2.966146E+02, 2.962093E+02, 2.956624E+02, 2.956621E+02
2024-06-06 18:00:15,2, 6.792065E+02, 2.931939E+02, 2.948341E+02, 1.270180E+01, 1.374577E+02, 3.094176E+02, 2.984877E+02, 2.988220E+02, 2.961956E+02, 2.962285E+02
2024-06-06 18:15:15,2, 6.702516E+02, 2.939011E+02, 2.964020E+02, 1.168411E+01, 2.099756E+02, 3.108929E+02, 3.006424E+02, 3.009381E+02, 2.988866E+02, 2.991379E+02
2024-06-06 18:30:15,2, 6.592502E+02, 2.946083E+02, 2.970703E+02, 1.110190E+01, 2.229281E+02, 3.117813E+02, 3.011389E+02, 3.013918E+02, 2.995137E+02, 2.997383E+02
2024-06-06 18:45:15,2, 6.462494E+02, 2.953156E+02, 2.977190E+02, 1.075387E+01, 2.343648E+02, 3.124645E+02, 3.015847E+02, 3.017895E+02, 3.001043E+02, 3.003073E+02
2024-06-06 19:00:15,2, 6.864561E+02, 2.960160E+02, 2.983660E+02, 1.050194E+01, 2.466368E+02, 3.130540E+02, 3.021578E+02, 3.023192E+02, 3.007240E+02, 3.008966E+02
2024-06-06 19:15:15,2, 6.681622E+02, 2.963135E+02, 2.987118E+02, 1.020463E+01, 2.732675E+02, 3.128377E+02, 3.023651E+02, 3.024895E+02, 3.011485E+02, 3.012988E+02
2024-06-06 19:30:15,2, 6.479027E+02, 2.966111E+02, 2.989041E+02, 1.009207E+01, 2.659652E+02, 3.119755E+02, 3.022794E+02, 3.024174E+02, 3.012506E+02, 3.014012E+02
2024-06-06 19:45:15,2, 6.257644E+02, 2.969086E+02, 2.990887E+02, 1.000271E+01, 2.583588E+02, 3.111286E+02, 3.021792E+02, 3.023289E+02, 3.013379E+02, 3.014896E+02
2024-06-06 20:00:15,2, 5.612916E+02, 2.972011E+02, 2.992622E+02, 9.903332E+00, 2.522324E+02, 3.103902E+02, 3.019602E+02, 3.021008E+02, 3.013843E+02, 3.015418E+02
2024-06-06 20:15:15,2, 5.374128E+02, 2.971951E+02, 2.991377E+02, 9.963519E+00, 2.416231E+02, 3.096251E+02, 3.015714E+02, 3.017212E+02, 3.011189E+02, 3.012828E+02
2024-06-06 20:30:15,2, 5.120679E+02, 2.971892E+02, 2.990351E+02, 9.962230E+00, 2.345680E+02, 3.089336E+02, 3.012642E+02, 3.014060E+02, 3.009335E+02, 3.010960E+02
2024-06-06 20:45:15,2, 4.853656E+02, 2.971832E+02, 2.988873E+02, 9.917764E+00, 1.505840E+02, 3.087477E+02, 3.009386E+02, 3.010509E+02, 3.007153E+02, 3.008705E+02
2024-06-06 21:00:15,2, 4.287447E+02, 2.971746E+02, 2.987878E+02, 9.838689E+00, 1.347579E+02, 3.086712E+02, 3.005839E+02, 3.006284E+02, 3.005176E+02, 3.006645E+02
2024-06-06 21:15:15,2, 4.014980E+02, 2.970059E+02, 2.985157E+02, 9.880894E+00, 1.070602E+02, 3.084966E+02, 3.001432E+02, 3.001369E+02, 3.001247E+02, 3.002576E+02
2024-06-06 21:30:15,2, 3.733149E+02, 2.968372E+02, 2.982699E+02, 9.911090E+00, 1.017738E+02, 3.082935E+02, 2.997697E+02, 2.997075E+02, 2.998054E+02, 2.999287E+02
2024-06-06 21:45:15,2, 3.443162E+02, 2.966685E+02, 2.980195E+02, 9.928074E+00, 9.762146E+01, 3.080575E+02, 2.993836E+02, 2.992641E+02, 2.994767E+02, 2.995911E+02
2024-06-06 22:00:15,2, 2.529339E+02, 2.964974E+02, 2.977471E+02, 9.678535E+00, 9.288623E+01, 3.077859E+02, 2.987587E+02, 2.984349E+02, 2.990728E+02, 2.991687E+02
2024-06-06 22:15:15,2, 2.286116E+02, 2.961796E+02, 2.972250E+02, 9.697022E+00, 7.527508E+01, 3.073786E+02, 2.980643E+02, 2.976511E+02, 2.983355E+02, 2.983835E+02
2024-06-06 22:30:15,2, 2.039397E+02, 2.958619E+02, 2.968412E+02, 9.617595E+00, 7.019427E+01, 3.069786E+02, 2.976083E+02, 2.971241E+02, 2.978839E+02, 2.979247E+02
2024-06-06 22:45:15,2, 1.790239E+02, 2.955441E+02, 2.964597E+02, 9.437855E+00, 6.463197E+01, 3.065844E+02, 2.971573E+02, 2.965964E+02, 2.974354E+02, 2.974718E+02
2024-06-06 23:00:15,2, 1.300427E+02, 2.952271E+02, 2.960725E+02, 8.666175E+00, 5.841989E+01, 3.061931E+02, 2.966275E+02, 2.958798E+02, 2.969671E+02, 2.970150E+02
2024-06-06 23:15:15,2, 1.088578E+02, 2.949510E+02, 2.956396E+02, 8.146258E+00, 5.295444E+01, 3.057705E+02, 2.960820E+02, 2.952235E+02, 2.963340E+02, 2.962481E+02
2024-06-06 23:30:15,2, 8.773832E+01, 2.946749E+02, 2.952928E+02, 7.360922E+00, 4.797583E+01, 3.053586E+02, 2.956679E+02, 2.947504E+02, 2.958830E+02, 2.957667E+02
2024-06-06 23:45:15,2, 6.677468E+01, 2.943989E+02, 2.949541E+02, 6.241486E+00, 4.143440E+01, 3.049547E+02, 2.952775E+02, 2.943140E+02, 2.954427E+02, 2.952975E+02
2024-06-07 00:00:15,1, 3.314079E+01, 2.941222E+02, 2.946237E+02, 3.562657E+00, 3.380628E+01, 3.045552E+02, 2.948734E+02, 2.938526E+02, 2.949899E+02, 2.948166E+02
2024-06-07 00:15:15,1, 1.872977E+01, 2.938120E+02, 2.942568E+02, 2.157765E+00, 2.786718E+01, 3.041377E+02, 2.944658E+02, 2.934272E+02, 2.944938E+02, 2.942873E+02
2024-06-07 00:30:15,1, 4.616002E+00, 2.935017E+02, 2.938951E+02, 5.746211E-01, 2.016671E+01, 3.037386E+02, 2.940517E+02, 2.930338E+02, 2.940577E+02, 2.937865E+02
2024-06-07 00:45:15,1, 0.000000E+00, 2.931914E+02, 2.935097E+02, 0.000000E+00, 1.559152E+01, 3.033617E+02, 2.936099E+02, 2.925382E+02, 2.936379E+02, 2.933272E+02
2024-06-07 01:00:15,1, 0.000000E+00, 2.928838E+02, 2.931482E+02, 0.000000E+00, 1.419220E+01, 3.030138E+02, 2.932230E+02, 2.921241E+02, 2.932653E+02, 2.929478E+02
2024-06-07 01:15:15,1, 0.000000E+00, 2.927328E+02, 2.928973E+02, 0.000000E+00, 8.159948E+00, 3.027058E+02, 2.930366E+02, 2.919416E+02, 2.930081E+02, 2.926908E+02
2024-06-07 01:30:15,1, 0.000000E+00, 2.925817E+02, 2.927761E+02, 0.000000E+00, 1.088649E+01, 3.024335E+02, 2.929875E+02, 2.919571E+02, 2.928902E+02, 2.925881E+02
2024-06-07 01:45:15,1, 0.000000E+00, 2.924307E+02, 2.927292E+02, 0.000000E+00, 1.747387E+01, 3.021810E+02, 2.930039E+02, 2.920585E+02, 2.928524E+02, 2.925745E+02
2024-06-07 02:00:15,1, 0.000000E+00, 2.922796E+02, 2.926785E+02, 0.000000E+00, 1.942488E+01, 3.019438E+02, 2.930085E+02, 2.921358E+02, 2.928206E+02, 2.925646E+02
2024-06-07 02:15:15,1, 0.000000E+00, 2.921251E+02, 2.925565E+02, 0.000000E+00, 1.472171E+01, 3.017153E+02, 2.928661E+02, 2.920096E+02, 2.927055E+02, 2.924570E+02
2024-06-07 02:30:15,1, 0.000000E+00, 2.919706E+02, 2.924028E+02, 0.000000E+00, 1.182772E+01, 3.014946E+02, 2.927013E+02, 2.918452E+02, 2.925504E+02, 2.923020E+02
2024-06-07 02:45:15,1, 0.000000E+00, 2.918161E+02, 2.922455E+02, 0.000000E+00, 1.059333E+01, 3.012836E+02, 2.925362E+02, 2.916721E+02, 2.923915E+02, 2.921407E+02
2024-06-07 03:00:15,1, 0.000000E+00, 2.916609E+02, 2.920853E+02, 0.000000E+00, 1.021675E+01, 3.010799E+02, 2.923679E+02, 2.915025E+02, 2.922287E+02, 2.919777E+02
2024-06-07 03:15:15,1, 0.000000E+00, 2.914641E+02, 2.918786E+02, 0.000000E+00, 9.495161E+00, 3.008774E+02, 2.921137E+02, 2.912198E+02, 2.920178E+02, 2.917599E+02
2024-06-07 03:30:15,1, 0.000000E+00, 2.912673E+02, 2.916432E+02, 0.000000E+00, 8.327499E+00, 3.006753E+02, 2.918312E+02, 2.908996E+02, 2.917721E+02, 2.915028E+02
2024-06-07 03:45:15,1, 0.000000E+00, 2.910704E+02, 2.913961E+02, 0.000000E+00, 7.244150E+00, 3.004753E+02, 2.915355E+02, 2.905611E+02, 2.915114E+02, 2.912319E+02
2024-06-07 04:00:15,1, 0.000000E+00, 2.908732E+02, 2.911333E+02, 0.000000E+00, 5.869075E+00, 3.002785E+02, 2.912235E+02, 2.901950E+02, 2.912359E+02, 2.909432E+02
2024-06-07 04:15:15,1, 0.000000E+00, 2.906533E+02, 2.908395E+02, 0.000000E+00, 4.277615E+00, 3.000856E+02, 2.908841E+02, 2.897889E+02, 2.909326E+02, 2.906246E+02
2024-06-07 04:30:15,1, 0.000000E+00, 2.904333E+02, 2.905120E+02, 0.000000E+00, 4.446049E+00, 2.998916E+02, 2.905333E+02, 2.894119E+02, 2.905990E+02, 2.902823E+02
2024-06-07 04:45:15,1, 0.000000E+00, 2.902134E+02, 2.901610E+02, 0.000000E+00, 4.503987E+00, 2.996930E+02, 2.901631E+02, 2.890158E+02, 2.902425E+02, 2.899183E+02
2024-06-07 05:00:15,1, 0.000000E+00, 2.899940E+02, 2.897896E+02, 0.000000E+00, 4.489345E+00, 2.994905E+02, 2.897768E+02, 2.886051E+02, 2.898664E+02, 2.895349E+02
2024-06-07 05:15:15,1, 0.000000E+00, 2.898054E+02, 2.894396E+02, 0.000000E+00, 4.325561E+00, 2.992891E+02, 2.894575E+02, 2.882907E+02, 2.895145E+02, 2.891825E+02
2024-06-07 05:30:15,1, 0.000000E+00, 2.896168E+02, 2.891350E+02, 0.000000E+00, 4.269528E+00, 2.990928E+02, 2.891749E+02, 2.880100E+02, 2.892082E+02, 2.888766E+02
2024-06-07 05:45:15,1, 0.000000E+00, 2.894282E+02, 2.888613E+02, 0.000000E+00, 4.245935E+00, 2.989013E+02, 2.889166E+02, 2.877521E+02, 2.889331E+02, 2.886016E+02
2024-06-07 06:00:15,1, 0.000000E+00, 2.892390E+02, 2.886088E+02, 0.000000E+00, 4.243311E+00, 2.987145E+02, 2.886755E+02, 2.875105E+02, 2.886799E+02, 2.883483E+02
2024-06-07 06:15:15,1, 0.000000E+00, 2.890156E+02, 2.883682E+02, 0.000000E+00, 5.048396E+00, 2.985316E+02, 2.884405E+02, 2.872714E+02, 2.884382E+02, 2.881058E+02
2024-06-07 06:30:15,1, 0.000000E+00, 2.887923E+02, 2.881330E+02, 0.000000E+00, 5.716697E+00, 2.983520E+02, 2.882098E+02, 2.870363E+02, 2.882023E+02, 2.878689E+02
2024-06-07 06:45:15,1, 0.000000E+00, 2.885690E+02, 2.879016E+02, 0.000000E+00, 6.270846E+00, 2.981755E+02, 2.879819E+02, 2.868039E+02, 2.879703E+02, 2.876358E+02
2024-06-07 07:00:15,1, 0.000000E+00, 2.883478E+02, 2.876728E+02, 0.000000E+00, 6.708093E+00, 2.980016E+02, 2.877565E+02, 2.865743E+02, 2.877411E+02, 2.874054E+02
2024-06-07 07:15:15,1, 0.000000E+00, 2.882521E+02, 2.874860E+02, 0.000000E+00, 6.017258E+00, 2.978344E+02, 2.876131E+02, 2.864557E+02, 2.875551E+02, 2.872249E+02
2024-06-07 07:30:15,1, 0.000000E+00, 2.881565E+02, 2.873634E+02, 0.000000E+00, 5.546142E+00, 2.976774E+02, 2.875231E+02, 2.863883E+02, 2.874334E+02, 2.871096E+02
2024-06-07 07:45:15,1, 0.000000E+00, 2.880609E+02, 2.872874E+02, 0.000000E+00, 5.206592E+00, 2.975298E+02, 2.874713E+02, 2.863577E+02, 2.873582E+02, 2.870402E+02
2024-06-07 08:00:15,1, 0.000000E+00, 2.879655E+02, 2.872455E+02, 0.000000E+00, 4.955672E+00, 2.973913E+02, 2.874469E+02, 2.863530E+02, 2.873170E+02, 2.870046E+02
2024-06-07 08:15:15,1, 0.000000E+00, 2.878851E+02, 2.871908E+02, 0.000000E+00, 4.678417E+00, 2.972566E+02, 2.873610E+02, 2.862602E+02, 2.872603E+02, 2.869474E+02
2024-06-07 08:30:15,1, 0.000000E+00, 2.878047E+02, 2.870950E+02, 0.000000E+00, 4.382252E+00, 2.971214E+02, 2.872422E+02, 2.861350E+02, 2.871630E+02, 2.868486E+02
2024-06-07 08:45:15,1, 0.000000E+00, 2.877243E+02, 2.869704E+02, 0.000000E+00, 4.090441E+00, 2.969855E+02, 2.871002E+02, 2.859870E+02, 2.870363E+02, 2.867204E+02
2024-06-07 09:00:15,1, 0.000000E+00, 2.876462E+02, 2.868253E+02, 0.000000E+00, 3.806755E+00, 2.968491E+02, 2.869429E+02, 2.858246E+02, 2.868895E+02, 2.865723E+02
2024-06-07 09:15:15,1, 0.000000E+00, 2.877015E+02, 2.867130E+02, 0.000000E+00, 3.113688E+00, 2.967172E+02, 2.868699E+02, 2.857799E+02, 2.867774E+02, 2.864666E+02
2024-06-07 09:30:15,1, 0.000000E+00, 2.877569E+02, 2.866651E+02, 0.000000E+00, 2.594140E+00, 2.965942E+02, 2.868499E+02, 2.857860E+02, 2.867289E+02, 2.864255E+02
2024-06-07 09:45:15,1, 0.000000E+00, 2.878122E+02, 2.866642E+02, 0.000000E+00, 2.181109E+00, 2.964800E+02, 2.868682E+02, 2.858291E+02, 2.867268E+02, 2.864305E+02
2024-06-07 10:00:15,1, 3.257010E+01, 2.878707E+02, 2.867063E+02, 3.795944E+00, 1.839667E+00, 2.963761E+02, 2.870676E+02, 2.861768E+02, 2.867963E+02, 2.865191E+02
2024-06-07 10:15:15,1, 5.169891E+01, 2.881170E+02, 2.872878E+02, 5.359557E+00, 1.419352E+00, 2.963673E+02, 2.878385E+02, 2.870909E+02, 2.875135E+02, 2.873524E+02
2024-06-07 10:30:15,1, 7.110372E+01, 2.883633E+02, 2.880247E+02, 6.573252E+00, 1.678776E+00, 2.964046E+02, 2.886441E+02, 2.880271E+02, 2.883305E+02, 2.882431E+02
2024-06-07 10:45:15,1, 9.070144E+01, 2.886096E+02, 2.888476E+02, 7.560049E+00, 3.531600E+00, 2.964846E+02, 2.895178E+02, 2.890296E+02, 2.892408E+02, 2.892257E+02
2024-06-07 11:00:15,1, 1.270930E+02, 2.888566E+02, 2.894539E+02, 8.490437E+00, 1.779329E+01, 2.965802E+02, 2.902200E+02, 2.898853E+02, 2.899686E+02, 2.899701E+02
2024-06-07 11:15:15,1, 1.498061E+02, 2.891413E+02, 2.898737E+02, 8.916392E+00, 2.295525E+01, 2.967192E+02, 2.907202E+02, 2.904470E+02, 2.905414E+02, 2.905967E+02
2024-06-07 11:30:15,1, 1.724503E+02, 2.894259E+02, 2.902129E+02, 9.300888E+00, 2.580780E+01, 2.968718E+02, 2.911317E+02, 2.909035E+02, 2.909696E+02, 2.910468E+02
2024-06-07 11:45:15,1, 1.949285E+02, 2.897106E+02, 2.905483E+02, 9.650076E+00, 2.867367E+01, 2.970389E+02, 2.915439E+02, 2.913577E+02, 2.913910E+02, 2.914900E+02
2024-06-07 12:00:15,1, 2.880674E+02, 2.899937E+02, 2.909007E+02, 1.016486E+01, 3.239791E+01, 2.972253E+02, 2.922733E+02, 2.923308E+02, 2.918889E+02, 2.920269E+02
2024-06-07 12:15:15,1, 3.170657E+02, 2.901809E+02, 2.913873E+02, 1.038183E+01, 5.971071E+01, 2.975691E+02, 2.929868E+02, 2.931044E+02, 2.926744E+02, 2.928961E+02
2024-06-07 12:30:15,1, 3.454657E+02, 2.903682E+02, 2.916563E+02, 1.035089E+01, 6.444343E+01, 2.979169E+02, 2.933529E+02, 2.935123E+02, 2.930110E+02, 2.932356E+02
2024-06-07 12:45:15,1, 3.731460E+02, 2.905554E+02, 2.919176E+02, 1.032984E+01, 6.851943E+01, 2.982719E+02, 2.937096E+02, 2.939088E+02, 2.933348E+02, 2.935642E+02
2024-06-07 13:00:15,1, 3.768781E+02, 2.907395E+02, 2.921683E+02, 1.028274E+01, 7.202377E+01, 2.986331E+02, 2.939742E+02, 2.941781E+02, 2.936301E+02, 2.938639E+02
2024-06-07 13:15:15,1, 4.012711E+02, 2.907413E+02, 2.922286E+02, 1.023851E+01, 6.634636E+01, 2.989544E+02, 2.941563E+02, 2.944044E+02, 2.937406E+02, 2.939789E+02
2024-06-07 13:30:15,1, 4.246614E+02, 2.907431E+02, 2.923065E+02, 1.024886E+01, 6.818453E+01, 2.993112E+02, 2.943951E+02, 2.946811E+02, 2.939115E+02, 2.941638E+02
2024-06-07 13:45:15,1, 4.469489E+02, 2.907450E+02, 2.923805E+02, 1.025709E+01, 7.017438E+01, 2.996891E+02, 2.946263E+02, 2.949478E+02, 2.940761E+02, 2.943415E+02
2024-06-07 14:00:15,1, 5.409447E+02, 2.907511E+02, 2.924672E+02, 1.030111E+01, 7.213009E+01, 3.000850E+02, 2.951001E+02, 2.955212E+02, 2.943036E+02, 2.945786E+02
2024-06-07 14:15:15,1, 5.638299E+02, 2.910129E+02, 2.928671E+02, 1.036812E+01, 7.552107E+01, 3.006853E+02, 2.957027E+02, 2.961162E+02, 2.949345E+02, 2.952219E+02
2024-06-07 14:30:15,1, 5.851277E+02, 2.912747E+02, 2.931708E+02, 1.033990E+01, 7.798705E+01, 3.012652E+02, 2.960946E+02, 2.965179E+02, 2.953136E+02, 2.956028E+02
2024-06-07 14:45:15,1, 6.047471E+02, 2.915364E+02, 2.934693E+02, 1.031901E+01, 8.053317E+01, 3.018259E+02, 2.964713E+02, 2.969030E+02, 2.956810E+02, 2.959723E+02
2024-06-07 15:00:15,1, 6.515482E+02, 2.917976E+02, 2.937688E+02, 1.030503E+01, 8.353614E+01, 3.023715E+02, 2.969229E+02, 2.973716E+02, 2.960647E+02, 2.963537E+02
2024-06-07 15:15:15,1, 6.683108E+02, 2.920194E+02, 2.940733E+02, 1.025977E+01, 9.380386E+01, 3.029739E+02, 2.973251E+02, 2.977683E+02, 2.964830E+02, 2.967655E+02
2024-06-07 15:30:15,1, 6.830773E+02, 2.922412E+02, 2.943286E+02, 1.019151E+01, 9.642644E+01, 3.035146E+02, 2.976248E+02, 2.980745E+02, 2.967766E+02, 2.970566E+02
2024-06-07 15:45:15,1, 6.957843E+02, 2.924630E+02, 2.945781E+02, 1.012548E+01, 9.882131E+01, 3.040120E+02, 2.979058E+02, 2.983611E+02, 2.970569E+02, 2.973343E+02
2024-06-07 16:00:15,1, 6.061980E+02, 2.926803E+02, 2.948019E+02, 1.002952E+01, 1.001136E+02, 3.044653E+02, 2.978617E+02, 2.982768E+02, 2.972355E+02, 2.975226E+02
2024-06-07 16:15:15,1, 6.134359E+02, 2.926312E+02, 2.946728E+02, 1.001392E+01, 8.746852E+01, 3.045977E+02, 2.976563E+02, 2.981154E+02, 2.969379E+02, 2.972385E+02
2024-06-07 16:30:15,1, 6.187897E+02, 2.925821E+02, 2.946484E+02, 1.003394E+01, 8.751189E+01, 3.047579E+02, 2.976863E+02, 2.981509E+02, 2.969311E+02, 2.972341E+02
2024-06-07 16:45:15,1, 6.222367E+02, 2.925329E+02, 2.946206E+02, 1.004587E+01, 8.748943E+01, 3.049315E+02, 2.977044E+02, 2.981702E+02, 2.969162E+02, 2.972198E+02
2024-06-07 17:00:15,1, 8.160871E+02, 2.924888E+02, 2.946252E+02, 1.010267E+01, 8.803233E+01, 3.051290E+02, 2.982724E+02, 2.987712E+02, 2.970596E+02, 2.973300E+02
2024-06-07 17:15:15,1, 8.155600E+02, 2.927376E+02, 2.950908E+02, 1.003562E+01, 9.636676E+01, 3.059064E+02, 2.989881E+02, 2.993800E+02, 2.979118E+02, 2.981315E+02
2024-06-07 17:30:15,1, 8.125124E+02, 2.929863E+02, 2.953345E+02, 9.963624E+00, 9.716647E+01, 3.065841E+02, 2.992197E+02, 2.995781E+02, 2.981647E+02, 2.983728E+02
2024-06-07 17:45:15,1, 8.069573E+02, 2.932351E+02, 2.955692E+02, 9.919484E+00, 9.813024E+01, 3.071776E+02, 2.994224E+02, 2.997452E+02, 2.983982E+02, 2.985954E+02
2024-06-07 18:00:15,1, 7.491275E+02, 2.934776E+02, 2.957867E+02, 9.874992E+00, 9.902394E+01, 3.076926E+02, 2.994624E+02, 2.997532E+02, 2.985729E+02, 2.987704E+02
2024-06-07 18:15:15,1, 7.392933E+02, 2.933538E+02, 2.956427E+02, 9.899972E+00, 9.813175E+01, 3.079737E+02, 2.992376E+02, 2.995143E+02, 2.983333E+02, 2.985376E+02
2024-06-07 18:30:15,1, 7.272046E+02, 2.932299E+02, 2.955082E+02, 9.928737E+00, 9.724367E+01, 3.081809E+02, 2.990736E+02, 2.993133E+02, 2.981628E+02, 2.983572E+02
2024-06-07 18:45:15,1, 7.129132E+02, 2.931061E+02, 2.953679E+02, 9.958936E+00, 9.620034E+01, 3.083304E+02, 2.988894E+02, 2.990924E+02, 2.979794E+02, 2.981643E+02
2024-06-07 19:00:15,1, 6.729899E+02, 2.929846E+02, 2.952182E+02, 9.982957E+00, 9.498384E+01, 3.084283E+02, 2.986186E+02, 2.987821E+02, 2.977626E+02, 2.979424E+02
2024-06-07 19:15:15,1, 6.551100E+02, 2.930032E+02, 2.951662E+02, 1.001393E+01, 9.533448E+01, 3.084181E+02, 2.984360E+02, 2.985959E+02, 2.975671E+02, 2.977455E+02
2024-06-07 19:30:15,1, 6.353054E+02, 2.930218E+02, 2.951575E+02, 1.002433E+01, 9.501374E+01, 3.083950E+02, 2.983201E+02, 2.984663E+02, 2.974747E+02, 2.976463E+02
2024-06-07 19:45:15,1, 6.136609E+02, 2.930404E+02, 2.951440E+02, 1.002550E+01, 9.445723E+01, 3.083524E+02, 2.981960E+02, 2.983297E+02, 2.973771E+02, 2.975428E+02
2024-06-07 20:00:15,1, 4.729908E+02, 2.930506E+02, 2.950979E+02, 9.959790E+00, 9.325068E+01, 3.082739E+02, 2.976897E+02, 2.977218E+02, 2.971638E+02, 2.973314E+02
2024-06-07 20:15:15,1, 4.529269E+02, 2.925651E+02, 2.944655E+02, 9.957776E+00, 8.301862E+01, 3.078577E+02, 2.968548E+02, 2.968814E+02, 2.962485E+02, 2.964006E+02
2024-06-07 20:30:15,1, 4.316291E+02, 2.920796E+02, 2.939548E+02, 9.986367E+00, 7.935972E+01, 3.074865E+02, 2.962980E+02, 2.962912E+02, 2.956618E+02, 2.958025E+02
2024-06-07 20:45:15,1, 4.091887E+02, 2.915941E+02, 2.934433E+02, 9.986528E+00, 7.546431E+01, 3.071367E+02, 2.957392E+02, 2.956990E+02, 2.950747E+02, 2.952034E+02
2024-06-07 21:00:15,1, 3.380984E+02, 2.911054E+02, 2.929162E+02, 9.897002E+00, 7.126343E+01, 3.067843E+02, 2.950035E+02, 2.948513E+02, 2.944368E+02, 2.945482E+02
2024-06-07 21:15:15,1, 3.166809E+02, 2.904251E+02, 2.921422E+02, 9.791504E+00, 6.454208E+01, 3.063559E+02, 2.941558E+02, 2.939565E+02, 2.935177E+02, 2.935937E+02
2024-06-07 21:30:15,1, 2.945258E+02, 2.897449E+02, 2.914463E+02, 9.723219E+00, 5.976025E+01, 3.062026E+02, 2.934675E+02, 2.932087E+02, 2.927721E+02, 2.928294E+02
2024-06-07 21:45:15,1, 2.717280E+02, 2.890646E+02, 2.907557E+02, 9.618961E+00, 5.518016E+01, 3.062182E+02, 2.927940E+02, 2.924682E+02, 2.920340E+02, 2.920692E+02
2024-06-07 22:00:15,1, 2.008978E+02, 2.883957E+02, 2.900546E+02, 9.255165E+00, 5.058735E+01, 3.063033E+02, 2.919382E+02, 2.914237E+02, 2.912478E+02, 2.912473E+02
2024-06-07 22:15:15,1, 1.816578E+02, 2.883979E+02, 2.897751E+02, 9.082957E+00, 5.036255E+01, 3.064550E+02, 2.915203E+02, 2.909047E+02, 2.907499E+02, 2.906830E+02
2024-06-07 22:30:15,1, 1.621401E+02, 2.884001E+02, 2.897647E+02, 8.966339E+00, 1.001996E+02, 3.067265E+02, 2.914433E+02, 2.907249E+02, 2.906796E+02, 2.905826E+02
2024-06-07 22:45:15,1, 1.424285E+02, 2.884023E+02, 2.896993E+02, 8.740710E+00, 1.268849E+02, 3.067319E+02, 2.913014E+02, 2.904800E+02, 2.905816E+02, 2.904571E+02
2024-06-07 23:00:15,1, 1.634882E+02, 2.884042E+02, 2.896233E+02, 8.980734E+00, 1.167427E+02, 3.068527E+02, 2.913162E+02, 2.905336E+02, 2.904997E+02, 2.903616E+02
2024-06-07 23:15:15,1, 1.370249E+02, 2.883917E+02, 2.896298E+02, 8.577599E+00, 1.174682E+02, 3.065158E+02, 2.911802E+02, 2.903432E+02, 2.905255E+02, 2.904291E+02
2024-06-07 23:30:15,1, 1.106419E+02, 2.883792E+02, 2.894453E+02, 7.845884E+00, 5.900588E+01, 3.058449E+02, 2.907452E+02, 2.898214E+02, 2.902172E+02, 2.900997E+02
2024-06-07 23:45:15,1, 8.445230E+01, 2.883666E+02, 2.892997E+02, 6.864517E+00, 4.031022E+01, 3.052072E+02, 2.903680E+02, 2.893420E+02, 2.899369E+02, 2.897983E+02
2024-06-07 00:00:15,2, 3.314079E+01, 2.941222E+02, 2.946224E+02, 3.578143E+00, 3.390496E+01, 3.045562E+02, 2.949100E+02, 2.939092E+02, 2.949954E+02, 2.948233E+02
2024-06-07 00:15:15,2, 1.872977E+01, 2.938120E+02, 2.942552E+02, 2.162491E+00, 2.794136E+01, 3.041390E+02, 2.945051E+02, 2.934936E+02, 2.944983E+02, 2.942926E+02
2024-06-07 00:30:15,2, 4.616002E+00, 2.935017E+02, 2.938944E+02, 5.755577E-01, 2.022014E+01, 3.037401E+02, 2.940932E+02, 2.931076E+02, 2.940678E+02, 2.938019E+02
2024-06-07 00:45:15,2, 0.000000E+00, 2.931914E+02, 2.935093E+02, 0.000000E+00, 1.560741E+01, 3.033631E+02, 2.936517E+02, 2.926128E+02, 2.936513E+02, 2.933492E+02
2024-06-07 01:00:15,2, 0.000000E+00, 2.928838E+02, 2.931477E+02, 0.000000E+00, 1.418977E+01, 3.030151E+02, 2.932661E+02, 2.922012E+02, 2.932788E+02, 2.929706E+02
2024-06-07 01:15:15,2, 0.000000E+00, 2.927328E+02, 2.928965E+02, 0.000000E+00, 8.140641E+00, 3.027072E+02, 2.930805E+02, 2.920194E+02, 2.930215E+02, 2.927137E+02
2024-06-07 01:30:15,2, 0.000000E+00, 2.925817E+02, 2.927755E+02, 0.000000E+00, 1.087909E+01, 3.024349E+02, 2.930280E+02, 2.920296E+02, 2.929006E+02, 2.926094E+02
2024-06-07 01:45:15,2, 0.000000E+00, 2.924307E+02, 2.927288E+02, 0.000000E+00, 1.749677E+01, 3.021823E+02, 2.930403E+02, 2.921234E+02, 2.928626E+02, 2.925934E+02
2024-06-07 02:00:15,2, 0.000000E+00, 2.922796E+02, 2.926785E+02, 0.000000E+00, 1.946319E+01, 3.019450E+02, 2.930414E+02, 2.921945E+02, 2.928302E+02, 2.925820E+02
2024-06-07 02:15:15,2, 0.000000E+00, 2.921251E+02, 2.925566E+02, 0.000000E+00, 1.472991E+01, 3.017163E+02, 2.928985E+02, 2.920672E+02, 2.927149E+02, 2.924741E+02
2024-06-07 02:30:15,2, 0.000000E+00, 2.919706E+02, 2.924029E+02, 0.000000E+00, 1.183232E+01, 3.014956E+02, 2.927338E+02, 2.919028E+02, 2.925598E+02, 2.923191E+02
2024-06-07 02:45:15,2, 0.000000E+00, 2.918161E+02, 2.922456E+02, 0.000000E+00, 1.059629E+01, 3.012846E+02, 2.925691E+02, 2.917305E+02, 2.924009E+02, 2.921581E+02
2024-06-07 03:00:15,2, 0.000000E+00, 2.916609E+02, 2.920854E+02, 0.000000E+00, 1.021908E+01, 3.010808E+02, 2.924009E+02, 2.915611E+02, 2.922381E+02, 2.919952E+02
2024-06-07 03:15:15,2, 0.000000E+00, 2.914641E+02, 2.918786E+02, 0.000000E+00, 9.496185E+00, 3.008784E+02, 2.921483E+02, 2.912808E+02, 2.920275E+02, 2.917780E+02
2024-06-07 03:30:15,2, 0.000000E+00, 2.912673E+02, 2.916431E+02, 0.000000E+00, 8.326393E+00, 3.006762E+02, 2.918683E+02, 2.909641E+02, 2.917815E+02, 2.915218E+02
2024-06-07 03:45:15,2, 0.000000E+00, 2.910704E+02, 2.913956E+02, 0.000000E+00, 7.233315E+00, 3.004763E+02, 2.915749E+02, 2.906292E+02, 2.915228E+02, 2.912517E+02
2024-06-07 04:00:15,2, 0.000000E+00, 2.908732E+02, 2.911326E+02, 0.000000E+00, 5.855632E+00, 3.002797E+02, 2.912643E+02, 2.902680E+02, 2.912487E+02, 2.909644E+02
2024-06-07 04:15:15,2, 0.000000E+00, 2.906533E+02, 2.908390E+02, 0.000000E+00, 4.287370E+00, 3.000867E+02, 2.909268E+02, 2.898682E+02, 2.909455E+02, 2.906478E+02
2024-06-07 04:30:15,2, 0.000000E+00, 2.904333E+02, 2.905117E+02, 0.000000E+00, 4.451872E+00, 2.998927E+02, 2.905772E+02, 2.894934E+02, 2.906122E+02, 2.903064E+02
2024-06-07 04:45:15,2, 0.000000E+00, 2.902134E+02, 2.901606E+02, 0.000000E+00, 4.508024E+00, 2.996941E+02, 2.902081E+02, 2.890991E+02, 2.902560E+02, 2.899429E+02
2024-06-07 05:00:15,2, 0.000000E+00, 2.899940E+02, 2.897891E+02, 0.000000E+00, 4.492009E+00, 2.994916E+02, 2.898228E+02, 2.886901E+02, 2.898800E+02, 2.895599E+02
2024-06-07 05:15:15,2, 0.000000E+00, 2.898054E+02, 2.894388E+02, 0.000000E+00, 4.327277E+00, 2.992901E+02, 2.895035E+02, 2.883749E+02, 2.895279E+02, 2.892070E+02
2024-06-07 05:30:15,2, 0.000000E+00, 2.896168E+02, 2.891340E+02, 0.000000E+00, 4.270574E+00, 2.990938E+02, 2.892208E+02, 2.880937E+02, 2.892214E+02, 2.889006E+02
2024-06-07 05:45:15,2, 0.000000E+00, 2.894282E+02, 2.888600E+02, 0.000000E+00, 4.246496E+00, 2.989024E+02, 2.889625E+02, 2.878355E+02, 2.889460E+02, 2.886252E+02
2024-06-07 06:00:15,2, 0.000000E+00, 2.892390E+02, 2.886074E+02, 0.000000E+00, 4.243505E+00, 2.987155E+02, 2.887214E+02, 2.875937E+02, 2.886926E+02, 2.883715E+02
2024-06-07 06:15:15,2, 0.000000E+00, 2.890156E+02, 2.883665E+02, 0.000000E+00, 5.047824E+00, 2.985326E+02, 2.884865E+02, 2.873547E+02, 2.884508E+02, 2.881289E+02
2024-06-07 06:30:15,2, 0.000000E+00, 2.887923E+02, 2.881312E+02, 0.000000E+00, 5.715520E+00, 2.983531E+02, 2.882559E+02, 2.871198E+02, 2.882148E+02, 2.878919E+02
2024-06-07 06:45:15,2, 0.000000E+00, 2.885690E+02, 2.878997E+02, 0.000000E+00, 6.269209E+00, 2.981765E+02, 2.880282E+02, 2.868877E+02, 2.879828E+02, 2.876588E+02
2024-06-07 07:00:15,2, 0.000000E+00, 2.883478E+02, 2.876708E+02, 0.000000E+00, 6.706143E+00, 2.980027E+02, 2.878029E+02, 2.866584E+02, 2.877535E+02, 2.874284E+02
2024-06-07 07:15:15,2, 0.000000E+00, 2.882521E+02, 2.874837E+02, 0.000000E+00, 6.015833E+00, 2.978355E+02, 2.876590E+02, 2.865375E+02, 2.875675E+02, 2.872471E+02
2024-06-07 07:30:15,2, 0.000000E+00, 2.881565E+02, 2.873610E+02, 0.000000E+00, 5.545064E+00, 2.976784E+02, 2.875683E+02, 2.864682E+02, 2.874448E+02, 2.871309E+02
2024-06-07 07:45:15,2, 0.000000E+00, 2.880609E+02, 2.872850E+02, 0.000000E+00, 5.205797E+00, 2.975309E+02, 2.875155E+02, 2.864359E+02, 2.873689E+02, 2.870609E+02
2024-06-07 08:00:15,2, 0.000000E+00, 2.879655E+02, 2.872432E+02, 0.000000E+00, 4.955226E+00, 2.973924E+02, 2.874899E+02, 2.864297E+02, 2.873273E+02, 2.870248E+02
2024-06-07 08:15:15,2, 0.000000E+00, 2.878851E+02, 2.871885E+02, 0.000000E+00, 4.678185E+00, 2.972577E+02, 2.874048E+02, 2.863376E+02, 2.872709E+02, 2.869679E+02
2024-06-07 08:30:15,2, 0.000000E+00, 2.878047E+02, 2.870926E+02, 0.000000E+00, 4.382144E+00, 2.971224E+02, 2.872862E+02, 2.862129E+02, 2.871739E+02, 2.868692E+02
2024-06-07 08:45:15,2, 0.000000E+00, 2.877243E+02, 2.869679E+02, 0.000000E+00, 4.090452E+00, 2.969866E+02, 2.871442E+02, 2.860653E+02, 2.870474E+02, 2.867411E+02
2024-06-07 09:00:15,2, 0.000000E+00, 2.876462E+02, 2.868227E+02, 0.000000E+00, 3.806841E+00, 2.968501E+02, 2.869867E+02, 2.859032E+02, 2.869012E+02, 2.865930E+02
2024-06-07 09:15:15,2, 0.000000E+00, 2.877015E+02, 2.867105E+02, 0.000000E+00, 3.114270E+00, 2.967182E+02, 2.869129E+02, 2.858560E+02, 2.867880E+02, 2.864866E+02
2024-06-07 09:30:15,2, 0.000000E+00, 2.877569E+02, 2.866626E+02, 0.000000E+00, 2.594978E+00, 2.965953E+02, 2.868916E+02, 2.858599E+02, 2.867388E+02, 2.864447E+02
2024-06-07 09:45:15,2, 0.000000E+00, 2.878122E+02, 2.866618E+02, 0.000000E+00, 2.182112E+00, 2.964811E+02, 2.869084E+02, 2.859010E+02, 2.867364E+02, 2.864492E+02
2024-06-07 10:00:15,2, 3.257010E+01, 2.878707E+02, 2.867043E+02, 3.809253E+00, 1.841022E+00, 2.963771E+02, 2.870992E+02, 2.862292E+02, 2.868049E+02, 2.865352E+02
2024-06-07 10:15:15,2, 5.169891E+01, 2.881170E+02, 2.872862E+02, 5.379596E+00, 1.421384E+00, 2.963683E+02, 2.878641E+02, 2.871332E+02, 2.875172E+02, 2.873583E+02
2024-06-07 10:30:15,2, 7.110372E+01, 2.883633E+02, 2.880237E+02, 6.592887E+00, 1.677691E+00, 2.964056E+02, 2.886641E+02, 2.880593E+02, 2.883321E+02, 2.882464E+02
2024-06-07 10:45:15,2, 9.070144E+01, 2.886096E+02, 2.888463E+02, 7.574345E+00, 3.515627E+00, 2.964856E+02, 2.895322E+02, 2.890512E+02, 2.892388E+02, 2.892205E+02
2024-06-07 11:00:15,2, 1.270930E+02, 2.888566E+02, 2.894536E+02, 8.495950E+00, 1.781730E+01, 2.965812E+02, 2.902268E+02, 2.898868E+02, 2.899670E+02, 2.899639E+02
2024-06-07 11:15:15,2, 1.498061E+02, 2.891413E+02, 2.898735E+02, 8.919898E+00, 2.296264E+01, 2.967203E+02, 2.907237E+02, 2.904422E+02, 2.905380E+02, 2.905858E+02
2024-06-07 11:30:15,2, 1.724503E+02, 2.894259E+02, 2.902127E+02, 9.304237E+00, 2.581275E+01, 2.968728E+02, 2.911329E+02, 2.908949E+02, 2.909654E+02, 2.910343E+02
2024-06-07 11:45:15,2, 1.949285E+02, 2.897106E+02, 2.905482E+02, 9.653903E+00, 2.868053E+01, 2.970399E+02, 2.915431E+02, 2.913455E+02, 2.913860E+02, 2.914757E+02
2024-06-07 12:00:15,2, 2.880674E+02, 2.899937E+02, 2.909005E+02, 1.016709E+01, 3.240682E+01, 2.972263E+02, 2.922620E+02, 2.922899E+02, 2.918816E+02, 2.920061E+02
2024-06-07 12:15:15,2, 3.170657E+02, 2.901809E+02, 2.913863E+02, 1.038744E+01, 5.970828E+01, 2.975701E+02, 2.929711E+02, 2.930547E+02, 2.926631E+02, 2.928629E+02
2024-06-07 12:30:15,2, 3.454657E+02, 2.903682E+02, 2.916554E+02, 1.035681E+01, 6.444967E+01, 2.979180E+02, 2.933355E+02, 2.934592E+02, 2.929996E+02, 2.932023E+02
2024-06-07 12:45:15,2, 3.731460E+02, 2.905554E+02, 2.919167E+02, 1.033586E+01, 6.852964E+01, 2.982729E+02, 2.936906E+02, 2.938523E+02, 2.933232E+02, 2.935306E+02
2024-06-07 13:00:15,2, 3.768781E+02, 2.907395E+02, 2.921674E+02, 1.028866E+01, 7.203782E+01, 2.986341E+02, 2.939548E+02, 2.941230E+02, 2.936184E+02, 2.938308E+02
2024-06-07 13:15:15,2, 4.012711E+02, 2.907413E+02, 2.922280E+02, 1.024446E+01, 6.636782E+01, 2.989552E+02, 2.941356E+02, 2.943461E+02, 2.937291E+02, 2.939468E+02
2024-06-07 13:30:15,2, 4.246614E+02, 2.907431E+02, 2.923060E+02, 1.025474E+01, 6.820602E+01, 2.993119E+02, 2.943727E+02, 2.946190E+02, 2.938994E+02, 2.941301E+02
2024-06-07 13:45:15,2, 4.469489E+02, 2.907450E+02, 2.923801E+02, 1.026295E+01, 7.019706E+01, 2.996896E+02, 2.946023E+02, 2.948819E+02, 2.940633E+02, 2.943062E+02
2024-06-07 14:00:15,2, 5.409447E+02, 2.907511E+02, 2.924666E+02, 1.030710E+01, 7.215249E+01, 3.000854E+02, 2.950725E+02, 2.954411E+02, 2.942897E+02, 2.945392E+02
2024-06-07 14:15:15,2, 5.638299E+02, 2.910129E+02, 2.928658E+02, 1.037419E+01, 7.553060E+01, 3.006856E+02, 2.956740E+02, 2.960323E+02, 2.949193E+02, 2.951755E+02
2024-06-07 14:30:15,2, 5.851277E+02, 2.912747E+02, 2.931695E+02, 1.034616E+01, 7.799954E+01, 3.012654E+02, 2.960654E+02, 2.964324E+02, 2.952981E+02, 2.955558E+02
2024-06-07 14:45:15,2, 6.047471E+02, 2.915364E+02, 2.934679E+02, 1.032536E+01, 8.054743E+01, 3.018260E+02, 2.964418E+02, 2.968162E+02, 2.956654E+02, 2.959245E+02
2024-06-07 15:00:15,2, 6.515482E+02, 2.917976E+02, 2.937674E+02, 1.031145E+01, 8.355076E+01, 3.023714E+02, 2.968929E+02, 2.972806E+02, 2.960488E+02, 2.963044E+02
2024-06-07 15:15:15,2, 6.683108E+02, 2.920194E+02, 2.940716E+02, 1.026636E+01, 9.381486E+01, 3.029737E+02, 2.972948E+02, 2.976756E+02, 2.964670E+02, 2.967141E+02
2024-06-07 15:30:15,2, 6.830773E+02, 2.922412E+02, 2.943268E+02, 1.019817E+01, 9.644053E+01, 3.035143E+02, 2.975943E+02, 2.979810E+02, 2.967607E+02, 2.970050E+02
2024-06-07 15:45:15,2, 6.957843E+02, 2.924630E+02, 2.945764E+02, 1.013217E+01, 9.883746E+01, 3.040117E+02, 2.978751E+02, 2.982668E+02, 2.970410E+02, 2.972827E+02
2024-06-07 16:00:15,2, 6.061980E+02, 2.926803E+02, 2.948002E+02, 1.003611E+01, 1.001344E+02, 3.044649E+02, 2.978317E+02, 2.981917E+02, 2.972198E+02, 2.974736E+02
2024-06-07 16:15:15,2, 6.134359E+02, 2.926312E+02, 2.946721E+02, 1.001989E+01, 8.750434E+01, 3.045971E+02, 2.976262E+02, 2.980313E+02, 2.969228E+02, 2.971953E+02
2024-06-07 16:30:15,2, 6.187897E+02, 2.925821E+02, 2.946477E+02, 1.003975E+01, 8.754484E+01, 3.047572E+02, 2.976560E+02, 2.980661E+02, 2.969158E+02, 2.971906E+02
2024-06-07 16:45:15,2, 6.222367E+02, 2.925329E+02, 2.946200E+02, 1.005163E+01, 8.752181E+01, 3.049307E+02, 2.976740E+02, 2.980850E+02, 2.969009E+02, 2.971761E+02
2024-06-07 17:00:15,2, 8.160871E+02, 2.924888E+02, 2.946242E+02, 1.010853E+01, 8.805953E+01, 3.051281E+02, 2.982425E+02, 2.986703E+02, 2.970441E+02, 2.972815E+02
2024-06-07 17:15:15,2, 8.155600E+02, 2.927376E+02, 2.950878E+02, 1.004296E+01, 9.636627E+01, 3.059055E+02, 2.989591E+02, 2.992777E+02, 2.978962E+02, 2.980726E+02
2024-06-07 17:30:15,2, 8.125124E+02, 2.929863E+02, 2.953315E+02, 9.971317E+00, 9.717123E+01, 3.065832E+02, 2.991921E+02, 2.994783E+02, 2.981496E+02, 2.983146E+02
2024-06-07 17:45:15,2, 8.069573E+02, 2.932351E+02, 2.955662E+02, 9.927303E+00, 9.813649E+01, 3.071767E+02, 2.993962E+02, 2.996481E+02, 2.983835E+02, 2.985381E+02
2024-06-07 18:00:15,2, 7.491275E+02, 2.934776E+02, 2.957838E+02, 9.882848E+00, 9.903247E+01, 3.076917E+02, 2.994370E+02, 2.996624E+02, 2.985586E+02, 2.987151E+02
2024-06-07 18:15:15,2, 7.392933E+02, 2.933538E+02, 2.956405E+02, 9.907136E+00, 9.814777E+01, 3.079728E+02, 2.992136E+02, 2.994275E+02, 2.983196E+02, 2.984869E+02
2024-06-07 18:30:15,2, 7.272046E+02, 2.932299E+02, 2.955060E+02, 9.935704E+00, 9.725662E+01, 3.081800E+02, 2.990510E+02, 2.992296E+02, 2.981496E+02, 2.983076E+02
2024-06-07 18:45:15,2, 7.129132E+02, 2.931061E+02, 2.953658E+02, 9.965792E+00, 9.621134E+01, 3.083295E+02, 2.988681E+02, 2.990118E+02, 2.979666E+02, 2.981159E+02
2024-06-07 19:00:15,2, 6.729899E+02, 2.929846E+02, 2.952161E+02, 9.989702E+00, 9.499377E+01, 3.084274E+02, 2.985985E+02, 2.987066E+02, 2.977504E+02, 2.978959E+02
2024-06-07 19:15:15,2, 6.551100E+02, 2.930032E+02, 2.951643E+02, 1.002049E+01, 9.534800E+01, 3.084172E+02, 2.984165E+02, 2.985226E+02, 2.975552E+02, 2.977017E+02
2024-06-07 19:30:15,2, 6.353054E+02, 2.930218E+02, 2.951556E+02, 1.003080E+01, 9.502719E+01, 3.083941E+02, 2.983011E+02, 2.983948E+02, 2.974632E+02, 2.976039E+02
2024-06-07 19:45:15,2, 6.136609E+02, 2.930404E+02, 2.951422E+02, 1.003191E+01, 9.447059E+01, 3.083516E+02, 2.981774E+02, 2.982598E+02, 2.973660E+02, 2.975017E+02
2024-06-07 20:00:15,2, 4.729908E+02, 2.930506E+02, 2.950963E+02, 9.965920E+00, 9.326706E+01, 3.082732E+02, 2.976742E+02, 2.976685E+02, 2.971536E+02, 2.972954E+02
2024-06-07 20:15:15,2, 4.529269E+02, 2.925651E+02, 2.944651E+02, 9.963305E+00, 8.305196E+01, 3.078569E+02, 2.968415E+02, 2.968343E+02, 2.962405E+02, 2.963747E+02
2024-06-07 20:30:15,2, 4.316291E+02, 2.920796E+02, 2.939545E+02, 9.991658E+00, 7.938800E+01, 3.074857E+02, 2.962860E+02, 2.962472E+02, 2.956543E+02, 2.957778E+02
2024-06-07 20:45:15,2, 4.091887E+02, 2.915941E+02, 2.934430E+02, 9.991740E+00, 7.549002E+01, 3.071359E+02, 2.957286E+02, 2.956581E+02, 2.950677E+02, 2.951800E+02
2024-06-07 21:00:15,2, 3.380984E+02, 2.911054E+02, 2.929160E+02, 9.901880E+00, 7.128758E+01, 3.067836E+02, 2.949972E+02, 2.948224E+02, 2.944310E+02, 2.945282E+02
2024-06-07 21:15:15,2, 3.166809E+02, 2.904251E+02, 2.921424E+02, 9.796358E+00, 6.456796E+01, 3.063551E+02, 2.941523E+02, 2.939333E+02, 2.935137E+02, 2.935790E+02
2024-06-07 21:30:15,2, 2.945258E+02, 2.897449E+02, 2.914464E+02, 9.727909E+00, 5.978242E+01, 3.062020E+02, 2.934664E+02, 2.931904E+02, 2.927688E+02, 2.928161E+02
2024-06-07 21:45:15,2, 2.717280E+02, 2.890646E+02, 2.907559E+02, 9.623461E+00, 5.519892E+01, 3.062176E+02, 2.927958E+02, 2.924551E+02, 2.920317E+02, 2.920576E+02
2024-06-07 22:00:15,2, 2.008978E+02, 2.883957E+02, 2.900548E+02, 9.258278E+00, 5.060242E+01, 3.063028E+02, 2.919477E+02, 2.914282E+02, 2.912473E+02, 2.912399E+02
2024-06-07 22:15:15,2, 1.816578E+02, 2.883979E+02, 2.897755E+02, 9.085665E+00, 5.037138E+01, 3.064546E+02, 2.915346E+02, 2.909185E+02, 2.907517E+02, 2.906816E+02
2024-06-07 22:30:15,2, 1.621401E+02, 2.884001E+02, 2.897650E+02, 8.968517E+00, 1.001634E+02, 3.067263E+02, 2.914618E+02, 2.907465E+02, 2.906825E+02, 2.905834E+02
2024-06-07 22:45:15,2, 1.424285E+02, 2.884023E+02, 2.896997E+02, 8.743274E+00, 1.268653E+02, 3.067318E+02, 2.913243E+02, 2.905097E+02, 2.905858E+02, 2.904604E+02
2024-06-07 23:00:15,2, 1.634882E+02, 2.884042E+02, 2.896235E+02, 8.980691E+00, 1.167259E+02, 3.068528E+02, 2.913365E+02, 2.905528E+02, 2.905038E+02, 2.903637E+02
2024-06-07 23:15:15,2, 1.370249E+02, 2.883917E+02, 2.896297E+02, 8.579929E+00, 1.174364E+02, 3.065163E+02, 2.912025E+02, 2.903643E+02, 2.905278E+02, 2.904248E+02
2024-06-07 23:30:15,2, 1.106419E+02, 2.883792E+02, 2.894451E+02, 7.858568E+00, 5.901004E+01, 3.058458E+02, 2.907716E+02, 2.898490E+02, 2.902202E+02, 2.900969E+02
2024-06-07 23:45:15,2, 8.445230E+01, 2.883666E+02, 2.892991E+02, 6.898083E+00, 4.034762E+01, 3.052084E+02, 2.903992E+02, 2.893785E+02, 2.899402E+02, 2.897947E+02
2024-06-08 00:00:15,1, 4.354091E+01, 2.883505E+02, 2.891512E+02, 4.330083E+00, 3.175510E+01, 3.045769E+02, 2.899703E+02, 2.888120E+02, 2.896319E+02, 2.894435E+02
2024-06-08 00:15:15,1, 2.491917E+01, 2.881235E+02, 2.888476E+02, 2.824661E+00, 2.501500E+01, 3.039454E+02, 2.895274E+02, 2.882877E+02, 2.891905E+02, 2.889584E+02
2024-06-08 00:30:15,1, 6.680461E+00, 2.878964E+02, 2.885360E+02, 8.645779E-01, 1.856716E+01, 3.033575E+02, 2.891152E+02, 2.878215E+02, 2.887884E+02, 2.884665E+02
2024-06-08 00:45:15,1, 0.000000E+00, 2.876693E+02, 2.882358E+02, 0.000000E+00, 1.461259E+01, 3.028155E+02, 2.887442E+02, 2.874375E+02, 2.884358E+02, 2.880657E+02
2024-06-08 01:00:15,1, 0.000000E+00, 2.874455E+02, 2.879786E+02, 0.000000E+00, 1.361879E+01, 3.023254E+02, 2.884527E+02, 2.871523E+02, 2.881654E+02, 2.877969E+02
2024-06-08 01:15:15,1, 0.000000E+00, 2.874171E+02, 2.879002E+02, 0.000000E+00, 8.793287E+00, 3.018959E+02, 2.884213E+02, 2.871752E+02, 2.880698E+02, 2.877135E+02
2024-06-08 01:30:15,1, 0.000000E+00, 2.873887E+02, 2.879024E+02, 0.000000E+00, 8.380807E+00, 3.015280E+02, 2.884627E+02, 2.872886E+02, 2.880787E+02, 2.877428E+02
2024-06-08 01:45:15,1, 0.000000E+00, 2.873603E+02, 2.879123E+02, 0.000000E+00, 8.175613E+00, 3.012041E+02, 2.885152E+02, 2.874108E+02, 2.881001E+02, 2.877841E+02
2024-06-08 02:00:15,1, 0.000000E+00, 2.873315E+02, 2.879229E+02, 0.000000E+00, 8.000112E+00, 3.009148E+02, 2.885715E+02, 2.875333E+02, 2.881238E+02, 2.878266E+02
2024-06-08 02:15:15,1, 0.000000E+00, 2.872776E+02, 2.878804E+02, 0.000000E+00, 7.050948E+00, 3.006470E+02, 2.885038E+02, 2.874807E+02, 2.880848E+02, 2.877944E+02
2024-06-08 02:30:15,1, 0.000000E+00, 2.872238E+02, 2.878157E+02, 0.000000E+00, 6.649330E+00, 3.003935E+02, 2.884180E+02, 2.874068E+02, 2.880144E+02, 2.877275E+02
2024-06-08 02:45:15,1, 0.000000E+00, 2.871699E+02, 2.877502E+02, 0.000000E+00, 6.450782E+00, 3.001526E+02, 2.883331E+02, 2.873328E+02, 2.879430E+02, 2.876593E+02
2024-06-08 03:00:15,1, 0.000000E+00, 2.871164E+02, 2.876851E+02, 0.000000E+00, 6.286135E+00, 2.999232E+02, 2.882501E+02, 2.872603E+02, 2.878724E+02, 2.875917E+02
2024-06-08 03:15:15,1, 0.000000E+00, 2.870862E+02, 2.876473E+02, 0.000000E+00, 5.808508E+00, 2.997040E+02, 2.882150E+02, 2.872525E+02, 2.878302E+02, 2.875566E+02
2024-06-08 03:30:15,1, 0.000000E+00, 2.870559E+02, 2.876209E+02, 0.000000E+00, 5.683709E+00, 2.994895E+02, 2.881901E+02, 2.872557E+02, 2.878032E+02, 2.875377E+02
2024-06-08 03:45:15,1, 0.000000E+00, 2.870257E+02, 2.875953E+02, 0.000000E+00, 5.596022E+00, 2.992830E+02, 2.881668E+02, 2.872600E+02, 2.877779E+02, 2.875203E+02
2024-06-08 04:00:15,1, 0.000000E+00, 2.869938E+02, 2.875700E+02, 0.000000E+00, 5.561829E+00, 2.990860E+02, 2.881439E+02, 2.872631E+02, 2.877531E+02, 2.875032E+02
2024-06-08 04:15:15,1, 0.000000E+00, 2.868684E+02, 2.874432E+02, 0.000000E+00, 6.173148E+00, 2.988888E+02, 2.879505E+02, 2.870384E+02, 2.876244E+02, 2.873685E+02
2024-06-08 04:30:15,1, 0.000000E+00, 2.867430E+02, 2.872745E+02, 0.000000E+00, 5.936684E+00, 2.986860E+02, 2.877203E+02, 2.867727E+02, 2.874398E+02, 2.871738E+02
2024-06-08 04:45:15,1, 0.000000E+00, 2.866176E+02, 2.871014E+02, 0.000000E+00, 5.626611E+00, 2.984814E+02, 2.874860E+02, 2.865009E+02, 2.872496E+02, 2.869730E+02
2024-06-08 05:00:15,1, 0.000000E+00, 2.864925E+02, 2.869256E+02, 0.000000E+00, 5.176602E+00, 2.982781E+02, 2.872522E+02, 2.862175E+02, 2.870584E+02, 2.867676E+02
2024-06-08 05:15:15,1, 0.000000E+00, 2.863892E+02, 2.867830E+02, 0.000000E+00, 5.102895E+00, 2.980827E+02, 2.871040E+02, 2.860673E+02, 2.869063E+02, 2.866129E+02
2024-06-08 05:30:15,1, 0.000000E+00, 2.862859E+02, 2.866637E+02, 0.000000E+00, 5.178028E+00, 2.978930E+02, 2.869751E+02, 2.859453E+02, 2.867824E+02, 2.864911E+02
2024-06-08 05:45:15,1, 0.000000E+00, 2.861826E+02, 2.865485E+02, 0.000000E+00, 5.163003E+00, 2.977078E+02, 2.868497E+02, 2.858278E+02, 2.866634E+02, 2.863746E+02
2024-06-08 06:00:15,1, 0.000000E+00, 2.860793E+02, 2.864344E+02, 0.000000E+00, 5.120135E+00, 2.975271E+02, 2.867253E+02, 2.857110E+02, 2.865456E+02, 2.862592E+02
2024-06-08 06:15:15,1, 0.000000E+00, 2.859796E+02, 2.863052E+02, 0.000000E+00, 5.665591E+00, 2.973511E+02, 2.865644E+02, 2.855253E+02, 2.864108E+02, 2.861182E+02
2024-06-08 06:30:15,1, 0.000000E+00, 2.858799E+02, 2.861608E+02, 0.000000E+00, 5.518375E+00, 2.971820E+02, 2.863911E+02, 2.853196E+02, 2.862607E+02, 2.859582E+02
2024-06-08 06:45:15,1, 0.000000E+00, 2.857802E+02, 2.860052E+02, 0.000000E+00, 5.114307E+00, 2.970197E+02, 2.862089E+02, 2.850971E+02, 2.860996E+02, 2.857856E+02
2024-06-08 07:00:15,1, 0.000000E+00, 2.856813E+02, 2.858330E+02, 0.000000E+00, 4.390900E+00, 2.968642E+02, 2.860078E+02, 2.848498E+02, 2.859225E+02, 2.855952E+02
2024-06-08 07:15:15,1, 0.000000E+00, 2.856320E+02, 2.856857E+02, 0.000000E+00, 2.551254E+00, 2.967228E+02, 2.858848E+02, 2.847125E+02, 2.857733E+02, 2.854402E+02
2024-06-08 07:30:15,1, 0.000000E+00, 2.855826E+02, 2.855866E+02, 0.000000E+00, 2.021742E+00, 2.965956E+02, 2.858124E+02, 2.846427E+02, 2.856753E+02, 2.853420E+02
2024-06-08 07:45:15,1, 0.000000E+00, 2.855333E+02, 2.855277E+02, 0.000000E+00, 1.985684E+00, 2.964763E+02, 2.857789E+02, 2.846264E+02, 2.856168E+02, 2.852881E+02
2024-06-08 08:00:15,1, 0.000000E+00, 2.854859E+02, 2.855088E+02, 0.000000E+00, 2.291477E+00, 2.963609E+02, 2.857825E+02, 2.846606E+02, 2.855975E+02, 2.852768E+02
2024-06-08 08:15:15,1, 0.000000E+00, 2.855544E+02, 2.855959E+02, 0.000000E+00, 2.088092E+00, 2.962593E+02, 2.859695E+02, 2.849306E+02, 2.856886E+02, 2.853874E+02
2024-06-08 08:30:15,1, 0.000000E+00, 2.856230E+02, 2.858343E+02, 0.000000E+00, 3.268221E+00, 2.961708E+02, 2.862835E+02, 2.853623E+02, 2.859334E+02, 2.856653E+02
2024-06-08 08:45:15,1, 0.000000E+00, 2.856915E+02, 2.860938E+02, 0.000000E+00, 3.447867E+00, 2.960852E+02, 2.865810E+02, 2.857889E+02, 2.862119E+02, 2.859830E+02
2024-06-08 09:00:15,1, 0.000000E+00, 2.857587E+02, 2.862669E+02, 0.000000E+00, 2.518490E+00, 2.960071E+02, 2.868120E+02, 2.861150E+02, 2.864125E+02, 2.862123E+02
2024-06-08 09:15:15,1, 0.000000E+00, 2.857443E+02, 2.862771E+02, 0.000000E+00, 3.556842E+00, 2.959272E+02, 2.867685E+02, 2.860489E+02, 2.864328E+02, 2.862311E+02
2024-06-08 09:30:15,1, 0.000000E+00, 2.857298E+02, 2.862309E+02, 0.000000E+00, 3.549858E+00, 2.958360E+02, 2.866750E+02, 2.859273E+02, 2.863757E+02, 2.861662E+02
2024-06-08 09:45:15,1, 0.000000E+00, 2.857154E+02, 2.861800E+02, 0.000000E+00, 3.414706E+00, 2.957384E+02, 2.865769E+02, 2.857997E+02, 2.863121E+02, 2.860942E+02
2024-06-08 10:00:15,1, 2.279058E+01, 2.857033E+02, 2.861304E+02, 2.715900E+00, 3.369207E+00, 2.956406E+02, 2.865480E+02, 2.857688E+02, 2.862714E+02, 2.860492E+02
2024-06-08 10:15:15,1, 3.606782E+01, 2.858293E+02, 2.863248E+02, 3.961249E+00, 7.782793E+00, 2.956005E+02, 2.868516E+02, 2.861632E+02, 2.865663E+02, 2.864138E+02
2024-06-08 10:30:15,1, 4.953740E+01, 2.859552E+02, 2.865216E+02, 4.973099E+00, 1.149088E+01, 2.955833E+02, 2.871284E+02, 2.865262E+02, 2.868253E+02, 2.867146E+02
2024-06-08 10:45:15,1, 6.314164E+01, 2.860812E+02, 2.867178E+02, 5.776972E+00, 1.466145E+01, 2.955890E+02, 2.874071E+02, 2.868844E+02, 2.870793E+02, 2.869954E+02
2024-06-08 11:00:15,1, 9.068357E+01, 2.862074E+02, 2.869168E+02, 6.862894E+00, 1.762654E+01, 2.956167E+02, 2.877424E+02, 2.873417E+02, 2.873470E+02, 2.872929E+02
2024-06-08 11:15:15,1, 1.068537E+02, 2.863481E+02, 2.871622E+02, 7.364862E+00, 2.296178E+01, 2.956869E+02, 2.880732E+02, 2.877466E+02, 2.876815E+02, 2.876659E+02
2024-06-08 11:30:15,1, 1.229756E+02, 2.864889E+02, 2.873588E+02, 7.742228E+00, 2.548421E+01, 2.957694E+02, 2.883360E+02, 2.880697E+02, 2.879272E+02, 2.879320E+02
2024-06-08 11:45:15,1, 1.389803E+02, 2.866297E+02, 2.875523E+02, 8.054263E+00, 2.775452E+01, 2.958635E+02, 2.885964E+02, 2.883854E+02, 2.881672E+02, 2.881913E+02
2024-06-08 12:00:15,1, 1.594423E+02, 2.867708E+02, 2.877452E+02, 8.360585E+00, 3.005867E+01, 2.959687E+02, 2.888737E+02, 2.887258E+02, 2.884085E+02, 2.884520E+02
2024-06-08 12:15:15,1, 1.754745E+02, 2.869309E+02, 2.879581E+02, 8.599013E+00, 3.498602E+01, 2.960949E+02, 2.891452E+02, 2.890397E+02, 2.886728E+02, 2.887360E+02
2024-06-08 12:30:15,1, 1.911770E+02, 2.870910E+02, 2.881571E+02, 8.784758E+00, 3.739764E+01, 2.962373E+02, 2.893945E+02, 2.893277E+02, 2.889111E+02, 2.889888E+02
2024-06-08 12:45:15,1, 2.064825E+02, 2.872511E+02, 2.883548E+02, 8.924866E+00, 3.956804E+01, 2.963909E+02, 2.896416E+02, 2.896130E+02, 2.891462E+02, 2.892372E+02
2024-06-08 13:00:15,1, 2.143563E+02, 2.874115E+02, 2.885486E+02, 8.996032E+00, 4.169888E+01, 2.965519E+02, 2.898579E+02, 2.898478E+02, 2.893707E+02, 2.894725E+02
2024-06-08 13:15:15,1, 2.282224E+02, 2.875918E+02, 2.887355E+02, 9.066252E+00, 4.546313E+01, 2.967055E+02, 2.900749E+02, 2.900913E+02, 2.895783E+02, 2.896867E+02
2024-06-08 13:30:15,1, 2.415195E+02, 2.877722E+02, 2.889436E+02, 9.142938E+00, 4.770439E+01, 2.968671E+02, 2.903185E+02, 2.903602E+02, 2.898228E+02, 2.899423E+02
2024-06-08 13:45:15,1, 2.541907E+02, 2.879525E+02, 2.891500E+02, 9.206987E+00, 4.979420E+01, 2.970339E+02, 2.905574E+02, 2.906230E+02, 2.900640E+02, 2.901936E+02
2024-06-08 14:00:15,1, 2.710398E+02, 2.881333E+02, 2.893560E+02, 9.273077E+00, 5.164541E+01, 2.972044E+02, 2.908110E+02, 2.909098E+02, 2.903060E+02, 2.904462E+02
2024-06-08 14:15:15,1, 2.825049E+02, 2.883398E+02, 2.896092E+02, 9.359789E+00, 5.088387E+01, 2.973932E+02, 2.911321E+02, 2.912645E+02, 2.906153E+02, 2.907731E+02
2024-06-08 14:30:15,1, 2.931761E+02, 2.885462E+02, 2.898549E+02, 9.430115E+00, 5.280343E+01, 2.975931E+02, 2.914391E+02, 2.916027E+02, 2.909117E+02, 2.910837E+02
2024-06-08 14:45:15,1, 3.030078E+02, 2.887527E+02, 2.900978E+02, 9.495611E+00, 5.477269E+01, 2.978004E+02, 2.917425E+02, 2.919359E+02, 2.912056E+02, 2.913917E+02
2024-06-08 15:00:15,1, 2.687360E+02, 2.889587E+02, 2.903242E+02, 9.462726E+00, 5.640234E+01, 2.980095E+02, 2.918640E+02, 2.919825E+02, 2.914521E+02, 2.916421E+02
2024-06-08 15:15:15,1, 2.756533E+02, 2.891404E+02, 2.904166E+02, 9.433928E+00, 5.363153E+01, 2.981346E+02, 2.919338E+02, 2.920698E+02, 2.914814E+02, 2.916497E+02
2024-06-08 15:30:15,1, 2.817485E+02, 2.893221E+02, 2.906175E+02, 9.507374E+00, 5.520150E+01, 2.982763E+02, 2.921710E+02, 2.923281E+02, 2.917160E+02, 2.918949E+02
2024-06-08 15:45:15,1, 2.869953E+02, 2.895038E+02, 2.908174E+02, 9.562668E+00, 5.661768E+01, 2.984283E+02, 2.924053E+02, 2.925819E+02, 2.919498E+02, 2.921385E+02
2024-06-08 16:00:15,1, 4.402797E+02, 2.896873E+02, 2.910589E+02, 9.795018E+00, 5.893335E+01, 2.985974E+02, 2.932529E+02, 2.937832E+02, 2.923353E+02, 2.925627E+02
2024-06-08 16:15:15,1, 4.455482E+02, 2.899779E+02, 2.916977E+02, 1.001453E+01, 7.638211E+01, 2.990610E+02, 2.940169E+02, 2.945392E+02, 2.932844E+02, 2.936010E+02
2024-06-08 16:30:15,1, 4.494500E+02, 2.902686E+02, 2.919782E+02, 9.918430E+00, 7.778557E+01, 2.994306E+02, 2.942208E+02, 2.947312E+02, 2.935247E+02, 2.938268E+02
2024-06-08 16:45:15,1, 4.519685E+02, 2.905592E+02, 2.922475E+02, 9.873768E+00, 7.951507E+01, 2.997351E+02, 2.944141E+02, 2.949120E+02, 2.937563E+02, 2.940472E+02
2024-06-08 17:00:15,1, 5.144348E+02, 2.908486E+02, 2.925266E+02, 9.881721E+00, 8.156384E+01, 2.999986E+02, 2.948173E+02, 2.953967E+02, 2.940421E+02, 2.943295E+02
2024-06-08 17:15:15,1, 5.141231E+02, 2.910686E+02, 2.928628E+02, 9.897378E+00, 8.601148E+01, 3.003726E+02, 2.951702E+02, 2.957209E+02, 2.944967E+02, 2.947979E+02
2024-06-08 17:30:15,1, 5.122243E+02, 2.912886E+02, 2.930582E+02, 9.848256E+00, 8.687977E+01, 3.006999E+02, 2.953055E+02, 2.958284E+02, 2.946833E+02, 2.949749E+02
2024-06-08 17:45:15,1, 5.087467E+02, 2.915086E+02, 2.932463E+02, 9.819049E+00, 8.784109E+01, 3.009857E+02, 2.954222E+02, 2.959139E+02, 2.948567E+02, 2.951383E+02
2024-06-08 18:00:15,1, 4.989013E+02, 2.917297E+02, 2.934272E+02, 9.792702E+00, 8.870747E+01, 3.012340E+02, 2.955071E+02, 2.959587E+02, 2.950148E+02, 2.952851E+02
2024-06-08 18:15:15,1, 4.923801E+02, 2.920172E+02, 2.936781E+02, 9.789766E+00, 9.054951E+01, 3.014447E+02, 2.957283E+02, 2.961845E+02, 2.952573E+02, 2.955272E+02
2024-06-08 18:30:15,1, 4.843591E+02, 2.923046E+02, 2.939497E+02, 9.774991E+00, 9.227135E+01, 3.016340E+02, 2.959676E+02, 2.964264E+02, 2.955372E+02, 2.958085E+02
2024-06-08 18:45:15,1, 4.748727E+02, 2.925921E+02, 2.942168E+02, 9.751299E+00, 9.376275E+01, 3.018056E+02, 2.961960E+02, 2.966560E+02, 2.958103E+02, 2.960825E+02
2024-06-08 19:00:15,1, 5.608004E+02, 2.928763E+02, 2.945026E+02, 9.776469E+00, 9.531039E+01, 3.019702E+02, 2.967438E+02, 2.973188E+02, 2.961689E+02, 2.964435E+02
2024-06-08 19:15:15,1, 5.459461E+02, 2.929675E+02, 2.947845E+02, 9.737565E+00, 9.590784E+01, 3.023463E+02, 2.970691E+02, 2.975945E+02, 2.966262E+02, 2.969073E+02
2024-06-08 19:30:15,1, 5.294897E+02, 2.930587E+02, 2.948408E+02, 9.681365E+00, 9.499381E+01, 3.026257E+02, 2.970449E+02, 2.975301E+02, 2.966331E+02, 2.968986E+02
2024-06-08 19:45:15,1, 5.115017E+02, 2.931499E+02, 2.948877E+02, 9.657938E+00, 9.455317E+01, 3.028290E+02, 2.969983E+02, 2.974420E+02, 2.966245E+02, 2.968756E+02
2024-06-08 20:00:15,1, 4.907518E+02, 2.932388E+02, 2.949271E+02, 9.642052E+00, 9.372542E+01, 3.029706E+02, 2.969299E+02, 2.973301E+02, 2.966032E+02, 2.968402E+02
2024-06-08 20:15:15,1, 4.699932E+02, 2.931943E+02, 2.948573E+02, 9.634763E+00, 8.627755E+01, 3.030567E+02, 2.967885E+02, 2.971438E+02, 2.964993E+02, 2.967243E+02
2024-06-08 20:30:15,1, 4.479557E+02, 2.931499E+02, 2.947660E+02, 9.642049E+00, 8.434005E+01, 3.030972E+02, 2.966205E+02, 2.969289E+02, 2.963629E+02, 2.965765E+02
2024-06-08 20:45:15,1, 4.247338E+02, 2.931054E+02, 2.946691E+02, 9.651075E+00, 8.244523E+01, 3.030966E+02, 2.964378E+02, 2.966986E+02, 2.962163E+02, 2.964189E+02
2024-06-08 21:00:15,1, 4.014107E+02, 2.930589E+02, 2.945668E+02, 9.657567E+00, 8.031989E+01, 3.030584E+02, 2.962437E+02, 2.964564E+02, 2.960608E+02, 2.962522E+02
2024-06-08 21:15:15,1, 3.760608E+02, 2.928937E+02, 2.943512E+02, 9.643119E+00, 7.502333E+01, 3.029799E+02, 2.959020E+02, 2.960369E+02, 2.957875E+02, 2.959606E+02
2024-06-08 21:30:15,1, 3.498361E+02, 2.927285E+02, 2.941058E+02, 9.631015E+00, 7.135228E+01, 3.028549E+02, 2.955228E+02, 2.955794E+02, 2.954652E+02, 2.956196E+02
2024-06-08 21:45:15,1, 3.228490E+02, 2.925633E+02, 2.938541E+02, 9.609564E+00, 6.759716E+01, 3.026883E+02, 2.951279E+02, 2.951053E+02, 2.951316E+02, 2.952676E+02
2024-06-08 22:00:15,1, 2.908784E+02, 2.923970E+02, 2.935948E+02, 9.558955E+00, 6.370319E+01, 3.024843E+02, 2.947011E+02, 2.945877E+02, 2.947821E+02, 2.948991E+02
2024-06-08 22:15:15,1, 2.631294E+02, 2.921671E+02, 2.932844E+02, 9.487192E+00, 6.118724E+01, 3.022426E+02, 2.942678E+02, 2.940882E+02, 2.943837E+02, 2.944836E+02
2024-06-08 22:30:15,1, 2.349785E+02, 2.919371E+02, 2.929738E+02, 9.378046E+00, 5.701388E+01, 3.019792E+02, 2.938358E+02, 2.935891E+02, 2.939892E+02, 2.940762E+02
2024-06-08 22:45:15,1, 2.065461E+02, 2.917072E+02, 2.926584E+02, 9.211420E+00, 5.242751E+01, 3.016956E+02, 2.933937E+02, 2.930758E+02, 2.935855E+02, 2.936604E+02
2024-06-08 23:00:15,1, 1.548266E+02, 2.914766E+02, 2.923310E+02, 8.730962E+00, 4.740342E+01, 3.013932E+02, 2.928460E+02, 2.923432E+02, 2.931473E+02, 2.931986E+02
2024-06-08 23:15:15,1, 1.299181E+02, 2.912072E+02, 2.919095E+02, 8.300624E+00, 4.188548E+01, 3.010522E+02, 2.923001E+02, 2.916806E+02, 2.925766E+02, 2.925501E+02
2024-06-08 23:30:15,1, 1.050838E+02, 2.909378E+02, 2.915633E+02, 7.694859E+00, 3.695431E+01, 3.007169E+02, 2.918713E+02, 2.911613E+02, 2.921386E+02, 2.920772E+02
2024-06-08 23:45:15,1, 8.043004E+01, 2.906684E+02, 2.912184E+02, 6.788536E+00, 3.093898E+01, 3.003858E+02, 2.914534E+02, 2.906434E+02, 2.916944E+02, 2.916048E+02
2024-06-08 00:00:15,2, 4.354091E+01, 2.883505E+02, 2.891504E+02, 4.415672E+00, 3.182590E+01, 3.045783E+02, 2.900070E+02, 2.888546E+02, 2.896381E+02, 2.894475E+02
2024-06-08 00:15:15,2, 2.491917E+01, 2.881235E+02, 2.888454E+02, 2.867046E+00, 2.520215E+01, 3.039473E+02, 2.895687E+02, 2.883473E+02, 2.891963E+02, 2.889578E+02
2024-06-08 00:30:15,2, 6.680461E+00, 2.878964E+02, 2.885352E+02, 8.660670E-01, 1.867973E+01, 3.033595E+02, 2.891629E+02, 2.879057E+02, 2.887994E+02, 2.884821E+02
2024-06-08 00:45:15,2, 0.000000E+00, 2.876693E+02, 2.882360E+02, 0.000000E+00, 1.463402E+01, 3.028173E+02, 2.887937E+02, 2.875262E+02, 2.884500E+02, 2.880914E+02
2024-06-08 01:00:15,2, 0.000000E+00, 2.874455E+02, 2.879788E+02, 0.000000E+00, 1.362325E+01, 3.023270E+02, 2.885021E+02, 2.872407E+02, 2.881796E+02, 2.878225E+02
2024-06-08 01:15:15,2, 0.000000E+00, 2.874171E+02, 2.879003E+02, 0.000000E+00, 8.794839E+00, 3.018973E+02, 2.884684E+02, 2.872596E+02, 2.880834E+02, 2.877376E+02
2024-06-08 01:30:15,2, 0.000000E+00, 2.873887E+02, 2.879026E+02, 0.000000E+00, 8.380901E+00, 3.015293E+02, 2.885068E+02, 2.873677E+02, 2.880914E+02, 2.877654E+02
2024-06-08 01:45:15,2, 0.000000E+00, 2.873603E+02, 2.879125E+02, 0.000000E+00, 8.175179E+00, 3.012053E+02, 2.885565E+02, 2.874850E+02, 2.881120E+02, 2.878053E+02
2024-06-08 02:00:15,2, 0.000000E+00, 2.873315E+02, 2.879232E+02, 0.000000E+00, 7.999584E+00, 3.009160E+02, 2.886102E+02, 2.876028E+02, 2.881350E+02, 2.878465E+02
2024-06-08 02:15:15,2, 0.000000E+00, 2.872776E+02, 2.878806E+02, 0.000000E+00, 7.050702E+00, 3.006480E+02, 2.885419E+02, 2.875491E+02, 2.880958E+02, 2.878141E+02
2024-06-08 02:30:15,2, 0.000000E+00, 2.872238E+02, 2.878159E+02, 0.000000E+00, 6.649132E+00, 3.003945E+02, 2.884557E+02, 2.874745E+02, 2.880254E+02, 2.877470E+02
2024-06-08 02:45:15,2, 0.000000E+00, 2.871699E+02, 2.877504E+02, 0.000000E+00, 6.450579E+00, 3.001536E+02, 2.883703E+02, 2.873997E+02, 2.879538E+02, 2.876785E+02
2024-06-08 03:00:15,2, 0.000000E+00, 2.871164E+02, 2.876854E+02, 0.000000E+00, 6.285935E+00, 2.999241E+02, 2.882870E+02, 2.873265E+02, 2.878830E+02, 2.876107E+02
2024-06-08 03:15:15,2, 0.000000E+00, 2.870862E+02, 2.876475E+02, 0.000000E+00, 5.808297E+00, 2.997048E+02, 2.882509E+02, 2.873168E+02, 2.878405E+02, 2.875750E+02
2024-06-08 03:30:15,2, 0.000000E+00, 2.870559E+02, 2.876211E+02, 0.000000E+00, 5.683514E+00, 2.994904E+02, 2.882248E+02, 2.873181E+02, 2.878133E+02, 2.875556E+02
2024-06-08 03:45:15,2, 0.000000E+00, 2.870257E+02, 2.875955E+02, 0.000000E+00, 5.595882E+00, 2.992839E+02, 2.882006E+02, 2.873204E+02, 2.877876E+02, 2.875376E+02
2024-06-08 04:00:15,2, 0.000000E+00, 2.869938E+02, 2.875702E+02, 0.000000E+00, 5.561740E+00, 2.990868E+02, 2.881767E+02, 2.873218E+02, 2.877626E+02, 2.875200E+02
2024-06-08 04:15:15,2, 0.000000E+00, 2.868684E+02, 2.874434E+02, 0.000000E+00, 6.173121E+00, 2.988896E+02, 2.879845E+02, 2.870993E+02, 2.876342E+02, 2.873860E+02
2024-06-08 04:30:15,2, 0.000000E+00, 2.867430E+02, 2.872747E+02, 0.000000E+00, 5.936645E+00, 2.986868E+02, 2.877559E+02, 2.868363E+02, 2.874500E+02, 2.871921E+02
2024-06-08 04:45:15,2, 0.000000E+00, 2.866176E+02, 2.871015E+02, 0.000000E+00, 5.626527E+00, 2.984822E+02, 2.875232E+02, 2.865675E+02, 2.872602E+02, 2.869921E+02
2024-06-08 05:00:15,2, 0.000000E+00, 2.864925E+02, 2.869256E+02, 0.000000E+00, 5.176225E+00, 2.982789E+02, 2.872918E+02, 2.862880E+02, 2.870695E+02, 2.867877E+02
2024-06-08 05:15:15,2, 0.000000E+00, 2.863892E+02, 2.867830E+02, 0.000000E+00, 5.102580E+00, 2.980835E+02, 2.871437E+02, 2.861380E+02, 2.869174E+02, 2.866331E+02
2024-06-08 05:30:15,2, 0.000000E+00, 2.862859E+02, 2.866637E+02, 0.000000E+00, 5.177945E+00, 2.978938E+02, 2.870146E+02, 2.860155E+02, 2.867935E+02, 2.865111E+02
2024-06-08 05:45:15,2, 0.000000E+00, 2.861826E+02, 2.865485E+02, 0.000000E+00, 5.163105E+00, 2.977087E+02, 2.868889E+02, 2.858976E+02, 2.866744E+02, 2.863944E+02
2024-06-08 06:00:15,2, 0.000000E+00, 2.860793E+02, 2.864343E+02, 0.000000E+00, 5.120349E+00, 2.975280E+02, 2.867643E+02, 2.857803E+02, 2.865565E+02, 2.862789E+02
2024-06-08 06:15:15,2, 0.000000E+00, 2.859796E+02, 2.863051E+02, 0.000000E+00, 5.664998E+00, 2.973520E+02, 2.866048E+02, 2.855967E+02, 2.864219E+02, 2.861383E+02
2024-06-08 06:30:15,2, 0.000000E+00, 2.858799E+02, 2.861605E+02, 0.000000E+00, 5.516796E+00, 2.971830E+02, 2.864334E+02, 2.853934E+02, 2.862718E+02, 2.859790E+02
2024-06-08 06:45:15,2, 0.000000E+00, 2.857802E+02, 2.860046E+02, 0.000000E+00, 5.109157E+00, 2.970207E+02, 2.862532E+02, 2.851738E+02, 2.861115E+02, 2.858070E+02
2024-06-08 07:00:15,2, 0.000000E+00, 2.856813E+02, 2.858320E+02, 0.000000E+00, 4.380817E+00, 2.968653E+02, 2.860539E+02, 2.849300E+02, 2.859351E+02, 2.856175E+02
2024-06-08 07:15:15,2, 0.000000E+00, 2.856320E+02, 2.856841E+02, 0.000000E+00, 2.541035E+00, 2.967242E+02, 2.859318E+02, 2.847943E+02, 2.857855E+02, 2.854626E+02
2024-06-08 07:30:15,2, 0.000000E+00, 2.855826E+02, 2.855846E+02, 0.000000E+00, 2.011315E+00, 2.965970E+02, 2.858580E+02, 2.847242E+02, 2.856862E+02, 2.853640E+02
2024-06-08 07:45:15,2, 0.000000E+00, 2.855333E+02, 2.855256E+02, 0.000000E+00, 1.975386E+00, 2.964778E+02, 2.858229E+02, 2.847065E+02, 2.856275E+02, 2.853095E+02
2024-06-08 08:00:15,2, 0.000000E+00, 2.854859E+02, 2.855068E+02, 0.000000E+00, 2.282562E+00, 2.963625E+02, 2.858251E+02, 2.847381E+02, 2.856080E+02, 2.852975E+02
2024-06-08 08:15:15,2, 0.000000E+00, 2.855544E+02, 2.855943E+02, 0.000000E+00, 2.087252E+00, 2.962608E+02, 2.860082E+02, 2.850021E+02, 2.856985E+02, 2.854063E+02
2024-06-08 08:30:15,2, 0.000000E+00, 2.856230E+02, 2.858334E+02, 0.000000E+00, 3.282927E+00, 2.961723E+02, 2.863175E+02, 2.854239E+02, 2.859422E+02, 2.856815E+02
2024-06-08 08:45:15,2, 0.000000E+00, 2.856915E+02, 2.860938E+02, 0.000000E+00, 3.469863E+00, 2.960866E+02, 2.866104E+02, 2.858417E+02, 2.862200E+02, 2.859974E+02
2024-06-08 09:00:15,2, 0.000000E+00, 2.857587E+02, 2.862670E+02, 0.000000E+00, 2.527197E+00, 2.960084E+02, 2.868380E+02, 2.861616E+02, 2.864199E+02, 2.862251E+02
2024-06-08 09:15:15,2, 0.000000E+00, 2.857443E+02, 2.862773E+02, 0.000000E+00, 3.558971E+00, 2.959284E+02, 2.867953E+02, 2.860969E+02, 2.864405E+02, 2.862447E+02
2024-06-08 09:30:15,2, 0.000000E+00, 2.857298E+02, 2.862311E+02, 0.000000E+00, 3.550456E+00, 2.958372E+02, 2.867029E+02, 2.859773E+02, 2.863838E+02, 2.861804E+02
2024-06-08 09:45:15,2, 0.000000E+00, 2.857154E+02, 2.861802E+02, 0.000000E+00, 3.414958E+00, 2.957396E+02, 2.866061E+02, 2.858519E+02, 2.863204E+02, 2.861090E+02
2024-06-08 10:00:15,2, 2.279058E+01, 2.857033E+02, 2.861306E+02, 2.719714E+00, 3.369668E+00, 2.956417E+02, 2.865769E+02, 2.858190E+02, 2.862797E+02, 2.860638E+02
2024-06-08 10:15:15,2, 3.606782E+01, 2.858293E+02, 2.863248E+02, 3.969726E+00, 7.785542E+00, 2.956015E+02, 2.868758E+02, 2.862044E+02, 2.865718E+02, 2.864235E+02
2024-06-08 10:30:15,2, 4.953740E+01, 2.859552E+02, 2.865217E+02, 4.985767E+00, 1.149389E+01, 2.955843E+02, 2.871486E+02, 2.865586E+02, 2.868294E+02, 2.867211E+02
2024-06-08 10:45:15,2, 6.314164E+01, 2.860812E+02, 2.867178E+02, 5.790426E+00, 1.468419E+01, 2.955900E+02, 2.874234E+02, 2.869086E+02, 2.870819E+02, 2.869984E+02
2024-06-08 11:00:15,2, 9.068357E+01, 2.862074E+02, 2.869169E+02, 6.870106E+00, 1.764812E+01, 2.956177E+02, 2.877532E+02, 2.873537E+02, 2.873483E+02, 2.872935E+02
2024-06-08 11:15:15,2, 1.068537E+02, 2.863481E+02, 2.871624E+02, 7.369351E+00, 2.297481E+01, 2.956878E+02, 2.880805E+02, 2.877519E+02, 2.876815E+02, 2.876636E+02
2024-06-08 11:30:15,2, 1.229756E+02, 2.864889E+02, 2.873591E+02, 7.745465E+00, 2.549487E+01, 2.957702E+02, 2.883405E+02, 2.880698E+02, 2.879264E+02, 2.879281E+02
2024-06-08 11:45:15,2, 1.389803E+02, 2.866297E+02, 2.875526E+02, 8.057352E+00, 2.776583E+01, 2.958643E+02, 2.885985E+02, 2.883807E+02, 2.881657E+02, 2.881858E+02
2024-06-08 12:00:15,2, 1.594423E+02, 2.867708E+02, 2.877456E+02, 8.364088E+00, 3.007195E+01, 2.959694E+02, 2.888730E+02, 2.887157E+02, 2.884063E+02, 2.884448E+02
2024-06-08 12:15:15,2, 1.754745E+02, 2.869309E+02, 2.879584E+02, 8.602985E+00, 3.500199E+01, 2.960955E+02, 2.891425E+02, 2.890258E+02, 2.886697E+02, 2.887271E+02
2024-06-08 12:30:15,2, 1.911770E+02, 2.870910E+02, 2.881575E+02, 8.792778E+00, 3.742235E+01, 2.962378E+02, 2.893899E+02, 2.893098E+02, 2.889074E+02, 2.889787E+02
2024-06-08 12:45:15,2, 2.064825E+02, 2.872511E+02, 2.883552E+02, 8.926420E+00, 3.958606E+01, 2.963913E+02, 2.896355E+02, 2.895920E+02, 2.891420E+02, 2.892260E+02
2024-06-08 13:00:15,2, 2.143563E+02, 2.874115E+02, 2.885490E+02, 9.000404E+00, 4.172052E+01, 2.965523E+02, 2.898507E+02, 2.898252E+02, 2.893661E+02, 2.894606E+02
2024-06-08 13:15:15,2, 2.282224E+02, 2.875918E+02, 2.887359E+02, 9.070837E+00, 4.548619E+01, 2.967058E+02, 2.900665E+02, 2.900663E+02, 2.895734E+02, 2.896742E+02
2024-06-08 13:30:15,2, 2.415195E+02, 2.877722E+02, 2.889440E+02, 9.147686E+00, 4.772921E+01, 2.968672E+02, 2.903089E+02, 2.903328E+02, 2.898175E+02, 2.899288E+02
2024-06-08 13:45:15,2, 2.541907E+02, 2.879525E+02, 2.891505E+02, 9.211856E+00, 4.982066E+01, 2.970340E+02, 2.905468E+02, 2.905933E+02, 2.900582E+02, 2.901792E+02
2024-06-08 14:00:15,2, 2.710398E+02, 2.881333E+02, 2.893564E+02, 9.278086E+00, 5.167337E+01, 2.972044E+02, 2.907988E+02, 2.908771E+02, 2.902997E+02, 2.904308E+02
2024-06-08 14:15:15,2, 2.825049E+02, 2.883398E+02, 2.896097E+02, 9.364874E+00, 5.091357E+01, 2.973931E+02, 2.911184E+02, 2.912283E+02, 2.906083E+02, 2.907561E+02
2024-06-08 14:30:15,2, 2.931761E+02, 2.885462E+02, 2.898554E+02, 9.435247E+00, 5.283446E+01, 2.975929E+02, 2.914239E+02, 2.915632E+02, 2.909041E+02, 2.910655E+02
2024-06-08 14:45:15,2, 3.030078E+02, 2.887527E+02, 2.900983E+02, 9.500778E+00, 5.480503E+01, 2.978002E+02, 2.917258E+02, 2.918933E+02, 2.911974E+02, 2.913721E+02
2024-06-08 15:00:15,2, 2.687360E+02, 2.889587E+02, 2.903247E+02, 9.467545E+00, 5.643583E+01, 2.980092E+02, 2.918498E+02, 2.919456E+02, 2.914441E+02, 2.916230E+02
2024-06-08 15:15:15,2, 2.756533E+02, 2.891404E+02, 2.904171E+02, 9.438761E+00, 5.366304E+01, 2.981341E+02, 2.919191E+02, 2.920314E+02, 2.914741E+02, 2.916321E+02
2024-06-08 15:30:15,2, 2.817485E+02, 2.893221E+02, 2.906180E+02, 9.512267E+00, 5.523401E+01, 2.982758E+02, 2.921552E+02, 2.922874E+02, 2.917082E+02, 2.918764E+02
2024-06-08 15:45:15,2, 2.869953E+02, 2.895038E+02, 2.908179E+02, 9.567597E+00, 5.665121E+01, 2.984278E+02, 2.923885E+02, 2.925391E+02, 2.919416E+02, 2.921191E+02
2024-06-08 16:00:15,2, 4.402797E+02, 2.896873E+02, 2.910593E+02, 9.800616E+00, 5.896778E+01, 2.985967E+02, 2.932225E+02, 2.937091E+02, 2.923244E+02, 2.925368E+02
2024-06-08 16:15:15,2, 4.455482E+02, 2.899779E+02, 2.916981E+02, 1.002013E+01, 7.642391E+01, 2.990602E+02, 2.939857E+02, 2.944643E+02, 2.932704E+02, 2.935678E+02
2024-06-08 16:30:15,2, 4.494500E+02, 2.902686E+02, 2.919786E+02, 9.923864E+00, 7.782776E+01, 2.994297E+02, 2.941904E+02, 2.946581E+02, 2.935114E+02, 2.937950E+02
2024-06-08 16:45:15,2, 4.519685E+02, 2.905592E+02, 2.922479E+02, 9.879081E+00, 7.955745E+01, 2.997341E+02, 2.943843E+02, 2.948406E+02, 2.937433E+02, 2.940164E+02
2024-06-08 17:00:15,2, 5.144348E+02, 2.908486E+02, 2.925269E+02, 9.887041E+00, 8.160616E+01, 2.999975E+02, 2.947848E+02, 2.953177E+02, 2.940289E+02, 2.942976E+02
2024-06-08 17:15:15,2, 5.141231E+02, 2.910686E+02, 2.928629E+02, 9.902621E+00, 8.605194E+01, 3.003713E+02, 2.951383E+02, 2.956431E+02, 2.944829E+02, 2.947640E+02
2024-06-08 17:30:15,2, 5.122243E+02, 2.912886E+02, 2.930583E+02, 9.853440E+00, 8.692010E+01, 3.006986E+02, 2.952748E+02, 2.957530E+02, 2.946699E+02, 2.949418E+02
2024-06-08 17:45:15,2, 5.087467E+02, 2.915086E+02, 2.932463E+02, 9.824174E+00, 8.788112E+01, 3.009843E+02, 2.953928E+02, 2.958413E+02, 2.948438E+02, 2.951060E+02
2024-06-08 18:00:15,2, 4.989013E+02, 2.917297E+02, 2.934272E+02, 9.797771E+00, 8.874708E+01, 3.012325E+02, 2.954792E+02, 2.958897E+02, 2.950023E+02, 2.952540E+02
2024-06-08 18:15:15,2, 4.923801E+02, 2.920172E+02, 2.936781E+02, 9.794827E+00, 9.058959E+01, 3.014432E+02, 2.957001E+02, 2.961146E+02, 2.952448E+02, 2.954961E+02
2024-06-08 18:30:15,2, 4.843591E+02, 2.923046E+02, 2.939497E+02, 9.780015E+00, 9.231210E+01, 3.016324E+02, 2.959390E+02, 2.963558E+02, 2.955246E+02, 2.957772E+02
2024-06-08 18:45:15,2, 4.748727E+02, 2.925921E+02, 2.942168E+02, 9.756272E+00, 9.380397E+01, 3.018040E+02, 2.961672E+02, 2.965848E+02, 2.957977E+02, 2.960511E+02
2024-06-08 19:00:15,2, 5.608004E+02, 2.928763E+02, 2.945025E+02, 9.781542E+00, 9.535102E+01, 3.019686E+02, 2.967110E+02, 2.972340E+02, 2.961554E+02, 2.964090E+02
2024-06-08 19:15:15,2, 5.459461E+02, 2.929675E+02, 2.947838E+02, 9.742719E+00, 9.594251E+01, 3.023446E+02, 2.970371E+02, 2.975112E+02, 2.966123E+02, 2.968693E+02
2024-06-08 19:30:15,2, 5.294897E+02, 2.930587E+02, 2.948401E+02, 9.686507E+00, 9.502837E+01, 3.026240E+02, 2.970145E+02, 2.974503E+02, 2.966198E+02, 2.968621E+02
2024-06-08 19:45:15,2, 5.115017E+02, 2.931499E+02, 2.948870E+02, 9.663044E+00, 9.458707E+01, 3.028274E+02, 2.969696E+02, 2.973657E+02, 2.966119E+02, 2.968406E+02
2024-06-08 20:00:15,2, 4.907518E+02, 2.932388E+02, 2.949263E+02, 9.647124E+00, 9.375885E+01, 3.029690E+02, 2.969028E+02, 2.972575E+02, 2.965912E+02, 2.968068E+02
2024-06-08 20:15:15,2, 4.699932E+02, 2.931943E+02, 2.948566E+02, 9.639783E+00, 8.631014E+01, 3.030551E+02, 2.967630E+02, 2.970746E+02, 2.964879E+02, 2.966922E+02
2024-06-08 20:30:15,2, 4.479557E+02, 2.931499E+02, 2.947652E+02, 9.647051E+00, 8.437075E+01, 3.030957E+02, 2.965967E+02, 2.968632E+02, 2.963520E+02, 2.965456E+02
2024-06-08 20:45:15,2, 4.247338E+02, 2.931054E+02, 2.946683E+02, 9.656059E+00, 8.247437E+01, 3.030951E+02, 2.964157E+02, 2.966363E+02, 2.962060E+02, 2.963891E+02
2024-06-08 21:00:15,2, 4.014107E+02, 2.930589E+02, 2.945660E+02, 9.662533E+00, 8.034739E+01, 3.030571E+02, 2.962232E+02, 2.963976E+02, 2.960510E+02, 2.962236E+02
2024-06-08 21:15:15,2, 3.760608E+02, 2.928937E+02, 2.943504E+02, 9.648010E+00, 7.504861E+01, 3.029786E+02, 2.958845E+02, 2.959842E+02, 2.957786E+02, 2.959339E+02
2024-06-08 21:30:15,2, 3.498361E+02, 2.927285E+02, 2.941050E+02, 9.635830E+00, 7.137424E+01, 3.028537E+02, 2.955083E+02, 2.955329E+02, 2.954572E+02, 2.955948E+02
2024-06-08 21:45:15,2, 3.228490E+02, 2.925633E+02, 2.938533E+02, 9.614269E+00, 6.761575E+01, 3.026873E+02, 2.951165E+02, 2.950651E+02, 2.951244E+02, 2.952446E+02
2024-06-08 22:00:15,2, 2.908784E+02, 2.923970E+02, 2.935939E+02, 9.563438E+00, 6.371813E+01, 3.024835E+02, 2.946932E+02, 2.945551E+02, 2.947758E+02, 2.948782E+02
2024-06-08 22:15:15,2, 2.631294E+02, 2.921671E+02, 2.932835E+02, 9.491410E+00, 6.119956E+01, 3.022420E+02, 2.942625E+02, 2.940605E+02, 2.943783E+02, 2.944648E+02
2024-06-08 22:30:15,2, 2.349785E+02, 2.919371E+02, 2.929729E+02, 9.381781E+00, 5.702194E+01, 3.019788E+02, 2.938331E+02, 2.935660E+02, 2.939843E+02, 2.940587E+02
2024-06-08 22:45:15,2, 2.065461E+02, 2.917072E+02, 2.926575E+02, 9.214394E+00, 5.243008E+01, 3.016955E+02, 2.933938E+02, 2.930573E+02, 2.935812E+02, 2.936441E+02
2024-06-08 23:00:15,2, 1.548266E+02, 2.914766E+02, 2.923301E+02, 8.733210E+00, 4.739895E+01, 3.013934E+02, 2.928543E+02, 2.923432E+02, 2.931443E+02, 2.931862E+02
2024-06-08 23:15:15,2, 1.299181E+02, 2.912072E+02, 2.919089E+02, 8.304390E+00, 4.191753E+01, 3.010525E+02, 2.923135E+02, 2.916899E+02, 2.925749E+02, 2.925460E+02
2024-06-08 23:30:15,2, 1.050838E+02, 2.909378E+02, 2.915617E+02, 7.708474E+00, 3.701582E+01, 3.007173E+02, 2.918905E+02, 2.911764E+02, 2.921389E+02, 2.920736E+02
2024-06-08 23:45:15,2, 8.043004E+01, 2.906684E+02, 2.912175E+02, 6.820969E+00, 3.096561E+01, 3.003865E+02, 2.914780E+02, 2.906682E+02, 2.917014E+02, 2.916035E+02
2024-06-09 00:00:15,1, 3.589292E+01, 2.904002E+02, 2.908733E+02, 3.905340E+00, 2.370125E+01, 3.000576E+02, 2.910082E+02, 2.900373E+02, 2.912333E+02, 2.910970E+02
2024-06-09 00:15:15,1, 2.077970E+01, 2.901997E+02, 2.905377E+02, 2.455490E+00, 1.219212E+01, 2.997149E+02, 2.906283E+02, 2.895830E+02, 2.907442E+02, 2.905365E+02
2024-06-09 00:30:15,1, 5.976445E+00, 2.899992E+02, 2.902720E+02, 7.675001E-01, 6.977515E+00, 2.994048E+02, 2.903445E+02, 2.892683E+02, 2.904002E+02, 2.901359E+02
2024-06-09 00:45:15,1, 0.000000E+00, 2.897987E+02, 2.899859E+02, 0.000000E+00, 5.885693E+00, 2.991158E+02, 2.900545E+02, 2.889988E+02, 2.900795E+02, 2.897796E+02
2024-06-09 01:00:15,1, 0.000000E+00, 2.895989E+02, 2.897540E+02, 0.000000E+00, 5.791064E+00, 2.988540E+02, 2.898574E+02, 2.888267E+02, 2.898465E+02, 2.895524E+02
2024-06-09 01:15:15,1, 0.000000E+00, 2.894438E+02, 2.896034E+02, 0.000000E+00, 4.842750E+00, 2.986199E+02, 2.897707E+02, 2.887874E+02, 2.896984E+02, 2.894152E+02
2024-06-09 01:30:15,1, 0.000000E+00, 2.892886E+02, 2.895312E+02, 0.000000E+00, 4.513288E+00, 2.984130E+02, 2.897496E+02, 2.888086E+02, 2.896300E+02, 2.893589E+02
2024-06-09 01:45:15,1, 0.000000E+00, 2.891334E+02, 2.894999E+02, 0.000000E+00, 4.811193E+00, 2.982294E+02, 2.897635E+02, 2.888647E+02, 2.896065E+02, 2.893475E+02
2024-06-09 02:00:15,1, 0.000000E+00, 2.889786E+02, 2.894379E+02, 0.000000E+00, 6.818567E+00, 2.980604E+02, 2.897657E+02, 2.889330E+02, 2.895710E+02, 2.893312E+02
2024-06-09 02:15:15,1, 0.000000E+00, 2.888422E+02, 2.893291E+02, 0.000000E+00, 4.519429E+00, 2.978999E+02, 2.896806E+02, 2.888656E+02, 2.894736E+02, 2.892414E+02
2024-06-09 02:30:15,1, 0.000000E+00, 2.887058E+02, 2.892130E+02, 0.000000E+00, 3.156183E+00, 2.977506E+02, 2.895901E+02, 2.887915E+02, 2.893645E+02, 2.891375E+02
2024-06-09 02:45:15,1, 0.000000E+00, 2.885695E+02, 2.890947E+02, 0.000000E+00, 2.418296E+00, 2.976111E+02, 2.894993E+02, 2.887166E+02, 2.892532E+02, 2.890315E+02
2024-06-09 03:00:15,1, 0.000000E+00, 2.884336E+02, 2.889752E+02, 0.000000E+00, 2.076432E+00, 2.974791E+02, 2.894085E+02, 2.886412E+02, 2.891410E+02, 2.889245E+02
2024-06-09 03:15:15,1, 0.000000E+00, 2.883278E+02, 2.888572E+02, 0.000000E+00, 5.061565E+00, 2.973609E+02, 2.892824E+02, 2.885115E+02, 2.890203E+02, 2.888035E+02
2024-06-09 03:30:15,1, 0.000000E+00, 2.882219E+02, 2.887441E+02, 0.000000E+00, 6.095787E+00, 2.973043E+02, 2.891657E+02, 2.883880E+02, 2.889045E+02, 2.886852E+02
2024-06-09 03:45:15,1, 0.000000E+00, 2.881161E+02, 2.886344E+02, 0.000000E+00, 6.466473E+00, 2.972871E+02, 2.890561E+02, 2.882694E+02, 2.887937E+02, 2.885714E+02
2024-06-09 04:00:15,1, 0.000000E+00, 2.880103E+02, 2.885266E+02, 0.000000E+00, 6.544806E+00, 2.972939E+02, 2.889510E+02, 2.881541E+02, 2.886858E+02, 2.884603E+02
2024-06-09 04:15:15,1, 0.000000E+00, 2.879039E+02, 2.884319E+02, 0.000000E+00, 4.780577E+00, 2.973012E+02, 2.888841E+02, 2.880927E+02, 2.885952E+02, 2.883702E+02
2024-06-09 04:30:15,1, 0.000000E+00, 2.877975E+02, 2.883395E+02, 0.000000E+00, 4.104823E+00, 2.972772E+02, 2.888167E+02, 2.880326E+02, 2.885096E+02, 2.882864E+02
2024-06-09 04:45:15,1, 0.000000E+00, 2.876911E+02, 2.882456E+02, 0.000000E+00, 3.790849E+00, 2.972350E+02, 2.887454E+02, 2.879695E+02, 2.884216E+02, 2.882008E+02
2024-06-09 05:00:15,1, 0.000000E+00, 2.875848E+02, 2.881508E+02, 0.000000E+00, 3.644110E+00, 2.971831E+02, 2.886717E+02, 2.879047E+02, 2.883320E+02, 2.881138E+02
2024-06-09 05:15:15,1, 0.000000E+00, 2.874837E+02, 2.880580E+02, 0.000000E+00, 4.467188E+00, 2.971176E+02, 2.885986E+02, 2.878437E+02, 2.882436E+02, 2.880285E+02
2024-06-09 05:30:15,1, 0.000000E+00, 2.873826E+02, 2.879657E+02, 0.000000E+00, 4.668110E+00, 2.970273E+02, 2.885225E+02, 2.877804E+02, 2.881552E+02, 2.879436E+02
2024-06-09 05:45:15,1, 0.000000E+00, 2.872815E+02, 2.878729E+02, 0.000000E+00, 4.671407E+00, 2.969258E+02, 2.884445E+02, 2.877151E+02, 2.880659E+02, 2.878579E+02
2024-06-09 06:00:15,1, 0.000000E+00, 2.871792E+02, 2.877797E+02, 0.000000E+00, 5.110155E+00, 2.968208E+02, 2.883646E+02, 2.876484E+02, 2.879759E+02, 2.877716E+02
2024-06-09 06:15:15,1, 0.000000E+00, 2.870004E+02, 2.876214E+02, 0.000000E+00, 2.121059E+01, 2.967135E+02, 2.882243E+02, 2.875140E+02, 2.878334E+02, 2.876321E+02
2024-06-09 06:30:15,1, 0.000000E+00, 2.868217E+02, 2.874486E+02, 0.000000E+00, 2.474476E+01, 2.966043E+02, 2.880688E+02, 2.873635E+02, 2.876673E+02, 2.874674E+02
2024-06-09 06:45:15,1, 0.000000E+00, 2.866430E+02, 2.872779E+02, 0.000000E+00, 2.568874E+01, 2.964961E+02, 2.879142E+02, 2.872143E+02, 2.875030E+02, 2.873049E+02
2024-06-09 07:00:15,1, 0.000000E+00, 2.864659E+02, 2.871079E+02, 0.000000E+00, 2.541705E+01, 2.963899E+02, 2.877599E+02, 2.870659E+02, 2.873395E+02, 2.871434E+02
2024-06-09 07:15:15,1, 0.000000E+00, 2.863851E+02, 2.870137E+02, 0.000000E+00, 7.955807E+00, 2.962864E+02, 2.876617E+02, 2.869700E+02, 2.872333E+02, 2.870365E+02
2024-06-09 07:30:15,1, 0.000000E+00, 2.863042E+02, 2.869357E+02, 0.000000E+00, 4.550709E+00, 2.961829E+02, 2.875810E+02, 2.868915E+02, 2.871541E+02, 2.869578E+02
2024-06-09 07:45:15,1, 0.000000E+00, 2.862233E+02, 2.868553E+02, 0.000000E+00, 3.709516E+00, 2.960805E+02, 2.874987E+02, 2.868118E+02, 2.870727E+02, 2.868772E+02
2024-06-09 08:00:15,1, 0.000000E+00, 2.861389E+02, 2.867739E+02, 0.000000E+00, 3.040571E+00, 2.959789E+02, 2.874156E+02, 2.867317E+02, 2.869903E+02, 2.867956E+02
2024-06-09 08:15:15,1, 0.000000E+00, 2.858464E+02, 2.865601E+02, 0.000000E+00,-1.102468E+01, 2.958919E+02, 2.872334E+02, 2.865551E+02, 2.868048E+02, 2.866152E+02
2024-06-09 08:30:15,1, 0.000000E+00, 2.855539E+02, 2.862948E+02, 0.000000E+00,-1.436303E+01, 2.958610E+02, 2.870155E+02, 2.863402E+02, 2.865503E+02, 2.863607E+02
2024-06-09 08:45:15,1, 0.000000E+00, 2.852615E+02, 2.860263E+02, 0.000000E+00,-1.541887E+01, 2.958604E+02, 2.867963E+02, 2.861221E+02, 2.862908E+02, 2.861008E+02
2024-06-09 09:00:15,1, 0.000000E+00, 2.849727E+02, 2.857581E+02, 0.000000E+00,-1.534731E+01, 2.958669E+02, 2.865780E+02, 2.859033E+02, 2.860316E+02, 2.858413E+02
2024-06-09 09:15:15,1, 0.000000E+00, 2.849011E+02, 2.856416E+02, 0.000000E+00, 1.611308E+00, 2.961369E+02, 2.865080E+02, 2.858277E+02, 2.858998E+02, 2.857058E+02
2024-06-09 09:30:15,1, 0.000000E+00, 2.848295E+02, 2.856126E+02, 0.000000E+00, 6.095710E+00, 2.971701E+02, 2.865858E+02, 2.858621E+02, 2.858915E+02, 2.856852E+02
2024-06-09 09:45:15,1, 0.000000E+00, 2.847579E+02, 2.856271E+02, 0.000000E+00, 2.928200E+01, 2.984918E+02, 2.867334E+02, 2.859509E+02, 2.859400E+02, 2.857168E+02
2024-06-09 10:00:15,1, 5.587872E+00, 2.846867E+02, 2.856256E+02, 7.278143E-01, 3.991196E+01, 2.998055E+02, 2.868918E+02, 2.860594E+02, 2.859821E+02, 2.857429E+02
2024-06-09 10:15:15,1, 8.821398E+00, 2.846419E+02, 2.856646E+02, 1.127112E+00, 4.701034E+01, 3.013304E+02, 2.871294E+02, 2.862177E+02, 2.860960E+02, 2.858464E+02
2024-06-09 10:30:15,1, 1.210196E+01, 2.845971E+02, 2.856970E+02, 1.518748E+00, 5.461948E+01, 3.030107E+02, 2.873732E+02, 2.863677E+02, 2.862017E+02, 2.859290E+02
2024-06-09 10:45:15,1, 1.541550E+01, 2.845522E+02, 2.857191E+02, 1.900531E+00, 6.177540E+01, 3.045484E+02, 2.876050E+02, 2.865082E+02, 2.862991E+02, 2.860039E+02
2024-06-09 11:00:15,1, 3.846115E+01, 2.845095E+02, 2.857322E+02, 4.173811E+00, 6.781460E+01, 3.059474E+02, 2.878765E+02, 2.867545E+02, 2.864037E+02, 2.860954E+02
2024-06-09 11:15:15,1, 4.530673E+01, 2.845904E+02, 2.858666E+02, 4.715273E+00, 7.319927E+01, 3.063120E+02, 2.881014E+02, 2.869803E+02, 2.866409E+02, 2.863650E+02
2024-06-09 11:30:15,1, 5.213228E+01, 2.846714E+02, 2.859507E+02, 5.192489E+00, 7.379854E+01, 3.060211E+02, 2.881634E+02, 2.870784E+02, 2.867415E+02, 2.864802E+02
2024-06-09 11:45:15,1, 5.890857E+01, 2.847523E+02, 2.860330E+02, 5.611245E+00, 7.395571E+01, 3.057608E+02, 2.882272E+02, 2.871779E+02, 2.868363E+02, 2.865892E+02
2024-06-09 12:00:15,1, 1.044197E+02, 2.848336E+02, 2.861292E+02, 7.297929E+00, 7.532277E+01, 3.056137E+02, 2.884684E+02, 2.875825E+02, 2.869799E+02, 2.867559E+02
2024-06-09 12:15:15,1, 1.149101E+02, 2.849380E+02, 2.863577E+02, 7.634307E+00, 9.521568E+01, 3.050514E+02, 2.886337E+02, 2.878651E+02, 2.873060E+02, 2.871609E+02
2024-06-09 12:30:15,1, 1.251853E+02, 2.850423E+02, 2.864674E+02, 7.815545E+00, 9.884712E+01, 3.040701E+02, 2.885992E+02, 2.879326E+02, 2.873863E+02, 2.872723E+02
2024-06-09 12:45:15,1, 1.352014E+02, 2.851467E+02, 2.865651E+02, 7.963063E+00, 1.002458E+02, 3.031333E+02, 2.885808E+02, 2.880039E+02, 2.874613E+02, 2.873755E+02
2024-06-09 13:00:15,1, 2.120599E+02, 2.852519E+02, 2.866806E+02, 8.509575E+00, 1.012863E+02, 3.023280E+02, 2.888784E+02, 2.885598E+02, 2.876141E+02, 2.875699E+02
2024-06-09 13:15:15,1, 2.257719E+02, 2.854072E+02, 2.870035E+02, 8.882046E+00, 1.039004E+02, 3.017096E+02, 2.892725E+02, 2.890353E+02, 2.881218E+02, 2.881661E+02
2024-06-09 13:30:15,1, 2.389224E+02, 2.855625E+02, 2.871615E+02, 8.984370E+00, 1.032058E+02, 3.011124E+02, 2.893946E+02, 2.892186E+02, 2.882905E+02, 2.883559E+02
2024-06-09 13:45:15,1, 2.514550E+02, 2.857177E+02, 2.873179E+02, 9.080909E+00, 1.029884E+02, 3.005872E+02, 2.895204E+02, 2.893991E+02, 2.884559E+02, 2.885407E+02
2024-06-09 14:00:15,1, 4.651893E+02, 2.858776E+02, 2.875312E+02, 9.351168E+00, 1.039603E+02, 3.001531E+02, 2.904502E+02, 2.907472E+02, 2.888265E+02, 2.889561E+02
2024-06-09 14:15:15,1, 4.848675E+02, 2.863072E+02, 2.883448E+02, 9.936422E+00, 1.234582E+02, 3.002150E+02, 2.914976E+02, 2.917961E+02, 2.901137E+02, 2.903612E+02
2024-06-09 14:30:15,1, 5.031854E+02, 2.867367E+02, 2.887491E+02, 9.878090E+00, 8.881443E+01, 3.004816E+02, 2.918547E+02, 2.921550E+02, 2.905460E+02, 2.907934E+02
2024-06-09 14:45:15,1, 5.200644E+02, 2.871663E+02, 2.891708E+02, 9.878180E+00, 7.869527E+01, 3.008616E+02, 2.922332E+02, 2.925266E+02, 2.909884E+02, 2.912342E+02
2024-06-09 15:00:15,1, 6.371148E+02, 2.875969E+02, 2.896145E+02, 9.929432E+00, 7.733901E+01, 3.012515E+02, 2.929275E+02, 2.932709E+02, 2.915190E+02, 2.917543E+02
2024-06-09 15:15:15,1, 6.535247E+02, 2.880850E+02, 2.902569E+02, 1.007204E+01, 8.907877E+01, 3.018902E+02, 2.936375E+02, 2.939448E+02, 2.923599E+02, 2.925889E+02
2024-06-09 15:30:15,1, 6.679881E+02, 2.885732E+02, 2.907498E+02, 1.002611E+01, 9.102486E+01, 3.024460E+02, 2.940725E+02, 2.943808E+02, 2.928509E+02, 2.930735E+02
2024-06-09 15:45:15,1, 6.804428E+02, 2.890613E+02, 2.912354E+02, 9.989854E+00, 9.366866E+01, 3.029419E+02, 2.944940E+02, 2.948040E+02, 2.933310E+02, 2.935481E+02
2024-06-09 16:00:15,1, 7.389816E+02, 2.895469E+02, 2.917236E+02, 9.963199E+00, 9.672232E+01, 3.033985E+02, 2.950336E+02, 2.953477E+02, 2.938422E+02, 2.940463E+02
2024-06-09 16:15:15,1, 7.478455E+02, 2.898816E+02, 2.921387E+02, 9.935271E+00, 9.968305E+01, 3.039525E+02, 2.954590E+02, 2.957434E+02, 2.943524E+02, 2.945387E+02
2024-06-09 16:30:15,1, 7.544182E+02, 2.902162E+02, 2.924675E+02, 9.875155E+00, 1.015704E+02, 3.044330E+02, 2.957418E+02, 2.960156E+02, 2.946781E+02, 2.948571E+02
2024-06-09 16:45:15,1, 7.586715E+02, 2.905509E+02, 2.927889E+02, 9.826416E+00, 1.035763E+02, 3.048585E+02, 2.960051E+02, 2.962672E+02, 2.949901E+02, 2.951618E+02
2024-06-09 17:00:15,1, 7.766972E+02, 2.908825E+02, 2.931062E+02, 9.783089E+00, 1.052486E+02, 3.052415E+02, 2.962917E+02, 2.965394E+02, 2.953027E+02, 2.954637E+02
2024-06-09 17:15:15,1, 7.762581E+02, 2.910345E+02, 2.932984E+02, 9.740827E+00, 1.015809E+02, 3.056325E+02, 2.964768E+02, 2.967090E+02, 2.955220E+02, 2.956729E+02
2024-06-09 17:30:15,1, 7.734255E+02, 2.911866E+02, 2.934440E+02, 9.706501E+00, 1.022248E+02, 3.059736E+02, 2.965921E+02, 2.968134E+02, 2.956521E+02, 2.957973E+02
2024-06-09 17:45:15,1, 7.682114E+02, 2.913386E+02, 2.935827E+02, 9.680344E+00, 1.029210E+02, 3.062711E+02, 2.966883E+02, 2.968970E+02, 2.957692E+02, 2.959087E+02
2024-06-09 18:00:15,1, 7.263859E+02, 2.914882E+02, 2.937080E+02, 9.649826E+00, 1.027688E+02, 3.065248E+02, 2.966808E+02, 2.968772E+02, 2.958465E+02, 2.959864E+02
2024-06-09 18:15:15,1, 7.169318E+02, 2.914879E+02, 2.936880E+02, 9.637535E+00, 9.267481E+01, 3.066499E+02, 2.966498E+02, 2.968580E+02, 2.957876E+02, 2.959363E+02
2024-06-09 18:30:15,1, 7.052964E+02, 2.914877E+02, 2.936904E+02, 9.655521E+00, 9.205268E+01, 3.067807E+02, 2.966693E+02, 2.968725E+02, 2.957953E+02, 2.959447E+02
2024-06-09 18:45:15,1, 6.915293E+02, 2.914874E+02, 2.936882E+02, 9.673998E+00, 9.143284E+01, 3.069034E+02, 2.966772E+02, 2.968736E+02, 2.957949E+02, 2.959449E+02
2024-06-09 19:00:15,1, 6.259792E+02, 2.914878E+02, 2.936705E+02, 9.678932E+00, 9.070085E+01, 3.070047E+02, 2.965351E+02, 2.967109E+02, 2.957432E+02, 2.959004E+02
2024-06-09 19:15:15,1, 6.094475E+02, 2.915265E+02, 2.936046E+02, 9.680125E+00, 9.036918E+01, 3.069410E+02, 2.963730E+02, 2.965442E+02, 2.955748E+02, 2.957365E+02
2024-06-09 19:30:15,1, 5.911293E+02, 2.915652E+02, 2.936050E+02, 9.701925E+00, 8.951126E+01, 3.068724E+02, 2.963187E+02, 2.964661E+02, 2.955567E+02, 2.957149E+02
2024-06-09 19:45:15,1, 5.711030E+02, 2.916039E+02, 2.936015E+02, 9.714427E+00, 8.844441E+01, 3.067958E+02, 2.962551E+02, 2.963775E+02, 2.955325E+02, 2.956873E+02
2024-06-09 20:00:15,1, 6.463162E+02, 2.916397E+02, 2.936121E+02, 9.756390E+00, 8.706084E+01, 3.067177E+02, 2.964625E+02, 2.965902E+02, 2.955869E+02, 2.957255E+02
2024-06-09 20:15:15,1, 6.190519E+02, 2.915044E+02, 2.936020E+02, 9.787182E+00, 7.954132E+01, 3.068710E+02, 2.964815E+02, 2.965307E+02, 2.957213E+02, 2.958402E+02
2024-06-09 20:30:15,1, 5.901051E+02, 2.913691E+02, 2.934192E+02, 9.788130E+00, 7.615986E+01, 3.069149E+02, 2.962109E+02, 2.962159E+02, 2.954726E+02, 2.955840E+02
2024-06-09 20:45:15,1, 5.595997E+02, 2.912338E+02, 2.932288E+02, 9.811309E+00, 7.302115E+01, 3.068712E+02, 2.959179E+02, 2.958821E+02, 2.952085E+02, 2.953153E+02
2024-06-09 21:00:15,1, 2.918891E+02, 2.910910E+02, 2.929715E+02, 9.560160E+00, 6.843526E+01, 3.067334E+02, 2.947930E+02, 2.943995E+02, 2.947010E+02, 2.947934E+02
2024-06-09 21:15:15,1, 2.735103E+02, 2.905021E+02, 2.919679E+02, 9.363543E+00, 4.787264E+01, 3.060633E+02, 2.935261E+02, 2.931305E+02, 2.931817E+02, 2.931986E+02
2024-06-09 21:30:15,1, 2.544959E+02, 2.899131E+02, 2.913800E+02, 9.415584E+00, 4.336313E+01, 3.056250E+02, 2.930148E+02, 2.925945E+02, 2.925773E+02, 2.925902E+02
2024-06-09 21:45:15,1, 2.349274E+02, 2.893242E+02, 2.907988E+02, 9.398196E+00, 3.848594E+01, 3.053210E+02, 2.925327E+02, 2.920826E+02, 2.919908E+02, 2.919962E+02
2024-06-09 22:00:15,1, 1.048568E+02, 2.887415E+02, 2.901856E+02, 7.798808E+00, 3.313835E+01, 3.050817E+02, 2.916305E+02, 2.908089E+02, 2.912927E+02, 2.912601E+02
2024-06-09 22:15:15,1, 9.489102E+01, 2.885289E+02, 2.895947E+02, 7.478791E+00, 3.331928E+01, 3.047431E+02, 2.908726E+02, 2.899609E+02, 2.903285E+02, 2.901723E+02
2024-06-09 22:30:15,1, 8.478030E+01, 2.883163E+02, 2.893617E+02, 7.151500E+00, 3.462917E+01, 3.046065E+02, 2.906787E+02, 2.897190E+02, 2.900790E+02, 2.899096E+02
2024-06-09 22:45:15,1, 7.456792E+01, 2.881037E+02, 2.891414E+02, 6.665721E+00, 4.000309E+01, 3.045367E+02, 2.905213E+02, 2.895076E+02, 2.898561E+02, 2.896689E+02
2024-06-09 23:00:15,1, 8.751139E+01, 2.878945E+02, 2.889275E+02, 7.221430E+00, 6.112881E+01, 3.043715E+02, 2.904380E+02, 2.894915E+02, 2.896566E+02, 2.894726E+02
2024-06-09 23:15:15,1, 7.351414E+01, 2.878808E+02, 2.888728E+02, 6.599475E+00, 5.009042E+01, 3.042018E+02, 2.903326E+02, 2.893468E+02, 2.896045E+02, 2.894345E+02
2024-06-09 23:30:15,1, 5.955783E+01, 2.878672E+02, 2.888062E+02, 5.790947E+00, 3.623384E+01, 3.039285E+02, 2.901519E+02, 2.891159E+02, 2.894595E+02, 2.892662E+02
2024-06-09 23:45:15,1, 4.570223E+01, 2.878535E+02, 2.887419E+02, 4.798209E+00, 2.962161E+01, 3.036025E+02, 2.899786E+02, 2.889032E+02, 2.893156E+02, 2.890999E+02
2024-06-09 00:00:15,2, 3.589292E+01, 2.904002E+02, 2.908718E+02, 3.925360E+00, 2.373981E+01, 3.000585E+02, 2.910414E+02, 2.900864E+02, 2.912400E+02, 2.910987E+02
2024-06-09 00:15:15,2, 2.077970E+01, 2.901997E+02, 2.905359E+02, 2.462933E+00, 1.217490E+01, 2.997160E+02, 2.906673E+02, 2.896480E+02, 2.907527E+02, 2.905439E+02
2024-06-09 00:30:15,2, 5.976445E+00, 2.899992E+02, 2.902703E+02, 7.677057E-01, 6.962755E+00, 2.994061E+02, 2.903855E+02, 2.893447E+02, 2.904110E+02, 2.901517E+02
2024-06-09 00:45:15,2, 0.000000E+00, 2.897987E+02, 2.899850E+02, 0.000000E+00, 5.923741E+00, 2.991169E+02, 2.900956E+02, 2.890750E+02, 2.900917E+02, 2.898019E+02
2024-06-09 01:00:15,2, 0.000000E+00, 2.895989E+02, 2.897534E+02, 0.000000E+00, 5.819065E+00, 2.988549E+02, 2.898984E+02, 2.889011E+02, 2.898594E+02, 2.895742E+02
2024-06-09 01:15:15,2, 0.000000E+00, 2.894438E+02, 2.896030E+02, 0.000000E+00, 4.865457E+00, 2.986208E+02, 2.898097E+02, 2.888583E+02, 2.897089E+02, 2.894359E+02
2024-06-09 01:30:15,2, 0.000000E+00, 2.892886E+02, 2.895311E+02, 0.000000E+00, 4.534542E+00, 2.984138E+02, 2.897860E+02, 2.888765E+02, 2.896400E+02, 2.893788E+02
2024-06-09 01:45:15,2, 0.000000E+00, 2.891334E+02, 2.894998E+02, 0.000000E+00, 4.831444E+00, 2.982300E+02, 2.897990E+02, 2.889343E+02, 2.896165E+02, 2.893677E+02
2024-06-09 02:00:15,2, 0.000000E+00, 2.889786E+02, 2.894380E+02, 0.000000E+00, 6.846763E+00, 2.980610E+02, 2.897973E+02, 2.889919E+02, 2.895802E+02, 2.893488E+02
2024-06-09 02:15:15,2, 0.000000E+00, 2.888422E+02, 2.893293E+02, 0.000000E+00, 4.531148E+00, 2.979003E+02, 2.897114E+02, 2.889235E+02, 2.894826E+02, 2.892587E+02
2024-06-09 02:30:15,2, 0.000000E+00, 2.887058E+02, 2.892132E+02, 0.000000E+00, 3.160099E+00, 2.977510E+02, 2.896202E+02, 2.888484E+02, 2.893733E+02, 2.891547E+02
2024-06-09 02:45:15,2, 0.000000E+00, 2.885695E+02, 2.890949E+02, 0.000000E+00, 2.418905E+00, 2.976115E+02, 2.895289E+02, 2.887728E+02, 2.892619E+02, 2.890485E+02
2024-06-09 03:00:15,2, 0.000000E+00, 2.884336E+02, 2.889755E+02, 0.000000E+00, 2.075712E+00, 2.974794E+02, 2.894374E+02, 2.886969E+02, 2.891496E+02, 2.889414E+02
2024-06-09 03:15:15,2, 0.000000E+00, 2.883278E+02, 2.888574E+02, 0.000000E+00, 5.061539E+00, 2.973611E+02, 2.893114E+02, 2.885671E+02, 2.890289E+02, 2.888203E+02
2024-06-09 03:30:15,2, 0.000000E+00, 2.882219E+02, 2.887443E+02, 0.000000E+00, 6.095481E+00, 2.973045E+02, 2.891950E+02, 2.884437E+02, 2.889131E+02, 2.887020E+02
2024-06-09 03:45:15,2, 0.000000E+00, 2.881161E+02, 2.886346E+02, 0.000000E+00, 6.465830E+00, 2.972872E+02, 2.890857E+02, 2.883254E+02, 2.888024E+02, 2.885882E+02
2024-06-09 04:00:15,2, 0.000000E+00, 2.880103E+02, 2.885269E+02, 0.000000E+00, 6.543930E+00, 2.972940E+02, 2.889810E+02, 2.882105E+02, 2.886945E+02, 2.884771E+02
2024-06-09 04:15:15,2, 0.000000E+00, 2.879039E+02, 2.884321E+02, 0.000000E+00, 4.778891E+00, 2.973014E+02, 2.889138E+02, 2.881485E+02, 2.886039E+02, 2.883867E+02
2024-06-09 04:30:15,2, 0.000000E+00, 2.877975E+02, 2.883398E+02, 0.000000E+00, 4.103152E+00, 2.972773E+02, 2.888461E+02, 2.880876E+02, 2.885182E+02, 2.883028E+02
2024-06-09 04:45:15,2, 0.000000E+00, 2.876911E+02, 2.882458E+02, 0.000000E+00, 3.788956E+00, 2.972351E+02, 2.887748E+02, 2.880238E+02, 2.884302E+02, 2.882169E+02
2024-06-09 05:00:15,2, 0.000000E+00, 2.875848E+02, 2.881509E+02, 0.000000E+00, 3.642803E+00, 2.971832E+02, 2.887010E+02, 2.879582E+02, 2.883407E+02, 2.881296E+02
2024-06-09 05:15:15,2, 0.000000E+00, 2.874837E+02, 2.880582E+02, 0.000000E+00, 4.466271E+00, 2.971177E+02, 2.886272E+02, 2.878960E+02, 2.882521E+02, 2.880440E+02
2024-06-09 05:30:15,2, 0.000000E+00, 2.873826E+02, 2.879659E+02, 0.000000E+00, 4.667417E+00, 2.970274E+02, 2.885505E+02, 2.878315E+02, 2.881635E+02, 2.879588E+02
2024-06-09 05:45:15,2, 0.000000E+00, 2.872815E+02, 2.878731E+02, 0.000000E+00, 4.670881E+00, 2.969259E+02, 2.884718E+02, 2.877651E+02, 2.880740E+02, 2.878727E+02
2024-06-09 06:00:15,2, 0.000000E+00, 2.871792E+02, 2.877798E+02, 0.000000E+00, 5.109643E+00, 2.968209E+02, 2.883914E+02, 2.876973E+02, 2.879838E+02, 2.877861E+02
2024-06-09 06:15:15,2, 0.000000E+00, 2.870004E+02, 2.876215E+02, 0.000000E+00, 2.120837E+01, 2.967137E+02, 2.882509E+02, 2.875627E+02, 2.878413E+02, 2.876469E+02
2024-06-09 06:30:15,2, 0.000000E+00, 2.868217E+02, 2.874487E+02, 0.000000E+00, 2.474347E+01, 2.966045E+02, 2.880954E+02, 2.874122E+02, 2.876753E+02, 2.874825E+02
2024-06-09 06:45:15,2, 0.000000E+00, 2.866430E+02, 2.872779E+02, 0.000000E+00, 2.568769E+01, 2.964963E+02, 2.879407E+02, 2.872633E+02, 2.875111E+02, 2.873204E+02
2024-06-09 07:00:15,2, 0.000000E+00, 2.864659E+02, 2.871080E+02, 0.000000E+00, 2.541614E+01, 2.963902E+02, 2.877866E+02, 2.871157E+02, 2.873478E+02, 2.871600E+02
2024-06-09 07:15:15,2, 0.000000E+00, 2.863851E+02, 2.870137E+02, 0.000000E+00, 7.958386E+00, 2.962867E+02, 2.876883E+02, 2.870195E+02, 2.872413E+02, 2.870521E+02
2024-06-09 07:30:15,2, 0.000000E+00, 2.863042E+02, 2.869357E+02, 0.000000E+00, 4.551897E+00, 2.961832E+02, 2.876074E+02, 2.869407E+02, 2.871621E+02, 2.869734E+02
2024-06-09 07:45:15,2, 0.000000E+00, 2.862233E+02, 2.868553E+02, 0.000000E+00, 3.709968E+00, 2.960808E+02, 2.875250E+02, 2.868607E+02, 2.870806E+02, 2.868926E+02
2024-06-09 08:00:15,2, 0.000000E+00, 2.861389E+02, 2.867739E+02, 0.000000E+00, 3.041029E+00, 2.959793E+02, 2.874417E+02, 2.867803E+02, 2.869981E+02, 2.868108E+02
2024-06-09 08:15:15,2, 0.000000E+00, 2.858464E+02, 2.865601E+02, 0.000000E+00,-1.102099E+01, 2.958922E+02, 2.872594E+02, 2.866032E+02, 2.868122E+02, 2.866281E+02
2024-06-09 08:30:15,2, 0.000000E+00, 2.855539E+02, 2.862949E+02, 0.000000E+00,-1.436051E+01, 2.958613E+02, 2.870408E+02, 2.863859E+02, 2.865575E+02, 2.863730E+02
2024-06-09 08:45:15,2, 0.000000E+00, 2.852615E+02, 2.860265E+02, 0.000000E+00,-1.541763E+01, 2.958607E+02, 2.868214E+02, 2.861669E+02, 2.862981E+02, 2.861134E+02
2024-06-09 09:00:15,2, 0.000000E+00, 2.849727E+02, 2.857582E+02, 0.000000E+00,-1.534679E+01, 2.958672E+02, 2.866030E+02, 2.859474E+02, 2.860389E+02, 2.858539E+02
2024-06-09 09:15:15,2, 0.000000E+00, 2.849011E+02, 2.856418E+02, 0.000000E+00, 1.609982E+00, 2.961372E+02, 2.865331E+02, 2.858717E+02, 2.859071E+02, 2.857183E+02
2024-06-09 09:30:15,2, 0.000000E+00, 2.848295E+02, 2.856128E+02, 0.000000E+00, 6.094835E+00, 2.971704E+02, 2.866125E+02, 2.859083E+02, 2.858991E+02, 2.856981E+02
2024-06-09 09:45:15,2, 0.000000E+00, 2.847579E+02, 2.856273E+02, 0.000000E+00, 2.927450E+01, 2.984922E+02, 2.867620E+02, 2.860002E+02, 2.859482E+02, 2.857306E+02
2024-06-09 10:00:15,2, 5.587872E+00, 2.846867E+02, 2.856258E+02, 7.280890E-01, 3.990569E+01, 2.998060E+02, 2.869222E+02, 2.861107E+02, 2.859908E+02, 2.857575E+02
2024-06-09 10:15:15,2, 8.821398E+00, 2.846419E+02, 2.856648E+02, 1.127666E+00, 4.700684E+01, 3.013309E+02, 2.871623E+02, 2.862728E+02, 2.861050E+02, 2.858612E+02
2024-06-09 10:30:15,2, 1.210196E+01, 2.845971E+02, 2.856974E+02, 1.519679E+00, 5.461703E+01, 3.030112E+02, 2.874093E+02, 2.864275E+02, 2.862115E+02, 2.859449E+02
2024-06-09 10:45:15,2, 1.541550E+01, 2.845522E+02, 2.857194E+02, 1.901960E+00, 6.177395E+01, 3.045489E+02, 2.876440E+02, 2.865726E+02, 2.863097E+02, 2.860210E+02
2024-06-09 11:00:15,2, 3.846115E+01, 2.845095E+02, 2.857325E+02, 4.182488E+00, 6.781429E+01, 3.059480E+02, 2.879155E+02, 2.868166E+02, 2.864146E+02, 2.861128E+02
2024-06-09 11:15:15,2, 4.530673E+01, 2.845904E+02, 2.858670E+02, 4.726091E+00, 7.320492E+01, 3.063127E+02, 2.881392E+02, 2.870390E+02, 2.866506E+02, 2.863797E+02
2024-06-09 11:30:15,2, 5.213228E+01, 2.846714E+02, 2.859511E+02, 5.205220E+00, 7.380553E+01, 3.060218E+02, 2.881994E+02, 2.871336E+02, 2.867507E+02, 2.864939E+02
2024-06-09 11:45:15,2, 5.890857E+01, 2.847523E+02, 2.860334E+02, 5.624996E+00, 7.396279E+01, 3.057615E+02, 2.882614E+02, 2.872297E+02, 2.868449E+02, 2.866018E+02
2024-06-09 12:00:15,2, 1.044197E+02, 2.848336E+02, 2.861296E+02, 7.301338E+00, 7.532731E+01, 3.056145E+02, 2.884955E+02, 2.876192E+02, 2.869873E+02, 2.867658E+02
2024-06-09 12:15:15,2, 1.149101E+02, 2.849380E+02, 2.863582E+02, 7.637294E+00, 9.521075E+01, 3.050521E+02, 2.886557E+02, 2.878929E+02, 2.873107E+02, 2.871653E+02
2024-06-09 12:30:15,2, 1.251853E+02, 2.850423E+02, 2.864680E+02, 7.817983E+00, 9.884295E+01, 3.040708E+02, 2.886174E+02, 2.879540E+02, 2.873899E+02, 2.872747E+02
2024-06-09 12:45:15,2, 1.352014E+02, 2.851467E+02, 2.865657E+02, 7.965492E+00, 1.002432E+02, 3.031340E+02, 2.885956E+02, 2.880196E+02, 2.874639E+02, 2.873761E+02
2024-06-09 13:00:15,2, 2.120599E+02, 2.852519E+02, 2.866812E+02, 8.514119E+00, 1.012860E+02, 3.023286E+02, 2.888831E+02, 2.885551E+02, 2.876144E+02, 2.875661E+02
2024-06-09 13:15:15,2, 2.257719E+02, 2.854072E+02, 2.870041E+02, 8.887043E+00, 1.039088E+02, 3.017102E+02, 2.892732E+02, 2.890238E+02, 2.881190E+02, 2.881559E+02
2024-06-09 13:30:15,2, 2.389224E+02, 2.855625E+02, 2.871621E+02, 8.989633E+00, 1.032157E+02, 3.011128E+02, 2.893930E+02, 2.892028E+02, 2.882868E+02, 2.883443E+02
2024-06-09 13:45:15,2, 2.514550E+02, 2.857177E+02, 2.873185E+02, 9.086387E+00, 1.029994E+02, 3.005876E+02, 2.895167E+02, 2.893795E+02, 2.884515E+02, 2.885276E+02
2024-06-09 14:00:15,2, 4.651893E+02, 2.858776E+02, 2.875316E+02, 9.359868E+00, 1.039789E+02, 3.001534E+02, 2.904304E+02, 2.906869E+02, 2.888187E+02, 2.889342E+02
2024-06-09 14:15:15,2, 4.848675E+02, 2.863072E+02, 2.883447E+02, 9.942003E+00, 1.234535E+02, 3.002153E+02, 2.914751E+02, 2.917307E+02, 2.901011E+02, 2.903258E+02
2024-06-09 14:30:15,2, 5.031854E+02, 2.867367E+02, 2.887489E+02, 9.883736E+00, 8.882338E+01, 3.004818E+02, 2.918321E+02, 2.920894E+02, 2.905334E+02, 2.907580E+02
2024-06-09 14:45:15,2, 5.200644E+02, 2.871663E+02, 2.891705E+02, 9.883815E+00, 7.871048E+01, 3.008617E+02, 2.922109E+02, 2.924617E+02, 2.909759E+02, 2.911987E+02
2024-06-09 15:00:15,2, 6.371148E+02, 2.875969E+02, 2.896140E+02, 9.935114E+00, 7.735404E+01, 3.012514E+02, 2.929039E+02, 2.931957E+02, 2.915060E+02, 2.917160E+02
2024-06-09 15:15:15,2, 6.535247E+02, 2.880850E+02, 2.902555E+02, 1.007740E+01, 8.907905E+01, 3.018900E+02, 2.936136E+02, 2.938682E+02, 2.923464E+02, 2.925454E+02
2024-06-09 15:30:15,2, 6.679881E+02, 2.885732E+02, 2.907484E+02, 1.003168E+01, 9.102985E+01, 3.024457E+02, 2.940486E+02, 2.943043E+02, 2.928376E+02, 2.930306E+02
2024-06-09 15:45:15,2, 6.804428E+02, 2.890613E+02, 2.912339E+02, 9.995484E+00, 9.367639E+01, 3.029416E+02, 2.944702E+02, 2.947276E+02, 2.933179E+02, 2.935057E+02
2024-06-09 16:00:15,2, 7.389816E+02, 2.895469E+02, 2.917219E+02, 9.968860E+00, 9.673106E+01, 3.033980E+02, 2.950101E+02, 2.952682E+02, 2.938293E+02, 2.940033E+02
2024-06-09 16:15:15,2, 7.478455E+02, 2.898816E+02, 2.921365E+02, 9.940876E+00, 9.968439E+01, 3.039519E+02, 2.954360E+02, 2.956643E+02, 2.943397E+02, 2.944941E+02
2024-06-09 16:30:15,2, 7.544182E+02, 2.902162E+02, 2.924652E+02, 9.880844E+00, 1.015740E+02, 3.044324E+02, 2.957193E+02, 2.959377E+02, 2.946657E+02, 2.948130E+02
2024-06-09 16:45:15,2, 7.586715E+02, 2.905509E+02, 2.927866E+02, 9.832113E+00, 1.035815E+02, 3.048578E+02, 2.959833E+02, 2.961906E+02, 2.949780E+02, 2.951184E+02
2024-06-09 17:00:15,2, 7.766972E+02, 2.908825E+02, 2.931038E+02, 9.788785E+00, 1.052549E+02, 3.052407E+02, 2.962708E+02, 2.964633E+02, 2.952908E+02, 2.954206E+02
2024-06-09 17:15:15,2, 7.762581E+02, 2.910345E+02, 2.932959E+02, 9.746522E+00, 1.015860E+02, 3.056317E+02, 2.964563E+02, 2.966336E+02, 2.955104E+02, 2.956298E+02
2024-06-09 17:30:15,2, 7.734255E+02, 2.911866E+02, 2.934415E+02, 9.712193E+00, 1.022307E+02, 3.059728E+02, 2.965721E+02, 2.967392E+02, 2.956408E+02, 2.957549E+02
2024-06-09 17:45:15,2, 7.682114E+02, 2.913386E+02, 2.935802E+02, 9.686023E+00, 1.029276E+02, 3.062702E+02, 2.966689E+02, 2.968241E+02, 2.957581E+02, 2.958670E+02
2024-06-09 18:00:15,2, 7.263859E+02, 2.914882E+02, 2.937055E+02, 9.655476E+00, 1.027776E+02, 3.065240E+02, 2.966615E+02, 2.968078E+02, 2.958358E+02, 2.959463E+02
2024-06-09 18:15:15,2, 7.169318E+02, 2.914879E+02, 2.936860E+02, 9.643103E+00, 9.268945E+01, 3.066490E+02, 2.966306E+02, 2.967888E+02, 2.957769E+02, 2.958977E+02
2024-06-09 18:30:15,2, 7.052964E+02, 2.914877E+02, 2.936885E+02, 9.661028E+00, 9.206599E+01, 3.067798E+02, 2.966500E+02, 2.968032E+02, 2.957846E+02, 2.959060E+02
2024-06-09 18:45:15,2, 6.915293E+02, 2.914874E+02, 2.936862E+02, 9.679513E+00, 9.144589E+01, 3.069024E+02, 2.966580E+02, 2.968042E+02, 2.957842E+02, 2.959061E+02
2024-06-09 19:00:15,2, 6.259792E+02, 2.914878E+02, 2.936687E+02, 9.684421E+00, 9.071463E+01, 3.070037E+02, 2.965160E+02, 2.966458E+02, 2.957327E+02, 2.958629E+02
2024-06-09 19:15:15,2, 6.094475E+02, 2.915265E+02, 2.936033E+02, 9.685520E+00, 9.039046E+01, 3.069400E+02, 2.963548E+02, 2.964813E+02, 2.955646E+02, 2.957018E+02
2024-06-09 19:30:15,2, 5.911293E+02, 2.915652E+02, 2.936038E+02, 9.707240E+00, 8.953083E+01, 3.068714E+02, 2.963012E+02, 2.964048E+02, 2.955466E+02, 2.956807E+02
2024-06-09 19:45:15,2, 5.711030E+02, 2.916039E+02, 2.936002E+02, 9.719726E+00, 8.846289E+01, 3.067948E+02, 2.962384E+02, 2.963179E+02, 2.955227E+02, 2.956535E+02
2024-06-09 20:00:15,2, 6.463162E+02, 2.916397E+02, 2.936107E+02, 9.761773E+00, 8.707628E+01, 3.067167E+02, 2.964462E+02, 2.965220E+02, 2.955770E+02, 2.956891E+02
2024-06-09 20:15:15,2, 6.190519E+02, 2.915044E+02, 2.935993E+02, 9.792667E+00, 7.953721E+01, 3.068702E+02, 2.964663E+02, 2.964641E+02, 2.957113E+02, 2.957986E+02
2024-06-09 20:30:15,2, 5.901051E+02, 2.913691E+02, 2.934167E+02, 9.793749E+00, 7.615563E+01, 3.069143E+02, 2.961974E+02, 2.961530E+02, 2.954630E+02, 2.955436E+02
2024-06-09 20:45:15,2, 5.595997E+02, 2.912338E+02, 2.932262E+02, 9.816924E+00, 7.301552E+01, 3.068708E+02, 2.959058E+02, 2.958224E+02, 2.951992E+02, 2.952758E+02
2024-06-09 21:00:15,2, 2.918891E+02, 2.910910E+02, 2.929693E+02, 9.564703E+00, 6.843287E+01, 3.067332E+02, 2.947938E+02, 2.943853E+02, 2.946944E+02, 2.947648E+02
2024-06-09 21:15:15,2, 2.735103E+02, 2.905021E+02, 2.919682E+02, 9.368368E+00, 4.790390E+01, 3.060630E+02, 2.935309E+02, 2.931265E+02, 2.931805E+02, 2.931912E+02
2024-06-09 21:30:15,2, 2.544959E+02, 2.899131E+02, 2.913803E+02, 9.419869E+00, 4.338702E+01, 3.056247E+02, 2.930205E+02, 2.925920E+02, 2.925763E+02, 2.925830E+02
2024-06-09 21:45:15,2, 2.349274E+02, 2.893242E+02, 2.907991E+02, 9.402137E+00, 3.850569E+01, 3.053207E+02, 2.925395E+02, 2.920820E+02, 2.919900E+02, 2.919894E+02
2024-06-09 22:00:15,2, 1.048568E+02, 2.887415E+02, 2.901859E+02, 7.808400E+00, 3.315540E+01, 3.050814E+02, 2.916529E+02, 2.908400E+02, 2.912944E+02, 2.912587E+02
2024-06-09 22:15:15,2, 9.489102E+01, 2.885289E+02, 2.895950E+02, 7.489846E+00, 3.333662E+01, 3.047428E+02, 2.909004E+02, 2.900020E+02, 2.903343E+02, 2.901804E+02
2024-06-09 22:30:15,2, 8.478030E+01, 2.883163E+02, 2.893619E+02, 7.166250E+00, 3.465294E+01, 3.046062E+02, 2.907088E+02, 2.897646E+02, 2.900852E+02, 2.899184E+02
2024-06-09 22:45:15,2, 7.456792E+01, 2.881037E+02, 2.891415E+02, 6.681695E+00, 4.002541E+01, 3.045366E+02, 2.905539E+02, 2.895584E+02, 2.898629E+02, 2.896789E+02
2024-06-09 23:00:15,2, 8.751139E+01, 2.878945E+02, 2.889276E+02, 7.235382E+00, 6.114146E+01, 3.043714E+02, 2.904692E+02, 2.895388E+02, 2.896636E+02, 2.894829E+02
2024-06-09 23:15:15,2, 7.351414E+01, 2.878808E+02, 2.888730E+02, 6.615822E+00, 5.010797E+01, 3.042019E+02, 2.903653E+02, 2.893975E+02, 2.896111E+02, 2.894442E+02
2024-06-09 23:30:15,2, 5.955783E+01, 2.878672E+02, 2.888063E+02, 5.806074E+00, 3.626125E+01, 3.039286E+02, 2.901871E+02, 2.891731E+02, 2.894668E+02, 2.892772E+02
2024-06-09 23:45:15,2, 4.570223E+01, 2.878535E+02, 2.887419E+02, 4.808975E+00, 2.965278E+01, 3.036026E+02, 2.900164E+02, 2.889672E+02, 2.893234E+02, 2.891118E+02
2024-06-10 00:00:15,1, 2.759243E+01, 2.878374E+02, 2.886783E+02, 3.173652E+00, 2.465791E+01, 3.032691E+02, 2.898063E+02, 2.886923E+02, 2.891683E+02, 2.889310E+02
2024-06-10 00:15:15,1, 1.614294E+01, 2.876732E+02, 2.885110E+02, 1.960569E+00, 2.178095E+01, 3.029097E+02, 2.895566E+02, 2.884424E+02, 2.889220E+02, 2.886547E+02
2024-06-10 00:30:15,1, 4.927573E+00, 2.875090E+02, 2.883233E+02, 6.345085E-01, 1.677513E+01, 3.025135E+02, 2.892917E+02, 2.882147E+02, 2.886617E+02, 2.883724E+02
2024-06-10 00:45:15,1, 0.000000E+00, 2.873448E+02, 2.881296E+02, 0.000000E+00, 1.399868E+01, 3.021170E+02, 2.890252E+02, 2.879812E+02, 2.884248E+02, 2.881283E+02
2024-06-10 01:00:15,1, 0.000000E+00, 2.871798E+02, 2.879580E+02, 0.000000E+00, 1.314205E+01, 3.017438E+02, 2.888224E+02, 2.878136E+02, 2.882406E+02, 2.879546E+02
2024-06-10 01:15:15,1, 0.000000E+00, 2.869620E+02, 2.877534E+02, 0.000000E+00, 9.213418E+00, 3.014387E+02, 2.886075E+02, 2.876173E+02, 2.880361E+02, 2.877566E+02
2024-06-10 01:30:15,1, 0.000000E+00, 2.867443E+02, 2.875418E+02, 0.000000E+00, 9.084910E+00, 3.012596E+02, 2.884006E+02, 2.874216E+02, 2.878237E+02, 2.875478E+02
2024-06-10 01:45:15,1, 0.000000E+00, 2.865265E+02, 2.873329E+02, 0.000000E+00, 9.572512E+00, 3.011374E+02, 2.882022E+02, 2.872311E+02, 2.876158E+02, 2.873424E+02
2024-06-10 02:00:15,1, 0.000000E+00, 2.863100E+02, 2.871256E+02, 0.000000E+00, 1.024751E+01, 3.010359E+02, 2.880075E+02, 2.870433E+02, 2.874101E+02, 2.871390E+02
2024-06-10 02:15:15,1, 0.000000E+00, 2.861644E+02, 2.869827E+02, 0.000000E+00, 1.121889E+01, 3.009248E+02, 2.878966E+02, 2.869709E+02, 2.872649E+02, 2.870034E+02
2024-06-10 02:30:15,1, 0.000000E+00, 2.860188E+02, 2.868587E+02, 0.000000E+00, 1.129188E+01, 3.007841E+02, 2.877996E+02, 2.869133E+02, 2.871471E+02, 2.868964E+02
2024-06-10 02:45:15,1, 0.000000E+00, 2.858733E+02, 2.867343E+02, 0.000000E+00, 1.124736E+01, 3.006337E+02, 2.877003E+02, 2.868503E+02, 2.870285E+02, 2.867878E+02
2024-06-10 03:00:15,1, 0.000000E+00, 2.857285E+02, 2.866091E+02, 0.000000E+00, 1.113248E+01, 3.004835E+02, 2.875997E+02, 2.867830E+02, 2.869091E+02, 2.866780E+02
2024-06-10 03:15:15,1, 0.000000E+00, 2.856275E+02, 2.864911E+02, 0.000000E+00, 9.127017E+00, 3.003338E+02, 2.874609E+02, 2.866250E+02, 2.867854E+02, 2.865504E+02
2024-06-10 03:30:15,1, 0.000000E+00, 2.855266E+02, 2.863734E+02, 0.000000E+00, 8.677859E+00, 3.001823E+02, 2.873216E+02, 2.864655E+02, 2.866617E+02, 2.864213E+02
2024-06-10 03:45:15,1, 0.000000E+00, 2.854257E+02, 2.862556E+02, 0.000000E+00, 8.396431E+00, 3.000341E+02, 2.871823E+02, 2.863046E+02, 2.865379E+02, 2.862918E+02
2024-06-10 04:00:15,1, 0.000000E+00, 2.853254E+02, 2.861378E+02, 0.000000E+00, 8.233235E+00, 2.998921E+02, 2.870432E+02, 2.861424E+02, 2.864142E+02, 2.861622E+02
2024-06-10 04:15:15,1, 0.000000E+00, 2.852618E+02, 2.860542E+02, 0.000000E+00, 9.205351E+00, 2.997237E+02, 2.869478E+02, 2.860508E+02, 2.863218E+02, 2.860699E+02
2024-06-10 04:30:15,1, 0.000000E+00, 2.851983E+02, 2.859800E+02, 0.000000E+00, 8.513261E+00, 2.994942E+02, 2.868546E+02, 2.859648E+02, 2.862420E+02, 2.859920E+02
2024-06-10 04:45:15,1, 0.000000E+00, 2.851347E+02, 2.859052E+02, 0.000000E+00, 7.938205E+00, 2.992499E+02, 2.867595E+02, 2.858778E+02, 2.861614E+02, 2.859137E+02
2024-06-10 05:00:15,1, 0.000000E+00, 2.850707E+02, 2.858304E+02, 0.000000E+00, 7.570603E+00, 2.990099E+02, 2.866649E+02, 2.857914E+02, 2.860809E+02, 2.858355E+02
2024-06-10 05:15:15,1, 0.000000E+00, 2.849780E+02, 2.857403E+02, 0.000000E+00, 8.277487E+00, 2.987794E+02, 2.865692E+02, 2.857114E+02, 2.859909E+02, 2.857500E+02
2024-06-10 05:30:15,1, 0.000000E+00, 2.848852E+02, 2.856462E+02, 0.000000E+00, 8.152140E+00, 2.985576E+02, 2.864709E+02, 2.856282E+02, 2.858955E+02, 2.856589E+02
2024-06-10 05:45:15,1, 0.000000E+00, 2.847925E+02, 2.855525E+02, 0.000000E+00, 7.981034E+00, 2.983466E+02, 2.863741E+02, 2.855459E+02, 2.858007E+02, 2.855684E+02
2024-06-10 06:00:15,1, 0.000000E+00, 2.846999E+02, 2.854593E+02, 0.000000E+00, 7.763163E+00, 2.981457E+02, 2.862779E+02, 2.854631E+02, 2.857067E+02, 2.854784E+02
2024-06-10 06:15:15,1, 0.000000E+00, 2.846114E+02, 2.853326E+02, 0.000000E+00, 5.807034E+00, 2.979616E+02, 2.860729E+02, 2.852016E+02, 2.855647E+02, 2.853229E+02
2024-06-10 06:30:15,1, 0.000000E+00, 2.845229E+02, 2.851925E+02, 0.000000E+00, 5.406881E+00, 2.978116E+02, 2.858588E+02, 2.849297E+02, 2.854045E+02, 2.851465E+02
2024-06-10 06:45:15,1, 0.000000E+00, 2.844344E+02, 2.850501E+02, 0.000000E+00, 5.172114E+00, 2.976764E+02, 2.856432E+02, 2.846541E+02, 2.852421E+02, 2.849672E+02
2024-06-10 07:00:15,1, 0.000000E+00, 2.843468E+02, 2.849050E+02, 0.000000E+00, 4.905497E+00, 2.975471E+02, 2.854260E+02, 2.843745E+02, 2.850772E+02, 2.847845E+02
2024-06-10 07:15:15,1, 0.000000E+00, 2.843159E+02, 2.848533E+02, 0.000000E+00, 4.651154E+00, 2.974135E+02, 2.854118E+02, 2.843809E+02, 2.850184E+02, 2.847276E+02
2024-06-10 07:30:15,1, 0.000000E+00, 2.842850E+02, 2.848418E+02, 0.000000E+00, 4.664683E+00, 2.972540E+02, 2.854301E+02, 2.844279E+02, 2.850137E+02, 2.847308E+02
2024-06-10 07:45:15,1, 0.000000E+00, 2.842541E+02, 2.848321E+02, 0.000000E+00, 4.611702E+00, 2.970897E+02, 2.854499E+02, 2.844771E+02, 2.850125E+02, 2.847376E+02
2024-06-10 08:00:15,1, 0.000000E+00, 2.842222E+02, 2.848222E+02, 0.000000E+00, 4.619167E+00, 2.969308E+02, 2.854696E+02, 2.845254E+02, 2.850114E+02, 2.847444E+02
2024-06-10 08:15:15,1, 0.000000E+00, 2.841340E+02, 2.847342E+02, 0.000000E+00, 6.205137E+00, 2.967708E+02, 2.853315E+02, 2.843650E+02, 2.849242E+02, 2.846537E+02
2024-06-10 08:30:15,1, 0.000000E+00, 2.840457E+02, 2.846146E+02, 0.000000E+00, 6.274113E+00, 2.966047E+02, 2.851645E+02, 2.841727E+02, 2.847926E+02, 2.845151E+02
2024-06-10 08:45:15,1, 0.000000E+00, 2.839575E+02, 2.844923E+02, 0.000000E+00, 6.141816E+00, 2.964370E+02, 2.849949E+02, 2.839770E+02, 2.846573E+02, 2.843724E+02
2024-06-10 09:00:15,1, 0.000000E+00, 2.838701E+02, 2.843688E+02, 0.000000E+00, 5.897189E+00, 2.962697E+02, 2.848250E+02, 2.837798E+02, 2.845208E+02, 2.842281E+02
2024-06-10 09:15:15,1, 0.000000E+00, 2.838367E+02, 2.843043E+02, 0.000000E+00, 4.359630E+00, 2.961097E+02, 2.847582E+02, 2.837190E+02, 2.844446E+02, 2.841518E+02
2024-06-10 09:30:15,1, 0.000000E+00, 2.838034E+02, 2.842663E+02, 0.000000E+00, 4.092336E+00, 2.959583E+02, 2.847141E+02, 2.836879E+02, 2.844034E+02, 2.841144E+02
2024-06-10 09:45:15,1, 0.000000E+00, 2.837700E+02, 2.842305E+02, 0.000000E+00, 3.998005E+00, 2.958136E+02, 2.846724E+02, 2.836595E+02, 2.843657E+02, 2.840805E+02
2024-06-10 10:00:15,1, 3.536777E+01, 2.837390E+02, 2.842047E+02, 3.789480E+00, 3.913732E+00, 2.956771E+02, 2.847807E+02, 2.839018E+02, 2.843679E+02, 2.840994E+02
2024-06-10 10:15:15,1, 5.572393E+01, 2.838483E+02, 2.844763E+02, 5.062391E+00, 7.134204E+00, 2.956196E+02, 2.852001E+02, 2.844850E+02, 2.847961E+02, 2.846478E+02
2024-06-10 10:30:15,1, 7.637741E+01, 2.839575E+02, 2.846713E+02, 5.899440E+00, 9.589633E+00, 2.955849E+02, 2.854854E+02, 2.848719E+02, 2.850646E+02, 2.849515E+02
2024-06-10 10:45:15,1, 9.723977E+01, 2.840668E+02, 2.848591E+02, 6.481054E+00, 1.189501E+01, 2.955741E+02, 2.857696E+02, 2.852419E+02, 2.853216E+02, 2.852385E+02
2024-06-10 11:00:15,1, 1.208703E+02, 2.841770E+02, 2.850451E+02, 6.930417E+00, 1.414945E+01, 2.955866E+02, 2.860657E+02, 2.856231E+02, 2.855768E+02, 2.855215E+02
2024-06-10 11:15:15,1, 1.423527E+02, 2.843406E+02, 2.852952E+02, 7.291174E+00, 2.122685E+01, 2.956300E+02, 2.864483E+02, 2.861072E+02, 2.858988E+02, 2.858797E+02
2024-06-10 11:30:15,1, 1.637734E+02, 2.845043E+02, 2.855477E+02, 7.588272E+00, 2.456382E+01, 2.957018E+02, 2.868230E+02, 2.865704E+02, 2.862216E+02, 2.862326E+02
2024-06-10 11:45:15,1, 1.850407E+02, 2.846680E+02, 2.857955E+02, 7.849092E+00, 2.752565E+01, 2.957997E+02, 2.871908E+02, 2.870190E+02, 2.865374E+02, 2.865760E+02
2024-06-10 12:00:15,1, 1.512226E+02, 2.848314E+02, 2.860217E+02, 7.817236E+00, 3.000741E+01, 2.959176E+02, 2.873248E+02, 2.870912E+02, 2.867890E+02, 2.868393E+02
2024-06-10 12:15:15,1, 1.664051E+02, 2.849790E+02, 2.860631E+02, 7.831666E+00, 2.597171E+01, 2.959513E+02, 2.873581E+02, 2.871618E+02, 2.867533E+02, 2.867766E+02
2024-06-10 12:30:15,1, 1.812772E+02, 2.851267E+02, 2.862570E+02, 8.022556E+00, 2.771133E+01, 2.960206E+02, 2.876249E+02, 2.874737E+02, 2.869938E+02, 2.870355E+02
2024-06-10 12:45:15,1, 1.957751E+02, 2.852743E+02, 2.864519E+02, 8.200789E+00, 2.954288E+01, 2.961151E+02, 2.878918E+02, 2.877827E+02, 2.872363E+02, 2.872953E+02
2024-06-10 13:00:15,1, 2.051906E+02, 2.854222E+02, 2.866438E+02, 8.352654E+00, 3.130030E+01, 2.962274E+02, 2.881364E+02, 2.880560E+02, 2.874714E+02, 2.875458E+02
2024-06-10 13:15:15,1, 2.184555E+02, 2.855866E+02, 2.868401E+02, 8.507755E+00, 3.215129E+01, 2.963475E+02, 2.884081E+02, 2.883677E+02, 2.877080E+02, 2.877964E+02
2024-06-10 13:30:15,1, 2.311781E+02, 2.857510E+02, 2.870516E+02, 8.676704E+00, 3.402245E+01, 2.964854E+02, 2.887013E+02, 2.886993E+02, 2.879734E+02, 2.880793E+02
2024-06-10 13:45:15,1, 2.433041E+02, 2.859155E+02, 2.872616E+02, 8.808004E+00, 3.584475E+01, 2.966367E+02, 2.889933E+02, 2.890308E+02, 2.882373E+02, 2.883600E+02
2024-06-10 14:00:15,1, 4.213825E+02, 2.860829E+02, 2.875179E+02, 9.107840E+00, 3.855925E+01, 2.968106E+02, 2.899563E+02, 2.903633E+02, 2.886694E+02, 2.888363E+02
2024-06-10 14:15:15,1, 4.392107E+02, 2.864305E+02, 2.882620E+02, 9.629811E+00, 5.544490E+01, 2.973538E+02, 2.909659E+02, 2.913832E+02, 2.898280E+02, 2.901025E+02
2024-06-10 14:30:15,1, 4.558084E+02, 2.867782E+02, 2.886413E+02, 9.624501E+00, 5.838203E+01, 2.978642E+02, 2.913724E+02, 2.918057E+02, 2.902452E+02, 2.905232E+02
2024-06-10 14:45:15,1, 4.711047E+02, 2.871258E+02, 2.890137E+02, 9.652257E+00, 6.137554E+01, 2.983448E+02, 2.917629E+02, 2.922096E+02, 2.906485E+02, 2.909302E+02
2024-06-10 15:00:15,1, 6.490289E+02, 2.874732E+02, 2.894187E+02, 9.740145E+00, 6.489519E+01, 2.988151E+02, 2.926645E+02, 2.932378E+02, 2.911919E+02, 2.914682E+02
2024-06-10 15:15:15,1, 6.657588E+02, 2.878051E+02, 2.900336E+02, 9.975009E+00, 7.347435E+01, 2.996975E+02, 2.934856E+02, 2.939812E+02, 2.921687E+02, 2.924446E+02
2024-06-10 15:30:15,1, 6.805080E+02, 2.881371E+02, 2.903805E+02, 9.934873E+00, 7.575495E+01, 3.004732E+02, 2.938426E+02, 2.943115E+02, 2.925517E+02, 2.928177E+02
2024-06-10 15:45:15,1, 6.932133E+02, 2.884690E+02, 2.907189E+02, 9.927208E+00, 7.818254E+01, 3.011659E+02, 2.941751E+02, 2.946164E+02, 2.929181E+02, 2.931749E+02
2024-06-10 16:00:15,1, 4.539520E+02, 2.887965E+02, 2.909911E+02, 9.830012E+00, 7.953278E+01, 3.017681E+02, 2.936809E+02, 2.938744E+02, 2.930432E+02, 2.932966E+02
2024-06-10 16:15:15,1, 4.594108E+02, 2.888624E+02, 2.906955E+02, 9.570928E+00, 6.978141E+01, 3.016734E+02, 2.931436E+02, 2.934301E+02, 2.923065E+02, 2.925422E+02
2024-06-10 16:30:15,1, 4.634636E+02, 2.889284E+02, 2.907831E+02, 9.658853E+00, 7.148220E+01, 3.016634E+02, 2.932848E+02, 2.936035E+02, 2.924242E+02, 2.926732E+02
2024-06-10 16:45:15,1, 4.660931E+02, 2.889943E+02, 2.908721E+02, 9.693131E+00, 7.271063E+01, 3.017105E+02, 2.934273E+02, 2.937756E+02, 2.925436E+02, 2.928033E+02
2024-06-10 17:00:15,1, 4.325613E+02, 2.890597E+02, 2.909490E+02, 9.684906E+00, 7.341573E+01, 3.017918E+02, 2.934325E+02, 2.937432E+02, 2.926240E+02, 2.928878E+02
2024-06-10 17:15:15,1, 4.323347E+02, 2.890930E+02, 2.909258E+02, 9.639370E+00, 6.910151E+01, 3.018103E+02, 2.933874E+02, 2.937109E+02, 2.925397E+02, 2.927905E+02
2024-06-10 17:30:15,1, 4.307763E+02, 2.891264E+02, 2.909655E+02, 9.659209E+00, 6.935399E+01, 3.018334E+02, 2.934458E+02, 2.937789E+02, 2.925872E+02, 2.928415E+02
2024-06-10 17:45:15,1, 4.278928E+02, 2.891598E+02, 2.910024E+02, 9.669431E+00, 6.951657E+01, 3.018623E+02, 2.934955E+02, 2.938350E+02, 2.926286E+02, 2.928850E+02
2024-06-10 18:00:15,1, 2.076386E+02, 2.891905E+02, 2.909696E+02, 9.153344E+00, 6.787144E+01, 3.018800E+02, 2.926660E+02, 2.924935E+02, 2.924388E+02, 2.926477E+02
2024-06-10 18:15:15,1, 2.049477E+02, 2.890682E+02, 2.903272E+02, 8.863231E+00, 4.540700E+01, 3.014840E+02, 2.917173E+02, 2.915078E+02, 2.912976E+02, 2.913492E+02
2024-06-10 18:30:15,1, 2.016337E+02, 2.889458E+02, 2.901963E+02, 8.963300E+00, 4.431458E+01, 3.011889E+02, 2.916061E+02, 2.913959E+02, 2.911664E+02, 2.912226E+02
2024-06-10 18:45:15,1, 1.977110E+02, 2.888234E+02, 2.900731E+02, 8.999785E+00, 4.282454E+01, 3.009623E+02, 2.915101E+02, 2.912975E+02, 2.910508E+02, 2.911092E+02
2024-06-10 19:00:15,1, 2.609932E+02, 2.887030E+02, 2.899706E+02, 9.310593E+00, 4.197895E+01, 3.007869E+02, 2.917144E+02, 2.916866E+02, 2.910102E+02, 2.910873E+02
2024-06-10 19:15:15,1, 2.541205E+02, 2.886980E+02, 2.901129E+02, 9.432664E+00, 5.515858E+01, 3.007545E+02, 2.919046E+02, 2.918761E+02, 2.912874E+02, 2.914182E+02
2024-06-10 19:30:15,1, 2.465036E+02, 2.886931E+02, 2.900849E+02, 9.359036E+00, 5.458820E+01, 3.006824E+02, 2.918086E+02, 2.917628E+02, 2.912161E+02, 2.913356E+02
2024-06-10 19:45:15,1, 2.381751E+02, 2.886882E+02, 2.900510E+02, 9.299562E+00, 5.382986E+01, 3.005865E+02, 2.917041E+02, 2.916394E+02, 2.911364E+02, 2.912453E+02
2024-06-10 20:00:15,1, 1.921579E+02, 2.886818E+02, 2.900019E+02, 9.039060E+00, 5.274894E+01, 3.004731E+02, 2.914410E+02, 2.912561E+02, 2.910135E+02, 2.911024E+02
2024-06-10 20:15:15,1, 1.840733E+02, 2.885902E+02, 2.897961E+02, 8.903344E+00, 4.723579E+01, 3.002850E+02, 2.911498E+02, 2.909352E+02, 2.906989E+02, 2.907491E+02
2024-06-10 20:30:15,1, 1.754889E+02, 2.884987E+02, 2.896787E+02, 8.841307E+00, 4.592204E+01, 3.001127E+02, 2.910027E+02, 2.907652E+02, 2.905597E+02, 2.906032E+02
2024-06-10 20:45:15,1, 1.664415E+02, 2.884071E+02, 2.895612E+02, 8.755485E+00, 4.449315E+01, 2.999505E+02, 2.908546E+02, 2.905919E+02, 2.904202E+02, 2.904561E+02
2024-06-10 21:00:15,1, 1.397400E+02, 2.883153E+02, 2.894375E+02, 8.424240E+00, 4.286987E+01, 2.997932E+02, 2.906344E+02, 2.902920E+02, 2.902595E+02, 2.902824E+02
2024-06-10 21:15:15,1, 1.309662E+02, 2.882096E+02, 2.892578E+02, 8.255636E+00, 4.004209E+01, 2.996060E+02, 2.903917E+02, 2.900197E+02, 2.900033E+02, 2.900017E+02
2024-06-10 21:30:15,1, 1.218885E+02, 2.881039E+02, 2.891247E+02, 8.088995E+00, 3.850671E+01, 2.994241E+02, 2.902217E+02, 2.898252E+02, 2.898376E+02, 2.898274E+02
2024-06-10 21:45:15,1, 1.125455E+02, 2.879982E+02, 2.889919E+02, 7.882747E+00, 3.680151E+01, 2.992454E+02, 2.900514E+02, 2.896292E+02, 2.896717E+02, 2.896524E+02
2024-06-10 22:00:15,1, 7.435849E+01, 2.878918E+02, 2.888513E+02, 6.572957E+00, 3.471693E+01, 2.990666E+02, 2.897841E+02, 2.892438E+02, 2.894733E+02, 2.894367E+02
2024-06-10 22:15:15,1, 6.731646E+01, 2.877403E+02, 2.886044E+02, 6.204157E+00, 3.025190E+01, 2.988376E+02, 2.894690E+02, 2.888909E+02, 2.891181E+02, 2.890449E+02
2024-06-10 22:30:15,1, 6.017158E+01, 2.875889E+02, 2.884299E+02, 5.781157E+00, 2.826998E+01, 2.986217E+02, 2.892688E+02, 2.886735E+02, 2.889129E+02, 2.888309E+02
2024-06-10 22:45:15,1, 5.295444E+01, 2.874375E+02, 2.882579E+02, 5.305839E+00, 2.610882E+01, 2.984147E+02, 2.890712E+02, 2.884600E+02, 2.887115E+02, 2.886200E+02
2024-06-10 23:00:15,1, 4.775672E+01, 2.872864E+02, 2.880871E+02, 4.928924E+00, 2.390836E+01, 2.982139E+02, 2.888811E+02, 2.882601E+02, 2.885127E+02, 2.884117E+02
2024-06-10 23:15:15,1, 4.016014E+01, 2.871560E+02, 2.879396E+02, 4.327604E+00, 2.317906E+01, 2.980226E+02, 2.887195E+02, 2.880912E+02, 2.883398E+02, 2.882318E+02
2024-06-10 23:30:15,1, 3.258536E+01, 2.870256E+02, 2.877946E+02, 3.658811E+00, 2.092803E+01, 2.978381E+02, 2.885596E+02, 2.879261E+02, 2.881651E+02, 2.880471E+02
2024-06-10 23:45:15,1, 2.506480E+01, 2.868952E+02, 2.876515E+02, 2.925849E+00, 1.835360E+01, 2.976580E+02, 2.884049E+02, 2.877699E+02, 2.879920E+02, 2.878634E+02
2024-06-10 00:00:15,2, 2.759243E+01, 2.878374E+02, 2.886782E+02, 3.178858E+00, 2.469485E+01, 3.032692E+02, 2.898469E+02, 2.887641E+02, 2.891764E+02, 2.889420E+02
2024-06-10 00:15:15,2, 1.614294E+01, 2.876732E+02, 2.885108E+02, 1.962333E+00, 2.180121E+01, 3.029099E+02, 2.895984E+02, 2.885195E+02, 2.889333E+02, 2.886768E+02
2024-06-10 00:30:15,2, 4.927573E+00, 2.875090E+02, 2.883234E+02, 6.345369E-01, 1.678506E+01, 3.025138E+02, 2.893322E+02, 2.882899E+02, 2.886736E+02, 2.883952E+02
2024-06-10 00:45:15,2, 0.000000E+00, 2.873448E+02, 2.881298E+02, 0.000000E+00, 1.399920E+01, 3.021172E+02, 2.890642E+02, 2.880524E+02, 2.884363E+02, 2.881495E+02
2024-06-10 01:00:15,2, 0.000000E+00, 2.871798E+02, 2.879582E+02, 0.000000E+00, 1.314189E+01, 3.017441E+02, 2.888600E+02, 2.878821E+02, 2.882517E+02, 2.879749E+02
2024-06-10 01:15:15,2, 0.000000E+00, 2.869620E+02, 2.877536E+02, 0.000000E+00, 9.213465E+00, 3.014390E+02, 2.886444E+02, 2.876845E+02, 2.880470E+02, 2.877765E+02
2024-06-10 01:30:15,2, 0.000000E+00, 2.867443E+02, 2.875420E+02, 0.000000E+00, 9.084539E+00, 3.012599E+02, 2.884372E+02, 2.874882E+02, 2.878345E+02, 2.875675E+02
2024-06-10 01:45:15,2, 0.000000E+00, 2.865265E+02, 2.873331E+02, 0.000000E+00, 9.571948E+00, 3.011377E+02, 2.882386E+02, 2.872974E+02, 2.876265E+02, 2.873622E+02
2024-06-10 02:00:15,2, 0.000000E+00, 2.863100E+02, 2.871257E+02, 0.000000E+00, 1.024678E+01, 3.010363E+02, 2.880438E+02, 2.871096E+02, 2.874208E+02, 2.871589E+02
2024-06-10 02:15:15,2, 0.000000E+00, 2.861644E+02, 2.869828E+02, 0.000000E+00, 1.121907E+01, 3.009252E+02, 2.879318E+02, 2.870355E+02, 2.872749E+02, 2.870213E+02
2024-06-10 02:30:15,2, 0.000000E+00, 2.860188E+02, 2.868589E+02, 0.000000E+00, 1.129268E+01, 3.007845E+02, 2.878327E+02, 2.869726E+02, 2.871565E+02, 2.869128E+02
2024-06-10 02:45:15,2, 0.000000E+00, 2.858733E+02, 2.867344E+02, 0.000000E+00, 1.124792E+01, 3.006341E+02, 2.877318E+02, 2.869057E+02, 2.870375E+02, 2.868034E+02
2024-06-10 03:00:15,2, 0.000000E+00, 2.857285E+02, 2.866094E+02, 0.000000E+00, 1.113292E+01, 3.004839E+02, 2.876298E+02, 2.868352E+02, 2.869178E+02, 2.866927E+02
2024-06-10 03:15:15,2, 0.000000E+00, 2.856275E+02, 2.864913E+02, 0.000000E+00, 9.127478E+00, 3.003342E+02, 2.874918E+02, 2.866792E+02, 2.867943E+02, 2.865655E+02
2024-06-10 03:30:15,2, 0.000000E+00, 2.855266E+02, 2.863736E+02, 0.000000E+00, 8.678194E+00, 3.001828E+02, 2.873535E+02, 2.865219E+02, 2.866708E+02, 2.864370E+02
2024-06-10 03:45:15,2, 0.000000E+00, 2.854257E+02, 2.862558E+02, 0.000000E+00, 8.396771E+00, 3.000346E+02, 2.872151E+02, 2.863635E+02, 2.865472E+02, 2.863080E+02
2024-06-10 04:00:15,2, 0.000000E+00, 2.853254E+02, 2.861379E+02, 0.000000E+00, 8.233696E+00, 2.998927E+02, 2.870773E+02, 2.862045E+02, 2.864237E+02, 2.861787E+02
2024-06-10 04:15:15,2, 0.000000E+00, 2.852618E+02, 2.860543E+02, 0.000000E+00, 9.206258E+00, 2.997243E+02, 2.869818E+02, 2.861131E+02, 2.863313E+02, 2.860864E+02
2024-06-10 04:30:15,2, 0.000000E+00, 2.851983E+02, 2.859800E+02, 0.000000E+00, 8.514437E+00, 2.994948E+02, 2.868884E+02, 2.860270E+02, 2.862515E+02, 2.860089E+02
2024-06-10 04:45:15,2, 0.000000E+00, 2.851347E+02, 2.859053E+02, 0.000000E+00, 7.939344E+00, 2.992505E+02, 2.867930E+02, 2.859396E+02, 2.861709E+02, 2.859307E+02
2024-06-10 05:00:15,2, 0.000000E+00, 2.850707E+02, 2.858305E+02, 0.000000E+00, 7.571587E+00, 2.990105E+02, 2.866982E+02, 2.858526E+02, 2.860903E+02, 2.858526E+02
2024-06-10 05:15:15,2, 0.000000E+00, 2.849780E+02, 2.857404E+02, 0.000000E+00, 8.278395E+00, 2.987800E+02, 2.866019E+02, 2.857715E+02, 2.860002E+02, 2.857666E+02
2024-06-10 05:30:15,2, 0.000000E+00, 2.848852E+02, 2.856463E+02, 0.000000E+00, 8.153259E+00, 2.985582E+02, 2.865030E+02, 2.856870E+02, 2.859045E+02, 2.856750E+02
2024-06-10 05:45:15,2, 0.000000E+00, 2.847925E+02, 2.855526E+02, 0.000000E+00, 7.982305E+00, 2.983472E+02, 2.864055E+02, 2.856034E+02, 2.858095E+02, 2.855839E+02
2024-06-10 06:00:15,2, 0.000000E+00, 2.846999E+02, 2.854594E+02, 0.000000E+00, 7.764540E+00, 2.981463E+02, 2.863087E+02, 2.855190E+02, 2.857152E+02, 2.854932E+02
2024-06-10 06:15:15,2, 0.000000E+00, 2.846114E+02, 2.853328E+02, 0.000000E+00, 5.807828E+00, 2.979622E+02, 2.861055E+02, 2.852604E+02, 2.855741E+02, 2.853398E+02
2024-06-10 06:30:15,2, 0.000000E+00, 2.845229E+02, 2.851927E+02, 0.000000E+00, 5.406637E+00, 2.978122E+02, 2.858934E+02, 2.849919E+02, 2.854144E+02, 2.851642E+02
2024-06-10 06:45:15,2, 0.000000E+00, 2.844344E+02, 2.850503E+02, 0.000000E+00, 5.171345E+00, 2.976770E+02, 2.856801E+02, 2.847205E+02, 2.852527E+02, 2.849860E+02
2024-06-10 07:00:15,2, 0.000000E+00, 2.843468E+02, 2.849052E+02, 0.000000E+00, 4.904477E+00, 2.975476E+02, 2.854654E+02, 2.844454E+02, 2.850884E+02, 2.848046E+02
2024-06-10 07:15:15,2, 0.000000E+00, 2.843159E+02, 2.848534E+02, 0.000000E+00, 4.649915E+00, 2.974141E+02, 2.854503E+02, 2.844503E+02, 2.850293E+02, 2.847472E+02
2024-06-10 07:30:15,2, 0.000000E+00, 2.842850E+02, 2.848420E+02, 0.000000E+00, 4.663367E+00, 2.972545E+02, 2.854675E+02, 2.844953E+02, 2.850244E+02, 2.847498E+02
2024-06-10 07:45:15,2, 0.000000E+00, 2.842541E+02, 2.848323E+02, 0.000000E+00, 4.610437E+00, 2.970903E+02, 2.854861E+02, 2.845425E+02, 2.850229E+02, 2.847560E+02
2024-06-10 08:00:15,2, 0.000000E+00, 2.842222E+02, 2.848224E+02, 0.000000E+00, 4.617985E+00, 2.969313E+02, 2.855048E+02, 2.845889E+02, 2.850214E+02, 2.847623E+02
2024-06-10 08:15:15,2, 0.000000E+00, 2.841340E+02, 2.847344E+02, 0.000000E+00, 6.204016E+00, 2.967713E+02, 2.853675E+02, 2.844300E+02, 2.849345E+02, 2.846722E+02
2024-06-10 08:30:15,2, 0.000000E+00, 2.840457E+02, 2.846148E+02, 0.000000E+00, 6.273029E+00, 2.966052E+02, 2.852015E+02, 2.842395E+02, 2.848032E+02, 2.845341E+02
2024-06-10 08:45:15,2, 0.000000E+00, 2.839575E+02, 2.844925E+02, 0.000000E+00, 6.140693E+00, 2.964375E+02, 2.850331E+02, 2.840457E+02, 2.846682E+02, 2.843919E+02
2024-06-10 09:00:15,2, 0.000000E+00, 2.838701E+02, 2.843690E+02, 0.000000E+00, 5.896058E+00, 2.962703E+02, 2.848643E+02, 2.838506E+02, 2.845320E+02, 2.842482E+02
2024-06-10 09:15:15,2, 0.000000E+00, 2.838367E+02, 2.843044E+02, 0.000000E+00, 4.358555E+00, 2.961102E+02, 2.847973E+02, 2.837895E+02, 2.844557E+02, 2.841717E+02
2024-06-10 09:30:15,2, 0.000000E+00, 2.838034E+02, 2.842664E+02, 0.000000E+00, 4.091145E+00, 2.959589E+02, 2.847527E+02, 2.837575E+02, 2.844144E+02, 2.841340E+02
2024-06-10 09:45:15,2, 0.000000E+00, 2.837700E+02, 2.842306E+02, 0.000000E+00, 3.996804E+00, 2.958142E+02, 2.847106E+02, 2.837282E+02, 2.843765E+02, 2.840999E+02
2024-06-10 10:00:15,2, 3.536777E+01, 2.837390E+02, 2.842047E+02, 3.810188E+00, 3.910351E+00, 2.956775E+02, 2.848110E+02, 2.839521E+02, 2.843774E+02, 2.841162E+02
2024-06-10 10:15:15,2, 5.572393E+01, 2.838483E+02, 2.844762E+02, 5.082275E+00, 7.136180E+00, 2.956202E+02, 2.852244E+02, 2.845213E+02, 2.848009E+02, 2.846530E+02
2024-06-10 10:30:15,2, 7.637741E+01, 2.839575E+02, 2.846712E+02, 5.908283E+00, 9.596910E+00, 2.955856E+02, 2.855053E+02, 2.849000E+02, 2.850679E+02, 2.849538E+02
2024-06-10 10:45:15,2, 9.723977E+01, 2.840668E+02, 2.848591E+02, 6.483834E+00, 1.189543E+01, 2.955749E+02, 2.857857E+02, 2.852634E+02, 2.853239E+02, 2.852390E+02
2024-06-10 11:00:15,2, 1.208703E+02, 2.841770E+02, 2.850451E+02, 6.932240E+00, 1.414874E+01, 2.955874E+02, 2.860782E+02, 2.856375E+02, 2.855779E+02, 2.855199E+02
2024-06-10 11:15:15,2, 1.423527E+02, 2.843406E+02, 2.852953E+02, 7.293697E+00, 2.122845E+01, 2.956308E+02, 2.864563E+02, 2.861129E+02, 2.858985E+02, 2.858750E+02
2024-06-10 11:30:15,2, 1.637734E+02, 2.845043E+02, 2.855479E+02, 7.591567E+00, 2.456955E+01, 2.957026E+02, 2.868271E+02, 2.865685E+02, 2.862201E+02, 2.862256E+02
2024-06-10 11:45:15,2, 1.850407E+02, 2.846680E+02, 2.857957E+02, 7.853011E+00, 2.753488E+01, 2.958004E+02, 2.871913E+02, 2.870100E+02, 2.865348E+02, 2.865668E+02
2024-06-10 12:00:15,2, 1.512226E+02, 2.848314E+02, 2.860219E+02, 7.820376E+00, 3.001969E+01, 2.959182E+02, 2.873276E+02, 2.870883E+02, 2.867863E+02, 2.868305E+02
2024-06-10 12:15:15,2, 1.664051E+02, 2.849790E+02, 2.860635E+02, 7.835395E+00, 2.598451E+01, 2.959519E+02, 2.873599E+02, 2.871567E+02, 2.867518E+02, 2.867707E+02
2024-06-10 12:30:15,2, 1.812772E+02, 2.851267E+02, 2.862574E+02, 8.026699E+00, 2.772593E+01, 2.960210E+02, 2.876247E+02, 2.874645E+02, 2.869915E+02, 2.870279E+02
2024-06-10 12:45:15,2, 1.957751E+02, 2.852743E+02, 2.864523E+02, 8.205285E+00, 2.955947E+01, 2.961154E+02, 2.878895E+02, 2.877696E+02, 2.872333E+02, 2.872863E+02
2024-06-10 13:00:15,2, 2.051906E+02, 2.854222E+02, 2.866443E+02, 8.357371E+00, 3.131874E+01, 2.962277E+02, 2.881328E+02, 2.880401E+02, 2.874677E+02, 2.875355E+02
2024-06-10 13:15:15,2, 2.184555E+02, 2.855866E+02, 2.868405E+02, 8.512731E+00, 3.217116E+01, 2.963477E+02, 2.884026E+02, 2.883479E+02, 2.877038E+02, 2.877849E+02
2024-06-10 13:30:15,2, 2.311781E+02, 2.857510E+02, 2.870521E+02, 8.681913E+00, 3.404405E+01, 2.964854E+02, 2.886940E+02, 2.886757E+02, 2.879684E+02, 2.880662E+02
2024-06-10 13:45:15,2, 2.433041E+02, 2.859155E+02, 2.872621E+02, 8.813654E+00, 3.587312E+01, 2.966367E+02, 2.889841E+02, 2.890028E+02, 2.882315E+02, 2.883454E+02
2024-06-10 14:00:15,2, 4.213825E+02, 2.860829E+02, 2.875184E+02, 9.113568E+00, 3.858023E+01, 2.968105E+02, 2.899326E+02, 2.903001E+02, 2.886606E+02, 2.888139E+02
2024-06-10 14:15:15,2, 4.392107E+02, 2.864305E+02, 2.882621E+02, 9.635447E+00, 5.546858E+01, 2.973535E+02, 2.909396E+02, 2.913148E+02, 2.898151E+02, 2.900692E+02
2024-06-10 14:30:15,2, 4.558084E+02, 2.867782E+02, 2.886414E+02, 9.630144E+00, 5.840812E+01, 2.978638E+02, 2.913453E+02, 2.917356E+02, 2.902321E+02, 2.904895E+02
2024-06-10 14:45:15,2, 4.711047E+02, 2.871258E+02, 2.890138E+02, 9.657875E+00, 6.140322E+01, 2.983442E+02, 2.917352E+02, 2.921381E+02, 2.906352E+02, 2.908961E+02
2024-06-10 15:00:15,2, 6.490289E+02, 2.874732E+02, 2.894185E+02, 9.745872E+00, 6.492157E+01, 2.988144E+02, 2.926327E+02, 2.931464E+02, 2.911775E+02, 2.914288E+02
2024-06-10 15:15:15,2, 6.657588E+02, 2.878051E+02, 2.900321E+02, 9.980179E+00, 7.347712E+01, 2.996968E+02, 2.934541E+02, 2.938890E+02, 2.921532E+02, 2.923967E+02
2024-06-10 15:30:15,2, 6.805080E+02, 2.881371E+02, 2.903789E+02, 9.940293E+00, 7.576043E+01, 3.004723E+02, 2.938122E+02, 2.942211E+02, 2.925366E+02, 2.927702E+02
2024-06-10 15:45:15,2, 6.932133E+02, 2.884690E+02, 2.907173E+02, 9.932705E+00, 7.818891E+01, 3.011649E+02, 2.941459E+02, 2.945278E+02, 2.929032E+02, 2.931278E+02
2024-06-10 16:00:15,2, 4.539520E+02, 2.887965E+02, 2.909897E+02, 9.835290E+00, 7.954352E+01, 3.017672E+02, 2.936598E+02, 2.938169E+02, 2.930303E+02, 2.932572E+02
2024-06-10 16:15:15,2, 4.594108E+02, 2.888624E+02, 2.906959E+02, 9.576605E+00, 6.982086E+01, 3.016723E+02, 2.931222E+02, 2.933733E+02, 2.922955E+02, 2.925145E+02
2024-06-10 16:30:15,2, 4.634636E+02, 2.889284E+02, 2.907835E+02, 9.664261E+00, 7.151976E+01, 3.016622E+02, 2.932618E+02, 2.935434E+02, 2.924127E+02, 2.926443E+02
2024-06-10 16:45:15,2, 4.660931E+02, 2.889943E+02, 2.908725E+02, 9.698467E+00, 7.274835E+01, 3.017092E+02, 2.934030E+02, 2.937126E+02, 2.925317E+02, 2.927734E+02
2024-06-10 17:00:15,2, 4.325613E+02, 2.890597E+02, 2.909494E+02, 9.690155E+00, 7.345429E+01, 3.017905E+02, 2.934093E+02, 2.936833E+02, 2.926121E+02, 2.928582E+02
2024-06-10 17:15:15,2, 4.323347E+02, 2.890930E+02, 2.909263E+02, 9.644598E+00, 6.914064E+01, 3.018090E+02, 2.933640E+02, 2.936504E+02, 2.925284E+02, 2.927624E+02
2024-06-10 17:30:15,2, 4.307763E+02, 2.891264E+02, 2.909660E+02, 9.664426E+00, 6.939311E+01, 3.018320E+02, 2.934219E+02, 2.937173E+02, 2.925757E+02, 2.928132E+02
2024-06-10 17:45:15,2, 4.278928E+02, 2.891598E+02, 2.910029E+02, 9.674642E+00, 6.955581E+01, 3.018608E+02, 2.934712E+02, 2.937727E+02, 2.926170E+02, 2.928565E+02
2024-06-10 18:00:15,2, 2.076386E+02, 2.891905E+02, 2.909702E+02, 9.156649E+00, 6.790981E+01, 3.018785E+02, 2.926610E+02, 2.924736E+02, 2.924308E+02, 2.926273E+02
2024-06-10 18:15:15,2, 2.049477E+02, 2.890682E+02, 2.903277E+02, 8.866510E+00, 4.543001E+01, 3.014826E+02, 2.917154E+02, 2.914932E+02, 2.912951E+02, 2.913412E+02
2024-06-10 18:30:15,2, 2.016337E+02, 2.889458E+02, 2.901967E+02, 8.966640E+00, 4.433696E+01, 3.011876E+02, 2.916042E+02, 2.913812E+02, 2.911637E+02, 2.912142E+02
2024-06-10 18:45:15,2, 1.977110E+02, 2.888234E+02, 2.900735E+02, 9.003109E+00, 4.284633E+01, 3.009611E+02, 2.915083E+02, 2.912828E+02, 2.910480E+02, 2.911006E+02
2024-06-10 19:00:15,2, 2.609932E+02, 2.887030E+02, 2.899710E+02, 9.315274E+00, 4.200037E+01, 3.007857E+02, 2.917053E+02, 2.916566E+02, 2.910062E+02, 2.910757E+02
2024-06-10 19:15:15,2, 2.541205E+02, 2.886980E+02, 2.901135E+02, 9.437299E+00, 5.518756E+01, 3.007533E+02, 2.918951E+02, 2.918461E+02, 2.912816E+02, 2.914029E+02
2024-06-10 19:30:15,2, 2.465036E+02, 2.886931E+02, 2.900854E+02, 9.363504E+00, 5.461653E+01, 3.006812E+02, 2.918000E+02, 2.917347E+02, 2.912107E+02, 2.913214E+02
2024-06-10 19:45:15,2, 2.381751E+02, 2.886882E+02, 2.900515E+02, 9.303876E+00, 5.385715E+01, 3.005852E+02, 2.916965E+02, 2.916133E+02, 2.911315E+02, 2.912321E+02
2024-06-10 20:00:15,2, 1.921579E+02, 2.886818E+02, 2.900023E+02, 9.042331E+00, 5.277476E+01, 3.004718E+02, 2.914383E+02, 2.912403E+02, 2.910098E+02, 2.910917E+02
2024-06-10 20:15:15,2, 1.840733E+02, 2.885902E+02, 2.897966E+02, 8.906368E+00, 4.725530E+01, 3.002838E+02, 2.911487E+02, 2.909223E+02, 2.906966E+02, 2.907414E+02
2024-06-10 20:30:15,2, 1.754889E+02, 2.884987E+02, 2.896791E+02, 8.844122E+00, 4.593999E+01, 3.001115E+02, 2.910025E+02, 2.907541E+02, 2.905576E+02, 2.905961E+02
2024-06-10 20:45:15,2, 1.664415E+02, 2.884071E+02, 2.895616E+02, 8.758073E+00, 4.450954E+01, 2.999494E+02, 2.908555E+02, 2.905829E+02, 2.904185E+02, 2.904497E+02
2024-06-10 21:00:15,2, 1.397400E+02, 2.883153E+02, 2.894379E+02, 8.426804E+00, 4.288464E+01, 2.997921E+02, 2.906387E+02, 2.902895E+02, 2.902584E+02, 2.902775E+02
2024-06-10 21:15:15,2, 1.309662E+02, 2.882096E+02, 2.892582E+02, 8.258334E+00, 4.005447E+01, 2.996050E+02, 2.903977E+02, 2.900201E+02, 2.900031E+02, 2.899987E+02
2024-06-10 21:30:15,2, 1.218885E+02, 2.881039E+02, 2.891250E+02, 8.092490E+00, 3.851954E+01, 2.994231E+02, 2.902289E+02, 2.898279E+02, 2.898377E+02, 2.898252E+02
2024-06-10 21:45:15,2, 1.125455E+02, 2.879982E+02, 2.889922E+02, 7.887658E+00, 3.681622E+01, 2.992445E+02, 2.900599E+02, 2.896344E+02, 2.896722E+02, 2.896509E+02
2024-06-10 22:00:15,2, 7.435849E+01, 2.878918E+02, 2.888515E+02, 6.585942E+00, 3.473417E+01, 2.990657E+02, 2.897984E+02, 2.892611E+02, 2.894748E+02, 2.894373E+02
2024-06-10 22:15:15,2, 6.731646E+01, 2.877403E+02, 2.886044E+02, 6.218372E+00, 3.029017E+01, 2.988368E+02, 2.894856E+02, 2.889135E+02, 2.891205E+02, 2.890477E+02
2024-06-10 22:30:15,2, 6.017158E+01, 2.875889E+02, 2.884299E+02, 5.794557E+00, 2.830702E+01, 2.986209E+02, 2.892865E+02, 2.886990E+02, 2.889156E+02, 2.888343E+02
2024-06-10 22:45:15,2, 5.295444E+01, 2.874375E+02, 2.882579E+02, 5.317650E+00, 2.614371E+01, 2.984140E+02, 2.890901E+02, 2.884886E+02, 2.887146E+02, 2.886240E+02
2024-06-10 23:00:15,2, 4.775672E+01, 2.872864E+02, 2.880871E+02, 4.939310E+00, 2.394003E+01, 2.982132E+02, 2.889009E+02, 2.882909E+02, 2.885161E+02, 2.884163E+02
2024-06-10 23:15:15,2, 4.016014E+01, 2.871560E+02, 2.879396E+02, 4.335447E+00, 2.320731E+01, 2.980220E+02, 2.887401E+02, 2.881243E+02, 2.883435E+02, 2.882369E+02
2024-06-10 23:30:15,2, 3.258536E+01, 2.870256E+02, 2.877946E+02, 3.664184E+00, 2.095176E+01, 2.978375E+02, 2.885810E+02, 2.879615E+02, 2.881691E+02, 2.880529E+02
2024-06-10 23:45:15,2, 2.506480E+01, 2.868952E+02, 2.876515E+02, 2.929122E+00, 1.837223E+01, 2.976574E+02, 2.884270E+02, 2.878071E+02, 2.879965E+02, 2.878701E+02
2024-06-11 00:00:15,1, 1.010152E+01, 2.867649E+02, 2.875097E+02, 1.269238E+00, 1.537196E+01, 2.974805E+02, 2.882484E+02, 2.876128E+02, 2.878130E+02, 2.876707E+02
2024-06-11 00:15:15,1, 5.966830E+00, 2.866398E+02, 2.873643E+02, 7.682726E-01, 1.091690E+01, 2.972950E+02, 2.880930E+02, 2.874642E+02, 2.876225E+02, 2.874585E+02
2024-06-11 00:30:15,1, 1.916433E+00, 2.865147E+02, 2.872285E+02, 2.528202E-01, 9.107692E+00, 2.971161E+02, 2.879403E+02, 2.873207E+02, 2.874705E+02, 2.872971E+02
2024-06-11 00:45:15,1, 0.000000E+00, 2.863896E+02, 2.870894E+02, 0.000000E+00, 8.621118E+00, 2.969440E+02, 2.877887E+02, 2.871591E+02, 2.873221E+02, 2.871436E+02
2024-06-11 01:00:15,1, 0.000000E+00, 2.862651E+02, 2.869628E+02, 0.000000E+00, 8.476648E+00, 2.967832E+02, 2.876662E+02, 2.870344E+02, 2.871961E+02, 2.870168E+02
2024-06-11 01:15:15,1, 0.000000E+00, 2.861804E+02, 2.868647E+02, 0.000000E+00, 6.827191E+00, 2.966332E+02, 2.875654E+02, 2.869288E+02, 2.870938E+02, 2.869128E+02
2024-06-11 01:30:15,1, 0.000000E+00, 2.860957E+02, 2.867754E+02, 0.000000E+00, 6.534398E+00, 2.964922E+02, 2.874735E+02, 2.868315E+02, 2.870037E+02, 2.868213E+02
2024-06-11 01:45:15,1, 0.000000E+00, 2.860111E+02, 2.866866E+02, 0.000000E+00, 6.427252E+00, 2.963590E+02, 2.873830E+02, 2.867348E+02, 2.869147E+02, 2.867306E+02
2024-06-11 02:00:15,1, 0.000000E+00, 2.859268E+02, 2.865981E+02, 0.000000E+00, 6.334970E+00, 2.962324E+02, 2.872941E+02, 2.866388E+02, 2.868264E+02, 2.866403E+02
2024-06-11 02:15:15,1, 0.000000E+00, 2.858698E+02, 2.865329E+02, 0.000000E+00, 5.933778E+00, 2.961125E+02, 2.872326E+02, 2.865816E+02, 2.867586E+02, 2.865728E+02
2024-06-11 02:30:15,1, 0.000000E+00, 2.858128E+02, 2.864760E+02, 0.000000E+00, 5.854057E+00, 2.959988E+02, 2.871787E+02, 2.865320E+02, 2.867023E+02, 2.865175E+02
2024-06-11 02:45:15,1, 0.000000E+00, 2.857558E+02, 2.864197E+02, 0.000000E+00, 5.810037E+00, 2.958904E+02, 2.871259E+02, 2.864832E+02, 2.866470E+02, 2.864632E+02
2024-06-11 03:00:15,1, 0.000000E+00, 2.856989E+02, 2.863637E+02, 0.000000E+00, 5.756891E+00, 2.957868E+02, 2.870738E+02, 2.864348E+02, 2.865921E+02, 2.864092E+02
2024-06-11 03:15:15,1, 0.000000E+00, 2.856521E+02, 2.863113E+02, 0.000000E+00, 5.259242E+00, 2.956869E+02, 2.870150E+02, 2.863733E+02, 2.865376E+02, 2.863542E+02
2024-06-11 03:30:15,1, 0.000000E+00, 2.856054E+02, 2.862597E+02, 0.000000E+00, 5.125059E+00, 2.955896E+02, 2.869571E+02, 2.863126E+02, 2.864843E+02, 2.863002E+02
2024-06-11 03:45:15,1, 0.000000E+00, 2.855586E+02, 2.862083E+02, 0.000000E+00, 5.057647E+00, 2.954950E+02, 2.868990E+02, 2.862519E+02, 2.864310E+02, 2.862463E+02
2024-06-11 04:00:15,1, 0.000000E+00, 2.855122E+02, 2.861569E+02, 0.000000E+00, 4.996504E+00, 2.954028E+02, 2.868407E+02, 2.861916E+02, 2.863777E+02, 2.861925E+02
2024-06-11 04:15:15,1, 0.000000E+00, 2.854814E+02, 2.861217E+02, 0.000000E+00, 4.813711E+00, 2.953141E+02, 2.868083E+02, 2.861671E+02, 2.863398E+02, 2.861561E+02
2024-06-11 04:30:15,1, 0.000000E+00, 2.854507E+02, 2.860924E+02, 0.000000E+00, 4.775854E+00, 2.952293E+02, 2.867817E+02, 2.861484E+02, 2.863109E+02, 2.861292E+02
2024-06-11 04:45:15,1, 0.000000E+00, 2.854199E+02, 2.860635E+02, 0.000000E+00, 4.751028E+00, 2.951479E+02, 2.867559E+02, 2.861302E+02, 2.862827E+02, 2.861031E+02
2024-06-11 05:00:15,1, 0.000000E+00, 2.853891E+02, 2.860347E+02, 0.000000E+00, 4.723890E+00, 2.950695E+02, 2.867304E+02, 2.861121E+02, 2.862547E+02, 2.860772E+02
2024-06-11 05:15:15,1, 0.000000E+00, 2.853534E+02, 2.859983E+02, 0.000000E+00, 4.504356E+00, 2.949931E+02, 2.866869E+02, 2.860680E+02, 2.862180E+02, 2.860408E+02
2024-06-11 05:30:15,1, 0.000000E+00, 2.853177E+02, 2.859591E+02, 0.000000E+00, 4.416010E+00, 2.949190E+02, 2.866409E+02, 2.860213E+02, 2.861768E+02, 2.859995E+02
2024-06-11 05:45:15,1, 0.000000E+00, 2.852819E+02, 2.859197E+02, 0.000000E+00, 4.364023E+00, 2.948466E+02, 2.865950E+02, 2.859744E+02, 2.861354E+02, 2.859580E+02
2024-06-11 06:00:15,1, 0.000000E+00, 2.852441E+02, 2.858801E+02, 0.000000E+00, 4.354904E+00, 2.947757E+02, 2.865485E+02, 2.859265E+02, 2.860940E+02, 2.859165E+02
2024-06-11 06:15:15,1, 0.000000E+00, 2.850807E+02, 2.857322E+02, 0.000000E+00, 4.827024E+00, 2.946983E+02, 2.863519E+02, 2.856882E+02, 2.859518E+02, 2.857671E+02
2024-06-11 06:30:15,1, 0.000000E+00, 2.849173E+02, 2.855454E+02, 0.000000E+00, 4.670379E+00, 2.946107E+02, 2.861211E+02, 2.854184E+02, 2.857532E+02, 2.855567E+02
2024-06-11 06:45:15,1, 0.000000E+00, 2.847539E+02, 2.853559E+02, 0.000000E+00, 4.490849E+00, 2.945150E+02, 2.858876E+02, 2.851472E+02, 2.855505E+02, 2.853430E+02
2024-06-11 07:00:15,1, 0.000000E+00, 2.845930E+02, 2.851654E+02, 0.000000E+00, 4.261724E+00, 2.944130E+02, 2.856536E+02, 2.848772E+02, 2.853466E+02, 2.851287E+02
2024-06-11 07:15:15,1, 0.000000E+00, 2.845841E+02, 2.851130E+02, 0.000000E+00, 3.516123E+00, 2.943171E+02, 2.856300E+02, 2.848748E+02, 2.852754E+02, 2.850595E+02
2024-06-11 07:30:15,1, 0.000000E+00, 2.845752E+02, 2.851162E+02, 0.000000E+00, 3.594567E+00, 2.942320E+02, 2.856574E+02, 2.849271E+02, 2.852825E+02, 2.850735E+02
2024-06-11 07:45:15,1, 0.000000E+00, 2.845662E+02, 2.851230E+02, 0.000000E+00, 3.639638E+00, 2.941551E+02, 2.856890E+02, 2.849835E+02, 2.852961E+02, 2.850940E+02
2024-06-11 08:00:15,1, 0.000000E+00, 2.845574E+02, 2.851302E+02, 0.000000E+00, 3.645244E+00, 2.940852E+02, 2.857215E+02, 2.850407E+02, 2.853105E+02, 2.851153E+02
2024-06-11 08:15:15,1, 0.000000E+00, 2.845509E+02, 2.851311E+02, 0.000000E+00, 3.201261E+00, 2.940199E+02, 2.857279E+02, 2.850572E+02, 2.853148E+02, 2.851233E+02
2024-06-11 08:30:15,1, 0.000000E+00, 2.845445E+02, 2.851290E+02, 0.000000E+00, 3.060683E+00, 2.939576E+02, 2.857317E+02, 2.850710E+02, 2.853145E+02, 2.851259E+02
2024-06-11 08:45:15,1, 0.000000E+00, 2.845381E+02, 2.851267E+02, 0.000000E+00, 3.011657E+00, 2.938982E+02, 2.857357E+02, 2.850852E+02, 2.853140E+02, 2.851282E+02
2024-06-11 09:00:15,1, 0.000000E+00, 2.845320E+02, 2.851245E+02, 0.000000E+00, 2.969298E+00, 2.938415E+02, 2.857402E+02, 2.850996E+02, 2.853137E+02, 2.851308E+02
2024-06-11 09:15:15,1, 0.000000E+00, 2.845422E+02, 2.851302E+02, 0.000000E+00, 2.368229E+00, 2.937869E+02, 2.857409E+02, 2.851033E+02, 2.853168E+02, 2.851350E+02
2024-06-11 09:30:15,1, 0.000000E+00, 2.845524E+02, 2.851382E+02, 0.000000E+00, 2.195215E+00, 2.937341E+02, 2.857439E+02, 2.851091E+02, 2.853232E+02, 2.851422E+02
2024-06-11 09:45:15,1, 0.000000E+00, 2.845627E+02, 2.851463E+02, 0.000000E+00, 2.125238E+00, 2.936829E+02, 2.857471E+02, 2.851150E+02, 2.853298E+02, 2.851496E+02
2024-06-11 10:00:15,1, 1.381072E+01, 2.845741E+02, 2.851570E+02, 1.735518E+00, 2.224761E+00, 2.936342E+02, 2.857942E+02, 2.851842E+02, 2.853519E+02, 2.851769E+02
2024-06-11 10:15:15,1, 2.172720E+01, 2.846591E+02, 2.852737E+02, 2.607215E+00, 6.290202E+00, 2.936201E+02, 2.859699E+02, 2.853919E+02, 2.855462E+02, 2.854203E+02
2024-06-11 10:30:15,1, 2.975980E+01, 2.847440E+02, 2.853822E+02, 3.397285E+00, 9.162191E+00, 2.936158E+02, 2.861100E+02, 2.855634E+02, 2.856927E+02, 2.855853E+02
2024-06-11 10:45:15,1, 3.787411E+01, 2.848290E+02, 2.854926E+02, 4.096278E+00, 1.153336E+01, 2.936209E+02, 2.862523E+02, 2.857405E+02, 2.858381E+02, 2.857482E+02
2024-06-11 11:00:15,1, 6.107953E+01, 2.849142E+02, 2.856083E+02, 5.559431E+00, 1.367515E+01, 2.936360E+02, 2.864529E+02, 2.860288E+02, 2.860001E+02, 2.859315E+02
2024-06-11 11:15:15,1, 7.192383E+01, 2.850131E+02, 2.857843E+02, 6.077001E+00, 1.576278E+01, 2.936907E+02, 2.867133E+02, 2.863362E+02, 2.862745E+02, 2.862432E+02
2024-06-11 11:30:15,1, 8.273765E+01, 2.851121E+02, 2.859187E+02, 6.488113E+00, 1.714323E+01, 2.937538E+02, 2.869108E+02, 2.865716E+02, 2.864619E+02, 2.864469E+02
2024-06-11 11:45:15,1, 9.347468E+01, 2.852111E+02, 2.860513E+02, 6.833183E+00, 1.850392E+01, 2.938254E+02, 2.871085E+02, 2.868090E+02, 2.866462E+02, 2.866487E+02
2024-06-11 12:00:15,1, 9.974690E+01, 2.853107E+02, 2.861818E+02, 7.036500E+00, 1.984282E+01, 2.939046E+02, 2.872882E+02, 2.870131E+02, 2.868254E+02, 2.868450E+02
2024-06-11 12:15:15,1, 1.097572E+02, 2.854503E+02, 2.863300E+02, 7.291705E+00, 2.346597E+01, 2.939860E+02, 2.874918E+02, 2.872587E+02, 2.870036E+02, 2.870370E+02
2024-06-11 12:30:15,1, 1.195634E+02, 2.855898E+02, 2.865001E+02, 7.530693E+00, 2.545823E+01, 2.940859E+02, 2.877236E+02, 2.875330E+02, 2.872223E+02, 2.872760E+02
2024-06-11 12:45:15,1, 1.291236E+02, 2.857294E+02, 2.866696E+02, 7.745546E+00, 2.712372E+01, 2.941989E+02, 2.879548E+02, 2.878053E+02, 2.874410E+02, 2.875151E+02
2024-06-11 13:00:15,1, 1.603414E+02, 2.858685E+02, 2.868434E+02, 8.145078E+00, 2.885821E+01, 2.943230E+02, 2.882908E+02, 2.882539E+02, 2.876824E+02, 2.877830E+02
2024-06-11 13:15:15,1, 1.707065E+02, 2.859793E+02, 2.870509E+02, 8.392644E+00, 3.289366E+01, 2.944967E+02, 2.886034E+02, 2.885991E+02, 2.880183E+02, 2.881631E+02
2024-06-11 13:30:15,1, 1.806486E+02, 2.860900E+02, 2.871882E+02, 8.531006E+00, 3.423174E+01, 2.946689E+02, 2.887927E+02, 2.888109E+02, 2.882017E+02, 2.883594E+02
2024-06-11 13:45:15,1, 1.901253E+02, 2.862008E+02, 2.873228E+02, 8.641811E+00, 3.557714E+01, 2.948392E+02, 2.889768E+02, 2.890175E+02, 2.883782E+02, 2.885480E+02
2024-06-11 14:00:15,1, 2.365303E+02, 2.863126E+02, 2.874662E+02, 8.871840E+00, 3.699302E+01, 2.950099E+02, 2.893408E+02, 2.895203E+02, 2.885923E+02, 2.887832E+02
2024-06-11 14:15:15,1, 2.465407E+02, 2.864826E+02, 2.877498E+02, 9.095218E+00, 4.151737E+01, 2.952555E+02, 2.897677E+02, 2.899877E+02, 2.890446E+02, 2.892974E+02
2024-06-11 14:30:15,1, 2.558615E+02, 2.866525E+02, 2.879440E+02, 9.148719E+00, 4.293720E+01, 2.954905E+02, 2.900113E+02, 2.902549E+02, 2.892838E+02, 2.895483E+02
2024-06-11 14:45:15,1, 2.644526E+02, 2.868225E+02, 2.881346E+02, 9.207624E+00, 4.443505E+01, 2.957167E+02, 2.902448E+02, 2.905094E+02, 2.895136E+02, 2.897890E+02
2024-06-11 15:00:15,1, 2.514509E+02, 2.869914E+02, 2.883167E+02, 9.213913E+00, 4.572382E+01, 2.959339E+02, 2.903677E+02, 2.905876E+02, 2.897142E+02, 2.899940E+02
2024-06-11 15:15:15,1, 2.579384E+02, 2.870965E+02, 2.883966E+02, 9.205164E+00, 4.334729E+01, 2.961023E+02, 2.904511E+02, 2.906912E+02, 2.897683E+02, 2.900387E+02
2024-06-11 15:30:15,1, 2.636594E+02, 2.872016E+02, 2.885149E+02, 9.269161E+00, 4.422737E+01, 2.962702E+02, 2.906204E+02, 2.908876E+02, 2.899235E+02, 2.902127E+02
2024-06-11 15:45:15,1, 2.685894E+02, 2.873067E+02, 2.886307E+02, 9.324267E+00, 4.507761E+01, 2.964365E+02, 2.907831E+02, 2.910765E+02, 2.900750E+02, 2.903830E+02
2024-06-11 16:00:15,1, 3.338763E+02, 2.874130E+02, 2.887601E+02, 9.478189E+00, 4.611618E+01, 2.966044E+02, 2.912413E+02, 2.917484E+02, 2.902891E+02, 2.906321E+02
2024-06-11 16:15:15,1, 3.379020E+02, 2.875857E+02, 2.890713E+02, 9.701231E+00, 5.152125E+01, 2.968918E+02, 2.917299E+02, 2.922827E+02, 2.908394E+02, 2.912838E+02
2024-06-11 16:30:15,1, 3.408945E+02, 2.877584E+02, 2.892508E+02, 9.706935E+00, 5.228799E+01, 2.971490E+02, 2.919251E+02, 2.924894E+02, 2.910415E+02, 2.914952E+02
2024-06-11 16:45:15,1, 3.428412E+02, 2.879311E+02, 2.894256E+02, 9.729752E+00, 5.318391E+01, 2.973823E+02, 2.921052E+02, 2.926767E+02, 2.912306E+02, 2.916920E+02
2024-06-11 17:00:15,1, 4.280420E+02, 2.881047E+02, 2.896187E+02, 9.838982E+00, 5.459421E+01, 2.976026E+02, 2.926746E+02, 2.934851E+02, 2.915025E+02, 2.919881E+02
2024-06-11 17:15:15,1, 4.278357E+02, 2.883298E+02, 2.900035E+02, 1.004001E+01, 6.438671E+01, 2.979833E+02, 2.932335E+02, 2.940725E+02, 2.921791E+02, 2.927801E+02
2024-06-11 17:30:15,1, 4.263127E+02, 2.885550E+02, 2.902231E+02, 9.999177E+00, 6.529330E+01, 2.983069E+02, 2.934104E+02, 2.942209E+02, 2.923945E+02, 2.929782E+02
2024-06-11 17:45:15,1, 4.234795E+02, 2.887801E+02, 2.904370E+02, 9.984816E+00, 6.628914E+01, 2.985860E+02, 2.935671E+02, 2.943441E+02, 2.925938E+02, 2.931582E+02
2024-06-11 18:00:15,1, 2.384685E+02, 2.890000E+02, 2.905985E+02, 9.604315E+00, 6.609627E+01, 2.988162E+02, 2.928462E+02, 2.930454E+02, 2.925842E+02, 2.930842E+02
2024-06-11 18:15:15,1, 2.353911E+02, 2.889103E+02, 2.901632E+02, 9.227444E+00, 4.922270E+01, 2.986450E+02, 2.919038E+02, 2.919500E+02, 2.914823E+02, 2.916774E+02
2024-06-11 18:30:15,1, 2.315988E+02, 2.888206E+02, 2.900746E+02, 9.278710E+00, 4.933888E+01, 2.985319E+02, 2.917578E+02, 2.917802E+02, 2.913234E+02, 2.914956E+02
2024-06-11 18:45:15,1, 2.271078E+02, 2.887309E+02, 2.899860E+02, 9.271870E+00, 4.872599E+01, 2.984553E+02, 2.916178E+02, 2.916283E+02, 2.911788E+02, 2.913388E+02
2024-06-11 19:00:15,1, 2.501235E+02, 2.886424E+02, 2.899023E+02, 9.350747E+00, 4.805275E+01, 2.984013E+02, 2.916111E+02, 2.916910E+02, 2.910685E+02, 2.912245E+02
2024-06-11 19:15:15,1, 2.435557E+02, 2.886292E+02, 2.899359E+02, 9.392701E+00, 5.025277E+01, 2.984102E+02, 2.916696E+02, 2.917372E+02, 2.911578E+02, 2.913350E+02
2024-06-11 19:30:15,1, 2.362751E+02, 2.886159E+02, 2.899031E+02, 9.348930E+00, 4.939119E+01, 2.984028E+02, 2.916019E+02, 2.916468E+02, 2.911033E+02, 2.912719E+02
2024-06-11 19:45:15,1, 2.283131E+02, 2.886027E+02, 2.898667E+02, 9.307733E+00, 4.852852E+01, 2.983829E+02, 2.915252E+02, 2.915450E+02, 2.910410E+02, 2.912003E+02
2024-06-11 20:00:15,1, 1.896982E+02, 2.885888E+02, 2.898192E+02, 9.085436E+00, 4.744482E+01, 2.983507E+02, 2.913049E+02, 2.912069E+02, 2.909401E+02, 2.910816E+02
2024-06-11 20:15:15,1, 1.817375E+02, 2.885377E+02, 2.896676E+02, 8.963847E+00, 4.361937E+01, 2.982537E+02, 2.910610E+02, 2.909295E+02, 2.906732E+02, 2.907741E+02
2024-06-11 20:30:15,1, 1.732837E+02, 2.884866E+02, 2.895908E+02, 8.905263E+00, 4.262290E+01, 2.981644E+02, 2.909483E+02, 2.907913E+02, 2.905677E+02, 2.906602E+02
2024-06-11 20:45:15,1, 1.643731E+02, 2.884355E+02, 2.895140E+02, 8.821594E+00, 4.141800E+01, 2.980785E+02, 2.908333E+02, 2.906490E+02, 2.904616E+02, 2.905447E+02
2024-06-11 21:00:15,1, 1.827475E+02, 2.883847E+02, 2.894434E+02, 8.982435E+00, 4.026252E+01, 2.979951E+02, 2.908396E+02, 2.907148E+02, 2.903826E+02, 2.904629E+02
2024-06-11 21:15:15,1, 1.713047E+02, 2.883464E+02, 2.894482E+02, 8.929334E+00, 4.136972E+01, 2.979580E+02, 2.908406E+02, 2.906867E+02, 2.904372E+02, 2.905348E+02
2024-06-11 21:30:15,1, 1.594645E+02, 2.883082E+02, 2.893740E+02, 8.784702E+00, 3.960492E+01, 2.978941E+02, 2.907036E+02, 2.905080E+02, 2.903213E+02, 2.904035E+02
2024-06-11 21:45:15,1, 1.472776E+02, 2.882700E+02, 2.892962E+02, 8.624250E+00, 3.789484E+01, 2.978108E+02, 2.905593E+02, 2.903199E+02, 2.901972E+02, 2.902640E+02
2024-06-11 22:00:15,1, 1.422698E+02, 2.882317E+02, 2.892184E+02, 8.548250E+00, 3.610321E+01, 2.977134E+02, 2.904414E+02, 2.901834E+02, 2.900760E+02, 2.901298E+02
2024-06-11 22:15:15,1, 1.288419E+02, 2.881904E+02, 2.891565E+02, 8.338235E+00, 3.396434E+01, 2.976178E+02, 2.903262E+02, 2.900275E+02, 2.899898E+02, 2.900388E+02
2024-06-11 22:30:15,1, 1.152170E+02, 2.881491E+02, 2.890713E+02, 8.054189E+00, 3.165382E+01, 2.975067E+02, 2.901694E+02, 2.898263E+02, 2.898511E+02, 2.898878E+02
2024-06-11 22:45:15,1, 1.014535E+02, 2.881078E+02, 2.889849E+02, 7.682282E+00, 2.925254E+01, 2.973838E+02, 2.900099E+02, 2.896210E+02, 2.897066E+02, 2.897321E+02
2024-06-11 23:00:15,1, 7.868597E+01, 2.880656E+02, 2.888959E+02, 6.841570E+00, 2.652005E+01, 2.972509E+02, 2.898160E+02, 2.893468E+02, 2.895496E+02, 2.895603E+02
2024-06-11 23:15:15,1, 6.623462E+01, 2.879710E+02, 2.887497E+02, 6.189240E+00, 2.075339E+01, 2.970936E+02, 2.895912E+02, 2.890723E+02, 2.893140E+02, 2.892951E+02
2024-06-11 23:30:15,1, 5.381828E+01, 2.878764E+02, 2.886190E+02, 5.408960E+00, 1.724442E+01, 2.969327E+02, 2.894026E+02, 2.888469E+02, 2.891203E+02, 2.890821E+02
2024-06-11 23:45:15,1, 4.149010E+01, 2.877818E+02, 2.884901E+02, 4.468189E+00, 1.373778E+01, 2.967685E+02, 2.892170E+02, 2.886301E+02, 2.889262E+02, 2.888678E+02
2024-06-11 00:00:15,2, 1.010152E+01, 2.867649E+02, 2.875097E+02, 1.269891E+00, 1.538510E+01, 2.974800E+02, 2.882712E+02, 2.876527E+02, 2.878181E+02, 2.876788E+02
2024-06-11 00:15:15,2, 5.966830E+00, 2.866398E+02, 2.873644E+02, 7.685805E-01, 1.092259E+01, 2.972945E+02, 2.881163E+02, 2.875051E+02, 2.876285E+02, 2.874685E+02
2024-06-11 00:30:15,2, 1.916433E+00, 2.865147E+02, 2.872286E+02, 2.528945E-01, 9.108246E+00, 2.971157E+02, 2.879631E+02, 2.873606E+02, 2.874770E+02, 2.873081E+02
2024-06-11 00:45:15,2, 0.000000E+00, 2.863896E+02, 2.870895E+02, 0.000000E+00, 8.622470E+00, 2.969436E+02, 2.878118E+02, 2.872001E+02, 2.873287E+02, 2.871550E+02
2024-06-11 01:00:15,2, 0.000000E+00, 2.862651E+02, 2.869629E+02, 0.000000E+00, 8.478207E+00, 2.967829E+02, 2.876894E+02, 2.870756E+02, 2.872028E+02, 2.870283E+02
2024-06-11 01:15:15,2, 0.000000E+00, 2.861804E+02, 2.868648E+02, 0.000000E+00, 6.828920E+00, 2.966329E+02, 2.875890E+02, 2.869706E+02, 2.871005E+02, 2.869245E+02
2024-06-11 01:30:15,2, 0.000000E+00, 2.860957E+02, 2.867755E+02, 0.000000E+00, 6.536022E+00, 2.964919E+02, 2.874972E+02, 2.868738E+02, 2.870105E+02, 2.868330E+02
2024-06-11 01:45:15,2, 0.000000E+00, 2.860111E+02, 2.866867E+02, 0.000000E+00, 6.428854E+00, 2.963587E+02, 2.874071E+02, 2.867779E+02, 2.869216E+02, 2.867425E+02
2024-06-11 02:00:15,2, 0.000000E+00, 2.859268E+02, 2.865981E+02, 0.000000E+00, 6.336592E+00, 2.962323E+02, 2.873184E+02, 2.866826E+02, 2.868334E+02, 2.866523E+02
2024-06-11 02:15:15,2, 0.000000E+00, 2.858698E+02, 2.865330E+02, 0.000000E+00, 5.935452E+00, 2.961124E+02, 2.872568E+02, 2.866250E+02, 2.867655E+02, 2.865848E+02
2024-06-11 02:30:15,2, 0.000000E+00, 2.858128E+02, 2.864761E+02, 0.000000E+00, 5.855695E+00, 2.959986E+02, 2.872027E+02, 2.865750E+02, 2.867092E+02, 2.865294E+02
2024-06-11 02:45:15,2, 0.000000E+00, 2.857558E+02, 2.864198E+02, 0.000000E+00, 5.811635E+00, 2.958903E+02, 2.871497E+02, 2.865258E+02, 2.866538E+02, 2.864750E+02
2024-06-11 03:00:15,2, 0.000000E+00, 2.856989E+02, 2.863638E+02, 0.000000E+00, 5.758458E+00, 2.957867E+02, 2.870975E+02, 2.864770E+02, 2.865989E+02, 2.864210E+02
2024-06-11 03:15:15,2, 0.000000E+00, 2.856521E+02, 2.863113E+02, 0.000000E+00, 5.260823E+00, 2.956868E+02, 2.870388E+02, 2.864160E+02, 2.865444E+02, 2.863661E+02
2024-06-11 03:30:15,2, 0.000000E+00, 2.856054E+02, 2.862598E+02, 0.000000E+00, 5.126607E+00, 2.955895E+02, 2.869811E+02, 2.863556E+02, 2.864912E+02, 2.863121E+02
2024-06-11 03:45:15,2, 0.000000E+00, 2.855586E+02, 2.862083E+02, 0.000000E+00, 5.059205E+00, 2.954949E+02, 2.869231E+02, 2.862955E+02, 2.864379E+02, 2.862583E+02
2024-06-11 04:00:15,2, 0.000000E+00, 2.855122E+02, 2.861570E+02, 0.000000E+00, 4.998101E+00, 2.954028E+02, 2.868650E+02, 2.862356E+02, 2.863846E+02, 2.862046E+02
2024-06-11 04:15:15,2, 0.000000E+00, 2.854814E+02, 2.861218E+02, 0.000000E+00, 4.815351E+00, 2.953141E+02, 2.868323E+02, 2.862104E+02, 2.863467E+02, 2.861681E+02
2024-06-11 04:30:15,2, 0.000000E+00, 2.854507E+02, 2.860925E+02, 0.000000E+00, 4.777456E+00, 2.952292E+02, 2.868054E+02, 2.861909E+02, 2.863176E+02, 2.861411E+02
2024-06-11 04:45:15,2, 0.000000E+00, 2.854199E+02, 2.860636E+02, 0.000000E+00, 4.752577E+00, 2.951478E+02, 2.867792E+02, 2.861720E+02, 2.862894E+02, 2.861148E+02
2024-06-11 05:00:15,2, 0.000000E+00, 2.853891E+02, 2.860348E+02, 0.000000E+00, 4.725395E+00, 2.950695E+02, 2.867534E+02, 2.861532E+02, 2.862613E+02, 2.860887E+02
2024-06-11 05:15:15,2, 0.000000E+00, 2.853534E+02, 2.859984E+02, 0.000000E+00, 4.505844E+00, 2.949931E+02, 2.867099E+02, 2.861093E+02, 2.862246E+02, 2.860524E+02
2024-06-11 05:30:15,2, 0.000000E+00, 2.853177E+02, 2.859591E+02, 0.000000E+00, 4.417466E+00, 2.949190E+02, 2.866640E+02, 2.860628E+02, 2.861834E+02, 2.860111E+02
2024-06-11 05:45:15,2, 0.000000E+00, 2.852819E+02, 2.859197E+02, 0.000000E+00, 4.365477E+00, 2.948467E+02, 2.866182E+02, 2.860162E+02, 2.861421E+02, 2.859697E+02
2024-06-11 06:00:15,2, 0.000000E+00, 2.852441E+02, 2.858801E+02, 0.000000E+00, 4.356366E+00, 2.947757E+02, 2.865718E+02, 2.859686E+02, 2.861007E+02, 2.859281E+02
2024-06-11 06:15:15,2, 0.000000E+00, 2.850807E+02, 2.857322E+02, 0.000000E+00, 4.828056E+00, 2.946984E+02, 2.863771E+02, 2.857352E+02, 2.859591E+02, 2.857810E+02
2024-06-11 06:30:15,2, 0.000000E+00, 2.849173E+02, 2.855456E+02, 0.000000E+00, 4.671148E+00, 2.946108E+02, 2.861473E+02, 2.854661E+02, 2.857610E+02, 2.855713E+02
2024-06-11 06:45:15,2, 0.000000E+00, 2.847539E+02, 2.853561E+02, 0.000000E+00, 4.491076E+00, 2.945151E+02, 2.859151E+02, 2.851972E+02, 2.855586E+02, 2.853580E+02
2024-06-11 07:00:15,2, 0.000000E+00, 2.845930E+02, 2.851656E+02, 0.000000E+00, 4.261665E+00, 2.944130E+02, 2.856825E+02, 2.849295E+02, 2.853551E+02, 2.851442E+02
2024-06-11 07:15:15,2, 0.000000E+00, 2.845841E+02, 2.851131E+02, 0.000000E+00, 3.515836E+00, 2.943172E+02, 2.856582E+02, 2.849260E+02, 2.852836E+02, 2.850743E+02
2024-06-11 07:30:15,2, 0.000000E+00, 2.845752E+02, 2.851163E+02, 0.000000E+00, 3.594058E+00, 2.942320E+02, 2.856847E+02, 2.849768E+02, 2.852904E+02, 2.850877E+02
2024-06-11 07:45:15,2, 0.000000E+00, 2.845662E+02, 2.851231E+02, 0.000000E+00, 3.639155E+00, 2.941551E+02, 2.857154E+02, 2.850317E+02, 2.853037E+02, 2.851078E+02
2024-06-11 08:00:15,2, 0.000000E+00, 2.845574E+02, 2.851302E+02, 0.000000E+00, 3.644845E+00, 2.940852E+02, 2.857471E+02, 2.850877E+02, 2.853179E+02, 2.851288E+02
2024-06-11 08:15:15,2, 0.000000E+00, 2.845509E+02, 2.851311E+02, 0.000000E+00, 3.201119E+00, 2.940199E+02, 2.857532E+02, 2.851039E+02, 2.853221E+02, 2.851367E+02
2024-06-11 08:30:15,2, 0.000000E+00, 2.845445E+02, 2.851290E+02, 0.000000E+00, 3.060519E+00, 2.939576E+02, 2.857568E+02, 2.851176E+02, 2.853218E+02, 2.851394E+02
2024-06-11 08:45:15,2, 0.000000E+00, 2.845381E+02, 2.851267E+02, 0.000000E+00, 3.011225E+00, 2.938983E+02, 2.857608E+02, 2.851321E+02, 2.853213E+02, 2.851420E+02
2024-06-11 09:00:15,2, 0.000000E+00, 2.845320E+02, 2.851245E+02, 0.000000E+00, 2.969617E+00, 2.938416E+02, 2.857650E+02, 2.851463E+02, 2.853208E+02, 2.851439E+02
2024-06-11 09:15:15,2, 0.000000E+00, 2.845422E+02, 2.851302E+02, 0.000000E+00, 2.369114E+00, 2.937871E+02, 2.857657E+02, 2.851500E+02, 2.853239E+02, 2.851481E+02
2024-06-11 09:30:15,2, 0.000000E+00, 2.845524E+02, 2.851382E+02, 0.000000E+00, 2.196096E+00, 2.937342E+02, 2.857687E+02, 2.851558E+02, 2.853303E+02, 2.851554E+02
2024-06-11 09:45:15,2, 0.000000E+00, 2.845627E+02, 2.851462E+02, 0.000000E+00, 2.126015E+00, 2.936830E+02, 2.857719E+02, 2.851617E+02, 2.853369E+02, 2.851628E+02
2024-06-11 10:00:15,2, 1.381072E+01, 2.845741E+02, 2.851570E+02, 1.736879E+00, 2.225264E+00, 2.936344E+02, 2.858184E+02, 2.852294E+02, 2.853587E+02, 2.851895E+02
2024-06-11 10:15:15,2, 2.172720E+01, 2.846591E+02, 2.852737E+02, 2.610347E+00, 6.298012E+00, 2.936202E+02, 2.859907E+02, 2.854279E+02, 2.855505E+02, 2.854271E+02
2024-06-11 10:30:15,2, 2.975980E+01, 2.847440E+02, 2.853822E+02, 3.402888E+00, 9.174545E+00, 2.936159E+02, 2.861288E+02, 2.855944E+02, 2.856962E+02, 2.855904E+02
2024-06-11 10:45:15,2, 3.787411E+01, 2.848290E+02, 2.854927E+02, 4.104644E+00, 1.154950E+01, 2.936211E+02, 2.862690E+02, 2.857667E+02, 2.858410E+02, 2.857520E+02
2024-06-11 11:00:15,2, 6.107953E+01, 2.849142E+02, 2.856083E+02, 5.571531E+00, 1.369460E+01, 2.936361E+02, 2.864652E+02, 2.860447E+02, 2.860019E+02, 2.859333E+02
2024-06-11 11:15:15,2, 7.192383E+01, 2.850131E+02, 2.857844E+02, 6.087180E+00, 1.578306E+01, 2.936908E+02, 2.867229E+02, 2.863464E+02, 2.862751E+02, 2.862424E+02
2024-06-11 11:30:15,2, 8.273765E+01, 2.851121E+02, 2.859189E+02, 6.495688E+00, 1.715993E+01, 2.937539E+02, 2.869187E+02, 2.865779E+02, 2.864619E+02, 2.864448E+02
2024-06-11 11:45:15,2, 9.347468E+01, 2.852111E+02, 2.860515E+02, 6.838535E+00, 1.851713E+01, 2.938254E+02, 2.871144E+02, 2.868117E+02, 2.866456E+02, 2.866453E+02
2024-06-11 12:00:15,2, 9.974690E+01, 2.853107E+02, 2.861820E+02, 7.041069E+00, 1.985380E+01, 2.939045E+02, 2.872931E+02, 2.870138E+02, 2.868242E+02, 2.868403E+02
2024-06-11 12:15:15,2, 1.097572E+02, 2.854503E+02, 2.863303E+02, 7.295236E+00, 2.347615E+01, 2.939860E+02, 2.874948E+02, 2.872557E+02, 2.870018E+02, 2.870312E+02
2024-06-11 12:30:15,2, 1.195634E+02, 2.855898E+02, 2.865004E+02, 7.533812E+00, 2.546867E+01, 2.940858E+02, 2.877247E+02, 2.875262E+02, 2.872198E+02, 2.872687E+02
2024-06-11 12:45:15,2, 1.291236E+02, 2.857294E+02, 2.866699E+02, 7.748580E+00, 2.713492E+01, 2.941987E+02, 2.879541E+02, 2.877948E+02, 2.874378E+02, 2.875063E+02
2024-06-11 13:00:15,2, 1.603414E+02, 2.858685E+02, 2.868438E+02, 8.148652E+00, 2.887063E+01, 2.943228E+02, 2.882854E+02, 2.882338E+02, 2.876780E+02, 2.877718E+02
2024-06-11 13:15:15,2, 1.707065E+02, 2.859793E+02, 2.870513E+02, 8.396608E+00, 3.290999E+01, 2.944964E+02, 2.885961E+02, 2.885754E+02, 2.880124E+02, 2.881486E+02
2024-06-11 13:30:15,2, 1.806486E+02, 2.860900E+02, 2.871886E+02, 8.535241E+00, 3.424954E+01, 2.946686E+02, 2.887843E+02, 2.887849E+02, 2.881953E+02, 2.883438E+02
2024-06-11 13:45:15,2, 1.901253E+02, 2.862008E+02, 2.873232E+02, 8.650020E+00, 3.560528E+01, 2.948388E+02, 2.889671E+02, 2.889885E+02, 2.883713E+02, 2.885314E+02
2024-06-11 14:00:15,2, 2.365303E+02, 2.863126E+02, 2.874666E+02, 8.876624E+00, 3.701705E+01, 2.950095E+02, 2.893256E+02, 2.894793E+02, 2.885842E+02, 2.887641E+02
2024-06-11 14:15:15,2, 2.465407E+02, 2.864826E+02, 2.877503E+02, 9.100193E+00, 4.154131E+01, 2.952549E+02, 2.897501E+02, 2.899425E+02, 2.890343E+02, 2.892734E+02
2024-06-11 14:30:15,2, 2.558615E+02, 2.866525E+02, 2.879446E+02, 9.153767E+00, 4.296315E+01, 2.954899E+02, 2.899925E+02, 2.902072E+02, 2.892730E+02, 2.895234E+02
2024-06-11 14:45:15,2, 2.644526E+02, 2.868225E+02, 2.881352E+02, 9.212727E+00, 4.446215E+01, 2.957160E+02, 2.902250E+02, 2.904595E+02, 2.895024E+02, 2.897631E+02
2024-06-11 15:00:15,2, 2.514509E+02, 2.869914E+02, 2.883172E+02, 9.218845E+00, 4.575190E+01, 2.959331E+02, 2.903495E+02, 2.905411E+02, 2.897030E+02, 2.899682E+02
2024-06-11 15:15:15,2, 2.579384E+02, 2.870965E+02, 2.883972E+02, 9.210112E+00, 4.337459E+01, 2.961015E+02, 2.904323E+02, 2.906433E+02, 2.897576E+02, 2.900139E+02
2024-06-11 15:30:15,2, 2.636594E+02, 2.872016E+02, 2.885154E+02, 9.274172E+00, 4.425535E+01, 2.962693E+02, 2.906007E+02, 2.908377E+02, 2.899122E+02, 2.901867E+02
2024-06-11 15:45:15,2, 2.685894E+02, 2.873067E+02, 2.886312E+02, 9.329329E+00, 4.510627E+01, 2.964355E+02, 2.907625E+02, 2.910246E+02, 2.900632E+02, 2.903561E+02
2024-06-11 16:00:15,2, 3.338763E+02, 2.874130E+02, 2.887607E+02, 9.483169E+00, 4.614732E+01, 2.966034E+02, 2.912115E+02, 2.916787E+02, 2.902752E+02, 2.906015E+02
2024-06-11 16:15:15,2, 3.379020E+02, 2.875857E+02, 2.890721E+02, 9.704999E+00, 5.155163E+01, 2.968905E+02, 2.916947E+02, 2.922086E+02, 2.908189E+02, 2.912465E+02
2024-06-11 16:30:15,2, 3.408945E+02, 2.877584E+02, 2.892515E+02, 9.710926E+00, 5.231946E+01, 2.971475E+02, 2.918896E+02, 2.924145E+02, 2.910208E+02, 2.914575E+02
2024-06-11 16:45:15,2, 3.428412E+02, 2.879311E+02, 2.894263E+02, 9.733939E+00, 5.321664E+01, 2.973807E+02, 2.920695E+02, 2.926011E+02, 2.912097E+02, 2.916541E+02
2024-06-11 17:00:15,2, 4.280420E+02, 2.881047E+02, 2.896194E+02, 9.843560E+00, 5.462799E+01, 2.976009E+02, 2.926296E+02, 2.933888E+02, 2.914801E+02, 2.919465E+02
2024-06-11 17:15:15,2, 4.278357E+02, 2.883298E+02, 2.900041E+02, 1.004508E+01, 6.442524E+01, 2.979815E+02, 2.931868E+02, 2.939731E+02, 2.921526E+02, 2.927302E+02
2024-06-11 17:30:15,2, 4.263127E+02, 2.885550E+02, 2.902238E+02, 1.000382E+01, 6.533092E+01, 2.983049E+02, 2.933644E+02, 2.941229E+02, 2.923685E+02, 2.929294E+02
2024-06-11 17:45:15,2, 4.234795E+02, 2.887801E+02, 2.904377E+02, 9.989098E+00, 6.632544E+01, 2.985838E+02, 2.935219E+02, 2.942481E+02, 2.925682E+02, 2.931105E+02
2024-06-11 18:00:15,2, 2.384685E+02, 2.890000E+02, 2.905992E+02, 9.607175E+00, 6.613134E+01, 2.988139E+02, 2.928233E+02, 2.929972E+02, 2.925625E+02, 2.930453E+02
2024-06-11 18:15:15,2, 2.353911E+02, 2.889103E+02, 2.901637E+02, 9.231528E+00, 4.924912E+01, 2.986428E+02, 2.918909E+02, 2.919137E+02, 2.914745E+02, 2.916588E+02
2024-06-11 18:30:15,2, 2.315988E+02, 2.888206E+02, 2.900751E+02, 9.282849E+00, 4.936504E+01, 2.985299E+02, 2.917458E+02, 2.917458E+02, 2.913162E+02, 2.914780E+02
2024-06-11 18:45:15,2, 2.271078E+02, 2.887309E+02, 2.899864E+02, 9.275994E+00, 4.875181E+01, 2.984533E+02, 2.916066E+02, 2.915956E+02, 2.911721E+02, 2.913221E+02
2024-06-11 19:00:15,2, 2.501235E+02, 2.886424E+02, 2.899028E+02, 9.355313E+00, 4.807816E+01, 2.983994E+02, 2.915975E+02, 2.916532E+02, 2.910617E+02, 2.912077E+02
2024-06-11 19:15:15,2, 2.435557E+02, 2.886292E+02, 2.899363E+02, 9.397201E+00, 5.028050E+01, 2.984084E+02, 2.916562E+02, 2.917001E+02, 2.911502E+02, 2.913166E+02
2024-06-11 19:30:15,2, 2.362751E+02, 2.886159E+02, 2.899035E+02, 9.353294E+00, 4.941795E+01, 2.984010E+02, 2.915895E+02, 2.916117E+02, 2.910961E+02, 2.912542E+02
2024-06-11 19:45:15,2, 2.283131E+02, 2.886027E+02, 2.898672E+02, 9.311948E+00, 4.855423E+01, 2.983811E+02, 2.915138E+02, 2.915120E+02, 2.910342E+02, 2.911835E+02
2024-06-11 20:00:15,2, 1.896982E+02, 2.885888E+02, 2.898197E+02, 9.088731E+00, 4.746910E+01, 2.983490E+02, 2.912982E+02, 2.911836E+02, 2.909343E+02, 2.910670E+02
2024-06-11 20:15:15,2, 1.817375E+02, 2.885377E+02, 2.896680E+02, 8.966881E+00, 4.363834E+01, 2.982520E+02, 2.910561E+02, 2.909093E+02, 2.906689E+02, 2.907626E+02
2024-06-11 20:30:15,2, 1.732837E+02, 2.884866E+02, 2.895912E+02, 8.908093E+00, 4.264050E+01, 2.981628E+02, 2.909445E+02, 2.907733E+02, 2.905637E+02, 2.906495E+02
2024-06-11 20:45:15,2, 1.643731E+02, 2.884355E+02, 2.895143E+02, 8.824219E+00, 4.143424E+01, 2.980770E+02, 2.908307E+02, 2.906333E+02, 2.904581E+02, 2.905349E+02
2024-06-11 21:00:15,2, 1.827475E+02, 2.883847E+02, 2.894437E+02, 8.985526E+00, 4.027760E+01, 2.979935E+02, 2.908347E+02, 2.906942E+02, 2.903789E+02, 2.904528E+02
2024-06-11 21:15:15,2, 1.713047E+02, 2.883464E+02, 2.894486E+02, 8.932191E+00, 4.138695E+01, 2.979565E+02, 2.908367E+02, 2.906683E+02, 2.904331E+02, 2.905236E+02
2024-06-11 21:30:15,2, 1.594645E+02, 2.883082E+02, 2.893744E+02, 8.787268E+00, 3.962027E+01, 2.978926E+02, 2.907016E+02, 2.904932E+02, 2.903178E+02, 2.903938E+02
2024-06-11 21:45:15,2, 1.472776E+02, 2.882700E+02, 2.892965E+02, 8.626719E+00, 3.790844E+01, 2.978093E+02, 2.905593E+02, 2.903089E+02, 2.901943E+02, 2.902556E+02
2024-06-11 22:00:15,2, 1.422698E+02, 2.882317E+02, 2.892187E+02, 8.550675E+00, 3.611559E+01, 2.977120E+02, 2.904424E+02, 2.901743E+02, 2.900736E+02, 2.901225E+02
2024-06-11 22:15:15,2, 1.288419E+02, 2.881904E+02, 2.891568E+02, 8.341495E+00, 3.397659E+01, 2.976164E+02, 2.903292E+02, 2.900222E+02, 2.899878E+02, 2.900323E+02
2024-06-11 22:30:15,2, 1.152170E+02, 2.881491E+02, 2.890716E+02, 8.056827E+00, 3.166499E+01, 2.975054E+02, 2.901749E+02, 2.898255E+02, 2.898497E+02, 2.898828E+02
2024-06-11 22:45:15,2, 1.014535E+02, 2.881078E+02, 2.889851E+02, 7.692622E+00, 2.926952E+01, 2.973826E+02, 2.900179E+02, 2.896251E+02, 2.897058E+02, 2.897285E+02
2024-06-11 23:00:15,2, 7.868597E+01, 2.880656E+02, 2.888960E+02, 6.855854E+00, 2.654694E+01, 2.972497E+02, 2.898284E+02, 2.893607E+02, 2.895496E+02, 2.895584E+02
2024-06-11 23:15:15,2, 6.623462E+01, 2.879710E+02, 2.887497E+02, 6.203970E+00, 2.078283E+01, 2.970924E+02, 2.896065E+02, 2.890931E+02, 2.893151E+02, 2.892954E+02
2024-06-11 23:30:15,2, 5.381828E+01, 2.878764E+02, 2.886191E+02, 5.421488E+00, 1.727671E+01, 2.969316E+02, 2.894192E+02, 2.888739E+02, 2.891210E+02, 2.890838E+02
2024-06-11 23:45:15,2, 4.149010E+01, 2.877818E+02, 2.884901E+02, 4.476768E+00, 1.376489E+01, 2.967674E+02, 2.892360E+02, 2.886634E+02, 2.889278E+02, 2.888707E+02
2024-06-12 00:00:15,1, 2.325061E+01, 2.876871E+02, 2.883621E+02, 2.745980E+00, 1.011717E+01, 2.966006E+02, 2.890222E+02, 2.883954E+02, 2.887262E+02, 2.886429E+02
2024-06-12 00:15:15,1, 1.385441E+01, 2.875818E+02, 2.882127E+02, 1.711646E+00, 9.238438E+00, 2.964183E+02, 2.888052E+02, 2.881469E+02, 2.884893E+02, 2.883576E+02
2024-06-12 00:30:15,1, 4.649163E+00, 2.874766E+02, 2.880746E+02, 6.035248E-01, 6.518054E+00, 2.962351E+02, 2.886111E+02, 2.879403E+02, 2.882890E+02, 2.881200E+02
2024-06-12 00:45:15,1, 0.000000E+00, 2.873713E+02, 2.879312E+02, 0.000000E+00, 4.617683E+00, 2.960526E+02, 2.884019E+02, 2.877143E+02, 2.881053E+02, 2.879128E+02
2024-06-12 01:00:15,1, 0.000000E+00, 2.872663E+02, 2.878093E+02, 0.000000E+00, 4.156591E+00, 2.958827E+02, 2.882554E+02, 2.875592E+02, 2.879729E+02, 2.877770E+02
2024-06-12 01:15:15,1, 0.000000E+00, 2.871735E+02, 2.877106E+02, 0.000000E+00, 3.822274E+00, 2.957275E+02, 2.881605E+02, 2.874740E+02, 2.878695E+02, 2.876751E+02
2024-06-12 01:30:15,1, 0.000000E+00, 2.870807E+02, 2.876206E+02, 0.000000E+00, 3.719541E+00, 2.955861E+02, 2.880757E+02, 2.873983E+02, 2.877799E+02, 2.875881E+02
2024-06-12 01:45:15,1, 0.000000E+00, 2.869879E+02, 2.875315E+02, 0.000000E+00, 3.635595E+00, 2.954555E+02, 2.879930E+02, 2.873242E+02, 2.876919E+02, 2.875027E+02
2024-06-12 02:00:15,1, 0.000000E+00, 2.868952E+02, 2.874429E+02, 0.000000E+00, 3.557206E+00, 2.953337E+02, 2.879114E+02, 2.872506E+02, 2.876047E+02, 2.874179E+02
2024-06-12 02:15:15,1, 0.000000E+00, 2.868093E+02, 2.873510E+02, 0.000000E+00, 3.485877E+00, 2.952176E+02, 2.878048E+02, 2.871368E+02, 2.875095E+02, 2.873216E+02
2024-06-12 02:30:15,1, 0.000000E+00, 2.867234E+02, 2.872576E+02, 0.000000E+00, 3.381966E+00, 2.951053E+02, 2.876969E+02, 2.870213E+02, 2.874115E+02, 2.872215E+02
2024-06-12 02:45:15,1, 0.000000E+00, 2.866375E+02, 2.871643E+02, 0.000000E+00, 3.278235E+00, 2.949965E+02, 2.875893E+02, 2.869058E+02, 2.873135E+02, 2.871214E+02
2024-06-12 03:00:15,1, 0.000000E+00, 2.865520E+02, 2.870712E+02, 0.000000E+00, 3.150577E+00, 2.948907E+02, 2.874824E+02, 2.867909E+02, 2.872158E+02, 2.870215E+02
2024-06-12 03:15:15,1, 0.000000E+00, 2.864904E+02, 2.870078E+02, 0.000000E+00, 2.422593E+00, 2.947911E+02, 2.874343E+02, 2.867562E+02, 2.871499E+02, 2.869579E+02
2024-06-12 03:30:15,1, 0.000000E+00, 2.864287E+02, 2.869554E+02, 0.000000E+00, 2.187730E+00, 2.946992E+02, 2.873978E+02, 2.867335E+02, 2.871011E+02, 2.869130E+02
2024-06-12 03:45:15,1, 0.000000E+00, 2.863670E+02, 2.869034E+02, 0.000000E+00, 2.058319E+00, 2.946135E+02, 2.873625E+02, 2.867120E+02, 2.870534E+02, 2.868694E+02
2024-06-12 04:00:15,1, 0.000000E+00, 2.863054E+02, 2.868513E+02, 0.000000E+00, 1.975223E+00, 2.945333E+02, 2.873277E+02, 2.866911E+02, 2.870058E+02, 2.868260E+02
2024-06-12 04:15:15,1, 0.000000E+00, 2.862475E+02, 2.867958E+02, 0.000000E+00, 2.091929E+00, 2.944566E+02, 2.872741E+02, 2.866401E+02, 2.869517E+02, 2.867736E+02
2024-06-12 04:30:15,1, 0.000000E+00, 2.861896E+02, 2.867390E+02, 0.000000E+00, 2.085274E+00, 2.943821E+02, 2.872193E+02, 2.865877E+02, 2.868952E+02, 2.867179E+02
2024-06-12 04:45:15,1, 0.000000E+00, 2.861317E+02, 2.866823E+02, 0.000000E+00, 2.041943E+00, 2.943098E+02, 2.871647E+02, 2.865354E+02, 2.868387E+02, 2.866622E+02
2024-06-12 05:00:15,1, 0.000000E+00, 2.860743E+02, 2.866257E+02, 0.000000E+00, 1.997999E+00, 2.942396E+02, 2.871108E+02, 2.864849E+02, 2.867823E+02, 2.866067E+02
2024-06-12 05:15:15,1, 0.000000E+00, 2.860485E+02, 2.865939E+02, 0.000000E+00, 2.372652E+00, 2.941725E+02, 2.870867E+02, 2.864714E+02, 2.867472E+02, 2.865733E+02
2024-06-12 05:30:15,1, 0.000000E+00, 2.860227E+02, 2.865711E+02, 0.000000E+00, 2.551196E+00, 2.941100E+02, 2.870713E+02, 2.864663E+02, 2.867258E+02, 2.865547E+02
2024-06-12 05:45:15,1, 0.000000E+00, 2.859968E+02, 2.865491E+02, 0.000000E+00, 2.612540E+00, 2.940509E+02, 2.870569E+02, 2.864622E+02, 2.867058E+02, 2.865376E+02
2024-06-12 06:00:15,1, 0.000000E+00, 2.859699E+02, 2.865271E+02, 0.000000E+00, 2.698609E+00, 2.939945E+02, 2.870423E+02, 2.864573E+02, 2.866860E+02, 2.865207E+02
2024-06-12 06:15:15,1, 0.000000E+00, 2.858757E+02, 2.864288E+02, 0.000000E+00, 4.768738E+00, 2.939323E+02, 2.868856E+02, 2.862547E+02, 2.865876E+02, 2.864142E+02
2024-06-12 06:30:15,1, 0.000000E+00, 2.857816E+02, 2.863034E+02, 0.000000E+00, 5.094559E+00, 2.938627E+02, 2.867028E+02, 2.860314E+02, 2.864464E+02, 2.862606E+02
2024-06-12 06:45:15,1, 0.000000E+00, 2.856874E+02, 2.861749E+02, 0.000000E+00, 4.993910E+00, 2.937871E+02, 2.865174E+02, 2.858078E+02, 2.863015E+02, 2.861042E+02
2024-06-12 07:00:15,1, 0.000000E+00, 2.855940E+02, 2.860456E+02, 0.000000E+00, 4.559265E+00, 2.937066E+02, 2.863309E+02, 2.855833E+02, 2.861554E+02, 2.859469E+02
2024-06-12 07:15:15,1, 0.000000E+00, 2.855446E+02, 2.859877E+02, 0.000000E+00, 3.308196E+00, 2.936339E+02, 2.862971E+02, 2.855588E+02, 2.860885E+02, 2.858787E+02
2024-06-12 07:30:15,1, 0.000000E+00, 2.854953E+02, 2.859511E+02, 0.000000E+00, 3.672232E+00, 2.935625E+02, 2.862937E+02, 2.855890E+02, 2.860606E+02, 2.858599E+02
2024-06-12 07:45:15,1, 0.000000E+00, 2.854459E+02, 2.859162E+02, 0.000000E+00, 3.548389E+00, 2.934922E+02, 2.862876E+02, 2.856062E+02, 2.860332E+02, 2.858394E+02
2024-06-12 08:00:15,1, 0.000000E+00, 2.853974E+02, 2.858828E+02, 0.000000E+00, 3.397296E+00, 2.934257E+02, 2.862824E+02, 2.856238E+02, 2.860077E+02, 2.858203E+02
2024-06-12 08:15:15,1, 0.000000E+00, 2.854015E+02, 2.858853E+02, 0.000000E+00, 2.710295E+00, 2.933647E+02, 2.863029E+02, 2.856629E+02, 2.860088E+02, 2.858261E+02
2024-06-12 08:30:15,1, 0.000000E+00, 2.854055E+02, 2.859001E+02, 0.000000E+00, 2.561930E+00, 2.933089E+02, 2.863355E+02, 2.857152E+02, 2.860281E+02, 2.858509E+02
2024-06-12 08:45:15,1, 0.000000E+00, 2.854096E+02, 2.859156E+02, 0.000000E+00, 2.504215E+00, 2.932577E+02, 2.863692E+02, 2.857686E+02, 2.860488E+02, 2.858771E+02
2024-06-12 09:00:15,1, 0.000000E+00, 2.854140E+02, 2.859312E+02, 0.000000E+00, 2.477568E+00, 2.932106E+02, 2.864034E+02, 2.858220E+02, 2.860698E+02, 2.859036E+02
2024-06-12 09:15:15,1, 0.000000E+00, 2.854365E+02, 2.859491E+02, 0.000000E+00, 2.191539E+00, 2.931655E+02, 2.864117E+02, 2.858317E+02, 2.860857E+02, 2.859206E+02
2024-06-12 09:30:15,1, 0.000000E+00, 2.854591E+02, 2.859670E+02, 0.000000E+00, 2.086307E+00, 2.931208E+02, 2.864197E+02, 2.858410E+02, 2.861010E+02, 2.859363E+02
2024-06-12 09:45:15,1, 0.000000E+00, 2.854816E+02, 2.859849E+02, 0.000000E+00, 2.042485E+00, 2.930770E+02, 2.864278E+02, 2.858503E+02, 2.861161E+02, 2.859518E+02
2024-06-12 10:00:15,1, 2.906435E+01, 2.855064E+02, 2.860092E+02, 3.365301E+00, 2.109985E+00, 2.930360E+02, 2.865474E+02, 2.860494E+02, 2.861637E+02, 2.860100E+02
2024-06-12 10:15:15,1, 4.567797E+01, 2.856619E+02, 2.862412E+02, 4.743832E+00, 5.429525E+00, 2.930630E+02, 2.868813E+02, 2.864439E+02, 2.865479E+02, 2.864871E+02
2024-06-12 10:30:15,1, 6.253631E+01, 2.858175E+02, 2.864282E+02, 5.767743E+00, 8.069253E+00, 2.931052E+02, 2.871094E+02, 2.867131E+02, 2.868029E+02, 2.867706E+02
2024-06-12 10:45:15,1, 7.956717E+01, 2.859730E+02, 2.866156E+02, 6.521526E+00, 1.038377E+01, 2.931626E+02, 2.873447E+02, 2.869935E+02, 2.870568E+02, 2.870526E+02
2024-06-12 11:00:15,1, 1.241596E+02, 2.861317E+02, 2.868118E+02, 7.578150E+00, 1.242463E+01, 2.932361E+02, 2.877247E+02, 2.875394E+02, 2.873440E+02, 2.873818E+02
2024-06-12 11:15:15,1, 1.461887E+02, 2.864784E+02, 2.872643E+02, 8.135569E+00, 1.764031E+01, 2.933818E+02, 2.883489E+02, 2.882576E+02, 2.879664E+02, 2.880909E+02
2024-06-12 11:30:15,1, 1.681573E+02, 2.868251E+02, 2.876690E+02, 8.527600E+00, 2.089585E+01, 2.935509E+02, 2.888494E+02, 2.888165E+02, 2.884674E+02, 2.886196E+02
2024-06-12 11:45:15,1, 1.899711E+02, 2.871718E+02, 2.880701E+02, 8.875166E+00, 2.412751E+01, 2.937415E+02, 2.893425E+02, 2.893657E+02, 2.889590E+02, 2.891384E+02
2024-06-12 12:00:15,1, 2.132722E+02, 2.875173E+02, 2.884691E+02, 9.199857E+00, 2.752293E+01, 2.939523E+02, 2.898388E+02, 2.899197E+02, 2.894477E+02, 2.896532E+02
2024-06-12 12:15:15,1, 2.346716E+02, 2.877924E+02, 2.888203E+02, 9.490337E+00, 3.382745E+01, 2.941854E+02, 2.903061E+02, 2.904428E+02, 2.899052E+02, 2.901385E+02
2024-06-12 12:30:15,1, 2.556360E+02, 2.880676E+02, 2.891537E+02, 9.699135E+00, 3.736826E+01, 2.944353E+02, 2.907496E+02, 2.909429E+02, 2.903290E+02, 2.905852E+02
2024-06-12 12:45:15,1, 2.760759E+02, 2.883428E+02, 2.894848E+02, 9.847097E+00, 4.060308E+01, 2.947001E+02, 2.911878E+02, 2.914354E+02, 2.907470E+02, 2.910240E+02
2024-06-12 13:00:15,1, 3.926031E+02, 2.886193E+02, 2.898371E+02, 1.008652E+01, 4.436136E+01, 2.949858E+02, 2.920411E+02, 2.925401E+02, 2.912621E+02, 2.915698E+02
2024-06-12 13:15:15,1, 4.179854E+02, 2.889704E+02, 2.904409E+02, 1.033129E+01, 6.080514E+01, 2.955030E+02, 2.928415E+02, 2.933093E+02, 2.922031E+02, 2.925553E+02
2024-06-12 13:30:15,1, 4.423341E+02, 2.893216E+02, 2.908386E+02, 1.029105E+01, 6.425802E+01, 2.959896E+02, 2.932219E+02, 2.936889E+02, 2.926169E+02, 2.929558E+02
2024-06-12 13:45:15,1, 4.655449E+02, 2.896728E+02, 2.912270E+02, 1.027909E+01, 6.773571E+01, 2.964556E+02, 2.935998E+02, 2.940679E+02, 2.930241E+02, 2.933557E+02
2024-06-12 14:00:15,1, 3.881592E+02, 2.900204E+02, 2.915851E+02, 1.019466E+01, 7.051061E+01, 2.968981E+02, 2.935951E+02, 2.939200E+02, 2.933297E+02, 2.936515E+02
2024-06-12 14:15:15,1, 4.045944E+02, 2.901584E+02, 2.916109E+02, 1.009570E+01, 6.229111E+01, 2.970934E+02, 2.936051E+02, 2.940134E+02, 2.931974E+02, 2.935050E+02
2024-06-12 14:30:15,1, 4.198993E+02, 2.902964E+02, 2.918091E+02, 1.017540E+01, 6.501867E+01, 2.973488E+02, 2.939553E+02, 2.944298E+02, 2.934846E+02, 2.938193E+02
2024-06-12 14:45:15,1, 4.340082E+02, 2.904344E+02, 2.920054E+02, 1.022039E+01, 6.750716E+01, 2.976440E+02, 2.943043E+02, 2.948434E+02, 2.937723E+02, 2.941322E+02
2024-06-12 15:00:15,1, 4.001202E+02, 2.905724E+02, 2.921854E+02, 1.020611E+01, 6.966627E+01, 2.979604E+02, 2.944556E+02, 2.949639E+02, 2.940077E+02, 2.943864E+02
2024-06-12 15:15:15,1, 4.104542E+02, 2.907106E+02, 2.922625E+02, 1.016711E+01, 6.922581E+01, 2.981805E+02, 2.945329E+02, 2.950790E+02, 2.940125E+02, 2.943781E+02
2024-06-12 15:30:15,1, 4.195697E+02, 2.908487E+02, 2.924319E+02, 1.020020E+01, 7.129717E+01, 2.984264E+02, 2.947802E+02, 2.953616E+02, 2.942326E+02, 2.946127E+02
2024-06-12 15:45:15,1, 4.274278E+02, 2.909868E+02, 2.925992E+02, 1.021321E+01, 7.305520E+01, 2.986871E+02, 2.950202E+02, 2.956339E+02, 2.944484E+02, 2.948409E+02
2024-06-12 16:00:15,1, 4.789435E+02, 2.911257E+02, 2.927746E+02, 1.025171E+01, 7.492605E+01, 2.989586E+02, 2.954366E+02, 2.961691E+02, 2.947029E+02, 2.951118E+02
2024-06-12 16:15:15,1, 4.847347E+02, 2.913109E+02, 2.930596E+02, 1.026887E+01, 7.997166E+01, 2.993278E+02, 2.958167E+02, 2.965553E+02, 2.951329E+02, 2.955704E+02
2024-06-12 16:30:15,1, 4.890451E+02, 2.914961E+02, 2.932550E+02, 1.023068E+01, 8.119571E+01, 2.996557E+02, 2.960121E+02, 2.967513E+02, 2.953406E+02, 2.957759E+02
2024-06-12 16:45:15,1, 4.918563E+02, 2.916813E+02, 2.934450E+02, 1.020634E+01, 8.247439E+01, 2.999519E+02, 2.961896E+02, 2.969256E+02, 2.955353E+02, 2.959676E+02
2024-06-12 17:00:15,1, 5.347447E+02, 2.918659E+02, 2.936401E+02, 1.020965E+01, 8.380845E+01, 3.002263E+02, 2.965149E+02, 2.973141E+02, 2.957610E+02, 2.961921E+02
2024-06-12 17:15:15,1, 5.345097E+02, 2.920177E+02, 2.938724E+02, 1.019844E+01, 8.583054E+01, 3.005824E+02, 2.968347E+02, 2.976304E+02, 2.961308E+02, 2.965801E+02
2024-06-12 17:30:15,1, 5.326311E+02, 2.921695E+02, 2.940190E+02, 1.016467E+01, 8.641369E+01, 3.009027E+02, 2.969865E+02, 2.977752E+02, 2.962957E+02, 2.967434E+02
2024-06-12 17:45:15,1, 5.291168E+02, 2.923213E+02, 2.941596E+02, 1.014491E+01, 8.709620E+01, 3.011914E+02, 2.971200E+02, 2.978975E+02, 2.964479E+02, 2.968933E+02
2024-06-12 18:00:15,1, 5.422273E+02, 2.924710E+02, 2.942990E+02, 1.013924E+01, 8.769168E+01, 3.014538E+02, 2.973069E+02, 2.980971E+02, 2.966073E+02, 2.970499E+02
2024-06-12 18:15:15,1, 5.352593E+02, 2.924990E+02, 2.943620E+02, 1.012432E+01, 8.640279E+01, 3.017332E+02, 2.974292E+02, 2.982045E+02, 2.967549E+02, 2.972033E+02
2024-06-12 18:30:15,1, 5.266670E+02, 2.925270E+02, 2.943722E+02, 1.011698E+01, 8.597784E+01, 3.019690E+02, 2.974584E+02, 2.982163E+02, 2.967843E+02, 2.972313E+02
2024-06-12 18:45:15,1, 5.164871E+02, 2.925551E+02, 2.943760E+02, 1.012006E+01, 8.560990E+01, 3.021685E+02, 2.974639E+02, 2.982111E+02, 2.967980E+02, 2.972507E+02
2024-06-12 19:00:15,1, 5.270637E+02, 2.925843E+02, 2.943791E+02, 1.013921E+01, 8.533166E+01, 3.023383E+02, 2.975345E+02, 2.983098E+02, 2.968171E+02, 2.972860E+02
2024-06-12 19:15:15,1, 5.132619E+02, 2.926875E+02, 2.944775E+02, 1.013284E+01, 8.777831E+01, 3.025317E+02, 2.975569E+02, 2.982647E+02, 2.969124E+02, 2.973646E+02
2024-06-12 19:30:15,1, 4.979594E+02, 2.927907E+02, 2.945430E+02, 1.011951E+01, 8.728251E+01, 3.026799E+02, 2.974863E+02, 2.981254E+02, 2.969031E+02, 2.973239E+02
2024-06-12 19:45:15,1, 4.812217E+02, 2.928938E+02, 2.946029E+02, 1.011038E+01, 8.669105E+01, 3.027873E+02, 2.973970E+02, 2.979693E+02, 2.968792E+02, 2.972723E+02
2024-06-12 20:00:15,1, 5.019911E+02, 2.929960E+02, 2.946655E+02, 1.012872E+01, 8.607425E+01, 3.028610E+02, 2.974408E+02, 2.979979E+02, 2.968845E+02, 2.972503E+02
2024-06-12 20:15:15,1, 4.809767E+02, 2.930355E+02, 2.947126E+02, 1.011948E+01, 8.480197E+01, 3.029930E+02, 2.974168E+02, 2.979008E+02, 2.969937E+02, 2.973575E+02
2024-06-12 20:30:15,1, 4.586583E+02, 2.930751E+02, 2.946773E+02, 1.011034E+01, 8.275409E+01, 3.030545E+02, 2.972142E+02, 2.976311E+02, 2.968824E+02, 2.972422E+02
2024-06-12 20:45:15,1, 4.351315E+02, 2.931147E+02, 2.946351E+02, 1.011308E+01, 8.076856E+01, 3.030574E+02, 2.969898E+02, 2.973376E+02, 2.967563E+02, 2.971144E+02
2024-06-12 21:00:15,1, 4.799232E+02, 2.931536E+02, 2.946009E+02, 1.017524E+01, 7.872745E+01, 3.030167E+02, 2.970137E+02, 2.973886E+02, 2.966891E+02, 2.970463E+02
2024-06-12 21:15:15,1, 4.499508E+02, 2.931514E+02, 2.946558E+02, 1.018505E+01, 7.765708E+01, 3.030985E+02, 2.970320E+02, 2.973473E+02, 2.968633E+02, 2.972482E+02
2024-06-12 21:30:15,1, 4.189351E+02, 2.931493E+02, 2.945835E+02, 1.015820E+01, 7.466960E+01, 3.030890E+02, 2.967669E+02, 2.970207E+02, 2.966722E+02, 2.970449E+02
2024-06-12 21:45:15,1, 3.870090E+02, 2.931471E+02, 2.945038E+02, 1.014185E+01, 7.190491E+01, 3.030049E+02, 2.964778E+02, 2.966720E+02, 2.964610E+02, 2.968248E+02
2024-06-12 22:00:15,1, 3.652230E+02, 2.931425E+02, 2.944200E+02, 1.013328E+01, 6.835986E+01, 3.028600E+02, 2.962140E+02, 2.963760E+02, 2.962476E+02, 2.966050E+02
2024-06-12 22:15:15,1, 3.308625E+02, 2.929900E+02, 2.942383E+02, 1.010124E+01, 5.188969E+01, 3.026794E+02, 2.958456E+02, 2.959416E+02, 2.959687E+02, 2.963255E+02
2024-06-12 22:30:15,1, 2.959959E+02, 2.928375E+02, 2.940035E+02, 1.005584E+01, 4.589384E+01, 3.024403E+02, 2.953991E+02, 2.954268E+02, 2.955717E+02, 2.959120E+02
2024-06-12 22:45:15,1, 2.607725E+02, 2.926850E+02, 2.937607E+02, 9.970280E+00, 4.023468E+01, 3.021529E+02, 2.949348E+02, 2.948948E+02, 2.951580E+02, 2.954841E+02
2024-06-12 23:00:15,1, 1.984866E+02, 2.925305E+02, 2.935022E+02, 9.641598E+00, 3.464808E+01, 3.018257E+02, 2.943280E+02, 2.940607E+02, 2.946987E+02, 2.949908E+02
2024-06-12 23:15:15,1, 1.672318E+02, 2.922569E+02, 2.930697E+02, 9.266489E+00, 3.808303E+01, 3.014437E+02, 2.936424E+02, 2.932290E+02, 2.940070E+02, 2.941846E+02
2024-06-12 23:30:15,1, 1.360631E+02, 2.919834E+02, 2.926924E+02, 8.690500E+00, 3.303653E+01, 3.010501E+02, 2.930719E+02, 2.925407E+02, 2.934609E+02, 2.935911E+02
2024-06-12 23:45:15,1, 1.051138E+02, 2.917098E+02, 2.923016E+02, 7.769554E+00, 2.635430E+01, 3.006491E+02, 2.924954E+02, 2.918476E+02, 2.928712E+02, 2.929206E+02
2024-06-12 00:00:15,2, 2.325061E+01, 2.876871E+02, 2.883621E+02, 2.748883E+00, 1.014002E+01, 2.965995E+02, 2.890444E+02, 2.884370E+02, 2.887288E+02, 2.886469E+02
2024-06-12 00:15:15,2, 1.385441E+01, 2.875818E+02, 2.882126E+02, 1.712772E+00, 9.243325E+00, 2.964173E+02, 2.888299E+02, 2.881952E+02, 2.884961E+02, 2.883751E+02
2024-06-12 00:30:15,2, 4.649163E+00, 2.874766E+02, 2.880748E+02, 6.036123E-01, 6.522166E+00, 2.962341E+02, 2.886360E+02, 2.879894E+02, 2.882960E+02, 2.881346E+02
2024-06-12 00:45:15,2, 0.000000E+00, 2.873713E+02, 2.879314E+02, 0.000000E+00, 4.617724E+00, 2.960516E+02, 2.884274E+02, 2.877629E+02, 2.881128E+02, 2.879276E+02
2024-06-12 01:00:15,2, 0.000000E+00, 2.872663E+02, 2.878094E+02, 0.000000E+00, 4.155816E+00, 2.958818E+02, 2.882812E+02, 2.876081E+02, 2.879805E+02, 2.877916E+02
2024-06-12 01:15:15,2, 0.000000E+00, 2.871735E+02, 2.877107E+02, 0.000000E+00, 3.821125E+00, 2.957266E+02, 2.881860E+02, 2.875224E+02, 2.878770E+02, 2.876895E+02
2024-06-12 01:30:15,2, 0.000000E+00, 2.870807E+02, 2.876207E+02, 0.000000E+00, 3.718233E+00, 2.955852E+02, 2.881009E+02, 2.874461E+02, 2.877872E+02, 2.876023E+02
2024-06-12 01:45:15,2, 0.000000E+00, 2.869879E+02, 2.875317E+02, 0.000000E+00, 3.634233E+00, 2.954546E+02, 2.880178E+02, 2.873715E+02, 2.876992E+02, 2.875168E+02
2024-06-12 02:00:15,2, 0.000000E+00, 2.868952E+02, 2.874430E+02, 0.000000E+00, 3.555828E+00, 2.953328E+02, 2.879359E+02, 2.872975E+02, 2.876119E+02, 2.874318E+02
2024-06-12 02:15:15,2, 0.000000E+00, 2.868093E+02, 2.873512E+02, 0.000000E+00, 3.484653E+00, 2.952168E+02, 2.878297E+02, 2.871843E+02, 2.875168E+02, 2.873357E+02
2024-06-12 02:30:15,2, 0.000000E+00, 2.867234E+02, 2.872578E+02, 0.000000E+00, 3.380764E+00, 2.951045E+02, 2.877221E+02, 2.870693E+02, 2.874188E+02, 2.872358E+02
2024-06-12 02:45:15,2, 0.000000E+00, 2.866375E+02, 2.871645E+02, 0.000000E+00, 3.277015E+00, 2.949956E+02, 2.876148E+02, 2.869545E+02, 2.873209E+02, 2.871358E+02
2024-06-12 03:00:15,2, 0.000000E+00, 2.865520E+02, 2.870714E+02, 0.000000E+00, 3.149340E+00, 2.948898E+02, 2.875082E+02, 2.868404E+02, 2.872233E+02, 2.870361E+02
2024-06-12 03:15:15,2, 0.000000E+00, 2.864904E+02, 2.870079E+02, 0.000000E+00, 2.421079E+00, 2.947903E+02, 2.874597E+02, 2.868051E+02, 2.871573E+02, 2.869722E+02
2024-06-12 03:30:15,2, 0.000000E+00, 2.864287E+02, 2.869556E+02, 0.000000E+00, 2.186071E+00, 2.946984E+02, 2.874227E+02, 2.867818E+02, 2.871083E+02, 2.869272E+02
2024-06-12 03:45:15,2, 0.000000E+00, 2.863670E+02, 2.869035E+02, 0.000000E+00, 2.056667E+00, 2.946127E+02, 2.873869E+02, 2.867598E+02, 2.870605E+02, 2.868835E+02
2024-06-12 04:00:15,2, 0.000000E+00, 2.863054E+02, 2.868514E+02, 0.000000E+00, 1.973647E+00, 2.945325E+02, 2.873518E+02, 2.867385E+02, 2.870128E+02, 2.868400E+02
2024-06-12 04:15:15,2, 0.000000E+00, 2.862475E+02, 2.867959E+02, 0.000000E+00, 2.090554E+00, 2.944558E+02, 2.872982E+02, 2.866876E+02, 2.869587E+02, 2.867876E+02
2024-06-12 04:30:15,2, 0.000000E+00, 2.861896E+02, 2.867391E+02, 0.000000E+00, 2.084006E+00, 2.943813E+02, 2.872433E+02, 2.866354E+02, 2.869022E+02, 2.867320E+02
2024-06-12 04:45:15,2, 0.000000E+00, 2.861317E+02, 2.866824E+02, 0.000000E+00, 2.040740E+00, 2.943091E+02, 2.871889E+02, 2.865843E+02, 2.868456E+02, 2.866763E+02
2024-06-12 05:00:15,2, 0.000000E+00, 2.860743E+02, 2.866257E+02, 0.000000E+00, 1.997134E+00, 2.942389E+02, 2.871349E+02, 2.865335E+02, 2.867892E+02, 2.866209E+02
2024-06-12 05:15:15,2, 0.000000E+00, 2.860485E+02, 2.865940E+02, 0.000000E+00, 2.371802E+00, 2.941718E+02, 2.871105E+02, 2.865194E+02, 2.867541E+02, 2.865872E+02
2024-06-12 05:30:15,2, 0.000000E+00, 2.860227E+02, 2.865711E+02, 0.000000E+00, 2.550433E+00, 2.941093E+02, 2.870947E+02, 2.865137E+02, 2.867326E+02, 2.865684E+02
2024-06-12 05:45:15,2, 0.000000E+00, 2.859968E+02, 2.865491E+02, 0.000000E+00, 2.611902E+00, 2.940503E+02, 2.870801E+02, 2.865090E+02, 2.867124E+02, 2.865511E+02
2024-06-12 06:00:15,2, 0.000000E+00, 2.859699E+02, 2.865271E+02, 0.000000E+00, 2.697967E+00, 2.939939E+02, 2.870651E+02, 2.865034E+02, 2.866926E+02, 2.865342E+02
2024-06-12 06:15:15,2, 0.000000E+00, 2.858757E+02, 2.864290E+02, 0.000000E+00, 4.768804E+00, 2.939317E+02, 2.869093E+02, 2.863011E+02, 2.865945E+02, 2.864281E+02
2024-06-12 06:30:15,2, 0.000000E+00, 2.857816E+02, 2.863036E+02, 0.000000E+00, 5.094511E+00, 2.938621E+02, 2.867279E+02, 2.860795E+02, 2.864536E+02, 2.862748E+02
2024-06-12 06:45:15,2, 0.000000E+00, 2.856874E+02, 2.861751E+02, 0.000000E+00, 4.993596E+00, 2.937865E+02, 2.865441E+02, 2.858582E+02, 2.863092E+02, 2.861190E+02
2024-06-12 07:00:15,2, 0.000000E+00, 2.855940E+02, 2.860457E+02, 0.000000E+00, 4.559063E+00, 2.937060E+02, 2.863593E+02, 2.856364E+02, 2.861635E+02, 2.859623E+02
2024-06-12 07:15:15,2, 0.000000E+00, 2.855446E+02, 2.859878E+02, 0.000000E+00, 3.308148E+00, 2.936333E+02, 2.863251E+02, 2.856123E+02, 2.860966E+02, 2.858943E+02
2024-06-12 07:30:15,2, 0.000000E+00, 2.854953E+02, 2.859513E+02, 0.000000E+00, 3.669893E+00, 2.935619E+02, 2.863203E+02, 2.856389E+02, 2.860682E+02, 2.858744E+02
2024-06-12 07:45:15,2, 0.000000E+00, 2.854459E+02, 2.859163E+02, 0.000000E+00, 3.545684E+00, 2.934916E+02, 2.863131E+02, 2.856542E+02, 2.860406E+02, 2.858533E+02
2024-06-12 08:00:15,2, 0.000000E+00, 2.853974E+02, 2.858829E+02, 0.000000E+00, 3.394243E+00, 2.934251E+02, 2.863074E+02, 2.856700E+02, 2.860149E+02, 2.858336E+02
2024-06-12 08:15:15,2, 0.000000E+00, 2.854015E+02, 2.858854E+02, 0.000000E+00, 2.708524E+00, 2.933641E+02, 2.863269E+02, 2.857079E+02, 2.860157E+02, 2.858389E+02
2024-06-12 08:30:15,2, 0.000000E+00, 2.854055E+02, 2.859002E+02, 0.000000E+00, 2.560058E+00, 2.933083E+02, 2.863589E+02, 2.857590E+02, 2.860349E+02, 2.858634E+02
2024-06-12 08:45:15,2, 0.000000E+00, 2.854096E+02, 2.859157E+02, 0.000000E+00, 2.502529E+00, 2.932571E+02, 2.863921E+02, 2.858111E+02, 2.860554E+02, 2.858892E+02
2024-06-12 09:00:15,2, 0.000000E+00, 2.854140E+02, 2.859313E+02, 0.000000E+00, 2.476179E+00, 2.932100E+02, 2.864257E+02, 2.858635E+02, 2.860762E+02, 2.859153E+02
2024-06-12 09:15:15,2, 0.000000E+00, 2.854365E+02, 2.859492E+02, 0.000000E+00, 2.190714E+00, 2.931649E+02, 2.864338E+02, 2.858730E+02, 2.860921E+02, 2.859324E+02
2024-06-12 09:30:15,2, 0.000000E+00, 2.854591E+02, 2.859671E+02, 0.000000E+00, 2.085611E+00, 2.931203E+02, 2.864417E+02, 2.858821E+02, 2.861073E+02, 2.859480E+02
2024-06-12 09:45:15,2, 0.000000E+00, 2.854816E+02, 2.859850E+02, 0.000000E+00, 2.041784E+00, 2.930765E+02, 2.864495E+02, 2.858912E+02, 2.861224E+02, 2.859635E+02
2024-06-12 10:00:15,2, 2.906435E+01, 2.855064E+02, 2.860093E+02, 3.372547E+00, 2.109406E+00, 2.930355E+02, 2.865655E+02, 2.860820E+02, 2.861692E+02, 2.860199E+02
2024-06-12 10:15:15,2, 4.567797E+01, 2.856619E+02, 2.862411E+02, 4.757425E+00, 5.438329E+00, 2.930625E+02, 2.868961E+02, 2.864661E+02, 2.865497E+02, 2.864883E+02
2024-06-12 10:30:15,2, 6.253631E+01, 2.858175E+02, 2.864282E+02, 5.782760E+00, 8.083983E+00, 2.931048E+02, 2.871211E+02, 2.867306E+02, 2.868032E+02, 2.867701E+02
2024-06-12 10:45:15,2, 7.956717E+01, 2.859730E+02, 2.866156E+02, 6.532174E+00, 1.039684E+01, 2.931622E+02, 2.873541E+02, 2.870070E+02, 2.870558E+02, 2.870506E+02
2024-06-12 11:00:15,2, 1.241596E+02, 2.861317E+02, 2.868119E+02, 7.580632E+00, 1.243222E+01, 2.932357E+02, 2.877268E+02, 2.875365E+02, 2.873413E+02, 2.873760E+02
2024-06-12 11:15:15,2, 1.461887E+02, 2.864784E+02, 2.872643E+02, 8.137785E+00, 1.764402E+01, 2.933814E+02, 2.883459E+02, 2.882451E+02, 2.879596E+02, 2.880761E+02
2024-06-12 11:30:15,2, 1.681573E+02, 2.868251E+02, 2.876691E+02, 8.530052E+00, 2.090279E+01, 2.935504E+02, 2.888433E+02, 2.887984E+02, 2.884593E+02, 2.886027E+02
2024-06-12 11:45:15,2, 1.899711E+02, 2.871718E+02, 2.880701E+02, 8.879096E+00, 2.413340E+01, 2.937411E+02, 2.893356E+02, 2.893423E+02, 2.889514E+02, 2.891192E+02
2024-06-12 12:00:15,2, 2.132722E+02, 2.875173E+02, 2.884691E+02, 9.204374E+00, 2.753236E+01, 2.939518E+02, 2.898291E+02, 2.898906E+02, 2.894392E+02, 2.896319E+02
2024-06-12 12:15:15,2, 2.346716E+02, 2.877924E+02, 2.888203E+02, 9.495308E+00, 3.383952E+01, 2.941849E+02, 2.902936E+02, 2.904079E+02, 2.898955E+02, 2.901147E+02
2024-06-12 12:30:15,2, 2.556360E+02, 2.880676E+02, 2.891537E+02, 9.704538E+00, 3.739005E+01, 2.944347E+02, 2.907341E+02, 2.909013E+02, 2.903183E+02, 2.905593E+02
2024-06-12 12:45:15,2, 2.760759E+02, 2.883428E+02, 2.894849E+02, 9.852429E+00, 4.062052E+01, 2.946995E+02, 2.911695E+02, 2.913884E+02, 2.907354E+02, 2.909961E+02
2024-06-12 13:00:15,2, 3.926031E+02, 2.886193E+02, 2.898371E+02, 1.009260E+01, 4.438096E+01, 2.949850E+02, 2.920126E+02, 2.924645E+02, 2.912482E+02, 2.915353E+02
2024-06-12 13:15:15,2, 4.179854E+02, 2.889704E+02, 2.904403E+02, 1.033707E+01, 6.081306E+01, 2.955022E+02, 2.928115E+02, 2.932301E+02, 2.921863E+02, 2.925102E+02
2024-06-12 13:30:15,2, 4.423341E+02, 2.893216E+02, 2.908379E+02, 1.029698E+01, 6.427026E+01, 2.959889E+02, 2.931921E+02, 2.936101E+02, 2.926007E+02, 2.929119E+02
2024-06-12 13:45:15,2, 4.655449E+02, 2.896728E+02, 2.912262E+02, 1.028504E+01, 6.775019E+01, 2.964548E+02, 2.935700E+02, 2.939892E+02, 2.930081E+02, 2.933124E+02
2024-06-12 14:00:15,2, 3.881592E+02, 2.900204E+02, 2.915845E+02, 1.020031E+01, 7.052835E+01, 2.968972E+02, 2.935705E+02, 2.938584E+02, 2.933149E+02, 2.936124E+02
2024-06-12 14:15:15,2, 4.045944E+02, 2.901584E+02, 2.916110E+02, 1.010154E+01, 6.232377E+01, 2.970924E+02, 2.935785E+02, 2.939480E+02, 2.931837E+02, 2.934717E+02
2024-06-12 14:30:15,2, 4.198993E+02, 2.902964E+02, 2.918092E+02, 1.018114E+01, 6.505143E+01, 2.973477E+02, 2.939257E+02, 2.943577E+02, 2.934697E+02, 2.937833E+02
2024-06-12 14:45:15,2, 4.340082E+02, 2.904344E+02, 2.920056E+02, 1.022611E+01, 6.754161E+01, 2.976427E+02, 2.942718E+02, 2.947648E+02, 2.937563E+02, 2.940938E+02
2024-06-12 15:00:15,2, 4.001202E+02, 2.905724E+02, 2.921856E+02, 1.021169E+01, 6.970290E+01, 2.979590E+02, 2.944237E+02, 2.948879E+02, 2.939913E+02, 2.943473E+02
2024-06-12 15:15:15,2, 4.104542E+02, 2.907106E+02, 2.922629E+02, 1.017265E+01, 6.926482E+01, 2.981790E+02, 2.944999E+02, 2.950005E+02, 2.939966E+02, 2.943411E+02
2024-06-12 15:30:15,2, 4.195697E+02, 2.908487E+02, 2.924323E+02, 1.020572E+01, 7.133720E+01, 2.984248E+02, 2.947455E+02, 2.952794E+02, 2.942161E+02, 2.945743E+02
2024-06-12 15:45:15,2, 4.274278E+02, 2.909868E+02, 2.925996E+02, 1.021871E+01, 7.309646E+01, 2.986854E+02, 2.949840E+02, 2.955484E+02, 2.944314E+02, 2.948012E+02
2024-06-12 16:00:15,2, 4.789435E+02, 2.911257E+02, 2.927750E+02, 1.025730E+01, 7.496822E+01, 2.989568E+02, 2.953958E+02, 2.960720E+02, 2.946848E+02, 2.950694E+02
2024-06-12 16:15:15,2, 4.847347E+02, 2.913109E+02, 2.930598E+02, 1.027445E+01, 8.001411E+01, 2.993259E+02, 2.957750E+02, 2.964562E+02, 2.951136E+02, 2.955246E+02
2024-06-12 16:30:15,2, 4.890451E+02, 2.914961E+02, 2.932553E+02, 1.023620E+01, 8.123881E+01, 2.996537E+02, 2.959704E+02, 2.966520E+02, 2.953214E+02, 2.957302E+02
2024-06-12 16:45:15,2, 4.918563E+02, 2.916813E+02, 2.934452E+02, 1.021181E+01, 8.251789E+01, 2.999498E+02, 2.961481E+02, 2.968266E+02, 2.955162E+02, 2.959221E+02
2024-06-12 17:00:15,2, 5.347447E+02, 2.918659E+02, 2.936403E+02, 1.021513E+01, 8.385195E+01, 3.002241E+02, 2.964712E+02, 2.972084E+02, 2.957415E+02, 2.961455E+02
2024-06-12 17:15:15,2, 5.345097E+02, 2.920177E+02, 2.938725E+02, 1.020397E+01, 8.587319E+01, 3.005802E+02, 2.967904E+02, 2.975233E+02, 2.961105E+02, 2.965305E+02
2024-06-12 17:30:15,2, 5.326311E+02, 2.921695E+02, 2.940190E+02, 1.017016E+01, 8.645667E+01, 3.009004E+02, 2.969424E+02, 2.976683E+02, 2.962755E+02, 2.966938E+02
2024-06-12 17:45:15,2, 5.291168E+02, 2.923213E+02, 2.941597E+02, 1.015038E+01, 8.713929E+01, 3.011891E+02, 2.970763E+02, 2.977911E+02, 2.964278E+02, 2.968438E+02
2024-06-12 18:00:15,2, 5.422273E+02, 2.924710E+02, 2.942990E+02, 1.014470E+01, 8.773469E+01, 3.014514E+02, 2.972627E+02, 2.979885E+02, 2.965871E+02, 2.970001E+02
2024-06-12 18:15:15,2, 5.352593E+02, 2.924990E+02, 2.943619E+02, 1.012981E+01, 8.644522E+01, 3.017308E+02, 2.973851E+02, 2.980957E+02, 2.967346E+02, 2.971522E+02
2024-06-12 18:30:15,2, 5.266670E+02, 2.925270E+02, 2.943721E+02, 1.012246E+01, 8.601975E+01, 3.019665E+02, 2.974148E+02, 2.981082E+02, 2.967640E+02, 2.971802E+02
2024-06-12 18:45:15,2, 5.164871E+02, 2.925551E+02, 2.943759E+02, 1.012555E+01, 8.565138E+01, 3.021659E+02, 2.974207E+02, 2.981039E+02, 2.967776E+02, 2.971996E+02
2024-06-12 19:00:15,2, 5.270637E+02, 2.925843E+02, 2.943790E+02, 1.014471E+01, 8.537235E+01, 3.023358E+02, 2.974907E+02, 2.981998E+02, 2.967965E+02, 2.972341E+02
2024-06-12 19:15:15,2, 5.132619E+02, 2.926875E+02, 2.944773E+02, 1.013839E+01, 8.781613E+01, 3.025291E+02, 2.975152E+02, 2.981591E+02, 2.968923E+02, 2.973129E+02
2024-06-12 19:30:15,2, 4.979594E+02, 2.927907E+02, 2.945427E+02, 1.012503E+01, 8.731923E+01, 3.026773E+02, 2.974471E+02, 2.980254E+02, 2.968842E+02, 2.972746E+02
2024-06-12 19:45:15,2, 4.812217E+02, 2.928938E+02, 2.946027E+02, 1.011584E+01, 8.672638E+01, 3.027848E+02, 2.973604E+02, 2.978749E+02, 2.968613E+02, 2.972255E+02
2024-06-12 20:00:15,2, 5.019911E+02, 2.929960E+02, 2.946651E+02, 1.013423E+01, 8.610760E+01, 3.028585E+02, 2.974051E+02, 2.979026E+02, 2.968673E+02, 2.972045E+02
2024-06-12 20:15:15,2, 4.809767E+02, 2.930355E+02, 2.947120E+02, 1.012510E+01, 8.482918E+01, 3.029905E+02, 2.973835E+02, 2.978103E+02, 2.969766E+02, 2.973101E+02
2024-06-12 20:30:15,2, 4.586583E+02, 2.930751E+02, 2.946766E+02, 1.011592E+01, 8.277930E+01, 3.030521E+02, 2.971840E+02, 2.975473E+02, 2.968662E+02, 2.971968E+02
2024-06-12 20:45:15,2, 4.351315E+02, 2.931147E+02, 2.946343E+02, 1.011862E+01, 8.079099E+01, 3.030552E+02, 2.969629E+02, 2.972606E+02, 2.967410E+02, 2.970708E+02
2024-06-12 21:00:15,2, 4.799232E+02, 2.931536E+02, 2.946000E+02, 1.018097E+01, 7.874533E+01, 3.030146E+02, 2.969866E+02, 2.973034E+02, 2.966740E+02, 2.970014E+02
2024-06-12 21:15:15,2, 4.499508E+02, 2.931514E+02, 2.946544E+02, 1.019039E+01, 7.766328E+01, 3.030965E+02, 2.970029E+02, 2.972625E+02, 2.968437E+02, 2.971950E+02
2024-06-12 21:30:15,2, 4.189351E+02, 2.931493E+02, 2.945820E+02, 1.016323E+01, 7.467564E+01, 3.030873E+02, 2.967393E+02, 2.969407E+02, 2.966515E+02, 2.969934E+02
2024-06-12 21:45:15,2, 3.870090E+02, 2.931471E+02, 2.945022E+02, 1.014686E+01, 7.190938E+01, 3.030034E+02, 2.964528E+02, 2.965966E+02, 2.964411E+02, 2.967748E+02
2024-06-12 22:00:15,2, 3.652230E+02, 2.931425E+02, 2.944183E+02, 1.013832E+01, 6.836290E+01, 3.028586E+02, 2.961903E+02, 2.963006E+02, 2.962283E+02, 2.965555E+02
2024-06-12 22:15:15,2, 3.308625E+02, 2.929900E+02, 2.942365E+02, 1.010609E+01, 5.189198E+01, 3.026785E+02, 2.958242E+02, 2.958699E+02, 2.959494E+02, 2.962747E+02
2024-06-12 22:30:15,2, 2.959959E+02, 2.928375E+02, 2.940016E+02, 1.006030E+01, 4.589125E+01, 3.024399E+02, 2.953804E+02, 2.953594E+02, 2.955532E+02, 2.958624E+02
2024-06-12 22:45:15,2, 2.607725E+02, 2.926850E+02, 2.937587E+02, 9.974022E+00, 4.022869E+01, 3.021529E+02, 2.949189E+02, 2.948310E+02, 2.951402E+02, 2.954352E+02
2024-06-12 23:00:15,2, 1.984866E+02, 2.925305E+02, 2.935002E+02, 9.643711E+00, 3.463760E+01, 3.018264E+02, 2.943230E+02, 2.940234E+02, 2.946826E+02, 2.949467E+02
2024-06-12 23:15:15,2, 1.672318E+02, 2.922569E+02, 2.930684E+02, 9.269363E+00, 3.805983E+01, 3.014446E+02, 2.936461E+02, 2.932060E+02, 2.939993E+02, 2.941588E+02
2024-06-12 23:30:15,2, 1.360631E+02, 2.919834E+02, 2.926911E+02, 8.701554E+00, 3.305686E+01, 3.010515E+02, 2.930790E+02, 2.925221E+02, 2.934489E+02, 2.935586E+02
2024-06-12 23:45:15,2, 1.051138E+02, 2.917098E+02, 2.922998E+02, 7.815131E+00, 2.635791E+01, 3.006510E+02, 2.925105E+02, 2.918383E+02, 2.928696E+02, 2.928945E+02
2024-06-13 00:00:15,1, 5.372469E+01, 2.914355E+02, 2.918909E+02, 5.254280E+00, 1.824161E+01, 3.002444E+02, 2.918544E+02, 2.909730E+02, 2.922683E+02, 2.922372E+02
2024-06-13 00:15:15,1, 3.226876E+01, 2.911215E+02, 2.913598E+02, 3.579115E+00, 7.323979E+00, 2.998267E+02, 2.911893E+02, 2.901208E+02, 2.915532E+02, 2.914077E+02
2024-06-13 00:30:15,1, 1.124750E+01, 2.908075E+02, 2.907742E+02, 1.421298E+00, 6.414958E+00, 2.994299E+02, 2.905656E+02, 2.894052E+02, 2.908753E+02, 2.906165E+02
2024-06-13 00:45:15,1, 0.000000E+00, 2.904935E+02, 2.900924E+02, 0.000000E+00, 5.369115E+00, 2.990423E+02, 2.898787E+02, 2.886820E+02, 2.901452E+02, 2.898086E+02
2024-06-13 01:00:15,1, 0.000000E+00, 2.901801E+02, 2.894875E+02, 0.000000E+00, 5.018088E+00, 2.986821E+02, 2.893366E+02, 2.881553E+02, 2.895373E+02, 2.892027E+02
2024-06-13 01:15:15,1, 0.000000E+00, 2.899042E+02, 2.889831E+02, 0.000000E+00, 5.027519E+00, 2.983496E+02, 2.888895E+02, 2.877247E+02, 2.890319E+02, 2.887015E+02
2024-06-13 01:30:15,1, 0.000000E+00, 2.896282E+02, 2.885599E+02, 0.000000E+00, 5.108440E+00, 2.980415E+02, 2.885082E+02, 2.873554E+02, 2.886076E+02, 2.882809E+02
2024-06-13 01:45:15,1, 0.000000E+00, 2.893523E+02, 2.881958E+02, 0.000000E+00, 5.209568E+00, 2.977542E+02, 2.881751E+02, 2.870319E+02, 2.882427E+02, 2.879191E+02
2024-06-13 02:00:15,1, 0.000000E+00, 2.890775E+02, 2.878752E+02, 0.000000E+00, 5.315899E+00, 2.974848E+02, 2.878782E+02, 2.867429E+02, 2.879216E+02, 2.876005E+02
2024-06-13 02:15:15,1, 0.000000E+00, 2.888746E+02, 2.875966E+02, 0.000000E+00, 5.582465E+00, 2.972317E+02, 2.876262E+02, 2.865042E+02, 2.876429E+02, 2.873254E+02
2024-06-13 02:30:15,1, 0.000000E+00, 2.886716E+02, 2.873575E+02, 0.000000E+00, 5.834270E+00, 2.969940E+02, 2.874071E+02, 2.862969E+02, 2.874038E+02, 2.870899E+02
2024-06-13 02:45:15,1, 0.000000E+00, 2.884686E+02, 2.871481E+02, 0.000000E+00, 6.070977E+00, 2.967698E+02, 2.872127E+02, 2.861133E+02, 2.871942E+02, 2.868834E+02
2024-06-13 03:00:15,1, 0.000000E+00, 2.882665E+02, 2.869611E+02, 0.000000E+00, 6.290540E+00, 2.965578E+02, 2.870374E+02, 2.859478E+02, 2.870072E+02, 2.866993E+02
2024-06-13 03:15:15,1, 0.000000E+00, 2.881157E+02, 2.867854E+02, 0.000000E+00, 6.326590E+00, 2.963559E+02, 2.868629E+02, 2.857786E+02, 2.868309E+02, 2.865248E+02
2024-06-13 03:30:15,1, 0.000000E+00, 2.879650E+02, 2.866135E+02, 0.000000E+00, 6.356876E+00, 2.961622E+02, 2.866921E+02, 2.856126E+02, 2.866585E+02, 2.863539E+02
2024-06-13 03:45:15,1, 0.000000E+00, 2.878142E+02, 2.864453E+02, 0.000000E+00, 6.382649E+00, 2.959759E+02, 2.865250E+02, 2.854498E+02, 2.864898E+02, 2.861866E+02
2024-06-13 04:00:15,1, 0.000000E+00, 2.876638E+02, 2.862804E+02, 0.000000E+00, 6.403386E+00, 2.957964E+02, 2.863611E+02, 2.852898E+02, 2.863246E+02, 2.860225E+02
2024-06-13 04:15:15,1, 0.000000E+00, 2.875330E+02, 2.861166E+02, 0.000000E+00, 6.334515E+00, 2.956226E+02, 2.861952E+02, 2.851256E+02, 2.861601E+02, 2.858587E+02
2024-06-13 04:30:15,1, 0.000000E+00, 2.874022E+02, 2.859524E+02, 0.000000E+00, 6.271035E+00, 2.954539E+02, 2.860294E+02, 2.849613E+02, 2.859953E+02, 2.856944E+02
2024-06-13 04:45:15,1, 0.000000E+00, 2.872714E+02, 2.857883E+02, 0.000000E+00, 6.213008E+00, 2.952897E+02, 2.858642E+02, 2.847973E+02, 2.858307E+02, 2.855302E+02
2024-06-13 05:00:15,1, 0.000000E+00, 2.871413E+02, 2.856248E+02, 0.000000E+00, 6.155850E+00, 2.951297E+02, 2.856999E+02, 2.846340E+02, 2.856667E+02, 2.853666E+02
2024-06-13 05:15:15,1, 0.000000E+00, 2.870476E+02, 2.854676E+02, 0.000000E+00, 5.868159E+00, 2.949742E+02, 2.855468E+02, 2.844851E+02, 2.855090E+02, 2.852100E+02
2024-06-13 05:30:15,1, 0.000000E+00, 2.869539E+02, 2.853201E+02, 0.000000E+00, 5.626618E+00, 2.948232E+02, 2.854020E+02, 2.843442E+02, 2.853609E+02, 2.850631E+02
2024-06-13 05:45:15,1, 0.000000E+00, 2.868603E+02, 2.851801E+02, 0.000000E+00, 5.421573E+00, 2.946765E+02, 2.852638E+02, 2.842095E+02, 2.852203E+02, 2.849236E+02
2024-06-13 06:00:15,1, 0.000000E+00, 2.867664E+02, 2.850460E+02, 0.000000E+00, 5.241652E+00, 2.945338E+02, 2.851311E+02, 2.840803E+02, 2.850858E+02, 2.847900E+02
2024-06-13 06:15:15,1, 0.000000E+00, 2.866632E+02, 2.849412E+02, 0.000000E+00, 4.863402E+00, 2.943978E+02, 2.850551E+02, 2.840245E+02, 2.849824E+02, 2.846916E+02
2024-06-13 06:30:15,1, 0.000000E+00, 2.865600E+02, 2.848797E+02, 0.000000E+00, 4.561055E+00, 2.942709E+02, 2.850157E+02, 2.840044E+02, 2.849218E+02, 2.846364E+02
2024-06-13 06:45:15,1, 0.000000E+00, 2.864568E+02, 2.848507E+02, 0.000000E+00, 4.316877E+00, 2.941524E+02, 2.850038E+02, 2.840113E+02, 2.848938E+02, 2.846137E+02
2024-06-13 07:00:15,1, 0.000000E+00, 2.863540E+02, 2.848462E+02, 0.000000E+00, 4.115708E+00, 2.940419E+02, 2.850123E+02, 2.840380E+02, 2.848901E+02, 2.846150E+02
2024-06-13 07:15:15,1, 0.000000E+00, 2.862726E+02, 2.848398E+02, 0.000000E+00, 3.708932E+00, 2.939364E+02, 2.849928E+02, 2.840221E+02, 2.848834E+02, 2.846100E+02
2024-06-13 07:30:15,1, 0.000000E+00, 2.861911E+02, 2.848148E+02, 0.000000E+00, 3.335820E+00, 2.938331E+02, 2.849581E+02, 2.839909E+02, 2.848585E+02, 2.845860E+02
2024-06-13 07:45:15,1, 0.000000E+00, 2.861097E+02, 2.847769E+02, 0.000000E+00, 2.996495E+00, 2.937319E+02, 2.849132E+02, 2.839494E+02, 2.848204E+02, 2.845489E+02
2024-06-13 08:00:15,1, 0.000000E+00, 2.860294E+02, 2.847299E+02, 0.000000E+00, 2.686487E+00, 2.936327E+02, 2.848615E+02, 2.839011E+02, 2.847733E+02, 2.845027E+02
2024-06-13 08:15:15,1, 0.000000E+00, 2.860167E+02, 2.846897E+02, 0.000000E+00, 2.245800E+00, 2.935366E+02, 2.848299E+02, 2.838817E+02, 2.847329E+02, 2.844653E+02
2024-06-13 08:30:15,1, 0.000000E+00, 2.860039E+02, 2.846660E+02, 0.000000E+00, 1.868156E+00, 2.934448E+02, 2.848125E+02, 2.838761E+02, 2.847088E+02, 2.844445E+02
2024-06-13 08:45:15,1, 0.000000E+00, 2.859911E+02, 2.846549E+02, 0.000000E+00, 1.541185E+00, 2.933571E+02, 2.848058E+02, 2.838809E+02, 2.846972E+02, 2.844362E+02
2024-06-13 09:00:15,1, 0.000000E+00, 2.859797E+02, 2.846532E+02, 0.000000E+00, 1.256132E+00, 2.932734E+02, 2.848073E+02, 2.838935E+02, 2.846952E+02, 2.844373E+02
2024-06-13 09:15:15,1, 0.000000E+00, 2.860502E+02, 2.846511E+02, 0.000000E+00, 1.015652E+00, 2.931922E+02, 2.847947E+02, 2.838859E+02, 2.846914E+02, 2.844353E+02
2024-06-13 09:30:15,1, 0.000000E+00, 2.861207E+02, 2.846417E+02, 0.000000E+00, 8.061283E-01, 2.931122E+02, 2.847762E+02, 2.838723E+02, 2.846804E+02, 2.844258E+02
2024-06-13 09:45:15,1, 0.000000E+00, 2.861913E+02, 2.846272E+02, 0.000000E+00, 6.227940E-01, 2.930335E+02, 2.847539E+02, 2.838547E+02, 2.846643E+02, 2.844112E+02
2024-06-13 10:00:15,1, 4.673193E+01, 2.862668E+02, 2.846255E+02, 4.522666E+00, 4.417421E-01, 2.929588E+02, 2.850162E+02, 2.844251E+02, 2.846963E+02, 2.844735E+02
2024-06-13 10:15:15,1, 7.340409E+01, 2.866395E+02, 2.854544E+02, 6.043451E+00,-1.293006E-01, 2.929988E+02, 2.860436E+02, 2.856567E+02, 2.856790E+02, 2.856542E+02
2024-06-13 10:30:15,1, 1.004708E+02, 2.870122E+02, 2.863794E+02, 7.135756E+00,-1.614908E-02, 2.930864E+02, 2.870013E+02, 2.867188E+02, 2.866996E+02, 2.867445E+02
2024-06-13 10:45:15,1, 1.278162E+02, 2.873849E+02, 2.873672E+02, 8.039223E+00, 9.666827E-01, 2.932201E+02, 2.880156E+02, 2.878352E+02, 2.877916E+02, 2.879042E+02
2024-06-13 11:00:15,1, 1.791186E+02, 2.877613E+02, 2.882888E+02, 8.843494E+00, 1.269307E+01, 2.933925E+02, 2.890479E+02, 2.890368E+02, 2.888474E+02, 2.889843E+02
2024-06-13 11:15:15,1, 2.108902E+02, 2.883577E+02, 2.890721E+02, 9.293798E+00, 1.663108E+01, 2.936234E+02, 2.899701E+02, 2.900419E+02, 2.898392E+02, 2.900516E+02
2024-06-13 11:30:15,1, 2.425761E+02, 2.889540E+02, 2.897533E+02, 9.713452E+00, 2.079848E+01, 2.938998E+02, 2.907733E+02, 2.908918E+02, 2.906573E+02, 2.908897E+02
2024-06-13 11:45:15,1, 2.740408E+02, 2.895503E+02, 2.904253E+02, 1.011772E+01, 2.572858E+01, 2.942194E+02, 2.915726E+02, 2.917373E+02, 2.914626E+02, 2.917141E+02
2024-06-13 12:00:15,1, 3.143468E+02, 2.901455E+02, 2.910949E+02, 1.040835E+01, 3.091781E+01, 2.945799E+02, 2.924074E+02, 2.926484E+02, 2.922718E+02, 2.925448E+02
2024-06-13 12:15:15,1, 3.458892E+02, 2.906729E+02, 2.917407E+02, 1.058997E+01, 4.433369E+01, 2.949973E+02, 2.932011E+02, 2.934949E+02, 2.930639E+02, 2.933575E+02
2024-06-13 12:30:15,1, 3.767926E+02, 2.912002E+02, 2.923477E+02, 1.069270E+01, 5.016887E+01, 2.954488E+02, 2.939298E+02, 2.942749E+02, 2.937736E+02, 2.940767E+02
2024-06-13 12:45:15,1, 4.069247E+02, 2.917276E+02, 2.929503E+02, 1.076015E+01, 5.542836E+01, 2.959309E+02, 2.946478E+02, 2.950436E+02, 2.944730E+02, 2.947855E+02
2024-06-13 13:00:15,1, 4.688453E+02, 2.922539E+02, 2.935564E+02, 1.082163E+01, 6.068348E+01, 2.964429E+02, 2.954740E+02, 2.959578E+02, 2.951966E+02, 2.955182E+02
2024-06-13 13:15:15,1, 4.991654E+02, 2.927210E+02, 2.941591E+02, 1.081926E+01, 6.675018E+01, 2.970587E+02, 2.962108E+02, 2.967027E+02, 2.959755E+02, 2.963022E+02
2024-06-13 13:30:15,1, 5.282533E+02, 2.931881E+02, 2.946814E+02, 1.077402E+01, 7.051122E+01, 2.976742E+02, 2.968119E+02, 2.973201E+02, 2.965729E+02, 2.968956E+02
2024-06-13 13:45:15,1, 5.559844E+02, 2.936552E+02, 2.951990E+02, 1.072500E+01, 7.434983E+01, 2.982909E+02, 2.974007E+02, 2.979253E+02, 2.971592E+02, 2.974787E+02
2024-06-13 14:00:15,1, 6.554605E+02, 2.941227E+02, 2.957271E+02, 1.068973E+01, 7.830337E+01, 2.989164E+02, 2.982047E+02, 2.987684E+02, 2.978043E+02, 2.981104E+02
2024-06-13 14:15:15,1, 6.832302E+02, 2.946121E+02, 2.963760E+02, 1.054976E+01, 8.463702E+01, 2.997650E+02, 2.990312E+02, 2.995659E+02, 2.986879E+02, 2.989707E+02
2024-06-13 14:30:15,1, 7.090933E+02, 2.951016E+02, 2.969124E+02, 1.040187E+01, 8.770467E+01, 3.005774E+02, 2.996357E+02, 3.001724E+02, 2.992870E+02, 2.995592E+02
2024-06-13 14:45:15,1, 7.329391E+02, 2.955910E+02, 2.974436E+02, 1.025245E+01, 9.078096E+01, 3.013614E+02, 3.002250E+02, 3.007649E+02, 2.998729E+02, 3.001360E+02
2024-06-13 15:00:15,1, 8.219747E+02, 2.960798E+02, 2.979828E+02, 1.010461E+01, 9.405956E+01, 3.021285E+02, 3.009936E+02, 3.015423E+02, 3.005073E+02, 3.007497E+02
2024-06-13 15:15:15,1, 8.432290E+02, 2.965308E+02, 2.985769E+02, 9.801253E+00, 1.011563E+02, 3.030874E+02, 3.017497E+02, 3.022660E+02, 3.012913E+02, 3.015028E+02
2024-06-13 15:30:15,1, 8.619824E+02, 2.969818E+02, 2.990700E+02, 9.575579E+00, 1.032270E+02, 3.039844E+02, 3.023013E+02, 3.028131E+02, 3.018238E+02, 3.020236E+02
2024-06-13 15:45:15,1, 8.781547E+02, 2.974328E+02, 2.995571E+02, 9.348761E+00, 1.051045E+02, 3.048300E+02, 3.028349E+02, 3.033426E+02, 3.023414E+02, 3.025309E+02
2024-06-13 16:00:15,1, 8.680786E+02, 2.978809E+02, 3.000345E+02, 9.112715E+00, 1.069796E+02, 3.056272E+02, 3.032873E+02, 3.037907E+02, 3.028262E+02, 3.030116E+02
2024-06-13 16:15:15,1, 8.786061E+02, 2.981557E+02, 3.003341E+02, 8.991164E+00, 1.126901E+02, 3.063054E+02, 3.035961E+02, 3.041063E+02, 3.031061E+02, 3.032915E+02
2024-06-13 16:30:15,1, 8.864518E+02, 2.984306E+02, 3.006396E+02, 8.821340E+00, 1.139455E+02, 3.069556E+02, 3.039351E+02, 3.044429E+02, 3.034162E+02, 3.035954E+02
2024-06-13 16:45:15,1, 8.915822E+02, 2.987054E+02, 3.009394E+02, 8.652064E+00, 1.148837E+02, 3.075746E+02, 3.042563E+02, 3.047604E+02, 3.037138E+02, 3.038868E+02
2024-06-13 17:00:15,1, 7.798384E+02, 2.989772E+02, 3.012125E+02, 8.470912E+00, 1.155375E+02, 3.081456E+02, 3.042604E+02, 3.047747E+02, 3.039037E+02, 3.040960E+02
2024-06-13 17:15:15,1, 7.795293E+02, 2.990712E+02, 3.011840E+02, 8.696421E+00, 1.185899E+02, 3.083061E+02, 3.040643E+02, 3.046349E+02, 3.036739E+02, 3.039039E+02
2024-06-13 17:30:15,1, 7.768247E+02, 2.991652E+02, 3.012809E+02, 8.637574E+00, 1.194028E+02, 3.085092E+02, 3.041525E+02, 3.047246E+02, 3.037577E+02, 3.039858E+02
2024-06-13 17:45:15,1, 7.717364E+02, 2.992592E+02, 3.013735E+02, 8.589252E+00, 1.199769E+02, 3.087298E+02, 3.042262E+02, 3.047956E+02, 3.038328E+02, 3.040576E+02
2024-06-13 18:00:15,1, 7.516080E+02, 2.993535E+02, 3.014586E+02, 8.545921E+00, 1.200653E+02, 3.089494E+02, 3.042504E+02, 3.048133E+02, 3.038862E+02, 3.041094E+02
2024-06-13 18:15:15,1, 7.419897E+02, 2.994618E+02, 3.015311E+02, 8.552359E+00, 1.144523E+02, 3.091168E+02, 3.042518E+02, 3.048044E+02, 3.039005E+02, 3.041218E+02
2024-06-13 18:30:15,1, 7.301211E+02, 2.995701E+02, 3.016158E+02, 8.535176E+00, 1.144575E+02, 3.092728E+02, 3.042738E+02, 3.048078E+02, 3.039448E+02, 3.041597E+02
2024-06-13 18:45:15,1, 7.160531E+02, 2.996784E+02, 3.016949E+02, 8.526661E+00, 1.145046E+02, 3.094095E+02, 3.042795E+02, 3.047934E+02, 3.039784E+02, 3.041870E+02
2024-06-13 19:00:15,1, 5.320819E+02, 2.997815E+02, 3.017312E+02, 8.473973E+00, 1.126377E+02, 3.095033E+02, 3.037753E+02, 3.041758E+02, 3.038523E+02, 3.040714E+02
2024-06-13 19:15:15,1, 5.181861E+02, 2.995789E+02, 3.012542E+02, 9.017749E+00, 8.911261E+01, 3.090884E+02, 3.030281E+02, 3.034430E+02, 3.030698E+02, 3.033013E+02
2024-06-13 19:30:15,1, 5.027761E+02, 2.993762E+02, 3.010248E+02, 9.153513E+00, 8.652148E+01, 3.087651E+02, 3.027843E+02, 3.031811E+02, 3.028305E+02, 3.030632E+02
2024-06-13 19:45:15,1, 4.859180E+02, 2.991736E+02, 3.007940E+02, 9.301385E+00, 8.402707E+01, 3.084985E+02, 3.025402E+02, 3.029138E+02, 3.025933E+02, 3.028258E+02
2024-06-13 20:00:15,1, 5.759238E+02, 2.989748E+02, 3.005849E+02, 9.509297E+00, 8.284977E+01, 3.082756E+02, 3.026480E+02, 3.030910E+02, 3.024571E+02, 3.026837E+02
2024-06-13 20:15:15,1, 5.518713E+02, 2.990033E+02, 3.007271E+02, 9.330920E+00, 1.046156E+02, 3.083534E+02, 3.028374E+02, 3.032206E+02, 3.027484E+02, 3.029721E+02
2024-06-13 20:30:15,1, 5.263236E+02, 2.990319E+02, 3.006910E+02, 9.416794E+00, 1.041910E+02, 3.083530E+02, 3.026554E+02, 3.029842E+02, 3.026300E+02, 3.028423E+02
2024-06-13 20:45:15,1, 4.993900E+02, 2.990605E+02, 3.006476E+02, 9.491725E+00, 1.034150E+02, 3.082887E+02, 3.024572E+02, 3.027387E+02, 3.024973E+02, 3.027000E+02
2024-06-13 21:00:15,1, 3.844367E+02, 2.990839E+02, 3.005764E+02, 9.454882E+00, 1.012417E+02, 3.081635E+02, 3.019511E+02, 3.020744E+02, 3.022687E+02, 3.024609E+02
2024-06-13 21:15:15,1, 3.604871E+02, 2.987993E+02, 3.000904E+02, 9.788280E+00, 8.073990E+01, 3.077859E+02, 3.012359E+02, 3.012928E+02, 3.015481E+02, 3.017093E+02
2024-06-13 21:30:15,1, 3.357019E+02, 2.985147E+02, 2.997412E+02, 9.938136E+00, 7.672000E+01, 3.074280E+02, 3.008008E+02, 3.007938E+02, 3.011351E+02, 3.012873E+02
2024-06-13 21:45:15,1, 3.101873E+02, 2.982301E+02, 2.993920E+02, 1.005849E+01, 7.242001E+01, 3.070777E+02, 3.003645E+02, 3.002913E+02, 3.007206E+02, 3.008634E+02
2024-06-13 22:00:15,1, 2.401799E+02, 2.979446E+02, 2.990290E+02, 9.907995E+00, 6.783495E+01, 3.067241E+02, 2.997567E+02, 2.994956E+02, 3.002535E+02, 3.003773E+02
2024-06-13 22:15:15,1, 2.176521E+02, 2.976081E+02, 2.985092E+02, 1.000530E+01, 6.640258E+01, 3.062827E+02, 2.990788E+02, 2.987265E+02, 2.995339E+02, 2.996139E+02
2024-06-13 22:30:15,1, 1.947909E+02, 2.972716E+02, 2.981034E+02, 9.944811E+00, 6.252828E+01, 3.058591E+02, 2.985885E+02, 2.981683E+02, 2.990377E+02, 2.991109E+02
2024-06-13 22:45:15,1, 1.716944E+02, 2.969351E+02, 2.977013E+02, 9.764531E+00, 5.727572E+01, 3.054455E+02, 2.981033E+02, 2.976066E+02, 2.985424E+02, 2.985904E+02
2024-06-13 23:00:15,1, 1.622823E+02, 2.965989E+02, 2.973007E+02, 9.699851E+00, 5.217790E+01, 3.050376E+02, 2.976712E+02, 2.971595E+02, 2.980496E+02, 2.980564E+02
2024-06-13 23:15:15,1, 1.368460E+02, 2.962799E+02, 2.969385E+02, 9.183127E+00, 5.954508E+01, 3.046484E+02, 2.972228E+02, 2.966477E+02, 2.976121E+02, 2.976207E+02
2024-06-13 23:30:15,1, 1.114783E+02, 2.959609E+02, 2.965261E+02, 8.433172E+00, 5.413039E+01, 3.042486E+02, 2.967068E+02, 2.960533E+02, 2.970800E+02, 2.970585E+02
2024-06-13 23:45:15,1, 8.628761E+01, 2.956419E+02, 2.961104E+02, 7.378200E+00, 4.707302E+01, 3.038418E+02, 2.962001E+02, 2.954691E+02, 2.965503E+02, 2.964968E+02
2024-06-13 00:00:15,2, 5.372469E+01, 2.914355E+02, 2.918881E+02, 5.329678E+00, 1.824260E+01, 3.002468E+02, 2.918803E+02, 2.909934E+02, 2.922674E+02, 2.922176E+02
2024-06-13 00:15:15,2, 3.226876E+01, 2.911215E+02, 2.913553E+02, 3.622146E+00, 7.377842E+00, 2.998296E+02, 2.912240E+02, 2.901695E+02, 2.915549E+02, 2.913986E+02
2024-06-13 00:30:15,2, 1.124750E+01, 2.908075E+02, 2.907690E+02, 1.424495E+00, 6.473149E+00, 2.994325E+02, 2.906060E+02, 2.894770E+02, 2.908813E+02, 2.906244E+02
2024-06-13 00:45:15,2, 0.000000E+00, 2.904935E+02, 2.900886E+02, 0.000000E+00, 5.418129E+00, 2.990444E+02, 2.899232E+02, 2.887675E+02, 2.901557E+02, 2.898315E+02
2024-06-13 01:00:15,2, 0.000000E+00, 2.901801E+02, 2.894845E+02, 0.000000E+00, 5.057185E+00, 2.986839E+02, 2.893815E+02, 2.882399E+02, 2.895485E+02, 2.892258E+02
2024-06-13 01:15:15,2, 0.000000E+00, 2.899042E+02, 2.889805E+02, 0.000000E+00, 5.059133E+00, 2.983512E+02, 2.889337E+02, 2.878079E+02, 2.890433E+02, 2.887243E+02
2024-06-13 01:30:15,2, 0.000000E+00, 2.896282E+02, 2.885577E+02, 0.000000E+00, 5.134604E+00, 2.980430E+02, 2.885521E+02, 2.874376E+02, 2.886192E+02, 2.883034E+02
2024-06-13 01:45:15,2, 0.000000E+00, 2.893523E+02, 2.881938E+02, 0.000000E+00, 5.231458E+00, 2.977555E+02, 2.882189E+02, 2.871133E+02, 2.882543E+02, 2.879413E+02
2024-06-13 02:00:15,2, 0.000000E+00, 2.890775E+02, 2.878733E+02, 0.000000E+00, 5.334309E+00, 2.974860E+02, 2.879219E+02, 2.868237E+02, 2.879332E+02, 2.876226E+02
2024-06-13 02:15:15,2, 0.000000E+00, 2.888746E+02, 2.875948E+02, 0.000000E+00, 5.597782E+00, 2.972328E+02, 2.876694E+02, 2.865838E+02, 2.876544E+02, 2.873471E+02
2024-06-13 02:30:15,2, 0.000000E+00, 2.886716E+02, 2.873557E+02, 0.000000E+00, 5.847051E+00, 2.969950E+02, 2.874499E+02, 2.863755E+02, 2.874151E+02, 2.871112E+02
2024-06-13 02:45:15,2, 0.000000E+00, 2.884686E+02, 2.871462E+02, 0.000000E+00, 6.081630E+00, 2.967708E+02, 2.872552E+02, 2.861910E+02, 2.872054E+02, 2.869044E+02
2024-06-13 03:00:15,2, 0.000000E+00, 2.882665E+02, 2.869592E+02, 0.000000E+00, 6.299380E+00, 2.965588E+02, 2.870796E+02, 2.860247E+02, 2.870182E+02, 2.867200E+02
2024-06-13 03:15:15,2, 0.000000E+00, 2.881157E+02, 2.867834E+02, 0.000000E+00, 6.333907E+00, 2.963568E+02, 2.869049E+02, 2.858551E+02, 2.868418E+02, 2.865453E+02
2024-06-13 03:30:15,2, 0.000000E+00, 2.879650E+02, 2.866116E+02, 0.000000E+00, 6.362905E+00, 2.961630E+02, 2.867338E+02, 2.856887E+02, 2.866693E+02, 2.863742E+02
2024-06-13 03:45:15,2, 0.000000E+00, 2.878142E+02, 2.864434E+02, 0.000000E+00, 6.387587E+00, 2.959768E+02, 2.865665E+02, 2.855255E+02, 2.865005E+02, 2.862068E+02
2024-06-13 04:00:15,2, 0.000000E+00, 2.876638E+02, 2.862784E+02, 0.000000E+00, 6.407397E+00, 2.957972E+02, 2.864024E+02, 2.853651E+02, 2.863352E+02, 2.860426E+02
2024-06-13 04:15:15,2, 0.000000E+00, 2.875330E+02, 2.861146E+02, 0.000000E+00, 6.337782E+00, 2.956234E+02, 2.862364E+02, 2.852008E+02, 2.861706E+02, 2.858787E+02
2024-06-13 04:30:15,2, 0.000000E+00, 2.874022E+02, 2.859503E+02, 0.000000E+00, 6.273669E+00, 2.954546E+02, 2.860704E+02, 2.850363E+02, 2.860057E+02, 2.857143E+02
2024-06-13 04:45:15,2, 0.000000E+00, 2.872714E+02, 2.857863E+02, 0.000000E+00, 6.215100E+00, 2.952904E+02, 2.859052E+02, 2.848722E+02, 2.858411E+02, 2.855501E+02
2024-06-13 05:00:15,2, 0.000000E+00, 2.871413E+02, 2.856228E+02, 0.000000E+00, 6.157479E+00, 2.951305E+02, 2.857408E+02, 2.847088E+02, 2.856771E+02, 2.853864E+02
2024-06-13 05:15:15,2, 0.000000E+00, 2.870476E+02, 2.854656E+02, 0.000000E+00, 5.869494E+00, 2.949749E+02, 2.855875E+02, 2.845595E+02, 2.855193E+02, 2.852297E+02
2024-06-13 05:30:15,2, 0.000000E+00, 2.869539E+02, 2.853180E+02, 0.000000E+00, 5.627682E+00, 2.948239E+02, 2.854425E+02, 2.844182E+02, 2.853711E+02, 2.850826E+02
2024-06-13 05:45:15,2, 0.000000E+00, 2.868603E+02, 2.851780E+02, 0.000000E+00, 5.422392E+00, 2.946771E+02, 2.853041E+02, 2.842832E+02, 2.852305E+02, 2.849430E+02
2024-06-13 06:00:15,2, 0.000000E+00, 2.867664E+02, 2.850439E+02, 0.000000E+00, 5.242252E+00, 2.945345E+02, 2.851713E+02, 2.841537E+02, 2.850958E+02, 2.848093E+02
2024-06-13 06:15:15,2, 0.000000E+00, 2.866632E+02, 2.849390E+02, 0.000000E+00, 4.863862E+00, 2.943985E+02, 2.850949E+02, 2.840961E+02, 2.849922E+02, 2.847103E+02
2024-06-13 06:30:15,2, 0.000000E+00, 2.865600E+02, 2.848775E+02, 0.000000E+00, 4.561356E+00, 2.942715E+02, 2.850551E+02, 2.840745E+02, 2.849312E+02, 2.846545E+02
2024-06-13 06:45:15,2, 0.000000E+00, 2.864568E+02, 2.848484E+02, 0.000000E+00, 4.317017E+00, 2.941531E+02, 2.850425E+02, 2.840799E+02, 2.849029E+02, 2.846312E+02
2024-06-13 07:00:15,2, 0.000000E+00, 2.863540E+02, 2.848439E+02, 0.000000E+00, 4.115701E+00, 2.940426E+02, 2.850502E+02, 2.841052E+02, 2.848990E+02, 2.846321E+02
2024-06-13 07:15:15,2, 0.000000E+00, 2.862726E+02, 2.848374E+02, 0.000000E+00, 3.708911E+00, 2.939370E+02, 2.850306E+02, 2.840892E+02, 2.848923E+02, 2.846271E+02
2024-06-13 07:30:15,2, 0.000000E+00, 2.861911E+02, 2.848124E+02, 0.000000E+00, 3.335795E+00, 2.938338E+02, 2.849958E+02, 2.840579E+02, 2.848673E+02, 2.846030E+02
2024-06-13 07:45:15,2, 0.000000E+00, 2.861097E+02, 2.847744E+02, 0.000000E+00, 2.996473E+00, 2.937326E+02, 2.849507E+02, 2.840162E+02, 2.848292E+02, 2.845659E+02
2024-06-13 08:00:15,2, 0.000000E+00, 2.860294E+02, 2.847274E+02, 0.000000E+00, 2.686470E+00, 2.936334E+02, 2.848989E+02, 2.839677E+02, 2.847821E+02, 2.845197E+02
2024-06-13 08:15:15,2, 0.000000E+00, 2.860167E+02, 2.846873E+02, 0.000000E+00, 2.245881E+00, 2.935373E+02, 2.848668E+02, 2.839473E+02, 2.847415E+02, 2.844820E+02
2024-06-13 08:30:15,2, 0.000000E+00, 2.860039E+02, 2.846636E+02, 0.000000E+00, 1.868285E+00, 2.934455E+02, 2.848489E+02, 2.839408E+02, 2.847172E+02, 2.844610E+02
2024-06-13 08:45:15,2, 0.000000E+00, 2.859911E+02, 2.846525E+02, 0.000000E+00, 1.541327E+00, 2.933578E+02, 2.848418E+02, 2.839448E+02, 2.847055E+02, 2.844524E+02
2024-06-13 09:00:15,2, 0.000000E+00, 2.859797E+02, 2.846509E+02, 0.000000E+00, 1.256262E+00, 2.932740E+02, 2.848428E+02, 2.839566E+02, 2.847034E+02, 2.844533E+02
2024-06-13 09:15:15,2, 0.000000E+00, 2.860502E+02, 2.846488E+02, 0.000000E+00, 1.015763E+00, 2.931928E+02, 2.848300E+02, 2.839487E+02, 2.846996E+02, 2.844513E+02
2024-06-13 09:30:15,2, 0.000000E+00, 2.861207E+02, 2.846394E+02, 0.000000E+00, 8.062123E-01, 2.931128E+02, 2.848113E+02, 2.839347E+02, 2.846885E+02, 2.844416E+02
2024-06-13 09:45:15,2, 0.000000E+00, 2.861913E+02, 2.846249E+02, 0.000000E+00, 6.228461E-01, 2.930341E+02, 2.847887E+02, 2.839168E+02, 2.846724E+02, 2.844269E+02
2024-06-13 10:00:15,2, 4.673193E+01, 2.862668E+02, 2.846231E+02, 4.586167E+00, 4.415981E-01, 2.929594E+02, 2.850382E+02, 2.844469E+02, 2.847026E+02, 2.844833E+02
2024-06-13 10:15:15,2, 7.340409E+01, 2.866395E+02, 2.854515E+02, 6.075172E+00,-1.327917E-01, 2.929999E+02, 2.860533E+02, 2.856553E+02, 2.856750E+02, 2.856364E+02
2024-06-13 10:30:15,2, 1.004708E+02, 2.870122E+02, 2.863754E+02, 7.143122E+00,-2.182258E-02, 2.930878E+02, 2.870049E+02, 2.867085E+02, 2.866916E+02, 2.867211E+02
2024-06-13 10:45:15,2, 1.278162E+02, 2.873849E+02, 2.873624E+02, 8.040334E+00, 9.538244E-01, 2.932217E+02, 2.880139E+02, 2.878182E+02, 2.877800E+02, 2.878762E+02
2024-06-13 11:00:15,2, 1.791186E+02, 2.877613E+02, 2.882866E+02, 8.848070E+00, 1.262251E+01, 2.933944E+02, 2.890403E+02, 2.889997E+02, 2.888377E+02, 2.889578E+02
2024-06-13 11:15:15,2, 2.108902E+02, 2.883577E+02, 2.890703E+02, 9.297908E+00, 1.661154E+01, 2.936256E+02, 2.899584E+02, 2.899966E+02, 2.898268E+02, 2.900144E+02
2024-06-13 11:30:15,2, 2.425761E+02, 2.889540E+02, 2.897516E+02, 9.717315E+00, 2.077820E+01, 2.939022E+02, 2.907593E+02, 2.908430E+02, 2.906445E+02, 2.908515E+02
2024-06-13 11:45:15,2, 2.740408E+02, 2.895503E+02, 2.904236E+02, 1.012827E+01, 2.571932E+01, 2.942218E+02, 2.915560E+02, 2.916833E+02, 2.914490E+02, 2.916747E+02
2024-06-13 12:00:15,2, 3.143468E+02, 2.901455E+02, 2.910933E+02, 1.041435E+01, 3.090801E+01, 2.945823E+02, 2.923873E+02, 2.925866E+02, 2.922574E+02, 2.925032E+02
2024-06-13 12:15:15,2, 3.458892E+02, 2.906729E+02, 2.917390E+02, 1.059625E+01, 4.432353E+01, 2.949997E+02, 2.931784E+02, 2.934275E+02, 2.930487E+02, 2.933132E+02
2024-06-13 12:30:15,2, 3.767926E+02, 2.912002E+02, 2.923460E+02, 1.069928E+01, 5.016519E+01, 2.954511E+02, 2.939048E+02, 2.942028E+02, 2.937581E+02, 2.940317E+02
2024-06-13 12:45:15,2, 4.069247E+02, 2.917276E+02, 2.929487E+02, 1.076692E+01, 5.542897E+01, 2.959330E+02, 2.946204E+02, 2.949668E+02, 2.944571E+02, 2.947396E+02
2024-06-13 13:00:15,2, 4.688453E+02, 2.922539E+02, 2.935547E+02, 1.082866E+01, 6.068718E+01, 2.964449E+02, 2.954430E+02, 2.958694E+02, 2.951799E+02, 2.954698E+02
2024-06-13 13:15:15,2, 4.991654E+02, 2.927210E+02, 2.941569E+02, 1.082647E+01, 6.674767E+01, 2.970605E+02, 2.961786E+02, 2.966109E+02, 2.959582E+02, 2.962496E+02
2024-06-13 13:30:15,2, 5.282533E+02, 2.931881E+02, 2.946791E+02, 1.078144E+01, 7.051265E+01, 2.976759E+02, 2.967791E+02, 2.972267E+02, 2.965557E+02, 2.968430E+02
2024-06-13 13:45:15,2, 5.559844E+02, 2.936552E+02, 2.951967E+02, 1.073257E+01, 7.435448E+01, 2.982924E+02, 2.973673E+02, 2.978303E+02, 2.971420E+02, 2.974260E+02
2024-06-13 14:00:15,2, 6.554605E+02, 2.941227E+02, 2.957247E+02, 1.069751E+01, 7.830895E+01, 2.989177E+02, 2.981704E+02, 2.986629E+02, 2.977869E+02, 2.980549E+02
2024-06-13 14:15:15,2, 6.832302E+02, 2.946121E+02, 2.963724E+02, 1.055867E+01, 8.463070E+01, 2.997662E+02, 2.989965E+02, 2.994575E+02, 2.986702E+02, 2.989091E+02
2024-06-13 14:30:15,2, 7.090933E+02, 2.951016E+02, 2.969088E+02, 1.041123E+01, 8.770596E+01, 3.005785E+02, 2.996011E+02, 3.000635E+02, 2.992696E+02, 2.994978E+02
2024-06-13 14:45:15,2, 7.329391E+02, 2.955910E+02, 2.974399E+02, 1.026211E+01, 9.078818E+01, 3.013624E+02, 3.001905E+02, 3.006555E+02, 2.998556E+02, 3.000748E+02
2024-06-13 15:00:15,2, 8.219747E+02, 2.960798E+02, 2.979790E+02, 1.011458E+01, 9.407045E+01, 3.021293E+02, 3.009596E+02, 3.014266E+02, 3.004901E+02, 3.006867E+02
2024-06-13 15:15:15,2, 8.432290E+02, 2.965308E+02, 2.985721E+02, 9.812937E+00, 1.011720E+02, 3.030881E+02, 3.017160E+02, 3.021484E+02, 3.012744E+02, 3.014359E+02
2024-06-13 15:30:15,2, 8.619824E+02, 2.969818E+02, 2.990652E+02, 9.587624E+00, 1.032527E+02, 3.039850E+02, 3.022681E+02, 3.026957E+02, 3.018072E+02, 3.019572E+02
2024-06-13 15:45:15,2, 8.781547E+02, 2.974328E+02, 2.995522E+02, 9.361094E+00, 1.051393E+02, 3.048305E+02, 3.028021E+02, 3.032254E+02, 3.023250E+02, 3.024649E+02
2024-06-13 16:00:15,2, 8.680786E+02, 2.978809E+02, 3.000296E+02, 9.123864E+00, 1.070205E+02, 3.056276E+02, 3.032548E+02, 3.036758E+02, 3.028100E+02, 3.029464E+02
2024-06-13 16:15:15,2, 8.786061E+02, 2.981557E+02, 3.003295E+02, 9.000810E+00, 1.127085E+02, 3.063057E+02, 3.035642E+02, 3.039930E+02, 3.030903E+02, 3.032283E+02
2024-06-13 16:30:15,2, 8.864518E+02, 2.984306E+02, 3.006349E+02, 8.833876E+00, 1.139983E+02, 3.069558E+02, 3.039031E+02, 3.043289E+02, 3.034005E+02, 3.035326E+02
2024-06-13 16:45:15,2, 8.915822E+02, 2.987054E+02, 3.009345E+02, 8.666292E+00, 1.149627E+02, 3.075746E+02, 3.042244E+02, 3.046462E+02, 3.036982E+02, 3.038245E+02
2024-06-13 17:00:15,2, 7.798384E+02, 2.989772E+02, 3.012078E+02, 8.485893E+00, 1.156364E+02, 3.081454E+02, 3.042268E+02, 3.046676E+02, 3.038881E+02, 3.040368E+02
2024-06-13 17:15:15,2, 7.795293E+02, 2.990712E+02, 3.011809E+02, 8.707888E+00, 1.186731E+02, 3.083058E+02, 3.040305E+02, 3.045303E+02, 3.036584E+02, 3.038511E+02
2024-06-13 17:30:15,2, 7.768247E+02, 2.991652E+02, 3.012778E+02, 8.649303E+00, 1.194897E+02, 3.085087E+02, 3.041186E+02, 3.046199E+02, 3.037423E+02, 3.039333E+02
2024-06-13 17:45:15,2, 7.717364E+02, 2.992592E+02, 3.013705E+02, 8.598394E+00, 1.200427E+02, 3.087293E+02, 3.041929E+02, 3.046913E+02, 3.038176E+02, 3.040057E+02
2024-06-13 18:00:15,2, 7.516080E+02, 2.993535E+02, 3.014556E+02, 8.554926E+00, 1.201296E+02, 3.089488E+02, 3.042172E+02, 3.047106E+02, 3.038712E+02, 3.040585E+02
2024-06-13 18:15:15,2, 7.419897E+02, 2.994618E+02, 3.015283E+02, 8.560876E+00, 1.145141E+02, 3.091162E+02, 3.042192E+02, 3.047037E+02, 3.038859E+02, 3.040724E+02
2024-06-13 18:30:15,2, 7.301211E+02, 2.995701E+02, 3.016130E+02, 8.543570E+00, 1.145174E+02, 3.092720E+02, 3.042419E+02, 3.047091E+02, 3.039304E+02, 3.041112E+02
2024-06-13 18:45:15,2, 7.160531E+02, 2.996784E+02, 3.016921E+02, 8.534946E+00, 1.145633E+02, 3.094087E+02, 3.042483E+02, 3.046967E+02, 3.039644E+02, 3.041395E+02
2024-06-13 19:00:15,2, 5.320819E+02, 2.997815E+02, 3.017286E+02, 8.481957E+00, 1.126996E+02, 3.095025E+02, 3.037469E+02, 3.040982E+02, 3.038392E+02, 3.040296E+02
2024-06-13 19:15:15,2, 5.181861E+02, 2.995789E+02, 3.012537E+02, 9.022350E+00, 8.916045E+01, 3.090875E+02, 3.030013E+02, 3.033714E+02, 3.030582E+02, 3.032694E+02
2024-06-13 19:30:15,2, 5.027761E+02, 2.993762E+02, 3.010240E+02, 9.160591E+00, 8.660430E+01, 3.087641E+02, 3.027570E+02, 3.031103E+02, 3.028188E+02, 3.030310E+02
2024-06-13 19:45:15,2, 4.859180E+02, 2.991736E+02, 3.007937E+02, 9.298748E+00, 8.402486E+01, 3.084975E+02, 3.025144E+02, 3.028447E+02, 3.025821E+02, 3.027942E+02
2024-06-13 20:00:15,2, 5.759238E+02, 2.989748E+02, 3.005846E+02, 9.502029E+00, 8.279875E+01, 3.082746E+02, 3.026205E+02, 3.030089E+02, 3.024456E+02, 3.026488E+02
2024-06-13 20:15:15,2, 5.518713E+02, 2.990033E+02, 3.007253E+02, 9.340704E+00, 1.046008E+02, 3.083526E+02, 3.028091E+02, 3.031341E+02, 3.027358E+02, 3.029306E+02
2024-06-13 20:30:15,2, 5.263236E+02, 2.990319E+02, 3.006887E+02, 9.429286E+00, 1.042893E+02, 3.083522E+02, 3.026285E+02, 3.029020E+02, 3.026173E+02, 3.028019E+02
2024-06-13 20:45:15,2, 4.993900E+02, 2.990605E+02, 3.006455E+02, 9.500234E+00, 1.034677E+02, 3.082880E+02, 3.024324E+02, 3.026622E+02, 3.024853E+02, 3.026612E+02
2024-06-13 21:00:15,2, 3.844367E+02, 2.990839E+02, 3.005745E+02, 9.461866E+00, 1.012803E+02, 3.081629E+02, 3.019319E+02, 3.020177E+02, 3.022582E+02, 3.024273E+02
2024-06-13 21:15:15,2, 3.604871E+02, 2.987993E+02, 3.000897E+02, 9.793426E+00, 8.077835E+01, 3.077854E+02, 3.012204E+02, 3.012450E+02, 3.015403E+02, 3.016858E+02
2024-06-13 21:30:15,2, 3.357019E+02, 2.985147E+02, 2.997405E+02, 9.943079E+00, 7.674927E+01, 3.074275E+02, 3.007874E+02, 3.007503E+02, 3.011278E+02, 3.012650E+02
2024-06-13 21:45:15,2, 3.101873E+02, 2.982301E+02, 2.993912E+02, 1.006324E+01, 7.244444E+01, 3.070772E+02, 3.003534E+02, 3.002523E+02, 3.007139E+02, 3.008423E+02
2024-06-13 22:00:15,2, 2.401799E+02, 2.979446E+02, 2.990283E+02, 9.911340E+00, 6.785451E+01, 3.067238E+02, 2.997528E+02, 2.994738E+02, 3.002481E+02, 3.003601E+02
2024-06-13 22:15:15,2, 2.176521E+02, 2.976081E+02, 2.985090E+02, 1.000788E+01, 6.641918E+01, 3.062824E+02, 2.990795E+02, 2.987137E+02, 2.995310E+02, 2.996048E+02
2024-06-13 22:30:15,2, 1.947909E+02, 2.972716E+02, 2.981032E+02, 9.947409E+00, 6.253492E+01, 3.058589E+02, 2.985924E+02, 2.981613E+02, 2.990353E+02, 2.991041E+02
2024-06-13 22:45:15,2, 1.716944E+02, 2.969351E+02, 2.977010E+02, 9.768105E+00, 5.730155E+01, 3.054454E+02, 2.981101E+02, 2.976049E+02, 2.985389E+02, 2.985828E+02
2024-06-13 23:00:15,2, 1.622823E+02, 2.965989E+02, 2.972993E+02, 9.703063E+00, 5.223798E+01, 3.050375E+02, 2.976809E+02, 2.971566E+02, 2.980484E+02, 2.980494E+02
2024-06-13 23:15:15,2, 1.368460E+02, 2.962799E+02, 2.969376E+02, 9.196291E+00, 5.956324E+01, 3.046486E+02, 2.972356E+02, 2.966501E+02, 2.976167E+02, 2.976123E+02
2024-06-13 23:30:15,2, 1.114783E+02, 2.959609E+02, 2.965250E+02, 8.461623E+00, 5.415869E+01, 3.042490E+02, 2.967228E+02, 2.960635E+02, 2.970815E+02, 2.970523E+02
2024-06-13 23:45:15,2, 8.628761E+01, 2.956419E+02, 2.961087E+02, 7.418739E+00, 4.712794E+01, 3.038425E+02, 2.962202E+02, 2.954894E+02, 2.965517E+02, 2.964920E+02
2024-06-14 00:00:15,1, 4.418665E+01, 2.953234E+02, 2.956923E+02, 4.572088E+00, 3.780197E+01, 3.034309E+02, 2.956812E+02, 2.948316E+02, 2.960082E+02, 2.959088E+02
2024-06-14 00:15:15,1, 2.673222E+01, 2.950349E+02, 2.952512E+02, 2.987753E+00, 2.921463E+01, 3.030055E+02, 2.952157E+02, 2.943210E+02, 2.954384E+02, 2.952685E+02
2024-06-14 00:30:15,1, 9.630265E+00, 2.947465E+02, 2.948718E+02, 1.162232E+00, 2.369719E+01, 3.026043E+02, 2.948297E+02, 2.939321E+02, 2.949843E+02, 2.947644E+02
2024-06-14 00:45:15,1, 0.000000E+00, 2.944580E+02, 2.944665E+02, 0.000000E+00, 1.763161E+01, 3.022229E+02, 2.943897E+02, 2.934823E+02, 2.945387E+02, 2.942753E+02
2024-06-14 01:00:15,1, 0.000000E+00, 2.941715E+02, 2.941039E+02, 0.000000E+00, 1.627276E+01, 3.018772E+02, 2.940514E+02, 2.931420E+02, 2.941731E+02, 2.939087E+02
2024-06-14 01:15:15,1, 0.000000E+00, 2.940016E+02, 2.937717E+02, 0.000000E+00, 9.636048E+00, 3.015641E+02, 2.937121E+02, 2.927688E+02, 2.938388E+02, 2.935679E+02
2024-06-14 01:30:15,1, 0.000000E+00, 2.938318E+02, 2.934344E+02, 0.000000E+00, 7.234730E+00, 3.012772E+02, 2.933842E+02, 2.924230E+02, 2.935022E+02, 2.932266E+02
2024-06-14 01:45:15,1, 0.000000E+00, 2.936619E+02, 2.931215E+02, 0.000000E+00, 7.932657E+00, 3.010058E+02, 2.930858E+02, 2.921283E+02, 2.931860E+02, 2.929113E+02
2024-06-14 02:00:15,1, 0.000000E+00, 2.934926E+02, 2.928356E+02, 0.000000E+00, 8.318839E+00, 3.007464E+02, 2.928105E+02, 2.918584E+02, 2.928975E+02, 2.926242E+02
2024-06-14 02:15:15,1, 0.000000E+00, 2.933575E+02, 2.925640E+02, 0.000000E+00, 8.172226E+00, 3.004975E+02, 2.925418E+02, 2.915921E+02, 2.926233E+02, 2.923507E+02
2024-06-14 02:30:15,1, 0.000000E+00, 2.932224E+02, 2.922995E+02, 0.000000E+00, 8.077799E+00, 3.002576E+02, 2.922795E+02, 2.913308E+02, 2.923564E+02, 2.920843E+02
2024-06-14 02:45:15,1, 0.000000E+00, 2.930873E+02, 2.920405E+02, 0.000000E+00, 8.042499E+00, 3.000258E+02, 2.920222E+02, 2.910730E+02, 2.920955E+02, 2.918236E+02
2024-06-14 03:00:15,1, 0.000000E+00, 2.929522E+02, 2.917866E+02, 0.000000E+00, 8.024786E+00, 2.998013E+02, 2.917689E+02, 2.908183E+02, 2.918394E+02, 2.915672E+02
2024-06-14 03:15:15,1, 0.000000E+00, 2.928172E+02, 2.915511E+02, 0.000000E+00, 7.801251E+00, 2.995852E+02, 2.915489E+02, 2.906059E+02, 2.916026E+02, 2.913323E+02
2024-06-14 03:30:15,1, 0.000000E+00, 2.926823E+02, 2.913414E+02, 0.000000E+00, 7.633179E+00, 2.993782E+02, 2.913506E+02, 2.904143E+02, 2.913916E+02, 2.911235E+02
2024-06-14 03:45:15,1, 0.000000E+00, 2.925473E+02, 2.911509E+02, 0.000000E+00, 7.499712E+00, 2.991798E+02, 2.911681E+02, 2.902379E+02, 2.911999E+02, 2.909337E+02
2024-06-14 04:00:15,1, 0.000000E+00, 2.924125E+02, 2.909747E+02, 0.000000E+00, 7.384989E+00, 2.989891E+02, 2.909980E+02, 2.900732E+02, 2.910227E+02, 2.907582E+02
2024-06-14 04:15:15,1, 0.000000E+00, 2.922831E+02, 2.908216E+02, 0.000000E+00, 7.089137E+00, 2.988070E+02, 2.908621E+02, 2.899505E+02, 2.908694E+02, 2.906083E+02
2024-06-14 04:30:15,1, 0.000000E+00, 2.921536E+02, 2.906962E+02, 0.000000E+00, 6.853006E+00, 2.986342E+02, 2.907500E+02, 2.898507E+02, 2.907441E+02, 2.904866E+02
2024-06-14 04:45:15,1, 0.000000E+00, 2.920242E+02, 2.905915E+02, 0.000000E+00, 6.660956E+00, 2.984700E+02, 2.906549E+02, 2.897674E+02, 2.906392E+02, 2.903851E+02
2024-06-14 05:00:15,1, 0.000000E+00, 2.918956E+02, 2.905026E+02, 0.000000E+00, 6.493466E+00, 2.983137E+02, 2.905737E+02, 2.896979E+02, 2.905501E+02, 2.902993E+02
2024-06-14 05:15:15,1, 0.000000E+00, 2.918145E+02, 2.904585E+02, 0.000000E+00, 5.863439E+00, 2.981687E+02, 2.905701E+02, 2.897281E+02, 2.905074E+02, 2.902651E+02
2024-06-14 05:30:15,1, 0.000000E+00, 2.917333E+02, 2.904755E+02, 0.000000E+00, 5.367582E+00, 2.980376E+02, 2.906177E+02, 2.898087E+02, 2.905252E+02, 2.902920E+02
2024-06-14 05:45:15,1, 0.000000E+00, 2.916522E+02, 2.905368E+02, 0.000000E+00, 4.973087E+00, 2.979197E+02, 2.907036E+02, 2.899269E+02, 2.905884E+02, 2.903642E+02
2024-06-14 06:00:15,1, 0.000000E+00, 2.915765E+02, 2.906305E+02, 0.000000E+00, 4.665364E+00, 2.978138E+02, 2.908160E+02, 2.900714E+02, 2.906840E+02, 2.904686E+02
2024-06-14 06:15:15,1, 0.000000E+00, 2.918190E+02, 2.907356E+02, 0.000000E+00, 4.552851E+00, 2.977168E+02, 2.909059E+02, 2.901810E+02, 2.907865E+02, 2.905773E+02
2024-06-14 06:30:15,1, 0.000000E+00, 2.920615E+02, 2.908387E+02, 0.000000E+00, 4.477507E+00, 2.976373E+02, 2.909955E+02, 2.902891E+02, 2.908869E+02, 2.906829E+02
2024-06-14 06:45:15,1, 0.000000E+00, 2.923040E+02, 2.909417E+02, 0.000000E+00, 4.431783E+00, 2.975706E+02, 2.910865E+02, 2.903978E+02, 2.909874E+02, 2.907884E+02
2024-06-14 07:00:15,1, 0.000000E+00, 2.925401E+02, 2.910456E+02, 0.000000E+00, 4.406594E+00, 2.975137E+02, 2.911786E+02, 2.905063E+02, 2.910889E+02, 2.908947E+02
2024-06-14 07:15:15,1, 0.000000E+00, 2.924029E+02, 2.910913E+02, 0.000000E+00, 4.189343E+00, 2.974572E+02, 2.911638E+02, 2.904695E+02, 2.911332E+02, 2.909345E+02
2024-06-14 07:30:15,1, 0.000000E+00, 2.922656E+02, 2.910449E+02, 0.000000E+00, 3.921825E+00, 2.973871E+02, 2.910736E+02, 2.903572E+02, 2.910864E+02, 2.908817E+02
2024-06-14 07:45:15,1, 0.000000E+00, 2.921284E+02, 2.909327E+02, 0.000000E+00, 3.622263E+00, 2.973061E+02, 2.909298E+02, 2.901916E+02, 2.909726E+02, 2.907620E+02
2024-06-14 08:00:15,1, 0.000000E+00, 2.919918E+02, 2.907729E+02, 0.000000E+00, 3.311535E+00, 2.972163E+02, 2.907484E+02, 2.899895E+02, 2.908113E+02, 2.905950E+02
2024-06-14 08:15:15,1, 0.000000E+00, 2.918948E+02, 2.906265E+02, 0.000000E+00, 3.206077E+00, 2.971242E+02, 2.906375E+02, 2.898910E+02, 2.906660E+02, 2.904516E+02
2024-06-14 08:30:15,1, 0.000000E+00, 2.917978E+02, 2.905301E+02, 0.000000E+00, 3.130719E+00, 2.970342E+02, 2.905671E+02, 2.898325E+02, 2.905699E+02, 2.903590E+02
2024-06-14 08:45:15,1, 0.000000E+00, 2.917008E+02, 2.904693E+02, 0.000000E+00, 3.075802E+00, 2.969474E+02, 2.905255E+02, 2.898029E+02, 2.905097E+02, 2.903023E+02
2024-06-14 09:00:15,1, 0.000000E+00, 2.916040E+02, 2.904338E+02, 0.000000E+00, 3.035499E+00, 2.968647E+02, 2.905040E+02, 2.897931E+02, 2.904746E+02, 2.902704E+02
2024-06-14 09:15:15,1, 0.000000E+00, 2.915187E+02, 2.904024E+02, 0.000000E+00, 2.955082E+00, 2.967840E+02, 2.904670E+02, 2.897574E+02, 2.904428E+02, 2.902396E+02
2024-06-14 09:30:15,1, 0.000000E+00, 2.914333E+02, 2.903615E+02, 0.000000E+00, 2.872345E+00, 2.967020E+02, 2.904220E+02, 2.897138E+02, 2.904018E+02, 2.901990E+02
2024-06-14 09:45:15,1, 0.000000E+00, 2.913479E+02, 2.903140E+02, 0.000000E+00, 2.788384E+00, 2.966197E+02, 2.903716E+02, 2.896648E+02, 2.903540E+02, 2.901517E+02
2024-06-14 10:00:15,1, 2.612872E+01, 2.912658E+02, 2.902678E+02, 3.212772E+00, 2.707003E+00, 2.965396E+02, 2.904184E+02, 2.897713E+02, 2.903306E+02, 2.901371E+02
2024-06-14 10:15:15,1, 4.103781E+01, 2.913713E+02, 2.905914E+02, 4.724240E+00, 2.608303E+00, 2.965339E+02, 2.908861E+02, 2.903158E+02, 2.907725E+02, 2.906646E+02
2024-06-14 10:30:15,1, 5.616843E+01, 2.914768E+02, 2.910385E+02, 6.026690E+00, 3.177795E+00, 2.965623E+02, 2.913861E+02, 2.908912E+02, 2.912815E+02, 2.912233E+02
2024-06-14 10:45:15,1, 7.145576E+01, 2.915823E+02, 2.915628E+02, 7.125948E+00, 4.886522E+00, 2.966227E+02, 2.919549E+02, 2.915473E+02, 2.918771E+02, 2.918846E+02
2024-06-14 11:00:15,1, 1.318278E+02, 2.916924E+02, 2.921020E+02, 9.618985E+00, 2.017256E+01, 2.967133E+02, 2.927140E+02, 2.925659E+02, 2.925379E+02, 2.926062E+02
2024-06-14 11:15:15,1, 1.552135E+02, 2.920726E+02, 2.927105E+02, 1.003794E+01, 2.829270E+01, 2.968987E+02, 2.934120E+02, 2.933231E+02, 2.933917E+02, 2.935354E+02
2024-06-14 11:30:15,1, 1.785375E+02, 2.924529E+02, 2.931540E+02, 1.035451E+01, 2.811312E+01, 2.971006E+02, 2.939201E+02, 2.938928E+02, 2.939459E+02, 2.941215E+02
2024-06-14 11:45:15,1, 2.017002E+02, 2.928332E+02, 2.935908E+02, 1.060830E+01, 3.093403E+01, 2.973205E+02, 2.944415E+02, 2.944824E+02, 2.944865E+02, 2.946977E+02
2024-06-14 12:00:15,1, 2.657151E+02, 2.932123E+02, 2.940343E+02, 1.107023E+01, 3.475997E+01, 2.975617E+02, 2.951499E+02, 2.953826E+02, 2.950726E+02, 2.953361E+02
2024-06-14 12:15:15,1, 2.923849E+02, 2.935258E+02, 2.945450E+02, 1.115875E+01, 5.607908E+01, 2.979064E+02, 2.958465E+02, 2.961254E+02, 2.958266E+02, 2.961383E+02
2024-06-14 12:30:15,1, 3.185162E+02, 2.938393E+02, 2.949281E+02, 1.114136E+01, 6.083123E+01, 2.982604E+02, 2.963240E+02, 2.966393E+02, 2.962942E+02, 2.966013E+02
2024-06-14 12:45:15,1, 3.439969E+02, 2.941528E+02, 2.953057E+02, 1.111412E+01, 6.496286E+01, 2.986244E+02, 2.967855E+02, 2.971437E+02, 2.967426E+02, 2.970544E+02
2024-06-14 13:00:15,1, 4.093871E+02, 2.944641E+02, 2.956891E+02, 1.113648E+01, 6.918365E+01, 2.990023E+02, 2.973948E+02, 2.978630E+02, 2.972240E+02, 2.975465E+02
2024-06-14 13:15:15,1, 4.358741E+02, 2.946473E+02, 2.960484E+02, 1.103414E+01, 7.541193E+01, 2.994917E+02, 2.979510E+02, 2.984481E+02, 2.978069E+02, 2.981544E+02
2024-06-14 13:30:15,1, 4.612868E+02, 2.948305E+02, 2.962953E+02, 1.093879E+01, 7.774481E+01, 2.999774E+02, 2.983248E+02, 2.988509E+02, 2.981466E+02, 2.984995E+02
2024-06-14 13:45:15,1, 4.855164E+02, 2.950137E+02, 2.965367E+02, 1.085913E+01, 8.032918E+01, 3.004600E+02, 2.986853E+02, 2.992382E+02, 2.984737E+02, 2.988323E+02
2024-06-14 14:00:15,1, 6.063450E+02, 2.951979E+02, 2.967933E+02, 1.083400E+01, 8.345768E+01, 3.009498E+02, 2.993580E+02, 2.999963E+02, 2.988845E+02, 2.992381E+02
2024-06-14 14:15:15,1, 6.320527E+02, 2.954455E+02, 2.972383E+02, 1.059207E+01, 9.477348E+01, 3.017238E+02, 3.000840E+02, 3.006951E+02, 2.996721E+02, 3.000160E+02
2024-06-14 14:30:15,1, 6.559985E+02, 2.956931E+02, 2.975324E+02, 1.042114E+01, 9.711692E+01, 3.024452E+02, 3.004877E+02, 3.011002E+02, 3.000574E+02, 3.003947E+02
2024-06-14 14:45:15,1, 6.780799E+02, 2.959407E+02, 2.978203E+02, 1.026984E+01, 9.952956E+01, 3.031265E+02, 3.008732E+02, 3.014868E+02, 3.004273E+02, 3.007593E+02
2024-06-14 15:00:15,1, 7.964405E+02, 2.961890E+02, 2.981201E+02, 1.014650E+01, 1.025399E+02, 3.037866E+02, 3.015323E+02, 3.021491E+02, 3.008729E+02, 3.011797E+02
2024-06-14 15:15:15,1, 8.170613E+02, 2.964776E+02, 2.985702E+02, 9.776439E+00, 1.136723E+02, 3.047370E+02, 3.022173E+02, 3.027687E+02, 3.016096E+02, 3.018673E+02
2024-06-14 15:30:15,1, 8.352609E+02, 2.967662E+02, 2.988966E+02, 9.567033E+00, 1.158627E+02, 3.056026E+02, 3.025982E+02, 3.031284E+02, 3.019794E+02, 3.022203E+02
2024-06-14 15:45:15,1, 8.509614E+02, 2.970547E+02, 2.992165E+02, 9.372560E+00, 1.179550E+02, 3.064006E+02, 3.029566E+02, 3.034664E+02, 3.023318E+02, 3.025577E+02
2024-06-14 16:00:15,1, 8.662156E+02, 2.973415E+02, 2.995311E+02, 9.186025E+00, 1.198943E+02, 3.071417E+02, 3.033016E+02, 3.037931E+02, 3.026720E+02, 3.028843E+02
2024-06-14 16:15:15,1, 8.767529E+02, 2.975235E+02, 2.997643E+02, 9.013356E+00, 1.213627E+02, 3.078408E+02, 3.035927E+02, 3.040765E+02, 3.029400E+02, 3.031423E+02
2024-06-14 16:30:15,1, 8.846161E+02, 2.977055E+02, 2.999773E+02, 8.873524E+00, 1.228433E+02, 3.084908E+02, 3.038437E+02, 3.043154E+02, 3.031656E+02, 3.033593E+02
2024-06-14 16:45:15,1, 8.897714E+02, 2.978874E+02, 3.001839E+02, 8.740197E+00, 1.242071E+02, 3.090952E+02, 3.040725E+02, 3.045317E+02, 3.033760E+02, 3.035614E+02
2024-06-14 17:00:15,1, 7.894640E+02, 2.980669E+02, 3.003668E+02, 8.600624E+00, 1.247595E+02, 3.096431E+02, 3.039956E+02, 3.044540E+02, 3.034845E+02, 3.036855E+02
2024-06-14 17:15:15,1, 7.891853E+02, 2.980981E+02, 3.002941E+02, 8.829139E+00, 1.193221E+02, 3.098069E+02, 3.037330E+02, 3.042303E+02, 3.031957E+02, 3.034307E+02
2024-06-14 17:30:15,1, 7.864832E+02, 2.981292E+02, 3.003247E+02, 8.814126E+00, 1.198649E+02, 3.099977E+02, 3.037389E+02, 3.042226E+02, 3.032061E+02, 3.034355E+02
2024-06-14 17:45:15,1, 7.813690E+02, 2.981604E+02, 3.003508E+02, 8.806349E+00, 1.203047E+02, 3.101948E+02, 3.037284E+02, 3.041937E+02, 3.032066E+02, 3.034291E+02
2024-06-14 18:00:15,1, 8.034182E+02, 2.981929E+02, 3.003765E+02, 8.811072E+00, 1.214739E+02, 3.103877E+02, 3.037807E+02, 3.042205E+02, 3.032201E+02, 3.034280E+02
2024-06-14 18:15:15,1, 7.931794E+02, 2.983059E+02, 3.004951E+02, 8.730074E+00, 1.329540E+02, 3.106585E+02, 3.038451E+02, 3.042393E+02, 3.033353E+02, 3.035203E+02
2024-06-14 18:30:15,1, 7.805364E+02, 2.984188E+02, 3.005799E+02, 8.718096E+00, 1.342465E+02, 3.108816E+02, 3.038126E+02, 3.041747E+02, 3.033563E+02, 3.035292E+02
2024-06-14 18:45:15,1, 7.655433E+02, 2.985318E+02, 3.006579E+02, 8.709587E+00, 1.353071E+02, 3.110587E+02, 3.037625E+02, 3.040939E+02, 3.033657E+02, 3.035278E+02
2024-06-14 19:00:15,1, 7.075410E+02, 2.986418E+02, 3.007214E+02, 8.697304E+00, 1.351126E+02, 3.111859E+02, 3.035821E+02, 3.038830E+02, 3.033285E+02, 3.034887E+02
2024-06-14 19:15:15,1, 6.891111E+02, 2.985765E+02, 3.005995E+02, 8.806010E+00, 1.188971E+02, 3.111465E+02, 3.033503E+02, 3.036621E+02, 3.031006E+02, 3.032722E+02
2024-06-14 19:30:15,1, 6.686686E+02, 2.985111E+02, 3.005073E+02, 8.842184E+00, 1.179960E+02, 3.111045E+02, 3.032063E+02, 3.035082E+02, 3.029670E+02, 3.031378E+02
2024-06-14 19:45:15,1, 6.463011E+02, 2.984458E+02, 3.004107E+02, 8.885238E+00, 1.172741E+02, 3.110488E+02, 3.030480E+02, 3.033390E+02, 3.028236E+02, 3.029942E+02
2024-06-14 20:00:15,1, 5.837922E+02, 2.983787E+02, 3.003018E+02, 8.920002E+00, 1.159125E+02, 3.109673E+02, 3.027586E+02, 3.030216E+02, 3.026348E+02, 3.028111E+02
2024-06-14 20:15:15,1, 5.594663E+02, 2.982029E+02, 3.000315E+02, 9.087529E+00, 1.059804E+02, 3.107431E+02, 3.023203E+02, 3.025507E+02, 3.022230E+02, 3.023985E+02
2024-06-14 20:30:15,1, 5.336253E+02, 2.980271E+02, 2.997985E+02, 9.186964E+00, 1.036813E+02, 3.105105E+02, 3.019742E+02, 3.021599E+02, 3.019131E+02, 3.020813E+02
2024-06-14 20:45:15,1, 5.063797E+02, 2.978513E+02, 2.995620E+02, 9.281626E+00, 1.012726E+02, 3.102610E+02, 3.016174E+02, 3.017588E+02, 3.015949E+02, 3.017567E+02
2024-06-14 21:00:15,1, 4.432898E+02, 2.976729E+02, 2.993132E+02, 9.339057E+00, 9.836980E+01, 3.099862E+02, 3.011323E+02, 3.011895E+02, 3.012332E+02, 3.013896E+02
2024-06-14 21:15:15,1, 4.157385E+02, 2.973397E+02, 2.988731E+02, 9.532837E+00, 9.062573E+01, 3.095973E+02, 3.005009E+02, 3.005089E+02, 3.006135E+02, 3.007511E+02
2024-06-14 21:30:15,1, 3.872238E+02, 2.970064E+02, 2.984725E+02, 9.640570E+00, 8.680194E+01, 3.092010E+02, 2.999692E+02, 2.999243E+02, 3.000979E+02, 3.002230E+02
2024-06-14 21:45:15,1, 3.578679E+02, 2.966732E+02, 2.980664E+02, 9.801546E+00, 8.296167E+01, 3.087914E+02, 2.994262E+02, 2.993092E+02, 2.995775E+02, 2.996931E+02
2024-06-14 22:00:15,1, 2.822649E+02, 2.963386E+02, 2.976447E+02, 9.752422E+00, 7.906909E+01, 3.083623E+02, 2.987151E+02, 2.984285E+02, 2.990041E+02, 2.991016E+02
2024-06-14 22:15:15,1, 2.558651E+02, 2.959260E+02, 2.970650E+02, 9.799449E+00, 8.146298E+01, 3.078358E+02, 2.979850E+02, 2.976386E+02, 2.982137E+02, 2.982717E+02
2024-06-14 22:30:15,1, 2.290730E+02, 2.955134E+02, 2.965922E+02, 9.737284E+00, 7.795746E+01, 3.073294E+02, 2.974314E+02, 2.970423E+02, 2.976410E+02, 2.976905E+02
2024-06-14 22:45:15,1, 2.020034E+02, 2.951009E+02, 2.961212E+02, 9.579811E+00, 7.328724E+01, 3.068343E+02, 2.968841E+02, 2.964512E+02, 2.970721E+02, 2.971132E+02
2024-06-14 23:00:15,1, 1.667050E+02, 2.946883E+02, 2.956473E+02, 9.219927E+00, 6.824779E+01, 3.063452E+02, 2.963116E+02, 2.957957E+02, 2.964945E+02, 2.965233E+02
2024-06-14 23:15:15,1, 1.406878E+02, 2.942786E+02, 2.951371E+02, 8.802893E+00, 6.502948E+01, 3.058481E+02, 2.956948E+02, 2.950827E+02, 2.958760E+02, 2.958899E+02
2024-06-14 23:30:15,1, 1.147392E+02, 2.938689E+02, 2.946472E+02, 8.169251E+00, 5.888008E+01, 3.053548E+02, 2.951136E+02, 2.944040E+02, 2.952805E+02, 2.952437E+02
2024-06-14 23:45:15,1, 8.897018E+01, 2.934592E+02, 2.941591E+02, 7.245922E+00, 5.164491E+01, 3.048653E+02, 2.945419E+02, 2.937380E+02, 2.946909E+02, 2.946165E+02
2024-06-14 00:00:15,2, 4.418665E+01, 2.953234E+02, 2.956903E+02, 4.589135E+00, 3.787343E+01, 3.034319E+02, 2.957090E+02, 2.948742E+02, 2.960110E+02, 2.959075E+02
2024-06-14 00:15:15,2, 2.673222E+01, 2.950349E+02, 2.952493E+02, 2.993834E+00, 2.925242E+01, 3.030067E+02, 2.952475E+02, 2.943758E+02, 2.954438E+02, 2.952733E+02
2024-06-14 00:30:15,2, 9.630265E+00, 2.947465E+02, 2.948701E+02, 1.162064E+00, 2.372955E+01, 3.026055E+02, 2.948630E+02, 2.939941E+02, 2.949918E+02, 2.947758E+02
2024-06-14 00:45:15,2, 0.000000E+00, 2.944580E+02, 2.944655E+02, 0.000000E+00, 1.765165E+01, 3.022241E+02, 2.944239E+02, 2.935457E+02, 2.945485E+02, 2.942935E+02
2024-06-14 01:00:15,2, 0.000000E+00, 2.941715E+02, 2.941029E+02, 0.000000E+00, 1.627430E+01, 3.018783E+02, 2.940858E+02, 2.932056E+02, 2.941830E+02, 2.939270E+02
2024-06-14 01:15:15,2, 0.000000E+00, 2.940016E+02, 2.937704E+02, 0.000000E+00, 9.623912E+00, 3.015652E+02, 2.937482E+02, 2.928355E+02, 2.938491E+02, 2.935870E+02
2024-06-14 01:30:15,2, 0.000000E+00, 2.938318E+02, 2.934330E+02, 0.000000E+00, 7.242702E+00, 3.012782E+02, 2.934212E+02, 2.924917E+02, 2.935123E+02, 2.932463E+02
2024-06-14 01:45:15,2, 0.000000E+00, 2.936619E+02, 2.931202E+02, 0.000000E+00, 7.944425E+00, 3.010067E+02, 2.931228E+02, 2.921967E+02, 2.931962E+02, 2.929308E+02
2024-06-14 02:00:15,2, 0.000000E+00, 2.934926E+02, 2.928342E+02, 0.000000E+00, 8.328144E+00, 3.007472E+02, 2.928474E+02, 2.919262E+02, 2.929077E+02, 2.926435E+02
2024-06-14 02:15:15,2, 0.000000E+00, 2.933575E+02, 2.925625E+02, 0.000000E+00, 8.179757E+00, 3.004983E+02, 2.925784E+02, 2.916596E+02, 2.926334E+02, 2.923698E+02
2024-06-14 02:30:15,2, 0.000000E+00, 2.932224E+02, 2.922980E+02, 0.000000E+00, 8.084050E+00, 3.002584E+02, 2.923158E+02, 2.913981E+02, 2.923664E+02, 2.921032E+02
2024-06-14 02:45:15,2, 0.000000E+00, 2.930873E+02, 2.920390E+02, 0.000000E+00, 8.048779E+00, 3.000266E+02, 2.920584E+02, 2.911402E+02, 2.921055E+02, 2.918423E+02
2024-06-14 03:00:15,2, 0.000000E+00, 2.929522E+02, 2.917851E+02, 0.000000E+00, 8.030021E+00, 2.998021E+02, 2.918051E+02, 2.908854E+02, 2.918493E+02, 2.915859E+02
2024-06-14 03:15:15,2, 0.000000E+00, 2.928172E+02, 2.915496E+02, 0.000000E+00, 7.805676E+00, 2.995859E+02, 2.915849E+02, 2.906724E+02, 2.916123E+02, 2.913507E+02
2024-06-14 03:30:15,2, 0.000000E+00, 2.926823E+02, 2.913399E+02, 0.000000E+00, 7.636908E+00, 2.993790E+02, 2.913862E+02, 2.904801E+02, 2.914012E+02, 2.911416E+02
2024-06-14 03:45:15,2, 0.000000E+00, 2.925473E+02, 2.911493E+02, 0.000000E+00, 7.502842E+00, 2.991805E+02, 2.912035E+02, 2.903032E+02, 2.912094E+02, 2.909516E+02
2024-06-14 04:00:15,2, 0.000000E+00, 2.924125E+02, 2.909731E+02, 0.000000E+00, 7.387604E+00, 2.989898E+02, 2.910332E+02, 2.901381E+02, 2.910321E+02, 2.907759E+02
2024-06-14 04:15:15,2, 0.000000E+00, 2.922831E+02, 2.908200E+02, 0.000000E+00, 7.091363E+00, 2.988077E+02, 2.908969E+02, 2.900143E+02, 2.908786E+02, 2.906256E+02
2024-06-14 04:30:15,2, 0.000000E+00, 2.921536E+02, 2.906946E+02, 0.000000E+00, 6.854876E+00, 2.986349E+02, 2.907843E+02, 2.899135E+02, 2.907531E+02, 2.905036E+02
2024-06-14 04:45:15,2, 0.000000E+00, 2.920242E+02, 2.905899E+02, 0.000000E+00, 6.662499E+00, 2.984706E+02, 2.906889E+02, 2.898293E+02, 2.906481E+02, 2.904018E+02
2024-06-14 05:00:15,2, 0.000000E+00, 2.918956E+02, 2.905009E+02, 0.000000E+00, 6.494712E+00, 2.983144E+02, 2.906073E+02, 2.897589E+02, 2.905589E+02, 2.903157E+02
2024-06-14 05:15:15,2, 0.000000E+00, 2.918145E+02, 2.904567E+02, 0.000000E+00, 5.864514E+00, 2.981693E+02, 2.906029E+02, 2.897864E+02, 2.905159E+02, 2.902806E+02
2024-06-14 05:30:15,2, 0.000000E+00, 2.917333E+02, 2.904737E+02, 0.000000E+00, 5.368628E+00, 2.980383E+02, 2.906492E+02, 2.898645E+02, 2.905329E+02, 2.903066E+02
2024-06-14 05:45:15,2, 0.000000E+00, 2.916522E+02, 2.905352E+02, 0.000000E+00, 4.974328E+00, 2.979203E+02, 2.907333E+02, 2.899802E+02, 2.905956E+02, 2.903781E+02
2024-06-14 06:00:15,2, 0.000000E+00, 2.915765E+02, 2.906291E+02, 0.000000E+00, 4.666781E+00, 2.978144E+02, 2.908444E+02, 2.901227E+02, 2.906910E+02, 2.904821E+02
2024-06-14 06:15:15,2, 0.000000E+00, 2.918190E+02, 2.907344E+02, 0.000000E+00, 4.554361E+00, 2.977174E+02, 2.909336E+02, 2.902309E+02, 2.907935E+02, 2.905905E+02
2024-06-14 06:30:15,2, 0.000000E+00, 2.920615E+02, 2.908376E+02, 0.000000E+00, 4.479021E+00, 2.976379E+02, 2.910226E+02, 2.903377E+02, 2.908938E+02, 2.906959E+02
2024-06-14 06:45:15,2, 0.000000E+00, 2.923040E+02, 2.909406E+02, 0.000000E+00, 4.433306E+00, 2.975712E+02, 2.911130E+02, 2.904450E+02, 2.909941E+02, 2.908010E+02
2024-06-14 07:00:15,2, 0.000000E+00, 2.925401E+02, 2.910445E+02, 0.000000E+00, 4.408168E+00, 2.975143E+02, 2.912046E+02, 2.905523E+02, 2.910954E+02, 2.909068E+02
2024-06-14 07:15:15,2, 0.000000E+00, 2.924029E+02, 2.910899E+02, 0.000000E+00, 4.190731E+00, 2.974577E+02, 2.911905E+02, 2.905175E+02, 2.911401E+02, 2.909473E+02
2024-06-14 07:30:15,2, 0.000000E+00, 2.922656E+02, 2.910436E+02, 0.000000E+00, 3.923082E+00, 2.973876E+02, 2.911008E+02, 2.904071E+02, 2.910936E+02, 2.908952E+02
2024-06-14 07:45:15,2, 0.000000E+00, 2.921284E+02, 2.909314E+02, 0.000000E+00, 3.623422E+00, 2.973067E+02, 2.909577E+02, 2.902434E+02, 2.909801E+02, 2.907761E+02
2024-06-14 08:00:15,2, 0.000000E+00, 2.919918E+02, 2.907716E+02, 0.000000E+00, 3.312599E+00, 2.972168E+02, 2.907771E+02, 2.900430E+02, 2.908190E+02, 2.906096E+02
2024-06-14 08:15:15,2, 0.000000E+00, 2.918948E+02, 2.906252E+02, 0.000000E+00, 3.206986E+00, 2.971247E+02, 2.906659E+02, 2.899433E+02, 2.906735E+02, 2.904660E+02
2024-06-14 08:30:15,2, 0.000000E+00, 2.917978E+02, 2.905288E+02, 0.000000E+00, 3.131477E+00, 2.970347E+02, 2.905951E+02, 2.898838E+02, 2.905773E+02, 2.903730E+02
2024-06-14 08:45:15,2, 0.000000E+00, 2.917008E+02, 2.904679E+02, 0.000000E+00, 3.076410E+00, 2.969480E+02, 2.905532E+02, 2.898533E+02, 2.905170E+02, 2.903158E+02
2024-06-14 09:00:15,2, 0.000000E+00, 2.916040E+02, 2.904325E+02, 0.000000E+00, 3.035950E+00, 2.968652E+02, 2.905314E+02, 2.898425E+02, 2.904817E+02, 2.902837E+02
2024-06-14 09:15:15,2, 0.000000E+00, 2.915187E+02, 2.904010E+02, 0.000000E+00, 2.955409E+00, 2.967846E+02, 2.904943E+02, 2.898068E+02, 2.904499E+02, 2.902528E+02
2024-06-14 09:30:15,2, 0.000000E+00, 2.914333E+02, 2.903601E+02, 0.000000E+00, 2.872579E+00, 2.967025E+02, 2.904492E+02, 2.897632E+02, 2.904089E+02, 2.902123E+02
2024-06-14 09:45:15,2, 0.000000E+00, 2.913479E+02, 2.903126E+02, 0.000000E+00, 2.788542E+00, 2.966202E+02, 2.903988E+02, 2.897141E+02, 2.903611E+02, 2.901650E+02
2024-06-14 10:00:15,2, 2.612872E+01, 2.912658E+02, 2.902664E+02, 3.216564E+00, 2.707126E+00, 2.965401E+02, 2.904434E+02, 2.898137E+02, 2.903371E+02, 2.901490E+02
2024-06-14 10:15:15,2, 4.103781E+01, 2.913713E+02, 2.905903E+02, 4.732717E+00, 2.610177E+00, 2.965343E+02, 2.909057E+02, 2.903499E+02, 2.907749E+02, 2.906697E+02
2024-06-14 10:30:15,2, 5.616843E+01, 2.914768E+02, 2.910376E+02, 6.040471E+00, 3.180890E+00, 2.965627E+02, 2.914020E+02, 2.909190E+02, 2.912822E+02, 2.912261E+02
2024-06-14 10:45:15,2, 7.145576E+01, 2.915823E+02, 2.915624E+02, 7.144227E+00, 4.884120E+00, 2.966231E+02, 2.919690E+02, 2.915730E+02, 2.918779E+02, 2.918909E+02
2024-06-14 11:00:15,2, 1.318278E+02, 2.916924E+02, 2.921017E+02, 9.630128E+00, 2.015738E+01, 2.967136E+02, 2.927141E+02, 2.925534E+02, 2.925337E+02, 2.925964E+02
2024-06-14 11:15:15,2, 1.552135E+02, 2.920726E+02, 2.927101E+02, 1.004493E+01, 2.830952E+01, 2.968992E+02, 2.934074E+02, 2.933015E+02, 2.933847E+02, 2.935173E+02
2024-06-14 11:30:15,2, 1.785375E+02, 2.924529E+02, 2.931536E+02, 1.035878E+01, 2.813042E+01, 2.971011E+02, 2.939123E+02, 2.938648E+02, 2.939378E+02, 2.941016E+02
2024-06-14 11:45:15,2, 2.017002E+02, 2.928332E+02, 2.935906E+02, 1.061191E+01, 3.094522E+01, 2.973210E+02, 2.944306E+02, 2.944491E+02, 2.944775E+02, 2.946756E+02
2024-06-14 12:00:15,2, 2.657151E+02, 2.932123E+02, 2.940340E+02, 1.107536E+01, 3.477283E+01, 2.975622E+02, 2.951309E+02, 2.953294E+02, 2.950616E+02, 2.953087E+02
2024-06-14 12:15:15,2, 2.923849E+02, 2.935258E+02, 2.945443E+02, 1.116446E+01, 5.608746E+01, 2.979069E+02, 2.958239E+02, 2.960647E+02, 2.958129E+02, 2.961024E+02
2024-06-14 12:30:15,2, 3.185162E+02, 2.938393E+02, 2.949274E+02, 1.114748E+01, 6.084742E+01, 2.982608E+02, 2.962994E+02, 2.965747E+02, 2.962803E+02, 2.965650E+02
2024-06-14 12:45:15,2, 3.439969E+02, 2.941528E+02, 2.953050E+02, 1.112043E+01, 6.498326E+01, 2.986248E+02, 2.967591E+02, 2.970752E+02, 2.967283E+02, 2.970174E+02
2024-06-14 13:00:15,2, 4.093871E+02, 2.944641E+02, 2.956884E+02, 1.114320E+01, 6.920669E+01, 2.990026E+02, 2.973641E+02, 2.977818E+02, 2.972089E+02, 2.975067E+02
2024-06-14 13:15:15,2, 4.358741E+02, 2.946473E+02, 2.960473E+02, 1.104114E+01, 7.543116E+01, 2.994920E+02, 2.979181E+02, 2.983617E+02, 2.977904E+02, 2.981088E+02
2024-06-14 13:30:15,2, 4.612868E+02, 2.948305E+02, 2.962942E+02, 1.094587E+01, 7.776740E+01, 2.999776E+02, 2.982908E+02, 2.987616E+02, 2.981298E+02, 2.984531E+02
2024-06-14 13:45:15,2, 4.855164E+02, 2.950137E+02, 2.965356E+02, 1.086623E+01, 8.035409E+01, 3.004601E+02, 2.986503E+02, 2.991461E+02, 2.984565E+02, 2.987849E+02
2024-06-14 14:00:15,2, 6.063450E+02, 2.951979E+02, 2.967921E+02, 1.084131E+01, 8.348171E+01, 3.009498E+02, 2.993203E+02, 2.998882E+02, 2.988665E+02, 2.991863E+02
2024-06-14 14:15:15,2, 6.320527E+02, 2.954455E+02, 2.972358E+02, 1.060102E+01, 9.478390E+01, 3.017238E+02, 3.000454E+02, 3.005820E+02, 2.996531E+02, 2.999545E+02
2024-06-14 14:30:15,2, 6.559985E+02, 2.956931E+02, 2.975298E+02, 1.043037E+01, 9.713457E+01, 3.024451E+02, 3.004492E+02, 3.009863E+02, 3.000385E+02, 3.003328E+02
2024-06-14 14:45:15,2, 6.780799E+02, 2.959407E+02, 2.978177E+02, 1.027920E+01, 9.955127E+01, 3.031263E+02, 3.008347E+02, 3.013721E+02, 3.004083E+02, 3.006970E+02
2024-06-14 15:00:15,2, 7.964405E+02, 2.961890E+02, 2.981174E+02, 1.015603E+01, 1.025617E+02, 3.037864E+02, 3.014949E+02, 3.020249E+02, 3.008540E+02, 3.011142E+02
2024-06-14 15:15:15,2, 8.170613E+02, 2.964776E+02, 2.985661E+02, 9.788597E+00, 1.136953E+02, 3.047367E+02, 3.021807E+02, 3.026424E+02, 3.015910E+02, 3.017950E+02
2024-06-14 15:30:15,2, 8.352609E+02, 2.967662E+02, 2.988924E+02, 9.579347E+00, 1.158945E+02, 3.056022E+02, 3.025628E+02, 3.030038E+02, 3.019613E+02, 3.021488E+02
2024-06-14 15:45:15,2, 8.509614E+02, 2.970547E+02, 2.992122E+02, 9.384960E+00, 1.179929E+02, 3.064002E+02, 3.029223E+02, 3.033433E+02, 3.023141E+02, 3.024869E+02
2024-06-14 16:00:15,2, 8.662156E+02, 2.973415E+02, 2.995268E+02, 9.198506E+00, 1.199384E+02, 3.071412E+02, 3.032684E+02, 3.036712E+02, 3.026547E+02, 3.028141E+02
2024-06-14 16:15:15,2, 8.767529E+02, 2.975235E+02, 2.997599E+02, 9.025655E+00, 1.214135E+02, 3.078402E+02, 3.035600E+02, 3.039549E+02, 3.029230E+02, 3.030725E+02
2024-06-14 16:30:15,2, 8.846161E+02, 2.977055E+02, 2.999730E+02, 8.884686E+00, 1.228771E+02, 3.084902E+02, 3.038119E+02, 3.041957E+02, 3.031489E+02, 3.032901E+02
2024-06-14 16:45:15,2, 8.897714E+02, 2.978874E+02, 3.001795E+02, 8.754215E+00, 1.242752E+02, 3.090946E+02, 3.040410E+02, 3.044122E+02, 3.033595E+02, 3.034927E+02
2024-06-14 17:00:15,2, 7.894640E+02, 2.980669E+02, 3.003625E+02, 8.616340E+00, 1.248567E+02, 3.096424E+02, 3.039629E+02, 3.043419E+02, 3.034682E+02, 3.036198E+02
2024-06-14 17:15:15,2, 7.891853E+02, 2.980981E+02, 3.002910E+02, 8.841709E+00, 1.194084E+02, 3.098061E+02, 3.037007E+02, 3.041222E+02, 3.031795E+02, 3.033721E+02
2024-06-14 17:30:15,2, 7.864832E+02, 2.981292E+02, 3.003218E+02, 8.823840E+00, 1.199268E+02, 3.099968E+02, 3.037076E+02, 3.041159E+02, 3.031902E+02, 3.033776E+02
2024-06-14 17:45:15,2, 7.813690E+02, 2.981604E+02, 3.003478E+02, 8.815865E+00, 1.203615E+02, 3.101939E+02, 3.036978E+02, 3.040889E+02, 3.031911E+02, 3.033721E+02
2024-06-14 18:00:15,2, 8.034182E+02, 2.981929E+02, 3.003736E+02, 8.820393E+00, 1.215268E+02, 3.103868E+02, 3.037514E+02, 3.041158E+02, 3.032049E+02, 3.033713E+02
2024-06-14 18:15:15,2, 7.931794E+02, 2.983059E+02, 3.004917E+02, 8.739989E+00, 1.330075E+02, 3.106575E+02, 3.038171E+02, 3.041371E+02, 3.033207E+02, 3.034634E+02
2024-06-14 18:30:15,2, 7.805364E+02, 2.984188E+02, 3.005764E+02, 8.727749E+00, 1.342994E+02, 3.108806E+02, 3.037859E+02, 3.040760E+02, 3.033422E+02, 3.034741E+02
2024-06-14 18:45:15,2, 7.655433E+02, 2.985318E+02, 3.006545E+02, 8.718972E+00, 1.353578E+02, 3.110577E+02, 3.037371E+02, 3.039987E+02, 3.033522E+02, 3.034743E+02
2024-06-14 19:00:15,2, 7.075410E+02, 2.986418E+02, 3.007181E+02, 8.706425E+00, 1.351638E+02, 3.111849E+02, 3.035575E+02, 3.037942E+02, 3.033155E+02, 3.034379E+02
2024-06-14 19:15:15,2, 6.891111E+02, 2.985765E+02, 3.005968E+02, 8.813909E+00, 1.189450E+02, 3.111456E+02, 3.033259E+02, 3.035751E+02, 3.030879E+02, 3.032246E+02
2024-06-14 19:30:15,2, 6.686686E+02, 2.985111E+02, 3.005046E+02, 8.849941E+00, 1.180397E+02, 3.111036E+02, 3.031821E+02, 3.034220E+02, 3.029544E+02, 3.030908E+02
2024-06-14 19:45:15,2, 6.463011E+02, 2.984458E+02, 3.004081E+02, 8.892857E+00, 1.173157E+02, 3.110480E+02, 3.030239E+02, 3.032535E+02, 3.028112E+02, 3.029477E+02
2024-06-14 20:00:15,2, 5.837922E+02, 2.983787E+02, 3.002992E+02, 8.927442E+00, 1.159536E+02, 3.109665E+02, 3.027349E+02, 3.029413E+02, 3.026226E+02, 3.027663E+02
2024-06-14 20:15:15,2, 5.594663E+02, 2.982029E+02, 3.000295E+02, 9.093971E+00, 1.060180E+02, 3.107424E+02, 3.022985E+02, 3.024755E+02, 3.022116E+02, 3.023581E+02
2024-06-14 20:30:15,2, 5.336253E+02, 2.980271E+02, 2.997966E+02, 9.193247E+00, 1.037131E+02, 3.105098E+02, 3.019538E+02, 3.020884E+02, 3.019021E+02, 3.020422E+02
2024-06-14 20:45:15,2, 5.063797E+02, 2.978513E+02, 2.995601E+02, 9.287785E+00, 1.013004E+02, 3.102604E+02, 3.015985E+02, 3.016907E+02, 3.015843E+02, 3.017186E+02
2024-06-14 21:00:15,2, 4.432898E+02, 2.976729E+02, 2.993112E+02, 9.353887E+00, 9.841195E+01, 3.099857E+02, 3.011150E+02, 3.011311E+02, 3.012233E+02, 3.013542E+02
2024-06-14 21:15:15,2, 4.157385E+02, 2.973397E+02, 2.988720E+02, 9.528727E+00, 9.062051E+01, 3.095969E+02, 3.004872E+02, 3.004576E+02, 3.006054E+02, 3.007217E+02
2024-06-14 21:30:15,2, 3.872238E+02, 2.970064E+02, 2.984719E+02, 9.626380E+00, 8.670590E+01, 3.092008E+02, 2.999583E+02, 2.998782E+02, 3.000910E+02, 3.001958E+02
2024-06-14 21:45:15,2, 3.578679E+02, 2.966732E+02, 2.980648E+02, 9.811795E+00, 8.302154E+01, 3.087914E+02, 2.994156E+02, 2.992631E+02, 2.995703E+02, 2.996670E+02
2024-06-14 22:00:15,2, 2.822649E+02, 2.963386E+02, 2.976433E+02, 9.758414E+00, 7.910113E+01, 3.083624E+02, 2.987114E+02, 2.984024E+02, 2.989984E+02, 2.990798E+02
2024-06-14 22:15:15,2, 2.558651E+02, 2.959260E+02, 2.970643E+02, 9.803820E+00, 8.148651E+01, 3.078360E+02, 2.979847E+02, 2.976198E+02, 2.982104E+02, 2.982581E+02
2024-06-14 22:30:15,2, 2.290730E+02, 2.955134E+02, 2.965916E+02, 9.740688E+00, 7.797191E+01, 3.073296E+02, 2.974328E+02, 2.970265E+02, 2.976382E+02, 2.976780E+02
2024-06-14 22:45:15,2, 2.020034E+02, 2.951009E+02, 2.961206E+02, 9.582341E+00, 7.329494E+01, 3.068347E+02, 2.968874E+02, 2.964383E+02, 2.970697E+02, 2.971018E+02
2024-06-14 23:00:15,2, 1.667050E+02, 2.946883E+02, 2.956467E+02, 9.222573E+00, 6.824948E+01, 3.063458E+02, 2.963189E+02, 2.957903E+02, 2.964927E+02, 2.965137E+02
2024-06-14 23:15:15,2, 1.406878E+02, 2.942786E+02, 2.951368E+02, 8.809566E+00, 6.502408E+01, 3.058489E+02, 2.957069E+02, 2.950849E+02, 2.958753E+02, 2.958841E+02
2024-06-14 23:30:15,2, 1.147392E+02, 2.938689E+02, 2.946463E+02, 8.187643E+00, 5.893459E+01, 3.053558E+02, 2.951299E+02, 2.944126E+02, 2.952794E+02, 2.952388E+02
2024-06-14 23:45:15,2, 8.897018E+01, 2.934592E+02, 2.941574E+02, 7.283981E+00, 5.178682E+01, 3.048665E+02, 2.945627E+02, 2.937558E+02, 2.946887E+02, 2.946124E+02
2024-06-15 00:00:15,1, 4.212694E+01, 2.930500E+02, 2.936711E+02, 4.399514E+00, 4.296176E+01, 3.043790E+02, 2.939573E+02, 2.930029E+02, 2.940831E+02, 2.939549E+02
2024-06-15 00:15:15,1, 2.565311E+01, 2.926744E+02, 2.931770E+02, 2.906954E+00, 2.971675E+01, 3.038749E+02, 2.934154E+02, 2.924126E+02, 2.934405E+02, 2.932295E+02
2024-06-15 00:30:15,1, 9.510878E+00, 2.922988E+02, 2.927533E+02, 1.164053E+00, 2.137683E+01, 3.033961E+02, 2.929646E+02, 2.919510E+02, 2.929383E+02, 2.926828E+02
2024-06-15 00:45:15,1, 0.000000E+00, 2.919232E+02, 2.923157E+02, 0.000000E+00, 1.475785E+01, 3.029398E+02, 2.924585E+02, 2.914156E+02, 2.924500E+02, 2.921517E+02
2024-06-15 01:00:15,1, 0.000000E+00, 2.915497E+02, 2.918996E+02, 0.000000E+00, 1.297092E+01, 3.025231E+02, 2.920219E+02, 2.909293E+02, 2.920260E+02, 2.917127E+02
2024-06-15 01:15:15,1, 0.000000E+00, 2.912997E+02, 2.915701E+02, 0.000000E+00, 9.003053E+00, 3.021489E+02, 2.917088E+02, 2.905836E+02, 2.916882E+02, 2.913633E+02
2024-06-15 01:30:15,1, 0.000000E+00, 2.910498E+02, 2.913013E+02, 0.000000E+00, 8.415856E+00, 3.018101E+02, 2.914469E+02, 2.903184E+02, 2.914155E+02, 2.910900E+02
2024-06-15 01:45:15,1, 0.000000E+00, 2.907998E+02, 2.910553E+02, 0.000000E+00, 8.453425E+00, 3.014964E+02, 2.912087E+02, 2.900835E+02, 2.911682E+02, 2.908440E+02
2024-06-15 02:00:15,1, 0.000000E+00, 2.905497E+02, 2.908214E+02, 0.000000E+00, 8.679831E+00, 3.012024E+02, 2.909838E+02, 2.898645E+02, 2.909345E+02, 2.906123E+02
2024-06-15 02:15:15,1, 0.000000E+00, 2.902938E+02, 2.905545E+02, 0.000000E+00, 7.463076E+00, 3.009193E+02, 2.906714E+02, 2.895210E+02, 2.906625E+02, 2.903343E+02
2024-06-15 02:30:15,1, 0.000000E+00, 2.900378E+02, 2.902400E+02, 0.000000E+00, 5.086332E+00, 3.006459E+02, 2.903111E+02, 2.891003E+02, 2.903395E+02, 2.899979E+02
2024-06-15 02:45:15,1, 0.000000E+00, 2.897819E+02, 2.898884E+02, 0.000000E+00, 4.318903E+00, 3.003819E+02, 2.899324E+02, 2.886855E+02, 2.899813E+02, 2.896292E+02
2024-06-15 03:00:15,1, 0.000000E+00, 2.895270E+02, 2.895166E+02, 0.000000E+00, 4.290781E+00, 3.001182E+02, 2.895446E+02, 2.882795E+02, 2.896042E+02, 2.892468E+02
2024-06-15 03:15:15,1, 0.000000E+00, 2.893365E+02, 2.891755E+02, 0.000000E+00, 4.042698E+00, 2.998602E+02, 2.892401E+02, 2.879927E+02, 2.892608E+02, 2.889059E+02
2024-06-15 03:30:15,1, 0.000000E+00, 2.891460E+02, 2.888919E+02, 0.000000E+00, 3.981789E+00, 2.996129E+02, 2.889824E+02, 2.877484E+02, 2.889753E+02, 2.886239E+02
2024-06-15 03:45:15,1, 0.000000E+00, 2.889555E+02, 2.886472E+02, 0.000000E+00, 3.974880E+00, 2.993759E+02, 2.887565E+02, 2.875333E+02, 2.887296E+02, 2.883812E+02
2024-06-15 04:00:15,1, 0.000000E+00, 2.887654E+02, 2.884298E+02, 0.000000E+00, 3.981607E+00, 2.991483E+02, 2.885524E+02, 2.873383E+02, 2.885110E+02, 2.881653E+02
2024-06-15 04:15:15,1, 0.000000E+00, 2.885954E+02, 2.882201E+02, 0.000000E+00, 3.933951E+00, 2.989279E+02, 2.883381E+02, 2.871235E+02, 2.882993E+02, 2.879541E+02
2024-06-15 04:30:15,1, 0.000000E+00, 2.884254E+02, 2.880060E+02, 0.000000E+00, 3.858508E+00, 2.987128E+02, 2.881204E+02, 2.869053E+02, 2.880832E+02, 2.877381E+02
2024-06-15 04:45:15,1, 0.000000E+00, 2.882554E+02, 2.877891E+02, 0.000000E+00, 3.764602E+00, 2.985025E+02, 2.879009E+02, 2.866851E+02, 2.878645E+02, 2.875194E+02
2024-06-15 05:00:15,1, 0.000000E+00, 2.880858E+02, 2.875706E+02, 0.000000E+00, 3.657278E+00, 2.982965E+02, 2.876807E+02, 2.864640E+02, 2.876443E+02, 2.872991E+02
2024-06-15 05:15:15,1, 0.000000E+00, 2.879405E+02, 2.873608E+02, 0.000000E+00, 3.498071E+00, 2.980957E+02, 2.874790E+02, 2.862679E+02, 2.874331E+02, 2.870893E+02
2024-06-15 05:30:15,1, 0.000000E+00, 2.877952E+02, 2.871653E+02, 0.000000E+00, 3.360157E+00, 2.979006E+02, 2.872895E+02, 2.860832E+02, 2.872363E+02, 2.868939E+02
2024-06-15 05:45:15,1, 0.000000E+00, 2.876499E+02, 2.869804E+02, 0.000000E+00, 3.233994E+00, 2.977109E+02, 2.871089E+02, 2.859068E+02, 2.870502E+02, 2.867091E+02
2024-06-15 06:00:15,1, 0.000000E+00, 2.875051E+02, 2.868034E+02, 0.000000E+00, 3.128362E+00, 2.975262E+02, 2.869354E+02, 2.857370E+02, 2.868721E+02, 2.865322E+02
2024-06-15 06:15:15,1, 0.000000E+00, 2.873886E+02, 2.866500E+02, 0.000000E+00, 3.796497E+00, 2.973481E+02, 2.868023E+02, 2.856191E+02, 2.867182E+02, 2.863822E+02
2024-06-15 06:30:15,1, 0.000000E+00, 2.872721E+02, 2.865284E+02, 0.000000E+00, 4.387139E+00, 2.971780E+02, 2.866961E+02, 2.855269E+02, 2.865967E+02, 2.862647E+02
2024-06-15 06:45:15,1, 0.000000E+00, 2.871556E+02, 2.864301E+02, 0.000000E+00, 4.918279E+00, 2.970155E+02, 2.866086E+02, 2.854528E+02, 2.864982E+02, 2.861699E+02
2024-06-15 07:00:15,1, 0.000000E+00, 2.870393E+02, 2.863488E+02, 0.000000E+00, 5.382555E+00, 2.968599E+02, 2.865352E+02, 2.853919E+02, 2.864168E+02, 2.860920E+02
2024-06-15 07:15:15,1, 0.000000E+00, 2.869349E+02, 2.862663E+02, 0.000000E+00, 4.699442E+00, 2.967092E+02, 2.864434E+02, 2.853033E+02, 2.863336E+02, 2.860103E+02
2024-06-15 07:30:15,1, 0.000000E+00, 2.868304E+02, 2.861720E+02, 0.000000E+00, 4.090163E+00, 2.965615E+02, 2.863424E+02, 2.852056E+02, 2.862387E+02, 2.859165E+02
2024-06-15 07:45:15,1, 0.000000E+00, 2.867260E+02, 2.860700E+02, 0.000000E+00, 3.551241E+00, 2.964166E+02, 2.862356E+02, 2.851020E+02, 2.861360E+02, 2.858148E+02
2024-06-15 08:00:15,1, 0.000000E+00, 2.866231E+02, 2.859629E+02, 0.000000E+00, 3.073831E+00, 2.962743E+02, 2.861259E+02, 2.849958E+02, 2.860282E+02, 2.857080E+02
2024-06-15 08:15:15,1, 0.000000E+00, 2.866129E+02, 2.858972E+02, 0.000000E+00, 2.577735E+00, 2.961395E+02, 2.861052E+02, 2.850095E+02, 2.859636E+02, 2.856515E+02
2024-06-15 08:30:15,1, 0.000000E+00, 2.866027E+02, 2.858994E+02, 0.000000E+00, 2.203644E+00, 2.960165E+02, 2.861409E+02, 2.850779E+02, 2.859658E+02, 2.856629E+02
2024-06-15 08:45:15,1, 0.000000E+00, 2.865926E+02, 2.859512E+02, 0.000000E+00, 1.908671E+00, 2.959047E+02, 2.862179E+02, 2.851869E+02, 2.860184E+02, 2.857243E+02
2024-06-15 09:00:15,1, 0.000000E+00, 2.865825E+02, 2.860391E+02, 0.000000E+00, 1.673270E+00, 2.958034E+02, 2.863244E+02, 2.853244E+02, 2.861073E+02, 2.858217E+02
2024-06-15 09:15:15,1, 0.000000E+00, 2.865780E+02, 2.861166E+02, 0.000000E+00, 1.546860E+00, 2.957075E+02, 2.863732E+02, 2.853757E+02, 2.861834E+02, 2.858999E+02
2024-06-15 09:30:15,1, 0.000000E+00, 2.865735E+02, 2.861557E+02, 0.000000E+00, 1.414984E+00, 2.956123E+02, 2.863909E+02, 2.853963E+02, 2.862217E+02, 2.859392E+02
2024-06-15 09:45:15,1, 0.000000E+00, 2.865690E+02, 2.861681E+02, 0.000000E+00, 1.283363E+00, 2.955178E+02, 2.863872E+02, 2.853960E+02, 2.862331E+02, 2.859518E+02
2024-06-15 10:00:15,1, 3.769105E+01, 2.865688E+02, 2.861728E+02, 4.212843E+00, 1.156477E+00, 2.954264E+02, 2.865689E+02, 2.857762E+02, 2.862680E+02, 2.860047E+02
2024-06-15 10:15:15,1, 5.921908E+01, 2.868189E+02, 2.867868E+02, 5.771215E+00, 1.515184E+00, 2.954392E+02, 2.873937E+02, 2.867738E+02, 2.870334E+02, 2.869245E+02
2024-06-15 10:30:15,1, 8.106837E+01, 2.870691E+02, 2.875009E+02, 6.902784E+00, 8.007185E+00, 2.954957E+02, 2.881724E+02, 2.876675E+02, 2.878427E+02, 2.877992E+02
2024-06-15 10:45:15,1, 1.031454E+02, 2.873192E+02, 2.879447E+02, 7.583376E+00, 1.443723E+01, 2.955665E+02, 2.887045E+02, 2.882939E+02, 2.884155E+02, 2.883988E+02
2024-06-15 11:00:15,1, 1.795219E+02, 2.875713E+02, 2.883101E+02, 8.664128E+00, 1.739416E+01, 2.956725E+02, 2.894459E+02, 2.894055E+02, 2.889368E+02, 2.889942E+02
2024-06-15 11:15:15,1, 2.113836E+02, 2.879368E+02, 2.889166E+02, 9.323686E+00, 2.937561E+01, 2.958825E+02, 2.902273E+02, 2.902680E+02, 2.898218E+02, 2.900245E+02
2024-06-15 11:30:15,1, 2.431634E+02, 2.883023E+02, 2.893412E+02, 9.684705E+00, 3.345455E+01, 2.961157E+02, 2.907266E+02, 2.907785E+02, 2.903487E+02, 2.905539E+02
2024-06-15 11:45:15,1, 2.747251E+02, 2.886679E+02, 2.897590E+02, 9.957325E+00, 3.738834E+01, 2.963743E+02, 2.912174E+02, 2.912805E+02, 2.908586E+02, 2.910653E+02
2024-06-15 12:00:15,1, 3.853746E+02, 2.890338E+02, 2.901951E+02, 1.023274E+01, 4.182242E+01, 2.966639E+02, 2.920286E+02, 2.922992E+02, 2.914467E+02, 2.916733E+02
2024-06-15 12:15:15,1, 4.240737E+02, 2.894251E+02, 2.908298E+02, 1.048514E+01, 6.017596E+01, 2.971465E+02, 2.928908E+02, 2.931456E+02, 2.924248E+02, 2.927101E+02
2024-06-15 12:30:15,1, 4.619939E+02, 2.898164E+02, 2.912738E+02, 1.048867E+01, 6.479208E+01, 2.976526E+02, 2.934254E+02, 2.936532E+02, 2.929786E+02, 2.932423E+02
2024-06-15 12:45:15,1, 4.989728E+02, 2.902076E+02, 2.917127E+02, 1.050085E+01, 6.926829E+01, 2.981826E+02, 2.939473E+02, 2.941493E+02, 2.935179E+02, 2.937620E+02
2024-06-15 13:00:15,1, 5.682795E+02, 2.905975E+02, 2.921561E+02, 1.052386E+01, 7.434097E+01, 2.987382E+02, 2.945767E+02, 2.947891E+02, 2.940820E+02, 2.943078E+02
2024-06-15 13:15:15,1, 6.050695E+02, 2.909053E+02, 2.925961E+02, 1.052931E+01, 8.965769E+01, 2.994089E+02, 2.951996E+02, 2.953958E+02, 2.947265E+02, 2.949430E+02
2024-06-15 13:30:15,1, 6.403702E+02, 2.912130E+02, 2.929672E+02, 1.046024E+01, 9.468049E+01, 3.000923E+02, 2.956978E+02, 2.958894E+02, 2.952077E+02, 2.954096E+02
2024-06-15 13:45:15,1, 6.740306E+02, 2.915207E+02, 2.933349E+02, 1.038710E+01, 9.939451E+01, 3.007867E+02, 2.961852E+02, 2.963747E+02, 2.956784E+02, 2.958673E+02
2024-06-15 14:00:15,1, 6.951177E+02, 2.918273E+02, 2.936981E+02, 1.030432E+01, 1.033744E+02, 3.014871E+02, 2.966292E+02, 2.968171E+02, 2.961309E+02, 2.963106E+02
2024-06-15 14:15:15,1, 7.246148E+02, 2.920707E+02, 2.940026E+02, 1.021782E+01, 9.798458E+01, 3.021532E+02, 2.969642E+02, 2.971522E+02, 2.964323E+02, 2.965962E+02
2024-06-15 14:30:15,1, 7.520939E+02, 2.923141E+02, 2.943057E+02, 1.015425E+01, 1.009742E+02, 3.028172E+02, 2.973171E+02, 2.975020E+02, 2.967501E+02, 2.968989E+02
2024-06-15 14:45:15,1, 7.774375E+02, 2.925575E+02, 2.946030E+02, 1.009196E+01, 1.040211E+02, 3.034752E+02, 2.976628E+02, 2.978463E+02, 2.970647E+02, 2.972011E+02
2024-06-15 15:00:15,1, 6.742496E+02, 2.927984E+02, 2.948721E+02, 9.998419E+00, 1.064079E+02, 3.041073E+02, 2.976556E+02, 2.978409E+02, 2.972680E+02, 2.974191E+02
2024-06-15 15:15:15,1, 6.917316E+02, 2.928908E+02, 2.948785E+02, 9.959477E+00, 1.023218E+02, 3.043254E+02, 2.976410E+02, 2.979351E+02, 2.971004E+02, 2.972972E+02
2024-06-15 15:30:15,1, 7.071653E+02, 2.929832E+02, 2.950320E+02, 9.942209E+00, 1.047363E+02, 3.046174E+02, 2.979151E+02, 2.982582E+02, 2.973091E+02, 2.975172E+02
2024-06-15 15:45:15,1, 7.204847E+02, 2.930756E+02, 2.951836E+02, 9.902874E+00, 1.067896E+02, 3.049550E+02, 2.981820E+02, 2.985706E+02, 2.975119E+02, 2.977297E+02
2024-06-15 16:00:15,1, 6.027344E+02, 2.931669E+02, 2.953054E+02, 9.818722E+00, 1.080216E+02, 3.053028E+02, 2.980623E+02, 2.984450E+02, 2.975939E+02, 2.978367E+02
2024-06-15 16:15:15,1, 6.100901E+02, 2.931928E+02, 2.951861E+02, 9.816012E+00, 1.016933E+02, 3.052647E+02, 2.978472E+02, 2.983068E+02, 2.972590E+02, 2.975282E+02
2024-06-15 16:30:15,1, 6.155861E+02, 2.932186E+02, 2.952385E+02, 9.824763E+00, 1.027965E+02, 3.053042E+02, 2.979518E+02, 2.984414E+02, 2.973325E+02, 2.976103E+02
2024-06-15 16:45:15,1, 6.191989E+02, 2.932445E+02, 2.952896E+02, 9.814473E+00, 1.035731E+02, 3.053919E+02, 2.980504E+02, 2.985651E+02, 2.974015E+02, 2.976856E+02
2024-06-15 17:00:15,1, 6.285815E+02, 2.932707E+02, 2.953390E+02, 9.801869E+00, 1.040496E+02, 3.055083E+02, 2.981626E+02, 2.987028E+02, 2.974692E+02, 2.977573E+02
2024-06-15 17:15:15,1, 6.283872E+02, 2.933157E+02, 2.954070E+02, 9.787370E+00, 1.018323E+02, 3.056592E+02, 2.982594E+02, 2.988046E+02, 2.975557E+02, 2.978449E+02
2024-06-15 17:30:15,1, 6.262642E+02, 2.933607E+02, 2.954593E+02, 9.778339E+00, 1.020197E+02, 3.058073E+02, 2.983222E+02, 2.988694E+02, 2.976069E+02, 2.978956E+02
2024-06-15 17:45:15,1, 6.222216E+02, 2.934057E+02, 2.955067E+02, 9.772892E+00, 1.021961E+02, 3.059476E+02, 2.983700E+02, 2.989152E+02, 2.976475E+02, 2.979346E+02
2024-06-15 18:00:15,1, 5.889283E+02, 2.934507E+02, 2.955430E+02, 9.758987E+00, 1.018048E+02, 3.060735E+02, 2.983171E+02, 2.988342E+02, 2.976531E+02, 2.979386E+02
2024-06-15 18:15:15,1, 5.814535E+02, 2.934924E+02, 2.955279E+02, 9.775948E+00, 9.506236E+01, 3.061062E+02, 2.982238E+02, 2.987284E+02, 2.975500E+02, 2.978272E+02
2024-06-15 18:30:15,1, 5.722172E+02, 2.935342E+02, 2.955498E+02, 9.799734E+00, 9.443273E+01, 3.061361E+02, 2.981939E+02, 2.986779E+02, 2.975315E+02, 2.978011E+02
2024-06-15 18:45:15,1, 5.612589E+02, 2.935759E+02, 2.955673E+02, 9.821722E+00, 9.374343E+01, 3.061571E+02, 2.981527E+02, 2.986137E+02, 2.975054E+02, 2.977666E+02
2024-06-15 19:00:15,1, 7.118376E+02, 2.936172E+02, 2.956139E+02, 9.898924E+00, 9.394655E+01, 3.061832E+02, 2.985713E+02, 2.990739E+02, 2.976130E+02, 2.978466E+02
2024-06-15 19:15:15,1, 6.933426E+02, 2.936315E+02, 2.958378E+02, 9.851567E+00, 1.038888E+02, 3.066640E+02, 2.989007E+02, 2.992974E+02, 2.980996E+02, 2.983015E+02
2024-06-15 19:30:15,1, 6.728235E+02, 2.936457E+02, 2.958091E+02, 9.833687E+00, 1.026906E+02, 3.069922E+02, 2.987795E+02, 2.991175E+02, 2.980225E+02, 2.982090E+02
2024-06-15 19:45:15,1, 6.503682E+02, 2.936600E+02, 2.957704E+02, 9.843802E+00, 1.016427E+02, 3.072019E+02, 2.986302E+02, 2.989117E+02, 2.979266E+02, 2.980998E+02
2024-06-15 20:00:15,1, 6.590186E+02, 2.936725E+02, 2.957300E+02, 9.871416E+00, 1.006865E+02, 3.073200E+02, 2.985476E+02, 2.987798E+02, 2.978439E+02, 2.979999E+02
2024-06-15 20:15:15,1, 6.316175E+02, 2.935796E+02, 2.956309E+02, 9.879775E+00, 1.007921E+02, 3.074510E+02, 2.983538E+02, 2.985073E+02, 2.977482E+02, 2.978848E+02
2024-06-15 20:30:15,1, 6.025065E+02, 2.934867E+02, 2.954641E+02, 9.896589E+00, 9.862004E+01, 3.074780E+02, 2.980417E+02, 2.981301E+02, 2.975081E+02, 2.976328E+02
2024-06-15 20:45:15,1, 5.718100E+02, 2.933937E+02, 2.952899E+02, 9.915686E+00, 9.632425E+01, 3.074170E+02, 2.977078E+02, 2.977353E+02, 2.972536E+02, 2.973688E+02
2024-06-15 21:00:15,1, 5.676387E+02, 2.932994E+02, 2.951142E+02, 9.943066E+00, 9.381449E+01, 3.072826E+02, 2.974384E+02, 2.974262E+02, 2.970109E+02, 2.971163E+02
2024-06-15 21:15:15,1, 5.324370E+02, 2.931235E+02, 2.949288E+02, 9.953665E+00, 9.056107E+01, 3.071572E+02, 2.971633E+02, 2.971188E+02, 2.968056E+02, 2.969140E+02
2024-06-15 21:30:15,1, 4.960017E+02, 2.929477E+02, 2.946842E+02, 9.948055E+00, 8.751473E+01, 3.069555E+02, 2.967856E+02, 2.967204E+02, 2.964727E+02, 2.965866E+02
2024-06-15 21:45:15,1, 4.584887E+02, 2.927718E+02, 2.944331E+02, 9.936242E+00, 8.437954E+01, 3.066873E+02, 2.963888E+02, 2.963081E+02, 2.961264E+02, 2.962491E+02
2024-06-15 22:00:15,1, 3.948290E+02, 2.925948E+02, 2.941685E+02, 9.882046E+00, 8.087891E+01, 3.063595E+02, 2.958827E+02, 2.957420E+02, 2.957404E+02, 2.958701E+02
2024-06-15 22:15:15,1, 3.579998E+02, 2.923503E+02, 2.937915E+02, 9.813512E+00, 7.474369E+01, 3.059350E+02, 2.953151E+02, 2.951451E+02, 2.952082E+02, 2.953304E+02
2024-06-15 22:30:15,1, 3.206210E+02, 2.921059E+02, 2.934522E+02, 9.738025E+00, 7.039890E+01, 3.054856E+02, 2.948090E+02, 2.946141E+02, 2.947620E+02, 2.948935E+02
2024-06-15 22:45:15,1, 2.828527E+02, 2.918615E+02, 2.931065E+02, 9.606879E+00, 6.563808E+01, 3.050130E+02, 2.942866E+02, 2.940653E+02, 2.943026E+02, 2.944449E+02
2024-06-15 23:00:15,1, 2.076754E+02, 2.916153E+02, 2.927408E+02, 9.237772E+00, 6.034022E+01, 3.045200E+02, 2.935918E+02, 2.931505E+02, 2.937865E+02, 2.939126E+02
2024-06-15 23:15:15,1, 1.753937E+02, 2.912663E+02, 2.921860E+02, 8.847827E+00, 5.298773E+01, 3.039838E+02, 2.928341E+02, 2.922751E+02, 2.930282E+02, 2.930816E+02
2024-06-15 23:30:15,1, 1.431950E+02, 2.909174E+02, 2.917300E+02, 8.333161E+00, 4.707643E+01, 3.034582E+02, 2.922273E+02, 2.915686E+02, 2.924517E+02, 2.924808E+02
2024-06-15 23:45:15,1, 1.112173E+02, 2.905684E+02, 2.912691E+02, 7.512966E+00, 4.011398E+01, 3.029428E+02, 2.916226E+02, 2.908442E+02, 2.918559E+02, 2.918381E+02
2024-06-15 00:00:15,2, 4.212694E+01, 2.930500E+02, 2.936688E+02, 4.414569E+00, 4.317226E+01, 3.043803E+02, 2.939880E+02, 2.930501E+02, 2.940805E+02, 2.939548E+02
2024-06-15 00:15:15,2, 2.565311E+01, 2.926744E+02, 2.931758E+02, 2.913243E+00, 2.982467E+01, 3.038763E+02, 2.934523E+02, 2.924749E+02, 2.934446E+02, 2.932391E+02
2024-06-15 00:30:15,2, 9.510878E+00, 2.922988E+02, 2.927527E+02, 1.164495E+00, 2.143137E+01, 3.033974E+02, 2.930043E+02, 2.920201E+02, 2.929459E+02, 2.926981E+02
2024-06-15 00:45:15,2, 0.000000E+00, 2.919232E+02, 2.923153E+02, 0.000000E+00, 1.476713E+01, 3.029412E+02, 2.924993E+02, 2.914870E+02, 2.924636E+02, 2.921725E+02
2024-06-15 01:00:15,2, 0.000000E+00, 2.915497E+02, 2.918993E+02, 0.000000E+00, 1.297306E+01, 3.025244E+02, 2.920645E+02, 2.910047E+02, 2.920395E+02, 2.917347E+02
2024-06-15 01:15:15,2, 0.000000E+00, 2.912997E+02, 2.915695E+02, 0.000000E+00, 8.996150E+00, 3.021502E+02, 2.917530E+02, 2.906614E+02, 2.917022E+02, 2.913859E+02
2024-06-15 01:30:15,2, 0.000000E+00, 2.910498E+02, 2.913005E+02, 0.000000E+00, 8.402227E+00, 3.018114E+02, 2.914917E+02, 2.903967E+02, 2.914298E+02, 2.911125E+02
2024-06-15 01:45:15,2, 0.000000E+00, 2.907998E+02, 2.910543E+02, 0.000000E+00, 8.438421E+00, 3.014978E+02, 2.912538E+02, 2.901618E+02, 2.911817E+02, 2.908665E+02
2024-06-15 02:00:15,2, 0.000000E+00, 2.905497E+02, 2.908204E+02, 0.000000E+00, 8.666311E+00, 3.012039E+02, 2.910288E+02, 2.899425E+02, 2.909474E+02, 2.906347E+02
2024-06-15 02:15:15,2, 0.000000E+00, 2.902938E+02, 2.905535E+02, 0.000000E+00, 7.451878E+00, 3.009208E+02, 2.907172E+02, 2.896018E+02, 2.906769E+02, 2.903574E+02
2024-06-15 02:30:15,2, 0.000000E+00, 2.900378E+02, 2.902391E+02, 0.000000E+00, 5.080665E+00, 3.006475E+02, 2.903585E+02, 2.891868E+02, 2.903536E+02, 2.900228E+02
2024-06-15 02:45:15,2, 0.000000E+00, 2.897819E+02, 2.898878E+02, 0.000000E+00, 4.331629E+00, 3.003834E+02, 2.899812E+02, 2.887759E+02, 2.899958E+02, 2.896557E+02
2024-06-15 03:00:15,2, 0.000000E+00, 2.895270E+02, 2.895161E+02, 0.000000E+00, 4.300110E+00, 3.001195E+02, 2.895942E+02, 2.883713E+02, 2.896190E+02, 2.892737E+02
2024-06-15 03:15:15,2, 0.000000E+00, 2.893365E+02, 2.891749E+02, 0.000000E+00, 4.049256E+00, 2.998615E+02, 2.892894E+02, 2.880828E+02, 2.892753E+02, 2.889322E+02
2024-06-15 03:30:15,2, 0.000000E+00, 2.891460E+02, 2.888911E+02, 0.000000E+00, 3.986477E+00, 2.996142E+02, 2.890314E+02, 2.878372E+02, 2.889896E+02, 2.886495E+02
2024-06-15 03:45:15,2, 0.000000E+00, 2.889555E+02, 2.886461E+02, 0.000000E+00, 3.978169E+00, 2.993771E+02, 2.888051E+02, 2.876210E+02, 2.887438E+02, 2.884062E+02
2024-06-15 04:00:15,2, 0.000000E+00, 2.887654E+02, 2.884284E+02, 0.000000E+00, 3.983677E+00, 2.991495E+02, 2.886008E+02, 2.874251E+02, 2.885255E+02, 2.881898E+02
2024-06-15 04:15:15,2, 0.000000E+00, 2.885954E+02, 2.882186E+02, 0.000000E+00, 3.935255E+00, 2.989291E+02, 2.883863E+02, 2.872103E+02, 2.883133E+02, 2.879783E+02
2024-06-15 04:30:15,2, 0.000000E+00, 2.884254E+02, 2.880043E+02, 0.000000E+00, 3.859354E+00, 2.987140E+02, 2.881685E+02, 2.869920E+02, 2.880969E+02, 2.877622E+02
2024-06-15 04:45:15,2, 0.000000E+00, 2.882554E+02, 2.877874E+02, 0.000000E+00, 3.765131E+00, 2.985036E+02, 2.879490E+02, 2.867718E+02, 2.878779E+02, 2.875433E+02
2024-06-15 05:00:15,2, 0.000000E+00, 2.880858E+02, 2.875688E+02, 0.000000E+00, 3.657588E+00, 2.982977E+02, 2.877287E+02, 2.865506E+02, 2.876575E+02, 2.873229E+02
2024-06-15 05:15:15,2, 0.000000E+00, 2.879405E+02, 2.873587E+02, 0.000000E+00, 3.498234E+00, 2.980968E+02, 2.875268E+02, 2.863539E+02, 2.874462E+02, 2.871127E+02
2024-06-15 05:30:15,2, 0.000000E+00, 2.877952E+02, 2.871631E+02, 0.000000E+00, 3.360142E+00, 2.979017E+02, 2.873372E+02, 2.861686E+02, 2.872494E+02, 2.869171E+02
2024-06-15 05:45:15,2, 0.000000E+00, 2.876499E+02, 2.869780E+02, 0.000000E+00, 3.233832E+00, 2.977120E+02, 2.871565E+02, 2.859917E+02, 2.870631E+02, 2.867320E+02
2024-06-15 06:00:15,2, 0.000000E+00, 2.875051E+02, 2.868010E+02, 0.000000E+00, 3.128126E+00, 2.975273E+02, 2.869828E+02, 2.858215E+02, 2.868846E+02, 2.865548E+02
2024-06-15 06:15:15,2, 0.000000E+00, 2.873886E+02, 2.866474E+02, 0.000000E+00, 3.795686E+00, 2.973492E+02, 2.868493E+02, 2.857023E+02, 2.867301E+02, 2.864042E+02
2024-06-15 06:30:15,2, 0.000000E+00, 2.872721E+02, 2.865258E+02, 0.000000E+00, 4.385865E+00, 2.971791E+02, 2.867425E+02, 2.856090E+02, 2.866081E+02, 2.862863E+02
2024-06-15 06:45:15,2, 0.000000E+00, 2.871556E+02, 2.864275E+02, 0.000000E+00, 4.916641E+00, 2.970166E+02, 2.866544E+02, 2.855339E+02, 2.865092E+02, 2.861912E+02
2024-06-15 07:00:15,2, 0.000000E+00, 2.870393E+02, 2.863462E+02, 0.000000E+00, 5.380670E+00, 2.968610E+02, 2.865804E+02, 2.854721E+02, 2.864276E+02, 2.861131E+02
2024-06-15 07:15:15,2, 0.000000E+00, 2.869349E+02, 2.862638E+02, 0.000000E+00, 4.698283E+00, 2.967103E+02, 2.864886E+02, 2.853834E+02, 2.863444E+02, 2.860314E+02
2024-06-15 07:30:15,2, 0.000000E+00, 2.868304E+02, 2.861695E+02, 0.000000E+00, 4.089547E+00, 2.965626E+02, 2.863875E+02, 2.852855E+02, 2.862496E+02, 2.859375E+02
2024-06-15 07:45:15,2, 0.000000E+00, 2.867260E+02, 2.860675E+02, 0.000000E+00, 3.551029E+00, 2.964177E+02, 2.862806E+02, 2.851817E+02, 2.861468E+02, 2.858357E+02
2024-06-15 08:00:15,2, 0.000000E+00, 2.866231E+02, 2.859604E+02, 0.000000E+00, 3.073917E+00, 2.962754E+02, 2.861708E+02, 2.850752E+02, 2.860391E+02, 2.857289E+02
2024-06-15 08:15:15,2, 0.000000E+00, 2.866129E+02, 2.858948E+02, 0.000000E+00, 2.578217E+00, 2.961406E+02, 2.861480E+02, 2.850861E+02, 2.859738E+02, 2.856716E+02
2024-06-15 08:30:15,2, 0.000000E+00, 2.866027E+02, 2.858975E+02, 0.000000E+00, 2.204317E+00, 2.960175E+02, 2.861818E+02, 2.851522E+02, 2.859759E+02, 2.856824E+02
2024-06-15 08:45:15,2, 0.000000E+00, 2.865926E+02, 2.859498E+02, 0.000000E+00, 1.909367E+00, 2.959056E+02, 2.862574E+02, 2.852591E+02, 2.860285E+02, 2.857435E+02
2024-06-15 09:00:15,2, 0.000000E+00, 2.865825E+02, 2.860382E+02, 0.000000E+00, 1.673894E+00, 2.958043E+02, 2.863627E+02, 2.853949E+02, 2.861175E+02, 2.858406E+02
2024-06-15 09:15:15,2, 0.000000E+00, 2.865780E+02, 2.861160E+02, 0.000000E+00, 1.547323E+00, 2.957083E+02, 2.864119E+02, 2.854464E+02, 2.861939E+02, 2.859193E+02
2024-06-15 09:30:15,2, 0.000000E+00, 2.865735E+02, 2.861553E+02, 0.000000E+00, 1.415278E+00, 2.956132E+02, 2.864299E+02, 2.854672E+02, 2.862324E+02, 2.859589E+02
2024-06-15 09:45:15,2, 0.000000E+00, 2.865690E+02, 2.861678E+02, 0.000000E+00, 1.283493E+00, 2.955187E+02, 2.864263E+02, 2.854668E+02, 2.862439E+02, 2.859716E+02
2024-06-15 10:00:15,2, 3.769105E+01, 2.865688E+02, 2.861725E+02, 4.236812E+00, 1.156410E+00, 2.954273E+02, 2.865975E+02, 2.858219E+02, 2.862777E+02, 2.860214E+02
2024-06-15 10:15:15,2, 5.921908E+01, 2.868189E+02, 2.867861E+02, 5.799464E+00, 1.513246E+00, 2.954402E+02, 2.874156E+02, 2.868090E+02, 2.870365E+02, 2.869282E+02
2024-06-15 10:30:15,2, 8.106837E+01, 2.870691E+02, 2.874999E+02, 6.921172E+00, 7.966438E+00, 2.954968E+02, 2.881882E+02, 2.876871E+02, 2.878420E+02, 2.877938E+02
2024-06-15 10:45:15,2, 1.031454E+02, 2.873192E+02, 2.879445E+02, 7.591820E+00, 1.444788E+01, 2.955677E+02, 2.887154E+02, 2.883036E+02, 2.884146E+02, 2.883927E+02
2024-06-15 11:00:15,2, 1.795219E+02, 2.875713E+02, 2.883098E+02, 8.666776E+00, 1.739698E+01, 2.956738E+02, 2.894391E+02, 2.893680E+02, 2.889324E+02, 2.889784E+02
2024-06-15 11:15:15,2, 2.113836E+02, 2.879368E+02, 2.889153E+02, 9.326331E+00, 2.935598E+01, 2.958843E+02, 2.902157E+02, 2.902206E+02, 2.898102E+02, 2.899879E+02
2024-06-15 11:30:15,2, 2.431634E+02, 2.883023E+02, 2.893399E+02, 9.688167E+00, 3.343910E+01, 2.961178E+02, 2.907144E+02, 2.907316E+02, 2.903372E+02, 2.905179E+02
2024-06-15 11:45:15,2, 2.747251E+02, 2.886679E+02, 2.897576E+02, 9.964892E+00, 3.738567E+01, 2.963765E+02, 2.912044E+02, 2.912325E+02, 2.908471E+02, 2.910297E+02
2024-06-15 12:00:15,2, 3.853746E+02, 2.890338E+02, 2.901936E+02, 1.023878E+01, 4.181190E+01, 2.966662E+02, 2.920064E+02, 2.922192E+02, 2.914337E+02, 2.916311E+02
2024-06-15 12:15:15,2, 4.240737E+02, 2.894251E+02, 2.908266E+02, 1.049070E+01, 6.013248E+01, 2.971492E+02, 2.928670E+02, 2.930603E+02, 2.924076E+02, 2.926509E+02
2024-06-15 12:30:15,2, 4.619939E+02, 2.898164E+02, 2.912706E+02, 1.049476E+01, 6.475527E+01, 2.976555E+02, 2.934027E+02, 2.935702E+02, 2.929622E+02, 2.931846E+02
2024-06-15 12:45:15,2, 4.989728E+02, 2.902076E+02, 2.917095E+02, 1.050720E+01, 6.923385E+01, 2.981856E+02, 2.939258E+02, 2.940685E+02, 2.935023E+02, 2.937056E+02
2024-06-15 13:00:15,2, 5.682795E+02, 2.905975E+02, 2.921527E+02, 1.053042E+01, 7.430620E+01, 2.987413E+02, 2.945550E+02, 2.947031E+02, 2.940667E+02, 2.942506E+02
2024-06-15 13:15:15,2, 6.050695E+02, 2.909053E+02, 2.925922E+02, 1.053608E+01, 8.961532E+01, 2.994120E+02, 2.951777E+02, 2.953079E+02, 2.947111E+02, 2.948821E+02
2024-06-15 13:30:15,2, 6.403702E+02, 2.912130E+02, 2.929633E+02, 1.046727E+01, 9.464408E+01, 3.000954E+02, 2.956761E+02, 2.958011E+02, 2.951927E+02, 2.953491E+02
2024-06-15 13:45:15,2, 6.740306E+02, 2.915207E+02, 2.933309E+02, 1.039430E+01, 9.936196E+01, 3.007897E+02, 2.961637E+02, 2.962858E+02, 2.956638E+02, 2.958069E+02
2024-06-15 14:00:15,2, 6.951177E+02, 2.918273E+02, 2.936941E+02, 1.031165E+01, 1.033469E+02, 3.014899E+02, 2.966078E+02, 2.967284E+02, 2.961165E+02, 2.962504E+02
2024-06-15 14:15:15,2, 7.246148E+02, 2.920707E+02, 2.939986E+02, 1.022514E+01, 9.796549E+01, 3.021558E+02, 2.969433E+02, 2.970650E+02, 2.964186E+02, 2.965386E+02
2024-06-15 14:30:15,2, 7.520939E+02, 2.923141E+02, 2.943017E+02, 1.016159E+01, 1.009564E+02, 3.028196E+02, 2.972967E+02, 2.974156E+02, 2.967370E+02, 2.968426E+02
2024-06-15 14:45:15,2, 7.774375E+02, 2.925575E+02, 2.945989E+02, 1.009936E+01, 1.040059E+02, 3.034775E+02, 2.976428E+02, 2.977604E+02, 2.970519E+02, 2.971458E+02
2024-06-15 15:00:15,2, 6.742496E+02, 2.927984E+02, 2.948682E+02, 1.000584E+01, 1.063997E+02, 3.041094E+02, 2.976344E+02, 2.977649E+02, 2.972554E+02, 2.973677E+02
2024-06-15 15:15:15,2, 6.917316E+02, 2.928908E+02, 2.948763E+02, 9.966200E+00, 1.023411E+02, 3.043272E+02, 2.976179E+02, 2.978565E+02, 2.970876E+02, 2.972521E+02
2024-06-15 15:30:15,2, 7.071653E+02, 2.929832E+02, 2.950298E+02, 9.948697E+00, 1.047540E+02, 3.046190E+02, 2.978900E+02, 2.981750E+02, 2.972957E+02, 2.974708E+02
2024-06-15 15:45:15,2, 7.204847E+02, 2.930756E+02, 2.951813E+02, 9.909327E+00, 1.068090E+02, 3.049563E+02, 2.981551E+02, 2.984830E+02, 2.974981E+02, 2.976820E+02
2024-06-15 16:00:15,2, 6.027344E+02, 2.931669E+02, 2.953034E+02, 9.825084E+00, 1.080464E+02, 3.053039E+02, 2.980343E+02, 2.983648E+02, 2.975799E+02, 2.977912E+02
2024-06-15 16:15:15,2, 6.100901E+02, 2.931928E+02, 2.951854E+02, 9.821641E+00, 1.017354E+02, 3.052655E+02, 2.978181E+02, 2.982257E+02, 2.972452E+02, 2.974887E+02
2024-06-15 16:30:15,2, 6.155861E+02, 2.932186E+02, 2.952379E+02, 9.830203E+00, 1.028361E+02, 3.053047E+02, 2.979214E+02, 2.983576E+02, 2.973183E+02, 2.975700E+02
2024-06-15 16:45:15,2, 6.191989E+02, 2.932445E+02, 2.952889E+02, 9.819860E+00, 1.036129E+02, 3.053922E+02, 2.980190E+02, 2.984790E+02, 2.973870E+02, 2.976446E+02
2024-06-15 17:00:15,2, 6.285815E+02, 2.932707E+02, 2.953384E+02, 9.807236E+00, 1.040898E+02, 3.055085E+02, 2.981301E+02, 2.986140E+02, 2.974545E+02, 2.977157E+02
2024-06-15 17:15:15,2, 6.283872E+02, 2.933157E+02, 2.954063E+02, 9.792746E+00, 1.018721E+02, 3.056592E+02, 2.982266E+02, 2.987150E+02, 2.975409E+02, 2.978028E+02
2024-06-15 17:30:15,2, 6.262642E+02, 2.933607E+02, 2.954586E+02, 9.783710E+00, 1.020595E+02, 3.058071E+02, 2.982892E+02, 2.987795E+02, 2.975921E+02, 2.978536E+02
2024-06-15 17:45:15,2, 6.222216E+02, 2.934057E+02, 2.955060E+02, 9.778249E+00, 1.022361E+02, 3.059473E+02, 2.983371E+02, 2.988253E+02, 2.976328E+02, 2.978927E+02
2024-06-15 18:00:15,2, 5.889283E+02, 2.934507E+02, 2.955423E+02, 9.764306E+00, 1.018454E+02, 3.060731E+02, 2.982850E+02, 2.987477E+02, 2.976386E+02, 2.978978E+02
2024-06-15 18:15:15,2, 5.814535E+02, 2.934924E+02, 2.955275E+02, 9.781123E+00, 9.510477E+01, 3.061057E+02, 2.981925E+02, 2.986442E+02, 2.975361E+02, 2.977887E+02
2024-06-15 18:30:15,2, 5.722172E+02, 2.935342E+02, 2.955493E+02, 9.804887E+00, 9.447400E+01, 3.061355E+02, 2.981634E+02, 2.985955E+02, 2.975180E+02, 2.977635E+02
2024-06-15 18:45:15,2, 5.612589E+02, 2.935759E+02, 2.955669E+02, 9.826875E+00, 9.378402E+01, 3.061564E+02, 2.981231E+02, 2.985334E+02, 2.974922E+02, 2.977300E+02
2024-06-15 19:00:15,2, 7.118376E+02, 2.936172E+02, 2.956132E+02, 9.904225E+00, 9.398257E+01, 3.061824E+02, 2.985414E+02, 2.989806E+02, 2.975998E+02, 2.978066E+02
2024-06-15 19:15:15,2, 6.933426E+02, 2.936315E+02, 2.958354E+02, 9.857797E+00, 1.039043E+02, 3.066633E+02, 2.988725E+02, 2.992060E+02, 2.980863E+02, 2.982545E+02
2024-06-15 19:30:15,2, 6.728235E+02, 2.936457E+02, 2.958067E+02, 9.840022E+00, 1.027074E+02, 3.069915E+02, 2.987537E+02, 2.990311E+02, 2.980099E+02, 2.981636E+02
2024-06-15 19:45:15,2, 6.503682E+02, 2.936600E+02, 2.957680E+02, 9.850111E+00, 1.016581E+02, 3.072013E+02, 2.986065E+02, 2.988301E+02, 2.979146E+02, 2.980560E+02
2024-06-15 20:00:15,2, 6.590186E+02, 2.936725E+02, 2.957275E+02, 9.877701E+00, 1.006992E+02, 3.073196E+02, 2.985260E+02, 2.986997E+02, 2.978325E+02, 2.979567E+02
2024-06-15 20:15:15,2, 6.316175E+02, 2.935796E+02, 2.956280E+02, 9.886176E+00, 1.007964E+02, 3.074507E+02, 2.983346E+02, 2.984319E+02, 2.977372E+02, 2.978411E+02
2024-06-15 20:30:15,2, 6.025065E+02, 2.934867E+02, 2.954613E+02, 9.902938E+00, 9.862231E+01, 3.074779E+02, 2.980249E+02, 2.980602E+02, 2.974978E+02, 2.975906E+02
2024-06-15 20:45:15,2, 5.718100E+02, 2.933937E+02, 2.952870E+02, 9.921947E+00, 9.632376E+01, 3.074171E+02, 2.976932E+02, 2.976704E+02, 2.972438E+02, 2.973280E+02
2024-06-15 21:00:15,2, 5.676387E+02, 2.932994E+02, 2.951112E+02, 9.949270E+00, 9.381045E+01, 3.072829E+02, 2.974253E+02, 2.973616E+02, 2.970013E+02, 2.970755E+02
2024-06-15 21:15:15,2, 5.324370E+02, 2.931235E+02, 2.949255E+02, 9.959949E+00, 9.055002E+01, 3.071579E+02, 2.971506E+02, 2.970547E+02, 2.967956E+02, 2.968709E+02
2024-06-15 21:30:15,2, 4.960017E+02, 2.929477E+02, 2.946809E+02, 9.954310E+00, 8.750301E+01, 3.069566E+02, 2.967734E+02, 2.966575E+02, 2.964627E+02, 2.965436E+02
2024-06-15 21:45:15,2, 4.584887E+02, 2.927718E+02, 2.944298E+02, 9.942400E+00, 8.436661E+01, 3.066889E+02, 2.963768E+02, 2.962457E+02, 2.961161E+02, 2.962058E+02
2024-06-15 22:00:15,2, 3.948290E+02, 2.925948E+02, 2.941653E+02, 9.887976E+00, 8.086568E+01, 3.063615E+02, 2.958727E+02, 2.956875E+02, 2.957301E+02, 2.958282E+02
2024-06-15 22:15:15,2, 3.579998E+02, 2.923503E+02, 2.937888E+02, 9.819179E+00, 7.473607E+01, 3.059374E+02, 2.953064E+02, 2.950935E+02, 2.951990E+02, 2.952927E+02
2024-06-15 22:30:15,2, 3.206210E+02, 2.921059E+02, 2.934495E+02, 9.743333E+00, 7.038725E+01, 3.054884E+02, 2.948008E+02, 2.945626E+02, 2.947524E+02, 2.948550E+02
2024-06-15 22:45:15,2, 2.828527E+02, 2.918615E+02, 2.931038E+02, 9.611646E+00, 6.562289E+01, 3.050164E+02, 2.942789E+02, 2.940131E+02, 2.942926E+02, 2.944053E+02
2024-06-15 23:00:15,2, 2.076754E+02, 2.916153E+02, 2.927383E+02, 9.240507E+00, 6.032135E+01, 3.045239E+02, 2.935939E+02, 2.931253E+02, 2.937777E+02, 2.938774E+02
2024-06-15 23:15:15,2, 1.753937E+02, 2.912663E+02, 2.921847E+02, 8.849340E+00, 5.296954E+01, 3.039879E+02, 2.928425E+02, 2.922611E+02, 2.930242E+02, 2.930623E+02
2024-06-15 23:30:15,2, 1.431950E+02, 2.909174E+02, 2.917286E+02, 8.335477E+00, 4.707933E+01, 3.034626E+02, 2.922396E+02, 2.915572E+02, 2.924459E+02, 2.924574E+02
2024-06-15 23:45:15,2, 1.112173E+02, 2.905684E+02, 2.912669E+02, 7.539073E+00, 4.011532E+01, 3.029477E+02, 2.916437E+02, 2.908384E+02, 2.918598E+02, 2.918164E+02
2024-06-16 00:00:15,1, 5.802925E+01, 2.902185E+02, 2.907949E+02, 5.371784E+00, 3.216691E+01, 3.024383E+02, 2.909554E+02, 2.898998E+02, 2.912278E+02, 2.911433E+02
2024-06-16 00:15:15,1, 3.554521E+01, 2.898197E+02, 2.902250E+02, 3.821214E+00, 2.401003E+01, 3.019244E+02, 2.902996E+02, 2.890865E+02, 2.904900E+02, 2.902807E+02
2024-06-16 00:30:15,1, 1.351225E+01, 2.894209E+02, 2.897202E+02, 1.679171E+00, 1.559827E+01, 3.014472E+02, 2.897451E+02, 2.883994E+02, 2.898927E+02, 2.895868E+02
2024-06-16 00:45:15,1, 0.000000E+00, 2.890221E+02, 2.891676E+02, 0.000000E+00, 6.270016E+00, 3.010047E+02, 2.891130E+02, 2.876531E+02, 2.892680E+02, 2.888627E+02
2024-06-16 01:00:15,1, 0.000000E+00, 2.886256E+02, 2.886333E+02, 0.000000E+00, 6.552859E+00, 3.006027E+02, 2.886183E+02, 2.871736E+02, 2.887291E+02, 2.883207E+02
2024-06-16 01:15:15,1, 0.000000E+00, 2.883624E+02, 2.881682E+02, 0.000000E+00, 6.145545E+00, 3.002261E+02, 2.881835E+02, 2.867568E+02, 2.882600E+02, 2.878554E+02
2024-06-16 01:30:15,1, 0.000000E+00, 2.880992E+02, 2.877546E+02, 0.000000E+00, 6.095518E+00, 2.998713E+02, 2.877905E+02, 2.863758E+02, 2.878432E+02, 2.874417E+02
2024-06-16 01:45:15,1, 0.000000E+00, 2.878360E+02, 2.873761E+02, 0.000000E+00, 6.136415E+00, 2.995355E+02, 2.874267E+02, 2.860203E+02, 2.874621E+02, 2.870629E+02
2024-06-16 02:00:15,1, 0.000000E+00, 2.875739E+02, 2.870228E+02, 0.000000E+00, 6.191447E+00, 2.992160E+02, 2.870841E+02, 2.856837E+02, 2.871066E+02, 2.867092E+02
2024-06-16 02:15:15,1, 0.000000E+00, 2.873739E+02, 2.866938E+02, 0.000000E+00, 5.991315E+00, 2.989114E+02, 2.867669E+02, 2.853757E+02, 2.867754E+02, 2.863804E+02
2024-06-16 02:30:15,1, 0.000000E+00, 2.871740E+02, 2.863875E+02, 0.000000E+00, 5.852246E+00, 2.986201E+02, 2.864690E+02, 2.850849E+02, 2.864670E+02, 2.860741E+02
2024-06-16 02:45:15,1, 0.000000E+00, 2.869741E+02, 2.860982E+02, 0.000000E+00, 5.742525E+00, 2.983409E+02, 2.861859E+02, 2.848073E+02, 2.861757E+02, 2.857846E+02
2024-06-16 03:00:15,1, 0.000000E+00, 2.867741E+02, 2.858219E+02, 0.000000E+00, 5.639445E+00, 2.980724E+02, 2.859142E+02, 2.845400E+02, 2.858976E+02, 2.855080E+02
2024-06-16 03:15:15,1, 0.000000E+00, 2.865683E+02, 2.855611E+02, 0.000000E+00, 5.114297E+00, 2.978143E+02, 2.856640E+02, 2.842975E+02, 2.856361E+02, 2.852487E+02
2024-06-16 03:30:15,1, 0.000000E+00, 2.863626E+02, 2.853170E+02, 0.000000E+00, 4.663321E+00, 2.975663E+02, 2.854280E+02, 2.840684E+02, 2.853910E+02, 2.850058E+02
2024-06-16 03:45:15,1, 0.000000E+00, 2.861568E+02, 2.850860E+02, 0.000000E+00, 4.269347E+00, 2.973274E+02, 2.852035E+02, 2.838499E+02, 2.851591E+02, 2.847758E+02
2024-06-16 04:00:15,1, 0.000000E+00, 2.859525E+02, 2.848654E+02, 0.000000E+00, 3.922875E+00, 2.970968E+02, 2.849885E+02, 2.836401E+02, 2.849377E+02, 2.845560E+02
2024-06-16 04:15:15,1, 0.000000E+00, 2.858322E+02, 2.846683E+02, 0.000000E+00, 3.863490E+00, 2.968754E+02, 2.848090E+02, 2.834759E+02, 2.847397E+02, 2.843620E+02
2024-06-16 04:30:15,1, 0.000000E+00, 2.857120E+02, 2.845015E+02, 0.000000E+00, 3.820364E+00, 2.966637E+02, 2.846553E+02, 2.833362E+02, 2.845720E+02, 2.841985E+02
2024-06-16 04:45:15,1, 0.000000E+00, 2.855917E+02, 2.843576E+02, 0.000000E+00, 3.786008E+00, 2.964613E+02, 2.845210E+02, 2.832150E+02, 2.844274E+02, 2.840576E+02
2024-06-16 05:00:15,1, 0.000000E+00, 2.854699E+02, 2.842311E+02, 0.000000E+00, 3.756275E+00, 2.962673E+02, 2.844020E+02, 2.831084E+02, 2.843006E+02, 2.839345E+02
2024-06-16 05:15:15,1, 0.000000E+00, 2.852544E+02, 2.841196E+02, 0.000000E+00, 3.723855E+00, 2.960818E+02, 2.843013E+02, 2.830200E+02, 2.841895E+02, 2.838269E+02
2024-06-16 05:30:15,1, 0.000000E+00, 2.850389E+02, 2.840211E+02, 0.000000E+00, 3.699841E+00, 2.959046E+02, 2.842121E+02, 2.829425E+02, 2.840917E+02, 2.837323E+02
2024-06-16 05:45:15,1, 0.000000E+00, 2.848234E+02, 2.839326E+02, 0.000000E+00, 3.684645E+00, 2.957349E+02, 2.841320E+02, 2.828732E+02, 2.840040E+02, 2.836477E+02
2024-06-16 06:00:15,1, 0.000000E+00, 2.846093E+02, 2.838515E+02, 0.000000E+00, 3.686067E+00, 2.955723E+02, 2.840586E+02, 2.828100E+02, 2.839240E+02, 2.835705E+02
2024-06-16 06:15:15,1, 0.000000E+00, 2.844822E+02, 2.837693E+02, 0.000000E+00, 4.052259E+00, 2.954149E+02, 2.839709E+02, 2.827271E+02, 2.838413E+02, 2.834894E+02
2024-06-16 06:30:15,1, 0.000000E+00, 2.843551E+02, 2.836800E+02, 0.000000E+00, 4.362606E+00, 2.952612E+02, 2.838776E+02, 2.826386E+02, 2.837516E+02, 2.834012E+02
2024-06-16 06:45:15,1, 0.000000E+00, 2.842280E+02, 2.835860E+02, 0.000000E+00, 4.624630E+00, 2.951110E+02, 2.837808E+02, 2.825464E+02, 2.836573E+02, 2.833083E+02
2024-06-16 07:00:15,1, 0.000000E+00, 2.841017E+02, 2.834889E+02, 0.000000E+00, 4.839140E+00, 2.949642E+02, 2.836819E+02, 2.824521E+02, 2.835600E+02, 2.832123E+02
2024-06-16 07:15:15,1, 0.000000E+00, 2.840230E+02, 2.833988E+02, 0.000000E+00, 4.683155E+00, 2.948215E+02, 2.835988E+02, 2.823804E+02, 2.834696E+02, 2.831248E+02
2024-06-16 07:30:15,1, 0.000000E+00, 2.839444E+02, 2.833216E+02, 0.000000E+00, 4.566314E+00, 2.946835E+02, 2.835268E+02, 2.823193E+02, 2.833922E+02, 2.830505E+02
2024-06-16 07:45:15,1, 0.000000E+00, 2.838657E+02, 2.832542E+02, 0.000000E+00, 4.477867E+00, 2.945499E+02, 2.834634E+02, 2.822662E+02, 2.833246E+02, 2.829858E+02
2024-06-16 08:00:15,1, 0.000000E+00, 2.837870E+02, 2.831942E+02, 0.000000E+00, 4.408934E+00, 2.944208E+02, 2.834067E+02, 2.822194E+02, 2.832650E+02, 2.829290E+02
2024-06-16 08:15:15,1, 0.000000E+00, 2.837026E+02, 2.831365E+02, 0.000000E+00, 4.254871E+00, 2.942953E+02, 2.833475E+02, 2.821673E+02, 2.832071E+02, 2.828732E+02
2024-06-16 08:30:15,1, 0.000000E+00, 2.836183E+02, 2.830779E+02, 0.000000E+00, 4.119569E+00, 2.941729E+02, 2.832880E+02, 2.821147E+02, 2.831483E+02, 2.828164E+02
2024-06-16 08:45:15,1, 0.000000E+00, 2.835339E+02, 2.830190E+02, 0.000000E+00, 4.001194E+00, 2.940536E+02, 2.832285E+02, 2.820619E+02, 2.830893E+02, 2.827593E+02
2024-06-16 09:00:15,1, 0.000000E+00, 2.834498E+02, 2.829601E+02, 0.000000E+00, 3.897198E+00, 2.939370E+02, 2.831694E+02, 2.820092E+02, 2.830304E+02, 2.827023E+02
2024-06-16 09:15:15,1, 0.000000E+00, 2.833802E+02, 2.828891E+02, 0.000000E+00, 3.750313E+00, 2.938215E+02, 2.830818E+02, 2.819188E+02, 2.829577E+02, 2.826294E+02
2024-06-16 09:30:15,1, 0.000000E+00, 2.833105E+02, 2.827983E+02, 0.000000E+00, 3.596709E+00, 2.937056E+02, 2.829785E+02, 2.818131E+02, 2.828658E+02, 2.825369E+02
2024-06-16 09:45:15,1, 0.000000E+00, 2.832409E+02, 2.826936E+02, 0.000000E+00, 3.446490E+00, 2.935892E+02, 2.828640E+02, 2.816965E+02, 2.827598E+02, 2.824305E+02
2024-06-16 10:00:15,1, 4.729112E+01, 2.831772E+02, 2.825938E+02, 4.164825E+00, 3.275384E+00, 2.934754E+02, 2.830144E+02, 2.821586E+02, 2.826956E+02, 2.823967E+02
2024-06-16 10:15:15,1, 7.436316E+01, 2.834616E+02, 2.832864E+02, 5.456424E+00, 2.729796E+00, 2.934755E+02, 2.839239E+02, 2.833001E+02, 2.835568E+02, 2.834854E+02
2024-06-16 10:30:15,1, 1.018410E+02, 2.837461E+02, 2.840705E+02, 6.329223E+00, 3.786115E+00, 2.935208E+02, 2.847605E+02, 2.842585E+02, 2.844421E+02, 2.844510E+02
2024-06-16 10:45:15,1, 1.296069E+02, 2.840305E+02, 2.846444E+02, 6.868431E+00, 1.114222E+01, 2.935952E+02, 2.854245E+02, 2.849974E+02, 2.851759E+02, 2.852214E+02
2024-06-16 11:00:15,1, 2.112436E+02, 2.843229E+02, 2.850403E+02, 7.381411E+00, 1.040492E+01, 2.937021E+02, 2.862327E+02, 2.862690E+02, 2.857551E+02, 2.859041E+02
2024-06-16 11:15:15,1, 2.487675E+02, 2.850868E+02, 2.859727E+02, 8.189175E+00, 2.116072E+01, 2.939142E+02, 2.874186E+02, 2.875895E+02, 2.869902E+02, 2.873548E+02
2024-06-16 11:30:15,1, 2.861972E+02, 2.858507E+02, 2.867983E+02, 8.686165E+00, 2.687793E+01, 2.941862E+02, 2.883469E+02, 2.885188E+02, 2.879663E+02, 2.883285E+02
2024-06-16 11:45:15,1, 3.233724E+02, 2.866145E+02, 2.876152E+02, 9.162314E+00, 3.246246E+01, 2.945158E+02, 2.892561E+02, 2.894214E+02, 2.889242E+02, 2.892783E+02
2024-06-16 12:00:15,1, 3.974857E+02, 2.873741E+02, 2.884359E+02, 9.576632E+00, 3.881702E+01, 2.949018E+02, 2.903169E+02, 2.905856E+02, 2.899122E+02, 2.902647E+02
2024-06-16 12:15:15,1, 4.374297E+02, 2.878819E+02, 2.891452E+02, 9.843327E+00, 5.752510E+01, 2.954146E+02, 2.912370E+02, 2.914862E+02, 2.909154E+02, 2.912812E+02
2024-06-16 12:30:15,1, 4.765723E+02, 2.883897E+02, 2.897256E+02, 9.932752E+00, 6.309836E+01, 2.959667E+02, 2.919429E+02, 2.921614E+02, 2.916223E+02, 2.919429E+02
2024-06-16 12:45:15,1, 5.147459E+02, 2.888975E+02, 2.903005E+02, 1.001245E+01, 6.842444E+01, 2.965557E+02, 2.926332E+02, 2.928270E+02, 2.923128E+02, 2.925942E+02
2024-06-16 13:00:15,1, 5.642742E+02, 2.894034E+02, 2.908744E+02, 1.007939E+01, 7.380997E+01, 2.971789E+02, 2.933546E+02, 2.935493E+02, 2.929999E+02, 2.932538E+02
2024-06-16 13:15:15,1, 6.008334E+02, 2.897974E+02, 2.913754E+02, 1.012988E+01, 7.956493E+01, 2.978651E+02, 2.940236E+02, 2.942157E+02, 2.936680E+02, 2.939091E+02
2024-06-16 13:30:15,1, 6.359157E+02, 2.901914E+02, 2.918362E+02, 1.014073E+01, 8.410417E+01, 2.985716E+02, 2.946238E+02, 2.948182E+02, 2.942419E+02, 2.944694E+02
2024-06-16 13:45:15,1, 6.693710E+02, 2.905854E+02, 2.922934E+02, 1.014095E+01, 8.862392E+01, 2.992946E+02, 2.952114E+02, 2.954100E+02, 2.948044E+02, 2.950199E+02
2024-06-16 14:00:15,1, 7.419719E+02, 2.909798E+02, 2.927560E+02, 1.013814E+01, 9.290139E+01, 3.000334E+02, 2.959281E+02, 2.961613E+02, 2.953969E+02, 2.955984E+02
2024-06-16 14:15:15,1, 7.734888E+02, 2.913967E+02, 2.932835E+02, 1.013928E+01, 9.446092E+01, 3.009031E+02, 2.966839E+02, 2.969044E+02, 2.961644E+02, 2.963559E+02
2024-06-16 14:30:15,1, 8.028536E+02, 2.918135E+02, 2.937480E+02, 1.009114E+01, 9.805979E+01, 3.017589E+02, 2.973053E+02, 2.975275E+02, 2.967641E+02, 2.969469E+02
2024-06-16 14:45:15,1, 8.299404E+02, 2.922304E+02, 2.942074E+02, 1.003651E+01, 1.017269E+02, 3.026017E+02, 2.979144E+02, 2.981405E+02, 2.973540E+02, 2.975300E+02
2024-06-16 15:00:15,1, 8.701833E+02, 2.926468E+02, 2.946655E+02, 9.970672E+00, 1.049082E+02, 3.034315E+02, 2.985638E+02, 2.988122E+02, 2.979492E+02, 2.981213E+02
2024-06-16 15:15:15,1, 8.927803E+02, 2.930332E+02, 2.951248E+02, 9.881841E+00, 1.026843E+02, 3.042912E+02, 2.991758E+02, 2.994249E+02, 2.985441E+02, 2.987099E+02
2024-06-16 15:30:15,1, 9.127354E+02, 2.934195E+02, 2.955543E+02, 9.790212E+00, 1.051404E+02, 3.051233E+02, 2.997171E+02, 2.999683E+02, 2.990522E+02, 2.992092E+02
2024-06-16 15:45:15,1, 9.299631E+02, 2.938058E+02, 2.959785E+02, 9.703687E+00, 1.076093E+02, 3.059273E+02, 3.002372E+02, 3.004865E+02, 2.995449E+02, 2.996939E+02
2024-06-16 16:00:15,1, 9.417590E+02, 2.941912E+02, 2.963974E+02, 9.615708E+00, 1.096253E+02, 3.067008E+02, 3.007274E+02, 3.009717E+02, 3.000198E+02, 3.001637E+02
2024-06-16 16:15:15,1, 9.532904E+02, 2.945176E+02, 2.967674E+02, 9.530565E+00, 1.055391E+02, 3.074331E+02, 3.011460E+02, 3.013869E+02, 3.004076E+02, 3.005446E+02
2024-06-16 16:30:15,1, 9.619175E+02, 2.948440E+02, 2.971278E+02, 9.450564E+00, 1.069130E+02, 3.081310E+02, 3.015446E+02, 3.017828E+02, 3.007744E+02, 3.009038E+02
2024-06-16 16:45:15,1, 9.676034E+02, 2.951704E+02, 2.974825E+02, 9.358302E+00, 1.081298E+02, 3.087928E+02, 3.019225E+02, 3.021565E+02, 3.011264E+02, 3.012484E+02
2024-06-16 17:00:15,1, 9.550866E+02, 2.954956E+02, 2.978283E+02, 9.255706E+00, 1.092062E+02, 3.094149E+02, 3.022295E+02, 3.024486E+02, 3.014497E+02, 3.015664E+02
2024-06-16 17:15:15,1, 9.548336E+02, 2.957528E+02, 2.980867E+02, 9.190664E+00, 1.113102E+02, 3.099507E+02, 3.024815E+02, 3.026991E+02, 3.016792E+02, 3.017920E+02
2024-06-16 17:30:15,1, 9.516512E+02, 2.960101E+02, 2.983523E+02, 9.102602E+00, 1.118415E+02, 3.104546E+02, 3.027516E+02, 3.029621E+02, 3.019375E+02, 3.020460E+02
2024-06-16 17:45:15,1, 9.455530E+02, 2.962673E+02, 2.986121E+02, 9.018129E+00, 1.122073E+02, 3.109220E+02, 3.029975E+02, 3.031986E+02, 3.021795E+02, 3.022836E+02
2024-06-16 18:00:15,1, 9.390866E+02, 2.965243E+02, 2.988664E+02, 8.939396E+00, 1.122355E+02, 3.113496E+02, 3.032262E+02, 3.034169E+02, 3.024076E+02, 3.025069E+02
2024-06-16 18:15:15,1, 9.272156E+02, 2.967677E+02, 2.991204E+02, 8.904500E+00, 1.093751E+02, 3.117344E+02, 3.033157E+02, 3.034727E+02, 3.025308E+02, 3.026162E+02
2024-06-16 18:30:15,1, 9.125366E+02, 2.970111E+02, 2.993566E+02, 8.880621E+00, 1.094323E+02, 3.120615E+02, 3.033910E+02, 3.035187E+02, 3.026353E+02, 3.027086E+02
2024-06-16 18:45:15,1, 8.951124E+02, 2.972545E+02, 2.995827E+02, 8.860687E+00, 1.094094E+02, 3.123324E+02, 3.034591E+02, 3.035626E+02, 3.027402E+02, 3.028050E+02
2024-06-16 19:00:15,1, 8.438216E+02, 2.974957E+02, 2.997927E+02, 8.841504E+00, 1.099295E+02, 3.125442E+02, 3.034222E+02, 3.034914E+02, 3.028135E+02, 3.028764E+02
2024-06-16 19:15:15,1, 8.219509E+02, 2.976055E+02, 2.998365E+02, 8.920582E+00, 1.195723E+02, 3.126098E+02, 3.033153E+02, 3.033835E+02, 3.027389E+02, 3.028056E+02
2024-06-16 19:30:15,1, 7.976815E+02, 2.977152E+02, 2.999055E+02, 8.936707E+00, 1.196673E+02, 3.126489E+02, 3.032704E+02, 3.033288E+02, 3.027408E+02, 3.028082E+02
2024-06-16 19:45:15,1, 7.711172E+02, 2.978250E+02, 2.999696E+02, 8.956964E+00, 1.194932E+02, 3.126532E+02, 3.032090E+02, 3.032609E+02, 3.027318E+02, 3.028019E+02
2024-06-16 20:00:15,1, 7.072500E+02, 2.979332E+02, 3.000214E+02, 8.973511E+00, 1.191098E+02, 3.126123E+02, 3.030247E+02, 3.030591E+02, 3.026793E+02, 3.027587E+02
2024-06-16 20:15:15,1, 6.779041E+02, 2.979519E+02, 2.999443E+02, 9.094355E+00, 1.177675E+02, 3.124234E+02, 3.027509E+02, 3.027896E+02, 3.024516E+02, 3.025407E+02
2024-06-16 20:30:15,1, 6.467233E+02, 2.979705E+02, 2.999027E+02, 9.148600E+00, 1.169553E+02, 3.122165E+02, 3.025583E+02, 3.025916E+02, 3.023194E+02, 3.024136E+02
2024-06-16 20:45:15,1, 6.138410E+02, 2.979892E+02, 2.998570E+02, 9.201168E+00, 1.159447E+02, 3.119823E+02, 3.023532E+02, 3.023848E+02, 3.021784E+02, 3.022802E+02
2024-06-16 21:00:15,1, 5.617399E+02, 2.980056E+02, 2.998020E+02, 9.242916E+00, 1.138240E+02, 3.117135E+02, 3.020767E+02, 3.020938E+02, 3.020098E+02, 3.021222E+02
2024-06-16 21:15:15,1, 5.269767E+02, 2.978870E+02, 2.995957E+02, 9.351514E+00, 9.607168E+01, 3.113605E+02, 3.016884E+02, 3.016815E+02, 3.016914E+02, 3.018103E+02
2024-06-16 21:30:15,1, 4.909923E+02, 2.977684E+02, 2.993917E+02, 9.438443E+00, 9.218782E+01, 3.109803E+02, 3.013270E+02, 3.012946E+02, 3.013987E+02, 3.015269E+02
2024-06-16 21:45:15,1, 4.539408E+02, 2.976498E+02, 2.991808E+02, 9.577603E+00, 8.868276E+01, 3.105695E+02, 3.009432E+02, 3.008934E+02, 3.010939E+02, 3.012344E+02
2024-06-16 22:00:15,1, 3.807616E+02, 2.975281E+02, 2.989558E+02, 9.619711E+00, 8.449762E+01, 3.101251E+02, 3.004168E+02, 3.002716E+02, 3.007400E+02, 3.008901E+02
2024-06-16 22:15:15,1, 3.453329E+02, 2.972189E+02, 2.985138E+02, 9.816587E+00, 7.556282E+01, 3.095833E+02, 2.997587E+02, 2.995553E+02, 3.000972E+02, 3.002346E+02
2024-06-16 22:30:15,1, 3.093731E+02, 2.969097E+02, 2.981204E+02, 9.904074E+00, 7.044903E+01, 3.090377E+02, 2.992135E+02, 2.989709E+02, 2.995729E+02, 2.997218E+02
2024-06-16 22:45:15,1, 2.730363E+02, 2.966005E+02, 2.977250E+02, 9.897010E+00, 6.451199E+01, 3.084853E+02, 2.986664E+02, 2.983872E+02, 2.990410E+02, 2.992020E+02
2024-06-16 23:00:15,1, 1.960853E+02, 2.962891E+02, 2.973132E+02, 9.514530E+00, 5.842042E+01, 3.079250E+02, 2.979484E+02, 2.974178E+02, 2.984535E+02, 2.985978E+02
2024-06-16 23:15:15,1, 1.657177E+02, 2.958464E+02, 2.966742E+02, 9.254166E+00, 6.278901E+01, 3.073212E+02, 2.971204E+02, 2.964433E+02, 2.975712E+02, 2.975902E+02
2024-06-16 23:30:15,1, 1.354265E+02, 2.954036E+02, 2.961382E+02, 8.698567E+00, 5.773159E+01, 3.067319E+02, 2.964697E+02, 2.957151E+02, 2.968677E+02, 2.968679E+02
2024-06-16 23:45:15,1, 1.053412E+02, 2.949609E+02, 2.956050E+02, 7.802469E+00, 5.013651E+01, 3.061557E+02, 2.958391E+02, 2.949956E+02, 2.961888E+02, 2.961589E+02
2024-06-16 00:00:15,2, 5.802925E+01, 2.902185E+02, 2.907920E+02, 5.450613E+00, 3.225675E+01, 3.024437E+02, 2.909875E+02, 2.899278E+02, 2.912299E+02, 2.911274E+02
2024-06-16 00:15:15,2, 3.554521E+01, 2.898197E+02, 2.902215E+02, 3.874395E+00, 2.406814E+01, 3.019299E+02, 2.903402E+02, 2.891431E+02, 2.904958E+02, 2.902783E+02
2024-06-16 00:30:15,2, 1.351225E+01, 2.894209E+02, 2.897169E+02, 1.685258E+00, 1.565303E+01, 3.014528E+02, 2.897944E+02, 2.884846E+02, 2.899028E+02, 2.895979E+02
2024-06-16 00:45:15,2, 0.000000E+00, 2.890221E+02, 2.891658E+02, 0.000000E+00, 6.323095E+00, 3.010101E+02, 2.891690E+02, 2.877587E+02, 2.892834E+02, 2.888921E+02
2024-06-16 01:00:15,2, 0.000000E+00, 2.886256E+02, 2.886326E+02, 0.000000E+00, 6.606079E+00, 3.006075E+02, 2.886749E+02, 2.872786E+02, 2.887457E+02, 2.883516E+02
2024-06-16 01:15:15,2, 0.000000E+00, 2.883624E+02, 2.881679E+02, 0.000000E+00, 6.183703E+00, 3.002304E+02, 2.882401E+02, 2.868604E+02, 2.882768E+02, 2.878860E+02
2024-06-16 01:30:15,2, 0.000000E+00, 2.880992E+02, 2.877543E+02, 0.000000E+00, 6.124543E+00, 2.998754E+02, 2.878470E+02, 2.864784E+02, 2.878600E+02, 2.874718E+02
2024-06-16 01:45:15,2, 0.000000E+00, 2.878360E+02, 2.873757E+02, 0.000000E+00, 6.159137E+00, 2.995393E+02, 2.874830E+02, 2.861220E+02, 2.874788E+02, 2.870926E+02
2024-06-16 02:00:15,2, 0.000000E+00, 2.875739E+02, 2.870223E+02, 0.000000E+00, 6.209511E+00, 2.992197E+02, 2.871402E+02, 2.857847E+02, 2.871230E+02, 2.867384E+02
2024-06-16 02:15:15,2, 0.000000E+00, 2.873739E+02, 2.866930E+02, 0.000000E+00, 6.005622E+00, 2.989149E+02, 2.868227E+02, 2.854757E+02, 2.867915E+02, 2.864090E+02
2024-06-16 02:30:15,2, 0.000000E+00, 2.871740E+02, 2.863864E+02, 0.000000E+00, 5.863762E+00, 2.986235E+02, 2.865244E+02, 2.851841E+02, 2.864828E+02, 2.861022E+02
2024-06-16 02:45:15,2, 0.000000E+00, 2.869741E+02, 2.860969E+02, 0.000000E+00, 5.751944E+00, 2.983442E+02, 2.862408E+02, 2.849058E+02, 2.861912E+02, 2.858123E+02
2024-06-16 03:00:15,2, 0.000000E+00, 2.867741E+02, 2.858204E+02, 0.000000E+00, 5.647246E+00, 2.980756E+02, 2.859687E+02, 2.846379E+02, 2.859129E+02, 2.855353E+02
2024-06-16 03:15:15,2, 0.000000E+00, 2.865683E+02, 2.855595E+02, 0.000000E+00, 5.120880E+00, 2.978174E+02, 2.857181E+02, 2.843947E+02, 2.856512E+02, 2.852757E+02
2024-06-16 03:30:15,2, 0.000000E+00, 2.863626E+02, 2.853153E+02, 0.000000E+00, 4.668972E+00, 2.975693E+02, 2.854818E+02, 2.841649E+02, 2.854060E+02, 2.850325E+02
2024-06-16 03:45:15,2, 0.000000E+00, 2.861568E+02, 2.850843E+02, 0.000000E+00, 4.274221E+00, 2.973303E+02, 2.852571E+02, 2.839458E+02, 2.851739E+02, 2.848021E+02
2024-06-16 04:00:15,2, 0.000000E+00, 2.859525E+02, 2.848636E+02, 0.000000E+00, 3.927091E+00, 2.970997E+02, 2.850418E+02, 2.837355E+02, 2.849523E+02, 2.845821E+02
2024-06-16 04:15:15,2, 0.000000E+00, 2.858322E+02, 2.846663E+02, 0.000000E+00, 3.867008E+00, 2.968782E+02, 2.848619E+02, 2.835699E+02, 2.847541E+02, 2.843876E+02
2024-06-16 04:30:15,2, 0.000000E+00, 2.857120E+02, 2.844994E+02, 0.000000E+00, 3.823274E+00, 2.966665E+02, 2.847078E+02, 2.834290E+02, 2.845862E+02, 2.842235E+02
2024-06-16 04:45:15,2, 0.000000E+00, 2.855917E+02, 2.843554E+02, 0.000000E+00, 3.788454E+00, 2.964640E+02, 2.845730E+02, 2.833066E+02, 2.844409E+02, 2.840822E+02
2024-06-16 05:00:15,2, 0.000000E+00, 2.854699E+02, 2.842288E+02, 0.000000E+00, 3.758334E+00, 2.962700E+02, 2.844536E+02, 2.831991E+02, 2.843138E+02, 2.839586E+02
2024-06-16 05:15:15,2, 0.000000E+00, 2.852544E+02, 2.841172E+02, 0.000000E+00, 3.725560E+00, 2.960845E+02, 2.843524E+02, 2.831098E+02, 2.842023E+02, 2.838507E+02
2024-06-16 05:30:15,2, 0.000000E+00, 2.850389E+02, 2.840186E+02, 0.000000E+00, 3.701227E+00, 2.959072E+02, 2.842629E+02, 2.830315E+02, 2.841043E+02, 2.837558E+02
2024-06-16 05:45:15,2, 0.000000E+00, 2.848234E+02, 2.839301E+02, 0.000000E+00, 3.685740E+00, 2.957375E+02, 2.841824E+02, 2.829616E+02, 2.840164E+02, 2.836710E+02
2024-06-16 06:00:15,2, 0.000000E+00, 2.846093E+02, 2.838492E+02, 0.000000E+00, 3.686909E+00, 2.955748E+02, 2.841085E+02, 2.828978E+02, 2.839362E+02, 2.835937E+02
2024-06-16 06:15:15,2, 0.000000E+00, 2.844822E+02, 2.837670E+02, 0.000000E+00, 4.052704E+00, 2.954174E+02, 2.840207E+02, 2.828148E+02, 2.838535E+02, 2.835127E+02
2024-06-16 06:30:15,2, 0.000000E+00, 2.843551E+02, 2.836778E+02, 0.000000E+00, 4.362730E+00, 2.952636E+02, 2.839273E+02, 2.827260E+02, 2.837639E+02, 2.834245E+02
2024-06-16 06:45:15,2, 0.000000E+00, 2.842280E+02, 2.835839E+02, 0.000000E+00, 4.624503E+00, 2.951135E+02, 2.838303E+02, 2.826337E+02, 2.836696E+02, 2.833316E+02
2024-06-16 07:00:15,2, 0.000000E+00, 2.841017E+02, 2.834868E+02, 0.000000E+00, 4.838831E+00, 2.949666E+02, 2.837312E+02, 2.825391E+02, 2.835722E+02, 2.832355E+02
2024-06-16 07:15:15,2, 0.000000E+00, 2.840230E+02, 2.833967E+02, 0.000000E+00, 4.683066E+00, 2.948238E+02, 2.836476E+02, 2.824666E+02, 2.834818E+02, 2.831479E+02
2024-06-16 07:30:15,2, 0.000000E+00, 2.839444E+02, 2.833196E+02, 0.000000E+00, 4.566366E+00, 2.946858E+02, 2.835752E+02, 2.824047E+02, 2.834042E+02, 2.830733E+02
2024-06-16 07:45:15,2, 0.000000E+00, 2.838657E+02, 2.832524E+02, 0.000000E+00, 4.478016E+00, 2.945522E+02, 2.835112E+02, 2.823509E+02, 2.833366E+02, 2.830085E+02
2024-06-16 08:00:15,2, 0.000000E+00, 2.837870E+02, 2.831925E+02, 0.000000E+00, 4.409152E+00, 2.944230E+02, 2.834541E+02, 2.823034E+02, 2.832768E+02, 2.829516E+02
2024-06-16 08:15:15,2, 0.000000E+00, 2.837026E+02, 2.831349E+02, 0.000000E+00, 4.255173E+00, 2.942975E+02, 2.833947E+02, 2.822510E+02, 2.832190E+02, 2.828958E+02
2024-06-16 08:30:15,2, 0.000000E+00, 2.836183E+02, 2.830764E+02, 0.000000E+00, 4.119912E+00, 2.941751E+02, 2.833349E+02, 2.821979E+02, 2.831602E+02, 2.828390E+02
2024-06-16 08:45:15,2, 0.000000E+00, 2.835339E+02, 2.830175E+02, 0.000000E+00, 4.001553E+00, 2.940557E+02, 2.832752E+02, 2.821448E+02, 2.831012E+02, 2.827818E+02
2024-06-16 09:00:15,2, 0.000000E+00, 2.834498E+02, 2.829588E+02, 0.000000E+00, 3.897560E+00, 2.939392E+02, 2.832158E+02, 2.820917E+02, 2.830423E+02, 2.827247E+02
2024-06-16 09:15:15,2, 0.000000E+00, 2.833802E+02, 2.828877E+02, 0.000000E+00, 3.750613E+00, 2.938236E+02, 2.831287E+02, 2.820016E+02, 2.829697E+02, 2.826519E+02
2024-06-16 09:30:15,2, 0.000000E+00, 2.833105E+02, 2.827969E+02, 0.000000E+00, 3.596917E+00, 2.937077E+02, 2.830256E+02, 2.818961E+02, 2.828779E+02, 2.825595E+02
2024-06-16 09:45:15,2, 0.000000E+00, 2.832409E+02, 2.826920E+02, 0.000000E+00, 3.446626E+00, 2.935913E+02, 2.829112E+02, 2.817795E+02, 2.827719E+02, 2.824531E+02
2024-06-16 10:00:15,2, 4.729112E+01, 2.831772E+02, 2.825921E+02, 4.222204E+00, 3.275350E+00, 2.934775E+02, 2.830467E+02, 2.821983E+02, 2.827058E+02, 2.824130E+02
2024-06-16 10:15:15,2, 7.436316E+01, 2.834616E+02, 2.832845E+02, 5.471977E+00, 2.722866E+00, 2.934781E+02, 2.839427E+02, 2.833148E+02, 2.835554E+02, 2.834706E+02
2024-06-16 10:30:15,2, 1.018410E+02, 2.837461E+02, 2.840675E+02, 6.329979E+00, 3.753913E+00, 2.935237E+02, 2.847735E+02, 2.842652E+02, 2.844365E+02, 2.844295E+02
2024-06-16 10:45:15,2, 1.296069E+02, 2.840305E+02, 2.846435E+02, 6.869118E+00, 1.113249E+01, 2.935984E+02, 2.854351E+02, 2.850008E+02, 2.851707E+02, 2.852023E+02
2024-06-16 11:00:15,2, 2.112436E+02, 2.843229E+02, 2.850394E+02, 7.384329E+00, 1.039312E+01, 2.937056E+02, 2.862217E+02, 2.862107E+02, 2.857458E+02, 2.858735E+02
2024-06-16 11:15:15,2, 2.487675E+02, 2.850868E+02, 2.859702E+02, 8.190090E+00, 2.111440E+01, 2.939185E+02, 2.873999E+02, 2.875159E+02, 2.869689E+02, 2.872904E+02
2024-06-16 11:30:15,2, 2.861972E+02, 2.858507E+02, 2.867958E+02, 8.686904E+00, 2.683768E+01, 2.941911E+02, 2.883279E+02, 2.884474E+02, 2.879450E+02, 2.882661E+02
2024-06-16 11:45:15,2, 3.233724E+02, 2.866145E+02, 2.876128E+02, 9.162814E+00, 3.242302E+01, 2.945208E+02, 2.892368E+02, 2.893518E+02, 2.889030E+02, 2.892175E+02
2024-06-16 12:00:15,2, 3.974857E+02, 2.873741E+02, 2.884333E+02, 9.578719E+00, 3.878584E+01, 2.949070E+02, 2.902924E+02, 2.904980E+02, 2.898904E+02, 2.902019E+02
2024-06-16 12:15:15,2, 4.374297E+02, 2.878819E+02, 2.891417E+02, 9.847546E+00, 5.747532E+01, 2.954199E+02, 2.912144E+02, 2.913966E+02, 2.908954E+02, 2.912104E+02
2024-06-16 12:30:15,2, 4.765723E+02, 2.883897E+02, 2.897222E+02, 9.937507E+00, 6.305431E+01, 2.959722E+02, 2.919210E+02, 2.920738E+02, 2.916036E+02, 2.918749E+02
2024-06-16 12:45:15,2, 5.147459E+02, 2.888975E+02, 2.902969E+02, 1.001759E+01, 6.838298E+01, 2.965612E+02, 2.926119E+02, 2.927407E+02, 2.922951E+02, 2.925283E+02
2024-06-16 13:00:15,2, 5.642742E+02, 2.894034E+02, 2.908708E+02, 1.008483E+01, 7.377062E+01, 2.971842E+02, 2.933331E+02, 2.934607E+02, 2.929829E+02, 2.931887E+02
2024-06-16 13:15:15,2, 6.008334E+02, 2.897974E+02, 2.913716E+02, 1.013555E+01, 7.952547E+01, 2.978702E+02, 2.940020E+02, 2.941257E+02, 2.936513E+02, 2.938429E+02
2024-06-16 13:30:15,2, 6.359157E+02, 2.901914E+02, 2.918324E+02, 1.014670E+01, 8.406722E+01, 2.985766E+02, 2.946021E+02, 2.947274E+02, 2.942255E+02, 2.944035E+02
2024-06-16 13:45:15,2, 6.693710E+02, 2.905854E+02, 2.922896E+02, 1.014718E+01, 8.858979E+01, 2.992994E+02, 2.951896E+02, 2.953182E+02, 2.947884E+02, 2.949542E+02
2024-06-16 14:00:15,2, 7.419719E+02, 2.909798E+02, 2.927521E+02, 1.014465E+01, 9.286953E+01, 3.000379E+02, 2.959054E+02, 2.960622E+02, 2.953809E+02, 2.955311E+02
2024-06-16 14:15:15,2, 7.734888E+02, 2.913967E+02, 2.932791E+02, 1.014632E+01, 9.442489E+01, 3.009074E+02, 2.966608E+02, 2.968023E+02, 2.961480E+02, 2.962838E+02
2024-06-16 14:30:15,2, 8.028536E+02, 2.918135E+02, 2.937437E+02, 1.009869E+01, 9.802764E+01, 3.017630E+02, 2.972822E+02, 2.974237E+02, 2.967478E+02, 2.968737E+02
2024-06-16 14:45:15,2, 8.299404E+02, 2.922304E+02, 2.942029E+02, 1.004450E+01, 1.016991E+02, 3.026056E+02, 2.978912E+02, 2.980348E+02, 2.973377E+02, 2.974556E+02
2024-06-16 15:00:15,2, 8.701833E+02, 2.926468E+02, 2.946610E+02, 9.979143E+00, 1.048859E+02, 3.034351E+02, 2.985399E+02, 2.987021E+02, 2.979325E+02, 2.980450E+02
2024-06-16 15:15:15,2, 8.927803E+02, 2.930332E+02, 2.951202E+02, 9.890958E+00, 1.026684E+02, 3.042947E+02, 2.991517E+02, 2.993127E+02, 2.985273E+02, 2.986319E+02
2024-06-16 15:30:15,2, 9.127354E+02, 2.934195E+02, 2.955496E+02, 9.799798E+00, 1.051299E+02, 3.051265E+02, 2.996930E+02, 2.998549E+02, 2.990356E+02, 2.991307E+02
2024-06-16 15:45:15,2, 9.299631E+02, 2.938058E+02, 2.959741E+02, 9.704423E+00, 1.075538E+02, 3.059303E+02, 3.002144E+02, 3.003762E+02, 2.995284E+02, 2.996149E+02
2024-06-16 16:00:15,2, 9.417590E+02, 2.941912E+02, 2.963927E+02, 9.624617E+00, 1.095977E+02, 3.067037E+02, 3.007043E+02, 3.008591E+02, 3.000034E+02, 3.000844E+02
2024-06-16 16:15:15,2, 9.532904E+02, 2.945176E+02, 2.967626E+02, 9.542436E+00, 1.055595E+02, 3.074357E+02, 3.011228E+02, 3.012732E+02, 3.003914E+02, 3.004660E+02
2024-06-16 16:30:15,2, 9.619175E+02, 2.948440E+02, 2.971230E+02, 9.462859E+00, 1.069367E+02, 3.081335E+02, 3.015215E+02, 3.016685E+02, 3.007584E+02, 3.008260E+02
2024-06-16 16:45:15,2, 9.676034E+02, 2.951704E+02, 2.974776E+02, 9.370953E+00, 1.081608E+02, 3.087951E+02, 3.018996E+02, 3.020420E+02, 3.011107E+02, 3.011714E+02
2024-06-16 17:00:15,2, 9.550866E+02, 2.954956E+02, 2.978234E+02, 9.268634E+00, 1.092439E+02, 3.094170E+02, 3.022070E+02, 3.023360E+02, 3.014343E+02, 3.014906E+02
2024-06-16 17:15:15,2, 9.548336E+02, 2.957528E+02, 2.980819E+02, 9.203410E+00, 1.113508E+02, 3.099527E+02, 3.024593E+02, 3.025870E+02, 3.016641E+02, 3.017178E+02
2024-06-16 17:30:15,2, 9.516512E+02, 2.960101E+02, 2.983475E+02, 9.115467E+00, 1.118864E+02, 3.104565E+02, 3.027297E+02, 3.028503E+02, 3.019226E+02, 3.019723E+02
2024-06-16 17:45:15,2, 9.455530E+02, 2.962673E+02, 2.986073E+02, 9.031051E+00, 1.122554E+02, 3.109238E+02, 3.029759E+02, 3.030876E+02, 3.021649E+02, 3.022106E+02
2024-06-16 18:00:15,2, 9.390866E+02, 2.965243E+02, 2.988616E+02, 8.952344E+00, 1.122868E+02, 3.113513E+02, 3.032051E+02, 3.033068E+02, 3.023931E+02, 3.024347E+02
2024-06-16 18:15:15,2, 9.272156E+02, 2.967677E+02, 2.991155E+02, 8.917070E+00, 1.094253E+02, 3.117361E+02, 3.032962E+02, 3.033677E+02, 3.025172E+02, 3.025473E+02
2024-06-16 18:30:15,2, 9.125366E+02, 2.970111E+02, 2.993517E+02, 8.892850E+00, 1.094793E+02, 3.120632E+02, 3.033728E+02, 3.034183E+02, 3.026225E+02, 3.026427E+02
2024-06-16 18:45:15,2, 8.951124E+02, 2.972545E+02, 2.995778E+02, 8.872657E+00, 1.094542E+02, 3.123340E+02, 3.034421E+02, 3.034661E+02, 3.027279E+02, 3.027416E+02
2024-06-16 19:00:15,2, 8.438216E+02, 2.974957E+02, 2.997879E+02, 8.853258E+00, 1.099723E+02, 3.125458E+02, 3.034062E+02, 3.034014E+02, 3.028018E+02, 3.028160E+02
2024-06-16 19:15:15,2, 8.219509E+02, 2.976055E+02, 2.998320E+02, 8.931391E+00, 1.196082E+02, 3.126114E+02, 3.032997E+02, 3.032959E+02, 3.027276E+02, 3.027482E+02
2024-06-16 19:30:15,2, 7.976815E+02, 2.977152E+02, 2.999010E+02, 8.947347E+00, 1.197024E+02, 3.126506E+02, 3.032550E+02, 3.032425E+02, 3.027296E+02, 3.027517E+02
2024-06-16 19:45:15,2, 7.711172E+02, 2.978250E+02, 2.999652E+02, 8.967425E+00, 1.195265E+02, 3.126549E+02, 3.031937E+02, 3.031755E+02, 3.027207E+02, 3.027462E+02
2024-06-16 20:00:15,2, 7.072500E+02, 2.979332E+02, 3.000170E+02, 8.983781E+00, 1.191425E+02, 3.126141E+02, 3.030095E+02, 3.029785E+02, 3.026682E+02, 3.027048E+02
2024-06-16 20:15:15,2, 6.779041E+02, 2.979519E+02, 2.999404E+02, 9.103539E+00, 1.177956E+02, 3.124253E+02, 3.027358E+02, 3.027113E+02, 3.024408E+02, 3.024901E+02
2024-06-16 20:30:15,2, 6.467233E+02, 2.979705E+02, 2.998989E+02, 9.157564E+00, 1.169800E+02, 3.122185E+02, 3.025432E+02, 3.025140E+02, 3.023086E+02, 3.023637E+02
2024-06-16 20:45:15,2, 6.138410E+02, 2.979892E+02, 2.998532E+02, 9.209932E+00, 1.159668E+02, 3.119845E+02, 3.023377E+02, 3.023075E+02, 3.021675E+02, 3.022307E+02
2024-06-16 21:00:15,2, 5.617399E+02, 2.980056E+02, 2.997983E+02, 9.251473E+00, 1.138456E+02, 3.117159E+02, 3.020612E+02, 3.020195E+02, 3.019988E+02, 3.020737E+02
2024-06-16 21:15:15,2, 5.269767E+02, 2.978870E+02, 2.995923E+02, 9.359420E+00, 9.609097E+01, 3.113630E+02, 3.016738E+02, 3.016099E+02, 3.016808E+02, 3.017639E+02
2024-06-16 21:30:15,2, 4.909923E+02, 2.977684E+02, 2.993882E+02, 9.454805E+00, 9.221548E+01, 3.109831E+02, 3.013118E+02, 3.012240E+02, 3.013878E+02, 3.014803E+02
2024-06-16 21:45:15,2, 4.539408E+02, 2.976498E+02, 2.991777E+02, 9.575318E+00, 8.864598E+01, 3.105726E+02, 3.009293E+02, 3.008238E+02, 3.010830E+02, 3.011874E+02
2024-06-16 22:00:15,2, 3.807616E+02, 2.975281E+02, 2.989531E+02, 9.608901E+00, 8.439080E+01, 3.101286E+02, 3.004066E+02, 3.002145E+02, 3.007295E+02, 3.008453E+02
2024-06-16 22:15:15,2, 3.453329E+02, 2.972189E+02, 2.985109E+02, 9.830707E+00, 7.562915E+01, 3.095870E+02, 2.997485E+02, 2.994977E+02, 3.000877E+02, 3.001971E+02
2024-06-16 22:30:15,2, 3.093731E+02, 2.969097E+02, 2.981177E+02, 9.912591E+00, 7.047385E+01, 3.090418E+02, 2.992049E+02, 2.989168E+02, 2.995633E+02, 2.996839E+02
2024-06-16 22:45:15,2, 2.730363E+02, 2.966005E+02, 2.977224E+02, 9.903250E+00, 6.451443E+01, 3.084898E+02, 2.986588E+02, 2.983339E+02, 2.990311E+02, 2.991636E+02
2024-06-16 23:00:15,2, 1.960853E+02, 2.962891E+02, 2.973109E+02, 9.518354E+00, 5.841062E+01, 3.079299E+02, 2.979523E+02, 2.973948E+02, 2.984449E+02, 2.985651E+02
2024-06-16 23:15:15,2, 1.657177E+02, 2.958464E+02, 2.966723E+02, 9.255286E+00, 6.291311E+01, 3.073261E+02, 2.971302E+02, 2.964335E+02, 2.975588E+02, 2.975709E+02
2024-06-16 23:30:15,2, 1.354265E+02, 2.954036E+02, 2.961372E+02, 8.714890E+00, 5.772759E+01, 3.067370E+02, 2.964872E+02, 2.957119E+02, 2.968708E+02, 2.968514E+02
2024-06-16 23:45:15,2, 1.053412E+02, 2.949609E+02, 2.956030E+02, 7.853528E+00, 5.019326E+01, 3.061611E+02, 2.958606E+02, 2.949993E+02, 2.961897E+02, 2.961433E+02
2024-06-17 00:00:15,1, 5.565087E+01, 2.945189E+02, 2.950684E+02, 5.363854E+00, 4.129912E+01, 3.055919E+02, 2.951878E+02, 2.941532E+02, 2.954993E+02, 2.954134E+02
2024-06-17 00:15:15,1, 3.426830E+01, 2.941200E+02, 2.945128E+02, 3.705134E+00, 3.474193E+01, 3.050220E+02, 2.945847E+02, 2.934694E+02, 2.947759E+02, 2.945881E+02
2024-06-17 00:30:15,1, 1.331329E+01, 2.937212E+02, 2.940396E+02, 1.596903E+00, 2.744089E+01, 3.044875E+02, 2.940944E+02, 2.929464E+02, 2.942103E+02, 2.939490E+02
2024-06-17 00:45:15,1, 0.000000E+00, 2.933224E+02, 2.935474E+02, 0.000000E+00, 1.993643E+01, 3.039818E+02, 2.935543E+02, 2.924036E+02, 2.936564E+02, 2.933249E+02
2024-06-17 01:00:15,1, 0.000000E+00, 2.929261E+02, 2.930958E+02, 0.000000E+00, 1.854424E+01, 3.035202E+02, 2.931152E+02, 2.919579E+02, 2.931983E+02, 2.928633E+02
2024-06-17 01:15:15,1, 0.000000E+00, 2.926770E+02, 2.927101E+02, 0.000000E+00, 1.216329E+01, 3.031044E+02, 2.927298E+02, 2.915407E+02, 2.928051E+02, 2.924628E+02
2024-06-17 01:30:15,1, 0.000000E+00, 2.924280E+02, 2.923606E+02, 0.000000E+00, 1.003195E+01, 3.027282E+02, 2.923839E+02, 2.911786E+02, 2.924522E+02, 2.921062E+02
2024-06-17 01:45:15,1, 0.000000E+00, 2.921790E+02, 2.920287E+02, 0.000000E+00, 8.973258E+00, 3.023811E+02, 2.920616E+02, 2.908456E+02, 2.921189E+02, 2.917711E+02
2024-06-17 02:00:15,1, 0.000000E+00, 2.919313E+02, 2.917134E+02, 0.000000E+00, 8.739464E+00, 3.020562E+02, 2.917593E+02, 2.905426E+02, 2.918025E+02, 2.914549E+02
2024-06-17 02:15:15,1, 0.000000E+00, 2.917645E+02, 2.914306E+02, 0.000000E+00, 8.964416E+00, 3.017485E+02, 2.914961E+02, 2.902975E+02, 2.915174E+02, 2.911741E+02
2024-06-17 02:30:15,1, 0.000000E+00, 2.915976E+02, 2.911834E+02, 0.000000E+00, 9.169515E+00, 3.014560E+02, 2.912629E+02, 2.900809E+02, 2.912685E+02, 2.909298E+02
2024-06-17 02:45:15,1, 0.000000E+00, 2.914308E+02, 2.909610E+02, 0.000000E+00, 9.442784E+00, 3.011777E+02, 2.910498E+02, 2.898820E+02, 2.910443E+02, 2.907096E+02
2024-06-17 03:00:15,1, 0.000000E+00, 2.912657E+02, 2.907572E+02, 0.000000E+00, 9.720495E+00, 3.009124E+02, 2.908524E+02, 2.896971E+02, 2.908388E+02, 2.905077E+02
2024-06-17 03:15:15,1, 0.000000E+00, 2.912022E+02, 2.905757E+02, 0.000000E+00, 9.485920E+00, 3.006597E+02, 2.906811E+02, 2.895452E+02, 2.906555E+02, 2.903295E+02
2024-06-17 03:30:15,1, 0.000000E+00, 2.911387E+02, 2.904180E+02, 0.000000E+00, 9.412885E+00, 3.004192E+02, 2.905296E+02, 2.894110E+02, 2.904958E+02, 2.901747E+02
2024-06-17 03:45:15,1, 0.000000E+00, 2.910753E+02, 2.902782E+02, 0.000000E+00, 9.417951E+00, 3.001900E+02, 2.903933E+02, 2.892903E+02, 2.903541E+02, 2.900375E+02
2024-06-17 04:00:15,1, 0.000000E+00, 2.910127E+02, 2.901521E+02, 0.000000E+00, 9.455654E+00, 2.999713E+02, 2.902693E+02, 2.891805E+02, 2.902267E+02, 2.899143E+02
2024-06-17 04:15:15,1, 0.000000E+00, 2.910015E+02, 2.900354E+02, 0.000000E+00, 9.151537E+00, 2.997618E+02, 2.901502E+02, 2.890752E+02, 2.901080E+02, 2.897995E+02
2024-06-17 04:30:15,1, 0.000000E+00, 2.909903E+02, 2.899250E+02, 0.000000E+00, 8.927753E+00, 2.995607E+02, 2.900371E+02, 2.889748E+02, 2.899955E+02, 2.896908E+02
2024-06-17 04:45:15,1, 0.000000E+00, 2.909790E+02, 2.898200E+02, 0.000000E+00, 8.758977E+00, 2.993672E+02, 2.899289E+02, 2.888787E+02, 2.898886E+02, 2.895874E+02
2024-06-17 05:00:15,1, 0.000000E+00, 2.909669E+02, 2.897196E+02, 0.000000E+00, 8.624367E+00, 2.991810E+02, 2.898253E+02, 2.887862E+02, 2.897864E+02, 2.894885E+02
2024-06-17 05:15:15,1, 0.000000E+00, 2.909021E+02, 2.896185E+02, 0.000000E+00, 8.240479E+00, 2.990010E+02, 2.897181E+02, 2.886871E+02, 2.896839E+02, 2.893886E+02
2024-06-17 05:30:15,1, 0.000000E+00, 2.908373E+02, 2.895136E+02, 0.000000E+00, 7.898881E+00, 2.988266E+02, 2.896087E+02, 2.885854E+02, 2.895778E+02, 2.892848E+02
2024-06-17 05:45:15,1, 0.000000E+00, 2.907724E+02, 2.894067E+02, 0.000000E+00, 7.596167E+00, 2.986572E+02, 2.894984E+02, 2.884823E+02, 2.894698E+02, 2.891789E+02
2024-06-17 06:00:15,1, 0.000000E+00, 2.907076E+02, 2.892990E+02, 0.000000E+00, 7.322755E+00, 2.984926E+02, 2.893880E+02, 2.883790E+02, 2.893610E+02, 2.890722E+02
2024-06-17 06:15:15,1, 0.000000E+00, 2.906440E+02, 2.891948E+02, 0.000000E+00, 6.796970E+00, 2.983330E+02, 2.892861E+02, 2.882870E+02, 2.892561E+02, 2.889700E+02
2024-06-17 06:30:15,1, 0.000000E+00, 2.905804E+02, 2.890970E+02, 0.000000E+00, 6.366639E+00, 2.981784E+02, 2.891898E+02, 2.881995E+02, 2.891573E+02, 2.888740E+02
2024-06-17 06:45:15,1, 0.000000E+00, 2.905168E+02, 2.890052E+02, 0.000000E+00, 6.006613E+00, 2.980285E+02, 2.890987E+02, 2.881163E+02, 2.890645E+02, 2.887835E+02
2024-06-17 07:00:15,1, 0.000000E+00, 2.904528E+02, 2.889185E+02, 0.000000E+00, 5.688696E+00, 2.978832E+02, 2.890122E+02, 2.880375E+02, 2.889768E+02, 2.886981E+02
2024-06-17 07:15:15,1, 0.000000E+00, 2.903685E+02, 2.888345E+02, 0.000000E+00, 5.437694E+00, 2.977421E+02, 2.889273E+02, 2.879588E+02, 2.888920E+02, 2.886151E+02
2024-06-17 07:30:15,1, 0.000000E+00, 2.902842E+02, 2.887518E+02, 0.000000E+00, 5.208388E+00, 2.976049E+02, 2.888439E+02, 2.878813E+02, 2.888085E+02, 2.885334E+02
2024-06-17 07:45:15,1, 0.000000E+00, 2.901999E+02, 2.886705E+02, 0.000000E+00, 4.998146E+00, 2.974713E+02, 2.887620E+02, 2.878051E+02, 2.887264E+02, 2.884531E+02
2024-06-17 08:00:15,1, 0.000000E+00, 2.901157E+02, 2.885907E+02, 0.000000E+00, 4.803372E+00, 2.973411E+02, 2.886818E+02, 2.877304E+02, 2.886459E+02, 2.883742E+02
2024-06-17 08:15:15,1, 0.000000E+00, 2.900358E+02, 2.885190E+02, 0.000000E+00, 4.557598E+00, 2.972150E+02, 2.886171E+02, 2.876757E+02, 2.885738E+02, 2.883048E+02
2024-06-17 08:30:15,1, 0.000000E+00, 2.899559E+02, 2.884593E+02, 0.000000E+00, 4.341074E+00, 2.970935E+02, 2.885631E+02, 2.876313E+02, 2.885143E+02, 2.882480E+02
2024-06-17 08:45:15,1, 0.000000E+00, 2.898759E+02, 2.884090E+02, 0.000000E+00, 4.148371E+00, 2.969765E+02, 2.885167E+02, 2.875943E+02, 2.884635E+02, 2.882000E+02
2024-06-17 09:00:15,1, 0.000000E+00, 2.897966E+02, 2.883657E+02, 0.000000E+00, 3.970001E+00, 2.968636E+02, 2.884764E+02, 2.875630E+02, 2.884199E+02, 2.881590E+02
2024-06-17 09:15:15,1, 0.000000E+00, 2.897518E+02, 2.883180E+02, 0.000000E+00, 3.502223E+00, 2.967534E+02, 2.884194E+02, 2.875083E+02, 2.883713E+02, 2.881114E+02
2024-06-17 09:30:15,1, 0.000000E+00, 2.897070E+02, 2.882590E+02, 0.000000E+00, 3.076867E+00, 2.966444E+02, 2.883529E+02, 2.874440E+02, 2.883109E+02, 2.880517E+02
2024-06-17 09:45:15,1, 0.000000E+00, 2.896621E+02, 2.881922E+02, 0.000000E+00, 2.690679E+00, 2.965366E+02, 2.882808E+02, 2.873739E+02, 2.882429E+02, 2.879845E+02
2024-06-17 10:00:15,1, 4.867773E+01, 2.896217E+02, 2.881323E+02, 5.018925E+00, 2.353655E+00, 2.964329E+02, 2.883945E+02, 2.876955E+02, 2.882218E+02, 2.879972E+02
2024-06-17 10:15:15,1, 7.664104E+01, 2.898431E+02, 2.887683E+02, 6.748097E+00, 2.432206E+00, 2.964434E+02, 2.892249E+02, 2.887514E+02, 2.890519E+02, 2.890654E+02
2024-06-17 10:30:15,1, 1.050253E+02, 2.900645E+02, 2.895556E+02, 8.073603E+00, 3.382386E+00, 2.965027E+02, 2.900606E+02, 2.897190E+02, 2.899423E+02, 2.900298E+02
2024-06-17 10:45:15,1, 1.337090E+02, 2.902859E+02, 2.904424E+02, 9.082116E+00, 1.838075E+01, 2.966041E+02, 2.909355E+02, 2.906738E+02, 2.909030E+02, 2.910105E+02
2024-06-17 11:00:15,1, 2.013354E+02, 2.905121E+02, 2.910517E+02, 9.799553E+00, 3.018457E+01, 2.967211E+02, 2.916815E+02, 2.917094E+02, 2.916382E+02, 2.917775E+02
2024-06-17 11:15:15,1, 2.371434E+02, 2.910209E+02, 2.917733E+02, 1.026415E+01, 3.017748E+01, 2.969233E+02, 2.925611E+02, 2.926788E+02, 2.925720E+02, 2.928149E+02
2024-06-17 11:30:15,1, 2.728637E+02, 2.915297E+02, 2.923819E+02, 1.046717E+01, 3.312723E+01, 2.971839E+02, 2.933013E+02, 2.934538E+02, 2.933056E+02, 2.935503E+02
2024-06-17 11:45:15,1, 3.083433E+02, 2.920385E+02, 2.929798E+02, 1.066728E+01, 3.709925E+01, 2.974995E+02, 2.940320E+02, 2.942115E+02, 2.940234E+02, 2.942692E+02
2024-06-17 12:00:15,1, 3.771482E+02, 2.925479E+02, 2.935799E+02, 1.089145E+01, 4.141384E+01, 2.978681E+02, 2.948823E+02, 2.951641E+02, 2.947673E+02, 2.950224E+02
2024-06-17 12:15:15,1, 4.150840E+02, 2.930932E+02, 2.942865E+02, 1.101747E+01, 5.090559E+01, 2.983548E+02, 2.957581E+02, 2.960532E+02, 2.956661E+02, 2.959397E+02
2024-06-17 12:30:15,1, 4.522612E+02, 2.936385E+02, 2.949053E+02, 1.104927E+01, 5.536847E+01, 2.988833E+02, 2.964933E+02, 2.967963E+02, 2.963853E+02, 2.966473E+02
2024-06-17 12:45:15,1, 4.885207E+02, 2.941838E+02, 2.955190E+02, 1.105458E+01, 5.973986E+01, 2.994501E+02, 2.972171E+02, 2.975285E+02, 2.970925E+02, 2.973441E+02
2024-06-17 13:00:15,1, 5.300292E+02, 2.947284E+02, 2.961311E+02, 1.103102E+01, 6.410391E+01, 3.000511E+02, 2.979536E+02, 2.982819E+02, 2.977979E+02, 2.980408E+02
2024-06-17 13:15:15,1, 5.644019E+02, 2.952323E+02, 2.967271E+02, 1.095813E+01, 6.972418E+01, 3.007002E+02, 2.986945E+02, 2.990422E+02, 2.985168E+02, 2.987566E+02
2024-06-17 13:30:15,1, 5.973890E+02, 2.957361E+02, 2.973036E+02, 1.084787E+01, 7.363082E+01, 3.013745E+02, 2.994048E+02, 2.997742E+02, 2.991972E+02, 2.994337E+02
2024-06-17 13:45:15,1, 6.288492E+02, 2.962400E+02, 2.978768E+02, 1.070318E+01, 7.726321E+01, 3.020695E+02, 3.001083E+02, 3.005011E+02, 2.998698E+02, 3.001036E+02
2024-06-17 14:00:15,1, 6.544299E+02, 2.967430E+02, 2.984470E+02, 1.052121E+01, 8.090732E+01, 3.027788E+02, 3.007946E+02, 3.012134E+02, 3.005321E+02, 3.007654E+02
2024-06-17 14:15:15,1, 6.822598E+02, 2.972006E+02, 2.989692E+02, 1.031534E+01, 8.877122E+01, 3.034843E+02, 3.014409E+02, 3.018893E+02, 3.011437E+02, 3.013775E+02
2024-06-17 14:30:15,1, 7.081928E+02, 2.976581E+02, 2.994889E+02, 1.007244E+01, 9.165458E+01, 3.041968E+02, 3.020864E+02, 3.025634E+02, 3.017535E+02, 3.019868E+02
2024-06-17 14:45:15,1, 7.321178E+02, 2.981156E+02, 3.000058E+02, 9.801159E+00, 9.398723E+01, 3.049117E+02, 3.027260E+02, 3.032327E+02, 3.023551E+02, 3.025885E+02
2024-06-17 15:00:15,1, 7.965808E+02, 2.985730E+02, 3.005276E+02, 9.512936E+00, 9.635393E+01, 3.056290E+02, 3.034776E+02, 3.040158E+02, 3.029856E+02, 3.032115E+02
2024-06-17 15:15:15,1, 8.173009E+02, 2.990240E+02, 3.010946E+02, 9.055170E+00, 1.034956E+02, 3.064805E+02, 3.042347E+02, 3.047746E+02, 3.037186E+02, 3.039288E+02
2024-06-17 15:30:15,1, 8.356037E+02, 2.994749E+02, 3.015968E+02, 8.693482E+00, 1.044999E+02, 3.072945E+02, 3.048585E+02, 3.054161E+02, 3.042956E+02, 3.045027E+02
2024-06-17 15:45:15,1, 8.514108E+02, 2.999258E+02, 3.020944E+02, 8.321832E+00, 1.049762E+02, 3.080756E+02, 3.054721E+02, 3.060465E+02, 3.048604E+02, 3.050651E+02
2024-06-17 16:00:15,1, 8.608285E+02, 3.003750E+02, 3.025869E+02, 7.941197E+00, 1.051306E+02, 3.088249E+02, 3.060658E+02, 3.066568E+02, 3.054108E+02, 3.056152E+02
2024-06-17 16:15:15,1, 8.714053E+02, 3.007220E+02, 3.029798E+02, 7.633484E+00, 1.073212E+02, 3.095278E+02, 3.065537E+02, 3.071514E+02, 3.058562E+02, 3.060597E+02
2024-06-17 16:30:15,1, 8.793284E+02, 3.010691E+02, 3.033595E+02, 7.324802E+00, 1.068211E+02, 3.101973E+02, 3.070245E+02, 3.076244E+02, 3.062781E+02, 3.064793E+02
2024-06-17 16:45:15,1, 8.845638E+02, 3.014161E+02, 3.037334E+02, 7.024852E+00, 1.060133E+02, 3.108330E+02, 3.074780E+02, 3.080769E+02, 3.066860E+02, 3.068849E+02
2024-06-17 17:00:15,1, 9.315017E+02, 3.017621E+02, 3.041091E+02, 6.740061E+00, 1.051283E+02, 3.114395E+02, 3.080394E+02, 3.086363E+02, 3.071176E+02, 3.073057E+02
2024-06-17 17:15:15,1, 9.312963E+02, 3.020500E+02, 3.044861E+02, 6.314092E+00, 1.026149E+02, 3.121530E+02, 3.085553E+02, 3.090977E+02, 3.075956E+02, 3.077651E+02
2024-06-17 17:30:15,1, 9.282347E+02, 3.023379E+02, 3.047821E+02, 6.118651E+00, 1.017086E+02, 3.127891E+02, 3.088734E+02, 3.093829E+02, 3.078890E+02, 3.080514E+02
2024-06-17 17:45:15,1, 9.223300E+02, 3.026259E+02, 3.050705E+02, 5.937990E+00, 1.008156E+02, 3.133570E+02, 3.091637E+02, 3.096410E+02, 3.081646E+02, 3.083202E+02
2024-06-17 18:00:15,1, 8.981676E+02, 3.029108E+02, 3.053477E+02, 5.775816E+00, 9.924484E+01, 3.138607E+02, 3.093798E+02, 3.098222E+02, 3.084096E+02, 3.085615E+02
2024-06-17 18:15:15,1, 8.868590E+02, 3.030203E+02, 3.054539E+02, 5.780615E+00, 8.956277E+01, 3.142556E+02, 3.094444E+02, 3.098706E+02, 3.084778E+02, 3.086288E+02
2024-06-17 18:30:15,1, 8.728653E+02, 3.031298E+02, 3.055541E+02, 5.744685E+00, 8.898410E+01, 3.146041E+02, 3.095207E+02, 3.099236E+02, 3.085473E+02, 3.086946E+02
2024-06-17 18:45:15,1, 8.562465E+02, 3.032393E+02, 3.056478E+02, 5.725308E+00, 8.865524E+01, 3.149037E+02, 3.095715E+02, 3.099539E+02, 3.086024E+02, 3.087473E+02
2024-06-17 19:00:15,1, 6.860399E+02, 3.033466E+02, 3.057068E+02, 5.713000E+00, 8.859224E+01, 3.151332E+02, 3.091639E+02, 3.095251E+02, 3.085135E+02, 3.086868E+02
2024-06-17 19:15:15,1, 6.683006E+02, 3.033194E+02, 3.054175E+02, 6.528523E+00, 1.016483E+02, 3.148179E+02, 3.084264E+02, 3.088664E+02, 3.078895E+02, 3.081045E+02
2024-06-17 19:30:15,1, 6.486113E+02, 3.032923E+02, 3.053432E+02, 6.631358E+00, 1.021677E+02, 3.145815E+02, 3.082429E+02, 3.086758E+02, 3.077610E+02, 3.079744E+02
2024-06-17 19:45:15,1, 6.270565E+02, 3.032652E+02, 3.052660E+02, 6.758437E+00, 1.024450E+02, 3.143865E+02, 3.080485E+02, 3.084678E+02, 3.076280E+02, 3.078388E+02
2024-06-17 20:00:15,1, 5.361021E+02, 3.032365E+02, 3.051707E+02, 6.883847E+00, 1.018574E+02, 3.141997E+02, 3.076284E+02, 3.079891E+02, 3.074242E+02, 3.076396E+02
2024-06-17 20:15:15,1, 5.139010E+02, 3.031121E+02, 3.048706E+02, 7.448985E+00, 9.193344E+01, 3.138173E+02, 3.070446E+02, 3.073852E+02, 3.069296E+02, 3.071446E+02
2024-06-17 20:30:15,1, 4.903091E+02, 3.029878E+02, 3.046784E+02, 7.666978E+00, 9.116144E+01, 3.134706E+02, 3.067223E+02, 3.070261E+02, 3.066756E+02, 3.068851E+02
2024-06-17 20:45:15,1, 4.654273E+02, 3.028635E+02, 3.044837E+02, 7.896129E+00, 9.026331E+01, 3.131409E+02, 3.063928E+02, 3.066547E+02, 3.064162E+02, 3.066201E+02
2024-06-17 21:00:15,1, 4.140066E+02, 3.027356E+02, 3.042793E+02, 8.107363E+00, 8.863418E+01, 3.128128E+02, 3.059654E+02, 3.061451E+02, 3.061237E+02, 3.063214E+02
2024-06-17 21:15:15,1, 3.884358E+02, 3.023944E+02, 3.038518E+02, 8.553226E+00, 7.816201E+01, 3.124169E+02, 3.053899E+02, 3.055043E+02, 3.056011E+02, 3.057872E+02
2024-06-17 21:30:15,1, 3.619647E+02, 3.020532E+02, 3.034470E+02, 8.867850E+00, 7.503856E+01, 3.120279E+02, 3.049025E+02, 3.049549E+02, 3.051419E+02, 3.053243E+02
2024-06-17 21:45:15,1, 3.347066E+02, 3.017120E+02, 3.030411E+02, 9.165025E+00, 7.151920E+01, 3.116385E+02, 3.044176E+02, 3.044045E+02, 3.046794E+02, 3.048593E+02
2024-06-17 22:00:15,1, 2.689897E+02, 3.013714E+02, 3.026246E+02, 9.285932E+00, 6.762909E+01, 3.112417E+02, 3.037883E+02, 3.036030E+02, 3.041729E+02, 3.043439E+02
2024-06-17 22:15:15,1, 2.440186E+02, 3.010655E+02, 3.021439E+02, 9.665570E+00, 7.084592E+01, 3.107617E+02, 3.031134E+02, 3.028235E+02, 3.034683E+02, 3.035983E+02
2024-06-17 22:30:15,1, 2.186715E+02, 3.007595E+02, 3.017691E+02, 9.762078E+00, 6.729598E+01, 3.102997E+02, 3.026290E+02, 3.022657E+02, 3.029797E+02, 3.030981E+02
2024-06-17 22:45:15,1, 1.930571E+02, 3.004536E+02, 3.013975E+02, 9.738331E+00, 6.207833E+01, 3.098484E+02, 3.021556E+02, 3.017180E+02, 3.024950E+02, 3.026026E+02
2024-06-17 23:00:15,1, 1.529243E+02, 3.001481E+02, 3.010235E+02, 9.289802E+00, 5.642889E+01, 3.094024E+02, 3.016347E+02, 3.010628E+02, 3.019944E+02, 3.020865E+02
2024-06-17 23:15:15,1, 1.293214E+02, 2.998710E+02, 3.006196E+02, 8.911321E+00, 5.921173E+01, 3.089401E+02, 3.010975E+02, 3.004176E+02, 3.014202E+02, 3.014456E+02
2024-06-17 23:30:15,1, 1.057762E+02, 2.995938E+02, 3.002639E+02, 8.183176E+00, 5.398798E+01, 3.084836E+02, 3.006446E+02, 2.998898E+02, 3.009407E+02, 3.009176E+02
2024-06-17 23:45:15,1, 8.238962E+01, 2.993166E+02, 2.999135E+02, 7.102538E+00, 4.668366E+01, 3.080325E+02, 3.002123E+02, 2.993970E+02, 3.004733E+02, 3.004064E+02
2024-06-17 00:00:15,2, 5.565087E+01, 2.945189E+02, 2.950652E+02, 5.414249E+00, 4.146292E+01, 3.055976E+02, 2.952196E+02, 2.941902E+02, 2.955009E+02, 2.954019E+02
2024-06-17 00:15:15,2, 3.426830E+01, 2.941200E+02, 2.945101E+02, 3.731168E+00, 3.485059E+01, 3.050277E+02, 2.946235E+02, 2.935300E+02, 2.947816E+02, 2.945880E+02
2024-06-17 00:30:15,2, 1.331329E+01, 2.937212E+02, 2.940377E+02, 1.599015E+00, 2.756896E+01, 3.044932E+02, 2.941381E+02, 2.930231E+02, 2.942197E+02, 2.939597E+02
2024-06-17 00:45:15,2, 0.000000E+00, 2.933224E+02, 2.935470E+02, 0.000000E+00, 2.001687E+01, 3.039872E+02, 2.935990E+02, 2.924842E+02, 2.936698E+02, 2.933485E+02
2024-06-17 01:00:15,2, 0.000000E+00, 2.929261E+02, 2.930956E+02, 0.000000E+00, 1.858220E+01, 3.035251E+02, 2.931604E+02, 2.920392E+02, 2.932121E+02, 2.928873E+02
2024-06-17 01:15:15,2, 0.000000E+00, 2.926770E+02, 2.927099E+02, 0.000000E+00, 1.217326E+01, 3.031091E+02, 2.927767E+02, 2.916252E+02, 2.928195E+02, 2.924877E+02
2024-06-17 01:30:15,2, 0.000000E+00, 2.924280E+02, 2.923602E+02, 0.000000E+00, 1.002773E+01, 3.027327E+02, 2.924321E+02, 2.912649E+02, 2.924667E+02, 2.921316E+02
2024-06-17 01:45:15,2, 0.000000E+00, 2.921790E+02, 2.920282E+02, 0.000000E+00, 8.964141E+00, 3.023854E+02, 2.921098E+02, 2.909329E+02, 2.921332E+02, 2.917967E+02
2024-06-17 02:00:15,2, 0.000000E+00, 2.919313E+02, 2.917129E+02, 0.000000E+00, 8.743174E+00, 3.020604E+02, 2.918076E+02, 2.906306E+02, 2.918169E+02, 2.914807E+02
2024-06-17 02:15:15,2, 0.000000E+00, 2.917645E+02, 2.914303E+02, 0.000000E+00, 8.971490E+00, 3.017525E+02, 2.915439E+02, 2.903840E+02, 2.915317E+02, 2.911996E+02
2024-06-17 02:30:15,2, 0.000000E+00, 2.915976E+02, 2.911830E+02, 0.000000E+00, 9.175177E+00, 3.014599E+02, 2.913103E+02, 2.901661E+02, 2.912827E+02, 2.909547E+02
2024-06-17 02:45:15,2, 0.000000E+00, 2.914308E+02, 2.909606E+02, 0.000000E+00, 9.447098E+00, 3.011814E+02, 2.910967E+02, 2.899659E+02, 2.910583E+02, 2.907341E+02
2024-06-17 03:00:15,2, 0.000000E+00, 2.912657E+02, 2.907566E+02, 0.000000E+00, 9.723639E+00, 3.009160E+02, 2.908988E+02, 2.897800E+02, 2.908526E+02, 2.905317E+02
2024-06-17 03:15:15,2, 0.000000E+00, 2.912022E+02, 2.905750E+02, 0.000000E+00, 9.488223E+00, 3.006633E+02, 2.907268E+02, 2.896264E+02, 2.906690E+02, 2.903528E+02
2024-06-17 03:30:15,2, 0.000000E+00, 2.911387E+02, 2.904171E+02, 0.000000E+00, 9.414397E+00, 3.004227E+02, 2.905747E+02, 2.894906E+02, 2.905090E+02, 2.901973E+02
2024-06-17 03:45:15,2, 0.000000E+00, 2.910753E+02, 2.902771E+02, 0.000000E+00, 9.418830E+00, 3.001935E+02, 2.904377E+02, 2.893685E+02, 2.903671E+02, 2.900596E+02
2024-06-17 04:00:15,2, 0.000000E+00, 2.910127E+02, 2.901508E+02, 0.000000E+00, 9.456096E+00, 2.999746E+02, 2.903130E+02, 2.892576E+02, 2.902395E+02, 2.899358E+02
2024-06-17 04:15:15,2, 0.000000E+00, 2.910015E+02, 2.900340E+02, 0.000000E+00, 9.152058E+00, 2.997651E+02, 2.901931E+02, 2.891511E+02, 2.901204E+02, 2.898206E+02
2024-06-17 04:30:15,2, 0.000000E+00, 2.909903E+02, 2.899236E+02, 0.000000E+00, 8.928398E+00, 2.995639E+02, 2.900792E+02, 2.890496E+02, 2.900076E+02, 2.897116E+02
2024-06-17 04:45:15,2, 0.000000E+00, 2.909790E+02, 2.898186E+02, 0.000000E+00, 8.759727E+00, 2.993704E+02, 2.899705E+02, 2.889525E+02, 2.899003E+02, 2.896078E+02
2024-06-17 05:00:15,2, 0.000000E+00, 2.909669E+02, 2.897183E+02, 0.000000E+00, 8.625201E+00, 2.991841E+02, 2.898662E+02, 2.888591E+02, 2.897979E+02, 2.895087E+02
2024-06-17 05:15:15,2, 0.000000E+00, 2.909021E+02, 2.896172E+02, 0.000000E+00, 8.241462E+00, 2.990041E+02, 2.897587E+02, 2.887594E+02, 2.896952E+02, 2.894085E+02
2024-06-17 05:30:15,2, 0.000000E+00, 2.908373E+02, 2.895123E+02, 0.000000E+00, 7.899979E+00, 2.988296E+02, 2.896488E+02, 2.886571E+02, 2.895890E+02, 2.893046E+02
2024-06-17 05:45:15,2, 0.000000E+00, 2.907724E+02, 2.894054E+02, 0.000000E+00, 7.597343E+00, 2.986602E+02, 2.895381E+02, 2.885535E+02, 2.894808E+02, 2.891986E+02
2024-06-17 06:00:15,2, 0.000000E+00, 2.907076E+02, 2.892978E+02, 0.000000E+00, 7.323977E+00, 2.984955E+02, 2.894274E+02, 2.884496E+02, 2.893719E+02, 2.890917E+02
2024-06-17 06:15:15,2, 0.000000E+00, 2.906440E+02, 2.891936E+02, 0.000000E+00, 6.798297E+00, 2.983358E+02, 2.893251E+02, 2.883568E+02, 2.892668E+02, 2.889893E+02
2024-06-17 06:30:15,2, 0.000000E+00, 2.905804E+02, 2.890957E+02, 0.000000E+00, 6.368614E+00, 2.981812E+02, 2.892284E+02, 2.882686E+02, 2.891680E+02, 2.888930E+02
2024-06-17 06:45:15,2, 0.000000E+00, 2.905168E+02, 2.890040E+02, 0.000000E+00, 6.008497E+00, 2.980313E+02, 2.891370E+02, 2.881849E+02, 2.890751E+02, 2.888024E+02
2024-06-17 07:00:15,2, 0.000000E+00, 2.904528E+02, 2.889173E+02, 0.000000E+00, 5.690483E+00, 2.978860E+02, 2.890503E+02, 2.881055E+02, 2.889873E+02, 2.887167E+02
2024-06-17 07:15:15,2, 0.000000E+00, 2.903685E+02, 2.888333E+02, 0.000000E+00, 5.439377E+00, 2.977449E+02, 2.889651E+02, 2.880263E+02, 2.889024E+02, 2.886337E+02
2024-06-17 07:30:15,2, 0.000000E+00, 2.902842E+02, 2.887506E+02, 0.000000E+00, 5.209972E+00, 2.976076E+02, 2.888814E+02, 2.879484E+02, 2.888188E+02, 2.885519E+02
2024-06-17 07:45:15,2, 0.000000E+00, 2.901999E+02, 2.886693E+02, 0.000000E+00, 4.999636E+00, 2.974739E+02, 2.887993E+02, 2.878719E+02, 2.887366E+02, 2.884714E+02
2024-06-17 08:00:15,2, 0.000000E+00, 2.901157E+02, 2.885895E+02, 0.000000E+00, 4.804772E+00, 2.973437E+02, 2.887189E+02, 2.877968E+02, 2.886560E+02, 2.883924E+02
2024-06-17 08:15:15,2, 0.000000E+00, 2.900358E+02, 2.885178E+02, 0.000000E+00, 4.558919E+00, 2.972176E+02, 2.886539E+02, 2.877413E+02, 2.885839E+02, 2.883228E+02
2024-06-17 08:30:15,2, 0.000000E+00, 2.899559E+02, 2.884581E+02, 0.000000E+00, 4.342299E+00, 2.970961E+02, 2.885996E+02, 2.876963E+02, 2.885242E+02, 2.882657E+02
2024-06-17 08:45:15,2, 0.000000E+00, 2.898759E+02, 2.884077E+02, 0.000000E+00, 4.149483E+00, 2.969790E+02, 2.885530E+02, 2.876585E+02, 2.884734E+02, 2.882174E+02
2024-06-17 09:00:15,2, 0.000000E+00, 2.897966E+02, 2.883644E+02, 0.000000E+00, 3.970952E+00, 2.968662E+02, 2.885124E+02, 2.876266E+02, 2.884299E+02, 2.881762E+02
2024-06-17 09:15:15,2, 0.000000E+00, 2.897518E+02, 2.883168E+02, 0.000000E+00, 3.503178E+00, 2.967559E+02, 2.884551E+02, 2.875718E+02, 2.883810E+02, 2.881286E+02
2024-06-17 09:30:15,2, 0.000000E+00, 2.897070E+02, 2.882578E+02, 0.000000E+00, 3.077852E+00, 2.966469E+02, 2.883884E+02, 2.875074E+02, 2.883205E+02, 2.880690E+02
2024-06-17 09:45:15,2, 0.000000E+00, 2.896621E+02, 2.881910E+02, 0.000000E+00, 2.691684E+00, 2.965391E+02, 2.883161E+02, 2.874372E+02, 2.882525E+02, 2.880017E+02
2024-06-17 10:00:15,2, 4.867773E+01, 2.896217E+02, 2.881310E+02, 5.096951E+00, 2.355007E+00, 2.964354E+02, 2.884196E+02, 2.877210E+02, 2.882294E+02, 2.880077E+02
2024-06-17 10:15:15,2, 7.664104E+01, 2.898431E+02, 2.887641E+02, 6.806447E+00, 2.440581E+00, 2.964464E+02, 2.892346E+02, 2.887429E+02, 2.890451E+02, 2.890408E+02
2024-06-17 10:30:15,2, 1.050253E+02, 2.900645E+02, 2.895500E+02, 8.096594E+00, 3.385321E+00, 2.965061E+02, 2.900631E+02, 2.897007E+02, 2.899309E+02, 2.900000E+02
2024-06-17 10:45:15,2, 1.337090E+02, 2.902859E+02, 2.904361E+02, 9.090545E+00, 1.811688E+01, 2.966079E+02, 2.909353E+02, 2.906524E+02, 2.908914E+02, 2.909822E+02
2024-06-17 11:00:15,2, 2.013354E+02, 2.905121E+02, 2.910500E+02, 9.803804E+00, 3.029324E+01, 2.967252E+02, 2.916697E+02, 2.916550E+02, 2.916290E+02, 2.917493E+02
2024-06-17 11:15:15,2, 2.371434E+02, 2.910209E+02, 2.917705E+02, 1.026340E+01, 3.017565E+01, 2.969280E+02, 2.925440E+02, 2.926141E+02, 2.925575E+02, 2.927701E+02
2024-06-17 11:30:15,2, 2.728637E+02, 2.915297E+02, 2.923792E+02, 1.047295E+01, 3.311198E+01, 2.971890E+02, 2.932826E+02, 2.933883E+02, 2.932913E+02, 2.935060E+02
2024-06-17 11:45:15,2, 3.083433E+02, 2.920385E+02, 2.929771E+02, 1.067370E+01, 3.708500E+01, 2.975047E+02, 2.940124E+02, 2.941452E+02, 2.940092E+02, 2.942251E+02
2024-06-17 12:00:15,2, 3.771482E+02, 2.925479E+02, 2.935771E+02, 1.089866E+01, 4.140003E+01, 2.978733E+02, 2.948583E+02, 2.950835E+02, 2.947524E+02, 2.949753E+02
2024-06-17 12:15:15,2, 4.150840E+02, 2.930932E+02, 2.942831E+02, 1.102516E+01, 5.088055E+01, 2.983601E+02, 2.957327E+02, 2.959694E+02, 2.956497E+02, 2.958860E+02
2024-06-17 12:30:15,2, 4.522612E+02, 2.936385E+02, 2.949019E+02, 1.105748E+01, 5.534870E+01, 2.988886E+02, 2.964677E+02, 2.967123E+02, 2.963694E+02, 2.965945E+02
2024-06-17 12:45:15,2, 4.885207E+02, 2.941838E+02, 2.955155E+02, 1.106315E+01, 5.972372E+01, 2.994553E+02, 2.971914E+02, 2.974440E+02, 2.970770E+02, 2.972920E+02
2024-06-17 13:00:15,2, 5.300292E+02, 2.947284E+02, 2.961275E+02, 1.103994E+01, 6.409112E+01, 3.000561E+02, 2.979273E+02, 2.981952E+02, 2.977826E+02, 2.979886E+02
2024-06-17 13:15:15,2, 5.644019E+02, 2.952323E+02, 2.967235E+02, 1.096748E+01, 6.971405E+01, 3.007050E+02, 2.986673E+02, 2.989528E+02, 2.985014E+02, 2.987032E+02
2024-06-17 13:30:15,2, 5.973890E+02, 2.957361E+02, 2.972999E+02, 1.085759E+01, 7.362631E+01, 3.013791E+02, 2.993768E+02, 2.996824E+02, 2.991818E+02, 2.993798E+02
2024-06-17 13:45:15,2, 6.288492E+02, 2.962400E+02, 2.978731E+02, 1.071327E+01, 7.726476E+01, 3.020738E+02, 3.000795E+02, 3.004065E+02, 2.998543E+02, 3.000490E+02
2024-06-17 14:00:15,2, 6.544299E+02, 2.967430E+02, 2.984433E+02, 1.053165E+01, 8.091546E+01, 3.027829E+02, 3.007648E+02, 3.011162E+02, 3.005165E+02, 3.007101E+02
2024-06-17 14:15:15,2, 6.822598E+02, 2.972006E+02, 2.989655E+02, 1.032600E+01, 8.878711E+01, 3.034881E+02, 3.014101E+02, 3.017890E+02, 3.011280E+02, 3.013217E+02
2024-06-17 14:30:15,2, 7.081928E+02, 2.976581E+02, 2.994852E+02, 1.008339E+01, 9.167915E+01, 3.042003E+02, 3.020546E+02, 3.024599E+02, 3.017376E+02, 3.019300E+02
2024-06-17 14:45:15,2, 7.321178E+02, 2.981156E+02, 3.000021E+02, 9.812399E+00, 9.402080E+01, 3.049150E+02, 3.026931E+02, 3.031259E+02, 3.023391E+02, 3.025308E+02
2024-06-17 15:00:15,2, 7.965808E+02, 2.985730E+02, 3.005237E+02, 9.524477E+00, 9.639545E+01, 3.056321E+02, 3.034440E+02, 3.039022E+02, 3.029693E+02, 3.031516E+02
2024-06-17 15:15:15,2, 8.173009E+02, 2.990240E+02, 3.010901E+02, 9.068286E+00, 1.035520E+02, 3.064833E+02, 3.042005E+02, 3.046571E+02, 3.037021E+02, 3.038654E+02
2024-06-17 15:30:15,2, 8.356037E+02, 2.994749E+02, 3.015923E+02, 8.706818E+00, 1.045697E+02, 3.072971E+02, 3.048238E+02, 3.052962E+02, 3.042791E+02, 3.044385E+02
2024-06-17 15:45:15,2, 8.514108E+02, 2.999258E+02, 3.020898E+02, 8.335344E+00, 1.050588E+02, 3.080780E+02, 3.054369E+02, 3.059243E+02, 3.048437E+02, 3.050002E+02
2024-06-17 16:00:15,2, 8.608285E+02, 3.003750E+02, 3.025823E+02, 7.954817E+00, 1.052260E+02, 3.088271E+02, 3.060301E+02, 3.065327E+02, 3.053940E+02, 3.055496E+02
2024-06-17 16:15:15,2, 8.714053E+02, 3.007220E+02, 3.029752E+02, 7.646951E+00, 1.074260E+02, 3.095298E+02, 3.065178E+02, 3.070261E+02, 3.058394E+02, 3.059940E+02
2024-06-17 16:30:15,2, 8.793284E+02, 3.010691E+02, 3.033549E+02, 7.338222E+00, 1.069351E+02, 3.101992E+02, 3.069886E+02, 3.074982E+02, 3.062613E+02, 3.064131E+02
2024-06-17 16:45:15,2, 8.845638E+02, 3.014161E+02, 3.037288E+02, 7.038188E+00, 1.061360E+02, 3.108347E+02, 3.074423E+02, 3.079500E+02, 3.066692E+02, 3.068185E+02
2024-06-17 17:00:15,2, 9.315017E+02, 3.017621E+02, 3.041044E+02, 6.753262E+00, 1.052577E+02, 3.114410E+02, 3.080042E+02, 3.085057E+02, 3.071008E+02, 3.072380E+02
2024-06-17 17:15:15,2, 9.312963E+02, 3.020500E+02, 3.044808E+02, 6.328401E+00, 1.027682E+02, 3.121544E+02, 3.085214E+02, 3.089680E+02, 3.075790E+02, 3.076955E+02
2024-06-17 17:30:15,2, 9.282347E+02, 3.023379E+02, 3.047769E+02, 6.132679E+00, 1.018640E+02, 3.127904E+02, 3.088407E+02, 3.092556E+02, 3.078728E+02, 3.079824E+02
2024-06-17 17:45:15,2, 9.223300E+02, 3.026259E+02, 3.050652E+02, 5.951774E+00, 1.009734E+02, 3.133582E+02, 3.091323E+02, 3.095160E+02, 3.081486E+02, 3.082520E+02
2024-06-17 18:00:15,2, 8.981676E+02, 3.029108E+02, 3.053426E+02, 5.789367E+00, 9.940639E+01, 3.138619E+02, 3.093495E+02, 3.097011E+02, 3.083940E+02, 3.084945E+02
2024-06-17 18:15:15,2, 8.868590E+02, 3.030203E+02, 3.054490E+02, 5.793580E+00, 8.971746E+01, 3.142567E+02, 3.094149E+02, 3.097517E+02, 3.084625E+02, 3.085637E+02
2024-06-17 18:30:15,2, 8.728653E+02, 3.031298E+02, 3.055493E+02, 5.757560E+00, 8.913658E+01, 3.146052E+02, 3.094919E+02, 3.098066E+02, 3.085323E+02, 3.086304E+02
2024-06-17 18:45:15,2, 8.562465E+02, 3.032393E+02, 3.056429E+02, 5.738079E+00, 8.880588E+01, 3.149047E+02, 3.095434E+02, 3.098385E+02, 3.085877E+02, 3.086839E+02
2024-06-17 19:00:15,2, 6.860399E+02, 3.033466E+02, 3.057023E+02, 5.725644E+00, 8.874304E+01, 3.151342E+02, 3.091348E+02, 3.094238E+02, 3.084989E+02, 3.086281E+02
2024-06-17 19:15:15,2, 6.683006E+02, 3.033194E+02, 3.054152E+02, 6.536241E+00, 1.017310E+02, 3.148187E+02, 3.083969E+02, 3.087699E+02, 3.078757E+02, 3.080563E+02
2024-06-17 19:30:15,2, 6.486113E+02, 3.032923E+02, 3.053408E+02, 6.639473E+00, 1.022537E+02, 3.145823E+02, 3.082137E+02, 3.085801E+02, 3.077473E+02, 3.079269E+02
2024-06-17 19:45:15,2, 6.270565E+02, 3.032652E+02, 3.052637E+02, 6.766651E+00, 1.025304E+02, 3.143873E+02, 3.080196E+02, 3.083733E+02, 3.076144E+02, 3.077920E+02
2024-06-17 20:00:15,2, 5.361021E+02, 3.032365E+02, 3.051685E+02, 6.892040E+00, 1.019425E+02, 3.142005E+02, 3.076009E+02, 3.079046E+02, 3.074112E+02, 3.075959E+02
2024-06-17 20:15:15,2, 5.139010E+02, 3.031121E+02, 3.048693E+02, 7.455059E+00, 9.199568E+01, 3.138181E+02, 3.070186E+02, 3.073061E+02, 3.069177E+02, 3.071071E+02
2024-06-17 20:30:15,2, 4.903091E+02, 3.029878E+02, 3.046771E+02, 7.673271E+00, 9.122046E+01, 3.134714E+02, 3.066974E+02, 3.069495E+02, 3.066641E+02, 3.068486E+02
2024-06-17 20:45:15,2, 4.654273E+02, 3.028635E+02, 3.044824E+02, 7.902526E+00, 9.031949E+01, 3.131416E+02, 3.063690E+02, 3.065810E+02, 3.064051E+02, 3.065846E+02
2024-06-17 21:00:15,2, 4.140066E+02, 3.027356E+02, 3.042780E+02, 8.113714E+00, 8.868768E+01, 3.128137E+02, 3.059442E+02, 3.060792E+02, 3.061132E+02, 3.062879E+02
2024-06-17 21:15:15,2, 3.884358E+02, 3.023944E+02, 3.038509E+02, 8.558858E+00, 7.820893E+01, 3.124177E+02, 3.053709E+02, 3.054435E+02, 3.055918E+02, 3.057576E+02
2024-06-17 21:30:15,2, 3.619647E+02, 3.020532E+02, 3.034460E+02, 8.873517E+00, 7.507944E+01, 3.120288E+02, 3.048853E+02, 3.048975E+02, 3.051330E+02, 3.052954E+02
2024-06-17 21:45:15,2, 3.347066E+02, 3.017120E+02, 3.030402E+02, 9.170631E+00, 7.155498E+01, 3.116395E+02, 3.044023E+02, 3.043507E+02, 3.046708E+02, 3.048311E+02
2024-06-17 22:00:15,2, 2.689897E+02, 3.013714E+02, 3.026238E+02, 9.290583E+00, 6.765913E+01, 3.112428E+02, 3.037791E+02, 3.035647E+02, 3.041652E+02, 3.043186E+02
2024-06-17 22:15:15,2, 2.440186E+02, 3.010655E+02, 3.021435E+02, 9.668804E+00, 7.086724E+01, 3.107629E+02, 3.031090E+02, 3.027949E+02, 3.034631E+02, 3.035812E+02
2024-06-17 22:30:15,2, 2.186715E+02, 3.007595E+02, 3.017687E+02, 9.765072E+00, 6.731076E+01, 3.103010E+02, 3.026277E+02, 3.022424E+02, 3.029751E+02, 3.030828E+02
2024-06-17 22:45:15,2, 1.930571E+02, 3.004536E+02, 3.013971E+02, 9.742460E+00, 6.208901E+01, 3.098499E+02, 3.021579E+02, 3.017004E+02, 3.024908E+02, 3.025890E+02
2024-06-17 23:00:15,2, 1.529243E+02, 3.001481E+02, 3.010231E+02, 9.302305E+00, 5.644037E+01, 3.094040E+02, 3.016439E+02, 3.010595E+02, 3.019910E+02, 3.020759E+02
2024-06-17 23:15:15,2, 1.293214E+02, 2.998710E+02, 3.006190E+02, 8.934384E+00, 5.926476E+01, 3.089417E+02, 3.011120E+02, 3.004257E+02, 3.014173E+02, 3.014400E+02
2024-06-17 23:30:15,2, 1.057762E+02, 2.995938E+02, 3.002625E+02, 8.214710E+00, 5.410373E+01, 3.084853E+02, 3.006630E+02, 2.999073E+02, 3.009363E+02, 3.009130E+02
2024-06-17 23:45:15,2, 8.238962E+01, 2.993166E+02, 2.999113E+02, 7.133055E+00, 4.685819E+01, 3.080342E+02, 3.002351E+02, 2.994252E+02, 3.004649E+02, 3.004029E+02
2024-06-18 00:00:15,1, 4.259822E+01, 2.990387E+02, 2.995636E+02, 4.270955E+00, 3.835621E+01, 3.075858E+02, 2.997767E+02, 2.988863E+02, 2.999801E+02, 2.998728E+02
2024-06-18 00:15:15,1, 2.635385E+01, 2.987175E+02, 2.991841E+02, 2.812702E+00, 3.062925E+01, 3.071263E+02, 2.994012E+02, 2.985330E+02, 2.994538E+02, 2.992788E+02
2024-06-18 00:30:15,1, 1.043321E+01, 2.983962E+02, 2.988532E+02, 1.190961E+00, 2.452973E+01, 3.066913E+02, 2.990791E+02, 2.982751E+02, 2.990436E+02, 2.988413E+02
2024-06-18 00:45:15,1, 0.000000E+00, 2.980749E+02, 2.985038E+02, 0.000000E+00, 1.925717E+01, 3.062757E+02, 2.986983E+02, 2.979276E+02, 2.986486E+02, 2.984205E+02
2024-06-18 01:00:15,1, 0.000000E+00, 2.977553E+02, 2.981980E+02, 0.000000E+00, 1.922641E+01, 3.058955E+02, 2.984303E+02, 2.976967E+02, 2.983417E+02, 2.981257E+02
2024-06-18 01:15:15,1, 0.000000E+00, 2.975284E+02, 2.979392E+02, 0.000000E+00, 2.020542E+01, 3.055465E+02, 2.981593E+02, 2.974298E+02, 2.980731E+02, 2.978597E+02
2024-06-18 01:30:15,1, 0.000000E+00, 2.973016E+02, 2.976979E+02, 0.000000E+00, 2.063792E+01, 3.052222E+02, 2.979051E+02, 2.971746E+02, 2.978269E+02, 2.976132E+02
2024-06-18 01:45:15,1, 0.000000E+00, 2.970748E+02, 2.974571E+02, 0.000000E+00, 2.084545E+01, 3.049165E+02, 2.976517E+02, 2.969249E+02, 2.975815E+02, 2.973689E+02
2024-06-18 02:00:15,1, 0.000000E+00, 2.968486E+02, 2.972173E+02, 0.000000E+00, 2.073389E+01, 3.046264E+02, 2.974007E+02, 2.966764E+02, 2.973375E+02, 2.971258E+02
2024-06-18 02:15:15,1, 0.000000E+00, 2.966587E+02, 2.969916E+02, 0.000000E+00, 1.774440E+01, 3.043504E+02, 2.971526E+02, 2.964153E+02, 2.971042E+02, 2.968884E+02
2024-06-18 02:30:15,1, 0.000000E+00, 2.964689E+02, 2.967711E+02, 0.000000E+00, 1.684672E+01, 3.040868E+02, 2.969099E+02, 2.961611E+02, 2.968764E+02, 2.966579E+02
2024-06-18 02:45:15,1, 0.000000E+00, 2.962790E+02, 2.965492E+02, 0.000000E+00, 1.631728E+01, 3.038335E+02, 2.966673E+02, 2.959060E+02, 2.966483E+02, 2.964265E+02
2024-06-18 03:00:15,1, 0.000000E+00, 2.960902E+02, 2.963250E+02, 0.000000E+00, 1.572622E+01, 3.035893E+02, 2.964238E+02, 2.956490E+02, 2.964184E+02, 2.961928E+02
2024-06-18 03:15:15,1, 0.000000E+00, 2.959678E+02, 2.961484E+02, 0.000000E+00, 1.249689E+01, 3.033609E+02, 2.962647E+02, 2.954924E+02, 2.962363E+02, 2.960106E+02
2024-06-18 03:30:15,1, 0.000000E+00, 2.958453E+02, 2.960204E+02, 0.000000E+00, 1.264749E+01, 3.031491E+02, 2.961512E+02, 2.953946E+02, 2.961074E+02, 2.958861E+02
2024-06-18 03:45:15,1, 0.000000E+00, 2.957228E+02, 2.959141E+02, 0.000000E+00, 1.351363E+01, 3.029497E+02, 2.960577E+02, 2.953208E+02, 2.960022E+02, 2.957863E+02
2024-06-18 04:00:15,1, 0.000000E+00, 2.956002E+02, 2.958172E+02, 0.000000E+00, 1.430263E+01, 3.027604E+02, 2.959726E+02, 2.952560E+02, 2.959078E+02, 2.956974E+02
2024-06-18 04:15:15,1, 0.000000E+00, 2.954700E+02, 2.957028E+02, 0.000000E+00, 1.365414E+01, 3.025772E+02, 2.958444E+02, 2.951319E+02, 2.957939E+02, 2.955858E+02
2024-06-18 04:30:15,1, 0.000000E+00, 2.953397E+02, 2.955686E+02, 0.000000E+00, 1.261190E+01, 3.023985E+02, 2.957002E+02, 2.949867E+02, 2.956582E+02, 2.954501E+02
2024-06-18 04:45:15,1, 0.000000E+00, 2.952094E+02, 2.954277E+02, 0.000000E+00, 1.187371E+01, 3.022247E+02, 2.955510E+02, 2.948350E+02, 2.955152E+02, 2.953066E+02
2024-06-18 05:00:15,1, 0.000000E+00, 2.950789E+02, 2.952845E+02, 0.000000E+00, 1.136245E+01, 3.020556E+02, 2.954003E+02, 2.946814E+02, 2.953695E+02, 2.951604E+02
2024-06-18 05:15:15,1, 0.000000E+00, 2.949391E+02, 2.951423E+02, 0.000000E+00, 1.003346E+01, 3.018920E+02, 2.952563E+02, 2.945344E+02, 2.952260E+02, 2.950163E+02
2024-06-18 05:30:15,1, 0.000000E+00, 2.947993E+02, 2.950024E+02, 0.000000E+00, 9.362975E+00, 3.017342E+02, 2.951156E+02, 2.943909E+02, 2.950851E+02, 2.948749E+02
2024-06-18 05:45:15,1, 0.000000E+00, 2.946596E+02, 2.948640E+02, 0.000000E+00, 8.963608E+00, 3.015814E+02, 2.949768E+02, 2.942494E+02, 2.949458E+02, 2.947351E+02
2024-06-18 06:00:15,1, 0.000000E+00, 2.945202E+02, 2.947267E+02, 0.000000E+00, 8.620465E+00, 3.014326E+02, 2.948398E+02, 2.941095E+02, 2.948079E+02, 2.945966E+02
2024-06-18 06:15:15,1, 0.000000E+00, 2.944079E+02, 2.946060E+02, 0.000000E+00, 6.082651E+00, 3.012862E+02, 2.947338E+02, 2.940148E+02, 2.946868E+02, 2.944779E+02
2024-06-18 06:30:15,1, 0.000000E+00, 2.942957E+02, 2.945060E+02, 0.000000E+00, 4.930155E+00, 3.011582E+02, 2.946494E+02, 2.939464E+02, 2.945877E+02, 2.943829E+02
2024-06-18 06:45:15,1, 0.000000E+00, 2.941834E+02, 2.944162E+02, 0.000000E+00, 4.070886E+00, 3.010428E+02, 2.945755E+02, 2.938893E+02, 2.944996E+02, 2.943000E+02
2024-06-18 07:00:15,1, 0.000000E+00, 2.940701E+02, 2.943293E+02, 0.000000E+00, 3.276983E+00, 3.009347E+02, 2.945038E+02, 2.938340E+02, 2.944151E+02, 2.942206E+02
2024-06-18 07:15:15,1, 0.000000E+00, 2.938998E+02, 2.942078E+02, 0.000000E+00, 2.916894E+00, 3.008363E+02, 2.943790E+02, 2.937059E+02, 2.942983E+02, 2.941041E+02
2024-06-18 07:30:15,1, 0.000000E+00, 2.937294E+02, 2.940613E+02, 0.000000E+00, 2.371759E+00, 3.008513E+02, 2.942462E+02, 2.935567E+02, 2.941555E+02, 2.939571E+02
2024-06-18 07:45:15,1, 0.000000E+00, 2.935591E+02, 2.939161E+02, 0.000000E+00, 1.987303E+00, 3.009665E+02, 2.941260E+02, 2.934143E+02, 2.940149E+02, 2.938107E+02
2024-06-18 08:00:15,1, 0.000000E+00, 2.933901E+02, 2.937769E+02, 0.000000E+00, 1.755469E+00, 3.011629E+02, 2.940203E+02, 2.932830E+02, 2.938825E+02, 2.936714E+02
2024-06-18 08:15:15,1, 0.000000E+00, 2.933049E+02, 2.936873E+02, 0.000000E+00, 2.840779E+00, 3.014874E+02, 2.939761E+02, 2.932099E+02, 2.937949E+02, 2.935754E+02
2024-06-18 08:30:15,1, 0.000000E+00, 2.932197E+02, 2.936407E+02, 0.000000E+00, 3.805598E+00, 3.020085E+02, 2.939922E+02, 2.931950E+02, 2.937609E+02, 2.935327E+02
2024-06-18 08:45:15,1, 0.000000E+00, 2.931345E+02, 2.936033E+02, 0.000000E+00, 4.660575E+00, 3.026314E+02, 2.940238E+02, 2.931993E+02, 2.937423E+02, 2.935065E+02
2024-06-18 09:00:15,1, 0.000000E+00, 2.930493E+02, 2.935618E+02, 0.000000E+00, 4.831117E+00, 3.032712E+02, 2.940558E+02, 2.931913E+02, 2.937216E+02, 2.934745E+02
2024-06-18 09:15:15,1, 0.000000E+00, 2.929614E+02, 2.935264E+02, 0.000000E+00, 3.605678E+00, 3.037929E+02, 2.940998E+02, 2.932312E+02, 2.937071E+02, 2.934580E+02
2024-06-18 09:30:15,1, 0.000000E+00, 2.928736E+02, 2.934837E+02, 0.000000E+00, 3.266479E+00, 3.041401E+02, 2.941182E+02, 2.932535E+02, 2.936825E+02, 2.934347E+02
2024-06-18 09:45:15,1, 0.000000E+00, 2.927858E+02, 2.934326E+02, 0.000000E+00, 3.278004E+00, 3.043884E+02, 2.941184E+02, 2.932615E+02, 2.936461E+02, 2.934008E+02
2024-06-18 10:00:15,1, 3.791164E+01, 2.927034E+02, 2.933856E+02, 4.181015E+00, 3.589963E+00, 3.045897E+02, 2.942239E+02, 2.934626E+02, 2.936429E+02, 2.934178E+02
2024-06-18 10:15:15,1, 5.979385E+01, 2.929401E+02, 2.936949E+02, 6.032241E+00, 4.790195E+00, 3.046074E+02, 2.946491E+02, 2.939702E+02, 2.941167E+02, 2.940112E+02
2024-06-18 10:30:15,1, 8.200695E+01, 2.931767E+02, 2.939706E+02, 7.545807E+00, 8.660937E+00, 3.043414E+02, 2.949603E+02, 2.943601E+02, 2.944705E+02, 2.944049E+02
2024-06-18 10:45:15,1, 1.044558E+02, 2.934134E+02, 2.942440E+02, 8.741845E+00, 1.244531E+01, 3.040454E+02, 2.952765E+02, 2.947551E+02, 2.948192E+02, 2.947891E+02
2024-06-18 11:00:15,1, 1.717124E+02, 2.936528E+02, 2.945335E+02, 1.068217E+01, 1.600864E+01, 3.038069E+02, 2.957832E+02, 2.955396E+02, 2.952214E+02, 2.952525E+02
2024-06-18 11:15:15,1, 2.023009E+02, 2.940598E+02, 2.951040E+02, 1.138734E+01, 2.015621E+01, 3.036878E+02, 2.965054E+02, 2.963759E+02, 2.960224E+02, 2.961818E+02
2024-06-18 11:30:15,1, 2.328163E+02, 2.944667E+02, 2.955688E+02, 1.176175E+01, 2.389274E+01, 3.036151E+02, 2.970645E+02, 2.970032E+02, 2.965993E+02, 2.967797E+02
2024-06-18 11:45:15,1, 2.631281E+02, 2.948737E+02, 2.960309E+02, 1.197850E+01, 2.753707E+01, 3.036080E+02, 2.976270E+02, 2.976247E+02, 2.971707E+02, 2.973709E+02
2024-06-18 12:00:15,1, 3.431029E+02, 2.952814E+02, 2.965043E+02, 1.231291E+01, 3.182884E+01, 3.036705E+02, 2.983839E+02, 2.985573E+02, 2.977943E+02, 2.980258E+02
2024-06-18 12:15:15,1, 3.776541E+02, 2.957332E+02, 2.971225E+02, 1.218803E+01, 4.962852E+01, 3.038941E+02, 2.991923E+02, 2.994154E+02, 2.986765E+02, 2.989643E+02
2024-06-18 12:30:15,1, 4.115168E+02, 2.961851E+02, 2.976310E+02, 1.203230E+01, 5.449267E+01, 3.041706E+02, 2.998060E+02, 3.000633E+02, 2.992992E+02, 2.995891E+02
2024-06-18 12:45:15,1, 4.445459E+02, 2.966370E+02, 2.981372E+02, 1.184848E+01, 5.875381E+01, 3.044943E+02, 3.004161E+02, 3.007069E+02, 2.999133E+02, 3.002055E+02
2024-06-18 13:00:15,1, 4.242671E+02, 2.970866E+02, 2.986311E+02, 1.156022E+01, 6.266902E+01, 3.048544E+02, 3.008461E+02, 3.011132E+02, 3.004706E+02, 3.007660E+02
2024-06-18 13:15:15,1, 4.518114E+02, 2.974067E+02, 2.989313E+02, 1.149777E+01, 6.638231E+01, 3.051168E+02, 3.012187E+02, 3.015579E+02, 3.007681E+02, 3.010712E+02
2024-06-18 13:30:15,1, 4.782476E+02, 2.977267E+02, 2.993082E+02, 1.128195E+01, 6.997471E+01, 3.054269E+02, 3.017644E+02, 3.021728E+02, 3.012785E+02, 3.016046E+02
2024-06-18 13:45:15,1, 5.034624E+02, 2.980468E+02, 2.996822E+02, 1.101512E+01, 7.294242E+01, 3.057747E+02, 3.023190E+02, 3.028002E+02, 3.017938E+02, 3.021434E+02
2024-06-18 14:00:15,1, 6.001144E+02, 2.983679E+02, 3.000654E+02, 1.075256E+01, 7.615818E+01, 3.061592E+02, 3.031158E+02, 3.037250E+02, 3.023786E+02, 3.027493E+02
2024-06-18 14:15:15,1, 6.256668E+02, 2.987511E+02, 3.005967E+02, 1.008120E+01, 8.640946E+01, 3.067831E+02, 3.039426E+02, 3.045882E+02, 3.032285E+02, 3.036100E+02
2024-06-18 14:30:15,1, 6.494807E+02, 2.991344E+02, 3.010234E+02, 9.663694E+00, 8.820132E+01, 3.074056E+02, 3.045126E+02, 3.052104E+02, 3.037658E+02, 3.041629E+02
2024-06-18 14:45:15,1, 6.714541E+02, 2.995176E+02, 3.014463E+02, 9.245820E+00, 8.958921E+01, 3.080229E+02, 3.050766E+02, 3.058303E+02, 3.042908E+02, 3.047083E+02
2024-06-18 15:00:15,1, 6.133703E+02, 2.998994E+02, 3.018528E+02, 8.801246E+00, 9.021574E+01, 3.086234E+02, 3.053879E+02, 3.061719E+02, 3.047369E+02, 3.051912E+02
2024-06-18 15:15:15,1, 6.293531E+02, 3.001926E+02, 3.020824E+02, 8.858196E+00, 9.071972E+01, 3.089712E+02, 3.055487E+02, 3.064040E+02, 3.048386E+02, 3.053204E+02
2024-06-18 15:30:15,1, 6.434753E+02, 3.004859E+02, 3.024086E+02, 8.525676E+00, 9.134862E+01, 3.093431E+02, 3.059846E+02, 3.069023E+02, 3.052310E+02, 3.057323E+02
2024-06-18 15:45:15,1, 6.556765E+02, 3.007792E+02, 3.027325E+02, 8.195439E+00, 9.146344E+01, 3.097285E+02, 3.064127E+02, 3.073884E+02, 3.056166E+02, 3.061365E+02
2024-06-18 16:00:15,1, 7.227167E+02, 3.010724E+02, 3.030626E+02, 7.881092E+00, 9.132250E+01, 3.101256E+02, 3.070133E+02, 3.080645E+02, 3.060436E+02, 3.065720E+02
2024-06-18 16:15:15,1, 7.316280E+02, 3.013635E+02, 3.034624E+02, 7.240921E+00, 8.692025E+01, 3.106911E+02, 3.076581E+02, 3.087267E+02, 3.066427E+02, 3.071764E+02
2024-06-18 16:30:15,1, 7.383121E+02, 3.016546E+02, 3.037744E+02, 6.963199E+00, 8.597974E+01, 3.111996E+02, 3.080414E+02, 3.091187E+02, 3.069883E+02, 3.075252E+02
2024-06-18 16:45:15,1, 7.427401E+02, 3.019458E+02, 3.040807E+02, 6.701155E+00, 8.506380E+01, 3.116642E+02, 3.084016E+02, 3.094833E+02, 3.073161E+02, 3.078547E+02
2024-06-18 17:00:15,1, 8.538942E+02, 3.022373E+02, 3.043985E+02, 6.467587E+00, 8.444625E+01, 3.121057E+02, 3.090695E+02, 3.101474E+02, 3.077237E+02, 3.082371E+02
2024-06-18 17:15:15,1, 8.537440E+02, 3.025491E+02, 3.048732E+02, 5.629101E+00, 7.990209E+01, 3.128710E+02, 3.098991E+02, 3.108784E+02, 3.084658E+02, 3.089336E+02
2024-06-18 17:30:15,1, 8.509762E+02, 3.028609E+02, 3.052004E+02, 5.440136E+00, 7.891747E+01, 3.135289E+02, 3.102254E+02, 3.111341E+02, 3.087676E+02, 3.092008E+02
2024-06-18 17:45:15,1, 8.456024E+02, 3.031727E+02, 3.055204E+02, 5.262412E+00, 7.797669E+01, 3.141001E+02, 3.105223E+02, 3.113640E+02, 3.090490E+02, 3.094497E+02
2024-06-18 18:00:15,1, 8.643914E+02, 3.034840E+02, 3.058375E+02, 5.106080E+00, 7.800712E+01, 3.146023E+02, 3.108705E+02, 3.116446E+02, 3.093373E+02, 3.097005E+02
2024-06-18 18:15:15,1, 8.535505E+02, 3.037668E+02, 3.061576E+02, 4.885651E+00, 8.878474E+01, 3.151252E+02, 3.111670E+02, 3.118192E+02, 3.096496E+02, 3.099523E+02
2024-06-18 18:30:15,1, 8.401259E+02, 3.040497E+02, 3.064333E+02, 4.821266E+00, 8.928846E+01, 3.155639E+02, 3.113022E+02, 3.118745E+02, 3.098309E+02, 3.100929E+02
2024-06-18 18:45:15,1, 8.241751E+02, 3.043325E+02, 3.067007E+02, 4.765925E+00, 8.969191E+01, 3.159283E+02, 3.114070E+02, 3.119229E+02, 3.099939E+02, 3.102303E+02
2024-06-18 19:00:15,1, 7.787438E+02, 3.046116E+02, 3.069543E+02, 4.719832E+00, 8.953000E+01, 3.162223E+02, 3.114002E+02, 3.118758E+02, 3.101149E+02, 3.103437E+02
2024-06-18 19:15:15,1, 7.586530E+02, 3.046690E+02, 3.069678E+02, 4.909769E+00, 8.382226E+01, 3.163669E+02, 3.111795E+02, 3.116345E+02, 3.100013E+02, 3.102280E+02
2024-06-18 19:30:15,1, 7.363488E+02, 3.047265E+02, 3.069848E+02, 5.006626E+00, 8.500423E+01, 3.164687E+02, 3.110233E+02, 3.114415E+02, 3.099257E+02, 3.101424E+02
2024-06-18 19:45:15,1, 7.119269E+02, 3.047839E+02, 3.069951E+02, 5.117662E+00, 8.635543E+01, 3.165250E+02, 3.108473E+02, 3.112330E+02, 3.098391E+02, 3.100477E+02
2024-06-18 20:00:15,1, 6.929703E+02, 3.048402E+02, 3.069999E+02, 5.243825E+00, 8.761455E+01, 3.165341E+02, 3.106740E+02, 3.110317E+02, 3.097480E+02, 3.099488E+02
2024-06-18 20:15:15,1, 6.643260E+02, 3.048256E+02, 3.069448E+02, 5.371609E+00, 8.602850E+01, 3.165163E+02, 3.104552E+02, 3.107799E+02, 3.096328E+02, 3.098284E+02
2024-06-18 20:30:15,1, 6.338836E+02, 3.048110E+02, 3.068606E+02, 5.566612E+00, 8.756658E+01, 3.164427E+02, 3.101675E+02, 3.104645E+02, 3.094574E+02, 3.096506E+02
2024-06-18 20:45:15,1, 6.017734E+02, 3.047965E+02, 3.067707E+02, 5.776214E+00, 8.911824E+01, 3.163147E+02, 3.098599E+02, 3.101353E+02, 3.092693E+02, 3.094629E+02
2024-06-18 21:00:15,1, 5.180410E+02, 3.047768E+02, 3.066631E+02, 5.994721E+00, 8.894789E+01, 3.161291E+02, 3.093620E+02, 3.095778E+02, 3.090201E+02, 3.092199E+02
2024-06-18 21:15:15,1, 4.861027E+02, 3.044557E+02, 3.062100E+02, 6.679471E+00, 6.696542E+01, 3.157647E+02, 3.086233E+02, 3.088143E+02, 3.084194E+02, 3.086225E+02
2024-06-18 21:30:15,1, 4.530372E+02, 3.041345E+02, 3.058054E+02, 7.087226E+00, 6.613000E+01, 3.153928E+02, 3.080866E+02, 3.082467E+02, 3.079649E+02, 3.081771E+02
2024-06-18 21:45:15,1, 4.189861E+02, 3.038134E+02, 3.053975E+02, 7.505684E+00, 6.510179E+01, 3.150057E+02, 3.075386E+02, 3.076782E+02, 3.074998E+02, 3.077350E+02
2024-06-18 22:00:15,1, 3.135755E+02, 3.034911E+02, 3.049689E+02, 7.827832E+00, 6.373296E+01, 3.145944E+02, 3.066946E+02, 3.066529E+02, 3.069337E+02, 3.072105E+02
2024-06-18 22:15:15,1, 2.845269E+02, 3.030992E+02, 3.043435E+02, 8.761292E+00, 7.290597E+01, 3.140245E+02, 3.056928E+02, 3.054913E+02, 3.059506E+02, 3.061424E+02
2024-06-18 22:30:15,1, 2.550390E+02, 3.027074E+02, 3.038813E+02, 9.064300E+00, 7.063310E+01, 3.134922E+02, 3.050793E+02, 3.047982E+02, 3.053445E+02, 3.055124E+02
2024-06-18 22:45:15,1, 2.252382E+02, 3.023156E+02, 3.034220E+02, 9.257861E+00, 6.622714E+01, 3.129819E+02, 3.044803E+02, 3.041240E+02, 3.047421E+02, 3.048952E+02
2024-06-18 23:00:15,1, 1.542492E+02, 3.019250E+02, 3.029531E+02, 8.727289E+00, 6.088878E+01, 3.124822E+02, 3.037396E+02, 3.031221E+02, 3.040951E+02, 3.042135E+02
2024-06-18 23:15:15,1, 1.305151E+02, 3.016112E+02, 3.024284E+02, 8.624328E+00, 6.171269E+01, 3.119427E+02, 3.030416E+02, 3.022691E+02, 3.033115E+02, 3.033388E+02
2024-06-18 23:30:15,1, 1.068377E+02, 3.012974E+02, 3.020453E+02, 7.981361E+00, 5.715979E+01, 3.114282E+02, 3.025778E+02, 3.017302E+02, 3.028035E+02, 3.027861E+02
2024-06-18 23:45:15,1, 8.331828E+01, 3.009837E+02, 3.016741E+02, 6.956454E+00, 4.995429E+01, 3.109337E+02, 3.021429E+02, 3.012372E+02, 3.023110E+02, 3.022583E+02
2024-06-18 00:00:15,2, 4.259822E+01, 2.990387E+02, 2.995619E+02, 4.278592E+00, 3.848600E+01, 3.075876E+02, 2.998078E+02, 2.989345E+02, 2.999822E+02, 2.998733E+02
2024-06-18 00:15:15,2, 2.635385E+01, 2.987175E+02, 2.991833E+02, 2.814985E+00, 3.072767E+01, 3.071282E+02, 2.994337E+02, 2.985881E+02, 2.994564E+02, 2.992867E+02
2024-06-18 00:30:15,2, 1.043321E+01, 2.983962E+02, 2.988526E+02, 1.190912E+00, 2.459004E+01, 3.066932E+02, 2.991092E+02, 2.983312E+02, 2.990502E+02, 2.988531E+02
2024-06-18 00:45:15,2, 0.000000E+00, 2.980749E+02, 2.985038E+02, 0.000000E+00, 1.927817E+01, 3.062775E+02, 2.987281E+02, 2.979797E+02, 2.986566E+02, 2.984365E+02
2024-06-18 01:00:15,2, 0.000000E+00, 2.977553E+02, 2.981981E+02, 0.000000E+00, 1.923741E+01, 3.058973E+02, 2.984582E+02, 2.977459E+02, 2.983498E+02, 2.981407E+02
2024-06-18 01:15:15,2, 0.000000E+00, 2.975284E+02, 2.979393E+02, 0.000000E+00, 2.021157E+01, 3.055482E+02, 2.981871E+02, 2.974789E+02, 2.980812E+02, 2.978746E+02
2024-06-18 01:30:15,2, 0.000000E+00, 2.973016E+02, 2.976980E+02, 0.000000E+00, 2.064136E+01, 3.052239E+02, 2.979331E+02, 2.972238E+02, 2.978350E+02, 2.976281E+02
2024-06-18 01:45:15,2, 0.000000E+00, 2.970748E+02, 2.974571E+02, 0.000000E+00, 2.084814E+01, 3.049182E+02, 2.976797E+02, 2.969740E+02, 2.975894E+02, 2.973837E+02
2024-06-18 02:00:15,2, 0.000000E+00, 2.968486E+02, 2.972173E+02, 0.000000E+00, 2.073652E+01, 3.046280E+02, 2.974287E+02, 2.967255E+02, 2.973452E+02, 2.971406E+02
2024-06-18 02:15:15,2, 0.000000E+00, 2.966587E+02, 2.969915E+02, 0.000000E+00, 1.774615E+01, 3.043521E+02, 2.971816E+02, 2.964655E+02, 2.971117E+02, 2.969034E+02
2024-06-18 02:30:15,2, 0.000000E+00, 2.964689E+02, 2.967708E+02, 0.000000E+00, 1.684372E+01, 3.040885E+02, 2.969395E+02, 2.962122E+02, 2.968848E+02, 2.966730E+02
2024-06-18 02:45:15,2, 0.000000E+00, 2.962790E+02, 2.965489E+02, 0.000000E+00, 1.631407E+01, 3.038352E+02, 2.966974E+02, 2.959581E+02, 2.966575E+02, 2.964418E+02
2024-06-18 03:00:15,2, 0.000000E+00, 2.960902E+02, 2.963246E+02, 0.000000E+00, 1.572403E+01, 3.035911E+02, 2.964540E+02, 2.957023E+02, 2.964282E+02, 2.962084E+02
2024-06-18 03:15:15,2, 0.000000E+00, 2.959678E+02, 2.961480E+02, 0.000000E+00, 1.249262E+01, 3.033626E+02, 2.962954E+02, 2.955458E+02, 2.962458E+02, 2.960261E+02
2024-06-18 03:30:15,2, 0.000000E+00, 2.958453E+02, 2.960199E+02, 0.000000E+00, 1.264283E+01, 3.031509E+02, 2.961813E+02, 2.954467E+02, 2.961161E+02, 2.959012E+02
2024-06-18 03:45:15,2, 0.000000E+00, 2.957228E+02, 2.959136E+02, 0.000000E+00, 1.351354E+01, 3.029515E+02, 2.960868E+02, 2.953713E+02, 2.960102E+02, 2.958010E+02
2024-06-18 04:00:15,2, 0.000000E+00, 2.956002E+02, 2.958168E+02, 0.000000E+00, 1.431083E+01, 3.027622E+02, 2.960006E+02, 2.953049E+02, 2.959151E+02, 2.957116E+02
2024-06-18 04:15:15,2, 0.000000E+00, 2.954700E+02, 2.957024E+02, 0.000000E+00, 1.366144E+01, 3.025790E+02, 2.958725E+02, 2.951806E+02, 2.958015E+02, 2.955999E+02
2024-06-18 04:30:15,2, 0.000000E+00, 2.953397E+02, 2.955682E+02, 0.000000E+00, 1.261651E+01, 3.024003E+02, 2.957285E+02, 2.950355E+02, 2.956661E+02, 2.954643E+02
2024-06-18 04:45:15,2, 0.000000E+00, 2.952094E+02, 2.954273E+02, 0.000000E+00, 1.187613E+01, 3.022265E+02, 2.955794E+02, 2.948842E+02, 2.955233E+02, 2.953209E+02
2024-06-18 05:00:15,2, 0.000000E+00, 2.950789E+02, 2.952841E+02, 0.000000E+00, 1.136295E+01, 3.020574E+02, 2.954288E+02, 2.947309E+02, 2.953778E+02, 2.951748E+02
2024-06-18 05:15:15,2, 0.000000E+00, 2.949391E+02, 2.951419E+02, 0.000000E+00, 1.003333E+01, 3.018939E+02, 2.952851E+02, 2.945844E+02, 2.952344E+02, 2.950308E+02
2024-06-18 05:30:15,2, 0.000000E+00, 2.947993E+02, 2.950019E+02, 0.000000E+00, 9.361848E+00, 3.017361E+02, 2.951446E+02, 2.944413E+02, 2.950935E+02, 2.948895E+02
2024-06-18 05:45:15,2, 0.000000E+00, 2.946596E+02, 2.948635E+02, 0.000000E+00, 8.961566E+00, 3.015833E+02, 2.950061E+02, 2.943001E+02, 2.949543E+02, 2.947498E+02
2024-06-18 06:00:15,2, 0.000000E+00, 2.945202E+02, 2.947262E+02, 0.000000E+00, 8.617853E+00, 3.014345E+02, 2.948693E+02, 2.941606E+02, 2.948163E+02, 2.946114E+02
2024-06-18 06:15:15,2, 0.000000E+00, 2.944079E+02, 2.946055E+02, 0.000000E+00, 6.087719E+00, 3.012881E+02, 2.947628E+02, 2.940650E+02, 2.946948E+02, 2.944925E+02
2024-06-18 06:30:15,2, 0.000000E+00, 2.942957E+02, 2.945056E+02, 0.000000E+00, 4.941430E+00, 3.011601E+02, 2.946774E+02, 2.939952E+02, 2.945949E+02, 2.943970E+02
2024-06-18 06:45:15,2, 0.000000E+00, 2.941834E+02, 2.944159E+02, 0.000000E+00, 4.084852E+00, 3.010446E+02, 2.946023E+02, 2.939365E+02, 2.945068E+02, 2.943136E+02
2024-06-18 07:00:15,2, 0.000000E+00, 2.940701E+02, 2.943292E+02, 0.000000E+00, 3.289890E+00, 3.009365E+02, 2.945297E+02, 2.938798E+02, 2.944223E+02, 2.942339E+02
2024-06-18 07:15:15,2, 0.000000E+00, 2.938998E+02, 2.942077E+02, 0.000000E+00, 2.926220E+00, 3.008380E+02, 2.944051E+02, 2.937519E+02, 2.943056E+02, 2.941175E+02
2024-06-18 07:30:15,2, 0.000000E+00, 2.937294E+02, 2.940613E+02, 0.000000E+00, 2.377826E+00, 3.008530E+02, 2.942730E+02, 2.936040E+02, 2.941630E+02, 2.939710E+02
2024-06-18 07:45:15,2, 0.000000E+00, 2.935591E+02, 2.939162E+02, 0.000000E+00, 1.991436E+00, 3.009681E+02, 2.941535E+02, 2.934631E+02, 2.940227E+02, 2.938250E+02
2024-06-18 08:00:15,2, 0.000000E+00, 2.933901E+02, 2.937770E+02, 0.000000E+00, 1.758304E+00, 3.011644E+02, 2.940486E+02, 2.933335E+02, 2.938906E+02, 2.936862E+02
2024-06-18 08:15:15,2, 0.000000E+00, 2.933049E+02, 2.936874E+02, 0.000000E+00, 2.842805E+00, 3.014889E+02, 2.940055E+02, 2.932626E+02, 2.938034E+02, 2.935908E+02
2024-06-18 08:30:15,2, 0.000000E+00, 2.932197E+02, 2.936409E+02, 0.000000E+00, 3.807092E+00, 3.020099E+02, 2.940224E+02, 2.932495E+02, 2.937697E+02, 2.935484E+02
2024-06-18 08:45:15,2, 0.000000E+00, 2.931345E+02, 2.936035E+02, 0.000000E+00, 4.660386E+00, 3.026328E+02, 2.940547E+02, 2.932550E+02, 2.937513E+02, 2.935225E+02
2024-06-18 09:00:15,2, 0.000000E+00, 2.930493E+02, 2.935620E+02, 0.000000E+00, 4.829940E+00, 3.032725E+02, 2.940881E+02, 2.932495E+02, 2.937310E+02, 2.934913E+02
2024-06-18 09:15:15,2, 0.000000E+00, 2.929614E+02, 2.935267E+02, 0.000000E+00, 3.604185E+00, 3.037942E+02, 2.941321E+02, 2.932896E+02, 2.937166E+02, 2.934748E+02
2024-06-18 09:30:15,2, 0.000000E+00, 2.928736E+02, 2.934839E+02, 0.000000E+00, 3.265312E+00, 3.041414E+02, 2.941503E+02, 2.933115E+02, 2.936919E+02, 2.934515E+02
2024-06-18 09:45:15,2, 0.000000E+00, 2.927858E+02, 2.934328E+02, 0.000000E+00, 3.277190E+00, 3.043897E+02, 2.941504E+02, 2.933192E+02, 2.936554E+02, 2.934174E+02
2024-06-18 10:00:15,2, 3.791164E+01, 2.927034E+02, 2.933857E+02, 4.191470E+00, 3.590622E+00, 3.045910E+02, 2.942516E+02, 2.935084E+02, 2.936511E+02, 2.934314E+02
2024-06-18 10:15:15,2, 5.979385E+01, 2.929401E+02, 2.936946E+02, 6.053855E+00, 4.824948E+00, 3.046088E+02, 2.946706E+02, 2.939983E+02, 2.941191E+02, 2.940102E+02
2024-06-18 10:30:15,2, 8.200695E+01, 2.931767E+02, 2.939703E+02, 7.574412E+00, 8.697170E+00, 3.043430E+02, 2.949777E+02, 2.943795E+02, 2.944714E+02, 2.944014E+02
2024-06-18 10:45:15,2, 1.044558E+02, 2.934134E+02, 2.942437E+02, 8.769299E+00, 1.247606E+01, 3.040471E+02, 2.952901E+02, 2.947669E+02, 2.948189E+02, 2.947834E+02
2024-06-18 11:00:15,2, 1.717124E+02, 2.936528E+02, 2.945332E+02, 1.069298E+01, 1.602886E+01, 3.038086E+02, 2.957834E+02, 2.955161E+02, 2.952182E+02, 2.952391E+02
2024-06-18 11:15:15,2, 2.023009E+02, 2.940598E+02, 2.951029E+02, 1.140361E+01, 2.014973E+01, 3.036899E+02, 2.964992E+02, 2.963388E+02, 2.960130E+02, 2.961513E+02
2024-06-18 11:30:15,2, 2.328163E+02, 2.944667E+02, 2.955679E+02, 1.176674E+01, 2.387882E+01, 3.036175E+02, 2.970553E+02, 2.969618E+02, 2.965893E+02, 2.967481E+02
2024-06-18 11:45:15,2, 2.631281E+02, 2.948737E+02, 2.960300E+02, 1.198439E+01, 2.752853E+01, 3.036104E+02, 2.976152E+02, 2.975790E+02, 2.971600E+02, 2.973378E+02
2024-06-18 12:00:15,2, 3.431029E+02, 2.952814E+02, 2.965033E+02, 1.232096E+01, 3.182274E+01, 3.036730E+02, 2.983642E+02, 2.984886E+02, 2.977818E+02, 2.979870E+02
2024-06-18 12:15:15,2, 3.776541E+02, 2.957332E+02, 2.971204E+02, 1.219779E+01, 4.960875E+01, 3.038968E+02, 2.991690E+02, 2.993379E+02, 2.986607E+02, 2.989136E+02
2024-06-18 12:30:15,2, 4.115168E+02, 2.961851E+02, 2.976289E+02, 1.204272E+01, 5.448337E+01, 3.041734E+02, 2.997812E+02, 2.999826E+02, 2.992833E+02, 2.995381E+02
2024-06-18 12:45:15,2, 4.445459E+02, 2.966370E+02, 2.981351E+02, 1.185926E+01, 5.875138E+01, 3.044971E+02, 3.003899E+02, 3.006230E+02, 2.998973E+02, 3.001539E+02
2024-06-18 13:00:15,2, 4.242671E+02, 2.970866E+02, 2.986291E+02, 1.157080E+01, 6.267473E+01, 3.048571E+02, 3.008206E+02, 3.010366E+02, 3.004548E+02, 3.007163E+02
2024-06-18 13:15:15,2, 4.518114E+02, 2.974067E+02, 2.989301E+02, 1.150699E+01, 6.640452E+01, 3.051193E+02, 3.011913E+02, 3.014779E+02, 3.007528E+02, 3.010261E+02
2024-06-18 13:30:15,2, 4.782476E+02, 2.977267E+02, 2.993069E+02, 1.129109E+01, 7.000085E+01, 3.054291E+02, 3.017340E+02, 3.020857E+02, 3.012622E+02, 3.015568E+02
2024-06-18 13:45:15,2, 5.034624E+02, 2.980468E+02, 2.996810E+02, 1.102426E+01, 7.297433E+01, 3.057767E+02, 3.022853E+02, 3.027054E+02, 3.017764E+02, 3.020928E+02
2024-06-18 14:00:15,2, 6.001144E+02, 2.983679E+02, 3.000641E+02, 1.076196E+01, 7.619395E+01, 3.061611E+02, 3.030773E+02, 3.036117E+02, 3.023596E+02, 3.026930E+02
2024-06-18 14:15:15,2, 6.256668E+02, 2.987511E+02, 3.005944E+02, 1.009341E+01, 8.645304E+01, 3.067848E+02, 3.039014E+02, 3.044656E+02, 3.032081E+02, 3.035445E+02
2024-06-18 14:30:15,2, 6.494807E+02, 2.991344E+02, 3.010211E+02, 9.676050E+00, 8.825687E+01, 3.074072E+02, 3.044697E+02, 3.050831E+02, 3.037448E+02, 3.040959E+02
2024-06-18 14:45:15,2, 6.714541E+02, 2.995176E+02, 3.014440E+02, 9.258235E+00, 8.965500E+01, 3.080242E+02, 3.050321E+02, 3.056982E+02, 3.042694E+02, 3.046396E+02
2024-06-18 15:00:15,2, 6.133703E+02, 2.998994E+02, 3.018506E+02, 8.813586E+00, 9.029405E+01, 3.086246E+02, 3.053420E+02, 3.060437E+02, 3.047151E+02, 3.051229E+02
2024-06-18 15:15:15,2, 6.293531E+02, 3.001926E+02, 3.020811E+02, 8.867076E+00, 9.078885E+01, 3.089722E+02, 3.055017E+02, 3.062754E+02, 3.048168E+02, 3.052576E+02
2024-06-18 15:30:15,2, 6.434753E+02, 3.004859E+02, 3.024073E+02, 8.534496E+00, 9.142313E+01, 3.093438E+02, 3.059355E+02, 3.067685E+02, 3.052086E+02, 3.056680E+02
2024-06-18 15:45:15,2, 6.556765E+02, 3.007792E+02, 3.027311E+02, 8.204100E+00, 9.154326E+01, 3.097291E+02, 3.063617E+02, 3.072501E+02, 3.055936E+02, 3.060707E+02
2024-06-18 16:00:15,2, 7.227167E+02, 3.010724E+02, 3.030612E+02, 7.889600E+00, 9.140558E+01, 3.101260E+02, 3.069605E+02, 3.079161E+02, 3.060201E+02, 3.065035E+02
2024-06-18 16:15:15,2, 7.316280E+02, 3.013635E+02, 3.034603E+02, 7.251452E+00, 8.702655E+01, 3.106914E+02, 3.076043E+02, 3.085735E+02, 3.066186E+02, 3.071023E+02
2024-06-18 16:30:15,2, 7.383121E+02, 3.016546E+02, 3.037724E+02, 6.975426E+00, 8.610054E+01, 3.111997E+02, 3.079852E+02, 3.089649E+02, 3.069625E+02, 3.074508E+02
2024-06-18 16:45:15,2, 7.427401E+02, 3.019458E+02, 3.040788E+02, 6.714842E+00, 8.520151E+01, 3.116640E+02, 3.083433E+02, 3.093291E+02, 3.072884E+02, 3.077802E+02
2024-06-18 17:00:15,2, 8.538942E+02, 3.022373E+02, 3.043965E+02, 6.482513E+00, 8.459732E+01, 3.121052E+02, 3.090110E+02, 3.099845E+02, 3.076947E+02, 3.081600E+02
2024-06-18 17:15:15,2, 8.537440E+02, 3.025491E+02, 3.048695E+02, 5.645317E+00, 8.011347E+01, 3.128702E+02, 3.098453E+02, 3.107147E+02, 3.084379E+02, 3.088482E+02
2024-06-18 17:30:15,2, 8.509762E+02, 3.028609E+02, 3.051968E+02, 5.452557E+00, 7.907104E+01, 3.135281E+02, 3.101779E+02, 3.109761E+02, 3.087447E+02, 3.091176E+02
2024-06-18 17:45:15,2, 8.456024E+02, 3.031727E+02, 3.055168E+02, 5.274683E+00, 7.813198E+01, 3.140993E+02, 3.104768E+02, 3.112107E+02, 3.090268E+02, 3.093684E+02
2024-06-18 18:00:15,2, 8.643914E+02, 3.034840E+02, 3.058338E+02, 5.118018E+00, 7.816056E+01, 3.146016E+02, 3.108273E+02, 3.114939E+02, 3.093158E+02, 3.096206E+02
2024-06-18 18:15:15,2, 8.535505E+02, 3.037668E+02, 3.061536E+02, 4.898018E+00, 8.894887E+01, 3.151245E+02, 3.111268E+02, 3.116747E+02, 3.096292E+02, 3.098736E+02
2024-06-18 18:30:15,2, 8.401259E+02, 3.040497E+02, 3.064293E+02, 4.833160E+00, 8.944894E+01, 3.155632E+02, 3.112645E+02, 3.117364E+02, 3.098115E+02, 3.100174E+02
2024-06-18 18:45:15,2, 8.241751E+02, 3.043325E+02, 3.066967E+02, 4.777452E+00, 8.984887E+01, 3.159276E+02, 3.113715E+02, 3.117904E+02, 3.099755E+02, 3.101576E+02
2024-06-18 19:00:15,2, 7.787438E+02, 3.046116E+02, 3.069503E+02, 4.731052E+00, 8.968553E+01, 3.162217E+02, 3.113663E+02, 3.117508E+02, 3.100972E+02, 3.102742E+02
2024-06-18 19:15:15,2, 7.586530E+02, 3.046690E+02, 3.069642E+02, 4.920242E+00, 8.396161E+01, 3.163663E+02, 3.111469E+02, 3.115143E+02, 3.099845E+02, 3.101629E+02
2024-06-18 19:30:15,2, 7.363488E+02, 3.047265E+02, 3.069812E+02, 5.017193E+00, 8.514016E+01, 3.164682E+02, 3.109922E+02, 3.113252E+02, 3.099095E+02, 3.100793E+02
2024-06-18 19:45:15,2, 7.119269E+02, 3.047839E+02, 3.069915E+02, 5.128298E+00, 8.648801E+01, 3.165246E+02, 3.108174E+02, 3.111203E+02, 3.098234E+02, 3.099863E+02
2024-06-18 20:00:15,2, 6.929703E+02, 3.048402E+02, 3.069962E+02, 5.254506E+00, 8.774359E+01, 3.165338E+02, 3.106452E+02, 3.109214E+02, 3.097327E+02, 3.098888E+02
2024-06-18 20:15:15,2, 6.643260E+02, 3.048256E+02, 3.069410E+02, 5.382668E+00, 8.615743E+01, 3.165161E+02, 3.104273E+02, 3.106718E+02, 3.096178E+02, 3.097691E+02
2024-06-18 20:30:15,2, 6.338836E+02, 3.048110E+02, 3.068569E+02, 5.577780E+00, 8.768982E+01, 3.164427E+02, 3.101404E+02, 3.103590E+02, 3.094427E+02, 3.095925E+02
2024-06-18 20:45:15,2, 6.017734E+02, 3.047965E+02, 3.067670E+02, 5.787469E+00, 8.923583E+01, 3.163149E+02, 3.098333E+02, 3.100316E+02, 3.092548E+02, 3.094057E+02
2024-06-18 21:00:15,2, 5.180410E+02, 3.047768E+02, 3.066595E+02, 6.006013E+00, 8.906330E+01, 3.161296E+02, 3.093370E+02, 3.094850E+02, 3.090059E+02, 3.091657E+02
2024-06-18 21:15:15,2, 4.861027E+02, 3.044557E+02, 3.062074E+02, 6.688824E+00, 6.705061E+01, 3.157653E+02, 3.085996E+02, 3.087263E+02, 3.084066E+02, 3.085749E+02
2024-06-18 21:30:15,2, 4.530372E+02, 3.041345E+02, 3.058029E+02, 7.096984E+00, 6.620534E+01, 3.153936E+02, 3.080633E+02, 3.081590E+02, 3.079519E+02, 3.081289E+02
2024-06-18 21:45:15,2, 4.189861E+02, 3.038134E+02, 3.053950E+02, 7.515741E+00, 6.516965E+01, 3.150068E+02, 3.075153E+02, 3.075902E+02, 3.074863E+02, 3.076857E+02
2024-06-18 22:00:15,2, 3.135755E+02, 3.034911E+02, 3.049666E+02, 7.837600E+00, 6.379383E+01, 3.145957E+02, 3.066786E+02, 3.065899E+02, 3.069208E+02, 3.071648E+02
2024-06-18 22:15:15,2, 2.845269E+02, 3.030992E+02, 3.043425E+02, 8.766776E+00, 7.293449E+01, 3.140259E+02, 3.056836E+02, 3.054460E+02, 3.059426E+02, 3.061147E+02
2024-06-18 22:30:15,2, 2.550390E+02, 3.027074E+02, 3.038803E+02, 9.069507E+00, 7.065386E+01, 3.134937E+02, 3.050727E+02, 3.047575E+02, 3.053371E+02, 3.054865E+02
2024-06-18 22:45:15,2, 2.252382E+02, 3.023156E+02, 3.034211E+02, 9.262716E+00, 6.624031E+01, 3.129836E+02, 3.044767E+02, 3.040878E+02, 3.047352E+02, 3.048708E+02
2024-06-18 23:00:15,2, 1.542492E+02, 3.019250E+02, 3.029522E+02, 8.740034E+00, 6.089961E+01, 3.124841E+02, 3.037489E+02, 3.031159E+02, 3.040900E+02, 3.041949E+02
2024-06-18 23:15:15,2, 1.305151E+02, 3.016112E+02, 3.024282E+02, 8.648104E+00, 6.173922E+01, 3.119446E+02, 3.030598E+02, 3.022822E+02, 3.033106E+02, 3.033366E+02
2024-06-18 23:30:15,2, 1.068377E+02, 3.012974E+02, 3.020445E+02, 8.013280E+00, 5.723951E+01, 3.114300E+02, 3.026001E+02, 3.017527E+02, 3.028020E+02, 3.027834E+02
2024-06-18 23:45:15,2, 8.331828E+01, 3.009837E+02, 3.016730E+02, 6.986622E+00, 5.006348E+01, 3.109355E+02, 3.021696E+02, 3.012711E+02, 3.023100E+02, 3.022567E+02
2024-06-19 00:00:15,1, 3.852986E+01, 3.006712E+02, 3.013083E+02, 3.795208E+00, 4.105339E+01, 3.104547E+02, 3.017108E+02, 3.007267E+02, 3.018036E+02, 3.016998E+02
2024-06-19 00:15:15,1, 2.393527E+01, 3.004366E+02, 3.009738E+02, 2.505727E+00, 2.620121E+01, 3.099637E+02, 3.013392E+02, 3.003704E+02, 3.012753E+02, 3.010723E+02
2024-06-19 00:30:15,1, 9.630553E+00, 3.002019E+02, 3.007009E+02, 1.077077E+00, 1.926699E+01, 3.094959E+02, 3.010178E+02, 3.001147E+02, 3.009176E+02, 3.006795E+02
2024-06-19 00:45:15,1, 0.000000E+00, 2.999673E+02, 3.004030E+02, 0.000000E+00, 1.412873E+01, 3.090475E+02, 3.006335E+02, 2.997301E+02, 3.005622E+02, 3.002958E+02
2024-06-19 01:00:15,1, 0.000000E+00, 2.997315E+02, 3.001470E+02, 0.000000E+00, 1.400678E+01, 3.086346E+02, 3.003674E+02, 2.994766E+02, 3.002929E+02, 3.000293E+02
2024-06-19 01:15:15,1, 0.000000E+00, 2.994300E+02, 2.998463E+02, 0.000000E+00, 1.850542E+01, 3.082481E+02, 3.000490E+02, 2.991715E+02, 2.999925E+02, 2.997331E+02
2024-06-19 01:30:15,1, 0.000000E+00, 2.991284E+02, 2.995289E+02, 0.000000E+00, 1.836434E+01, 3.078818E+02, 2.997140E+02, 2.988333E+02, 2.996679E+02, 2.994082E+02
2024-06-19 01:45:15,1, 0.000000E+00, 2.988268E+02, 2.992095E+02, 0.000000E+00, 1.861872E+01, 3.075341E+02, 2.993801E+02, 2.985006E+02, 2.993411E+02, 2.990826E+02
2024-06-19 02:00:15,1, 0.000000E+00, 2.985268E+02, 2.988889E+02, 0.000000E+00, 1.835903E+01, 3.072008E+02, 2.990461E+02, 2.981667E+02, 2.990133E+02, 2.987557E+02
2024-06-19 02:15:15,1, 0.000000E+00, 2.983194E+02, 2.986300E+02, 0.000000E+00, 1.697247E+01, 3.068877E+02, 2.987976E+02, 2.979182E+02, 2.987451E+02, 2.984871E+02
2024-06-19 02:30:15,1, 0.000000E+00, 2.981121E+02, 2.984136E+02, 0.000000E+00, 1.798038E+01, 3.065944E+02, 2.985865E+02, 2.977206E+02, 2.985256E+02, 2.982716E+02
2024-06-19 02:45:15,1, 0.000000E+00, 2.979048E+02, 2.982084E+02, 0.000000E+00, 1.874477E+01, 3.063165E+02, 2.983860E+02, 2.975354E+02, 2.983198E+02, 2.980703E+02
2024-06-19 03:00:15,1, 0.000000E+00, 2.976978E+02, 2.980073E+02, 0.000000E+00, 1.902711E+01, 3.060514E+02, 2.981894E+02, 2.973541E+02, 2.981188E+02, 2.978739E+02
2024-06-19 03:15:15,1, 0.000000E+00, 2.975122E+02, 2.978179E+02, 0.000000E+00, 1.645128E+01, 3.057988E+02, 2.980033E+02, 2.971783E+02, 2.979279E+02, 2.976859E+02
2024-06-19 03:30:15,1, 0.000000E+00, 2.973266E+02, 2.976363E+02, 0.000000E+00, 1.571129E+01, 3.055572E+02, 2.978247E+02, 2.970133E+02, 2.977450E+02, 2.975077E+02
2024-06-19 03:45:15,1, 0.000000E+00, 2.971410E+02, 2.974569E+02, 0.000000E+00, 1.540321E+01, 3.053248E+02, 2.976489E+02, 2.968512E+02, 2.975651E+02, 2.973323E+02
2024-06-19 04:00:15,1, 0.000000E+00, 2.969567E+02, 2.972785E+02, 0.000000E+00, 1.512217E+01, 3.051006E+02, 2.974747E+02, 2.966901E+02, 2.973864E+02, 2.971580E+02
2024-06-19 04:15:15,1, 0.000000E+00, 2.968429E+02, 2.971319E+02, 0.000000E+00, 1.267576E+01, 3.048873E+02, 2.973303E+02, 2.965431E+02, 2.972349E+02, 2.970059E+02
2024-06-19 04:30:15,1, 0.000000E+00, 2.967291E+02, 2.970075E+02, 0.000000E+00, 1.229489E+01, 3.046849E+02, 2.972049E+02, 2.964223E+02, 2.971088E+02, 2.968809E+02
2024-06-19 04:45:15,1, 0.000000E+00, 2.966154E+02, 2.968892E+02, 0.000000E+00, 1.224607E+01, 3.044911E+02, 2.970848E+02, 2.963082E+02, 2.969892E+02, 2.967631E+02
2024-06-19 05:00:15,1, 0.000000E+00, 2.965011E+02, 2.967733E+02, 0.000000E+00, 1.223267E+01, 3.043049E+02, 2.969667E+02, 2.961967E+02, 2.968722E+02, 2.966481E+02
2024-06-19 05:15:15,1, 0.000000E+00, 2.963583E+02, 2.966364E+02, 0.000000E+00, 1.123488E+01, 3.041231E+02, 2.968119E+02, 2.960359E+02, 2.967347E+02, 2.965091E+02
2024-06-19 05:30:15,1, 0.000000E+00, 2.962156E+02, 2.964807E+02, 0.000000E+00, 1.023283E+01, 3.039449E+02, 2.966417E+02, 2.958547E+02, 2.965762E+02, 2.963476E+02
2024-06-19 05:45:15,1, 0.000000E+00, 2.960728E+02, 2.963186E+02, 0.000000E+00, 9.491835E+00, 3.037708E+02, 2.964659E+02, 2.956662E+02, 2.964101E+02, 2.961784E+02
2024-06-19 06:00:15,1, 0.000000E+00, 2.959304E+02, 2.961532E+02, 0.000000E+00, 8.885270E+00, 3.036007E+02, 2.962866E+02, 2.954733E+02, 2.962404E+02, 2.960054E+02
2024-06-19 06:15:15,1, 0.000000E+00, 2.958079E+02, 2.959924E+02, 0.000000E+00, 9.135494E+00, 3.034355E+02, 2.961158E+02, 2.952889E+02, 2.960749E+02, 2.958364E+02
2024-06-19 06:30:15,1, 0.000000E+00, 2.956854E+02, 2.958356E+02, 0.000000E+00, 8.945635E+00, 3.032753E+02, 2.959486E+02, 2.951076E+02, 2.959144E+02, 2.956723E+02
2024-06-19 06:45:15,1, 0.000000E+00, 2.955629E+02, 2.956771E+02, 0.000000E+00, 8.390248E+00, 3.031198E+02, 2.957804E+02, 2.949232E+02, 2.957527E+02, 2.955068E+02
2024-06-19 07:00:15,1, 0.000000E+00, 2.954406E+02, 2.955138E+02, 0.000000E+00, 7.433173E+00, 3.029686E+02, 2.956083E+02, 2.947318E+02, 2.955867E+02, 2.953364E+02
2024-06-19 07:15:15,1, 0.000000E+00, 2.953321E+02, 2.953510E+02, 0.000000E+00, 6.156307E+00, 3.028201E+02, 2.954466E+02, 2.945695E+02, 2.954218E+02, 2.951705E+02
2024-06-19 07:30:15,1, 0.000000E+00, 2.952236E+02, 2.951948E+02, 0.000000E+00, 5.404159E+00, 3.026728E+02, 2.952910E+02, 2.944146E+02, 2.952636E+02, 2.950125E+02
2024-06-19 07:45:15,1, 0.000000E+00, 2.951150E+02, 2.950425E+02, 0.000000E+00, 4.919739E+00, 3.025268E+02, 2.951384E+02, 2.942613E+02, 2.951094E+02, 2.948581E+02
2024-06-19 08:00:15,1, 0.000000E+00, 2.950068E+02, 2.948927E+02, 0.000000E+00, 4.531243E+00, 3.023824E+02, 2.949879E+02, 2.941100E+02, 2.949576E+02, 2.947062E+02
2024-06-19 08:15:15,1, 0.000000E+00, 2.949174E+02, 2.947529E+02, 0.000000E+00, 4.147676E+00, 3.022406E+02, 2.948556E+02, 2.939828E+02, 2.948162E+02, 2.945659E+02
2024-06-19 08:30:15,1, 0.000000E+00, 2.948280E+02, 2.946266E+02, 0.000000E+00, 3.853174E+00, 3.021023E+02, 2.947347E+02, 2.938664E+02, 2.946889E+02, 2.944399E+02
2024-06-19 08:45:15,1, 0.000000E+00, 2.947387E+02, 2.945096E+02, 0.000000E+00, 3.611478E+00, 3.019672E+02, 2.946210E+02, 2.937567E+02, 2.945706E+02, 2.943228E+02
2024-06-19 09:00:15,1, 0.000000E+00, 2.946498E+02, 2.943991E+02, 0.000000E+00, 3.401228E+00, 3.018353E+02, 2.945127E+02, 2.936521E+02, 2.944589E+02, 2.942122E+02
2024-06-19 09:15:15,1, 0.000000E+00, 2.945896E+02, 2.942940E+02, 0.000000E+00, 3.102355E+00, 3.017062E+02, 2.944079E+02, 2.935508E+02, 2.943521E+02, 2.941066E+02
2024-06-19 09:30:15,1, 0.000000E+00, 2.945294E+02, 2.941932E+02, 0.000000E+00, 2.847064E+00, 3.015798E+02, 2.943067E+02, 2.934528E+02, 2.942497E+02, 2.940051E+02
2024-06-19 09:45:15,1, 0.000000E+00, 2.944692E+02, 2.940955E+02, 0.000000E+00, 2.623003E+00, 3.014559E+02, 2.942082E+02, 2.933573E+02, 2.941504E+02, 2.939068E+02
2024-06-19 10:00:15,1, 4.570093E+01, 2.944143E+02, 2.940128E+02, 5.145627E+00, 2.416670E+00, 3.013371E+02, 2.943281E+02, 2.937170E+02, 2.941031E+02, 2.938893E+02
2024-06-19 10:15:15,1, 7.223787E+01, 2.946758E+02, 2.946077E+02, 7.268128E+00, 2.476555E+00, 3.013300E+02, 2.951001E+02, 2.946694E+02, 2.948877E+02, 2.949112E+02
2024-06-19 10:30:15,1, 9.917785E+01, 2.949372E+02, 2.952779E+02, 8.905233E+00, 8.251462E+00, 3.013679E+02, 2.957903E+02, 2.954383E+02, 2.956671E+02, 2.957610E+02
2024-06-19 10:45:15,1, 1.264055E+02, 2.951987E+02, 2.957432E+02, 9.889915E+00, 1.880266E+01, 3.014288E+02, 2.962926E+02, 2.959928E+02, 2.962552E+02, 2.963490E+02
2024-06-19 11:00:15,1, 1.880420E+02, 2.954637E+02, 2.961056E+02, 1.124568E+01, 2.219208E+01, 3.015255E+02, 2.968853E+02, 2.968320E+02, 2.967705E+02, 2.969212E+02
2024-06-19 11:15:15,1, 2.216056E+02, 2.959392E+02, 2.967404E+02, 1.174801E+01, 3.186519E+01, 3.017046E+02, 2.976682E+02, 2.977154E+02, 2.976235E+02, 2.978846E+02
2024-06-19 11:30:15,1, 2.550912E+02, 2.964147E+02, 2.972946E+02, 1.193320E+01, 3.780036E+01, 3.019322E+02, 2.983231E+02, 2.984225E+02, 2.983012E+02, 2.985677E+02
2024-06-19 11:45:15,1, 2.883553E+02, 2.968902E+02, 2.978437E+02, 1.198224E+01, 4.340380E+01, 3.022061E+02, 2.989751E+02, 2.991201E+02, 2.989652E+02, 2.992358E+02
2024-06-19 12:00:15,1, 3.483535E+02, 2.973646E+02, 2.983966E+02, 1.203447E+01, 4.910418E+01, 3.025250E+02, 2.997267E+02, 2.999808E+02, 2.996495E+02, 2.999305E+02
2024-06-19 12:15:15,1, 3.834817E+02, 2.977737E+02, 2.989634E+02, 1.179451E+01, 6.226443E+01, 3.029385E+02, 3.004522E+02, 3.007439E+02, 3.004082E+02, 3.007093E+02
2024-06-19 12:30:15,1, 4.179121E+02, 2.981829E+02, 2.994469E+02, 1.156082E+01, 6.685385E+01, 3.033846E+02, 3.010523E+02, 3.013721E+02, 3.009928E+02, 3.012867E+02
2024-06-19 12:45:15,1, 4.514975E+02, 2.985921E+02, 2.999271E+02, 1.130213E+01, 7.096158E+01, 3.038608E+02, 3.016469E+02, 3.019947E+02, 3.015665E+02, 3.018543E+02
2024-06-19 13:00:15,1, 5.330314E+02, 2.990013E+02, 3.004160E+02, 1.105709E+01, 7.502317E+01, 3.043686E+02, 3.023979E+02, 3.028198E+02, 3.021806E+02, 3.024618E+02
2024-06-19 13:15:15,1, 5.676804E+02, 2.994131E+02, 3.009969E+02, 1.050579E+01, 8.253879E+01, 3.050356E+02, 3.032081E+02, 3.036476E+02, 3.029893E+02, 3.032675E+02
2024-06-19 13:30:15,1, 6.009383E+02, 2.998249E+02, 3.014842E+02, 1.009018E+01, 8.504641E+01, 3.057105E+02, 3.038474E+02, 3.043092E+02, 3.035818E+02, 3.038512E+02
2024-06-19 13:45:15,1, 6.326628E+02, 3.002368E+02, 3.019684E+02, 9.664836E+00, 8.718077E+01, 3.063936E+02, 3.044823E+02, 3.049671E+02, 3.041638E+02, 3.044257E+02
2024-06-19 14:00:15,1, 6.412422E+02, 3.006472E+02, 3.024472E+02, 9.215947E+00, 8.902377E+01, 3.070807E+02, 3.050531E+02, 3.055578E+02, 3.047194E+02, 3.049793E+02
2024-06-19 14:15:15,1, 6.685838E+02, 3.009728E+02, 3.028209E+02, 8.895348E+00, 9.491068E+01, 3.077044E+02, 3.055502E+02, 3.060934E+02, 3.051451E+02, 3.054079E+02
2024-06-19 14:30:15,1, 6.940686E+02, 3.012985E+02, 3.032158E+02, 8.479864E+00, 9.585308E+01, 3.083391E+02, 3.061039E+02, 3.066776E+02, 3.056256E+02, 3.058875E+02
2024-06-19 14:45:15,1, 7.175874E+02, 3.016242E+02, 3.036083E+02, 8.060713E+00, 9.610546E+01, 3.089789E+02, 3.066534E+02, 3.072560E+02, 3.060980E+02, 3.063593E+02
2024-06-19 15:00:15,1, 7.494223E+02, 3.019493E+02, 3.040001E+02, 7.644158E+00, 9.617153E+01, 3.096188E+02, 3.072273E+02, 3.078574E+02, 3.065707E+02, 3.068304E+02
2024-06-19 15:15:15,1, 7.689871E+02, 3.022406E+02, 3.043710E+02, 7.202005E+00, 9.940094E+01, 3.102864E+02, 3.077741E+02, 3.084170E+02, 3.070382E+02, 3.072940E+02
2024-06-19 15:30:15,1, 7.862792E+02, 3.025318E+02, 3.047182E+02, 6.826380E+00, 9.862390E+01, 3.109370E+02, 3.082690E+02, 3.089258E+02, 3.074504E+02, 3.077055E+02
2024-06-19 15:45:15,1, 8.012247E+02, 3.028231E+02, 3.050607E+02, 6.466351E+00, 9.748331E+01, 3.115692E+02, 3.087514E+02, 3.094188E+02, 3.078505E+02, 3.081052E+02
2024-06-19 16:00:15,1, 7.720260E+02, 3.031125E+02, 3.053913E+02, 6.121981E+00, 9.611049E+01, 3.121756E+02, 3.091038E+02, 3.097850E+02, 3.082036E+02, 3.084683E+02
2024-06-19 16:15:15,1, 7.815801E+02, 3.032922E+02, 3.055625E+02, 6.065728E+00, 9.776133E+01, 3.126183E+02, 3.093040E+02, 3.100238E+02, 3.083531E+02, 3.086358E+02
2024-06-19 16:30:15,1, 7.887553E+02, 3.034719E+02, 3.057742E+02, 5.832181E+00, 9.675475E+01, 3.130627E+02, 3.096279E+02, 3.103578E+02, 3.086118E+02, 3.088972E+02
2024-06-19 16:45:15,1, 7.935209E+02, 3.036517E+02, 3.059801E+02, 5.620385E+00, 9.566676E+01, 3.134995E+02, 3.099338E+02, 3.106691E+02, 3.088589E+02, 3.091464E+02
2024-06-19 17:00:15,1, 6.948008E+02, 3.038294E+02, 3.061612E+02, 5.422429E+00, 9.405122E+01, 3.139095E+02, 3.099209E+02, 3.106492E+02, 3.090062E+02, 3.093147E+02
2024-06-19 17:15:15,1, 6.947097E+02, 3.038878E+02, 3.060822E+02, 5.836688E+00, 9.301633E+01, 3.139691E+02, 3.096360E+02, 3.104303E+02, 3.087572E+02, 3.090977E+02
2024-06-19 17:30:15,1, 6.924889E+02, 3.039462E+02, 3.061356E+02, 5.756017E+00, 9.251479E+01, 3.140737E+02, 3.097332E+02, 3.105361E+02, 3.088401E+02, 3.091850E+02
2024-06-19 17:45:15,1, 6.881478E+02, 3.040045E+02, 3.061835E+02, 5.697975E+00, 9.209135E+01, 3.142009E+02, 3.098156E+02, 3.106201E+02, 3.089170E+02, 3.092650E+02
2024-06-19 18:00:15,1, 6.930580E+02, 3.040647E+02, 3.062275E+02, 5.655271E+00, 9.122086E+01, 3.143365E+02, 3.099189E+02, 3.107243E+02, 3.089957E+02, 3.093442E+02
2024-06-19 18:15:15,1, 6.843992E+02, 3.042297E+02, 3.063843E+02, 5.504785E+00, 8.160590E+01, 3.145064E+02, 3.101086E+02, 3.109035E+02, 3.091685E+02, 3.095149E+02
2024-06-19 18:30:15,1, 6.736690E+02, 3.043947E+02, 3.065282E+02, 5.427794E+00, 8.055220E+01, 3.146618E+02, 3.102404E+02, 3.110236E+02, 3.093064E+02, 3.096518E+02
2024-06-19 18:45:15,1, 6.609132E+02, 3.045597E+02, 3.066663E+02, 5.365627E+00, 7.977665E+01, 3.147985E+02, 3.103517E+02, 3.111208E+02, 3.094325E+02, 3.097766E+02
2024-06-19 19:00:15,1, 6.804411E+02, 3.047230E+02, 3.068042E+02, 5.320702E+00, 7.982392E+01, 3.149171E+02, 3.105496E+02, 3.113138E+02, 3.095767E+02, 3.099139E+02
2024-06-19 19:15:15,1, 6.629246E+02, 3.047832E+02, 3.069000E+02, 5.239005E+00, 8.755596E+01, 3.151093E+02, 3.105817E+02, 3.112616E+02, 3.096791E+02, 3.099927E+02
2024-06-19 19:30:15,1, 6.434740E+02, 3.048434E+02, 3.069198E+02, 5.365687E+00, 8.921827E+01, 3.152335E+02, 3.104115E+02, 3.110290E+02, 3.095967E+02, 3.098915E+02
2024-06-19 19:45:15,1, 6.221726E+02, 3.049036E+02, 3.069320E+02, 5.493722E+00, 9.069674E+01, 3.152985E+02, 3.102262E+02, 3.107878E+02, 3.095044E+02, 3.097822E+02
2024-06-19 20:00:15,1, 5.554159E+02, 3.049617E+02, 3.069277E+02, 5.626051E+00, 9.162781E+01, 3.153057E+02, 3.098809E+02, 3.103647E+02, 3.093627E+02, 3.096303E+02
2024-06-19 20:15:15,1, 5.324973E+02, 3.048911E+02, 3.067304E+02, 6.069658E+00, 8.876430E+01, 3.151395E+02, 3.094061E+02, 3.098618E+02, 3.090091E+02, 3.092704E+02
2024-06-19 20:30:15,1, 5.081372E+02, 3.048204E+02, 3.065915E+02, 6.275262E+00, 8.962633E+01, 3.149653E+02, 3.091074E+02, 3.095216E+02, 3.088027E+02, 3.090552E+02
2024-06-19 20:45:15,1, 4.824398E+02, 3.047498E+02, 3.064482E+02, 6.499647E+00, 9.041879E+01, 3.147755E+02, 3.087936E+02, 3.091635E+02, 3.085876E+02, 3.088316E+02
2024-06-19 21:00:15,1, 3.834067E+02, 3.046749E+02, 3.062828E+02, 6.700171E+00, 8.960138E+01, 3.145581E+02, 3.081947E+02, 3.084055E+02, 3.082893E+02, 3.085231E+02
2024-06-19 21:15:15,1, 3.598085E+02, 3.043470E+02, 3.057641E+02, 7.562318E+00, 6.903659E+01, 3.141404E+02, 3.073358E+02, 3.074572E+02, 3.075300E+02, 3.077295E+02
2024-06-19 21:30:15,1, 3.353755E+02, 3.040190E+02, 3.053744E+02, 7.914579E+00, 6.695334E+01, 3.137486E+02, 3.068356E+02, 3.068938E+02, 3.070602E+02, 3.072499E+02
2024-06-19 21:45:15,1, 3.102123E+02, 3.036911E+02, 3.049855E+02, 8.263049E+00, 6.461929E+01, 3.133694E+02, 3.063406E+02, 3.063290E+02, 3.065888E+02, 3.067688E+02
2024-06-19 22:00:15,1, 2.520432E+02, 3.033635E+02, 3.045887E+02, 8.460153E+00, 6.187766E+01, 3.129915E+02, 3.057237E+02, 3.055447E+02, 3.060772E+02, 3.062407E+02
2024-06-19 22:15:15,1, 2.287397E+02, 3.030585E+02, 3.041174E+02, 8.932555E+00, 6.495654E+01, 3.125493E+02, 3.050668E+02, 3.047682E+02, 3.054203E+02, 3.055502E+02
2024-06-19 22:30:15,1, 2.050822E+02, 3.027535E+02, 3.037419E+02, 9.096662E+00, 6.149842E+01, 3.121232E+02, 3.045848E+02, 3.042043E+02, 3.049539E+02, 3.050774E+02
2024-06-19 22:45:15,1, 1.811722E+02, 3.024485E+02, 3.033711E+02, 9.146454E+00, 5.632675E+01, 3.117065E+02, 3.041137E+02, 3.036503E+02, 3.044867E+02, 3.046097E+02
2024-06-19 23:00:15,1, 1.554933E+02, 3.021443E+02, 3.030034E+02, 9.008860E+00, 5.046630E+01, 3.112949E+02, 3.036502E+02, 3.030948E+02, 3.040181E+02, 3.041455E+02
2024-06-19 23:15:15,1, 1.316342E+02, 3.018876E+02, 3.026669E+02, 8.675610E+00, 5.074062E+01, 3.108839E+02, 3.032154E+02, 3.025623E+02, 3.035574E+02, 3.036682E+02
2024-06-19 23:30:15,1, 1.078305E+02, 3.016309E+02, 3.023459E+02, 8.021469E+00, 4.463494E+01, 3.104758E+02, 3.028102E+02, 3.020729E+02, 3.031010E+02, 3.031442E+02
2024-06-19 23:45:15,1, 8.418415E+01, 3.013742E+02, 3.020311E+02, 7.002437E+00, 3.693423E+01, 3.100706E+02, 3.024286E+02, 3.016266E+02, 3.026558E+02, 3.026521E+02
2024-06-19 00:00:15,2, 3.852986E+01, 3.006712E+02, 3.013073E+02, 3.800120E+00, 4.115873E+01, 3.104564E+02, 3.017448E+02, 3.007830E+02, 3.018051E+02, 3.017024E+02
2024-06-19 00:15:15,2, 2.393527E+01, 3.004366E+02, 3.009735E+02, 2.506990E+00, 2.625885E+01, 3.099654E+02, 3.013756E+02, 3.004344E+02, 3.012822E+02, 3.010851E+02
2024-06-19 00:30:15,2, 9.630553E+00, 3.002019E+02, 3.007008E+02, 1.078150E+00, 1.929917E+01, 3.094974E+02, 3.010525E+02, 3.001800E+02, 3.009263E+02, 3.006951E+02
2024-06-19 00:45:15,2, 0.000000E+00, 2.999673E+02, 3.004030E+02, 0.000000E+00, 1.413555E+01, 3.090489E+02, 3.006687E+02, 2.997921E+02, 3.005721E+02, 3.003149E+02
2024-06-19 01:00:15,2, 0.000000E+00, 2.997315E+02, 3.001470E+02, 0.000000E+00, 1.400882E+01, 3.086361E+02, 3.004021E+02, 2.995377E+02, 3.003026E+02, 3.000481E+02
2024-06-19 01:15:15,2, 0.000000E+00, 2.994300E+02, 2.998463E+02, 0.000000E+00, 1.850823E+01, 3.082495E+02, 3.000832E+02, 2.992314E+02, 3.000015E+02, 2.997514E+02
2024-06-19 01:30:15,2, 0.000000E+00, 2.991284E+02, 2.995287E+02, 0.000000E+00, 1.836241E+01, 3.078832E+02, 2.997486E+02, 2.988935E+02, 2.996769E+02, 2.994264E+02
2024-06-19 01:45:15,2, 0.000000E+00, 2.988268E+02, 2.992092E+02, 0.000000E+00, 1.861832E+01, 3.075355E+02, 2.994149E+02, 2.985608E+02, 2.993508E+02, 2.991006E+02
2024-06-19 02:00:15,2, 0.000000E+00, 2.985268E+02, 2.988885E+02, 0.000000E+00, 1.836033E+01, 3.072023E+02, 2.990809E+02, 2.982269E+02, 2.990234E+02, 2.987736E+02
2024-06-19 02:15:15,2, 0.000000E+00, 2.983194E+02, 2.986297E+02, 0.000000E+00, 1.697140E+01, 3.068892E+02, 2.988324E+02, 2.979786E+02, 2.987549E+02, 2.985049E+02
2024-06-19 02:30:15,2, 0.000000E+00, 2.981121E+02, 2.984132E+02, 0.000000E+00, 1.798134E+01, 3.065960E+02, 2.986206E+02, 2.977799E+02, 2.985350E+02, 2.982891E+02
2024-06-19 02:45:15,2, 0.000000E+00, 2.979048E+02, 2.982081E+02, 0.000000E+00, 1.874959E+01, 3.063180E+02, 2.984195E+02, 2.975935E+02, 2.983288E+02, 2.980874E+02
2024-06-19 03:00:15,2, 0.000000E+00, 2.976978E+02, 2.980071E+02, 0.000000E+00, 1.903531E+01, 3.060529E+02, 2.982222E+02, 2.974112E+02, 2.981274E+02, 2.978906E+02
2024-06-19 03:15:15,2, 0.000000E+00, 2.975122E+02, 2.978176E+02, 0.000000E+00, 1.646040E+01, 3.058003E+02, 2.980355E+02, 2.972346E+02, 2.979360E+02, 2.977025E+02
2024-06-19 03:30:15,2, 0.000000E+00, 2.973266E+02, 2.976361E+02, 0.000000E+00, 1.571919E+01, 3.055586E+02, 2.978563E+02, 2.970686E+02, 2.977534E+02, 2.975239E+02
2024-06-19 03:45:15,2, 0.000000E+00, 2.971410E+02, 2.974568E+02, 0.000000E+00, 1.541087E+01, 3.053262E+02, 2.976799E+02, 2.969056E+02, 2.975735E+02, 2.973483E+02
2024-06-19 04:00:15,2, 0.000000E+00, 2.969567E+02, 2.972784E+02, 0.000000E+00, 1.512894E+01, 3.051020E+02, 2.975050E+02, 2.967435E+02, 2.973947E+02, 2.971737E+02
2024-06-19 04:15:15,2, 0.000000E+00, 2.968429E+02, 2.971318E+02, 0.000000E+00, 1.267987E+01, 3.048888E+02, 2.973608E+02, 2.965968E+02, 2.972434E+02, 2.970216E+02
2024-06-19 04:30:15,2, 0.000000E+00, 2.967291E+02, 2.970074E+02, 0.000000E+00, 1.229774E+01, 3.046863E+02, 2.972352E+02, 2.964756E+02, 2.971172E+02, 2.968965E+02
2024-06-19 04:45:15,2, 0.000000E+00, 2.966154E+02, 2.968891E+02, 0.000000E+00, 1.224850E+01, 3.044925E+02, 2.971148E+02, 2.963612E+02, 2.969975E+02, 2.967786E+02
2024-06-19 05:00:15,2, 0.000000E+00, 2.965011E+02, 2.967732E+02, 0.000000E+00, 1.223504E+01, 3.043062E+02, 2.969965E+02, 2.962492E+02, 2.968805E+02, 2.966634E+02
2024-06-19 05:15:15,2, 0.000000E+00, 2.963583E+02, 2.966363E+02, 0.000000E+00, 1.123710E+01, 3.041245E+02, 2.968422E+02, 2.960890E+02, 2.967427E+02, 2.965246E+02
2024-06-19 05:30:15,2, 0.000000E+00, 2.962156E+02, 2.964804E+02, 0.000000E+00, 1.023149E+01, 3.039463E+02, 2.966728E+02, 2.959088E+02, 2.965845E+02, 2.963633E+02
2024-06-19 05:45:15,2, 0.000000E+00, 2.960728E+02, 2.963182E+02, 0.000000E+00, 9.488145E+00, 3.037722E+02, 2.964977E+02, 2.957215E+02, 2.964189E+02, 2.961944E+02
2024-06-19 06:00:15,2, 0.000000E+00, 2.959304E+02, 2.961527E+02, 0.000000E+00, 8.879168E+00, 3.036022E+02, 2.963191E+02, 2.955299E+02, 2.962495E+02, 2.960217E+02
2024-06-19 06:15:15,2, 0.000000E+00, 2.958079E+02, 2.959918E+02, 0.000000E+00, 9.122916E+00, 3.034370E+02, 2.961490E+02, 2.953469E+02, 2.960843E+02, 2.958530E+02
2024-06-19 06:30:15,2, 0.000000E+00, 2.956854E+02, 2.958348E+02, 0.000000E+00, 8.928615E+00, 3.032769E+02, 2.959824E+02, 2.951669E+02, 2.959240E+02, 2.956892E+02
2024-06-19 06:45:15,2, 0.000000E+00, 2.955629E+02, 2.956762E+02, 0.000000E+00, 8.372017E+00, 3.031214E+02, 2.958146E+02, 2.949840E+02, 2.957624E+02, 2.955242E+02
2024-06-19 07:00:15,2, 0.000000E+00, 2.954406E+02, 2.955129E+02, 0.000000E+00, 7.418123E+00, 3.029702E+02, 2.956430E+02, 2.947946E+02, 2.955967E+02, 2.953544E+02
2024-06-19 07:15:15,2, 0.000000E+00, 2.953321E+02, 2.953504E+02, 0.000000E+00, 6.166958E+00, 3.028217E+02, 2.954816E+02, 2.946328E+02, 2.954321E+02, 2.951888E+02
2024-06-19 07:30:15,2, 0.000000E+00, 2.952236E+02, 2.951942E+02, 0.000000E+00, 5.414513E+00, 3.026743E+02, 2.953261E+02, 2.944778E+02, 2.952739E+02, 2.950307E+02
2024-06-19 07:45:15,2, 0.000000E+00, 2.951150E+02, 2.950419E+02, 0.000000E+00, 4.927846E+00, 3.025283E+02, 2.951735E+02, 2.943245E+02, 2.951196E+02, 2.948763E+02
2024-06-19 08:00:15,2, 0.000000E+00, 2.950068E+02, 2.948920E+02, 0.000000E+00, 4.537553E+00, 3.023839E+02, 2.950230E+02, 2.941732E+02, 2.949679E+02, 2.947244E+02
2024-06-19 08:15:15,2, 0.000000E+00, 2.949174E+02, 2.947521E+02, 0.000000E+00, 4.152652E+00, 3.022420E+02, 2.948906E+02, 2.940456E+02, 2.948262E+02, 2.945839E+02
2024-06-19 08:30:15,2, 0.000000E+00, 2.948280E+02, 2.946257E+02, 0.000000E+00, 3.857156E+00, 3.021037E+02, 2.947695E+02, 2.939288E+02, 2.946986E+02, 2.944576E+02
2024-06-19 08:45:15,2, 0.000000E+00, 2.947387E+02, 2.945087E+02, 0.000000E+00, 3.614707E+00, 3.019686E+02, 2.946557E+02, 2.938187E+02, 2.945801E+02, 2.943403E+02
2024-06-19 09:00:15,2, 0.000000E+00, 2.946498E+02, 2.943981E+02, 0.000000E+00, 3.403878E+00, 3.018366E+02, 2.945472E+02, 2.937138E+02, 2.944682E+02, 2.942295E+02
2024-06-19 09:15:15,2, 0.000000E+00, 2.945896E+02, 2.942929E+02, 0.000000E+00, 3.104598E+00, 3.017076E+02, 2.944422E+02, 2.936121E+02, 2.943613E+02, 2.941237E+02
2024-06-19 09:30:15,2, 0.000000E+00, 2.945294E+02, 2.941921E+02, 0.000000E+00, 2.848968E+00, 3.015812E+02, 2.943409E+02, 2.935139E+02, 2.942588E+02, 2.940221E+02
2024-06-19 09:45:15,2, 0.000000E+00, 2.944692E+02, 2.940943E+02, 0.000000E+00, 2.624624E+00, 3.014573E+02, 2.942423E+02, 2.934181E+02, 2.941594E+02, 2.939236E+02
2024-06-19 10:00:15,2, 4.570093E+01, 2.944143E+02, 2.940115E+02, 5.180682E+00, 2.418215E+00, 3.013385E+02, 2.943505E+02, 2.937391E+02, 2.941103E+02, 2.939003E+02
2024-06-19 10:15:15,2, 7.223787E+01, 2.946758E+02, 2.946054E+02, 7.320659E+00, 2.476860E+00, 3.013318E+02, 2.951109E+02, 2.946713E+02, 2.948824E+02, 2.948901E+02
2024-06-19 10:30:15,2, 9.917785E+01, 2.949372E+02, 2.952749E+02, 8.957460E+00, 8.114047E+00, 3.013700E+02, 2.957964E+02, 2.954325E+02, 2.956584E+02, 2.957370E+02
2024-06-19 10:45:15,2, 1.264055E+02, 2.951987E+02, 2.957420E+02, 9.927314E+00, 1.884762E+01, 3.014313E+02, 2.962970E+02, 2.959819E+02, 2.962487E+02, 2.963284E+02
2024-06-19 11:00:15,2, 1.880420E+02, 2.954637E+02, 2.961045E+02, 1.125833E+01, 2.221063E+01, 3.015282E+02, 2.968772E+02, 2.967874E+02, 2.967618E+02, 2.968940E+02
2024-06-19 11:15:15,2, 2.216056E+02, 2.959392E+02, 2.967383E+02, 1.175547E+01, 3.184790E+01, 3.017077E+02, 2.976541E+02, 2.976578E+02, 2.976090E+02, 2.978408E+02
2024-06-19 11:30:15,2, 2.550912E+02, 2.964147E+02, 2.972926E+02, 1.193975E+01, 3.777992E+01, 3.019357E+02, 2.983062E+02, 2.983617E+02, 2.982868E+02, 2.985245E+02
2024-06-19 11:45:15,2, 2.883553E+02, 2.968902E+02, 2.978417E+02, 1.198992E+01, 4.339022E+01, 3.022097E+02, 2.989560E+02, 2.990562E+02, 2.989508E+02, 2.991928E+02
2024-06-19 12:00:15,2, 3.483535E+02, 2.973646E+02, 2.983946E+02, 1.204374E+01, 4.909667E+01, 3.025286E+02, 2.997026E+02, 2.999032E+02, 2.996346E+02, 2.998851E+02
2024-06-19 12:15:15,2, 3.834817E+02, 2.977737E+02, 2.989607E+02, 1.180516E+01, 6.225589E+01, 3.029421E+02, 3.004258E+02, 3.006610E+02, 3.003919E+02, 3.006582E+02
2024-06-19 12:30:15,2, 4.179121E+02, 2.981829E+02, 2.994443E+02, 1.157183E+01, 6.685575E+01, 3.033881E+02, 3.010248E+02, 3.012871E+02, 3.009768E+02, 3.012361E+02
2024-06-19 12:45:15,2, 4.514975E+02, 2.985921E+02, 2.999245E+02, 1.131328E+01, 7.097091E+01, 3.038643E+02, 3.016185E+02, 3.019076E+02, 3.015506E+02, 3.018039E+02
2024-06-19 13:00:15,2, 5.330314E+02, 2.990013E+02, 3.004132E+02, 1.106854E+01, 7.503751E+01, 3.043719E+02, 3.023669E+02, 3.027208E+02, 3.021644E+02, 3.024090E+02
2024-06-19 13:15:15,2, 5.676804E+02, 2.994131E+02, 3.009932E+02, 1.051933E+01, 8.255860E+01, 3.050389E+02, 3.031754E+02, 3.035427E+02, 3.029721E+02, 3.032083E+02
2024-06-19 13:30:15,2, 6.009383E+02, 2.998249E+02, 3.014804E+02, 1.010389E+01, 8.507909E+01, 3.057137E+02, 3.038140E+02, 3.042021E+02, 3.035648E+02, 3.037918E+02
2024-06-19 13:45:15,2, 6.326628E+02, 3.002368E+02, 3.019646E+02, 9.678629E+00, 8.722479E+01, 3.063966E+02, 3.044484E+02, 3.048577E+02, 3.041469E+02, 3.043660E+02
2024-06-19 14:00:15,2, 6.412422E+02, 3.006472E+02, 3.024434E+02, 9.229784E+00, 8.907992E+01, 3.070835E+02, 3.050185E+02, 3.054483E+02, 3.047026E+02, 3.049198E+02
2024-06-19 14:15:15,2, 6.685838E+02, 3.009728E+02, 3.028174E+02, 8.908199E+00, 9.497411E+01, 3.077070E+02, 3.055148E+02, 3.059816E+02, 3.051283E+02, 3.053496E+02
2024-06-19 14:30:15,2, 6.940686E+02, 3.012985E+02, 3.032123E+02, 8.492637E+00, 9.592705E+01, 3.083415E+02, 3.060676E+02, 3.065628E+02, 3.056087E+02, 3.058284E+02
2024-06-19 14:45:15,2, 7.175874E+02, 3.016242E+02, 3.036048E+02, 8.073347E+00, 9.618939E+01, 3.089810E+02, 3.066162E+02, 3.071383E+02, 3.060809E+02, 3.062994E+02
2024-06-19 15:00:15,2, 7.494223E+02, 3.019493E+02, 3.039965E+02, 7.656602E+00, 9.626442E+01, 3.096207E+02, 3.071894E+02, 3.077359E+02, 3.065533E+02, 3.067693E+02
2024-06-19 15:15:15,2, 7.689871E+02, 3.022406E+02, 3.043673E+02, 7.214633E+00, 9.950588E+01, 3.102881E+02, 3.077357E+02, 3.082930E+02, 3.070207E+02, 3.072314E+02
2024-06-19 15:30:15,2, 7.862792E+02, 3.025318E+02, 3.047144E+02, 6.838680E+00, 9.873679E+01, 3.109385E+02, 3.082302E+02, 3.087999E+02, 3.074327E+02, 3.076421E+02
2024-06-19 15:45:15,2, 8.012247E+02, 3.028231E+02, 3.050570E+02, 6.478310E+00, 9.760299E+01, 3.115705E+02, 3.087123E+02, 3.092914E+02, 3.078328E+02, 3.080412E+02
2024-06-19 16:00:15,2, 7.720260E+02, 3.031125E+02, 3.053876E+02, 6.133560E+00, 9.623688E+01, 3.121767E+02, 3.090637E+02, 3.096591E+02, 3.081857E+02, 3.084045E+02
2024-06-19 16:15:15,2, 7.815801E+02, 3.032922E+02, 3.055595E+02, 6.075570E+00, 9.787422E+01, 3.126192E+02, 3.092633E+02, 3.098970E+02, 3.083351E+02, 3.085740E+02
2024-06-19 16:30:15,2, 7.887553E+02, 3.034719E+02, 3.057712E+02, 5.841855E+00, 9.687167E+01, 3.130635E+02, 3.095867E+02, 3.102294E+02, 3.085935E+02, 3.088346E+02
2024-06-19 16:45:15,2, 7.935209E+02, 3.036517E+02, 3.059771E+02, 5.629820E+00, 9.578651E+01, 3.135001E+02, 3.098923E+02, 3.105395E+02, 3.088404E+02, 3.090831E+02
2024-06-19 17:00:15,2, 6.948008E+02, 3.038294E+02, 3.061584E+02, 5.431588E+00, 9.417492E+01, 3.139099E+02, 3.098785E+02, 3.105271E+02, 3.089877E+02, 3.092534E+02
2024-06-19 17:15:15,2, 6.947097E+02, 3.038878E+02, 3.060806E+02, 5.842828E+00, 9.310062E+01, 3.139694E+02, 3.095928E+02, 3.103091E+02, 3.087388E+02, 3.090423E+02
2024-06-19 17:30:15,2, 6.924889E+02, 3.039462E+02, 3.061341E+02, 5.762315E+00, 9.260160E+01, 3.140738E+02, 3.096896E+02, 3.104137E+02, 3.088215E+02, 3.091290E+02
2024-06-19 17:45:15,2, 6.881478E+02, 3.040045E+02, 3.061820E+02, 5.704295E+00, 9.217976E+01, 3.142010E+02, 3.097718E+02, 3.104969E+02, 3.088982E+02, 3.092085E+02
2024-06-19 18:00:15,2, 6.930580E+02, 3.040647E+02, 3.062260E+02, 5.661608E+00, 9.131028E+01, 3.143364E+02, 3.098750E+02, 3.105995E+02, 3.089768E+02, 3.092870E+02
2024-06-19 18:15:15,2, 6.843992E+02, 3.042297E+02, 3.063826E+02, 5.511343E+00, 8.169978E+01, 3.145062E+02, 3.100649E+02, 3.107787E+02, 3.091494E+02, 3.094568E+02
2024-06-19 18:30:15,2, 6.736690E+02, 3.043947E+02, 3.065266E+02, 5.434246E+00, 8.064470E+01, 3.146616E+02, 3.101971E+02, 3.108995E+02, 3.092874E+02, 3.095939E+02
2024-06-19 18:45:15,2, 6.609132E+02, 3.045597E+02, 3.066647E+02, 5.372015E+00, 7.986842E+01, 3.147982E+02, 3.103087E+02, 3.109976E+02, 3.094136E+02, 3.097189E+02
2024-06-19 19:00:15,2, 6.804411E+02, 3.047230E+02, 3.068026E+02, 5.327070E+00, 7.991423E+01, 3.149168E+02, 3.105069E+02, 3.111880E+02, 3.095579E+02, 3.098556E+02
2024-06-19 19:15:15,2, 6.629246E+02, 3.047832E+02, 3.068979E+02, 5.246473E+00, 8.765861E+01, 3.151090E+02, 3.105416E+02, 3.111407E+02, 3.096611E+02, 3.099342E+02
2024-06-19 19:30:15,2, 6.434740E+02, 3.048434E+02, 3.069176E+02, 5.373216E+00, 8.931845E+01, 3.152331E+02, 3.103738E+02, 3.109138E+02, 3.095796E+02, 3.098355E+02
2024-06-19 19:45:15,2, 6.221726E+02, 3.049036E+02, 3.069299E+02, 5.501324E+00, 9.079404E+01, 3.152982E+02, 3.101907E+02, 3.106780E+02, 3.094881E+02, 3.097286E+02
2024-06-19 20:00:15,2, 5.554159E+02, 3.049617E+02, 3.069256E+02, 5.633719E+00, 9.172352E+01, 3.153054E+02, 3.098480E+02, 3.102656E+02, 3.093474E+02, 3.095804E+02
2024-06-19 20:15:15,2, 5.324973E+02, 3.048911E+02, 3.067289E+02, 6.076060E+00, 8.884042E+01, 3.151392E+02, 3.093747E+02, 3.097677E+02, 3.089949E+02, 3.092257E+02
2024-06-19 20:30:15,2, 5.081372E+02, 3.048204E+02, 3.065900E+02, 6.281893E+00, 8.970025E+01, 3.149651E+02, 3.090774E+02, 3.094305E+02, 3.087890E+02, 3.090118E+02
2024-06-19 20:45:15,2, 4.824398E+02, 3.047498E+02, 3.064466E+02, 6.506447E+00, 9.049044E+01, 3.147754E+02, 3.087649E+02, 3.090755E+02, 3.085743E+02, 3.087894E+02
2024-06-19 21:00:15,2, 3.834067E+02, 3.046749E+02, 3.062813E+02, 6.706898E+00, 8.967239E+01, 3.145581E+02, 3.081713E+02, 3.083357E+02, 3.082773E+02, 3.084853E+02
2024-06-19 21:15:15,2, 3.598085E+02, 3.043470E+02, 3.057636E+02, 7.566821E+00, 6.908607E+01, 3.141404E+02, 3.073163E+02, 3.073972E+02, 3.075207E+02, 3.077018E+02
2024-06-19 21:30:15,2, 3.353755E+02, 3.040190E+02, 3.053739E+02, 7.919248E+00, 6.699715E+01, 3.137486E+02, 3.068180E+02, 3.068377E+02, 3.070516E+02, 3.072236E+02
2024-06-19 21:45:15,2, 3.102123E+02, 3.036911E+02, 3.049849E+02, 8.267670E+00, 6.465908E+01, 3.133695E+02, 3.063251E+02, 3.062771E+02, 3.065807E+02, 3.067439E+02
2024-06-19 22:00:15,2, 2.520432E+02, 3.033635E+02, 3.045882E+02, 8.463982E+00, 6.191217E+01, 3.129917E+02, 3.057144E+02, 3.055074E+02, 3.060703E+02, 3.062192E+02
2024-06-19 22:15:15,2, 2.287397E+02, 3.030585E+02, 3.041172E+02, 8.935276E+00, 6.497976E+01, 3.125496E+02, 3.050625E+02, 3.047407E+02, 3.054155E+02, 3.055354E+02
2024-06-19 22:30:15,2, 2.050822E+02, 3.027535E+02, 3.037417E+02, 9.099675E+00, 6.151651E+01, 3.121236E+02, 3.045842E+02, 3.041830E+02, 3.049496E+02, 3.050643E+02
2024-06-19 22:45:15,2, 1.811722E+02, 3.024485E+02, 3.033709E+02, 9.151724E+00, 5.634290E+01, 3.117070E+02, 3.041173E+02, 3.036360E+02, 3.044827E+02, 3.045982E+02
2024-06-19 23:00:15,2, 1.554933E+02, 3.021443E+02, 3.030031E+02, 9.021099E+00, 5.048283E+01, 3.112955E+02, 3.036590E+02, 3.030895E+02, 3.040143E+02, 3.041357E+02
2024-06-19 23:15:15,2, 1.316342E+02, 3.018876E+02, 3.026666E+02, 8.699479E+00, 5.076648E+01, 3.108847E+02, 3.032293E+02, 3.025671E+02, 3.035539E+02, 3.036603E+02
2024-06-19 23:30:15,2, 1.078305E+02, 3.016309E+02, 3.023450E+02, 8.053929E+00, 4.471499E+01, 3.104767E+02, 3.028285E+02, 3.020883E+02, 3.030974E+02, 3.031377E+02
2024-06-19 23:45:15,2, 8.418415E+01, 3.013742E+02, 3.020298E+02, 7.033101E+00, 3.704470E+01, 3.100716E+02, 3.024516E+02, 3.016541E+02, 3.026527E+02, 3.026472E+02
2024-06-20 00:00:15,1, 4.911138E+01, 3.011168E+02, 3.017207E+02, 4.671739E+00, 2.844648E+01, 3.096680E+02, 3.020529E+02, 3.011843E+02, 3.022040E+02, 3.021491E+02
2024-06-20 00:15:15,1, 3.061802E+01, 3.008205E+02, 3.013650E+02, 3.132982E+00, 2.388689E+01, 3.092504E+02, 3.016549E+02, 3.007678E+02, 3.016900E+02, 3.015589E+02
2024-06-20 00:30:15,1, 1.249073E+01, 3.005241E+02, 3.010262E+02, 1.377936E+00, 1.677827E+01, 3.088444E+02, 3.012667E+02, 3.004026E+02, 3.012459E+02, 3.010513E+02
2024-06-20 00:45:15,1, 0.000000E+00, 3.002277E+02, 3.006641E+02, 0.000000E+00, 1.035004E+01, 3.084478E+02, 3.008066E+02, 2.999244E+02, 3.008063E+02, 3.005520E+02
2024-06-20 01:00:15,1, 0.000000E+00, 2.999322E+02, 3.003501E+02, 0.000000E+00, 9.324271E+00, 3.080811E+02, 3.004876E+02, 2.996007E+02, 3.004756E+02, 3.002189E+02
2024-06-20 01:15:15,1, 0.000000E+00, 2.996852E+02, 3.000790E+02, 0.000000E+00, 9.789225E+00, 3.077474E+02, 3.002096E+02, 2.993136E+02, 3.001931E+02, 2.999349E+02
2024-06-20 01:30:15,1, 0.000000E+00, 2.994382E+02, 2.998183E+02, 0.000000E+00, 1.094079E+01, 3.074355E+02, 2.999500E+02, 2.990633E+02, 2.999284E+02, 2.996725E+02
2024-06-20 01:45:15,1, 0.000000E+00, 2.991913E+02, 2.995617E+02, 0.000000E+00, 1.154017E+01, 3.071412E+02, 2.996953E+02, 2.988167E+02, 2.996693E+02, 2.994155E+02
2024-06-20 02:00:15,1, 0.000000E+00, 2.989452E+02, 2.993077E+02, 0.000000E+00, 1.171120E+01, 3.068613E+02, 2.994437E+02, 2.985718E+02, 2.994130E+02, 2.991609E+02
2024-06-20 02:15:15,1, 0.000000E+00, 2.987546E+02, 2.990926E+02, 0.000000E+00, 1.083824E+01, 3.065987E+02, 2.992441E+02, 2.983823E+02, 2.991923E+02, 2.989423E+02
2024-06-20 02:30:15,1, 0.000000E+00, 2.985640E+02, 2.989049E+02, 0.000000E+00, 1.214338E+01, 3.063512E+02, 2.990735E+02, 2.982334E+02, 2.990053E+02, 2.987609E+02
2024-06-20 02:45:15,1, 0.000000E+00, 2.983734E+02, 2.987253E+02, 0.000000E+00, 1.310907E+01, 3.061154E+02, 2.989101E+02, 2.980918E+02, 2.988277E+02, 2.985898E+02
2024-06-20 03:00:15,1, 0.000000E+00, 2.981832E+02, 2.985483E+02, 0.000000E+00, 1.342591E+01, 3.058899E+02, 2.987488E+02, 2.979503E+02, 2.986536E+02, 2.984216E+02
2024-06-20 03:15:15,1, 0.000000E+00, 2.980160E+02, 2.983772E+02, 0.000000E+00, 1.189211E+01, 3.056750E+02, 2.985684E+02, 2.977624E+02, 2.984790E+02, 2.982464E+02
2024-06-20 03:30:15,1, 0.000000E+00, 2.978489E+02, 2.982086E+02, 0.000000E+00, 1.117017E+01, 3.054700E+02, 2.983911E+02, 2.975774E+02, 2.983069E+02, 2.980728E+02
2024-06-20 03:45:15,1, 0.000000E+00, 2.976817E+02, 2.980408E+02, 0.000000E+00, 1.066142E+01, 3.052737E+02, 2.982154E+02, 2.973926E+02, 2.981358E+02, 2.978999E+02
2024-06-20 04:00:15,1, 0.000000E+00, 2.975156E+02, 2.978737E+02, 0.000000E+00, 1.009626E+01, 3.050848E+02, 2.980410E+02, 2.972076E+02, 2.979656E+02, 2.977275E+02
2024-06-20 04:15:15,1, 0.000000E+00, 2.974127E+02, 2.977423E+02, 0.000000E+00, 8.138998E+00, 3.049052E+02, 2.979252E+02, 2.971072E+02, 2.978296E+02, 2.975941E+02
2024-06-20 04:30:15,1, 0.000000E+00, 2.973098E+02, 2.976403E+02, 0.000000E+00, 8.922564E+00, 3.047410E+02, 2.978364E+02, 2.970371E+02, 2.977275E+02, 2.974968E+02
2024-06-20 04:45:15,1, 0.000000E+00, 2.972069E+02, 2.975470E+02, 0.000000E+00, 9.960092E+00, 3.045869E+02, 2.977580E+02, 2.969839E+02, 2.976371E+02, 2.974134E+02
2024-06-20 05:00:15,1, 0.000000E+00, 2.971030E+02, 2.974566E+02, 0.000000E+00, 1.056465E+01, 3.044409E+02, 2.976816E+02, 2.969304E+02, 2.975502E+02, 2.973330E+02
2024-06-20 05:15:15,1, 0.000000E+00, 2.969336E+02, 2.973194E+02, 0.000000E+00, 1.339024E+01, 3.042965E+02, 2.975418E+02, 2.967998E+02, 2.974218E+02, 2.972084E+02
2024-06-20 05:30:15,1, 0.000000E+00, 2.967642E+02, 2.971522E+02, 0.000000E+00, 1.283338E+01, 3.041451E+02, 2.973719E+02, 2.966284E+02, 2.972556E+02, 2.970419E+02
2024-06-20 05:45:15,1, 0.000000E+00, 2.965949E+02, 2.969802E+02, 0.000000E+00, 1.232737E+01, 3.039912E+02, 2.971976E+02, 2.964516E+02, 2.970826E+02, 2.968683E+02
2024-06-20 06:00:15,1, 0.000000E+00, 2.964253E+02, 2.968069E+02, 0.000000E+00, 1.230844E+01, 3.038365E+02, 2.970221E+02, 2.962738E+02, 2.969082E+02, 2.966932E+02
2024-06-20 06:15:15,1, 0.000000E+00, 2.962425E+02, 2.966107E+02, 0.000000E+00, 2.307786E+01, 3.036785E+02, 2.968213E+02, 2.960744E+02, 2.967140E+02, 2.964995E+02
2024-06-20 06:30:15,1, 0.000000E+00, 2.960597E+02, 2.964090E+02, 0.000000E+00, 2.663495E+01, 3.035184E+02, 2.966104E+02, 2.958585E+02, 2.965104E+02, 2.962943E+02
2024-06-20 06:45:15,1, 0.000000E+00, 2.958770E+02, 2.962093E+02, 0.000000E+00, 2.798351E+01, 3.033581E+02, 2.963998E+02, 2.956423E+02, 2.963087E+02, 2.960907E+02
2024-06-20 07:00:15,1, 0.000000E+00, 2.956953E+02, 2.960105E+02, 0.000000E+00, 2.800359E+01, 3.031981E+02, 2.961895E+02, 2.954259E+02, 2.961080E+02, 2.958880E+02
2024-06-20 07:15:15,1, 0.000000E+00, 2.955772E+02, 2.958592E+02, 0.000000E+00, 1.339684E+01, 3.030467E+02, 2.960335E+02, 2.952524E+02, 2.959479E+02, 2.957231E+02
2024-06-20 07:30:15,1, 0.000000E+00, 2.954591E+02, 2.957376E+02, 0.000000E+00, 1.006607E+01, 3.029050E+02, 2.959109E+02, 2.951243E+02, 2.958238E+02, 2.955975E+02
2024-06-20 07:45:15,1, 0.000000E+00, 2.953411E+02, 2.956239E+02, 0.000000E+00, 8.852540E+00, 3.027693E+02, 2.957974E+02, 2.950088E+02, 2.957089E+02, 2.954823E+02
2024-06-20 08:00:15,1, 0.000000E+00, 2.952232E+02, 2.955134E+02, 0.000000E+00, 8.306776E+00, 3.026381E+02, 2.956878E+02, 2.948984E+02, 2.955978E+02, 2.953713E+02
2024-06-20 08:15:15,1, 0.000000E+00, 2.951157E+02, 2.954082E+02, 0.000000E+00, 7.745723E+00, 3.025108E+02, 2.955854E+02, 2.947981E+02, 2.954918E+02, 2.952659E+02
2024-06-20 08:30:15,1, 0.000000E+00, 2.950083E+02, 2.953074E+02, 0.000000E+00, 7.624574E+00, 3.023868E+02, 2.954880E+02, 2.947047E+02, 2.953910E+02, 2.951663E+02
2024-06-20 08:45:15,1, 0.000000E+00, 2.949009E+02, 2.952085E+02, 0.000000E+00, 7.619369E+00, 3.022655E+02, 2.953926E+02, 2.946139E+02, 2.952924E+02, 2.950691E+02
2024-06-20 09:00:15,1, 0.000000E+00, 2.947944E+02, 2.951103E+02, 0.000000E+00, 7.552245E+00, 3.021467E+02, 2.952981E+02, 2.945238E+02, 2.951947E+02, 2.949728E+02
2024-06-20 09:15:15,1, 0.000000E+00, 2.947378E+02, 2.950277E+02, 0.000000E+00, 5.381724E+00, 3.020332E+02, 2.952101E+02, 2.944271E+02, 2.951072E+02, 2.948831E+02
2024-06-20 09:30:15,1, 0.000000E+00, 2.946811E+02, 2.949552E+02, 0.000000E+00, 5.129157E+00, 3.019231E+02, 2.951364E+02, 2.943582E+02, 2.950328E+02, 2.948098E+02
2024-06-20 09:45:15,1, 0.000000E+00, 2.946245E+02, 2.948865E+02, 0.000000E+00, 4.973729E+00, 3.018151E+02, 2.950659E+02, 2.942919E+02, 2.949626E+02, 2.947408E+02
2024-06-20 10:00:15,1, 4.059373E+01, 2.945720E+02, 2.948290E+02, 4.560619E+00, 4.812760E+00, 3.017118E+02, 2.951559E+02, 2.945262E+02, 2.949387E+02, 2.947400E+02
2024-06-20 10:15:15,1, 6.433714E+01, 2.947631E+02, 2.952324E+02, 6.546801E+00, 8.308183E+00, 3.017073E+02, 2.957246E+02, 2.952493E+02, 2.955528E+02, 2.955591E+02
2024-06-20 10:30:15,1, 8.844274E+01, 2.949543E+02, 2.955240E+02, 8.065616E+00, 7.408339E+00, 3.017302E+02, 2.961022E+02, 2.957073E+02, 2.959652E+02, 2.960146E+02
2024-06-20 10:45:15,1, 1.128073E+02, 2.951454E+02, 2.957955E+02, 9.259428E+00, 9.699876E+00, 3.017884E+02, 2.964893E+02, 2.961794E+02, 2.963564E+02, 2.964568E+02
2024-06-20 11:00:15,1, 1.831753E+02, 2.953421E+02, 2.960725E+02, 1.117312E+01, 1.334642E+01, 3.018825E+02, 2.970873E+02, 2.971288E+02, 2.967963E+02, 2.969988E+02
2024-06-20 11:15:15,1, 2.159469E+02, 2.958676E+02, 2.967439E+02, 1.178241E+01, 1.691336E+01, 3.020778E+02, 2.979756E+02, 2.981699E+02, 2.977572E+02, 2.981697E+02
2024-06-20 11:30:15,1, 2.486444E+02, 2.963931E+02, 2.973328E+02, 1.206379E+01, 2.139983E+01, 3.023207E+02, 2.986956E+02, 2.989731E+02, 2.984992E+02, 2.989626E+02
2024-06-20 11:45:15,1, 2.811278E+02, 2.969186E+02, 2.979189E+02, 1.217168E+01, 2.607204E+01, 3.026081E+02, 2.994106E+02, 2.997538E+02, 2.992260E+02, 2.997240E+02
2024-06-20 12:00:15,1, 3.290731E+02, 2.974422E+02, 2.985058E+02, 1.223466E+01, 3.134454E+01, 3.029379E+02, 3.001864E+02, 3.006367E+02, 2.999619E+02, 3.004937E+02
2024-06-20 12:15:15,1, 3.623098E+02, 2.978507E+02, 2.990292E+02, 1.202170E+01, 5.236402E+01, 3.033399E+02, 3.009093E+02, 3.014349E+02, 3.007039E+02, 3.012901E+02
2024-06-20 12:30:15,1, 3.948886E+02, 2.982592E+02, 2.995028E+02, 1.176480E+01, 5.779245E+01, 3.037755E+02, 3.015449E+02, 3.021359E+02, 3.013211E+02, 3.019303E+02
2024-06-20 12:45:15,1, 4.266699E+02, 2.986677E+02, 2.999751E+02, 1.145264E+01, 6.200173E+01, 3.042417E+02, 3.021798E+02, 3.028382E+02, 3.019302E+02, 3.025610E+02
2024-06-20 13:00:15,1, 5.216864E+02, 2.990762E+02, 3.004588E+02, 1.115819E+01, 6.671080E+01, 3.047415E+02, 3.030457E+02, 3.038592E+02, 3.025976E+02, 3.032482E+02
2024-06-20 13:15:15,1, 5.556457E+02, 2.994891E+02, 3.010427E+02, 1.037056E+01, 8.532220E+01, 3.054430E+02, 3.039388E+02, 3.048130E+02, 3.035219E+02, 3.042150E+02
2024-06-20 13:30:15,1, 5.882445E+02, 2.999019E+02, 3.015198E+02, 9.854487E+00, 8.830018E+01, 3.061431E+02, 3.045819E+02, 3.054999E+02, 3.041301E+02, 3.048256E+02
2024-06-20 13:45:15,1, 6.193432E+02, 3.003147E+02, 3.019957E+02, 9.337623E+00, 9.064459E+01, 3.068446E+02, 3.052241E+02, 3.061878E+02, 3.047269E+02, 3.054243E+02
2024-06-20 14:00:15,1, 6.787976E+02, 3.007250E+02, 3.024699E+02, 8.825085E+00, 9.191619E+01, 3.075492E+02, 3.059615E+02, 3.069911E+02, 3.053384E+02, 3.060345E+02
2024-06-20 14:15:15,1, 7.077842E+02, 3.009840E+02, 3.028756E+02, 8.168950E+00, 8.405476E+01, 3.083494E+02, 3.066732E+02, 3.077461E+02, 3.059618E+02, 3.066637E+02
2024-06-20 14:30:15,1, 7.348060E+02, 3.012430E+02, 3.032095E+02, 7.722817E+00, 8.333236E+01, 3.091354E+02, 3.072387E+02, 3.083471E+02, 3.064065E+02, 3.071099E+02
2024-06-20 14:45:15,1, 7.597472E+02, 3.015020E+02, 3.035395E+02, 7.288371E+00, 8.249914E+01, 3.099077E+02, 3.077943E+02, 3.089363E+02, 3.068371E+02, 3.075424E+02
2024-06-20 15:00:15,1, 7.641361E+02, 3.017603E+02, 3.038637E+02, 6.864004E+00, 8.172873E+01, 3.106622E+02, 3.082831E+02, 3.094532E+02, 3.072403E+02, 3.079525E+02
2024-06-20 15:15:15,1, 7.841247E+02, 3.019743E+02, 3.041260E+02, 6.587258E+00, 8.826416E+01, 3.113383E+02, 3.087048E+02, 3.099161E+02, 3.075446E+02, 3.082645E+02
2024-06-20 15:30:15,1, 8.017965E+02, 3.021884E+02, 3.044162E+02, 6.215215E+00, 8.695104E+01, 3.120203E+02, 3.091920E+02, 3.104357E+02, 3.079095E+02, 3.086337E+02
2024-06-20 15:45:15,1, 8.170759E+02, 3.024024E+02, 3.047107E+02, 5.862892E+00, 8.523475E+01, 3.126993E+02, 3.096713E+02, 3.109407E+02, 3.082698E+02, 3.089974E+02
2024-06-20 16:00:15,1, 7.320867E+02, 3.026127E+02, 3.049964E+02, 5.524039E+00, 8.271100E+01, 3.133557E+02, 3.098400E+02, 3.111207E+02, 3.085414E+02, 3.092939E+02
2024-06-20 16:15:15,1, 7.411804E+02, 3.026006E+02, 3.048755E+02, 5.954145E+00, 8.152612E+01, 3.136566E+02, 3.095740E+02, 3.109088E+02, 3.082608E+02, 3.090407E+02
2024-06-20 16:30:15,1, 7.480185E+02, 3.025885E+02, 3.049037E+02, 5.839323E+00, 8.075219E+01, 3.139925E+02, 3.097192E+02, 3.110717E+02, 3.083235E+02, 3.091076E+02
2024-06-20 16:45:15,1, 7.525717E+02, 3.025764E+02, 3.049276E+02, 5.751814E+00, 8.017233E+01, 3.143445E+02, 3.098431E+02, 3.112029E+02, 3.083794E+02, 3.091662E+02
2024-06-20 17:00:15,1, 7.949622E+02, 3.025626E+02, 3.049498E+02, 5.689018E+00, 7.961184E+01, 3.147010E+02, 3.100666E+02, 3.114308E+02, 3.084550E+02, 3.092337E+02
2024-06-20 17:15:15,1, 7.948937E+02, 3.024496E+02, 3.048764E+02, 5.519097E+00, 7.303260E+01, 3.151697E+02, 3.101929E+02, 3.115084E+02, 3.085263E+02, 3.092978E+02
2024-06-20 17:30:15,1, 7.923883E+02, 3.023366E+02, 3.047402E+02, 5.594317E+00, 7.313929E+01, 3.156298E+02, 3.101157E+02, 3.113909E+02, 3.083991E+02, 3.091630E+02
2024-06-20 17:45:15,1, 7.874570E+02, 3.022236E+02, 3.046284E+02, 5.678839E+00, 7.353276E+01, 3.160746E+02, 3.100230E+02, 3.112055E+02, 3.082785E+02, 3.090102E+02
2024-06-20 18:00:15,1, 7.783747E+02, 3.021196E+02, 3.045230E+02, 5.811444E+00, 7.697669E+01, 3.164928E+02, 3.098724E+02, 3.108653E+02, 3.081249E+02, 3.087403E+02
2024-06-20 18:15:15,1, 7.686867E+02, 3.025467E+02, 3.048559E+02, 5.612416E+00, 1.119592E+02, 3.169240E+02, 3.101307E+02, 3.111336E+02, 3.083558E+02, 3.089587E+02
2024-06-20 18:30:15,1, 7.566720E+02, 3.029738E+02, 3.052597E+02, 5.346211E+00, 1.118961E+02, 3.175573E+02, 3.104843E+02, 3.115006E+02, 3.087304E+02, 3.093587E+02
2024-06-20 18:45:15,1, 7.423820E+02, 3.034009E+02, 3.056647E+02, 5.095291E+00, 1.114084E+02, 3.183136E+02, 3.108455E+02, 3.118649E+02, 3.091047E+02, 3.097605E+02
2024-06-20 19:00:15,1, 7.273366E+02, 3.038212E+02, 3.060682E+02, 4.880462E+00, 1.092369E+02, 3.191165E+02, 3.111852E+02, 3.121489E+02, 3.094634E+02, 3.101176E+02
2024-06-20 19:15:15,1, 7.086517E+02, 3.038377E+02, 3.061280E+02, 4.935105E+00, 8.145875E+01, 3.196570E+02, 3.111287E+02, 3.118725E+02, 3.094978E+02, 3.100560E+02
2024-06-20 19:30:15,1, 6.878991E+02, 3.038542E+02, 3.061174E+02, 5.094856E+00, 8.295661E+01, 3.197206E+02, 3.109108E+02, 3.114532E+02, 3.093793E+02, 3.098043E+02
2024-06-20 19:45:15,1, 6.651677E+02, 3.038707E+02, 3.060976E+02, 5.287974E+00, 8.491378E+01, 3.195732E+02, 3.106375E+02, 3.110566E+02, 3.092349E+02, 3.095734E+02
2024-06-20 20:00:15,1, 6.545261E+02, 3.038869E+02, 3.060709E+02, 5.499141E+00, 8.692359E+01, 3.193334E+02, 3.103819E+02, 3.107197E+02, 3.090842E+02, 3.093645E+02
2024-06-20 20:15:15,1, 6.275616E+02, 3.038860E+02, 3.060312E+02, 5.666647E+00, 8.803734E+01, 3.190900E+02, 3.100969E+02, 3.103495E+02, 3.089531E+02, 3.091912E+02
2024-06-20 20:30:15,1, 5.988977E+02, 3.038851E+02, 3.059591E+02, 5.936881E+00, 9.001010E+01, 3.188094E+02, 3.097205E+02, 3.099085E+02, 3.087420E+02, 3.089514E+02
2024-06-20 20:45:15,1, 5.686572E+02, 3.038842E+02, 3.058804E+02, 6.214639E+00, 9.181107E+01, 3.185000E+02, 3.093340E+02, 3.094706E+02, 3.085194E+02, 3.087101E+02
2024-06-20 21:00:15,1, 4.875029E+02, 3.038755E+02, 3.057832E+02, 6.487046E+00, 9.290542E+01, 3.181593E+02, 3.087635E+02, 3.088147E+02, 3.082370E+02, 3.084210E+02
2024-06-20 21:15:15,1, 4.575438E+02, 3.034061E+02, 3.052026E+02, 7.254307E+00, 8.834979E+01, 3.176693E+02, 3.079054E+02, 3.079291E+02, 3.075226E+02, 3.077108E+02
2024-06-20 21:30:15,1, 4.265224E+02, 3.029366E+02, 3.046527E+02, 7.728731E+00, 8.820901E+01, 3.171901E+02, 3.072232E+02, 3.072326E+02, 3.069150E+02, 3.071317E+02
2024-06-20 21:45:15,1, 3.945715E+02, 3.024672E+02, 3.041007E+02, 8.188418E+00, 8.727632E+01, 3.167124E+02, 3.065448E+02, 3.065460E+02, 3.062984E+02, 3.065616E+02
2024-06-20 22:00:15,1, 2.946679E+02, 3.019979E+02, 3.035309E+02, 8.479323E+00, 8.347867E+01, 3.162252E+02, 3.055939E+02, 3.054196E+02, 3.055974E+02, 3.059232E+02
2024-06-20 22:15:15,1, 2.674707E+02, 3.015389E+02, 3.028597E+02, 9.268776E+00, 5.293973E+01, 3.156068E+02, 3.046257E+02, 3.043183E+02, 3.045875E+02, 3.048698E+02
2024-06-20 22:30:15,1, 2.398585E+02, 3.010799E+02, 3.023339E+02, 9.561864E+00, 4.627189E+01, 3.150624E+02, 3.040181E+02, 3.036527E+02, 3.039497E+02, 3.042657E+02
2024-06-20 22:45:15,1, 2.119497E+02, 3.006209E+02, 3.018250E+02, 9.758317E+00, 3.916949E+01, 3.145602E+02, 3.034284E+02, 3.029755E+02, 3.033050E+02, 3.035929E+02
2024-06-20 23:00:15,1, 1.485782E+02, 3.001656E+02, 3.013181E+02, 9.160034E+00, 3.205852E+01, 3.140712E+02, 3.027179E+02, 3.020180E+02, 3.026279E+02, 3.028623E+02
2024-06-20 23:15:15,1, 1.258363E+02, 2.999339E+02, 3.009033E+02, 8.936566E+00, 4.559068E+01, 3.135926E+02, 3.021277E+02, 3.012930E+02, 3.019190E+02, 3.020203E+02
2024-06-20 23:30:15,1, 1.031458E+02, 2.997022E+02, 3.006243E+02, 8.189916E+00, 4.128208E+01, 3.134127E+02, 3.017761E+02, 3.008543E+02, 3.015170E+02, 3.015710E+02
2024-06-20 23:45:15,1, 8.060395E+01, 2.994705E+02, 3.003599E+02, 7.057838E+00, 3.475404E+01, 3.134293E+02, 3.014715E+02, 3.004624E+02, 3.011403E+02, 3.011419E+02
2024-06-20 00:00:15,2, 4.911138E+01, 3.011168E+02, 3.017195E+02, 4.683934E+00, 2.855457E+01, 3.096691E+02, 3.020821E+02, 3.012286E+02, 3.022031E+02, 3.021471E+02
2024-06-20 00:15:15,2, 3.061802E+01, 3.008205E+02, 3.013642E+02, 3.137249E+00, 2.396575E+01, 3.092515E+02, 3.016873E+02, 3.008226E+02, 3.016923E+02, 3.015625E+02
2024-06-20 00:30:15,2, 1.249073E+01, 3.005241E+02, 3.010256E+02, 1.377939E+00, 1.683355E+01, 3.088455E+02, 3.012994E+02, 3.004645E+02, 3.012519E+02, 3.010619E+02
2024-06-20 00:45:15,2, 0.000000E+00, 3.002277E+02, 3.006640E+02, 0.000000E+00, 1.035697E+01, 3.084489E+02, 3.008421E+02, 2.999871E+02, 3.008159E+02, 3.005714E+02
2024-06-20 01:00:15,2, 0.000000E+00, 2.999322E+02, 3.003499E+02, 0.000000E+00, 9.326857E+00, 3.080822E+02, 3.005231E+02, 2.996642E+02, 3.004857E+02, 3.002384E+02
2024-06-20 01:15:15,2, 0.000000E+00, 2.996852E+02, 3.000789E+02, 0.000000E+00, 9.792846E+00, 3.077485E+02, 3.002454E+02, 2.993784E+02, 3.002034E+02, 2.999549E+02
2024-06-20 01:30:15,2, 0.000000E+00, 2.994382E+02, 2.998182E+02, 0.000000E+00, 1.094011E+01, 3.074366E+02, 2.999855E+02, 2.991272E+02, 2.999386E+02, 2.996921E+02
2024-06-20 01:45:15,2, 0.000000E+00, 2.991913E+02, 2.995615E+02, 0.000000E+00, 1.153730E+01, 3.071422E+02, 2.997306E+02, 2.988798E+02, 2.996794E+02, 2.994347E+02
2024-06-20 02:00:15,2, 0.000000E+00, 2.989452E+02, 2.993075E+02, 0.000000E+00, 1.170772E+01, 3.068624E+02, 2.994788E+02, 2.986343E+02, 2.994229E+02, 2.991798E+02
2024-06-20 02:15:15,2, 0.000000E+00, 2.987546E+02, 2.990925E+02, 0.000000E+00, 1.084158E+01, 3.065998E+02, 2.992785E+02, 2.984442E+02, 2.992015E+02, 2.989610E+02
2024-06-20 02:30:15,2, 0.000000E+00, 2.985640E+02, 2.989048E+02, 0.000000E+00, 1.214863E+01, 3.063522E+02, 2.991068E+02, 2.982934E+02, 2.990140E+02, 2.987790E+02
2024-06-20 02:45:15,2, 0.000000E+00, 2.983734E+02, 2.987252E+02, 0.000000E+00, 1.311470E+01, 3.061165E+02, 2.989423E+02, 2.981498E+02, 2.988365E+02, 2.986072E+02
2024-06-20 03:00:15,2, 0.000000E+00, 2.981832E+02, 2.985483E+02, 0.000000E+00, 1.343034E+01, 3.058909E+02, 2.987802E+02, 2.980065E+02, 2.986624E+02, 2.984384E+02
2024-06-20 03:15:15,2, 0.000000E+00, 2.980160E+02, 2.983773E+02, 0.000000E+00, 1.189819E+01, 3.056759E+02, 2.986001E+02, 2.978197E+02, 2.984878E+02, 2.982635E+02
2024-06-20 03:30:15,2, 0.000000E+00, 2.978489E+02, 2.982087E+02, 0.000000E+00, 1.117646E+01, 3.054710E+02, 2.984231E+02, 2.976358E+02, 2.983158E+02, 2.980903E+02
2024-06-20 03:45:15,2, 0.000000E+00, 2.976817E+02, 2.980409E+02, 0.000000E+00, 1.066915E+01, 3.052746E+02, 2.982477E+02, 2.974522E+02, 2.981449E+02, 2.979178E+02
2024-06-20 04:00:15,2, 0.000000E+00, 2.975156E+02, 2.978737E+02, 0.000000E+00, 1.009417E+01, 3.050857E+02, 2.980747E+02, 2.972724E+02, 2.979749E+02, 2.977463E+02
2024-06-20 04:15:15,2, 0.000000E+00, 2.974127E+02, 2.977421E+02, 0.000000E+00, 8.133111E+00, 3.049060E+02, 2.979580E+02, 2.971712E+02, 2.978387E+02, 2.976129E+02
2024-06-20 04:30:15,2, 0.000000E+00, 2.973098E+02, 2.976403E+02, 0.000000E+00, 8.921135E+00, 3.047419E+02, 2.978673E+02, 2.970953E+02, 2.977363E+02, 2.975145E+02
2024-06-20 04:45:15,2, 0.000000E+00, 2.972069E+02, 2.975472E+02, 0.000000E+00, 9.972823E+00, 3.045877E+02, 2.977881E+02, 2.970398E+02, 2.976458E+02, 2.974302E+02
2024-06-20 05:00:15,2, 0.000000E+00, 2.971030E+02, 2.974568E+02, 0.000000E+00, 1.056977E+01, 3.044417E+02, 2.977108E+02, 2.969840E+02, 2.975587E+02, 2.973491E+02
2024-06-20 05:15:15,2, 0.000000E+00, 2.969336E+02, 2.973195E+02, 0.000000E+00, 1.338435E+01, 3.042972E+02, 2.975708E+02, 2.968519E+02, 2.974303E+02, 2.972239E+02
2024-06-20 05:30:15,2, 0.000000E+00, 2.967642E+02, 2.971523E+02, 0.000000E+00, 1.282930E+01, 3.041459E+02, 2.974010E+02, 2.966806E+02, 2.972640E+02, 2.970574E+02
2024-06-20 05:45:15,2, 0.000000E+00, 2.965949E+02, 2.969803E+02, 0.000000E+00, 1.232509E+01, 3.039920E+02, 2.972267E+02, 2.965039E+02, 2.970910E+02, 2.968838E+02
2024-06-20 06:00:15,2, 0.000000E+00, 2.964253E+02, 2.968069E+02, 0.000000E+00, 1.230699E+01, 3.038373E+02, 2.970514E+02, 2.963262E+02, 2.969166E+02, 2.967087E+02
2024-06-20 06:15:15,2, 0.000000E+00, 2.962425E+02, 2.966108E+02, 0.000000E+00, 2.307497E+01, 3.036793E+02, 2.968503E+02, 2.961262E+02, 2.967223E+02, 2.965149E+02
2024-06-20 06:30:15,2, 0.000000E+00, 2.960597E+02, 2.964090E+02, 0.000000E+00, 2.663143E+01, 3.035193E+02, 2.966396E+02, 2.959106E+02, 2.965187E+02, 2.963097E+02
2024-06-20 06:45:15,2, 0.000000E+00, 2.958770E+02, 2.962093E+02, 0.000000E+00, 2.797934E+01, 3.033589E+02, 2.964293E+02, 2.956948E+02, 2.963170E+02, 2.961062E+02
2024-06-20 07:00:15,2, 0.000000E+00, 2.956953E+02, 2.960104E+02, 0.000000E+00, 2.799887E+01, 3.031989E+02, 2.962193E+02, 2.954788E+02, 2.961162E+02, 2.959035E+02
2024-06-20 07:15:15,2, 0.000000E+00, 2.955772E+02, 2.958590E+02, 0.000000E+00, 1.339402E+01, 3.030476E+02, 2.960645E+02, 2.953075E+02, 2.959564E+02, 2.957391E+02
2024-06-20 07:30:15,2, 0.000000E+00, 2.954591E+02, 2.957375E+02, 0.000000E+00, 1.006813E+01, 3.029059E+02, 2.959420E+02, 2.951802E+02, 2.958323E+02, 2.956138E+02
2024-06-20 07:45:15,2, 0.000000E+00, 2.953411E+02, 2.956239E+02, 0.000000E+00, 8.857461E+00, 3.027702E+02, 2.958284E+02, 2.950652E+02, 2.957175E+02, 2.954989E+02
2024-06-20 08:00:15,2, 0.000000E+00, 2.952232E+02, 2.955135E+02, 0.000000E+00, 8.313527E+00, 3.026389E+02, 2.957188E+02, 2.949552E+02, 2.956065E+02, 2.953881E+02
2024-06-20 08:15:15,2, 0.000000E+00, 2.951157E+02, 2.954083E+02, 0.000000E+00, 7.753019E+00, 3.025116E+02, 2.956163E+02, 2.948550E+02, 2.955005E+02, 2.952828E+02
2024-06-20 08:30:15,2, 0.000000E+00, 2.950083E+02, 2.953076E+02, 0.000000E+00, 7.631268E+00, 3.023875E+02, 2.955187E+02, 2.947613E+02, 2.953997E+02, 2.951831E+02
2024-06-20 08:45:15,2, 0.000000E+00, 2.949009E+02, 2.952087E+02, 0.000000E+00, 7.624727E+00, 3.022662E+02, 2.954231E+02, 2.946702E+02, 2.953011E+02, 2.950859E+02
2024-06-20 09:00:15,2, 0.000000E+00, 2.947944E+02, 2.951105E+02, 0.000000E+00, 7.556125E+00, 3.021474E+02, 2.953283E+02, 2.945798E+02, 2.952034E+02, 2.949895E+02
2024-06-20 09:15:15,2, 0.000000E+00, 2.947378E+02, 2.950279E+02, 0.000000E+00, 5.378033E+00, 3.020339E+02, 2.952414E+02, 2.944874E+02, 2.951161E+02, 2.949008E+02
2024-06-20 09:30:15,2, 0.000000E+00, 2.946811E+02, 2.949554E+02, 0.000000E+00, 5.126323E+00, 3.019238E+02, 2.951671E+02, 2.944167E+02, 2.950415E+02, 2.948271E+02
2024-06-20 09:45:15,2, 0.000000E+00, 2.946245E+02, 2.948867E+02, 0.000000E+00, 4.972267E+00, 3.018158E+02, 2.950962E+02, 2.943492E+02, 2.949713E+02, 2.947578E+02
2024-06-20 10:00:15,2, 4.059373E+01, 2.945720E+02, 2.948293E+02, 4.575233E+00, 4.812571E+00, 3.017125E+02, 2.951784E+02, 2.945613E+02, 2.949461E+02, 2.947526E+02
2024-06-20 10:15:15,2, 6.433714E+01, 2.947631E+02, 2.952320E+02, 6.575489E+00, 8.296335E+00, 3.017083E+02, 2.957391E+02, 2.952621E+02, 2.955508E+02, 2.955472E+02
2024-06-20 10:30:15,2, 8.844274E+01, 2.949543E+02, 2.955233E+02, 8.101436E+00, 7.433136E+00, 3.017315E+02, 2.961125E+02, 2.957120E+02, 2.959616E+02, 2.960008E+02
2024-06-20 10:45:15,2, 1.128073E+02, 2.951454E+02, 2.957950E+02, 9.291952E+00, 9.729866E+00, 3.017898E+02, 2.964944E+02, 2.961762E+02, 2.963502E+02, 2.964409E+02
2024-06-20 11:00:15,2, 1.831753E+02, 2.953421E+02, 2.960719E+02, 1.118717E+01, 1.335810E+01, 3.018840E+02, 2.970762E+02, 2.970810E+02, 2.967863E+02, 2.969730E+02
2024-06-20 11:15:15,2, 2.159469E+02, 2.958676E+02, 2.967422E+02, 1.179713E+01, 1.689458E+01, 3.020799E+02, 2.979565E+02, 2.981038E+02, 2.977375E+02, 2.981172E+02
2024-06-20 11:30:15,2, 2.486444E+02, 2.963931E+02, 2.973313E+02, 1.207137E+01, 2.137333E+01, 3.023232E+02, 2.986721E+02, 2.988975E+02, 2.984776E+02, 2.989043E+02
2024-06-20 11:45:15,2, 2.811278E+02, 2.969186E+02, 2.979176E+02, 1.218017E+01, 2.605444E+01, 3.026107E+02, 2.993827E+02, 2.996676E+02, 2.992015E+02, 2.996562E+02
2024-06-20 12:00:15,2, 3.290731E+02, 2.974422E+02, 2.985045E+02, 1.224473E+01, 3.133216E+01, 3.029406E+02, 3.001530E+02, 3.005362E+02, 2.999353E+02, 3.004191E+02
2024-06-20 12:15:15,2, 3.623098E+02, 2.978507E+02, 2.990277E+02, 1.203341E+01, 5.235358E+01, 3.033426E+02, 3.008717E+02, 3.013246E+02, 3.006746E+02, 3.012074E+02
2024-06-20 12:30:15,2, 3.948886E+02, 2.982592E+02, 2.995012E+02, 1.177718E+01, 5.779696E+01, 3.037781E+02, 3.015043E+02, 3.020185E+02, 3.012908E+02, 3.018453E+02
2024-06-20 12:45:15,2, 4.266699E+02, 2.986677E+02, 2.999735E+02, 1.146543E+01, 6.201762E+01, 3.042443E+02, 3.021360E+02, 3.027134E+02, 3.018989E+02, 3.024735E+02
2024-06-20 13:00:15,2, 5.216864E+02, 2.990762E+02, 3.004570E+02, 1.117165E+01, 6.673467E+01, 3.047439E+02, 3.029952E+02, 3.037099E+02, 3.025646E+02, 3.031547E+02
2024-06-20 13:15:15,2, 5.556457E+02, 2.994891E+02, 3.010397E+02, 1.038814E+01, 8.536388E+01, 3.054454E+02, 3.038835E+02, 3.046492E+02, 3.034854E+02, 3.041066E+02
2024-06-20 13:30:15,2, 5.882445E+02, 2.999019E+02, 3.015166E+02, 9.872146E+00, 8.836239E+01, 3.061453E+02, 3.045249E+02, 3.053309E+02, 3.040931E+02, 3.047158E+02
2024-06-20 13:45:15,2, 6.193432E+02, 3.003147E+02, 3.019923E+02, 9.355273E+00, 9.072142E+01, 3.068467E+02, 3.051652E+02, 3.060134E+02, 3.046894E+02, 3.053132E+02
2024-06-20 14:00:15,2, 6.787976E+02, 3.007250E+02, 3.024665E+02, 8.842536E+00, 9.201079E+01, 3.075512E+02, 3.059004E+02, 3.068063E+02, 3.053005E+02, 3.059209E+02
2024-06-20 14:15:15,2, 7.077842E+02, 3.009840E+02, 3.028716E+02, 8.187919E+00, 8.418292E+01, 3.083512E+02, 3.066096E+02, 3.075529E+02, 3.059227E+02, 3.065444E+02
2024-06-20 14:30:15,2, 7.348060E+02, 3.012430E+02, 3.032053E+02, 7.741393E+00, 8.347276E+01, 3.091370E+02, 3.071737E+02, 3.081495E+02, 3.063670E+02, 3.069892E+02
2024-06-20 14:45:15,2, 7.597472E+02, 3.015020E+02, 3.035353E+02, 7.306510E+00, 8.265248E+01, 3.099090E+02, 3.077281E+02, 3.087343E+02, 3.067972E+02, 3.074202E+02
2024-06-20 15:00:15,2, 7.641361E+02, 3.017603E+02, 3.038594E+02, 6.881598E+00, 8.189394E+01, 3.106633E+02, 3.082156E+02, 3.092492E+02, 3.071999E+02, 3.078293E+02
2024-06-20 15:15:15,2, 7.841247E+02, 3.019743E+02, 3.041218E+02, 6.603471E+00, 8.843099E+01, 3.113392E+02, 3.086359E+02, 3.097088E+02, 3.075039E+02, 3.081418E+02
2024-06-20 15:30:15,2, 8.017965E+02, 3.021884E+02, 3.044117E+02, 6.230931E+00, 8.712847E+01, 3.120209E+02, 3.091215E+02, 3.102242E+02, 3.078682E+02, 3.085094E+02
2024-06-20 15:45:15,2, 8.170759E+02, 3.024024E+02, 3.047057E+02, 5.878103E+00, 8.542101E+01, 3.126996E+02, 3.095994E+02, 3.107256E+02, 3.082277E+02, 3.088715E+02
2024-06-20 16:00:15,2, 7.320867E+02, 3.026127E+02, 3.049908E+02, 5.538768E+00, 8.290805E+01, 3.133557E+02, 3.097662E+02, 3.109126E+02, 3.084984E+02, 3.091689E+02
2024-06-20 16:15:15,2, 7.411804E+02, 3.026006E+02, 3.048725E+02, 5.964480E+00, 8.166411E+01, 3.136563E+02, 3.095010E+02, 3.107043E+02, 3.082196E+02, 3.089258E+02
2024-06-20 16:30:15,2, 7.480185E+02, 3.025885E+02, 3.049006E+02, 5.849705E+00, 8.089409E+01, 3.139920E+02, 3.096454E+02, 3.108649E+02, 3.082820E+02, 3.089920E+02
2024-06-20 16:45:15,2, 7.525717E+02, 3.025764E+02, 3.049245E+02, 5.762162E+00, 8.031630E+01, 3.143439E+02, 3.097688E+02, 3.109945E+02, 3.083377E+02, 3.090499E+02
2024-06-20 17:00:15,2, 7.949622E+02, 3.025626E+02, 3.049466E+02, 5.699301E+00, 7.975576E+01, 3.147003E+02, 3.099922E+02, 3.112176E+02, 3.084132E+02, 3.091160E+02
2024-06-20 17:15:15,2, 7.948937E+02, 3.024496E+02, 3.048731E+02, 5.530679E+00, 7.319069E+01, 3.151688E+02, 3.101197E+02, 3.112952E+02, 3.084845E+02, 3.091765E+02
2024-06-20 17:30:15,2, 7.923883E+02, 3.023366E+02, 3.047375E+02, 5.605778E+00, 7.329505E+01, 3.156288E+02, 3.100443E+02, 3.111806E+02, 3.083581E+02, 3.090428E+02
2024-06-20 17:45:15,2, 7.874570E+02, 3.022236E+02, 3.046252E+02, 5.677920E+00, 7.360793E+01, 3.160736E+02, 3.099663E+02, 3.110470E+02, 3.082441E+02, 3.089156E+02
2024-06-20 18:00:15,2, 7.783747E+02, 3.021196E+02, 3.045206E+02, 5.821115E+00, 7.706780E+01, 3.164919E+02, 3.098178E+02, 3.107140E+02, 3.080946E+02, 3.086602E+02
2024-06-20 18:15:15,2, 7.686867E+02, 3.025467E+02, 3.048532E+02, 5.619740E+00, 1.120567E+02, 3.169230E+02, 3.100770E+02, 3.109833E+02, 3.083256E+02, 3.088787E+02
2024-06-20 18:30:15,2, 7.566720E+02, 3.029738E+02, 3.052569E+02, 5.349614E+00, 1.119582E+02, 3.175564E+02, 3.104327E+02, 3.113531E+02, 3.087006E+02, 3.092790E+02
2024-06-20 18:45:15,2, 7.423820E+02, 3.034009E+02, 3.056621E+02, 5.098541E+00, 1.114465E+02, 3.183128E+02, 3.107927E+02, 3.117061E+02, 3.090741E+02, 3.096756E+02
2024-06-20 19:00:15,2, 7.273366E+02, 3.038212E+02, 3.060656E+02, 4.891094E+00, 1.094017E+02, 3.191156E+02, 3.111270E+02, 3.119673E+02, 3.094270E+02, 3.100088E+02
2024-06-20 19:15:15,2, 7.086517E+02, 3.038377E+02, 3.061255E+02, 4.940729E+00, 8.152590E+01, 3.196562E+02, 3.110864E+02, 3.117452E+02, 3.094709E+02, 3.099827E+02
2024-06-20 19:30:15,2, 6.878991E+02, 3.038542E+02, 3.061151E+02, 5.109843E+00, 8.312872E+01, 3.197197E+02, 3.108698E+02, 3.113327E+02, 3.093541E+02, 3.097372E+02
2024-06-20 19:45:15,2, 6.651677E+02, 3.038707E+02, 3.060951E+02, 5.297446E+00, 8.504487E+01, 3.195722E+02, 3.106080E+02, 3.109433E+02, 3.092173E+02, 3.095101E+02
2024-06-20 20:00:15,2, 6.545261E+02, 3.038869E+02, 3.060684E+02, 5.508943E+00, 8.703737E+01, 3.193326E+02, 3.103540E+02, 3.106102E+02, 3.090681E+02, 3.093043E+02
2024-06-20 20:15:15,2, 6.275616E+02, 3.038860E+02, 3.060285E+02, 5.677243E+00, 8.815378E+01, 3.190893E+02, 3.100709E+02, 3.102452E+02, 3.089378E+02, 3.091324E+02
2024-06-20 20:30:15,2, 5.988977E+02, 3.038851E+02, 3.059564E+02, 5.947469E+00, 9.011839E+01, 3.188088E+02, 3.096965E+02, 3.098098E+02, 3.087276E+02, 3.088952E+02
2024-06-20 20:45:15,2, 5.686572E+02, 3.038842E+02, 3.058776E+02, 6.225267E+00, 9.191159E+01, 3.184996E+02, 3.093116E+02, 3.093768E+02, 3.085057E+02, 3.086563E+02
2024-06-20 21:00:15,2, 4.875029E+02, 3.038755E+02, 3.057804E+02, 6.497643E+00, 9.300055E+01, 3.181591E+02, 3.087441E+02, 3.087347E+02, 3.082242E+02, 3.083714E+02
2024-06-20 21:15:15,2, 4.575438E+02, 3.034061E+02, 3.052009E+02, 7.262774E+00, 8.841703E+01, 3.176693E+02, 3.078875E+02, 3.078546E+02, 3.075113E+02, 3.076683E+02
2024-06-20 21:30:15,2, 4.265224E+02, 3.029366E+02, 3.046510E+02, 7.737571E+00, 8.826923E+01, 3.171903E+02, 3.072058E+02, 3.071590E+02, 3.069035E+02, 3.070887E+02
2024-06-20 21:45:15,2, 3.945715E+02, 3.024672E+02, 3.040990E+02, 8.197407E+00, 8.732940E+01, 3.167128E+02, 3.065279E+02, 3.064727E+02, 3.062866E+02, 3.065176E+02
2024-06-20 22:00:15,2, 2.946679E+02, 3.019979E+02, 3.035294E+02, 8.487633E+00, 8.353132E+01, 3.162258E+02, 3.055815E+02, 3.053706E+02, 3.055813E+02, 3.058822E+02
2024-06-20 22:15:15,2, 2.674707E+02, 3.015389E+02, 3.028591E+02, 9.272622E+00, 5.295695E+01, 3.156074E+02, 3.046210E+02, 3.042862E+02, 3.045766E+02, 3.048447E+02
2024-06-20 22:30:15,2, 2.398585E+02, 3.010799E+02, 3.023337E+02, 9.567275E+00, 4.628392E+01, 3.150631E+02, 3.040142E+02, 3.036158E+02, 3.039355E+02, 3.042245E+02
2024-06-20 22:45:15,2, 2.119497E+02, 3.006209E+02, 3.018247E+02, 9.763966E+00, 3.917370E+01, 3.145610E+02, 3.034287E+02, 3.029466E+02, 3.032914E+02, 3.035525E+02
2024-06-20 23:00:15,2, 1.485782E+02, 3.001656E+02, 3.013178E+02, 9.176704E+00, 3.206222E+01, 3.140722E+02, 3.027314E+02, 3.020204E+02, 3.026168E+02, 3.028285E+02
2024-06-20 23:15:15,2, 1.258363E+02, 2.999339E+02, 3.009031E+02, 8.961923E+00, 4.562480E+01, 3.135936E+02, 3.021495E+02, 3.013156E+02, 3.019135E+02, 3.020021E+02
2024-06-20 23:30:15,2, 1.031458E+02, 2.997022E+02, 3.006240E+02, 8.218772E+00, 4.133106E+01, 3.134137E+02, 3.018033E+02, 3.008902E+02, 3.015135E+02, 3.015577E+02
2024-06-20 23:45:15,2, 8.060395E+01, 2.994705E+02, 3.003595E+02, 7.081384E+00, 3.481911E+01, 3.134302E+02, 3.015040E+02, 3.005117E+02, 3.011385E+02, 3.011309E+02
2024-06-21 00:00:15,1, 4.269647E+01, 2.992389E+02, 3.001020E+02, 4.249585E+00, 2.772151E+01, 3.135509E+02, 3.011663E+02, 3.000227E+02, 3.007626E+02, 3.007020E+02
2024-06-21 00:15:15,1, 2.670020E+01, 2.990171E+02, 2.998323E+02, 2.809172E+00, 2.872709E+01, 3.135160E+02, 3.008849E+02, 2.996870E+02, 3.003273E+02, 3.001110E+02
2024-06-21 00:30:15,1, 1.101949E+01, 2.987954E+02, 2.995891E+02, 1.233808E+00, 2.353241E+01, 3.131902E+02, 3.006040E+02, 2.994240E+02, 2.999985E+02, 2.997186E+02
2024-06-21 00:45:15,1, 0.000000E+00, 2.985736E+02, 2.993252E+02, 0.000000E+00, 1.989373E+01, 3.127512E+02, 3.002533E+02, 2.990729E+02, 2.996661E+02, 2.993348E+02
2024-06-21 01:00:15,1, 0.000000E+00, 2.983517E+02, 2.990964E+02, 0.000000E+00, 1.950446E+01, 3.122974E+02, 3.000196E+02, 2.988683E+02, 2.994266E+02, 2.990994E+02
2024-06-21 01:15:15,1, 0.000000E+00, 2.981207E+02, 2.988564E+02, 0.000000E+00, 1.934329E+01, 3.119460E+02, 2.997482E+02, 2.985924E+02, 2.991792E+02, 2.988527E+02
2024-06-21 01:30:15,1, 0.000000E+00, 2.978896E+02, 2.986251E+02, 0.000000E+00, 1.946567E+01, 3.118096E+02, 2.995120E+02, 2.983468E+02, 2.989418E+02, 2.986101E+02
2024-06-21 01:45:15,1, 0.000000E+00, 2.976586E+02, 2.983992E+02, 0.000000E+00, 1.972308E+01, 3.117766E+02, 2.992933E+02, 2.981118E+02, 2.987155E+02, 2.983775E+02
2024-06-21 02:00:15,1, 0.000000E+00, 2.974278E+02, 2.981751E+02, 0.000000E+00, 1.989283E+01, 3.117855E+02, 2.990796E+02, 2.978802E+02, 2.984925E+02, 2.981482E+02
2024-06-21 02:15:15,1, 0.000000E+00, 2.972086E+02, 2.979616E+02, 0.000000E+00, 1.591312E+01, 3.116738E+02, 2.988821E+02, 2.976753E+02, 2.982811E+02, 2.979343E+02
2024-06-21 02:30:15,1, 0.000000E+00, 2.969894E+02, 2.977401E+02, 0.000000E+00, 1.474692E+01, 3.113500E+02, 2.986521E+02, 2.974506E+02, 2.980576E+02, 2.977126E+02
2024-06-21 02:45:15,1, 0.000000E+00, 2.967701E+02, 2.975136E+02, 0.000000E+00, 1.409253E+01, 3.109633E+02, 2.984092E+02, 2.972173E+02, 2.978254E+02, 2.974837E+02
2024-06-21 03:00:15,1, 0.000000E+00, 2.965523E+02, 2.972864E+02, 0.000000E+00, 1.363419E+01, 3.105757E+02, 2.981651E+02, 2.969829E+02, 2.975916E+02, 2.972532E+02
2024-06-21 03:15:15,1, 0.000000E+00, 2.964172E+02, 2.971182E+02, 0.000000E+00, 1.502034E+01, 3.101779E+02, 2.979690E+02, 2.968019E+02, 2.974043E+02, 2.970687E+02
2024-06-21 03:30:15,1, 0.000000E+00, 2.962820E+02, 2.969670E+02, 0.000000E+00, 1.509206E+01, 3.097402E+02, 2.977824E+02, 2.966327E+02, 2.972417E+02, 2.969110E+02
2024-06-21 03:45:15,1, 0.000000E+00, 2.961468E+02, 2.968164E+02, 0.000000E+00, 1.485705E+01, 3.093073E+02, 2.975966E+02, 2.964641E+02, 2.970803E+02, 2.967546E+02
2024-06-21 04:00:15,1, 0.000000E+00, 2.960111E+02, 2.966664E+02, 0.000000E+00, 1.457701E+01, 3.088956E+02, 2.974135E+02, 2.962976E+02, 2.969201E+02, 2.965991E+02
2024-06-21 04:15:15,1, 0.000000E+00, 2.958451E+02, 2.965017E+02, 0.000000E+00, 1.334965E+01, 3.085096E+02, 2.972334E+02, 2.961393E+02, 2.967522E+02, 2.964377E+02
2024-06-21 04:30:15,1, 0.000000E+00, 2.956791E+02, 2.963323E+02, 0.000000E+00, 1.287922E+01, 3.081487E+02, 2.970528E+02, 2.959790E+02, 2.965789E+02, 2.962703E+02
2024-06-21 04:45:15,1, 0.000000E+00, 2.955130E+02, 2.961637E+02, 0.000000E+00, 1.262860E+01, 3.078104E+02, 2.968756E+02, 2.958205E+02, 2.964067E+02, 2.961037E+02
2024-06-21 05:00:15,1, 0.000000E+00, 2.953477E+02, 2.959960E+02, 0.000000E+00, 1.242122E+01, 3.074919E+02, 2.967014E+02, 2.956637E+02, 2.962360E+02, 2.959382E+02
2024-06-21 05:15:15,1, 0.000000E+00, 2.952284E+02, 2.958565E+02, 0.000000E+00, 1.203663E+01, 3.071911E+02, 2.965421E+02, 2.955141E+02, 2.960859E+02, 2.957908E+02
2024-06-21 05:30:15,1, 0.000000E+00, 2.951090E+02, 2.957270E+02, 0.000000E+00, 1.192898E+01, 3.069058E+02, 2.963929E+02, 2.953739E+02, 2.959498E+02, 2.956574E+02
2024-06-21 05:45:15,1, 0.000000E+00, 2.949896E+02, 2.955986E+02, 0.000000E+00, 1.181073E+01, 3.066342E+02, 2.962462E+02, 2.952354E+02, 2.958156E+02, 2.955257E+02
2024-06-21 06:00:15,1, 0.000000E+00, 2.948723E+02, 2.954709E+02, 0.000000E+00, 1.150433E+01, 3.063747E+02, 2.961018E+02, 2.950984E+02, 2.956827E+02, 2.953949E+02
2024-06-21 06:15:15,1, 0.000000E+00, 2.948767E+02, 2.954297E+02, 0.000000E+00, 6.874361E+00, 3.061312E+02, 2.960304E+02, 2.950301E+02, 2.956181E+02, 2.953299E+02
2024-06-21 06:30:15,1, 0.000000E+00, 2.948811E+02, 2.954182E+02, 0.000000E+00, 5.884454E+00, 3.059044E+02, 2.959858E+02, 2.949886E+02, 2.955956E+02, 2.953084E+02
2024-06-21 06:45:15,1, 0.000000E+00, 2.948855E+02, 2.954083E+02, 0.000000E+00, 5.469818E+00, 3.056918E+02, 2.959438E+02, 2.949472E+02, 2.955764E+02, 2.952895E+02
2024-06-21 07:00:15,1, 0.000000E+00, 2.948907E+02, 2.953991E+02, 0.000000E+00, 5.134524E+00, 3.054920E+02, 2.959039E+02, 2.949068E+02, 2.955581E+02, 2.952709E+02
2024-06-21 07:15:15,1, 0.000000E+00, 2.949387E+02, 2.954275E+02, 0.000000E+00, 3.823695E+00, 3.053056E+02, 2.959150E+02, 2.949371E+02, 2.955738E+02, 2.952902E+02
2024-06-21 07:30:15,1, 0.000000E+00, 2.949867E+02, 2.954693E+02, 0.000000E+00, 3.522160E+00, 3.051301E+02, 2.959398E+02, 2.949802E+02, 2.956103E+02, 2.953318E+02
2024-06-21 07:45:15,1, 0.000000E+00, 2.950347E+02, 2.955118E+02, 0.000000E+00, 3.373485E+00, 3.049640E+02, 2.959665E+02, 2.950247E+02, 2.956485E+02, 2.953751E+02
2024-06-21 08:00:15,1, 0.000000E+00, 2.950768E+02, 2.955541E+02, 0.000000E+00, 3.632079E+00, 3.048065E+02, 2.959946E+02, 2.950703E+02, 2.956873E+02, 2.954190E+02
2024-06-21 08:15:15,1, 0.000000E+00, 2.947641E+02, 2.953543E+02, 0.000000E+00, 1.270569E+01, 3.046482E+02, 2.958558E+02, 2.949595E+02, 2.955468E+02, 2.952940E+02
2024-06-21 08:30:15,1, 0.000000E+00, 2.944514E+02, 2.950773E+02, 0.000000E+00, 1.423105E+01, 3.044906E+02, 2.956489E+02, 2.947835E+02, 2.952921E+02, 2.950497E+02
2024-06-21 08:45:15,1, 0.000000E+00, 2.941387E+02, 2.947974E+02, 0.000000E+00, 1.443010E+01, 3.043354E+02, 2.954396E+02, 2.946060E+02, 2.950316E+02, 2.947991E+02
2024-06-21 09:00:15,1, 0.000000E+00, 2.938304E+02, 2.945171E+02, 0.000000E+00, 1.402959E+01, 3.041828E+02, 2.952299E+02, 2.944295E+02, 2.947705E+02, 2.945486E+02
2024-06-21 09:15:15,1, 0.000000E+00, 2.937774E+02, 2.944128E+02, 0.000000E+00, 7.629014E+00, 3.040351E+02, 2.951271E+02, 2.943380E+02, 2.946371E+02, 2.944128E+02
2024-06-21 09:30:15,1, 0.000000E+00, 2.937243E+02, 2.943580E+02, 0.000000E+00, 6.643706E+00, 3.038927E+02, 2.950680E+02, 2.942883E+02, 2.945792E+02, 2.943568E+02
2024-06-21 09:45:15,1, 0.000000E+00, 2.936713E+02, 2.943043E+02, 0.000000E+00, 6.376434E+00, 3.037549E+02, 2.950104E+02, 2.942397E+02, 2.945241E+02, 2.943044E+02
2024-06-21 10:00:15,1, 3.155551E+01, 2.936249E+02, 2.942580E+02, 3.568552E+00, 6.149080E+00, 3.036233E+02, 2.950787E+02, 2.944184E+02, 2.945040E+02, 2.943000E+02
2024-06-21 10:15:15,1, 5.017105E+01, 2.939686E+02, 2.946335E+02, 5.283859E+00, 4.012750E+00, 3.035789E+02, 2.955871E+02, 2.950471E+02, 2.950291E+02, 2.949650E+02
2024-06-21 10:30:15,1, 6.907181E+01, 2.943123E+02, 2.950178E+02, 6.774236E+00, 7.371936E+00, 3.035702E+02, 2.960250E+02, 2.955615E+02, 2.955044E+02, 2.955005E+02
2024-06-21 10:45:15,1, 8.817685E+01, 2.946560E+02, 2.954011E+02, 8.021258E+00, 1.219559E+01, 3.035932E+02, 2.964680E+02, 2.960787E+02, 2.959793E+02, 2.960300E+02
2024-06-21 11:00:15,1, 1.574549E+02, 2.950013E+02, 2.957971E+02, 1.069097E+01, 1.767849E+01, 3.036473E+02, 2.971229E+02, 2.970410E+02, 2.965106E+02, 2.966431E+02
2024-06-21 11:15:15,1, 1.857013E+02, 2.954397E+02, 2.963931E+02, 1.135236E+01, 3.242360E+01, 3.038070E+02, 2.978783E+02, 2.979215E+02, 2.974168E+02, 2.977511E+02
2024-06-21 11:30:15,1, 2.138856E+02, 2.958781E+02, 2.968705E+02, 1.166515E+01, 3.808380E+01, 3.039904E+02, 2.984188E+02, 2.985294E+02, 2.980165E+02, 2.983909E+02
2024-06-21 11:45:15,1, 2.418871E+02, 2.963165E+02, 2.973463E+02, 1.181059E+01, 4.302480E+01, 3.041981E+02, 2.989598E+02, 2.991290E+02, 2.986065E+02, 2.990145E+02
2024-06-21 12:00:15,1, 3.158887E+02, 2.967550E+02, 2.978322E+02, 1.210782E+01, 4.829766E+01, 3.044332E+02, 2.996938E+02, 3.000622E+02, 2.992434E+02, 2.996963E+02
2024-06-21 12:15:15,1, 3.478512E+02, 2.972007E+02, 2.984200E+02, 1.182070E+01, 6.491577E+01, 3.047873E+02, 3.004715E+02, 3.009205E+02, 3.001287E+02, 3.006849E+02
2024-06-21 12:30:15,1, 3.791832E+02, 2.976465E+02, 2.989083E+02, 1.157739E+01, 6.955438E+01, 3.051624E+02, 3.010489E+02, 3.015429E+02, 3.007428E+02, 3.013179E+02
2024-06-21 12:45:15,1, 4.097504E+02, 2.980923E+02, 2.993947E+02, 1.131439E+01, 7.375349E+01, 3.055578E+02, 3.016234E+02, 3.021623E+02, 3.013470E+02, 3.019393E+02
2024-06-21 13:00:15,1, 5.147378E+02, 2.985361E+02, 2.998944E+02, 1.110408E+01, 7.813392E+01, 3.059789E+02, 3.024711E+02, 3.031614E+02, 3.020214E+02, 3.026297E+02
2024-06-21 13:15:15,1, 5.482972E+02, 2.988634E+02, 3.004338E+02, 1.040373E+01, 8.620930E+01, 3.066222E+02, 3.033498E+02, 3.041018E+02, 3.029475E+02, 3.036099E+02
2024-06-21 13:30:15,1, 5.805148E+02, 2.991908E+02, 3.008286E+02, 9.999746E+00, 8.811556E+01, 3.072651E+02, 3.039223E+02, 3.047132E+02, 3.034732E+02, 3.041394E+02
2024-06-21 13:45:15,1, 6.112529E+02, 2.995181E+02, 3.012217E+02, 9.604955E+00, 8.998348E+01, 3.079093E+02, 3.044886E+02, 3.053182E+02, 3.039859E+02, 3.046556E+02
2024-06-21 14:00:15,1, 5.797432E+02, 2.998431E+02, 3.016055E+02, 9.180709E+00, 9.113582E+01, 3.085479E+02, 3.048542E+02, 3.056886E+02, 3.044360E+02, 3.051190E+02
2024-06-21 14:15:15,1, 6.045404E+02, 3.000264E+02, 3.017811E+02, 9.142650E+00, 9.037611E+01, 3.090098E+02, 3.050948E+02, 3.060035E+02, 3.045649E+02, 3.052604E+02
2024-06-21 14:30:15,1, 6.276599E+02, 3.002096E+02, 3.020364E+02, 8.809050E+00, 9.123688E+01, 3.095258E+02, 3.055542E+02, 3.065373E+02, 3.049222E+02, 3.056340E+02
2024-06-21 14:45:15,1, 6.490026E+02, 3.003929E+02, 3.022903E+02, 8.470923E+00, 9.159299E+01, 3.100741E+02, 3.060094E+02, 3.070623E+02, 3.052737E+02, 3.060005E+02
2024-06-21 15:00:15,1, 7.424917E+02, 3.005773E+02, 3.025533E+02, 8.146931E+00, 9.190417E+01, 3.106472E+02, 3.066899E+02, 3.078298E+02, 3.056827E+02, 3.064091E+02
2024-06-21 15:15:15,1, 7.619548E+02, 3.008272E+02, 3.029836E+02, 7.374628E+00, 9.066416E+01, 3.114555E+02, 3.074747E+02, 3.086229E+02, 3.063821E+02, 3.071021E+02
2024-06-21 15:30:15,1, 7.791669E+02, 3.010771E+02, 3.032767E+02, 7.046046E+00, 8.990190E+01, 3.121975E+02, 3.079261E+02, 3.090811E+02, 3.067504E+02, 3.074705E+02
2024-06-21 15:45:15,1, 7.940543E+02, 3.013269E+02, 3.035619E+02, 6.732595E+00, 8.897389E+01, 3.128866E+02, 3.083545E+02, 3.095141E+02, 3.070965E+02, 3.078159E+02
2024-06-21 16:00:15,1, 7.288858E+02, 3.015748E+02, 3.038296E+02, 6.430169E+00, 8.815382E+01, 3.135225E+02, 3.085228E+02, 3.096747E+02, 3.073597E+02, 3.080954E+02
2024-06-21 16:15:15,1, 7.379743E+02, 3.017022E+02, 3.038658E+02, 6.653700E+00, 9.718998E+01, 3.138630E+02, 3.084740E+02, 3.096850E+02, 3.072620E+02, 3.080196E+02
2024-06-21 16:30:15,1, 7.448171E+02, 3.018297E+02, 3.040211E+02, 6.440216E+00, 9.669502E+01, 3.142076E+02, 3.087385E+02, 3.099863E+02, 3.074525E+02, 3.082159E+02
2024-06-21 16:45:15,1, 7.493849E+02, 3.019571E+02, 3.041782E+02, 6.270118E+00, 9.620514E+01, 3.145498E+02, 3.089667E+02, 3.101899E+02, 3.076285E+02, 3.083662E+02
2024-06-21 17:00:15,1, 7.497375E+02, 3.020831E+02, 3.043320E+02, 6.134938E+00, 9.538849E+01, 3.148822E+02, 3.091509E+02, 3.102983E+02, 3.077763E+02, 3.084428E+02
2024-06-21 17:15:15,1, 7.497065E+02, 3.021205E+02, 3.044021E+02, 6.109570E+00, 8.610217E+01, 3.151889E+02, 3.092126E+02, 3.102322E+02, 3.078309E+02, 3.084072E+02
2024-06-21 17:30:15,1, 7.473771E+02, 3.021578E+02, 3.044572E+02, 6.100848E+00, 8.613897E+01, 3.154672E+02, 3.092459E+02, 3.101582E+02, 3.078559E+02, 3.083530E+02
2024-06-21 17:45:15,1, 7.427594E+02, 3.021952E+02, 3.045065E+02, 6.123762E+00, 8.655825E+01, 3.157164E+02, 3.092397E+02, 3.100718E+02, 3.078551E+02, 3.082997E+02
2024-06-21 18:00:15,1, 8.124673E+02, 3.022375E+02, 3.045626E+02, 6.161606E+00, 8.749716E+01, 3.159450E+02, 3.094469E+02, 3.102002E+02, 3.079113E+02, 3.082920E+02
2024-06-21 18:15:15,1, 8.023921E+02, 3.025652E+02, 3.049845E+02, 5.717904E+00, 9.035068E+01, 3.163877E+02, 3.098684E+02, 3.104485E+02, 3.083298E+02, 3.086032E+02
2024-06-21 18:30:15,1, 7.898880E+02, 3.028930E+02, 3.053221E+02, 5.650598E+00, 9.090493E+01, 3.167430E+02, 3.099750E+02, 3.105047E+02, 3.084969E+02, 3.087433E+02
2024-06-21 18:45:15,1, 7.750084E+02, 3.032207E+02, 3.056460E+02, 5.565902E+00, 9.105247E+01, 3.170284E+02, 3.100970E+02, 3.105889E+02, 3.086751E+02, 3.089042E+02
2024-06-21 19:00:15,1, 7.249545E+02, 3.035381E+02, 3.059503E+02, 5.479714E+00, 9.075331E+01, 3.172510E+02, 3.101224E+02, 3.105838E+02, 3.088283E+02, 3.090509E+02
2024-06-21 19:15:15,1, 7.063676E+02, 3.032414E+02, 3.056521E+02, 5.943149E+00, 8.884335E+01, 3.173044E+02, 3.095760E+02, 3.099878E+02, 3.084280E+02, 3.086443E+02
2024-06-21 19:30:15,1, 6.857193E+02, 3.029447E+02, 3.053168E+02, 6.310541E+00, 9.142151E+01, 3.173063E+02, 3.090680E+02, 3.094184E+02, 3.079982E+02, 3.081980E+02
2024-06-21 19:45:15,1, 6.630979E+02, 3.026481E+02, 3.049756E+02, 6.682393E+00, 9.360759E+01, 3.172581E+02, 3.085549E+02, 3.088492E+02, 3.075619E+02, 3.077472E+02
2024-06-21 20:00:15,1, 4.647027E+02, 3.023450E+02, 3.045907E+02, 7.017834E+00, 9.328270E+01, 3.171392E+02, 3.074841E+02, 3.075984E+02, 3.069598E+02, 3.071457E+02
2024-06-21 20:15:15,1, 4.455871E+02, 3.016620E+02, 3.036154E+02, 8.451747E+00, 7.408613E+01, 3.165097E+02, 3.061105E+02, 3.062073E+02, 3.055988E+02, 3.057795E+02
2024-06-21 20:30:15,1, 4.252645E+02, 3.009790E+02, 3.029108E+02, 8.932654E+00, 7.092971E+01, 3.161299E+02, 3.054176E+02, 3.054655E+02, 3.048552E+02, 3.050286E+02
2024-06-21 20:45:15,1, 4.038218E+02, 3.002960E+02, 3.022136E+02, 9.413373E+00, 6.727931E+01, 3.159135E+02, 3.047532E+02, 3.047385E+02, 3.041213E+02, 3.042840E+02
2024-06-21 21:00:15,1, 3.823043E+02, 2.996217E+02, 3.015224E+02, 9.882131E+00, 6.421234E+01, 3.157918E+02, 3.041134E+02, 3.040307E+02, 3.033913E+02, 3.035410E+02
2024-06-21 21:15:15,1, 3.588429E+02, 2.994632E+02, 3.012278E+02, 1.014838E+01, 8.309409E+01, 3.157732E+02, 3.037640E+02, 3.035991E+02, 3.030141E+02, 3.031483E+02
2024-06-21 21:30:15,1, 3.345475E+02, 2.993048E+02, 3.010024E+02, 1.031498E+01, 8.205611E+01, 3.159190E+02, 3.034870E+02, 3.032263E+02, 3.027551E+02, 3.028712E+02
2024-06-21 21:45:15,1, 3.095224E+02, 2.991464E+02, 3.007755E+02, 1.043780E+01, 8.034747E+01, 3.161279E+02, 3.032256E+02, 3.028596E+02, 3.025033E+02, 3.026001E+02
2024-06-21 22:00:15,1, 3.259060E+02, 2.989886E+02, 3.005516E+02, 1.069336E+01, 7.879591E+01, 3.163382E+02, 3.031309E+02, 3.027612E+02, 3.022989E+02, 3.023879E+02
2024-06-21 22:15:15,1, 2.958719E+02, 2.988707E+02, 3.004447E+02, 1.056834E+01, 7.730595E+01, 3.163876E+02, 3.029847E+02, 3.025573E+02, 3.022379E+02, 3.023558E+02
2024-06-21 22:30:15,1, 2.653776E+02, 2.987529E+02, 3.002433E+02, 1.059680E+01, 7.265750E+01, 3.160504E+02, 3.026039E+02, 3.021197E+02, 3.019190E+02, 3.020373E+02
2024-06-21 22:45:15,1, 2.345537E+02, 2.986350E+02, 3.000336E+02, 1.055738E+01, 6.771438E+01, 3.155710E+02, 3.021993E+02, 3.016606E+02, 3.015780E+02, 3.016995E+02
2024-06-21 23:00:15,1, 1.565193E+02, 2.985159E+02, 2.998084E+02, 9.646670E+00, 6.153327E+01, 3.150511E+02, 3.016031E+02, 3.007902E+02, 3.011731E+02, 3.012706E+02
2024-06-21 23:15:15,1, 1.326135E+02, 2.983234E+02, 2.994389E+02, 9.349329E+00, 4.670724E+01, 3.144451E+02, 3.010068E+02, 3.000747E+02, 3.005117E+02, 3.004863E+02
2024-06-21 23:30:15,1, 1.087603E+02, 2.981310E+02, 2.991762E+02, 8.596693E+00, 3.970928E+01, 3.138000E+02, 3.006171E+02, 2.996408E+02, 3.001227E+02, 3.000834E+02
2024-06-21 23:45:15,1, 8.506174E+01, 2.979385E+02, 2.989172E+02, 7.467170E+00, 3.212161E+01, 3.131678E+02, 3.002391E+02, 2.992239E+02, 2.997360E+02, 2.996776E+02
2024-06-21 00:00:15,2, 4.269647E+01, 2.992389E+02, 3.001012E+02, 4.255407E+00, 2.783551E+01, 3.135519E+02, 3.012071E+02, 3.000959E+02, 3.007603E+02, 3.006830E+02
2024-06-21 00:15:15,2, 2.670020E+01, 2.990171E+02, 2.998323E+02, 2.810539E+00, 2.874513E+01, 3.135170E+02, 3.009308E+02, 2.997753E+02, 3.003395E+02, 3.001398E+02
2024-06-21 00:30:15,2, 1.101949E+01, 2.987954E+02, 2.995890E+02, 1.233485E+00, 2.356053E+01, 3.131911E+02, 3.006494E+02, 2.995173E+02, 3.000115E+02, 2.997469E+02
2024-06-21 00:45:15,2, 0.000000E+00, 2.985736E+02, 2.993255E+02, 0.000000E+00, 1.989370E+01, 3.127521E+02, 3.002985E+02, 2.991626E+02, 2.996800E+02, 2.993638E+02
2024-06-21 01:00:15,2, 0.000000E+00, 2.983517E+02, 2.990967E+02, 0.000000E+00, 1.950134E+01, 3.122983E+02, 3.000638E+02, 2.989562E+02, 2.994401E+02, 2.991272E+02
2024-06-21 01:15:15,2, 0.000000E+00, 2.981207E+02, 2.988567E+02, 0.000000E+00, 1.934074E+01, 3.119467E+02, 2.997923E+02, 2.986799E+02, 2.991926E+02, 2.988803E+02
2024-06-21 01:30:15,2, 0.000000E+00, 2.978896E+02, 2.986255E+02, 0.000000E+00, 1.946301E+01, 3.118102E+02, 2.995561E+02, 2.984326E+02, 2.989552E+02, 2.986369E+02
2024-06-21 01:45:15,2, 0.000000E+00, 2.976586E+02, 2.983997E+02, 0.000000E+00, 1.971930E+01, 3.117771E+02, 2.993376E+02, 2.981970E+02, 2.987289E+02, 2.984038E+02
2024-06-21 02:00:15,2, 0.000000E+00, 2.974278E+02, 2.981754E+02, 0.000000E+00, 1.988594E+01, 3.117860E+02, 2.991255E+02, 2.979654E+02, 2.985063E+02, 2.981742E+02
2024-06-21 02:15:15,2, 0.000000E+00, 2.972086E+02, 2.979619E+02, 0.000000E+00, 1.590929E+01, 3.116743E+02, 2.989277E+02, 2.977613E+02, 2.982949E+02, 2.979605E+02
2024-06-21 02:30:15,2, 0.000000E+00, 2.969894E+02, 2.977405E+02, 0.000000E+00, 1.474274E+01, 3.113504E+02, 2.986970E+02, 2.975365E+02, 2.980712E+02, 2.977389E+02
2024-06-21 02:45:15,2, 0.000000E+00, 2.967701E+02, 2.975141E+02, 0.000000E+00, 1.408761E+01, 3.109637E+02, 2.984538E+02, 2.973028E+02, 2.978389E+02, 2.975099E+02
2024-06-21 03:00:15,2, 0.000000E+00, 2.965523E+02, 2.972868E+02, 0.000000E+00, 1.362929E+01, 3.105761E+02, 2.982093E+02, 2.970680E+02, 2.976049E+02, 2.972792E+02
2024-06-21 03:15:15,2, 0.000000E+00, 2.964172E+02, 2.971186E+02, 0.000000E+00, 1.501597E+01, 3.101783E+02, 2.980127E+02, 2.968856E+02, 2.974174E+02, 2.970940E+02
2024-06-21 03:30:15,2, 0.000000E+00, 2.962820E+02, 2.969675E+02, 0.000000E+00, 1.508763E+01, 3.097405E+02, 2.978254E+02, 2.967146E+02, 2.972546E+02, 2.969357E+02
2024-06-21 03:45:15,2, 0.000000E+00, 2.961468E+02, 2.968168E+02, 0.000000E+00, 1.485262E+01, 3.093076E+02, 2.976388E+02, 2.965445E+02, 2.970930E+02, 2.967788E+02
2024-06-21 04:00:15,2, 0.000000E+00, 2.960111E+02, 2.966668E+02, 0.000000E+00, 1.457210E+01, 3.088959E+02, 2.974555E+02, 2.963765E+02, 2.969326E+02, 2.966228E+02
2024-06-21 04:15:15,2, 0.000000E+00, 2.958451E+02, 2.965020E+02, 0.000000E+00, 1.334472E+01, 3.085098E+02, 2.972750E+02, 2.962165E+02, 2.967647E+02, 2.964608E+02
2024-06-21 04:30:15,2, 0.000000E+00, 2.956791E+02, 2.963326E+02, 0.000000E+00, 1.287539E+01, 3.081490E+02, 2.970939E+02, 2.960545E+02, 2.965912E+02, 2.962930E+02
2024-06-21 04:45:15,2, 0.000000E+00, 2.955130E+02, 2.961639E+02, 0.000000E+00, 1.262546E+01, 3.078107E+02, 2.969159E+02, 2.958946E+02, 2.964187E+02, 2.961258E+02
2024-06-21 05:00:15,2, 0.000000E+00, 2.953477E+02, 2.959962E+02, 0.000000E+00, 1.241833E+01, 3.074922E+02, 2.967409E+02, 2.957365E+02, 2.962479E+02, 2.959600E+02
2024-06-21 05:15:15,2, 0.000000E+00, 2.952284E+02, 2.958568E+02, 0.000000E+00, 1.203408E+01, 3.071914E+02, 2.965813E+02, 2.955862E+02, 2.960976E+02, 2.958122E+02
2024-06-21 05:30:15,2, 0.000000E+00, 2.951090E+02, 2.957273E+02, 0.000000E+00, 1.192641E+01, 3.069061E+02, 2.964318E+02, 2.954453E+02, 2.959614E+02, 2.956785E+02
2024-06-21 05:45:15,2, 0.000000E+00, 2.949896E+02, 2.955988E+02, 0.000000E+00, 1.180816E+01, 3.066345E+02, 2.962848E+02, 2.953062E+02, 2.958271E+02, 2.955466E+02
2024-06-21 06:00:15,2, 0.000000E+00, 2.948723E+02, 2.954712E+02, 0.000000E+00, 1.150185E+01, 3.063751E+02, 2.961401E+02, 2.951687E+02, 2.956941E+02, 2.954157E+02
2024-06-21 06:15:15,2, 0.000000E+00, 2.948767E+02, 2.954300E+02, 0.000000E+00, 6.873241E+00, 3.061315E+02, 2.960679E+02, 2.951011E+02, 2.956292E+02, 2.953507E+02
2024-06-21 06:30:15,2, 0.000000E+00, 2.948811E+02, 2.954185E+02, 0.000000E+00, 5.881933E+00, 3.059046E+02, 2.960234E+02, 2.950603E+02, 2.956067E+02, 2.953294E+02
2024-06-21 06:45:15,2, 0.000000E+00, 2.948855E+02, 2.954086E+02, 0.000000E+00, 5.467221E+00, 3.056920E+02, 2.959814E+02, 2.950199E+02, 2.955875E+02, 2.953108E+02
2024-06-21 07:00:15,2, 0.000000E+00, 2.948907E+02, 2.953993E+02, 0.000000E+00, 5.129546E+00, 3.054922E+02, 2.959425E+02, 2.949837E+02, 2.955693E+02, 2.952933E+02
2024-06-21 07:15:15,2, 0.000000E+00, 2.949387E+02, 2.954277E+02, 0.000000E+00, 3.820369E+00, 3.053058E+02, 2.959528E+02, 2.950125E+02, 2.955849E+02, 2.953122E+02
2024-06-21 07:30:15,2, 0.000000E+00, 2.949867E+02, 2.954694E+02, 0.000000E+00, 3.519486E+00, 3.051303E+02, 2.959770E+02, 2.950542E+02, 2.956211E+02, 2.953534E+02
2024-06-21 07:45:15,2, 0.000000E+00, 2.950347E+02, 2.955119E+02, 0.000000E+00, 3.371195E+00, 3.049641E+02, 2.960030E+02, 2.950973E+02, 2.956591E+02, 2.953963E+02
2024-06-21 08:00:15,2, 0.000000E+00, 2.950768E+02, 2.955542E+02, 0.000000E+00, 3.629449E+00, 3.048066E+02, 2.960304E+02, 2.951415E+02, 2.956978E+02, 2.954398E+02
2024-06-21 08:15:15,2, 0.000000E+00, 2.947641E+02, 2.953545E+02, 0.000000E+00, 1.270159E+01, 3.046483E+02, 2.958901E+02, 2.950275E+02, 2.955569E+02, 2.953144E+02
2024-06-21 08:30:15,2, 0.000000E+00, 2.944514E+02, 2.950775E+02, 0.000000E+00, 1.422776E+01, 3.044908E+02, 2.956819E+02, 2.948487E+02, 2.953020E+02, 2.950697E+02
2024-06-21 08:45:15,2, 0.000000E+00, 2.941387E+02, 2.947976E+02, 0.000000E+00, 1.442648E+01, 3.043356E+02, 2.954715E+02, 2.946695E+02, 2.950412E+02, 2.948189E+02
2024-06-21 09:00:15,2, 0.000000E+00, 2.938304E+02, 2.945172E+02, 0.000000E+00, 1.402607E+01, 3.041830E+02, 2.952612E+02, 2.944927E+02, 2.947801E+02, 2.945691E+02
2024-06-21 09:15:15,2, 0.000000E+00, 2.937774E+02, 2.944128E+02, 0.000000E+00, 7.628705E+00, 3.040353E+02, 2.951582E+02, 2.944015E+02, 2.946464E+02, 2.944324E+02
2024-06-21 09:30:15,2, 0.000000E+00, 2.937243E+02, 2.943580E+02, 0.000000E+00, 6.643539E+00, 3.038929E+02, 2.950988E+02, 2.943512E+02, 2.945883E+02, 2.943759E+02
2024-06-21 09:45:15,2, 0.000000E+00, 2.936713E+02, 2.943042E+02, 0.000000E+00, 6.376205E+00, 3.037551E+02, 2.950410E+02, 2.943023E+02, 2.945332E+02, 2.943236E+02
2024-06-21 10:00:15,2, 3.155551E+01, 2.936249E+02, 2.942577E+02, 3.572410E+00, 6.147903E+00, 3.036236E+02, 2.951065E+02, 2.944762E+02, 2.945122E+02, 2.943173E+02
2024-06-21 10:15:15,2, 5.017105E+01, 2.939686E+02, 2.946333E+02, 5.293868E+00, 4.029686E+00, 3.035793E+02, 2.956052E+02, 2.950755E+02, 2.950304E+02, 2.949644E+02
2024-06-21 10:30:15,2, 6.907181E+01, 2.943123E+02, 2.950176E+02, 6.790685E+00, 7.389383E+00, 3.035707E+02, 2.960395E+02, 2.955825E+02, 2.955037E+02, 2.954968E+02
2024-06-21 10:45:15,2, 8.817685E+01, 2.946560E+02, 2.954010E+02, 8.042808E+00, 1.221224E+01, 3.035936E+02, 2.964787E+02, 2.960916E+02, 2.959767E+02, 2.960235E+02
2024-06-21 11:00:15,2, 1.574549E+02, 2.950013E+02, 2.957968E+02, 1.071148E+01, 1.769378E+01, 3.036479E+02, 2.971185E+02, 2.970138E+02, 2.965044E+02, 2.966280E+02
2024-06-21 11:15:15,2, 1.857013E+02, 2.954397E+02, 2.963924E+02, 1.137258E+01, 3.242733E+01, 3.038079E+02, 2.978650E+02, 2.978709E+02, 2.974006E+02, 2.977081E+02
2024-06-21 11:30:15,2, 2.138856E+02, 2.958781E+02, 2.968701E+02, 1.167171E+01, 3.808018E+01, 3.039914E+02, 2.984012E+02, 2.984691E+02, 2.979981E+02, 2.983408E+02
2024-06-21 11:45:15,2, 2.418871E+02, 2.963165E+02, 2.973459E+02, 1.181628E+01, 4.302193E+01, 3.041992E+02, 2.989391E+02, 2.990632E+02, 2.985865E+02, 2.989609E+02
2024-06-21 12:00:15,2, 3.158887E+02, 2.967550E+02, 2.978317E+02, 1.211531E+01, 4.829789E+01, 3.044343E+02, 2.996636E+02, 2.999704E+02, 2.992211E+02, 2.996360E+02
2024-06-21 12:15:15,2, 3.478512E+02, 2.972007E+02, 2.984187E+02, 1.183060E+01, 6.491032E+01, 3.047886E+02, 3.004362E+02, 3.008159E+02, 3.001010E+02, 3.006073E+02
2024-06-21 12:30:15,2, 3.791832E+02, 2.976465E+02, 2.989070E+02, 1.158798E+01, 6.956140E+01, 3.051637E+02, 3.010115E+02, 3.014337E+02, 3.007142E+02, 3.012383E+02
2024-06-21 12:45:15,2, 4.097504E+02, 2.980923E+02, 2.993933E+02, 1.132535E+01, 7.376901E+01, 3.055591E+02, 3.015841E+02, 3.020485E+02, 3.013176E+02, 3.018578E+02
2024-06-21 13:00:15,2, 5.147378E+02, 2.985361E+02, 2.998929E+02, 1.111572E+01, 7.815473E+01, 3.059802E+02, 3.024255E+02, 3.030231E+02, 3.019904E+02, 3.025421E+02
2024-06-21 13:15:15,2, 5.482972E+02, 2.988634E+02, 3.004309E+02, 1.041964E+01, 8.624527E+01, 3.066235E+02, 3.032993E+02, 3.039487E+02, 3.029124E+02, 3.035049E+02
2024-06-21 13:30:15,2, 5.805148E+02, 2.991908E+02, 3.008255E+02, 1.001592E+01, 8.816638E+01, 3.072664E+02, 3.038703E+02, 3.045557E+02, 3.034375E+02, 3.040329E+02
2024-06-21 13:45:15,2, 6.112529E+02, 2.995181E+02, 3.012185E+02, 9.621361E+00, 9.004812E+01, 3.079104E+02, 3.044352E+02, 3.051561E+02, 3.039497E+02, 3.045475E+02
2024-06-21 14:00:15,2, 5.797432E+02, 2.998431E+02, 3.016021E+02, 9.197261E+00, 9.121764E+01, 3.085489E+02, 3.048002E+02, 3.055315E+02, 3.043994E+02, 3.050115E+02
2024-06-21 14:15:15,2, 6.045404E+02, 3.000264E+02, 3.017788E+02, 9.155799E+00, 9.045332E+01, 3.090106E+02, 3.050394E+02, 3.058447E+02, 3.045289E+02, 3.051595E+02
2024-06-21 14:30:15,2, 6.276599E+02, 3.002096E+02, 3.020341E+02, 8.822302E+00, 9.132488E+01, 3.095264E+02, 3.054957E+02, 3.063703E+02, 3.048854E+02, 3.055307E+02
2024-06-21 14:45:15,2, 6.490026E+02, 3.003929E+02, 3.022878E+02, 8.484136E+00, 9.169200E+01, 3.100744E+02, 3.059480E+02, 3.068877E+02, 3.052359E+02, 3.058949E+02
2024-06-21 15:00:15,2, 7.424917E+02, 3.005773E+02, 3.025507E+02, 8.160067E+00, 9.201118E+01, 3.106473E+02, 3.066255E+02, 3.076388E+02, 3.056440E+02, 3.062991E+02
2024-06-21 15:15:15,2, 7.619548E+02, 3.008272E+02, 3.029791E+02, 7.391598E+00, 9.081505E+01, 3.114554E+02, 3.074076E+02, 3.084226E+02, 3.063413E+02, 3.069817E+02
2024-06-21 15:30:15,2, 7.791669E+02, 3.010771E+02, 3.032723E+02, 7.062484E+00, 9.005833E+01, 3.121971E+02, 3.078589E+02, 3.088794E+02, 3.067094E+02, 3.073493E+02
2024-06-21 15:45:15,2, 7.940543E+02, 3.013269E+02, 3.035576E+02, 6.748531E+00, 8.913652E+01, 3.128861E+02, 3.082873E+02, 3.093113E+02, 3.070555E+02, 3.076941E+02
2024-06-21 16:00:15,2, 7.288858E+02, 3.015748E+02, 3.038255E+02, 6.445576E+00, 8.832338E+01, 3.135218E+02, 3.084553E+02, 3.094792E+02, 3.073187E+02, 3.079750E+02
2024-06-21 16:15:15,2, 7.379743E+02, 3.017022E+02, 3.038636E+02, 6.665031E+00, 9.732152E+01, 3.138621E+02, 3.084064E+02, 3.094908E+02, 3.072222E+02, 3.079069E+02
2024-06-21 16:30:15,2, 7.448171E+02, 3.018297E+02, 3.040190E+02, 6.451318E+00, 9.683279E+01, 3.142066E+02, 3.086695E+02, 3.097883E+02, 3.074125E+02, 3.081025E+02
2024-06-21 16:45:15,2, 7.493849E+02, 3.019571E+02, 3.041757E+02, 6.269359E+00, 9.624680E+01, 3.145489E+02, 3.089091E+02, 3.100347E+02, 3.075956E+02, 3.082816E+02
2024-06-21 17:00:15,2, 7.497375E+02, 3.020831E+02, 3.043299E+02, 6.141253E+00, 9.546194E+01, 3.148814E+02, 3.090927E+02, 3.101440E+02, 3.077452E+02, 3.083648E+02
2024-06-21 17:15:15,2, 7.497065E+02, 3.021205E+02, 3.044002E+02, 6.122989E+00, 8.624665E+01, 3.151879E+02, 3.091547E+02, 3.100821E+02, 3.078005E+02, 3.083324E+02
2024-06-21 17:30:15,2, 7.473771E+02, 3.021578E+02, 3.044550E+02, 6.113170E+00, 8.630849E+01, 3.154659E+02, 3.091955E+02, 3.100125E+02, 3.078292E+02, 3.082806E+02
2024-06-21 17:45:15,2, 7.427594E+02, 3.021952E+02, 3.045045E+02, 6.132887E+00, 8.666813E+01, 3.157150E+02, 3.091944E+02, 3.099318E+02, 3.078336E+02, 3.082298E+02
2024-06-21 18:00:15,2, 8.124673E+02, 3.022375E+02, 3.045604E+02, 6.170943E+00, 8.760440E+01, 3.159436E+02, 3.094045E+02, 3.100585E+02, 3.078907E+02, 3.082226E+02
2024-06-21 18:15:15,2, 8.023921E+02, 3.025652E+02, 3.049813E+02, 5.729548E+00, 9.048862E+01, 3.163863E+02, 3.098298E+02, 3.103136E+02, 3.083108E+02, 3.085325E+02
2024-06-21 18:30:15,2, 7.898880E+02, 3.028930E+02, 3.053189E+02, 5.661603E+00, 9.103622E+01, 3.167416E+02, 3.099389E+02, 3.103771E+02, 3.084791E+02, 3.086768E+02
2024-06-21 18:45:15,2, 7.750084E+02, 3.032207E+02, 3.056428E+02, 5.576462E+00, 9.117957E+01, 3.170271E+02, 3.100627E+02, 3.104669E+02, 3.086583E+02, 3.088408E+02
2024-06-21 19:00:15,2, 7.249545E+02, 3.035381E+02, 3.059471E+02, 5.489895E+00, 9.087905E+01, 3.172498E+02, 3.100893E+02, 3.104693E+02, 3.088122E+02, 3.089910E+02
2024-06-21 19:15:15,2, 7.063676E+02, 3.032414E+02, 3.056495E+02, 5.952466E+00, 8.894906E+01, 3.173032E+02, 3.095453E+02, 3.098802E+02, 3.084133E+02, 3.085901E+02
2024-06-21 19:30:15,2, 6.857193E+02, 3.029447E+02, 3.053141E+02, 6.320172E+00, 9.152090E+01, 3.173052E+02, 3.090395E+02, 3.093166E+02, 3.079844E+02, 3.081461E+02
2024-06-21 19:45:15,2, 6.630979E+02, 3.026481E+02, 3.049730E+02, 6.692177E+00, 9.369983E+01, 3.172571E+02, 3.085286E+02, 3.087526E+02, 3.075489E+02, 3.076975E+02
2024-06-21 20:00:15,2, 4.647027E+02, 3.023450E+02, 3.045884E+02, 7.027534E+00, 9.337213E+01, 3.171382E+02, 3.074632E+02, 3.075296E+02, 3.069483E+02, 3.071037E+02
2024-06-21 20:15:15,2, 4.455871E+02, 3.016620E+02, 3.036152E+02, 8.456244E+00, 7.413065E+01, 3.165087E+02, 3.060925E+02, 3.061483E+02, 3.055898E+02, 3.057515E+02
2024-06-21 20:30:15,2, 4.252645E+02, 3.009790E+02, 3.029106E+02, 8.937680E+00, 7.097244E+01, 3.161289E+02, 3.054011E+02, 3.054094E+02, 3.048466E+02, 3.050013E+02
2024-06-21 20:45:15,2, 4.038218E+02, 3.002960E+02, 3.022134E+02, 9.418637E+00, 6.731929E+01, 3.159125E+02, 3.047387E+02, 3.046863E+02, 3.041132E+02, 3.042577E+02
2024-06-21 21:00:15,2, 3.823043E+02, 2.996217E+02, 3.015222E+02, 9.887528E+00, 6.424715E+01, 3.157908E+02, 3.041011E+02, 3.039830E+02, 3.033837E+02, 3.035158E+02
2024-06-21 21:15:15,2, 3.588429E+02, 2.994632E+02, 3.012276E+02, 1.015388E+01, 8.312224E+01, 3.157722E+02, 3.037546E+02, 3.035568E+02, 3.030069E+02, 3.031237E+02
2024-06-21 21:30:15,2, 3.345475E+02, 2.993048E+02, 3.010022E+02, 1.032045E+01, 8.208125E+01, 3.159181E+02, 3.034810E+02, 3.031902E+02, 3.027487E+02, 3.028481E+02
2024-06-21 21:45:15,2, 3.095224E+02, 2.991464E+02, 3.007753E+02, 1.044310E+01, 8.036726E+01, 3.161271E+02, 3.032232E+02, 3.028303E+02, 3.024977E+02, 3.025785E+02
2024-06-21 22:00:15,2, 3.259060E+02, 2.989886E+02, 3.005513E+02, 1.069930E+01, 7.880810E+01, 3.163375E+02, 3.031280E+02, 3.027254E+02, 3.022933E+02, 3.023649E+02
2024-06-21 22:15:15,2, 2.958719E+02, 2.988707E+02, 3.004439E+02, 1.057510E+01, 7.731149E+01, 3.163873E+02, 3.029833E+02, 3.025228E+02, 3.022309E+02, 3.023266E+02
2024-06-21 22:30:15,2, 2.653776E+02, 2.987529E+02, 3.002426E+02, 1.060305E+01, 7.265749E+01, 3.160504E+02, 3.026053E+02, 3.020899E+02, 3.019125E+02, 3.020091E+02
2024-06-21 22:45:15,2, 2.345537E+02, 2.986350E+02, 3.000329E+02, 1.056339E+01, 6.770716E+01, 3.155713E+02, 3.022036E+02, 3.016352E+02, 3.015718E+02, 3.016720E+02
2024-06-21 23:00:15,2, 1.565193E+02, 2.985159E+02, 2.998077E+02, 9.663303E+00, 6.152570E+01, 3.150517E+02, 3.016213E+02, 3.007989E+02, 3.011689E+02, 3.012489E+02
2024-06-21 23:15:15,2, 1.326135E+02, 2.983234E+02, 2.994388E+02, 9.375511E+00, 4.674156E+01, 3.144457E+02, 3.010321E+02, 3.001015E+02, 3.005127E+02, 3.004822E+02
2024-06-21 23:30:15,2, 1.087603E+02, 2.981310E+02, 2.991760E+02, 8.630235E+00, 3.975688E+01, 3.138006E+02, 3.006446E+02, 2.996761E+02, 3.001224E+02, 3.000800E+02
2024-06-21 23:45:15,2, 8.506174E+01, 2.979385E+02, 2.989169E+02, 7.497648E+00, 3.217616E+01, 3.131685E+02, 3.002706E+02, 2.992689E+02, 2.997366E+02, 2.996747E+02
2024-06-22 00:00:15,1, 4.046645E+01, 2.977456E+02, 2.986573E+02, 4.143368E+00, 2.416659E+01, 3.125641E+02, 2.998195E+02, 2.986870E+02, 2.993281E+02, 2.992244E+02
2024-06-22 00:15:15,1, 2.537027E+01, 2.975290E+02, 2.983518E+02, 2.744277E+00, 2.347732E+01, 3.119608E+02, 2.993833E+02, 2.981962E+02, 2.988224E+02, 2.985750E+02
2024-06-22 00:30:15,1, 1.057089E+01, 2.973125E+02, 2.980871E+02, 1.212432E+00, 1.884838E+01, 3.113929E+02, 2.990166E+02, 2.978241E+02, 2.984580E+02, 2.981544E+02
2024-06-22 00:45:15,1, 0.000000E+00, 2.970959E+02, 2.978069E+02, 0.000000E+00, 1.567568E+01, 3.108548E+02, 2.986095E+02, 2.974086E+02, 2.981021E+02, 2.977593E+02
2024-06-22 01:00:15,1, 0.000000E+00, 2.968802E+02, 2.975650E+02, 0.000000E+00, 1.510651E+01, 3.103588E+02, 2.983271E+02, 2.971423E+02, 2.978384E+02, 2.974976E+02
2024-06-22 01:15:15,1, 0.000000E+00, 2.967102E+02, 2.973657E+02, 0.000000E+00, 1.277729E+01, 3.099065E+02, 2.980942E+02, 2.969195E+02, 2.976214E+02, 2.972834E+02
2024-06-22 01:30:15,1, 0.000000E+00, 2.965402E+02, 2.971791E+02, 0.000000E+00, 1.214525E+01, 3.094919E+02, 2.978769E+02, 2.967101E+02, 2.974242E+02, 2.970888E+02
2024-06-22 01:45:15,1, 0.000000E+00, 2.963703E+02, 2.969943E+02, 0.000000E+00, 1.176018E+01, 3.091079E+02, 2.976641E+02, 2.965036E+02, 2.972300E+02, 2.968968E+02
2024-06-22 02:00:15,1, 0.000000E+00, 2.962005E+02, 2.968110E+02, 0.000000E+00, 1.142427E+01, 3.087492E+02, 2.974549E+02, 2.962992E+02, 2.970378E+02, 2.967065E+02
2024-06-22 02:15:15,1, 0.000000E+00, 2.960411E+02, 2.966405E+02, 0.000000E+00, 1.091374E+01, 3.084132E+02, 2.972705E+02, 2.961258E+02, 2.968596E+02, 2.965313E+02
2024-06-22 02:30:15,1, 0.000000E+00, 2.958818E+02, 2.964754E+02, 0.000000E+00, 1.066752E+01, 3.080975E+02, 2.970934E+02, 2.959583E+02, 2.966897E+02, 2.963646E+02
2024-06-22 02:45:15,1, 0.000000E+00, 2.957224E+02, 2.963113E+02, 0.000000E+00, 1.045022E+01, 3.077994E+02, 2.969191E+02, 2.957924E+02, 2.965217E+02, 2.961995E+02
2024-06-22 03:00:15,1, 0.000000E+00, 2.955638E+02, 2.961482E+02, 0.000000E+00, 1.023967E+01, 3.075168E+02, 2.967475E+02, 2.956282E+02, 2.963550E+02, 2.960353E+02
2024-06-22 03:15:15,1, 0.000000E+00, 2.954466E+02, 2.960201E+02, 0.000000E+00, 1.046047E+01, 3.072485E+02, 2.966232E+02, 2.955289E+02, 2.962208E+02, 2.959065E+02
2024-06-22 03:30:15,1, 0.000000E+00, 2.953294E+02, 2.959054E+02, 0.000000E+00, 1.065602E+01, 3.069929E+02, 2.965117E+02, 2.954414E+02, 2.961058E+02, 2.957984E+02
2024-06-22 03:45:15,1, 0.000000E+00, 2.952123E+02, 2.957921E+02, 0.000000E+00, 1.067695E+01, 3.067488E+02, 2.964025E+02, 2.953551E+02, 2.959933E+02, 2.956924E+02
2024-06-22 04:00:15,1, 0.000000E+00, 2.950945E+02, 2.956793E+02, 0.000000E+00, 1.068636E+01, 3.065152E+02, 2.962954E+02, 2.952702E+02, 2.958817E+02, 2.955871E+02
2024-06-22 04:15:15,1, 0.000000E+00, 2.949411E+02, 2.955594E+02, 0.000000E+00, 1.206355E+01, 3.062955E+02, 2.962314E+02, 2.952549E+02, 2.957770E+02, 2.954955E+02
2024-06-22 04:30:15,1, 0.000000E+00, 2.947877E+02, 2.954382E+02, 0.000000E+00, 1.236593E+01, 3.060919E+02, 2.961696E+02, 2.952427E+02, 2.956729E+02, 2.954059E+02
2024-06-22 04:45:15,1, 0.000000E+00, 2.946343E+02, 2.953163E+02, 0.000000E+00, 1.240881E+01, 3.059025E+02, 2.961099E+02, 2.952348E+02, 2.955690E+02, 2.953173E+02
2024-06-22 05:00:15,1, 0.000000E+00, 2.944830E+02, 2.951934E+02, 0.000000E+00, 1.220039E+01, 3.057258E+02, 2.960527E+02, 2.952344E+02, 2.954653E+02, 2.952304E+02
2024-06-22 05:15:15,1, 0.000000E+00, 2.944545E+02, 2.951490E+02, 0.000000E+00, 7.251359E+00, 3.055580E+02, 2.960127E+02, 2.952167E+02, 2.954103E+02, 2.951801E+02
2024-06-22 05:30:15,1, 0.000000E+00, 2.944260E+02, 2.951246E+02, 0.000000E+00, 6.383845E+00, 3.053962E+02, 2.959907E+02, 2.952151E+02, 2.953859E+02, 2.951611E+02
2024-06-22 05:45:15,1, 0.000000E+00, 2.943975E+02, 2.951001E+02, 0.000000E+00, 6.186223E+00, 3.052401E+02, 2.959695E+02, 2.952135E+02, 2.953624E+02, 2.951431E+02
2024-06-22 06:00:15,1, 0.000000E+00, 2.943711E+02, 2.950759E+02, 0.000000E+00, 5.928214E+00, 3.050896E+02, 2.959484E+02, 2.952112E+02, 2.953389E+02, 2.951249E+02
2024-06-22 06:15:15,1, 0.000000E+00, 2.944703E+02, 2.951297E+02, 0.000000E+00, 6.704303E-01, 3.049431E+02, 2.959446E+02, 2.951964E+02, 2.953642E+02, 2.951465E+02
2024-06-22 06:30:15,1, 0.000000E+00, 2.945695E+02, 2.952025E+02, 0.000000E+00,-4.483297E-01, 3.047988E+02, 2.959574E+02, 2.951970E+02, 2.954193E+02, 2.951984E+02
2024-06-22 06:45:15,1, 0.000000E+00, 2.946687E+02, 2.952740E+02, 0.000000E+00,-7.911979E-01, 3.046573E+02, 2.959695E+02, 2.951986E+02, 2.954739E+02, 2.952505E+02
2024-06-22 07:00:15,1, 0.000000E+00, 2.947651E+02, 2.953437E+02, 0.000000E+00,-7.916858E-01, 3.045188E+02, 2.959821E+02, 2.952029E+02, 2.955275E+02, 2.953020E+02
2024-06-22 07:15:15,1, 0.000000E+00, 2.946938E+02, 2.953000E+02, 0.000000E+00, 5.457161E+00, 3.043820E+02, 2.959228E+02, 2.951428E+02, 2.954982E+02, 2.952747E+02
2024-06-22 07:30:15,1, 0.000000E+00, 2.946225E+02, 2.952213E+02, 0.000000E+00, 6.980154E+00, 3.042473E+02, 2.958323E+02, 2.950505E+02, 2.954171E+02, 2.951933E+02
2024-06-22 07:45:15,1, 0.000000E+00, 2.945512E+02, 2.951427E+02, 0.000000E+00, 7.295115E+00, 3.041149E+02, 2.957416E+02, 2.949577E+02, 2.953348E+02, 2.951104E+02
2024-06-22 08:00:15,1, 0.000000E+00, 2.944796E+02, 2.950646E+02, 0.000000E+00, 7.359267E+00, 3.039851E+02, 2.956516E+02, 2.948655E+02, 2.952530E+02, 2.950281E+02
2024-06-22 08:15:15,1, 0.000000E+00, 2.943848E+02, 2.949759E+02, 0.000000E+00, 8.526604E+00, 3.038584E+02, 2.955685E+02, 2.947901E+02, 2.951671E+02, 2.949443E+02
2024-06-22 08:30:15,1, 0.000000E+00, 2.942900E+02, 2.948846E+02, 0.000000E+00, 8.792231E+00, 3.037356E+02, 2.954834E+02, 2.947127E+02, 2.950776E+02, 2.948572E+02
2024-06-22 08:45:15,1, 0.000000E+00, 2.941952E+02, 2.947936E+02, 0.000000E+00, 8.847475E+00, 3.036163E+02, 2.953989E+02, 2.946358E+02, 2.949884E+02, 2.947704E+02
2024-06-22 09:00:15,1, 0.000000E+00, 2.941006E+02, 2.947027E+02, 0.000000E+00, 8.839473E+00, 3.035003E+02, 2.953148E+02, 2.945590E+02, 2.948994E+02, 2.946838E+02
2024-06-22 09:15:15,1, 0.000000E+00, 2.940163E+02, 2.946131E+02, 0.000000E+00, 8.537998E+00, 3.033861E+02, 2.952150E+02, 2.944552E+02, 2.948073E+02, 2.945914E+02
2024-06-22 09:30:15,1, 0.000000E+00, 2.939321E+02, 2.945235E+02, 0.000000E+00, 8.418467E+00, 3.032729E+02, 2.951149E+02, 2.943507E+02, 2.947146E+02, 2.944977E+02
2024-06-22 09:45:15,1, 0.000000E+00, 2.938478E+02, 2.944338E+02, 0.000000E+00, 8.343366E+00, 3.031609E+02, 2.950148E+02, 2.942457E+02, 2.946219E+02, 2.944038E+02
2024-06-22 10:00:15,1, 2.874687E+01, 2.937702E+02, 2.943512E+02, 3.291502E+00, 7.940028E+00, 3.030521E+02, 2.950360E+02, 2.943559E+02, 2.945608E+02, 2.943526E+02
2024-06-22 10:15:15,1, 4.587356E+01, 2.940824E+02, 2.946934E+02, 4.920426E+00, 1.825281E+00, 3.030238E+02, 2.955132E+02, 2.949574E+02, 2.950347E+02, 2.949515E+02
2024-06-22 10:30:15,1, 6.326381E+01, 2.943947E+02, 2.950483E+02, 6.364816E+00, 2.968525E+00, 3.030276E+02, 2.959221E+02, 2.954380E+02, 2.954739E+02, 2.954467E+02
2024-06-22 10:45:15,1, 8.084315E+01, 2.947069E+02, 2.954008E+02, 7.598970E+00, 6.600030E+00, 3.030597E+02, 2.963350E+02, 2.959199E+02, 2.959108E+02, 2.959342E+02
2024-06-22 11:00:15,1, 1.203511E+02, 2.950203E+02, 2.957582E+02, 9.632401E+00, 1.091366E+01, 3.031187E+02, 2.968399E+02, 2.965774E+02, 2.963717E+02, 2.964529E+02
2024-06-22 11:15:15,1, 1.420078E+02, 2.953997E+02, 2.962260E+02, 1.043317E+01, 1.454686E+01, 3.032404E+02, 2.974113E+02, 2.972330E+02, 2.970125E+02, 2.971960E+02
2024-06-22 11:30:15,1, 1.636182E+02, 2.957791E+02, 2.966445E+02, 1.108370E+01, 1.844453E+01, 3.033816E+02, 2.978912E+02, 2.977770E+02, 2.975270E+02, 2.977551E+02
2024-06-22 11:45:15,1, 1.850898E+02, 2.961585E+02, 2.970616E+02, 1.150970E+01, 2.240668E+01, 3.035420E+02, 2.983738E+02, 2.983295E+02, 2.980367E+02, 2.983070E+02
2024-06-22 12:00:15,1, 2.690213E+02, 2.965381E+02, 2.974931E+02, 1.247675E+01, 2.697628E+01, 3.037248E+02, 2.991226E+02, 2.993468E+02, 2.986136E+02, 2.989438E+02
2024-06-22 12:15:15,1, 2.962965E+02, 2.969284E+02, 2.980709E+02, 1.224736E+01, 4.677207E+01, 3.040522E+02, 2.999280E+02, 3.002590E+02, 2.995425E+02, 3.000272E+02
2024-06-22 12:30:15,1, 3.230353E+02, 2.973187E+02, 2.985038E+02, 1.208455E+01, 5.119705E+01, 3.043857E+02, 3.004479E+02, 3.008343E+02, 3.000897E+02, 3.006048E+02
2024-06-22 12:45:15,1, 3.491235E+02, 2.977090E+02, 2.989336E+02, 1.190996E+01, 5.503940E+01, 3.047272E+02, 3.009619E+02, 3.014023E+02, 3.006251E+02, 3.011681E+02
2024-06-22 13:00:15,1, 4.343104E+02, 2.980979E+02, 2.993739E+02, 1.182794E+01, 6.023531E+01, 3.050832E+02, 3.017031E+02, 3.023077E+02, 3.012164E+02, 3.017903E+02
2024-06-22 13:15:15,1, 4.626746E+02, 2.984073E+02, 2.998515E+02, 1.122672E+01, 9.131172E+01, 3.056016E+02, 3.024438E+02, 3.031330E+02, 3.020280E+02, 3.026795E+02
2024-06-22 13:30:15,1, 4.899073E+02, 2.987166E+02, 3.002133E+02, 1.081973E+01, 9.602042E+01, 3.061133E+02, 3.029303E+02, 3.036827E+02, 3.025120E+02, 3.031830E+02
2024-06-22 13:45:15,1, 5.158916E+02, 2.990259E+02, 3.005745E+02, 1.042332E+01, 9.983180E+01, 3.066207E+02, 3.034129E+02, 3.042296E+02, 3.029851E+02, 3.036738E+02
2024-06-22 14:00:15,1, 6.234069E+02, 2.993348E+02, 3.009549E+02, 1.007410E+01, 1.027493E+02, 3.071313E+02, 3.041674E+02, 3.050891E+02, 3.035301E+02, 3.042140E+02
2024-06-22 14:15:15,1, 6.501186E+02, 2.996183E+02, 3.014533E+02, 9.304610E+00, 9.469800E+01, 3.078831E+02, 3.049508E+02, 3.057420E+02, 3.043230E+02, 3.048592E+02
2024-06-22 14:30:15,1, 6.750263E+02, 2.999018E+02, 3.018186E+02, 8.973078E+00, 9.562549E+01, 3.085898E+02, 3.053892E+02, 3.060950E+02, 3.047143E+02, 3.051304E+02
2024-06-22 14:45:15,1, 6.980233E+02, 3.001852E+02, 3.021737E+02, 8.657499E+00, 9.683745E+01, 3.092614E+02, 3.058140E+02, 3.064683E+02, 3.050870E+02, 3.054326E+02
2024-06-22 15:00:15,1, 7.879799E+02, 3.004683E+02, 3.025334E+02, 8.365986E+00, 9.756208E+01, 3.099115E+02, 3.064185E+02, 3.070582E+02, 3.054969E+02, 3.057965E+02
2024-06-22 15:15:15,1, 8.086808E+02, 3.007276E+02, 3.029531E+02, 7.623315E+00, 8.923735E+01, 3.107641E+02, 3.071970E+02, 3.078175E+02, 3.061723E+02, 3.064420E+02
2024-06-22 15:30:15,1, 8.269926E+02, 3.009870E+02, 3.032711E+02, 7.250056E+00, 8.804360E+01, 3.115665E+02, 3.077063E+02, 3.083295E+02, 3.065724E+02, 3.068377E+02
2024-06-22 15:45:15,1, 8.428371E+02, 3.012463E+02, 3.035834E+02, 6.891783E+00, 8.683912E+01, 3.123259E+02, 3.081973E+02, 3.088215E+02, 3.069558E+02, 3.072178E+02
2024-06-22 16:00:15,1, 7.878238E+02, 3.015035E+02, 3.038795E+02, 6.544439E+00, 8.564430E+01, 3.130381E+02, 3.084702E+02, 3.091013E+02, 3.072663E+02, 3.075424E+02
2024-06-22 16:15:15,1, 7.976856E+02, 3.016391E+02, 3.039749E+02, 6.673977E+00, 9.246373E+01, 3.134870E+02, 3.085146E+02, 3.091926E+02, 3.072615E+02, 3.075650E+02
2024-06-22 16:30:15,1, 8.051198E+02, 3.017747E+02, 3.041413E+02, 6.463498E+00, 9.182587E+01, 3.139400E+02, 3.087924E+02, 3.094755E+02, 3.074698E+02, 3.077741E+02
2024-06-22 16:45:15,1, 8.100947E+02, 3.019103E+02, 3.043026E+02, 6.276877E+00, 9.107047E+01, 3.143858E+02, 3.090486E+02, 3.097309E+02, 3.076656E+02, 3.079695E+02
2024-06-22 17:00:15,1, 8.105105E+02, 3.020460E+02, 3.044580E+02, 6.111074E+00, 9.022162E+01, 3.148160E+02, 3.092743E+02, 3.099525E+02, 3.078444E+02, 3.081482E+02
2024-06-22 17:15:15,1, 8.105132E+02, 3.021854E+02, 3.046014E+02, 5.995470E+00, 8.772124E+01, 3.152160E+02, 3.094508E+02, 3.101114E+02, 3.079973E+02, 3.083002E+02
2024-06-22 17:30:15,1, 8.080308E+02, 3.023248E+02, 3.047404E+02, 5.889847E+00, 8.719626E+01, 3.155877E+02, 3.096088E+02, 3.102469E+02, 3.081408E+02, 3.084413E+02
2024-06-22 17:45:15,1, 8.030741E+02, 3.024642E+02, 3.048732E+02, 5.804396E+00, 8.680435E+01, 3.159284E+02, 3.097398E+02, 3.103522E+02, 3.082689E+02, 3.085661E+02
2024-06-22 18:00:15,1, 8.028098E+02, 3.026040E+02, 3.050013E+02, 5.739728E+00, 8.901308E+01, 3.162370E+02, 3.098619E+02, 3.104431E+02, 3.083865E+02, 3.086775E+02
2024-06-22 18:15:15,1, 7.928902E+02, 3.027675E+02, 3.051747E+02, 5.824314E+00, 1.250566E+02, 3.165228E+02, 3.097331E+02, 3.102209E+02, 3.083784E+02, 3.086249E+02
2024-06-22 18:30:15,1, 7.805698E+02, 3.029309E+02, 3.053307E+02, 5.879126E+00, 1.284296E+02, 3.167504E+02, 3.096149E+02, 3.100510E+02, 3.083637E+02, 3.085836E+02
2024-06-22 18:45:15,1, 7.659015E+02, 3.030943E+02, 3.054727E+02, 5.911149E+00, 1.309033E+02, 3.169272E+02, 3.095166E+02, 3.099125E+02, 3.083652E+02, 3.085648E+02
2024-06-22 19:00:15,1, 6.669086E+02, 3.032545E+02, 3.055869E+02, 5.933431E+00, 1.310522E+02, 3.170475E+02, 3.091847E+02, 3.095407E+02, 3.083004E+02, 3.084991E+02
2024-06-22 19:15:15,1, 6.498419E+02, 3.032254E+02, 3.054116E+02, 6.389913E+00, 1.076907E+02, 3.168766E+02, 3.087367E+02, 3.091251E+02, 3.079490E+02, 3.081661E+02
2024-06-22 19:30:15,1, 6.308782E+02, 3.031964E+02, 3.053298E+02, 6.481758E+00, 1.078901E+02, 3.167310E+02, 3.085684E+02, 3.089407E+02, 3.078449E+02, 3.080596E+02
2024-06-22 19:45:15,1, 6.100986E+02, 3.031673E+02, 3.052424E+02, 6.598305E+00, 1.085654E+02, 3.165929E+02, 3.083845E+02, 3.087357E+02, 3.077337E+02, 3.079459E+02
2024-06-22 20:00:15,1, 5.762777E+02, 3.031376E+02, 3.051472E+02, 6.726342E+00, 1.083589E+02, 3.164484E+02, 3.081490E+02, 3.084694E+02, 3.076042E+02, 3.078156E+02
2024-06-22 20:15:15,1, 5.526054E+02, 3.030726E+02, 3.049983E+02, 6.972361E+00, 9.545255E+01, 3.162568E+02, 3.078398E+02, 3.081200E+02, 3.073938E+02, 3.076013E+02
2024-06-22 20:30:15,1, 5.274353E+02, 3.030076E+02, 3.048555E+02, 7.174525E+00, 9.520027E+01, 3.160521E+02, 3.075593E+02, 3.077924E+02, 3.072078E+02, 3.074103E+02
2024-06-22 20:45:15,1, 5.008752E+02, 3.029426E+02, 3.047075E+02, 7.387162E+00, 9.502388E+01, 3.158294E+02, 3.072659E+02, 3.074501E+02, 3.070146E+02, 3.072135E+02
2024-06-22 21:00:15,1, 3.571171E+02, 3.028742E+02, 3.045272E+02, 7.515663E+00, 9.255893E+01, 3.155750E+02, 3.065245E+02, 3.064645E+02, 3.066977E+02, 3.068899E+02
2024-06-22 21:15:15,1, 3.352287E+02, 3.026058E+02, 3.039699E+02, 8.483732E+00, 6.445926E+01, 3.150277E+02, 3.055564E+02, 3.054013E+02, 3.057738E+02, 3.059265E+02
2024-06-22 21:30:15,1, 3.125606E+02, 3.023375E+02, 3.036405E+02, 8.745593E+00, 6.057869E+01, 3.145441E+02, 3.051500E+02, 3.049527E+02, 3.053767E+02, 3.055427E+02
2024-06-22 21:45:15,1, 2.892097E+02, 3.020692E+02, 3.033124E+02, 9.004476E+00, 5.649411E+01, 3.141016E+02, 3.047493E+02, 3.045048E+02, 3.049810E+02, 3.051680E+02
2024-06-22 22:00:15,1, 2.327384E+02, 3.018001E+02, 3.029760E+02, 9.053350E+00, 5.227758E+01, 3.136831E+02, 3.042204E+02, 3.038201E+02, 3.045466E+02, 3.047555E+02
2024-06-22 22:15:15,1, 2.113191E+02, 3.014841E+02, 3.025273E+02, 9.425259E+00, 5.650689E+01, 3.132138E+02, 3.036007E+02, 3.030720E+02, 3.038891E+02, 3.040512E+02
2024-06-22 22:30:15,1, 1.895701E+02, 3.011680E+02, 3.021589E+02, 9.513583E+00, 5.225381E+01, 3.127652E+02, 3.031472E+02, 3.025384E+02, 3.034122E+02, 3.035557E+02
2024-06-22 22:45:15,1, 1.675847E+02, 3.008519E+02, 3.017955E+02, 9.468225E+00, 4.632115E+01, 3.123302E+02, 3.027069E+02, 3.020219E+02, 3.029408E+02, 3.030667E+02
2024-06-22 23:00:15,1, 1.243527E+02, 3.005368E+02, 3.014310E+02, 8.641779E+00, 3.991843E+01, 3.119027E+02, 3.022071E+02, 3.013598E+02, 3.024478E+02, 3.025511E+02
2024-06-22 23:15:15,1, 1.053947E+02, 3.002788E+02, 3.010571E+02, 8.171470E+00, 4.426113E+01, 3.114475E+02, 3.017257E+02, 3.007814E+02, 3.018546E+02, 3.018209E+02
2024-06-22 23:30:15,1, 8.647732E+01, 3.000209E+02, 3.007533E+02, 7.335071E+00, 3.987404E+01, 3.110079E+02, 3.013639E+02, 3.003817E+02, 3.014302E+02, 3.013441E+02
2024-06-22 23:45:15,1, 6.768141E+01, 2.997629E+02, 3.004555E+02, 6.207506E+00, 3.335268E+01, 3.105804E+02, 3.010200E+02, 3.000167E+02, 3.010211E+02, 3.008921E+02
2024-06-22 00:00:15,2, 4.046645E+01, 2.977456E+02, 2.986569E+02, 4.148774E+00, 2.422930E+01, 3.125649E+02, 2.998596E+02, 2.987580E+02, 2.993309E+02, 2.992246E+02
2024-06-22 00:15:15,2, 2.537027E+01, 2.975290E+02, 2.983521E+02, 2.745749E+00, 2.348858E+01, 3.119615E+02, 2.994277E+02, 2.982792E+02, 2.988350E+02, 2.986046E+02
2024-06-22 00:30:15,2, 1.057089E+01, 2.973125E+02, 2.980873E+02, 1.211670E+00, 1.887159E+01, 3.113936E+02, 2.990605E+02, 2.979096E+02, 2.984703E+02, 2.981791E+02
2024-06-22 00:45:15,2, 0.000000E+00, 2.970959E+02, 2.978073E+02, 0.000000E+00, 1.567389E+01, 3.108553E+02, 2.986554E+02, 2.974931E+02, 2.981160E+02, 2.977853E+02
2024-06-22 01:00:15,2, 0.000000E+00, 2.968802E+02, 2.975653E+02, 0.000000E+00, 1.510337E+01, 3.103593E+02, 2.983721E+02, 2.972249E+02, 2.978520E+02, 2.975227E+02
2024-06-22 01:15:15,2, 0.000000E+00, 2.967102E+02, 2.973660E+02, 0.000000E+00, 1.277426E+01, 3.099069E+02, 2.981390E+02, 2.970018E+02, 2.976349E+02, 2.973081E+02
2024-06-22 01:30:15,2, 0.000000E+00, 2.965402E+02, 2.971794E+02, 0.000000E+00, 1.214283E+01, 3.094923E+02, 2.979210E+02, 2.967922E+02, 2.974374E+02, 2.971134E+02
2024-06-22 01:45:15,2, 0.000000E+00, 2.963703E+02, 2.969947E+02, 0.000000E+00, 1.175671E+01, 3.091082E+02, 2.977076E+02, 2.965856E+02, 2.972430E+02, 2.969214E+02
2024-06-22 02:00:15,2, 0.000000E+00, 2.962005E+02, 2.968114E+02, 0.000000E+00, 1.141985E+01, 3.087495E+02, 2.974983E+02, 2.963814E+02, 2.970507E+02, 2.967311E+02
2024-06-22 02:15:15,2, 0.000000E+00, 2.960411E+02, 2.966409E+02, 0.000000E+00, 1.090902E+01, 3.084134E+02, 2.973136E+02, 2.962078E+02, 2.968724E+02, 2.965559E+02
2024-06-22 02:30:15,2, 0.000000E+00, 2.958818E+02, 2.964758E+02, 0.000000E+00, 1.066264E+01, 3.080976E+02, 2.971361E+02, 2.960401E+02, 2.967024E+02, 2.963891E+02
2024-06-22 02:45:15,2, 0.000000E+00, 2.957224E+02, 2.963117E+02, 0.000000E+00, 1.044528E+01, 3.077995E+02, 2.969616E+02, 2.958742E+02, 2.965343E+02, 2.962239E+02
2024-06-22 03:00:15,2, 0.000000E+00, 2.955638E+02, 2.961485E+02, 0.000000E+00, 1.023474E+01, 3.075169E+02, 2.967897E+02, 2.957100E+02, 2.963676E+02, 2.960598E+02
2024-06-22 03:15:15,2, 0.000000E+00, 2.954466E+02, 2.960204E+02, 0.000000E+00, 1.045561E+01, 3.072485E+02, 2.966645E+02, 2.956085E+02, 2.962330E+02, 2.959302E+02
2024-06-22 03:30:15,2, 0.000000E+00, 2.953294E+02, 2.959057E+02, 0.000000E+00, 1.065082E+01, 3.069929E+02, 2.965520E+02, 2.955189E+02, 2.961178E+02, 2.958214E+02
2024-06-22 03:45:15,2, 0.000000E+00, 2.952123E+02, 2.957924E+02, 0.000000E+00, 1.067176E+01, 3.067488E+02, 2.964419E+02, 2.954305E+02, 2.960050E+02, 2.957148E+02
2024-06-22 04:00:15,2, 0.000000E+00, 2.950945E+02, 2.956796E+02, 0.000000E+00, 1.068126E+01, 3.065152E+02, 2.963338E+02, 2.953436E+02, 2.958931E+02, 2.956090E+02
2024-06-22 04:15:15,2, 0.000000E+00, 2.949411E+02, 2.955598E+02, 0.000000E+00, 1.205772E+01, 3.062955E+02, 2.962680E+02, 2.953255E+02, 2.957880E+02, 2.955165E+02
2024-06-22 04:30:15,2, 0.000000E+00, 2.947877E+02, 2.954385E+02, 0.000000E+00, 1.236034E+01, 3.060919E+02, 2.962046E+02, 2.953110E+02, 2.956833E+02, 2.954262E+02
2024-06-22 04:45:15,2, 0.000000E+00, 2.946343E+02, 2.953164E+02, 0.000000E+00, 1.240373E+01, 3.059025E+02, 2.961437E+02, 2.953023E+02, 2.955791E+02, 2.953376E+02
2024-06-22 05:00:15,2, 0.000000E+00, 2.944830E+02, 2.951935E+02, 0.000000E+00, 1.220007E+01, 3.057258E+02, 2.960843E+02, 2.952975E+02, 2.954744E+02, 2.952481E+02
2024-06-22 05:15:15,2, 0.000000E+00, 2.944545E+02, 2.951490E+02, 0.000000E+00, 7.252471E+00, 3.055581E+02, 2.960432E+02, 2.952769E+02, 2.954192E+02, 2.951973E+02
2024-06-22 05:30:15,2, 0.000000E+00, 2.944260E+02, 2.951247E+02, 0.000000E+00, 6.384344E+00, 3.053962E+02, 2.960202E+02, 2.952728E+02, 2.953945E+02, 2.951777E+02
2024-06-22 05:45:15,2, 0.000000E+00, 2.943975E+02, 2.951003E+02, 0.000000E+00, 6.186204E+00, 3.052401E+02, 2.959980E+02, 2.952689E+02, 2.953707E+02, 2.951591E+02
2024-06-22 06:00:15,2, 0.000000E+00, 2.943711E+02, 2.950761E+02, 0.000000E+00, 5.927866E+00, 3.050897E+02, 2.959760E+02, 2.952643E+02, 2.953470E+02, 2.951403E+02
2024-06-22 06:15:15,2, 0.000000E+00, 2.944703E+02, 2.951298E+02, 0.000000E+00, 6.700694E-01, 3.049431E+02, 2.959727E+02, 2.952509E+02, 2.953724E+02, 2.951621E+02
2024-06-22 06:30:15,2, 0.000000E+00, 2.945695E+02, 2.952026E+02, 0.000000E+00,-4.484297E-01, 3.047988E+02, 2.959870E+02, 2.952544E+02, 2.954278E+02, 2.952146E+02
2024-06-22 06:45:15,2, 0.000000E+00, 2.946687E+02, 2.952740E+02, 0.000000E+00,-7.909929E-01, 3.046573E+02, 2.959997E+02, 2.952553E+02, 2.954826E+02, 2.952665E+02
2024-06-22 07:00:15,2, 0.000000E+00, 2.947651E+02, 2.953438E+02, 0.000000E+00,-7.924217E-01, 3.045189E+02, 2.960121E+02, 2.952584E+02, 2.955362E+02, 2.953177E+02
2024-06-22 07:15:15,2, 0.000000E+00, 2.946938E+02, 2.953001E+02, 0.000000E+00, 5.455356E+00, 3.043821E+02, 2.959527E+02, 2.951981E+02, 2.955070E+02, 2.952909E+02
2024-06-22 07:30:15,2, 0.000000E+00, 2.946225E+02, 2.952215E+02, 0.000000E+00, 6.978601E+00, 3.042473E+02, 2.958623E+02, 2.951059E+02, 2.954260E+02, 2.952096E+02
2024-06-22 07:45:15,2, 0.000000E+00, 2.945512E+02, 2.951429E+02, 0.000000E+00, 7.293738E+00, 3.041150E+02, 2.957716E+02, 2.950135E+02, 2.953437E+02, 2.951268E+02
2024-06-22 08:00:15,2, 0.000000E+00, 2.944796E+02, 2.950648E+02, 0.000000E+00, 7.358193E+00, 3.039851E+02, 2.956811E+02, 2.949215E+02, 2.952618E+02, 2.950447E+02
2024-06-22 08:15:15,2, 0.000000E+00, 2.943848E+02, 2.949761E+02, 0.000000E+00, 8.524201E+00, 3.038584E+02, 2.955976E+02, 2.948459E+02, 2.951758E+02, 2.949609E+02
2024-06-22 08:30:15,2, 0.000000E+00, 2.942900E+02, 2.948849E+02, 0.000000E+00, 8.789328E+00, 3.037356E+02, 2.955123E+02, 2.947684E+02, 2.950862E+02, 2.948738E+02
2024-06-22 08:45:15,2, 0.000000E+00, 2.941952E+02, 2.947938E+02, 0.000000E+00, 8.844537E+00, 3.036163E+02, 2.954277E+02, 2.946915E+02, 2.949969E+02, 2.947870E+02
2024-06-22 09:00:15,2, 0.000000E+00, 2.941006E+02, 2.947029E+02, 0.000000E+00, 8.836668E+00, 3.035002E+02, 2.953433E+02, 2.946149E+02, 2.949079E+02, 2.947005E+02
2024-06-22 09:15:15,2, 0.000000E+00, 2.940163E+02, 2.946133E+02, 0.000000E+00, 8.535705E+00, 3.033861E+02, 2.952438E+02, 2.945117E+02, 2.948158E+02, 2.946082E+02
2024-06-22 09:30:15,2, 0.000000E+00, 2.939321E+02, 2.945237E+02, 0.000000E+00, 8.416310E+00, 3.032729E+02, 2.951440E+02, 2.944079E+02, 2.947232E+02, 2.945147E+02
2024-06-22 09:45:15,2, 0.000000E+00, 2.938478E+02, 2.944340E+02, 0.000000E+00, 8.341237E+00, 3.031609E+02, 2.950441E+02, 2.943037E+02, 2.946305E+02, 2.944211E+02
2024-06-22 10:00:15,2, 2.874687E+01, 2.937702E+02, 2.943513E+02, 3.294201E+00, 7.937960E+00, 3.030521E+02, 2.950617E+02, 2.944048E+02, 2.945688E+02, 2.943683E+02
2024-06-22 10:15:15,2, 4.587356E+01, 2.940824E+02, 2.946933E+02, 4.928026E+00, 1.841540E+00, 3.030238E+02, 2.955321E+02, 2.949885E+02, 2.950366E+02, 2.949524E+02
2024-06-22 10:30:15,2, 6.326381E+01, 2.943947E+02, 2.950482E+02, 6.377972E+00, 2.986947E+00, 3.030277E+02, 2.959376E+02, 2.954619E+02, 2.954738E+02, 2.954440E+02
2024-06-22 10:45:15,2, 8.084315E+01, 2.947069E+02, 2.954006E+02, 7.617429E+00, 6.615082E+00, 3.030598E+02, 2.963473E+02, 2.959376E+02, 2.959091E+02, 2.959296E+02
2024-06-22 11:00:15,2, 1.203511E+02, 2.950203E+02, 2.957580E+02, 9.657534E+00, 1.092669E+01, 3.031189E+02, 2.968449E+02, 2.965777E+02, 2.963680E+02, 2.964447E+02
2024-06-22 11:15:15,2, 1.420078E+02, 2.953997E+02, 2.962258E+02, 1.045312E+01, 1.455722E+01, 3.032406E+02, 2.974118E+02, 2.972237E+02, 2.970049E+02, 2.971794E+02
2024-06-22 11:30:15,2, 1.636182E+02, 2.957791E+02, 2.966443E+02, 1.109840E+01, 1.845175E+01, 3.033819E+02, 2.978886E+02, 2.977614E+02, 2.975179E+02, 2.977359E+02
2024-06-22 11:45:15,2, 1.850898E+02, 2.961585E+02, 2.970615E+02, 1.151899E+01, 2.241898E+01, 3.035423E+02, 2.983674E+02, 2.983047E+02, 2.980257E+02, 2.982832E+02
2024-06-22 12:00:15,2, 2.690213E+02, 2.965381E+02, 2.974930E+02, 1.248170E+01, 2.698259E+01, 3.037251E+02, 2.991033E+02, 2.992895E+02, 2.985991E+02, 2.989100E+02
2024-06-22 12:15:15,2, 2.962965E+02, 2.969284E+02, 2.980704E+02, 1.225427E+01, 4.677186E+01, 3.040526E+02, 2.999006E+02, 3.001805E+02, 2.995194E+02, 2.999665E+02
2024-06-22 12:30:15,2, 3.230353E+02, 2.973187E+02, 2.985034E+02, 1.209227E+01, 5.120624E+01, 3.043860E+02, 3.004177E+02, 3.007499E+02, 3.000653E+02, 3.005412E+02
2024-06-22 12:45:15,2, 3.491235E+02, 2.977090E+02, 2.989332E+02, 1.191818E+01, 5.505508E+01, 3.047275E+02, 3.009291E+02, 3.013121E+02, 3.005994E+02, 3.011018E+02
2024-06-22 13:00:15,2, 4.343104E+02, 2.980979E+02, 2.993734E+02, 1.183725E+01, 6.025427E+01, 3.050835E+02, 3.016631E+02, 3.021955E+02, 3.011888E+02, 3.017181E+02
2024-06-22 13:15:15,2, 4.626746E+02, 2.984073E+02, 2.998502E+02, 1.123848E+01, 9.133281E+01, 3.056019E+02, 3.023983E+02, 3.030061E+02, 3.019961E+02, 3.025926E+02
2024-06-22 13:30:15,2, 4.899073E+02, 2.987166E+02, 3.002120E+02, 1.083156E+01, 9.605628E+01, 3.061134E+02, 3.028819E+02, 3.035486E+02, 3.024791E+02, 3.030936E+02
2024-06-22 13:45:15,2, 5.158916E+02, 2.990259E+02, 3.005731E+02, 1.043508E+01, 9.987635E+01, 3.066208E+02, 3.033618E+02, 3.040885E+02, 3.029513E+02, 3.035822E+02
2024-06-22 14:00:15,2, 6.234069E+02, 2.993348E+02, 3.009527E+02, 1.008046E+01, 1.027778E+02, 3.071313E+02, 3.041183E+02, 3.049533E+02, 3.034985E+02, 3.041314E+02
2024-06-22 14:15:15,2, 6.501186E+02, 2.996183E+02, 3.014509E+02, 9.321330E+00, 9.477667E+01, 3.078831E+02, 3.049005E+02, 3.056052E+02, 3.042943E+02, 3.047845E+02
2024-06-22 14:30:15,2, 6.750263E+02, 2.999018E+02, 3.018157E+02, 8.986473E+00, 9.569817E+01, 3.085897E+02, 3.053464E+02, 3.059626E+02, 3.046931E+02, 3.050593E+02
2024-06-22 14:45:15,2, 6.980233E+02, 3.001852E+02, 3.021708E+02, 8.670544E+00, 9.691385E+01, 3.092611E+02, 3.057725E+02, 3.063385E+02, 3.050669E+02, 3.053640E+02
2024-06-22 15:00:15,2, 7.879799E+02, 3.004683E+02, 3.025303E+02, 8.378822E+00, 9.764252E+01, 3.099112E+02, 3.063785E+02, 3.069235E+02, 3.054775E+02, 3.057275E+02
2024-06-22 15:15:15,2, 8.086808E+02, 3.007276E+02, 3.029491E+02, 7.639212E+00, 8.935268E+01, 3.107638E+02, 3.071565E+02, 3.076775E+02, 3.061526E+02, 3.063668E+02
2024-06-22 15:30:15,2, 8.269926E+02, 3.009870E+02, 3.032670E+02, 7.265674E+00, 8.816740E+01, 3.115661E+02, 3.076658E+02, 3.081880E+02, 3.065528E+02, 3.067619E+02
2024-06-22 15:45:15,2, 8.428371E+02, 3.012463E+02, 3.035793E+02, 6.907158E+00, 8.697190E+01, 3.123254E+02, 3.081569E+02, 3.086786E+02, 3.069361E+02, 3.071414E+02
2024-06-22 16:00:15,2, 7.878238E+02, 3.015035E+02, 3.038756E+02, 6.559503E+00, 8.578647E+01, 3.130375E+02, 3.084286E+02, 3.089625E+02, 3.072464E+02, 3.074669E+02
2024-06-22 16:15:15,2, 7.976856E+02, 3.016391E+02, 3.039719E+02, 6.686046E+00, 9.258000E+01, 3.134863E+02, 3.084726E+02, 3.090547E+02, 3.072417E+02, 3.074941E+02
2024-06-22 16:30:15,2, 8.051198E+02, 3.017747E+02, 3.041383E+02, 6.475534E+00, 9.194836E+01, 3.139391E+02, 3.087501E+02, 3.093362E+02, 3.074498E+02, 3.077026E+02
2024-06-22 16:45:15,2, 8.100947E+02, 3.019103E+02, 3.042996E+02, 6.288765E+00, 9.119681E+01, 3.143849E+02, 3.090063E+02, 3.095910E+02, 3.076456E+02, 3.078977E+02
2024-06-22 17:00:15,2, 8.105105E+02, 3.020460E+02, 3.044550E+02, 6.122770E+00, 9.035065E+01, 3.148150E+02, 3.092320E+02, 3.098126E+02, 3.078242E+02, 3.080763E+02
2024-06-22 17:15:15,2, 8.105132E+02, 3.021854E+02, 3.045984E+02, 6.006981E+00, 8.785054E+01, 3.152149E+02, 3.094094E+02, 3.099728E+02, 3.079772E+02, 3.082286E+02
2024-06-22 17:30:15,2, 8.080308E+02, 3.023248E+02, 3.047374E+02, 5.901279E+00, 8.732639E+01, 3.155865E+02, 3.095682E+02, 3.101100E+02, 3.081210E+02, 3.083700E+02
2024-06-22 17:45:15,2, 8.030741E+02, 3.024642E+02, 3.048703E+02, 5.815755E+00, 8.693489E+01, 3.159272E+02, 3.097003E+02, 3.102174E+02, 3.082493E+02, 3.084953E+02
2024-06-22 18:00:15,2, 8.028098E+02, 3.026040E+02, 3.049984E+02, 5.751024E+00, 8.914044E+01, 3.162358E+02, 3.098238E+02, 3.103103E+02, 3.083672E+02, 3.086073E+02
2024-06-22 18:15:15,2, 7.928902E+02, 3.027675E+02, 3.051715E+02, 5.835557E+00, 1.251810E+02, 3.165215E+02, 3.096987E+02, 3.100977E+02, 3.083610E+02, 3.085594E+02
2024-06-22 18:30:15,2, 7.805698E+02, 3.029309E+02, 3.053275E+02, 5.890026E+00, 1.285521E+02, 3.167491E+02, 3.095831E+02, 3.099351E+02, 3.083476E+02, 3.085222E+02
2024-06-22 18:45:15,2, 7.659015E+02, 3.030943E+02, 3.054694E+02, 5.921753E+00, 1.310227E+02, 3.169260E+02, 3.094868E+02, 3.098024E+02, 3.083500E+02, 3.085066E+02
2024-06-22 19:00:15,2, 6.669086E+02, 3.032545E+02, 3.055837E+02, 5.943738E+00, 1.311731E+02, 3.170463E+02, 3.091559E+02, 3.094426E+02, 3.082860E+02, 3.084458E+02
2024-06-22 19:15:15,2, 6.498419E+02, 3.032254E+02, 3.054096E+02, 6.397463E+00, 1.077766E+02, 3.168753E+02, 3.087081E+02, 3.090303E+02, 3.079352E+02, 3.081189E+02
2024-06-22 19:30:15,2, 6.308782E+02, 3.031964E+02, 3.053278E+02, 6.489537E+00, 1.079750E+02, 3.167297E+02, 3.085404E+02, 3.088470E+02, 3.078312E+02, 3.080127E+02
2024-06-22 19:45:15,2, 6.100986E+02, 3.031673E+02, 3.052404E+02, 6.606195E+00, 1.086494E+02, 3.165917E+02, 3.083570E+02, 3.086432E+02, 3.077202E+02, 3.078994E+02
2024-06-22 20:00:15,2, 5.762777E+02, 3.031376E+02, 3.051452E+02, 6.734294E+00, 1.084422E+02, 3.164473E+02, 3.081223E+02, 3.083798E+02, 3.075909E+02, 3.077699E+02
2024-06-22 20:15:15,2, 5.526054E+02, 3.030726E+02, 3.049965E+02, 6.980000E+00, 9.552914E+01, 3.162557E+02, 3.078146E+02, 3.080338E+02, 3.073810E+02, 3.075573E+02
2024-06-22 20:30:15,2, 5.274353E+02, 3.030076E+02, 3.048537E+02, 7.182295E+00, 9.527189E+01, 3.160511E+02, 3.075355E+02, 3.077094E+02, 3.071953E+02, 3.073671E+02
2024-06-22 20:45:15,2, 5.008752E+02, 3.029426E+02, 3.047057E+02, 7.395052E+00, 9.509135E+01, 3.158285E+02, 3.072435E+02, 3.073699E+02, 3.070024E+02, 3.071709E+02
2024-06-22 21:00:15,2, 3.571171E+02, 3.028742E+02, 3.045256E+02, 7.523230E+00, 9.262541E+01, 3.155742E+02, 3.065101E+02, 3.064119E+02, 3.066870E+02, 3.068531E+02
2024-06-22 21:15:15,2, 3.352287E+02, 3.026058E+02, 3.039696E+02, 8.487785E+00, 6.450099E+01, 3.150269E+02, 3.055467E+02, 3.053614E+02, 3.057669E+02, 3.059046E+02
2024-06-22 21:30:15,2, 3.125606E+02, 3.023375E+02, 3.036402E+02, 8.749834E+00, 6.061470E+01, 3.145433E+02, 3.051419E+02, 3.049158E+02, 3.053699E+02, 3.055215E+02
2024-06-22 21:45:15,2, 2.892097E+02, 3.020692E+02, 3.033122E+02, 9.008618E+00, 5.652614E+01, 3.141009E+02, 3.047431E+02, 3.044716E+02, 3.049746E+02, 3.051476E+02
2024-06-22 22:00:15,2, 2.327384E+02, 3.018001E+02, 3.029758E+02, 9.057084E+00, 5.231663E+01, 3.136824E+02, 3.042188E+02, 3.038013E+02, 3.045373E+02, 3.047376E+02
2024-06-22 22:15:15,2, 2.113191E+02, 3.014841E+02, 3.025273E+02, 9.428149E+00, 5.653515E+01, 3.132131E+02, 3.036050E+02, 3.030640E+02, 3.038821E+02, 3.040405E+02
2024-06-22 22:30:15,2, 1.895701E+02, 3.011680E+02, 3.021590E+02, 9.517789E+00, 5.227616E+01, 3.127646E+02, 3.031555E+02, 3.025374E+02, 3.034061E+02, 3.035466E+02
2024-06-22 22:45:15,2, 1.675847E+02, 3.008519E+02, 3.017955E+02, 9.476628E+00, 4.634137E+01, 3.123297E+02, 3.027196E+02, 3.020284E+02, 3.029354E+02, 3.030587E+02
2024-06-22 23:00:15,2, 1.243527E+02, 3.005368E+02, 3.014309E+02, 8.662050E+00, 3.994502E+01, 3.119023E+02, 3.022286E+02, 3.013859E+02, 3.024434E+02, 3.025438E+02
2024-06-22 23:15:15,2, 1.053947E+02, 3.002788E+02, 3.010570E+02, 8.195772E+00, 4.429512E+01, 3.114470E+02, 3.017535E+02, 3.008206E+02, 3.018563E+02, 3.018299E+02
2024-06-22 23:30:15,2, 8.647732E+01, 3.000209E+02, 3.007530E+02, 7.356216E+00, 3.992088E+01, 3.110074E+02, 3.013946E+02, 3.004281E+02, 3.014337E+02, 3.013531E+02
2024-06-22 23:45:15,2, 6.768141E+01, 2.997629E+02, 3.004552E+02, 6.221764E+00, 3.340119E+01, 3.105800E+02, 3.010531E+02, 3.000696E+02, 3.010256E+02, 3.009020E+02
2024-06-23 00:00:15,1, 3.488392E+01, 2.995045E+02, 3.001593E+02, 3.558913E+00, 2.619254E+01, 3.101617E+02, 3.006716E+02, 2.996389E+02, 3.006054E+02, 3.004315E+02
2024-06-23 00:15:15,1, 2.191531E+01, 2.992222E+02, 2.998324E+02, 2.346545E+00, 2.556545E+01, 3.097324E+02, 3.003347E+02, 2.993308E+02, 3.001464E+02, 2.999149E+02
2024-06-23 00:30:15,1, 9.200813E+00, 2.989400E+02, 2.995339E+02, 1.042898E+00, 2.124633E+01, 3.093229E+02, 3.000146E+02, 2.990720E+02, 2.997822E+02, 2.995287E+02
2024-06-23 00:45:15,1, 0.000000E+00, 2.986577E+02, 2.992154E+02, 0.000000E+00, 1.801069E+01, 3.089285E+02, 2.996441E+02, 2.987191E+02, 2.994182E+02, 2.991483E+02
2024-06-23 01:00:15,1, 0.000000E+00, 2.983769E+02, 2.989355E+02, 0.000000E+00, 1.780679E+01, 3.085626E+02, 2.993805E+02, 2.984887E+02, 2.991320E+02, 2.988718E+02
2024-06-23 01:15:15,1, 0.000000E+00, 2.981841E+02, 2.987153E+02, 0.000000E+00, 1.854979E+01, 3.082265E+02, 2.991566E+02, 2.982753E+02, 2.989016E+02, 2.986452E+02
2024-06-23 01:30:15,1, 0.000000E+00, 2.979914E+02, 2.985168E+02, 0.000000E+00, 1.888345E+01, 3.079150E+02, 2.989519E+02, 2.980819E+02, 2.986993E+02, 2.984463E+02
2024-06-23 01:45:15,1, 0.000000E+00, 2.977987E+02, 2.983212E+02, 0.000000E+00, 1.888857E+01, 3.076236E+02, 2.987517E+02, 2.978920E+02, 2.985014E+02, 2.982516E+02
2024-06-23 02:00:15,1, 0.000000E+00, 2.976075E+02, 2.981271E+02, 0.000000E+00, 1.867550E+01, 3.073488E+02, 2.985547E+02, 2.977045E+02, 2.983055E+02, 2.980586E+02
2024-06-23 02:15:15,1, 0.000000E+00, 2.975024E+02, 2.980029E+02, 0.000000E+00, 1.613308E+01, 3.070936E+02, 2.984478E+02, 2.976168E+02, 2.981741E+02, 2.979316E+02
2024-06-23 02:30:15,1, 0.000000E+00, 2.973973E+02, 2.979079E+02, 0.000000E+00, 1.603250E+01, 3.068582E+02, 2.983669E+02, 2.975587E+02, 2.980820E+02, 2.978460E+02
2024-06-23 02:45:15,1, 0.000000E+00, 2.972922E+02, 2.978156E+02, 0.000000E+00, 1.604609E+01, 3.066394E+02, 2.982903E+02, 2.975043E+02, 2.979945E+02, 2.977648E+02
2024-06-23 03:00:15,1, 0.000000E+00, 2.971871E+02, 2.977242E+02, 0.000000E+00, 1.605720E+01, 3.064348E+02, 2.982158E+02, 2.974514E+02, 2.979083E+02, 2.976849E+02
2024-06-23 03:15:15,1, 0.000000E+00, 2.970834E+02, 2.976197E+02, 0.000000E+00, 1.567524E+01, 3.062385E+02, 2.980959E+02, 2.973411E+02, 2.978024E+02, 2.975827E+02
2024-06-23 03:30:15,1, 0.000000E+00, 2.969796E+02, 2.975090E+02, 0.000000E+00, 1.544887E+01, 3.060469E+02, 2.979712E+02, 2.972251E+02, 2.976875E+02, 2.974704E+02
2024-06-23 03:45:15,1, 0.000000E+00, 2.968758E+02, 2.973978E+02, 0.000000E+00, 1.534854E+01, 3.058600E+02, 2.978470E+02, 2.971090E+02, 2.975721E+02, 2.973576E+02
2024-06-23 04:00:15,1, 0.000000E+00, 2.967730E+02, 2.972869E+02, 0.000000E+00, 1.526049E+01, 3.056780E+02, 2.977240E+02, 2.969937E+02, 2.974571E+02, 2.972450E+02
2024-06-23 04:15:15,1, 0.000000E+00, 2.967230E+02, 2.972187E+02, 0.000000E+00, 1.524167E+01, 3.055037E+02, 2.976578E+02, 2.969462E+02, 2.973819E+02, 2.971743E+02
2024-06-23 04:30:15,1, 0.000000E+00, 2.966730E+02, 2.971693E+02, 0.000000E+00, 1.558517E+01, 3.053417E+02, 2.976079E+02, 2.969162E+02, 2.973315E+02, 2.971298E+02
2024-06-23 04:45:15,1, 0.000000E+00, 2.966230E+02, 2.971218E+02, 0.000000E+00, 1.575196E+01, 3.051892E+02, 2.975606E+02, 2.968883E+02, 2.972843E+02, 2.970882E+02
2024-06-23 05:00:15,1, 0.000000E+00, 2.965729E+02, 2.970750E+02, 0.000000E+00, 1.581094E+01, 3.050444E+02, 2.975146E+02, 2.968608E+02, 2.972380E+02, 2.970474E+02
2024-06-23 05:15:15,1, 0.000000E+00, 2.965166E+02, 2.970145E+02, 0.000000E+00, 1.420214E+01, 3.049044E+02, 2.974344E+02, 2.967867E+02, 2.971749E+02, 2.969868E+02
2024-06-23 05:30:15,1, 0.000000E+00, 2.964604E+02, 2.969476E+02, 0.000000E+00, 1.371968E+01, 3.047782E+02, 2.973507E+02, 2.967076E+02, 2.971032E+02, 2.969165E+02
2024-06-23 05:45:15,1, 0.000000E+00, 2.964042E+02, 2.968803E+02, 0.000000E+00, 1.358364E+01, 3.046614E+02, 2.972683E+02, 2.966288E+02, 2.970314E+02, 2.968459E+02
2024-06-23 06:00:15,1, 0.000000E+00, 2.963421E+02, 2.968128E+02, 0.000000E+00, 1.361473E+01, 3.045513E+02, 2.971865E+02, 2.965504E+02, 2.969599E+02, 2.967755E+02
2024-06-23 06:15:15,1, 0.000000E+00, 2.959307E+02, 2.965162E+02, 0.000000E+00, 1.052385E+01, 3.044332E+02, 2.968968E+02, 2.962602E+02, 2.966966E+02, 2.965146E+02
2024-06-23 06:30:15,1, 0.000000E+00, 2.955192E+02, 2.961238E+02, 0.000000E+00, 8.712026E+00, 3.042876E+02, 2.965266E+02, 2.958821E+02, 2.963097E+02, 2.961262E+02
2024-06-23 06:45:15,1, 0.000000E+00, 2.951078E+02, 2.957241E+02, 0.000000E+00, 7.963496E+00, 3.041238E+02, 2.961480E+02, 2.954959E+02, 2.959118E+02, 2.957270E+02
2024-06-23 07:00:15,1, 0.000000E+00, 2.947037E+02, 2.953236E+02, 0.000000E+00, 7.227808E+00, 3.039472E+02, 2.957671E+02, 2.951076E+02, 2.955122E+02, 2.953261E+02
2024-06-23 07:15:15,1, 0.000000E+00, 2.947300E+02, 2.952161E+02, 0.000000E+00, 2.949216E+00, 3.037741E+02, 2.956514E+02, 2.949880E+02, 2.953603E+02, 2.951709E+02
2024-06-23 07:30:15,1, 0.000000E+00, 2.947564E+02, 2.952166E+02, 0.000000E+00, 2.314208E+00, 3.036188E+02, 2.956298E+02, 2.949655E+02, 2.953501E+02, 2.951606E+02
2024-06-23 07:45:15,1, 0.000000E+00, 2.947827E+02, 2.952217E+02, 0.000000E+00, 2.118632E+00, 3.034769E+02, 2.956119E+02, 2.949494E+02, 2.953487E+02, 2.951597E+02
2024-06-23 08:00:15,1, 0.000000E+00, 2.948092E+02, 2.952260E+02, 0.000000E+00, 1.973895E+00, 3.033446E+02, 2.955943E+02, 2.949328E+02, 2.953466E+02, 2.951579E+02
2024-06-23 08:15:15,1, 0.000000E+00, 2.948428E+02, 2.952338E+02, 0.000000E+00, 1.830719E+00, 3.032201E+02, 2.955802E+02, 2.949155E+02, 2.953475E+02, 2.951580E+02
2024-06-23 08:30:15,1, 0.000000E+00, 2.948764E+02, 2.952425E+02, 0.000000E+00, 1.707355E+00, 3.030976E+02, 2.955669E+02, 2.948989E+02, 2.953500E+02, 2.951594E+02
2024-06-23 08:45:15,1, 0.000000E+00, 2.949101E+02, 2.952502E+02, 0.000000E+00, 1.586036E+00, 3.029784E+02, 2.955529E+02, 2.948812E+02, 2.953516E+02, 2.951600E+02
2024-06-23 09:00:15,1, 0.000000E+00, 2.949443E+02, 2.952565E+02, 0.000000E+00, 1.481327E+00, 3.028629E+02, 2.955381E+02, 2.948622E+02, 2.953520E+02, 2.951591E+02
2024-06-23 09:15:15,1, 0.000000E+00, 2.950145E+02, 2.952871E+02, 0.000000E+00, 1.978552E+00, 3.027539E+02, 2.955599E+02, 2.948871E+02, 2.953753E+02, 2.951826E+02
2024-06-23 09:30:15,1, 0.000000E+00, 2.950846E+02, 2.953346E+02, 0.000000E+00, 2.122823E+00, 3.026522E+02, 2.955960E+02, 2.949289E+02, 2.954186E+02, 2.952273E+02
2024-06-23 09:45:15,1, 0.000000E+00, 2.951547E+02, 2.953855E+02, 0.000000E+00, 2.149915E+00, 3.025568E+02, 2.956353E+02, 2.949740E+02, 2.954662E+02, 2.952764E+02
2024-06-23 10:00:15,1, 2.408269E+01, 2.952265E+02, 2.954422E+02, 2.746725E+00, 2.256054E+00, 3.024687E+02, 2.957532E+02, 2.951279E+02, 2.955407E+02, 2.953598E+02
2024-06-23 10:15:15,1, 3.859202E+01, 2.953977E+02, 2.957226E+02, 4.183036E+00, 6.946380E+00, 3.024442E+02, 2.960884E+02, 2.955118E+02, 2.959271E+02, 2.958166E+02
2024-06-23 10:30:15,1, 5.332560E+01, 2.955689E+02, 2.959619E+02, 5.491188E+00, 1.218048E+01, 3.024400E+02, 2.963484E+02, 2.958166E+02, 2.962241E+02, 2.961455E+02
2024-06-23 10:45:15,1, 6.822034E+01, 2.957400E+02, 2.961859E+02, 6.655064E+00, 1.744429E+01, 3.024554E+02, 2.966009E+02, 2.961143E+02, 2.965041E+02, 2.964568E+02
2024-06-23 11:00:15,1, 1.052668E+02, 2.959128E+02, 2.964068E+02, 8.900814E+00, 2.205877E+01, 3.024902E+02, 2.969245E+02, 2.965479E+02, 2.968014E+02, 2.967997E+02
2024-06-23 11:15:15,1, 1.242743E+02, 2.961819E+02, 2.967684E+02, 9.720921E+00, 3.127722E+01, 3.025861E+02, 2.973493E+02, 2.970261E+02, 2.972747E+02, 2.973160E+02
2024-06-23 11:30:15,1, 1.432424E+02, 2.964509E+02, 2.970852E+02, 1.028765E+01, 3.640733E+01, 3.026993E+02, 2.977049E+02, 2.974401E+02, 2.976534E+02, 2.977155E+02
2024-06-23 11:45:15,1, 1.620899E+02, 2.967199E+02, 2.974010E+02, 1.068440E+01, 4.098782E+01, 3.028291E+02, 2.980632E+02, 2.978563E+02, 2.980284E+02, 2.981098E+02
2024-06-23 12:00:15,1, 2.143038E+02, 2.969901E+02, 2.977264E+02, 1.147745E+01, 4.559086E+01, 3.029773E+02, 2.985438E+02, 2.984827E+02, 2.984372E+02, 2.985460E+02
2024-06-23 12:15:15,1, 2.360796E+02, 2.973274E+02, 2.982065E+02, 1.145363E+01, 5.711618E+01, 3.032096E+02, 2.991167E+02, 2.991240E+02, 2.990617E+02, 2.992165E+02
2024-06-23 12:30:15,1, 2.574287E+02, 2.976646E+02, 2.985956E+02, 1.141251E+01, 6.138692E+01, 3.034519E+02, 2.995575E+02, 2.996197E+02, 2.995170E+02, 2.996881E+02
2024-06-23 12:45:15,1, 2.782597E+02, 2.980019E+02, 2.989809E+02, 1.134214E+01, 6.538742E+01, 3.037043E+02, 2.999944E+02, 3.001098E+02, 2.999644E+02, 3.001513E+02
2024-06-23 13:00:15,1, 3.780395E+02, 2.983398E+02, 2.993859E+02, 1.150962E+01, 6.976794E+01, 3.039732E+02, 3.007083E+02, 3.010184E+02, 3.004873E+02, 3.006992E+02
2024-06-23 13:15:15,1, 4.027746E+02, 2.987209E+02, 3.000231E+02, 1.102120E+01, 8.192045E+01, 3.044380E+02, 3.015213E+02, 3.018890E+02, 3.013717E+02, 3.016301E+02
2024-06-23 13:30:15,1, 4.265251E+02, 2.991020E+02, 3.004600E+02, 1.072171E+01, 8.471433E+01, 3.048880E+02, 3.020280E+02, 3.024400E+02, 3.018758E+02, 3.021411E+02
2024-06-23 13:45:15,1, 4.491890E+02, 2.994831E+02, 3.008909E+02, 1.044325E+01, 8.761604E+01, 3.053288E+02, 3.025242E+02, 3.029783E+02, 3.023671E+02, 3.026395E+02
2024-06-23 14:00:15,1, 4.501746E+02, 2.998615E+02, 3.013133E+02, 1.014078E+01, 9.056812E+01, 3.057620E+02, 3.029468E+02, 3.034178E+02, 3.028314E+02, 3.031103E+02
2024-06-23 14:15:15,1, 4.694997E+02, 3.000809E+02, 3.015624E+02, 9.987719E+00, 9.806939E+01, 3.061347E+02, 3.032363E+02, 3.037440E+02, 3.030968E+02, 3.033773E+02
2024-06-23 14:30:15,1, 4.875221E+02, 3.003003E+02, 3.018290E+02, 9.769960E+00, 1.003618E+02, 3.065073E+02, 3.035692E+02, 3.041126E+02, 3.034046E+02, 3.036906E+02
2024-06-23 14:45:15,1, 5.041646E+02, 3.005196E+02, 3.020925E+02, 9.549815E+00, 1.021789E+02, 3.068779E+02, 3.038943E+02, 3.044708E+02, 3.037055E+02, 3.039961E+02
2024-06-23 15:00:15,1, 5.131824E+02, 3.007381E+02, 3.023506E+02, 9.327500E+00, 1.041417E+02, 3.072436E+02, 3.041904E+02, 3.047906E+02, 3.039928E+02, 3.042874E+02
2024-06-23 15:15:15,1, 5.266950E+02, 3.009010E+02, 3.025413E+02, 9.167072E+00, 1.117734E+02, 3.075847E+02, 3.044137E+02, 3.050356E+02, 3.041975E+02, 3.044923E+02
2024-06-23 15:30:15,1, 5.386516E+02, 3.010640E+02, 3.027325E+02, 8.987802E+00, 1.134303E+02, 3.079173E+02, 3.046399E+02, 3.052814E+02, 3.044054E+02, 3.047008E+02
2024-06-23 15:45:15,1, 5.490009E+02, 3.012269E+02, 3.029191E+02, 8.815221E+00, 1.147764E+02, 3.082399E+02, 3.048550E+02, 3.055130E+02, 3.046051E+02, 3.049003E+02
2024-06-23 16:00:15,1, 4.433316E+02, 3.013871E+02, 3.030691E+02, 8.579168E+00, 1.149482E+02, 3.085404E+02, 3.046809E+02, 3.051900E+02, 3.046891E+02, 3.049752E+02
2024-06-23 16:15:15,1, 4.489032E+02, 3.013815E+02, 3.028442E+02, 9.031120E+00, 1.071367E+02, 3.085424E+02, 3.043186E+02, 3.048298E+02, 3.042837E+02, 3.045435E+02
2024-06-23 16:30:15,1, 4.531085E+02, 3.013760E+02, 3.028623E+02, 8.982995E+00, 1.079813E+02, 3.085896E+02, 3.043750E+02, 3.049080E+02, 3.043219E+02, 3.045879E+02
2024-06-23 16:45:15,1, 4.559294E+02, 3.013704E+02, 3.028793E+02, 8.936096E+00, 1.084815E+02, 3.086647E+02, 3.044257E+02, 3.049750E+02, 3.043582E+02, 3.046285E+02
2024-06-23 17:00:15,1, 3.314732E+02, 3.013620E+02, 3.028534E+02, 8.700286E+00, 1.074207E+02, 3.087450E+02, 3.040141E+02, 3.043080E+02, 3.042622E+02, 3.045123E+02
2024-06-23 17:15:15,1, 3.314891E+02, 3.011847E+02, 3.023738E+02, 9.337888E+00, 9.131289E+01, 3.085558E+02, 3.033689E+02, 3.036128E+02, 3.035570E+02, 3.037439E+02
2024-06-23 17:30:15,1, 3.304884E+02, 3.010074E+02, 3.022148E+02, 9.426563E+00, 9.098334E+01, 3.084244E+02, 3.032485E+02, 3.034977E+02, 3.034106E+02, 3.036034E+02
2024-06-23 17:45:15,1, 3.284755E+02, 3.008300E+02, 3.020586E+02, 9.501948E+00, 9.012436E+01, 3.083314E+02, 3.031307E+02, 3.033808E+02, 3.032695E+02, 3.034665E+02
2024-06-23 18:00:15,1, 2.643386E+02, 3.006472E+02, 3.018809E+02, 9.317489E+00, 8.826179E+01, 3.082575E+02, 3.027836E+02, 3.028683E+02, 3.030622E+02, 3.032475E+02
2024-06-23 18:15:15,1, 2.610838E+02, 3.001360E+02, 3.012746E+02, 9.749031E+00, 7.262641E+01, 3.080668E+02, 3.021381E+02, 3.021551E+02, 3.023534E+02, 3.024940E+02
2024-06-23 18:30:15,1, 2.570383E+02, 2.996248E+02, 3.007898E+02, 9.974812E+00, 6.917909E+01, 3.079043E+02, 3.017205E+02, 3.017053E+02, 3.018742E+02, 3.020125E+02
2024-06-23 18:45:15,1, 2.522193E+02, 2.991136E+02, 3.003060E+02, 1.018385E+01, 6.544959E+01, 3.077583E+02, 3.013076E+02, 3.012583E+02, 3.013972E+02, 3.015318E+02
2024-06-23 19:00:15,1, 5.526609E+02, 2.986179E+02, 2.999058E+02, 1.117866E+01, 6.423591E+01, 3.076456E+02, 3.020266E+02, 3.025556E+02, 3.012270E+02, 3.014020E+02
2024-06-23 19:15:15,1, 5.385430E+02, 2.990341E+02, 3.008659E+02, 9.989583E+00, 1.026134E+02, 3.082244E+02, 3.032970E+02, 3.038546E+02, 3.027539E+02, 3.030660E+02
2024-06-23 19:30:15,1, 5.228522E+02, 2.994502E+02, 3.012144E+02, 9.780606E+00, 1.027983E+02, 3.086474E+02, 3.034599E+02, 3.039576E+02, 3.030187E+02, 3.033022E+02
2024-06-23 19:45:15,1, 5.056557E+02, 2.998664E+02, 3.015460E+02, 9.646442E+00, 1.035758E+02, 3.089537E+02, 3.035957E+02, 3.040341E+02, 3.032608E+02, 3.035197E+02
2024-06-23 20:00:15,1, 5.006239E+02, 3.002668E+02, 3.018675E+02, 9.548652E+00, 1.038092E+02, 3.091736E+02, 3.037562E+02, 3.041511E+02, 3.035034E+02, 3.037396E+02
2024-06-23 20:15:15,1, 4.800853E+02, 2.997337E+02, 3.014987E+02, 9.660705E+00, 8.673218E+01, 3.093503E+02, 3.034240E+02, 3.037609E+02, 3.031979E+02, 3.034215E+02
2024-06-23 20:30:15,1, 4.582447E+02, 2.992006E+02, 3.009662E+02, 9.927040E+00, 8.316719E+01, 3.094308E+02, 3.029173E+02, 3.031966E+02, 3.026302E+02, 3.028420E+02
2024-06-23 20:45:15,1, 4.351955E+02, 2.986676E+02, 3.004277E+02, 1.019902E+01, 7.977534E+01, 3.094346E+02, 3.023968E+02, 3.026211E+02, 3.020495E+02, 3.022504E+02
2024-06-23 21:00:15,1, 1.324317E+02, 2.981364E+02, 2.998083E+02, 8.245237E+00, 7.265616E+01, 3.093528E+02, 3.009316E+02, 3.004620E+02, 3.011795E+02, 3.013173E+02
2024-06-23 21:15:15,1, 1.243236E+02, 2.977116E+02, 2.986584E+02, 8.867555E+00, 4.093167E+01, 3.086597E+02, 2.994211E+02, 2.988511E+02, 2.993348E+02, 2.993065E+02
2024-06-23 21:30:15,1, 1.159261E+02, 2.972868E+02, 2.982278E+02, 8.822052E+00, 3.686277E+01, 3.081769E+02, 2.990265E+02, 2.984627E+02, 2.988648E+02, 2.988330E+02
2024-06-23 21:45:15,1, 1.072750E+02, 2.968621E+02, 2.978202E+02, 8.620741E+00, 3.200004E+01, 3.078387E+02, 2.986667E+02, 2.981100E+02, 2.984308E+02, 2.983921E+02
2024-06-23 22:00:15,1, 1.599789E+02, 2.964423E+02, 2.974351E+02, 1.063972E+01, 2.886025E+01, 3.075973E+02, 2.985043E+02, 2.981124E+02, 2.980690E+02, 2.980380E+02
2024-06-23 22:15:15,1, 1.452727E+02, 2.963194E+02, 2.973759E+02, 1.016203E+01, 5.471299E+01, 3.076085E+02, 2.984605E+02, 2.980361E+02, 2.980934E+02, 2.980952E+02
2024-06-23 22:30:15,1, 1.303392E+02, 2.961965E+02, 2.972163E+02, 9.691471E+00, 5.318451E+01, 3.079274E+02, 2.982566E+02, 2.977596E+02, 2.978875E+02, 2.978649E+02
2024-06-23 22:45:15,1, 1.152423E+02, 2.960736E+02, 2.970655E+02, 9.136744E+00, 5.096643E+01, 3.084413E+02, 2.980756E+02, 2.974971E+02, 2.976934E+02, 2.976431E+02
2024-06-23 23:00:15,1, 1.166361E+02, 2.959510E+02, 2.969250E+02, 9.231413E+00, 4.901713E+01, 3.090310E+02, 2.979558E+02, 2.973356E+02, 2.975242E+02, 2.974500E+02
2024-06-23 23:15:15,1, 9.888170E+01, 2.958453E+02, 2.968184E+02, 8.399391E+00, 4.741488E+01, 3.092839E+02, 2.978062E+02, 2.971105E+02, 2.974049E+02, 2.973184E+02
2024-06-23 23:30:15,1, 8.116413E+01, 2.957395E+02, 2.966452E+02, 7.409866E+00, 4.253707E+01, 3.090089E+02, 2.975355E+02, 2.967877E+02, 2.971640E+02, 2.970557E+02
2024-06-23 23:45:15,1, 6.355925E+01, 2.956338E+02, 2.964599E+02, 6.211511E+00, 3.705825E+01, 3.085510E+02, 2.972432E+02, 2.964574E+02, 2.969054E+02, 2.967819E+02
2024-06-23 00:00:15,2, 3.488392E+01, 2.995045E+02, 3.001591E+02, 3.562427E+00, 2.623413E+01, 3.101613E+02, 3.007082E+02, 2.997019E+02, 3.006116E+02, 3.004438E+02
2024-06-23 00:15:15,2, 2.191531E+01, 2.992222E+02, 2.998324E+02, 2.347647E+00, 2.558915E+01, 3.097321E+02, 3.003717E+02, 2.993964E+02, 3.001549E+02, 2.999309E+02
2024-06-23 00:30:15,2, 9.200813E+00, 2.989400E+02, 2.995338E+02, 1.043526E+00, 2.126607E+01, 3.093226E+02, 3.000495E+02, 2.991376E+02, 2.997916E+02, 2.995459E+02
2024-06-23 00:45:15,2, 0.000000E+00, 2.986577E+02, 2.992155E+02, 0.000000E+00, 1.801188E+01, 3.089282E+02, 2.996784E+02, 2.987808E+02, 2.994285E+02, 2.991673E+02
2024-06-23 01:00:15,2, 0.000000E+00, 2.983769E+02, 2.989357E+02, 0.000000E+00, 1.780621E+01, 3.085623E+02, 2.994135E+02, 2.985481E+02, 2.991419E+02, 2.988899E+02
2024-06-23 01:15:15,2, 0.000000E+00, 2.981841E+02, 2.987155E+02, 0.000000E+00, 1.854901E+01, 3.082262E+02, 2.991891E+02, 2.983340E+02, 2.989113E+02, 2.986628E+02
2024-06-23 01:30:15,2, 0.000000E+00, 2.979914E+02, 2.985169E+02, 0.000000E+00, 1.888257E+01, 3.079148E+02, 2.989840E+02, 2.981398E+02, 2.987088E+02, 2.984637E+02
2024-06-23 01:45:15,2, 0.000000E+00, 2.977987E+02, 2.983214E+02, 0.000000E+00, 1.888772E+01, 3.076234E+02, 2.987835E+02, 2.979492E+02, 2.985108E+02, 2.982688E+02
2024-06-23 02:00:15,2, 0.000000E+00, 2.976075E+02, 2.981273E+02, 0.000000E+00, 1.867476E+01, 3.073486E+02, 2.985862E+02, 2.977611E+02, 2.983149E+02, 2.980756E+02
2024-06-23 02:15:15,2, 0.000000E+00, 2.975024E+02, 2.980030E+02, 0.000000E+00, 1.613263E+01, 3.070934E+02, 2.984785E+02, 2.976721E+02, 2.981832E+02, 2.979481E+02
2024-06-23 02:30:15,2, 0.000000E+00, 2.973973E+02, 2.979080E+02, 0.000000E+00, 1.603183E+01, 3.068580E+02, 2.983967E+02, 2.976123E+02, 2.980909E+02, 2.978620E+02
2024-06-23 02:45:15,2, 0.000000E+00, 2.972922E+02, 2.978158E+02, 0.000000E+00, 1.604536E+01, 3.066392E+02, 2.983192E+02, 2.975564E+02, 2.980031E+02, 2.977804E+02
2024-06-23 03:00:15,2, 0.000000E+00, 2.971871E+02, 2.977244E+02, 0.000000E+00, 1.605647E+01, 3.064346E+02, 2.982438E+02, 2.975020E+02, 2.979167E+02, 2.977001E+02
2024-06-23 03:15:15,2, 0.000000E+00, 2.970834E+02, 2.976199E+02, 0.000000E+00, 1.567473E+01, 3.062383E+02, 2.981236E+02, 2.973910E+02, 2.978107E+02, 2.975977E+02
2024-06-23 03:30:15,2, 0.000000E+00, 2.969796E+02, 2.975091E+02, 0.000000E+00, 1.544842E+01, 3.060467E+02, 2.979986E+02, 2.972744E+02, 2.976957E+02, 2.974853E+02
2024-06-23 03:45:15,2, 0.000000E+00, 2.968758E+02, 2.973980E+02, 0.000000E+00, 1.534814E+01, 3.058599E+02, 2.978741E+02, 2.971577E+02, 2.975802E+02, 2.973722E+02
2024-06-23 04:00:15,2, 0.000000E+00, 2.967730E+02, 2.972870E+02, 0.000000E+00, 1.526017E+01, 3.056778E+02, 2.977508E+02, 2.970419E+02, 2.974651E+02, 2.972594E+02
2024-06-23 04:15:15,2, 0.000000E+00, 2.967230E+02, 2.972189E+02, 0.000000E+00, 1.524136E+01, 3.055036E+02, 2.976839E+02, 2.969930E+02, 2.973896E+02, 2.971883E+02
2024-06-23 04:30:15,2, 0.000000E+00, 2.966730E+02, 2.971694E+02, 0.000000E+00, 1.558488E+01, 3.053415E+02, 2.976332E+02, 2.969617E+02, 2.973391E+02, 2.971433E+02
2024-06-23 04:45:15,2, 0.000000E+00, 2.966230E+02, 2.971219E+02, 0.000000E+00, 1.575182E+01, 3.051891E+02, 2.975853E+02, 2.969324E+02, 2.972916E+02, 2.971014E+02
2024-06-23 05:00:15,2, 0.000000E+00, 2.965729E+02, 2.970751E+02, 0.000000E+00, 1.581097E+01, 3.050443E+02, 2.975385E+02, 2.969036E+02, 2.972451E+02, 2.970601E+02
2024-06-23 05:15:15,2, 0.000000E+00, 2.965166E+02, 2.970147E+02, 0.000000E+00, 1.420260E+01, 3.049042E+02, 2.974581E+02, 2.968291E+02, 2.971820E+02, 2.969995E+02
2024-06-23 05:30:15,2, 0.000000E+00, 2.964604E+02, 2.969477E+02, 0.000000E+00, 1.372014E+01, 3.047781E+02, 2.973743E+02, 2.967496E+02, 2.971102E+02, 2.969291E+02
2024-06-23 05:45:15,2, 0.000000E+00, 2.964042E+02, 2.968804E+02, 0.000000E+00, 1.358410E+01, 3.046613E+02, 2.972917E+02, 2.966706E+02, 2.970383E+02, 2.968583E+02
2024-06-23 06:00:15,2, 0.000000E+00, 2.963421E+02, 2.968129E+02, 0.000000E+00, 1.361512E+01, 3.045512E+02, 2.972098E+02, 2.965920E+02, 2.969668E+02, 2.967878E+02
2024-06-23 06:15:15,2, 0.000000E+00, 2.959307E+02, 2.965164E+02, 0.000000E+00, 1.052502E+01, 3.044331E+02, 2.969201E+02, 2.963017E+02, 2.967036E+02, 2.965275E+02
2024-06-23 06:30:15,2, 0.000000E+00, 2.955192E+02, 2.961240E+02, 0.000000E+00, 8.712823E+00, 3.042876E+02, 2.965502E+02, 2.959242E+02, 2.963168E+02, 2.961393E+02
2024-06-23 06:45:15,2, 0.000000E+00, 2.951078E+02, 2.957242E+02, 0.000000E+00, 7.963881E+00, 3.041237E+02, 2.961719E+02, 2.955385E+02, 2.959191E+02, 2.957401E+02
2024-06-23 07:00:15,2, 0.000000E+00, 2.947037E+02, 2.953238E+02, 0.000000E+00, 7.227982E+00, 3.039471E+02, 2.957912E+02, 2.951508E+02, 2.955196E+02, 2.953393E+02
2024-06-23 07:15:15,2, 0.000000E+00, 2.947300E+02, 2.952162E+02, 0.000000E+00, 2.949412E+00, 3.037741E+02, 2.956758E+02, 2.950316E+02, 2.953674E+02, 2.951835E+02
2024-06-23 07:30:15,2, 0.000000E+00, 2.947564E+02, 2.952167E+02, 0.000000E+00, 2.314016E+00, 3.036188E+02, 2.956542E+02, 2.950092E+02, 2.953571E+02, 2.951731E+02
2024-06-23 07:45:15,2, 0.000000E+00, 2.947827E+02, 2.952219E+02, 0.000000E+00, 2.118348E+00, 3.034769E+02, 2.956364E+02, 2.949931E+02, 2.953558E+02, 2.951721E+02
2024-06-23 08:00:15,2, 0.000000E+00, 2.948092E+02, 2.952261E+02, 0.000000E+00, 1.973562E+00, 3.033446E+02, 2.956187E+02, 2.949765E+02, 2.953536E+02, 2.951704E+02
2024-06-23 08:15:15,2, 0.000000E+00, 2.948428E+02, 2.952339E+02, 0.000000E+00, 1.830363E+00, 3.032201E+02, 2.956048E+02, 2.949596E+02, 2.953546E+02, 2.951705E+02
2024-06-23 08:30:15,2, 0.000000E+00, 2.948764E+02, 2.952426E+02, 0.000000E+00, 1.706987E+00, 3.030977E+02, 2.955917E+02, 2.949434E+02, 2.953571E+02, 2.951721E+02
2024-06-23 08:45:15,2, 0.000000E+00, 2.949101E+02, 2.952503E+02, 0.000000E+00, 1.585674E+00, 3.029784E+02, 2.955779E+02, 2.949260E+02, 2.953588E+02, 2.951727E+02
2024-06-23 09:00:15,2, 0.000000E+00, 2.949443E+02, 2.952566E+02, 0.000000E+00, 1.480983E+00, 3.028630E+02, 2.955634E+02, 2.949075E+02, 2.953592E+02, 2.951720E+02
2024-06-23 09:15:15,2, 0.000000E+00, 2.950145E+02, 2.952871E+02, 0.000000E+00, 1.978063E+00, 3.027540E+02, 2.955851E+02, 2.949322E+02, 2.953825E+02, 2.951954E+02
2024-06-23 09:30:15,2, 0.000000E+00, 2.950846E+02, 2.953346E+02, 0.000000E+00, 2.122383E+00, 3.026523E+02, 2.956211E+02, 2.949736E+02, 2.954257E+02, 2.952400E+02
2024-06-23 09:45:15,2, 0.000000E+00, 2.951547E+02, 2.953855E+02, 0.000000E+00, 2.149554E+00, 3.025569E+02, 2.956602E+02, 2.950185E+02, 2.954733E+02, 2.952890E+02
2024-06-23 10:00:15,2, 2.408269E+01, 2.952265E+02, 2.954422E+02, 2.748611E+00, 2.256042E+00, 3.024688E+02, 2.957763E+02, 2.951679E+02, 2.955472E+02, 2.953711E+02
2024-06-23 10:15:15,2, 3.859202E+01, 2.953977E+02, 2.957225E+02, 4.187645E+00, 6.952170E+00, 3.024443E+02, 2.961084E+02, 2.955457E+02, 2.959307E+02, 2.958226E+02
2024-06-23 10:30:15,2, 5.332560E+01, 2.955689E+02, 2.959619E+02, 5.499597E+00, 1.219014E+01, 3.024401E+02, 2.963660E+02, 2.958456E+02, 2.962267E+02, 2.961499E+02
2024-06-23 10:45:15,2, 6.822034E+01, 2.957400E+02, 2.961859E+02, 6.668015E+00, 1.745236E+01, 3.024555E+02, 2.966162E+02, 2.961386E+02, 2.965059E+02, 2.964604E+02
2024-06-23 11:00:15,2, 1.052668E+02, 2.959128E+02, 2.964068E+02, 8.924506E+00, 2.207396E+01, 3.024902E+02, 2.969334E+02, 2.965551E+02, 2.968003E+02, 2.967940E+02
2024-06-23 11:15:15,2, 1.242743E+02, 2.961819E+02, 2.967681E+02, 9.743063E+00, 3.131181E+01, 3.025862E+02, 2.973550E+02, 2.970272E+02, 2.972721E+02, 2.973090E+02
2024-06-23 11:30:15,2, 1.432424E+02, 2.964509E+02, 2.970850E+02, 1.030385E+01, 3.645141E+01, 3.026993E+02, 2.977075E+02, 2.974338E+02, 2.976501E+02, 2.977072E+02
2024-06-23 11:45:15,2, 1.620899E+02, 2.967199E+02, 2.974009E+02, 1.069491E+01, 4.101998E+01, 3.028291E+02, 2.980628E+02, 2.978443E+02, 2.980245E+02, 2.981003E+02
2024-06-23 12:00:15,2, 2.143038E+02, 2.969901E+02, 2.977264E+02, 1.147974E+01, 4.561536E+01, 3.029772E+02, 2.985367E+02, 2.984564E+02, 2.984320E+02, 2.985333E+02
2024-06-23 12:15:15,2, 2.360796E+02, 2.973274E+02, 2.982063E+02, 1.145637E+01, 5.713249E+01, 3.032096E+02, 2.991057E+02, 2.990906E+02, 2.990547E+02, 2.991990E+02
2024-06-23 12:30:15,2, 2.574287E+02, 2.976646E+02, 2.985954E+02, 1.141582E+01, 6.140751E+01, 3.034518E+02, 2.995439E+02, 2.995815E+02, 2.995093E+02, 2.996692E+02
2024-06-23 12:45:15,2, 2.782597E+02, 2.980019E+02, 2.989808E+02, 1.134595E+01, 6.541251E+01, 3.037041E+02, 2.999784E+02, 3.000670E+02, 2.999561E+02, 3.001310E+02
2024-06-23 13:00:15,2, 3.780395E+02, 2.983398E+02, 2.993857E+02, 1.151546E+01, 6.979640E+01, 3.039729E+02, 3.006845E+02, 3.009553E+02, 3.004773E+02, 3.006740E+02
2024-06-23 13:15:15,2, 4.027746E+02, 2.987209E+02, 3.000222E+02, 1.102788E+01, 8.195063E+01, 3.044376E+02, 3.014940E+02, 3.018183E+02, 3.013592E+02, 3.015971E+02
2024-06-23 13:30:15,2, 4.265251E+02, 2.991020E+02, 3.004591E+02, 1.072837E+01, 8.475023E+01, 3.048876E+02, 3.019990E+02, 3.023658E+02, 3.018630E+02, 3.021073E+02
2024-06-23 13:45:15,2, 4.491890E+02, 2.994831E+02, 3.008900E+02, 1.044982E+01, 8.765549E+01, 3.053283E+02, 3.024937E+02, 3.029009E+02, 3.023539E+02, 3.026047E+02
2024-06-23 14:00:15,2, 4.501746E+02, 2.998615E+02, 3.013125E+02, 1.014713E+01, 9.061081E+01, 3.057614E+02, 3.029157E+02, 3.033402E+02, 3.028180E+02, 3.030753E+02
2024-06-23 14:15:15,2, 4.694997E+02, 3.000809E+02, 3.015617E+02, 9.993594E+00, 9.811491E+01, 3.061339E+02, 3.032042E+02, 3.036643E+02, 3.030835E+02, 3.033432E+02
2024-06-23 14:30:15,2, 4.875221E+02, 3.003003E+02, 3.018284E+02, 9.775714E+00, 1.004092E+02, 3.065065E+02, 3.035359E+02, 3.040303E+02, 3.033910E+02, 3.036557E+02
2024-06-23 14:45:15,2, 5.041646E+02, 3.005196E+02, 3.020919E+02, 9.555449E+00, 1.022282E+02, 3.068770E+02, 3.038599E+02, 3.043861E+02, 3.036917E+02, 3.039606E+02
2024-06-23 15:00:15,2, 5.131824E+02, 3.007381E+02, 3.023500E+02, 9.332988E+00, 1.041925E+02, 3.072425E+02, 3.041553E+02, 3.047045E+02, 3.039787E+02, 3.042515E+02
2024-06-23 15:15:15,2, 5.266950E+02, 3.009010E+02, 3.025408E+02, 9.172364E+00, 1.118252E+02, 3.075835E+02, 3.043780E+02, 3.049483E+02, 3.041835E+02, 3.044566E+02
2024-06-23 15:30:15,2, 5.386516E+02, 3.010640E+02, 3.027319E+02, 8.992980E+00, 1.134835E+02, 3.079160E+02, 3.046037E+02, 3.051929E+02, 3.043913E+02, 3.046648E+02
2024-06-23 15:45:15,2, 5.490009E+02, 3.012269E+02, 3.029186E+02, 8.820299E+00, 1.148304E+02, 3.082385E+02, 3.048184E+02, 3.054236E+02, 3.045910E+02, 3.048643E+02
2024-06-23 16:00:15,2, 4.433316E+02, 3.013871E+02, 3.030686E+02, 8.583850E+00, 1.150040E+02, 3.085389E+02, 3.046495E+02, 3.051160E+02, 3.046762E+02, 3.049427E+02
2024-06-23 16:15:15,2, 4.489032E+02, 3.013815E+02, 3.028444E+02, 9.034780E+00, 1.071853E+02, 3.085408E+02, 3.042879E+02, 3.047573E+02, 3.042722E+02, 3.045160E+02
2024-06-23 16:30:15,2, 4.531085E+02, 3.013760E+02, 3.028625E+02, 8.986676E+00, 1.080305E+02, 3.085880E+02, 3.043434E+02, 3.048335E+02, 3.043102E+02, 3.045598E+02
2024-06-23 16:45:15,2, 4.559294E+02, 3.013704E+02, 3.028795E+02, 8.939749E+00, 1.085313E+02, 3.086630E+02, 3.043934E+02, 3.048990E+02, 3.043462E+02, 3.045999E+02
2024-06-23 17:00:15,2, 3.314732E+02, 3.013620E+02, 3.028537E+02, 8.703079E+00, 1.074705E+02, 3.087432E+02, 3.039909E+02, 3.042530E+02, 3.042520E+02, 3.044879E+02
2024-06-23 17:15:15,2, 3.314891E+02, 3.011847E+02, 3.023742E+02, 9.340694E+00, 9.135357E+01, 3.085541E+02, 3.033476E+02, 3.035610E+02, 3.035492E+02, 3.037254E+02
2024-06-23 17:30:15,2, 3.304884E+02, 3.010074E+02, 3.022152E+02, 9.429430E+00, 9.102483E+01, 3.084227E+02, 3.032267E+02, 3.034448E+02, 3.034026E+02, 3.035844E+02
2024-06-23 17:45:15,2, 3.284755E+02, 3.008300E+02, 3.020590E+02, 9.504839E+00, 9.016618E+01, 3.083297E+02, 3.031086E+02, 3.033272E+02, 3.032614E+02, 3.034472E+02
2024-06-23 18:00:15,2, 2.643386E+02, 3.006472E+02, 3.018813E+02, 9.319196E+00, 8.830284E+01, 3.082558E+02, 3.027675E+02, 3.028268E+02, 3.030550E+02, 3.032303E+02
2024-06-23 18:15:15,2, 2.610838E+02, 3.001360E+02, 3.012750E+02, 9.750896E+00, 7.265825E+01, 3.080651E+02, 3.021246E+02, 3.021180E+02, 3.023482E+02, 3.024809E+02
2024-06-23 18:30:15,2, 2.570383E+02, 2.996248E+02, 3.007902E+02, 9.976691E+00, 6.920972E+01, 3.079027E+02, 3.017083E+02, 3.016704E+02, 3.018690E+02, 3.019995E+02
2024-06-23 18:45:15,2, 2.522193E+02, 2.991136E+02, 3.003064E+02, 1.018569E+01, 6.547884E+01, 3.077568E+02, 3.012968E+02, 3.012258E+02, 3.013922E+02, 3.015190E+02
2024-06-23 19:00:15,2, 5.526609E+02, 2.986179E+02, 2.999060E+02, 1.118437E+01, 6.426304E+01, 3.076440E+02, 3.019943E+02, 3.024702E+02, 3.012178E+02, 3.013782E+02
2024-06-23 19:15:15,2, 5.385430E+02, 2.990341E+02, 3.008652E+02, 9.996112E+00, 1.026629E+02, 3.082227E+02, 3.032616E+02, 3.037635E+02, 3.027387E+02, 3.030256E+02
2024-06-23 19:30:15,2, 5.228522E+02, 2.994502E+02, 3.012137E+02, 9.786758E+00, 1.028454E+02, 3.086456E+02, 3.034274E+02, 3.038731E+02, 3.030047E+02, 3.032646E+02
2024-06-23 19:45:15,2, 5.056557E+02, 2.998664E+02, 3.015452E+02, 9.652415E+00, 1.036207E+02, 3.089519E+02, 3.035659E+02, 3.039556E+02, 3.032479E+02, 3.034846E+02
2024-06-23 20:00:15,2, 5.006239E+02, 3.002668E+02, 3.018666E+02, 9.554574E+00, 1.038532E+02, 3.091718E+02, 3.037284E+02, 3.040764E+02, 3.034913E+02, 3.037063E+02
2024-06-23 20:15:15,2, 4.800853E+02, 2.997337E+02, 3.014979E+02, 9.666750E+00, 8.677686E+01, 3.093486E+02, 3.033982E+02, 3.036900E+02, 3.031868E+02, 3.033898E+02
2024-06-23 20:30:15,2, 4.582447E+02, 2.992006E+02, 3.009654E+02, 9.933058E+00, 8.320623E+01, 3.094291E+02, 3.028934E+02, 3.031295E+02, 3.026197E+02, 3.028114E+02
2024-06-23 20:45:15,2, 4.351955E+02, 2.986676E+02, 3.004270E+02, 1.020506E+01, 7.981052E+01, 3.094330E+02, 3.023749E+02, 3.025577E+02, 3.020395E+02, 3.022208E+02
2024-06-23 21:00:15,2, 1.324317E+02, 2.981364E+02, 2.998078E+02, 8.257584E+00, 7.269288E+01, 3.093512E+02, 3.009372E+02, 3.004603E+02, 3.011743E+02, 3.013000E+02
2024-06-23 21:15:15,2, 1.243236E+02, 2.977116E+02, 2.986585E+02, 8.883194E+00, 4.097745E+01, 3.086583E+02, 2.994342E+02, 2.988634E+02, 2.993359E+02, 2.993067E+02
2024-06-23 21:30:15,2, 1.159261E+02, 2.972868E+02, 2.982278E+02, 8.841342E+00, 3.691653E+01, 3.081756E+02, 2.990400E+02, 2.984767E+02, 2.988657E+02, 2.988332E+02
2024-06-23 21:45:15,2, 1.072750E+02, 2.968621E+02, 2.978201E+02, 8.641843E+00, 3.205650E+01, 3.078374E+02, 2.986807E+02, 2.981258E+02, 2.984320E+02, 2.983925E+02
2024-06-23 22:00:15,2, 1.599789E+02, 2.964423E+02, 2.974351E+02, 1.064936E+01, 2.891012E+01, 3.075961E+02, 2.985111E+02, 2.981127E+02, 2.980693E+02, 2.980363E+02
2024-06-23 22:15:15,2, 1.452727E+02, 2.963194E+02, 2.973761E+02, 1.017633E+01, 5.474526E+01, 3.076073E+02, 2.984682E+02, 2.980384E+02, 2.980929E+02, 2.980918E+02
2024-06-23 22:30:15,2, 1.303392E+02, 2.961965E+02, 2.972164E+02, 9.710050E+00, 5.322300E+01, 3.079262E+02, 2.982676E+02, 2.977684E+02, 2.978879E+02, 2.978633E+02
2024-06-23 22:45:15,2, 1.152423E+02, 2.960736E+02, 2.970655E+02, 9.158424E+00, 5.101118E+01, 3.084401E+02, 2.980903E+02, 2.975135E+02, 2.976947E+02, 2.976435E+02
2024-06-23 23:00:15,2, 1.166361E+02, 2.959510E+02, 2.969249E+02, 9.254291E+00, 4.906502E+01, 3.090299E+02, 2.979722E+02, 2.973544E+02, 2.975262E+02, 2.974514E+02
2024-06-23 23:15:15,2, 9.888170E+01, 2.958453E+02, 2.968183E+02, 8.421706E+00, 4.746407E+01, 3.092829E+02, 2.978260E+02, 2.971365E+02, 2.974075E+02, 2.973207E+02
2024-06-23 23:30:15,2, 8.116413E+01, 2.957395E+02, 2.966450E+02, 7.429853E+00, 4.258593E+01, 3.090080E+02, 2.975585E+02, 2.968213E+02, 2.971674E+02, 2.970593E+02
2024-06-23 23:45:15,2, 6.355925E+01, 2.956338E+02, 2.964596E+02, 6.225168E+00, 3.712381E+01, 3.085503E+02, 2.972685E+02, 2.964971E+02, 2.969082E+02, 2.967820E+02
2024-06-24 00:00:15,1, 4.273197E+01, 2.955265E+02, 2.962703E+02, 4.477158E+00, 3.132346E+01, 3.080506E+02, 2.969423E+02, 2.961207E+02, 2.966310E+02, 2.964729E+02
2024-06-24 00:15:15,1, 2.688788E+01, 2.953318E+02, 2.960299E+02, 2.968057E+00, 2.764871E+01, 3.075407E+02, 2.966420E+02, 2.958085E+02, 2.963224E+02, 2.961395E+02
2024-06-24 00:30:15,1, 1.135318E+01, 2.951371E+02, 2.957850E+02, 1.329259E+00, 2.179474E+01, 3.070317E+02, 2.963443E+02, 2.955081E+02, 2.960154E+02, 2.958049E+02
2024-06-24 00:45:15,1, 0.000000E+00, 2.949424E+02, 2.955262E+02, 0.000000E+00, 1.794494E+01, 3.065489E+02, 2.960084E+02, 2.951711E+02, 2.957076E+02, 2.954717E+02
2024-06-24 01:00:15,1, 0.000000E+00, 2.947486E+02, 2.953077E+02, 0.000000E+00, 1.745864E+01, 3.061156E+02, 2.957743E+02, 2.949403E+02, 2.954795E+02, 2.952439E+02
2024-06-24 01:15:15,1, 0.000000E+00, 2.946077E+02, 2.951326E+02, 0.000000E+00, 1.674350E+01, 3.057324E+02, 2.955739E+02, 2.947451E+02, 2.952928E+02, 2.950584E+02
2024-06-24 01:30:15,1, 0.000000E+00, 2.944667E+02, 2.949717E+02, 0.000000E+00, 1.660657E+01, 3.053921E+02, 2.953895E+02, 2.945648E+02, 2.951247E+02, 2.948915E+02
2024-06-24 01:45:15,1, 0.000000E+00, 2.943258E+02, 2.948134E+02, 0.000000E+00, 1.650775E+01, 3.050845E+02, 2.952104E+02, 2.943882E+02, 2.949605E+02, 2.947280E+02
2024-06-24 02:00:15,1, 0.000000E+00, 2.941845E+02, 2.946568E+02, 0.000000E+00, 1.648622E+01, 3.048027E+02, 2.950349E+02, 2.942139E+02, 2.947986E+02, 2.945664E+02
2024-06-24 02:15:15,1, 0.000000E+00, 2.940207E+02, 2.944816E+02, 0.000000E+00, 1.784605E+01, 3.045343E+02, 2.948357E+02, 2.940111E+02, 2.946197E+02, 2.943867E+02
2024-06-24 02:30:15,1, 0.000000E+00, 2.938570E+02, 2.942986E+02, 0.000000E+00, 1.790985E+01, 3.042649E+02, 2.946294E+02, 2.938003E+02, 2.944306E+02, 2.941964E+02
2024-06-24 02:45:15,1, 0.000000E+00, 2.936932E+02, 2.941151E+02, 0.000000E+00, 1.778435E+01, 3.040015E+02, 2.944242E+02, 2.935865E+02, 2.942416E+02, 2.940048E+02
2024-06-24 03:00:15,1, 0.000000E+00, 2.935298E+02, 2.939299E+02, 0.000000E+00, 1.773464E+01, 3.037463E+02, 2.942175E+02, 2.933735E+02, 2.940508E+02, 2.938120E+02
2024-06-24 03:15:15,1, 0.000000E+00, 2.933885E+02, 2.937778E+02, 0.000000E+00, 1.703921E+01, 3.035032E+02, 2.940747E+02, 2.932472E+02, 2.938956E+02, 2.936608E+02
2024-06-24 03:30:15,1, 0.000000E+00, 2.932471E+02, 2.936444E+02, 0.000000E+00, 1.711803E+01, 3.032735E+02, 2.939492E+02, 2.931407E+02, 2.937637E+02, 2.935342E+02
2024-06-24 03:45:15,1, 0.000000E+00, 2.931058E+02, 2.935137E+02, 0.000000E+00, 1.719797E+01, 3.030555E+02, 2.938269E+02, 2.930370E+02, 2.936353E+02, 2.934112E+02
2024-06-24 04:00:15,1, 0.000000E+00, 2.929644E+02, 2.933838E+02, 0.000000E+00, 1.723417E+01, 3.028478E+02, 2.937063E+02, 2.929345E+02, 2.935080E+02, 2.932891E+02
2024-06-24 04:15:15,1, 0.000000E+00, 2.928188E+02, 2.932570E+02, 0.000000E+00, 1.642583E+01, 3.026498E+02, 2.935978E+02, 2.928519E+02, 2.933856E+02, 2.931739E+02
2024-06-24 04:30:15,1, 0.000000E+00, 2.926731E+02, 2.931296E+02, 0.000000E+00, 1.635732E+01, 3.024595E+02, 2.934887E+02, 2.927698E+02, 2.932632E+02, 2.930594E+02
2024-06-24 04:45:15,1, 0.000000E+00, 2.925275E+02, 2.930024E+02, 0.000000E+00, 1.634474E+01, 3.022777E+02, 2.933815E+02, 2.926861E+02, 2.931415E+02, 2.929444E+02
2024-06-24 05:00:15,1, 0.000000E+00, 2.923815E+02, 2.928751E+02, 0.000000E+00, 1.637602E+01, 3.021037E+02, 2.932746E+02, 2.926019E+02, 2.930199E+02, 2.928293E+02
2024-06-24 05:15:15,1, 0.000000E+00, 2.922195E+02, 2.927304E+02, 0.000000E+00, 1.618519E+01, 3.019351E+02, 2.931406E+02, 2.924808E+02, 2.928807E+02, 2.926942E+02
2024-06-24 05:30:15,1, 0.000000E+00, 2.920574E+02, 2.925789E+02, 0.000000E+00, 1.615007E+01, 3.017707E+02, 2.930009E+02, 2.923531E+02, 2.927326E+02, 2.925495E+02
2024-06-24 05:45:15,1, 0.000000E+00, 2.918953E+02, 2.924270E+02, 0.000000E+00, 1.617017E+01, 3.016103E+02, 2.928612E+02, 2.922252E+02, 2.925840E+02, 2.924044E+02
2024-06-24 06:00:15,1, 0.000000E+00, 2.917343E+02, 2.922753E+02, 0.000000E+00, 1.642352E+01, 3.014537E+02, 2.927218E+02, 2.920972E+02, 2.924356E+02, 2.922592E+02
2024-06-24 06:15:15,1, 0.000000E+00, 2.916407E+02, 2.921617E+02, 0.000000E+00, 2.216046E+01, 3.013007E+02, 2.926042E+02, 2.919871E+02, 2.923165E+02, 2.921421E+02
2024-06-24 06:30:15,1, 0.000000E+00, 2.915471E+02, 2.920631E+02, 0.000000E+00, 2.304584E+01, 3.011512E+02, 2.924994E+02, 2.918902E+02, 2.922166E+02, 2.920444E+02
2024-06-24 06:45:15,1, 0.000000E+00, 2.914535E+02, 2.919658E+02, 0.000000E+00, 2.333905E+01, 3.010051E+02, 2.923961E+02, 2.917943E+02, 2.921185E+02, 2.919483E+02
2024-06-24 07:00:15,1, 0.000000E+00, 2.913591E+02, 2.918687E+02, 0.000000E+00, 2.340345E+01, 3.008621E+02, 2.922931E+02, 2.916985E+02, 2.920208E+02, 2.918526E+02
2024-06-24 07:15:15,1, 0.000000E+00, 2.912223E+02, 2.917371E+02, 0.000000E+00, 1.937231E+01, 3.007200E+02, 2.921474E+02, 2.915495E+02, 2.918907E+02, 2.917220E+02
2024-06-24 07:30:15,1, 0.000000E+00, 2.910855E+02, 2.915918E+02, 0.000000E+00, 1.895691E+01, 3.005770E+02, 2.919897E+02, 2.913882E+02, 2.917427E+02, 2.915729E+02
2024-06-24 07:45:15,1, 0.000000E+00, 2.909487E+02, 2.914456E+02, 0.000000E+00, 1.896704E+01, 3.004337E+02, 2.918314E+02, 2.912262E+02, 2.915934E+02, 2.914226E+02
2024-06-24 08:00:15,1, 0.000000E+00, 2.908126E+02, 2.912994E+02, 0.000000E+00, 1.869808E+01, 3.002905E+02, 2.916732E+02, 2.910646E+02, 2.914441E+02, 2.912723E+02
2024-06-24 08:15:15,1, 0.000000E+00, 2.907138E+02, 2.911900E+02, 0.000000E+00, 1.127838E+01, 3.001507E+02, 2.915668E+02, 2.909647E+02, 2.913308E+02, 2.911604E+02
2024-06-24 08:30:15,1, 0.000000E+00, 2.906149E+02, 2.910930E+02, 0.000000E+00, 1.048230E+01, 3.000161E+02, 2.914724E+02, 2.908775E+02, 2.912339E+02, 2.910656E+02
2024-06-24 08:45:15,1, 0.000000E+00, 2.905161E+02, 2.909965E+02, 0.000000E+00, 1.035498E+01, 2.998856E+02, 2.913789E+02, 2.907910E+02, 2.911379E+02, 2.909716E+02
2024-06-24 09:00:15,1, 0.000000E+00, 2.904174E+02, 2.909002E+02, 0.000000E+00, 1.008925E+01, 2.997586E+02, 2.912858E+02, 2.907047E+02, 2.910421E+02, 2.908779E+02
2024-06-24 09:15:15,1, 0.000000E+00, 2.903220E+02, 2.908063E+02, 0.000000E+00, 4.988849E+00, 2.996354E+02, 2.911929E+02, 2.906140E+02, 2.909478E+02, 2.907843E+02
2024-06-24 09:30:15,1, 0.000000E+00, 2.902267E+02, 2.907123E+02, 0.000000E+00, 4.308233E+00, 2.995178E+02, 2.911009E+02, 2.905241E+02, 2.908537E+02, 2.906909E+02
2024-06-24 09:45:15,1, 0.000000E+00, 2.901313E+02, 2.906184E+02, 0.000000E+00, 4.089171E+00, 2.994042E+02, 2.910093E+02, 2.904345E+02, 2.907596E+02, 2.905975E+02
2024-06-24 10:00:15,1, 2.096207E+01, 2.900356E+02, 2.905276E+02, 2.477168E+00, 4.439997E+00, 2.992952E+02, 2.909497E+02, 2.903714E+02, 2.906867E+02, 2.905314E+02
2024-06-24 10:15:15,1, 3.375073E+01, 2.899187E+02, 2.904722E+02, 3.783079E+00, 1.316052E+01, 2.992336E+02, 2.909251E+02, 2.903419E+02, 2.907253E+02, 2.906149E+02
2024-06-24 10:30:15,1, 4.673790E+01, 2.898019E+02, 2.903835E+02, 4.941408E+00, 1.776782E+01, 2.991826E+02, 2.908652E+02, 2.903005E+02, 2.906784E+02, 2.905856E+02
2024-06-24 10:45:15,1, 5.986796E+01, 2.896850E+02, 2.903004E+02, 5.925678E+00, 2.115595E+01, 2.991415E+02, 2.908226E+02, 2.902880E+02, 2.906365E+02, 2.905636E+02
2024-06-24 11:00:15,1, 6.603815E+01, 2.895681E+02, 2.902210E+02, 6.326269E+00, 2.370675E+01, 2.991090E+02, 2.907747E+02, 2.902580E+02, 2.905899E+02, 2.905275E+02
2024-06-24 11:15:15,1, 7.800774E+01, 2.894485E+02, 2.901353E+02, 6.990907E+00, 2.647443E+01, 2.990763E+02, 2.907535E+02, 2.902797E+02, 2.905284E+02, 2.904725E+02
2024-06-24 11:30:15,1, 8.995325E+01, 2.893288E+02, 2.900737E+02, 7.536825E+00, 2.844935E+01, 2.990651E+02, 2.907676E+02, 2.903396E+02, 2.905096E+02, 2.904668E+02
2024-06-24 11:45:15,1, 1.018235E+02, 2.892092E+02, 2.900138E+02, 7.982414E+00, 3.000331E+01, 2.990703E+02, 2.907866E+02, 2.904033E+02, 2.904921E+02, 2.904625E+02
2024-06-24 12:00:15,1, 1.517490E+02, 2.890937E+02, 2.899660E+02, 9.107195E+00, 3.167897E+01, 2.990909E+02, 2.909450E+02, 2.907063E+02, 2.905133E+02, 2.905067E+02
2024-06-24 12:15:15,1, 1.672059E+02, 2.892162E+02, 2.902015E+02, 9.423771E+00, 3.922322E+01, 2.991999E+02, 2.912863E+02, 2.910976E+02, 2.908620E+02, 2.908997E+02
2024-06-24 12:30:15,1, 1.823610E+02, 2.893387E+02, 2.903682E+02, 9.590096E+00, 4.149025E+01, 2.993142E+02, 2.915092E+02, 2.913576E+02, 2.910742E+02, 2.911257E+02
2024-06-24 12:45:15,1, 1.971493E+02, 2.894611E+02, 2.905329E+02, 9.718347E+00, 4.350123E+01, 2.994343E+02, 2.917296E+02, 2.916125E+02, 2.912824E+02, 2.913475E+02
2024-06-24 13:00:15,1, 2.060563E+02, 2.895852E+02, 2.906944E+02, 9.791718E+00, 4.537586E+01, 2.995598E+02, 2.919262E+02, 2.918288E+02, 2.914821E+02, 2.915589E+02
2024-06-24 13:15:15,1, 2.195657E+02, 2.898013E+02, 2.909067E+02, 9.892717E+00, 4.700237E+01, 2.996807E+02, 2.921655E+02, 2.920998E+02, 2.917107E+02, 2.917961E+02
2024-06-24 13:30:15,1, 2.325383E+02, 2.900174E+02, 2.911474E+02, 9.986643E+00, 4.931690E+01, 2.998096E+02, 2.924351E+02, 2.923997E+02, 2.919836E+02, 2.920809E+02
2024-06-24 13:45:15,1, 2.449186E+02, 2.902335E+02, 2.913866E+02, 1.006223E+01, 5.153835E+01, 2.999451E+02, 2.927009E+02, 2.926940E+02, 2.922536E+02, 2.923618E+02
2024-06-24 14:00:15,1, 3.313674E+02, 2.904494E+02, 2.916471E+02, 1.032537E+01, 5.361327E+01, 3.000909E+02, 2.932445E+02, 2.934215E+02, 2.925947E+02, 2.927288E+02
2024-06-24 14:15:15,1, 3.456206E+02, 2.906574E+02, 2.920840E+02, 1.047308E+01, 5.162008E+01, 3.003982E+02, 2.938101E+02, 2.940133E+02, 2.932201E+02, 2.934078E+02
2024-06-24 14:30:15,1, 3.589147E+02, 2.908653E+02, 2.923235E+02, 1.049136E+01, 5.240101E+01, 3.007021E+02, 2.940925E+02, 2.943135E+02, 2.934905E+02, 2.936843E+02
2024-06-24 14:45:15,1, 3.711929E+02, 2.910732E+02, 2.925572E+02, 1.053920E+01, 5.351634E+01, 3.009993E+02, 2.943627E+02, 2.945979E+02, 2.937506E+02, 2.939500E+02
2024-06-24 15:00:15,1, 5.772786E+02, 2.912842E+02, 2.928395E+02, 1.074088E+01, 5.662227E+01, 3.013062E+02, 2.952659E+02, 2.957488E+02, 2.941850E+02, 2.944005E+02
2024-06-24 15:15:15,1, 5.925152E+02, 2.916771E+02, 2.936018E+02, 1.085008E+01, 8.463376E+01, 3.020767E+02, 2.962293E+02, 2.966811E+02, 2.953155E+02, 2.955762E+02
2024-06-24 15:30:15,1, 6.060009E+02, 2.920699E+02, 2.940023E+02, 1.071739E+01, 8.782296E+01, 3.027275E+02, 2.966158E+02, 2.970649E+02, 2.957301E+02, 2.959848E+02
2024-06-24 15:45:15,1, 6.176781E+02, 2.924628E+02, 2.943932E+02, 1.062784E+01, 9.095305E+01, 3.032926E+02, 2.969806E+02, 2.974262E+02, 2.961286E+02, 2.963780E+02
2024-06-24 16:00:15,1, 6.363745E+02, 2.928534E+02, 2.947792E+02, 1.055341E+01, 9.392043E+01, 3.037959E+02, 2.973539E+02, 2.978000E+02, 2.965233E+02, 2.967672E+02
2024-06-24 16:15:15,1, 6.444045E+02, 2.931115E+02, 2.950784E+02, 1.047981E+01, 9.481856E+01, 3.042760E+02, 2.976660E+02, 2.981062E+02, 2.968682E+02, 2.971093E+02
2024-06-24 16:30:15,1, 6.504727E+02, 2.933696E+02, 2.953437E+02, 1.041687E+01, 9.679434E+01, 3.047089E+02, 2.979273E+02, 2.983619E+02, 2.971535E+02, 2.973921E+02
2024-06-24 16:45:15,1, 6.545530E+02, 2.936277E+02, 2.956025E+02, 1.036002E+01, 9.869144E+01, 3.051031E+02, 2.981720E+02, 2.985990E+02, 2.974276E+02, 2.976631E+02
2024-06-24 17:00:15,1, 8.273344E+02, 2.938864E+02, 2.958891E+02, 1.034627E+01, 1.012584E+02, 3.054838E+02, 2.988330E+02, 2.992562E+02, 2.978290E+02, 2.980326E+02
2024-06-24 17:15:15,1, 8.274109E+02, 2.941752E+02, 2.964085E+02, 1.018294E+01, 1.102629E+02, 3.063524E+02, 2.995037E+02, 2.998468E+02, 2.986160E+02, 2.987744E+02
2024-06-24 17:30:15,1, 8.249492E+02, 2.944639E+02, 2.966985E+02, 1.006318E+01, 1.119897E+02, 3.070644E+02, 2.997736E+02, 3.000976E+02, 2.989058E+02, 2.990550E+02
2024-06-24 17:45:15,1, 8.199598E+02, 2.947527E+02, 2.969776E+02, 9.971268E+00, 1.137782E+02, 3.076594E+02, 3.000147E+02, 3.003198E+02, 2.991760E+02, 2.993170E+02
2024-06-24 18:00:15,1, 7.643101E+02, 2.950358E+02, 2.972379E+02, 9.880077E+00, 1.150332E+02, 3.081577E+02, 3.001162E+02, 3.004097E+02, 2.993917E+02, 2.995346E+02
2024-06-24 18:15:15,1, 7.549311E+02, 2.949841E+02, 2.971633E+02, 9.883731E+00, 1.101242E+02, 3.084257E+02, 2.999826E+02, 3.002742E+02, 2.992512E+02, 2.994011E+02
2024-06-24 18:30:15,1, 7.432648E+02, 2.949324E+02, 2.971008E+02, 9.890761E+00, 1.098519E+02, 3.086576E+02, 2.998968E+02, 3.001658E+02, 2.991656E+02, 2.993094E+02
2024-06-24 18:45:15,1, 7.293610E+02, 2.948806E+02, 2.970326E+02, 9.902598E+00, 1.095343E+02, 3.088504E+02, 2.997948E+02, 3.000409E+02, 2.990693E+02, 2.992071E+02
2024-06-24 19:00:15,1, 7.732888E+02, 2.948323E+02, 2.969705E+02, 9.930798E+00, 1.097602E+02, 3.090091E+02, 2.998215E+02, 3.000391E+02, 2.990095E+02, 2.991304E+02
2024-06-24 19:15:15,1, 7.535676E+02, 2.949849E+02, 2.971280E+02, 9.882940E+00, 1.176114E+02, 3.093088E+02, 2.999342E+02, 3.000934E+02, 2.992045E+02, 2.993015E+02
2024-06-24 19:30:15,1, 7.316444E+02, 2.951375E+02, 2.972255E+02, 9.850648E+00, 1.180778E+02, 3.095238E+02, 2.999159E+02, 3.000393E+02, 2.992560E+02, 2.993443E+02
2024-06-24 19:45:15,1, 7.076131E+02, 2.952900E+02, 2.973155E+02, 9.823680E+00, 1.183755E+02, 3.096659E+02, 2.998775E+02, 2.999675E+02, 2.992938E+02, 2.993748E+02
2024-06-24 20:00:15,1, 5.524791E+02, 2.954397E+02, 2.973707E+02, 9.750718E+00, 1.175199E+02, 3.097281E+02, 2.994811E+02, 2.995058E+02, 2.992102E+02, 2.993015E+02
2024-06-24 20:15:15,1, 5.298391E+02, 2.954170E+02, 2.971183E+02, 9.831128E+00, 1.059012E+02, 3.093771E+02, 2.990070E+02, 2.990476E+02, 2.987185E+02, 2.988240E+02
2024-06-24 20:30:15,1, 5.057610E+02, 2.953943E+02, 2.970365E+02, 9.862856E+00, 1.047717E+02, 3.090775E+02, 2.988268E+02, 2.988427E+02, 2.985936E+02, 2.986959E+02
2024-06-24 20:45:15,1, 4.803478E+02, 2.953717E+02, 2.969534E+02, 9.876668E+00, 1.033799E+02, 3.088044E+02, 2.986423E+02, 2.986316E+02, 2.984659E+02, 2.985646E+02
2024-06-24 21:00:15,1, 4.663061E+02, 2.953499E+02, 2.968700E+02, 9.892872E+00, 1.015602E+02, 3.085422E+02, 2.984874E+02, 2.984596E+02, 2.983433E+02, 2.984382E+02
2024-06-24 21:15:15,1, 4.377841E+02, 2.953820E+02, 2.968573E+02, 9.891296E+00, 9.637586E+01, 3.083125E+02, 2.983891E+02, 2.983450E+02, 2.982959E+02, 2.983923E+02
2024-06-24 21:30:15,1, 4.082413E+02, 2.954141E+02, 2.968252E+02, 9.884656E+00, 9.460018E+01, 3.080719E+02, 2.982518E+02, 2.981913E+02, 2.982061E+02, 2.983029E+02
2024-06-24 21:45:15,1, 3.778042E+02, 2.954463E+02, 2.967887E+02, 9.870146E+00, 9.275479E+01, 3.078175E+02, 2.981042E+02, 2.980268E+02, 2.981079E+02, 2.982064E+02
2024-06-24 22:00:15,1, 3.231999E+02, 2.954752E+02, 2.967404E+02, 9.789106E+00, 9.047527E+01, 3.075466E+02, 2.978649E+02, 2.977215E+02, 2.979772E+02, 2.980743E+02
2024-06-24 22:15:15,1, 2.935177E+02, 2.953166E+02, 2.964677E+02, 9.742754E+00, 8.261140E+01, 3.072081E+02, 2.974211E+02, 2.972095E+02, 2.975919E+02, 2.976679E+02
2024-06-24 22:30:15,1, 2.633748E+02, 2.951579E+02, 2.962105E+02, 9.677298E+00, 7.822303E+01, 3.068519E+02, 2.970195E+02, 2.967400E+02, 2.972518E+02, 2.973199E+02
2024-06-24 22:45:15,1, 2.329002E+02, 2.949993E+02, 2.959476E+02, 9.557893E+00, 7.341384E+01, 3.064797E+02, 2.966073E+02, 2.962536E+02, 2.969021E+02, 2.969641E+02
2024-06-24 23:00:15,1, 2.027021E+02, 2.948392E+02, 2.956781E+02, 9.363678E+00, 6.814603E+01, 3.060941E+02, 2.961872E+02, 2.957517E+02, 2.965454E+02, 2.966079E+02
2024-06-24 23:15:15,1, 1.718839E+02, 2.945935E+02, 2.953439E+02, 9.036547E+00, 6.544138E+01, 3.056960E+02, 2.957080E+02, 2.951755E+02, 2.961138E+02, 2.961518E+02
2024-06-24 23:30:15,1, 1.411278E+02, 2.943479E+02, 2.949809E+02, 8.507952E+00, 5.884624E+01, 3.052867E+02, 2.952111E+02, 2.945717E+02, 2.956238E+02, 2.956352E+02
2024-06-24 23:45:15,1, 1.105654E+02, 2.941022E+02, 2.946112E+02, 7.702094E+00, 5.074126E+01, 3.048717E+02, 2.947184E+02, 2.939533E+02, 2.951322E+02, 2.951138E+02
2024-06-24 00:00:15,2, 4.273197E+01, 2.955265E+02, 2.962703E+02, 4.483972E+00, 3.133744E+01, 3.080500E+02, 2.969707E+02, 2.961677E+02, 2.966374E+02, 2.964842E+02
2024-06-24 00:15:15,2, 2.688788E+01, 2.953318E+02, 2.960298E+02, 2.970826E+00, 2.766870E+01, 3.075402E+02, 2.966716E+02, 2.958590E+02, 2.963292E+02, 2.961504E+02
2024-06-24 00:30:15,2, 1.135318E+01, 2.951371E+02, 2.957850E+02, 1.329562E+00, 2.180949E+01, 3.070313E+02, 2.963751E+02, 2.955625E+02, 2.960232E+02, 2.958182E+02
2024-06-24 00:45:15,2, 0.000000E+00, 2.949424E+02, 2.955264E+02, 0.000000E+00, 1.794480E+01, 3.065485E+02, 2.960392E+02, 2.952261E+02, 2.957166E+02, 2.954878E+02
2024-06-24 01:00:15,2, 0.000000E+00, 2.947486E+02, 2.953079E+02, 0.000000E+00, 1.745773E+01, 3.061152E+02, 2.958051E+02, 2.949951E+02, 2.954884E+02, 2.952598E+02
2024-06-24 01:15:15,2, 0.000000E+00, 2.946077E+02, 2.951327E+02, 0.000000E+00, 1.674255E+01, 3.057320E+02, 2.956045E+02, 2.947997E+02, 2.953016E+02, 2.950742E+02
2024-06-24 01:30:15,2, 0.000000E+00, 2.944667E+02, 2.949718E+02, 0.000000E+00, 1.660563E+01, 3.053917E+02, 2.954200E+02, 2.946193E+02, 2.951335E+02, 2.949072E+02
2024-06-24 01:45:15,2, 0.000000E+00, 2.943258E+02, 2.948135E+02, 0.000000E+00, 1.650687E+01, 3.050842E+02, 2.952409E+02, 2.944426E+02, 2.949693E+02, 2.947437E+02
2024-06-24 02:00:15,2, 0.000000E+00, 2.941845E+02, 2.946568E+02, 0.000000E+00, 1.648539E+01, 3.048023E+02, 2.950654E+02, 2.942683E+02, 2.948073E+02, 2.945821E+02
2024-06-24 02:15:15,2, 0.000000E+00, 2.940207E+02, 2.944816E+02, 0.000000E+00, 1.784514E+01, 3.045340E+02, 2.948664E+02, 2.940659E+02, 2.946284E+02, 2.944025E+02
2024-06-24 02:30:15,2, 0.000000E+00, 2.938570E+02, 2.942986E+02, 0.000000E+00, 1.790909E+01, 3.042647E+02, 2.946604E+02, 2.938555E+02, 2.944394E+02, 2.942122E+02
2024-06-24 02:45:15,2, 0.000000E+00, 2.936932E+02, 2.941151E+02, 0.000000E+00, 1.778360E+01, 3.040013E+02, 2.944556E+02, 2.936425E+02, 2.942506E+02, 2.940209E+02
2024-06-24 03:00:15,2, 0.000000E+00, 2.935298E+02, 2.939299E+02, 0.000000E+00, 1.773403E+01, 3.037461E+02, 2.942493E+02, 2.934302E+02, 2.940598E+02, 2.938283E+02
2024-06-24 03:15:15,2, 0.000000E+00, 2.933885E+02, 2.937778E+02, 0.000000E+00, 1.703918E+01, 3.035031E+02, 2.941058E+02, 2.933026E+02, 2.939044E+02, 2.936766E+02
2024-06-24 03:30:15,2, 0.000000E+00, 2.932471E+02, 2.936444E+02, 0.000000E+00, 1.711829E+01, 3.032734E+02, 2.939795E+02, 2.931946E+02, 2.937723E+02, 2.935497E+02
2024-06-24 03:45:15,2, 0.000000E+00, 2.931058E+02, 2.935137E+02, 0.000000E+00, 1.719833E+01, 3.030553E+02, 2.938564E+02, 2.930896E+02, 2.936437E+02, 2.934263E+02
2024-06-24 04:00:15,2, 0.000000E+00, 2.929644E+02, 2.933838E+02, 0.000000E+00, 1.723457E+01, 3.028477E+02, 2.937350E+02, 2.929857E+02, 2.935162E+02, 2.933038E+02
2024-06-24 04:15:15,2, 0.000000E+00, 2.928188E+02, 2.932570E+02, 0.000000E+00, 1.660916E+01, 3.026497E+02, 2.936248E+02, 2.929022E+02, 2.933934E+02, 2.931882E+02
2024-06-24 04:30:15,2, 0.000000E+00, 2.926731E+02, 2.931297E+02, 0.000000E+00, 1.635623E+01, 3.024594E+02, 2.935152E+02, 2.928171E+02, 2.932709E+02, 2.930730E+02
2024-06-24 04:45:15,2, 0.000000E+00, 2.925275E+02, 2.930025E+02, 0.000000E+00, 1.634495E+01, 3.022776E+02, 2.934071E+02, 2.927316E+02, 2.931489E+02, 2.929576E+02
2024-06-24 05:00:15,2, 0.000000E+00, 2.923815E+02, 2.928752E+02, 0.000000E+00, 1.637642E+01, 3.021036E+02, 2.932993E+02, 2.926457E+02, 2.930271E+02, 2.928420E+02
2024-06-24 05:15:15,2, 0.000000E+00, 2.922195E+02, 2.927305E+02, 0.000000E+00, 1.618568E+01, 3.019351E+02, 2.931648E+02, 2.925236E+02, 2.928878E+02, 2.927067E+02
2024-06-24 05:30:15,2, 0.000000E+00, 2.920574E+02, 2.925790E+02, 0.000000E+00, 1.615058E+01, 3.017706E+02, 2.930246E+02, 2.923951E+02, 2.927395E+02, 2.925618E+02
2024-06-24 05:45:15,2, 0.000000E+00, 2.918953E+02, 2.924272E+02, 0.000000E+00, 1.617074E+01, 3.016102E+02, 2.928845E+02, 2.922664E+02, 2.925908E+02, 2.924164E+02
2024-06-24 06:00:15,2, 0.000000E+00, 2.917343E+02, 2.922754E+02, 0.000000E+00, 1.642409E+01, 3.014536E+02, 2.927446E+02, 2.921376E+02, 2.924423E+02, 2.922710E+02
2024-06-24 06:15:15,2, 0.000000E+00, 2.916407E+02, 2.921618E+02, 0.000000E+00, 2.216058E+01, 3.013007E+02, 2.926267E+02, 2.920269E+02, 2.923230E+02, 2.921537E+02
2024-06-24 06:30:15,2, 0.000000E+00, 2.915471E+02, 2.920632E+02, 0.000000E+00, 2.304652E+01, 3.011512E+02, 2.925217E+02, 2.919294E+02, 2.922231E+02, 2.920558E+02
2024-06-24 06:45:15,2, 0.000000E+00, 2.914535E+02, 2.919659E+02, 0.000000E+00, 2.333999E+01, 3.010051E+02, 2.924180E+02, 2.918330E+02, 2.921249E+02, 2.919596E+02
2024-06-24 07:00:15,2, 0.000000E+00, 2.913591E+02, 2.918688E+02, 0.000000E+00, 2.340461E+01, 3.008621E+02, 2.923148E+02, 2.917366E+02, 2.920271E+02, 2.918637E+02
2024-06-24 07:15:15,2, 0.000000E+00, 2.912223E+02, 2.917372E+02, 0.000000E+00, 1.937398E+01, 3.007200E+02, 2.921692E+02, 2.915879E+02, 2.918971E+02, 2.917333E+02
2024-06-24 07:30:15,2, 0.000000E+00, 2.910855E+02, 2.915920E+02, 0.000000E+00, 1.895830E+01, 3.005770E+02, 2.920117E+02, 2.914268E+02, 2.917491E+02, 2.915842E+02
2024-06-24 07:45:15,2, 0.000000E+00, 2.909487E+02, 2.914458E+02, 0.000000E+00, 1.896839E+01, 3.004337E+02, 2.918535E+02, 2.912651E+02, 2.915999E+02, 2.914340E+02
2024-06-24 08:00:15,2, 0.000000E+00, 2.908126E+02, 2.912996E+02, 0.000000E+00, 1.869958E+01, 3.002905E+02, 2.916955E+02, 2.911037E+02, 2.914506E+02, 2.912837E+02
2024-06-24 08:15:15,2, 0.000000E+00, 2.907138E+02, 2.911901E+02, 0.000000E+00, 1.128055E+01, 3.001507E+02, 2.915888E+02, 2.910033E+02, 2.913372E+02, 2.911716E+02
2024-06-24 08:30:15,2, 0.000000E+00, 2.906149E+02, 2.910931E+02, 0.000000E+00, 1.048397E+01, 3.000161E+02, 2.914941E+02, 2.909157E+02, 2.912402E+02, 2.910767E+02
2024-06-24 08:45:15,2, 0.000000E+00, 2.905161E+02, 2.909967E+02, 0.000000E+00, 1.035654E+01, 2.998857E+02, 2.914003E+02, 2.908287E+02, 2.911441E+02, 2.909826E+02
2024-06-24 09:00:15,2, 0.000000E+00, 2.904174E+02, 2.909004E+02, 0.000000E+00, 1.009087E+01, 2.997587E+02, 2.913070E+02, 2.907419E+02, 2.910483E+02, 2.908887E+02
2024-06-24 09:15:15,2, 0.000000E+00, 2.903220E+02, 2.908064E+02, 0.000000E+00, 4.990867E+00, 2.996355E+02, 2.912140E+02, 2.906511E+02, 2.909540E+02, 2.907951E+02
2024-06-24 09:30:15,2, 0.000000E+00, 2.902267E+02, 2.907124E+02, 0.000000E+00, 4.309823E+00, 2.995179E+02, 2.911220E+02, 2.905611E+02, 2.908598E+02, 2.907016E+02
2024-06-24 09:45:15,2, 0.000000E+00, 2.901313E+02, 2.906185E+02, 0.000000E+00, 4.090611E+00, 2.994043E+02, 2.910303E+02, 2.904713E+02, 2.907657E+02, 2.906081E+02
2024-06-24 10:00:15,2, 2.096207E+01, 2.900356E+02, 2.905277E+02, 2.479241E+00, 4.441748E+00, 2.992953E+02, 2.909706E+02, 2.904076E+02, 2.906923E+02, 2.905411E+02
2024-06-24 10:15:15,2, 3.375073E+01, 2.899187E+02, 2.904722E+02, 3.788252E+00, 1.317098E+01, 2.992337E+02, 2.909450E+02, 2.903756E+02, 2.907294E+02, 2.906220E+02
2024-06-24 10:30:15,2, 4.673790E+01, 2.898019E+02, 2.903835E+02, 4.951014E+00, 1.778281E+01, 2.991827E+02, 2.908837E+02, 2.903308E+02, 2.906820E+02, 2.905922E+02
2024-06-24 10:45:15,2, 5.986796E+01, 2.896850E+02, 2.903006E+02, 5.939828E+00, 2.115808E+01, 2.991416E+02, 2.908397E+02, 2.903147E+02, 2.906402E+02, 2.905714E+02
2024-06-24 11:00:15,2, 6.603815E+01, 2.895681E+02, 2.902209E+02, 6.341558E+00, 2.375122E+01, 2.991091E+02, 2.907901E+02, 2.902805E+02, 2.905917E+02, 2.905291E+02
2024-06-24 11:15:15,2, 7.800774E+01, 2.894485E+02, 2.901352E+02, 7.007260E+00, 2.651643E+01, 2.990764E+02, 2.907668E+02, 2.902973E+02, 2.905300E+02, 2.904739E+02
2024-06-24 11:30:15,2, 8.995325E+01, 2.893288E+02, 2.900737E+02, 7.551572E+00, 2.848707E+01, 2.990651E+02, 2.907787E+02, 2.903523E+02, 2.905107E+02, 2.904674E+02
2024-06-24 11:45:15,2, 1.018235E+02, 2.892092E+02, 2.900139E+02, 7.994095E+00, 3.003419E+01, 2.990703E+02, 2.907957E+02, 2.904116E+02, 2.904928E+02, 2.904621E+02
2024-06-24 12:00:15,2, 1.517490E+02, 2.890937E+02, 2.899662E+02, 9.110487E+00, 3.170205E+01, 2.990908E+02, 2.909477E+02, 2.907017E+02, 2.905128E+02, 2.905036E+02
2024-06-24 12:15:15,2, 1.672059E+02, 2.892162E+02, 2.902018E+02, 9.425692E+00, 3.924141E+01, 2.991998E+02, 2.912862E+02, 2.910878E+02, 2.908599E+02, 2.908930E+02
2024-06-24 12:30:15,2, 1.823610E+02, 2.893387E+02, 2.903686E+02, 9.593012E+00, 4.150417E+01, 2.993141E+02, 2.915073E+02, 2.913446E+02, 2.910716E+02, 2.911179E+02
2024-06-24 12:45:15,2, 1.971493E+02, 2.894611E+02, 2.905332E+02, 9.721782E+00, 4.351931E+01, 2.994340E+02, 2.917261E+02, 2.915963E+02, 2.912792E+02, 2.913384E+02
2024-06-24 13:00:15,2, 2.060563E+02, 2.895852E+02, 2.906948E+02, 9.795415E+00, 4.539649E+01, 2.995595E+02, 2.919217E+02, 2.918108E+02, 2.914785E+02, 2.915489E+02
2024-06-24 13:15:15,2, 2.195657E+02, 2.898013E+02, 2.909071E+02, 9.896751E+00, 4.702458E+01, 2.996804E+02, 2.921597E+02, 2.920791E+02, 2.917066E+02, 2.917853E+02
2024-06-24 13:30:15,2, 2.325383E+02, 2.900174E+02, 2.911478E+02, 9.990951E+00, 4.934134E+01, 2.998091E+02, 2.924279E+02, 2.923762E+02, 2.919791E+02, 2.920691E+02
2024-06-24 13:45:15,2, 2.449186E+02, 2.902335E+02, 2.913870E+02, 1.006675E+01, 5.156475E+01, 2.999446E+02, 2.926923E+02, 2.926680E+02, 2.922487E+02, 2.923491E+02
2024-06-24 14:00:15,2, 3.313674E+02, 2.904494E+02, 2.916475E+02, 1.033103E+01, 5.364193E+01, 3.000903E+02, 2.932287E+02, 2.933794E+02, 2.925882E+02, 2.927124E+02
2024-06-24 14:15:15,2, 3.456206E+02, 2.906574E+02, 2.920843E+02, 1.047871E+01, 5.165467E+01, 3.003975E+02, 2.937926E+02, 2.939679E+02, 2.932116E+02, 2.933869E+02
2024-06-24 14:30:15,2, 3.589147E+02, 2.908653E+02, 2.923238E+02, 1.049695E+01, 5.243609E+01, 3.007013E+02, 2.940743E+02, 2.942667E+02, 2.934817E+02, 2.936628E+02
2024-06-24 14:45:15,2, 3.711929E+02, 2.910732E+02, 2.925575E+02, 1.054478E+01, 5.355209E+01, 3.009984E+02, 2.943439E+02, 2.945498E+02, 2.937416E+02, 2.939280E+02
2024-06-24 15:00:15,2, 5.772786E+02, 2.912842E+02, 2.928397E+02, 1.074700E+01, 5.665607E+01, 3.013052E+02, 2.952381E+02, 2.956733E+02, 2.941739E+02, 2.943718E+02
2024-06-24 15:15:15,2, 5.925152E+02, 2.916771E+02, 2.936009E+02, 1.085629E+01, 8.465482E+01, 3.020756E+02, 2.962003E+02, 2.966026E+02, 2.953019E+02, 2.955383E+02
2024-06-24 15:30:15,2, 6.060009E+02, 2.920699E+02, 2.940013E+02, 1.072369E+01, 8.784801E+01, 3.027262E+02, 2.965870E+02, 2.969867E+02, 2.957168E+02, 2.959472E+02
2024-06-24 15:45:15,2, 6.176781E+02, 2.924628E+02, 2.943922E+02, 1.063410E+01, 9.098000E+01, 3.032912E+02, 2.969521E+02, 2.973484E+02, 2.961154E+02, 2.963408E+02
2024-06-24 16:00:15,2, 6.363745E+02, 2.928534E+02, 2.947782E+02, 1.055962E+01, 9.394871E+01, 3.037944E+02, 2.973256E+02, 2.977219E+02, 2.965103E+02, 2.967301E+02
2024-06-24 16:15:15,2, 6.444045E+02, 2.931115E+02, 2.950773E+02, 1.048599E+01, 9.484646E+01, 3.042745E+02, 2.976378E+02, 2.980281E+02, 2.968552E+02, 2.970719E+02
2024-06-24 16:30:15,2, 6.504727E+02, 2.933696E+02, 2.953425E+02, 1.042301E+01, 9.682297E+01, 3.047073E+02, 2.978993E+02, 2.982841E+02, 2.971405E+02, 2.973546E+02
2024-06-24 16:45:15,2, 6.545530E+02, 2.936277E+02, 2.956014E+02, 1.036612E+01, 9.872068E+01, 3.051014E+02, 2.981443E+02, 2.985216E+02, 2.974147E+02, 2.976257E+02
2024-06-24 17:00:15,2, 8.273344E+02, 2.938864E+02, 2.958876E+02, 1.035245E+01, 1.012833E+02, 3.054821E+02, 2.988069E+02, 2.991685E+02, 2.978161E+02, 2.979915E+02
2024-06-24 17:15:15,2, 8.274109E+02, 2.941752E+02, 2.964051E+02, 1.019053E+01, 1.102674E+02, 3.063507E+02, 2.994781E+02, 2.997582E+02, 2.986032E+02, 2.987267E+02
2024-06-24 17:30:15,2, 8.249492E+02, 2.944639E+02, 2.966950E+02, 1.007102E+01, 1.120000E+02, 3.070627E+02, 2.997489E+02, 3.000106E+02, 2.988933E+02, 2.990080E+02
2024-06-24 17:45:15,2, 8.199598E+02, 2.947527E+02, 2.969741E+02, 9.979154E+00, 1.137912E+02, 3.076578E+02, 2.999909E+02, 3.002345E+02, 2.991638E+02, 2.992707E+02
2024-06-24 18:00:15,2, 7.643101E+02, 2.950358E+02, 2.972345E+02, 9.887940E+00, 1.150502E+02, 3.081560E+02, 3.000925E+02, 3.003288E+02, 2.993798E+02, 2.994901E+02
2024-06-24 18:15:15,2, 7.549311E+02, 2.949841E+02, 2.971606E+02, 9.890879E+00, 1.101470E+02, 3.084241E+02, 2.999598E+02, 3.001958E+02, 2.992398E+02, 2.993598E+02
2024-06-24 18:30:15,2, 7.432648E+02, 2.949324E+02, 2.970982E+02, 9.897746E+00, 1.098726E+02, 3.086560E+02, 2.998748E+02, 3.000893E+02, 2.991545E+02, 2.992688E+02
2024-06-24 18:45:15,2, 7.293610E+02, 2.948806E+02, 2.970300E+02, 9.909493E+00, 1.095542E+02, 3.088488E+02, 2.997736E+02, 2.999662E+02, 2.990585E+02, 2.991674E+02
2024-06-24 19:00:15,2, 7.732888E+02, 2.948323E+02, 2.969677E+02, 9.937644E+00, 1.097768E+02, 3.090075E+02, 2.998019E+02, 2.999626E+02, 2.989990E+02, 2.990901E+02
2024-06-24 19:15:15,2, 7.535676E+02, 2.949849E+02, 2.971244E+02, 9.890371E+00, 1.176192E+02, 3.093073E+02, 2.999158E+02, 3.000190E+02, 2.991942E+02, 2.992593E+02
2024-06-24 19:30:15,2, 7.316444E+02, 2.951375E+02, 2.972220E+02, 9.858079E+00, 1.180870E+02, 3.095225E+02, 2.998989E+02, 2.999682E+02, 2.992462E+02, 2.993033E+02
2024-06-24 19:45:15,2, 7.076131E+02, 2.952900E+02, 2.973120E+02, 9.831053E+00, 1.183846E+02, 3.096647E+02, 2.998618E+02, 2.998995E+02, 2.992844E+02, 2.993348E+02
2024-06-24 20:00:15,2, 5.524791E+02, 2.954397E+02, 2.973674E+02, 9.757874E+00, 1.175329E+02, 3.097270E+02, 2.994669E+02, 2.994526E+02, 2.992014E+02, 2.992664E+02
2024-06-24 20:15:15,2, 5.298391E+02, 2.954170E+02, 2.971168E+02, 9.837058E+00, 1.059314E+02, 3.093760E+02, 2.989941E+02, 2.989990E+02, 2.987109E+02, 2.987970E+02
2024-06-24 20:30:15,2, 5.057610E+02, 2.953943E+02, 2.970350E+02, 9.868560E+00, 1.047971E+02, 3.090764E+02, 2.988147E+02, 2.987958E+02, 2.985862E+02, 2.986695E+02
2024-06-24 20:45:15,2, 4.803478E+02, 2.953717E+02, 2.969519E+02, 9.882296E+00, 1.034034E+02, 3.088034E+02, 2.986309E+02, 2.985865E+02, 2.984587E+02, 2.985387E+02
2024-06-24 21:00:15,2, 4.663061E+02, 2.953499E+02, 2.968685E+02, 9.898492E+00, 1.015818E+02, 3.085413E+02, 2.984764E+02, 2.984144E+02, 2.983362E+02, 2.984124E+02
2024-06-24 21:15:15,2, 4.377841E+02, 2.953820E+02, 2.968556E+02, 9.896980E+00, 9.639480E+01, 3.083118E+02, 2.983782E+02, 2.982998E+02, 2.982887E+02, 2.983657E+02
2024-06-24 21:30:15,2, 4.082413E+02, 2.954141E+02, 2.968234E+02, 9.890311E+00, 9.461825E+01, 3.080714E+02, 2.982411E+02, 2.981467E+02, 2.981989E+02, 2.982766E+02
2024-06-24 21:45:15,2, 3.778042E+02, 2.954463E+02, 2.967869E+02, 9.875728E+00, 9.277159E+01, 3.078171E+02, 2.980937E+02, 2.979825E+02, 2.981007E+02, 2.981803E+02
2024-06-24 22:00:15,2, 3.231999E+02, 2.954752E+02, 2.967387E+02, 9.794316E+00, 9.049123E+01, 3.075464E+02, 2.978565E+02, 2.976840E+02, 2.979704E+02, 2.980497E+02
2024-06-24 22:15:15,2, 2.935177E+02, 2.953166E+02, 2.964663E+02, 9.747514E+00, 8.262936E+01, 3.072081E+02, 2.974155E+02, 2.971777E+02, 2.975867E+02, 2.976480E+02
2024-06-24 22:30:15,2, 2.633748E+02, 2.951579E+02, 2.962091E+02, 9.681538E+00, 7.823385E+01, 3.068521E+02, 2.970162E+02, 2.967121E+02, 2.972470E+02, 2.973011E+02
2024-06-24 22:45:15,2, 2.329002E+02, 2.949993E+02, 2.959462E+02, 9.561370E+00, 7.341726E+01, 3.064802E+02, 2.966065E+02, 2.962297E+02, 2.968976E+02, 2.969465E+02
2024-06-24 23:00:15,2, 2.027021E+02, 2.948392E+02, 2.956766E+02, 9.366140E+00, 6.813576E+01, 3.060949E+02, 2.961894E+02, 2.957316E+02, 2.965414E+02, 2.965929E+02
2024-06-24 23:15:15,2, 1.718839E+02, 2.945935E+02, 2.953419E+02, 9.037637E+00, 6.541411E+01, 3.056972E+02, 2.957156E+02, 2.951589E+02, 2.961146E+02, 2.961309E+02
2024-06-24 23:30:15,2, 1.411278E+02, 2.943479E+02, 2.949794E+02, 8.514614E+00, 5.882811E+01, 3.052884E+02, 2.952224E+02, 2.945607E+02, 2.956223E+02, 2.956174E+02
2024-06-24 23:45:15,2, 1.105654E+02, 2.941022E+02, 2.946089E+02, 7.736922E+00, 5.076353E+01, 3.048739E+02, 2.947352E+02, 2.939492E+02, 2.951306E+02, 2.950969E+02
2024-06-25 00:00:15,1, 6.073700E+01, 2.938558E+02, 2.942301E+02, 5.621638E+00, 3.976299E+01, 3.044564E+02, 2.941918E+02, 2.931692E+02, 2.946176E+02, 2.945413E+02
2024-06-25 00:15:15,1, 3.825863E+01, 2.935635E+02, 2.937405E+02, 4.047671E+00, 2.734135E+01, 3.040340E+02, 2.936588E+02, 2.924852E+02, 2.939929E+02, 2.938055E+02
2024-06-25 00:30:15,1, 1.621774E+01, 2.932713E+02, 2.932859E+02, 1.937009E+00, 1.659104E+01, 3.036371E+02, 2.932029E+02, 2.919388E+02, 2.934533E+02, 2.931798E+02
2024-06-25 00:45:15,1, 0.000000E+00, 2.929790E+02, 2.927466E+02, 0.000000E+00, 5.766126E+00, 3.032638E+02, 2.925993E+02, 2.912648E+02, 2.928459E+02, 2.924714E+02
2024-06-25 01:00:15,1, 0.000000E+00, 2.926877E+02, 2.921787E+02, 0.000000E+00, 5.675364E+00, 3.029179E+02, 2.920896E+02, 2.907728E+02, 2.922755E+02, 2.918972E+02
2024-06-25 01:15:15,1, 0.000000E+00, 2.924535E+02, 2.917040E+02, 0.000000E+00, 5.555653E+00, 3.025924E+02, 2.916678E+02, 2.903682E+02, 2.917979E+02, 2.914236E+02
2024-06-25 01:30:15,1, 0.000000E+00, 2.922193E+02, 2.913065E+02, 0.000000E+00, 5.542714E+00, 3.022863E+02, 2.913081E+02, 2.900205E+02, 2.913976E+02, 2.910271E+02
2024-06-25 01:45:15,1, 0.000000E+00, 2.919852E+02, 2.909639E+02, 0.000000E+00, 5.558872E+00, 3.019973E+02, 2.909925E+02, 2.897142E+02, 2.910527E+02, 2.906851E+02
2024-06-25 02:00:15,1, 0.000000E+00, 2.917522E+02, 2.906610E+02, 0.000000E+00, 5.575760E+00, 3.017235E+02, 2.907095E+02, 2.894386E+02, 2.907478E+02, 2.903828E+02
2024-06-25 02:15:15,1, 0.000000E+00, 2.915916E+02, 2.903915E+02, 0.000000E+00, 5.522455E+00, 3.014635E+02, 2.904577E+02, 2.891967E+02, 2.904766E+02, 2.901145E+02
2024-06-25 02:30:15,1, 0.000000E+00, 2.914310E+02, 2.901502E+02, 0.000000E+00, 5.475688E+00, 3.012160E+02, 2.902288E+02, 2.889764E+02, 2.902335E+02, 2.898741E+02
2024-06-25 02:45:15,1, 0.000000E+00, 2.912705E+02, 2.899300E+02, 0.000000E+00, 5.427331E+00, 3.009798E+02, 2.900178E+02, 2.887729E+02, 2.900115E+02, 2.896546E+02
2024-06-25 03:00:15,1, 0.000000E+00, 2.911106E+02, 2.897259E+02, 0.000000E+00, 5.373680E+00, 3.007537E+02, 2.898205E+02, 2.885823E+02, 2.898057E+02, 2.894509E+02
2024-06-25 03:15:15,1, 0.000000E+00, 2.909953E+02, 2.895375E+02, 0.000000E+00, 5.316129E+00, 3.005371E+02, 2.896398E+02, 2.884106E+02, 2.896157E+02, 2.892636E+02
2024-06-25 03:30:15,1, 0.000000E+00, 2.908799E+02, 2.893643E+02, 0.000000E+00, 5.258315E+00, 3.003294E+02, 2.894721E+02, 2.882510E+02, 2.894409E+02, 2.890913E+02
2024-06-25 03:45:15,1, 0.000000E+00, 2.907646E+02, 2.892027E+02, 0.000000E+00, 5.198118E+00, 3.001297E+02, 2.893144E+02, 2.881008E+02, 2.892777E+02, 2.889306E+02
2024-06-25 04:00:15,1, 0.000000E+00, 2.906498E+02, 2.890501E+02, 0.000000E+00, 5.132483E+00, 2.999374E+02, 2.891647E+02, 2.879582E+02, 2.891238E+02, 2.887788E+02
2024-06-25 04:15:15,1, 0.000000E+00, 2.905654E+02, 2.889082E+02, 0.000000E+00, 4.946659E+00, 2.997522E+02, 2.890275E+02, 2.878300E+02, 2.889805E+02, 2.886382E+02
2024-06-25 04:30:15,1, 0.000000E+00, 2.904810E+02, 2.887774E+02, 0.000000E+00, 4.778450E+00, 2.995738E+02, 2.889001E+02, 2.877110E+02, 2.888484E+02, 2.885087E+02
2024-06-25 04:45:15,1, 0.000000E+00, 2.903967E+02, 2.886553E+02, 0.000000E+00, 4.623592E+00, 2.994018E+02, 2.887807E+02, 2.875995E+02, 2.887255E+02, 2.883882E+02
2024-06-25 05:00:15,1, 0.000000E+00, 2.903128E+02, 2.885403E+02, 0.000000E+00, 4.476482E+00, 2.992356E+02, 2.886671E+02, 2.874935E+02, 2.886092E+02, 2.882742E+02
2024-06-25 05:15:15,1, 0.000000E+00, 2.902590E+02, 2.884326E+02, 0.000000E+00, 4.182790E+00, 2.990749E+02, 2.885612E+02, 2.873957E+02, 2.885002E+02, 2.881676E+02
2024-06-25 05:30:15,1, 0.000000E+00, 2.902052E+02, 2.883324E+02, 0.000000E+00, 3.918806E+00, 2.989195E+02, 2.884618E+02, 2.873041E+02, 2.883986E+02, 2.880684E+02
2024-06-25 05:45:15,1, 0.000000E+00, 2.901514E+02, 2.882381E+02, 0.000000E+00, 3.679253E+00, 2.987690E+02, 2.883678E+02, 2.872175E+02, 2.883030E+02, 2.879750E+02
2024-06-25 06:00:15,1, 0.000000E+00, 2.900980E+02, 2.881487E+02, 0.000000E+00, 3.472550E+00, 2.986231E+02, 2.882782E+02, 2.871349E+02, 2.882123E+02, 2.878865E+02
2024-06-25 06:15:15,1, 0.000000E+00, 2.900715E+02, 2.880570E+02, 0.000000E+00, 3.966809E+00, 2.984808E+02, 2.881787E+02, 2.870384E+02, 2.881189E+02, 2.877943E+02
2024-06-25 06:30:15,1, 0.000000E+00, 2.900450E+02, 2.879584E+02, 0.000000E+00, 4.384949E+00, 2.983410E+02, 2.880736E+02, 2.869362E+02, 2.880188E+02, 2.876951E+02
2024-06-25 06:45:15,1, 0.000000E+00, 2.900186E+02, 2.878549E+02, 0.000000E+00, 4.738382E+00, 2.982036E+02, 2.879646E+02, 2.868300E+02, 2.879138E+02, 2.875911E+02
2024-06-25 07:00:15,1, 0.000000E+00, 2.899912E+02, 2.877479E+02, 0.000000E+00, 5.024048E+00, 2.980683E+02, 2.878525E+02, 2.867210E+02, 2.878053E+02, 2.874836E+02
2024-06-25 07:15:15,1, 0.000000E+00, 2.899115E+02, 2.876426E+02, 0.000000E+00, 4.542089E+00, 2.979358E+02, 2.877483E+02, 2.866209E+02, 2.876990E+02, 2.873786E+02
2024-06-25 07:30:15,1, 0.000000E+00, 2.898317E+02, 2.875426E+02, 0.000000E+00, 4.109120E+00, 2.978063E+02, 2.876489E+02, 2.865253E+02, 2.875981E+02, 2.872788E+02
2024-06-25 07:45:15,1, 0.000000E+00, 2.897520E+02, 2.874470E+02, 0.000000E+00, 3.718072E+00, 2.976797E+02, 2.875535E+02, 2.864333E+02, 2.875015E+02, 2.871833E+02
2024-06-25 08:00:15,1, 0.000000E+00, 2.896711E+02, 2.873552E+02, 0.000000E+00, 3.364453E+00, 2.975560E+02, 2.874615E+02, 2.863443E+02, 2.874087E+02, 2.870915E+02
2024-06-25 08:15:15,1, 0.000000E+00, 2.895227E+02, 2.872605E+02, 0.000000E+00, 3.108178E+00, 2.974344E+02, 2.873638E+02, 2.862469E+02, 2.873136E+02, 2.869967E+02
2024-06-25 08:30:15,1, 0.000000E+00, 2.893744E+02, 2.871591E+02, 0.000000E+00, 2.865711E+00, 2.973146E+02, 2.872607E+02, 2.861441E+02, 2.872120E+02, 2.868953E+02
2024-06-25 08:45:15,1, 0.000000E+00, 2.892260E+02, 2.870531E+02, 0.000000E+00, 2.636150E+00, 2.971964E+02, 2.871540E+02, 2.860377E+02, 2.871058E+02, 2.867893E+02
2024-06-25 09:00:15,1, 0.000000E+00, 2.890774E+02, 2.869441E+02, 0.000000E+00, 2.418957E+00, 2.970796E+02, 2.870451E+02, 2.859288E+02, 2.869966E+02, 2.866802E+02
2024-06-25 09:15:15,1, 0.000000E+00, 2.889139E+02, 2.868331E+02, 0.000000E+00, 2.239757E+00, 2.969642E+02, 2.869346E+02, 2.858176E+02, 2.868853E+02, 2.865688E+02
2024-06-25 09:30:15,1, 0.000000E+00, 2.887504E+02, 2.867209E+02, 0.000000E+00, 2.066423E+00, 2.968501E+02, 2.868232E+02, 2.857055E+02, 2.867728E+02, 2.864563E+02
2024-06-25 09:45:15,1, 0.000000E+00, 2.885869E+02, 2.866080E+02, 0.000000E+00, 1.898432E+00, 2.967374E+02, 2.867115E+02, 2.855928E+02, 2.866596E+02, 2.863429E+02
2024-06-25 10:00:15,1, 4.641139E+01, 2.884290E+02, 2.865095E+02, 4.671395E+00, 1.723126E+00, 2.966283E+02, 2.868336E+02, 2.860070E+02, 2.865957E+02, 2.863123E+02
2024-06-25 10:15:15,1, 7.512372E+01, 2.886032E+02, 2.872017E+02, 6.366007E+00, 1.111570E+00, 2.966275E+02, 2.877352E+02, 2.871337E+02, 2.874517E+02, 2.873993E+02
2024-06-25 10:30:15,1, 1.042836E+02, 2.887773E+02, 2.880474E+02, 7.655660E+00, 1.167058E+00, 2.966773E+02, 2.886342E+02, 2.881695E+02, 2.884019E+02, 2.884367E+02
2024-06-25 10:45:15,1, 1.337662E+02, 2.889515E+02, 2.889760E+02, 8.701456E+00, 2.402019E+00, 2.967766E+02, 2.896022E+02, 2.892499E+02, 2.894453E+02, 2.895537E+02
2024-06-25 11:00:15,1, 2.050212E+02, 2.891346E+02, 2.897522E+02, 9.606723E+00, 1.826362E+01, 2.969161E+02, 2.906286E+02, 2.906194E+02, 2.904287E+02, 2.906011E+02
2024-06-25 11:15:15,1, 2.423368E+02, 2.898506E+02, 2.906255E+02, 1.018433E+01, 2.334755E+01, 2.971319E+02, 2.916769E+02, 2.917737E+02, 2.915823E+02, 2.919152E+02
2024-06-25 11:30:15,1, 2.795796E+02, 2.905665E+02, 2.914082E+02, 1.058137E+01, 2.871898E+01, 2.974060E+02, 2.925624E+02, 2.926831E+02, 2.925248E+02, 2.928671E+02
2024-06-25 11:45:15,1, 3.165902E+02, 2.912824E+02, 2.921851E+02, 1.081746E+01, 3.438610E+01, 2.977366E+02, 2.934478E+02, 2.935926E+02, 2.934528E+02, 2.938014E+02
2024-06-25 12:00:15,1, 3.909441E+02, 2.919962E+02, 2.929658E+02, 1.105679E+01, 4.054632E+01, 2.981230E+02, 2.944854E+02, 2.947589E+02, 2.944137E+02, 2.947803E+02
2024-06-25 12:15:15,1, 4.308699E+02, 2.925838E+02, 2.937367E+02, 1.116132E+01, 6.112976E+01, 2.986347E+02, 2.954595E+02, 2.957382E+02, 2.954787E+02, 2.958740E+02
2024-06-25 12:30:15,1, 4.700188E+02, 2.931714E+02, 2.943913E+02, 1.113429E+01, 6.721788E+01, 2.991881E+02, 2.962352E+02, 2.965051E+02, 2.962733E+02, 2.966382E+02
2024-06-25 12:45:15,1, 5.082230E+02, 2.937590E+02, 2.950413E+02, 1.108356E+01, 7.283103E+01, 2.997805E+02, 2.969995E+02, 2.972619E+02, 2.970530E+02, 2.973880E+02
2024-06-25 13:00:15,1, 5.752955E+02, 2.943454E+02, 2.956947E+02, 1.102040E+01, 7.866485E+01, 3.004107E+02, 2.978664E+02, 2.981617E+02, 2.978539E+02, 2.981602E+02
2024-06-25 13:15:15,1, 6.130939E+02, 2.948620E+02, 2.963446E+02, 1.086354E+01, 9.043080E+01, 3.011507E+02, 2.986955E+02, 2.989790E+02, 2.987172E+02, 2.990001E+02
2024-06-25 13:30:15,1, 6.493936E+02, 2.953786E+02, 2.969282E+02, 1.067806E+01, 9.527182E+01, 3.019064E+02, 2.993955E+02, 2.996750E+02, 2.994048E+02, 2.996577E+02
2024-06-25 13:45:15,1, 6.840392E+02, 2.958951E+02, 2.975084E+02, 1.047776E+01, 9.982721E+01, 3.026760E+02, 3.000795E+02, 3.003647E+02, 3.000748E+02, 3.003064E+02
2024-06-25 14:00:15,1, 7.379539E+02, 2.964100E+02, 2.980909E+02, 1.026236E+01, 1.049416E+02, 3.034580E+02, 3.008284E+02, 3.011412E+02, 3.007549E+02, 3.009683E+02
2024-06-25 14:15:15,1, 7.697623E+02, 2.968219E+02, 2.986226E+02, 9.978365E+00, 1.222719E+02, 3.043031E+02, 3.014444E+02, 3.017508E+02, 3.013635E+02, 3.015519E+02
2024-06-25 14:30:15,1, 7.994343E+02, 2.972338E+02, 2.991022E+02, 9.714211E+00, 1.263091E+02, 3.051342E+02, 3.019758E+02, 3.022840E+02, 3.018573E+02, 3.020229E+02
2024-06-25 14:45:15,1, 8.268428E+02, 2.976458E+02, 2.995757E+02, 9.467594E+00, 1.298385E+02, 3.059519E+02, 3.025020E+02, 3.028086E+02, 3.023499E+02, 3.024975E+02
2024-06-25 15:00:15,1, 8.567679E+02, 2.980558E+02, 3.000451E+02, 9.225241E+00, 1.329562E+02, 3.067543E+02, 3.030383E+02, 3.033486E+02, 3.028436E+02, 3.029772E+02
2024-06-25 15:15:15,1, 8.794372E+02, 2.983522E+02, 3.004248E+02, 9.001027E+00, 1.319382E+02, 3.075521E+02, 3.035007E+02, 3.038123E+02, 3.032688E+02, 3.033898E+02
2024-06-25 15:30:15,1, 8.995072E+02, 2.986487E+02, 3.007767E+02, 8.779279E+00, 1.338118E+02, 3.083248E+02, 3.039235E+02, 3.042368E+02, 3.036413E+02, 3.037508E+02
2024-06-25 15:45:15,1, 9.168918E+02, 2.989452E+02, 3.011235E+02, 8.548600E+00, 1.353711E+02, 3.090709E+02, 3.043338E+02, 3.046486E+02, 3.040035E+02, 3.041029E+02
2024-06-25 16:00:15,1, 9.011397E+02, 2.992403E+02, 3.014593E+02, 8.309617E+00, 1.359917E+02, 3.097844E+02, 3.046430E+02, 3.049491E+02, 3.043297E+02, 3.044250E+02
2024-06-25 16:15:15,1, 9.125573E+02, 2.994540E+02, 3.016823E+02, 8.199831E+00, 1.296114E+02, 3.103743E+02, 3.048885E+02, 3.052117E+02, 3.045185E+02, 3.046137E+02
2024-06-25 16:30:15,1, 9.211957E+02, 2.996677E+02, 3.019361E+02, 8.007062E+00, 1.298282E+02, 3.109515E+02, 3.052063E+02, 3.055352E+02, 3.047845E+02, 3.048759E+02
2024-06-25 16:45:15,1, 9.270179E+02, 2.998814E+02, 3.021838E+02, 7.824700E+00, 1.299758E+02, 3.115086E+02, 3.055047E+02, 3.058357E+02, 3.050375E+02, 3.051251E+02
2024-06-25 17:00:15,1, 9.264753E+02, 3.000941E+02, 3.024239E+02, 7.653738E+00, 1.298648E+02, 3.120391E+02, 3.057725E+02, 3.061019E+02, 3.052738E+02, 3.053583E+02
2024-06-25 17:15:15,1, 9.266019E+02, 3.002447E+02, 3.025948E+02, 7.541955E+00, 1.272104E+02, 3.125258E+02, 3.059631E+02, 3.062801E+02, 3.054450E+02, 3.055251E+02
2024-06-25 17:30:15,1, 9.238849E+02, 3.003952E+02, 3.027547E+02, 7.439326E+00, 1.271755E+02, 3.129766E+02, 3.061329E+02, 3.064341E+02, 3.055988E+02, 3.056741E+02
2024-06-25 17:45:15,1, 9.183359E+02, 3.005457E+02, 3.029072E+02, 7.352146E+00, 1.272155E+02, 3.133890E+02, 3.062784E+02, 3.065621E+02, 3.057375E+02, 3.058078E+02
2024-06-25 18:00:15,1, 8.885311E+02, 3.006938E+02, 3.030476E+02, 7.278401E+00, 1.270186E+02, 3.137582E+02, 3.063404E+02, 3.066027E+02, 3.058428E+02, 3.059120E+02
2024-06-25 18:15:15,1, 8.776637E+02, 3.007005E+02, 3.030308E+02, 7.376002E+00, 1.240546E+02, 3.140144E+02, 3.062439E+02, 3.064912E+02, 3.057620E+02, 3.058309E+02
2024-06-25 18:30:15,1, 8.641356E+02, 3.007071E+02, 3.030203E+02, 7.418074E+00, 1.243995E+02, 3.142368E+02, 3.061781E+02, 3.064017E+02, 3.057066E+02, 3.057705E+02
2024-06-25 18:45:15,1, 8.480049E+02, 3.007138E+02, 3.030035E+02, 7.469861E+00, 1.247704E+02, 3.144202E+02, 3.060927E+02, 3.062946E+02, 3.056393E+02, 3.056992E+02
2024-06-25 19:00:15,1, 7.966821E+02, 3.007215E+02, 3.029739E+02, 7.527622E+00, 1.247487E+02, 3.145566E+02, 3.059003E+02, 3.060799E+02, 3.055325E+02, 3.055953E+02
2024-06-25 19:15:15,1, 7.763958E+02, 3.007900E+02, 3.029398E+02, 7.686569E+00, 1.218380E+02, 3.145483E+02, 3.057121E+02, 3.058845E+02, 3.053851E+02, 3.054532E+02
2024-06-25 19:30:15,1, 7.538393E+02, 3.008585E+02, 3.029559E+02, 7.739028E+00, 1.216330E+02, 3.145241E+02, 3.056159E+02, 3.057662E+02, 3.053441E+02, 3.054096E+02
2024-06-25 19:45:15,1, 7.291092E+02, 3.009271E+02, 3.029664E+02, 7.800783E+00, 1.213775E+02, 3.144744E+02, 3.055029E+02, 3.056321E+02, 3.052923E+02, 3.053561E+02
2024-06-25 20:00:15,1, 7.045941E+02, 3.009953E+02, 3.029714E+02, 7.871518E+00, 1.210429E+02, 3.143923E+02, 3.053784E+02, 3.054882E+02, 3.052309E+02, 3.052940E+02
2024-06-25 20:15:15,1, 6.757500E+02, 3.010457E+02, 3.029654E+02, 7.934199E+00, 1.200475E+02, 3.142825E+02, 3.052495E+02, 3.053472E+02, 3.051632E+02, 3.052283E+02
2024-06-25 20:30:15,1, 6.450701E+02, 3.010962E+02, 3.029478E+02, 8.012596E+00, 1.195170E+02, 3.141357E+02, 3.050935E+02, 3.051799E+02, 3.050736E+02, 3.051420E+02
2024-06-25 20:45:15,1, 6.126859E+02, 3.011466E+02, 3.029246E+02, 8.095214E+00, 1.188986E+02, 3.139496E+02, 3.049217E+02, 3.050006E+02, 3.049730E+02, 3.050470E+02
2024-06-25 21:00:15,1, 4.401259E+02, 3.011916E+02, 3.028628E+02, 8.105157E+00, 1.165322E+02, 3.137095E+02, 3.043099E+02, 3.042634E+02, 3.047323E+02, 3.048205E+02
2024-06-25 21:15:15,1, 4.132270E+02, 3.009110E+02, 3.022916E+02, 8.658242E+00, 9.367944E+01, 3.130864E+02, 3.034501E+02, 3.033897E+02, 3.038750E+02, 3.039586E+02
2024-06-25 21:30:15,1, 3.853631E+02, 3.006304E+02, 3.019585E+02, 8.794010E+00, 9.001191E+01, 3.125446E+02, 3.030658E+02, 3.029806E+02, 3.035116E+02, 3.036011E+02
2024-06-25 21:45:15,1, 3.566535E+02, 3.003498E+02, 3.016270E+02, 8.912432E+00, 8.588457E+01, 3.120545E+02, 3.026908E+02, 3.025742E+02, 3.031583E+02, 3.032553E+02
2024-06-25 22:00:15,1, 1.737123E+02, 3.000648E+02, 3.012519E+02, 8.103567E+00, 8.016025E+01, 3.115862E+02, 3.017660E+02, 3.011431E+02, 3.026511E+02, 3.027246E+02
2024-06-25 22:15:15,1, 1.577708E+02, 2.995202E+02, 3.002911E+02, 8.411254E+00, 5.816304E+01, 3.108487E+02, 3.005609E+02, 2.997737E+02, 3.012251E+02, 3.011468E+02
2024-06-25 22:30:15,1, 1.415808E+02, 2.989756E+02, 2.997334E+02, 8.493520E+00, 5.530964E+01, 3.102140E+02, 3.000504E+02, 2.992102E+02, 3.006201E+02, 3.005439E+02
2024-06-25 22:45:15,1, 1.252116E+02, 2.984311E+02, 2.991987E+02, 8.362843E+00, 5.008670E+01, 3.096526E+02, 2.995855E+02, 2.986951E+02, 3.000527E+02, 2.999724E+02
2024-06-25 23:00:15,1, 6.799300E+01, 2.978893E+02, 2.986694E+02, 6.015771E+00, 4.289632E+01, 3.091414E+02, 2.990836E+02, 2.980291E+02, 2.994635E+02, 2.993576E+02
2024-06-25 23:15:15,1, 5.766477E+01, 2.975102E+02, 2.981700E+02, 5.457251E+00, 3.797724E+01, 3.085949E+02, 2.985967E+02, 2.975282E+02, 2.987356E+02, 2.985677E+02
2024-06-25 23:30:15,1, 4.735668E+01, 2.971312E+02, 2.978005E+02, 4.707871E+00, 3.392688E+01, 3.081230E+02, 2.982835E+02, 2.972426E+02, 2.983139E+02, 2.981449E+02
2024-06-25 23:45:15,1, 3.711288E+01, 2.967522E+02, 2.974447E+02, 3.848382E+00, 2.790886E+01, 3.077054E+02, 2.979909E+02, 2.969874E+02, 2.979136E+02, 2.977398E+02
2024-06-25 00:00:15,2, 6.073700E+01, 2.938558E+02, 2.942259E+02, 5.678919E+00, 3.986174E+01, 3.044591E+02, 2.942206E+02, 2.932004E+02, 2.946168E+02, 2.945281E+02
2024-06-25 00:15:15,2, 3.825863E+01, 2.935635E+02, 2.937351E+02, 4.083487E+00, 2.740429E+01, 3.040370E+02, 2.936960E+02, 2.925447E+02, 2.939957E+02, 2.938029E+02
2024-06-25 00:30:15,2, 1.621774E+01, 2.932713E+02, 2.932801E+02, 1.941530E+00, 1.658086E+01, 3.036403E+02, 2.932463E+02, 2.920190E+02, 2.934592E+02, 2.931868E+02
2024-06-25 00:45:15,2, 0.000000E+00, 2.929790E+02, 2.927415E+02, 0.000000E+00, 5.811520E+00, 3.032668E+02, 2.926477E+02, 2.913580E+02, 2.928567E+02, 2.924949E+02
2024-06-25 01:00:15,2, 0.000000E+00, 2.926877E+02, 2.921750E+02, 0.000000E+00, 5.733293E+00, 3.029205E+02, 2.921390E+02, 2.908652E+02, 2.922878E+02, 2.919224E+02
2024-06-25 01:15:15,2, 0.000000E+00, 2.924535E+02, 2.917010E+02, 0.000000E+00, 5.602739E+00, 3.025947E+02, 2.917171E+02, 2.904594E+02, 2.918108E+02, 2.914488E+02
2024-06-25 01:30:15,2, 0.000000E+00, 2.922193E+02, 2.913040E+02, 0.000000E+00, 5.581926E+00, 3.022884E+02, 2.913571E+02, 2.901108E+02, 2.914109E+02, 2.910521E+02
2024-06-25 01:45:15,2, 0.000000E+00, 2.919852E+02, 2.909616E+02, 0.000000E+00, 5.591959E+00, 3.019992E+02, 2.910415E+02, 2.898038E+02, 2.910661E+02, 2.907100E+02
2024-06-25 02:00:15,2, 0.000000E+00, 2.917522E+02, 2.906589E+02, 0.000000E+00, 5.603877E+00, 3.017253E+02, 2.907583E+02, 2.895277E+02, 2.907613E+02, 2.904075E+02
2024-06-25 02:15:15,2, 0.000000E+00, 2.915916E+02, 2.903895E+02, 0.000000E+00, 5.546169E+00, 3.014651E+02, 2.905062E+02, 2.892849E+02, 2.904900E+02, 2.901390E+02
2024-06-25 02:30:15,2, 0.000000E+00, 2.914310E+02, 2.901482E+02, 0.000000E+00, 5.495805E+00, 3.012176E+02, 2.902771E+02, 2.890640E+02, 2.902467E+02, 2.898983E+02
2024-06-25 02:45:15,2, 0.000000E+00, 2.912705E+02, 2.899280E+02, 0.000000E+00, 5.444460E+00, 3.009813E+02, 2.900658E+02, 2.888598E+02, 2.900246E+02, 2.896785E+02
2024-06-25 03:00:15,2, 0.000000E+00, 2.911106E+02, 2.897238E+02, 0.000000E+00, 5.388294E+00, 3.007552E+02, 2.898682E+02, 2.886687E+02, 2.898187E+02, 2.894746E+02
2024-06-25 03:15:15,2, 0.000000E+00, 2.909953E+02, 2.895355E+02, 0.000000E+00, 5.328537E+00, 3.005385E+02, 2.896872E+02, 2.884961E+02, 2.896285E+02, 2.892870E+02
2024-06-25 03:30:15,2, 0.000000E+00, 2.908799E+02, 2.893622E+02, 0.000000E+00, 5.268872E+00, 3.003307E+02, 2.895191E+02, 2.883359E+02, 2.894535E+02, 2.891144E+02
2024-06-25 03:45:15,2, 0.000000E+00, 2.907646E+02, 2.892005E+02, 0.000000E+00, 5.207111E+00, 3.001310E+02, 2.893611E+02, 2.881851E+02, 2.892902E+02, 2.889534E+02
2024-06-25 04:00:15,2, 0.000000E+00, 2.906498E+02, 2.890479E+02, 0.000000E+00, 5.140146E+00, 2.999387E+02, 2.892111E+02, 2.880418E+02, 2.891361E+02, 2.888014E+02
2024-06-25 04:15:15,2, 0.000000E+00, 2.905654E+02, 2.889059E+02, 0.000000E+00, 4.953213E+00, 2.997535E+02, 2.890735E+02, 2.879129E+02, 2.889926E+02, 2.886604E+02
2024-06-25 04:30:15,2, 0.000000E+00, 2.904810E+02, 2.887752E+02, 0.000000E+00, 4.784053E+00, 2.995751E+02, 2.889458E+02, 2.877932E+02, 2.888604E+02, 2.885307E+02
2024-06-25 04:45:15,2, 0.000000E+00, 2.903967E+02, 2.886530E+02, 0.000000E+00, 4.628378E+00, 2.994030E+02, 2.888260E+02, 2.876811E+02, 2.887374E+02, 2.884100E+02
2024-06-25 05:00:15,2, 0.000000E+00, 2.903128E+02, 2.885379E+02, 0.000000E+00, 4.480565E+00, 2.992368E+02, 2.887121E+02, 2.875745E+02, 2.886209E+02, 2.882958E+02
2024-06-25 05:15:15,2, 0.000000E+00, 2.902590E+02, 2.884303E+02, 0.000000E+00, 4.186322E+00, 2.990761E+02, 2.886058E+02, 2.874760E+02, 2.885118E+02, 2.881890E+02
2024-06-25 05:30:15,2, 0.000000E+00, 2.902052E+02, 2.883300E+02, 0.000000E+00, 3.921854E+00, 2.989206E+02, 2.885061E+02, 2.873838E+02, 2.884100E+02, 2.880895E+02
2024-06-25 05:45:15,2, 0.000000E+00, 2.901514E+02, 2.882357E+02, 0.000000E+00, 3.681879E+00, 2.987701E+02, 2.884118E+02, 2.872967E+02, 2.883143E+02, 2.879959E+02
2024-06-25 06:00:15,2, 0.000000E+00, 2.900980E+02, 2.881463E+02, 0.000000E+00, 3.474799E+00, 2.986242E+02, 2.883219E+02, 2.872135E+02, 2.882234E+02, 2.879072E+02
2024-06-25 06:15:15,2, 0.000000E+00, 2.900715E+02, 2.880546E+02, 0.000000E+00, 3.968490E+00, 2.984819E+02, 2.882221E+02, 2.871168E+02, 2.881299E+02, 2.878149E+02
2024-06-25 06:30:15,2, 0.000000E+00, 2.900450E+02, 2.879560E+02, 0.000000E+00, 4.386177E+00, 2.983420E+02, 2.881168E+02, 2.870144E+02, 2.880297E+02, 2.877157E+02
2024-06-25 06:45:15,2, 0.000000E+00, 2.900186E+02, 2.878525E+02, 0.000000E+00, 4.739247E+00, 2.982046E+02, 2.880076E+02, 2.869080E+02, 2.879247E+02, 2.876117E+02
2024-06-25 07:00:15,2, 0.000000E+00, 2.899912E+02, 2.877456E+02, 0.000000E+00, 5.024624E+00, 2.980693E+02, 2.878953E+02, 2.867988E+02, 2.878161E+02, 2.875041E+02
2024-06-25 07:15:15,2, 0.000000E+00, 2.899115E+02, 2.876403E+02, 0.000000E+00, 4.542659E+00, 2.979368E+02, 2.877910E+02, 2.866984E+02, 2.877098E+02, 2.873990E+02
2024-06-25 07:30:15,2, 0.000000E+00, 2.898317E+02, 2.875403E+02, 0.000000E+00, 4.109665E+00, 2.978073E+02, 2.876914E+02, 2.866025E+02, 2.876088E+02, 2.872992E+02
2024-06-25 07:45:15,2, 0.000000E+00, 2.897520E+02, 2.874447E+02, 0.000000E+00, 3.718579E+00, 2.976807E+02, 2.875959E+02, 2.865103E+02, 2.875122E+02, 2.872036E+02
2024-06-25 08:00:15,2, 0.000000E+00, 2.896711E+02, 2.873529E+02, 0.000000E+00, 3.364913E+00, 2.975569E+02, 2.875038E+02, 2.864211E+02, 2.874193E+02, 2.871116E+02
2024-06-25 08:15:15,2, 0.000000E+00, 2.895227E+02, 2.872582E+02, 0.000000E+00, 3.108548E+00, 2.974354E+02, 2.874061E+02, 2.863238E+02, 2.873243E+02, 2.870169E+02
2024-06-25 08:30:15,2, 0.000000E+00, 2.893744E+02, 2.871568E+02, 0.000000E+00, 2.866000E+00, 2.973156E+02, 2.873030E+02, 2.862210E+02, 2.872227E+02, 2.869155E+02
2024-06-25 08:45:15,2, 0.000000E+00, 2.892260E+02, 2.870509E+02, 0.000000E+00, 2.636361E+00, 2.971973E+02, 2.871963E+02, 2.861146E+02, 2.871165E+02, 2.868095E+02
2024-06-25 09:00:15,2, 0.000000E+00, 2.890774E+02, 2.869418E+02, 0.000000E+00, 2.419096E+00, 2.970805E+02, 2.870874E+02, 2.860058E+02, 2.870072E+02, 2.867004E+02
2024-06-25 09:15:15,2, 0.000000E+00, 2.889139E+02, 2.868308E+02, 0.000000E+00, 2.239817E+00, 2.969651E+02, 2.869770E+02, 2.858947E+02, 2.868959E+02, 2.865891E+02
2024-06-25 09:30:15,2, 0.000000E+00, 2.887504E+02, 2.867186E+02, 0.000000E+00, 2.066412E+00, 2.968511E+02, 2.868657E+02, 2.857827E+02, 2.867835E+02, 2.864766E+02
2024-06-25 09:45:15,2, 0.000000E+00, 2.885869E+02, 2.866057E+02, 0.000000E+00, 1.898354E+00, 2.967383E+02, 2.867541E+02, 2.856701E+02, 2.866703E+02, 2.863633E+02
2024-06-25 10:00:15,2, 4.641139E+01, 2.884290E+02, 2.865071E+02, 4.763412E+00, 1.722811E+00, 2.966292E+02, 2.868633E+02, 2.860374E+02, 2.866045E+02, 2.863258E+02
2024-06-25 10:15:15,2, 7.512372E+01, 2.886032E+02, 2.871976E+02, 6.424084E+00, 1.112083E+00, 2.966291E+02, 2.877505E+02, 2.871346E+02, 2.874475E+02, 2.873778E+02
2024-06-25 10:30:15,2, 1.042836E+02, 2.887773E+02, 2.880418E+02, 7.671965E+00, 1.163430E+00, 2.966794E+02, 2.886422E+02, 2.881600E+02, 2.883925E+02, 2.884073E+02
2024-06-25 10:45:15,2, 1.337662E+02, 2.889515E+02, 2.889694E+02, 8.703331E+00, 2.381150E+00, 2.967789E+02, 2.896045E+02, 2.892339E+02, 2.894318E+02, 2.895195E+02
2024-06-25 11:00:15,2, 2.050212E+02, 2.891346E+02, 2.897497E+02, 9.610323E+00, 1.821940E+01, 2.969189E+02, 2.906179E+02, 2.905592E+02, 2.904165E+02, 2.905637E+02
2024-06-25 11:15:15,2, 2.423368E+02, 2.898506E+02, 2.906225E+02, 1.018742E+01, 2.329800E+01, 2.971355E+02, 2.916606E+02, 2.917021E+02, 2.915634E+02, 2.918536E+02
2024-06-25 11:30:15,2, 2.795796E+02, 2.905665E+02, 2.914051E+02, 1.058843E+01, 2.867627E+01, 2.974101E+02, 2.925447E+02, 2.926102E+02, 2.925061E+02, 2.928066E+02
2024-06-25 11:45:15,2, 3.165902E+02, 2.912824E+02, 2.921821E+02, 1.082426E+01, 3.434693E+01, 2.977410E+02, 2.934291E+02, 2.935196E+02, 2.934343E+02, 2.937416E+02
2024-06-25 12:00:15,2, 3.909441E+02, 2.919962E+02, 2.929627E+02, 1.106448E+01, 4.050799E+01, 2.981275E+02, 2.944612E+02, 2.946677E+02, 2.943946E+02, 2.947170E+02
2024-06-25 12:15:15,2, 4.308699E+02, 2.925838E+02, 2.937329E+02, 1.116962E+01, 6.107738E+01, 2.986394E+02, 2.954337E+02, 2.956428E+02, 2.954576E+02, 2.958013E+02
2024-06-25 12:30:15,2, 4.700188E+02, 2.931714E+02, 2.943875E+02, 1.114321E+01, 6.717522E+01, 2.991929E+02, 2.962096E+02, 2.964103E+02, 2.962532E+02, 2.965675E+02
2024-06-25 12:45:15,2, 5.082230E+02, 2.937590E+02, 2.950374E+02, 1.109292E+01, 7.279391E+01, 2.997852E+02, 2.969740E+02, 2.971673E+02, 2.970337E+02, 2.973188E+02
2024-06-25 13:00:15,2, 5.752955E+02, 2.943454E+02, 2.956907E+02, 1.103020E+01, 7.863163E+01, 3.004153E+02, 2.978396E+02, 2.980600E+02, 2.978349E+02, 2.980905E+02
2024-06-25 13:15:15,2, 6.130939E+02, 2.948620E+02, 2.963401E+02, 1.087420E+01, 9.039843E+01, 3.011552E+02, 2.986684E+02, 2.988752E+02, 2.986983E+02, 2.989273E+02
2024-06-25 13:30:15,2, 6.493936E+02, 2.953786E+02, 2.969236E+02, 1.068915E+01, 9.524887E+01, 3.019107E+02, 2.993686E+02, 2.995709E+02, 2.993867E+02, 2.995862E+02
2024-06-25 13:45:15,2, 6.840392E+02, 2.958951E+02, 2.975038E+02, 1.048922E+01, 9.981300E+01, 3.026801E+02, 3.000529E+02, 3.002602E+02, 3.000573E+02, 3.002359E+02
2024-06-25 14:00:15,2, 7.379539E+02, 2.964100E+02, 2.980861E+02, 1.027420E+01, 1.049350E+02, 3.034619E+02, 3.008013E+02, 3.010326E+02, 3.007377E+02, 3.008977E+02
2024-06-25 14:15:15,2, 7.697623E+02, 2.968219E+02, 2.986175E+02, 9.990747E+00, 1.222764E+02, 3.043068E+02, 3.014179E+02, 3.016428E+02, 3.013471E+02, 3.014820E+02
2024-06-25 14:30:15,2, 7.994343E+02, 2.972338E+02, 2.990970E+02, 9.726629E+00, 1.263256E+02, 3.051377E+02, 3.019499E+02, 3.021771E+02, 3.018416E+02, 3.019550E+02
2024-06-25 14:45:15,2, 8.268428E+02, 2.976458E+02, 2.995706E+02, 9.475521E+00, 1.298190E+02, 3.059552E+02, 3.024775E+02, 3.027054E+02, 3.023349E+02, 3.024309E+02
2024-06-25 15:00:15,2, 8.567679E+02, 2.980558E+02, 3.000396E+02, 9.238620E+00, 1.330008E+02, 3.067573E+02, 3.030137E+02, 3.032434E+02, 3.028287E+02, 3.029113E+02
2024-06-25 15:15:15,2, 8.794372E+02, 2.983522E+02, 3.004192E+02, 9.014871E+00, 1.319961E+02, 3.075549E+02, 3.034762E+02, 3.037061E+02, 3.032543E+02, 3.033246E+02
2024-06-25 15:30:15,2, 8.995072E+02, 2.986487E+02, 3.007710E+02, 8.793335E+00, 1.338812E+02, 3.083273E+02, 3.038991E+02, 3.041302E+02, 3.036271E+02, 3.036863E+02
2024-06-25 15:45:15,2, 9.168918E+02, 2.989452E+02, 3.011177E+02, 8.562771E+00, 1.354521E+02, 3.090732E+02, 3.043096E+02, 3.045419E+02, 3.039896E+02, 3.040391E+02
2024-06-25 16:00:15,2, 9.011397E+02, 2.992403E+02, 3.014535E+02, 8.323827E+00, 1.360849E+02, 3.097865E+02, 3.046191E+02, 3.048448E+02, 3.043160E+02, 3.043625E+02
2024-06-25 16:15:15,2, 9.125573E+02, 2.994540E+02, 3.016768E+02, 8.213149E+00, 1.297042E+02, 3.103762E+02, 3.048646E+02, 3.051076E+02, 3.045051E+02, 3.045530E+02
2024-06-25 16:30:15,2, 9.211957E+02, 2.996677E+02, 3.019306E+02, 8.020347E+00, 1.299270E+02, 3.109533E+02, 3.051824E+02, 3.054305E+02, 3.047712E+02, 3.048154E+02
2024-06-25 16:45:15,2, 9.270179E+02, 2.998814E+02, 3.021782E+02, 7.837904E+00, 1.300806E+02, 3.115102E+02, 3.054808E+02, 3.057309E+02, 3.050243E+02, 3.050649E+02
2024-06-25 17:00:15,2, 9.264753E+02, 3.000941E+02, 3.024184E+02, 7.666827E+00, 1.299751E+02, 3.120406E+02, 3.057488E+02, 3.059976E+02, 3.052607E+02, 3.052985E+02
2024-06-25 17:15:15,2, 9.266019E+02, 3.002447E+02, 3.025893E+02, 7.554794E+00, 1.273219E+02, 3.125271E+02, 3.059401E+02, 3.061770E+02, 3.054320E+02, 3.054661E+02
2024-06-25 17:30:15,2, 9.238849E+02, 3.003952E+02, 3.027492E+02, 7.452015E+00, 1.272878E+02, 3.129778E+02, 3.061105E+02, 3.063323E+02, 3.055861E+02, 3.056155E+02
2024-06-25 17:45:15,2, 9.183359E+02, 3.005457E+02, 3.029017E+02, 7.364698E+00, 1.273285E+02, 3.133901E+02, 3.062567E+02, 3.064617E+02, 3.057250E+02, 3.057498E+02
2024-06-25 18:00:15,2, 8.885311E+02, 3.006938E+02, 3.030422E+02, 7.290781E+00, 1.271327E+02, 3.137592E+02, 3.063193E+02, 3.065057E+02, 3.058305E+02, 3.058553E+02
2024-06-25 18:15:15,2, 8.776637E+02, 3.007005E+02, 3.030257E+02, 7.387430E+00, 1.241574E+02, 3.140153E+02, 3.062237E+02, 3.063972E+02, 3.057502E+02, 3.057766E+02
2024-06-25 18:30:15,2, 8.641356E+02, 3.007071E+02, 3.030153E+02, 7.429249E+00, 1.244969E+02, 3.142377E+02, 3.061587E+02, 3.063101E+02, 3.056951E+02, 3.057172E+02
2024-06-25 18:45:15,2, 8.480049E+02, 3.007138E+02, 3.029986E+02, 7.480803E+00, 1.248631E+02, 3.144210E+02, 3.060740E+02, 3.062052E+02, 3.056281E+02, 3.056471E+02
2024-06-25 19:00:15,2, 7.966821E+02, 3.007215E+02, 3.029691E+02, 7.538315E+00, 1.248376E+02, 3.145574E+02, 3.058820E+02, 3.059952E+02, 3.055216E+02, 3.055450E+02
2024-06-25 19:15:15,2, 7.763958E+02, 3.007900E+02, 3.029355E+02, 7.696120E+00, 1.219119E+02, 3.145491E+02, 3.056945E+02, 3.058028E+02, 3.053745E+02, 3.054055E+02
2024-06-25 19:30:15,2, 7.538393E+02, 3.008585E+02, 3.029516E+02, 7.748517E+00, 1.217036E+02, 3.145249E+02, 3.055991E+02, 3.056867E+02, 3.053337E+02, 3.053628E+02
2024-06-25 19:45:15,2, 7.291092E+02, 3.009271E+02, 3.029621E+02, 7.810185E+00, 1.214450E+02, 3.144753E+02, 3.054867E+02, 3.055547E+02, 3.052821E+02, 3.053102E+02
2024-06-25 20:00:15,2, 7.045941E+02, 3.009953E+02, 3.029671E+02, 7.880824E+00, 1.211069E+02, 3.143932E+02, 3.053628E+02, 3.054124E+02, 3.052209E+02, 3.052489E+02
2024-06-25 20:15:15,2, 6.757500E+02, 3.010457E+02, 3.029611E+02, 7.943479E+00, 1.201091E+02, 3.142836E+02, 3.052339E+02, 3.052723E+02, 3.051532E+02, 3.051836E+02
2024-06-25 20:30:15,2, 6.450701E+02, 3.010962E+02, 3.029435E+02, 8.021747E+00, 1.195750E+02, 3.141368E+02, 3.050780E+02, 3.051059E+02, 3.050636E+02, 3.050978E+02
2024-06-25 20:45:15,2, 6.126859E+02, 3.011466E+02, 3.029203E+02, 8.104241E+00, 1.189529E+02, 3.139509E+02, 3.049060E+02, 3.049270E+02, 3.049629E+02, 3.050032E+02
2024-06-25 21:00:15,2, 4.401259E+02, 3.011916E+02, 3.028588E+02, 8.113775E+00, 1.165886E+02, 3.137110E+02, 3.042976E+02, 3.042125E+02, 3.047230E+02, 3.047827E+02
2024-06-25 21:15:15,2, 4.132270E+02, 3.009110E+02, 3.022901E+02, 8.662864E+00, 9.371886E+01, 3.130877E+02, 3.034403E+02, 3.033468E+02, 3.038687E+02, 3.039347E+02
2024-06-25 21:30:15,2, 3.853631E+02, 3.006304E+02, 3.019570E+02, 8.798723E+00, 9.004292E+01, 3.125459E+02, 3.030560E+02, 3.029376E+02, 3.035051E+02, 3.035769E+02
2024-06-25 21:45:15,2, 3.566535E+02, 3.003498E+02, 3.016256E+02, 8.917194E+00, 8.591284E+01, 3.120559E+02, 3.026813E+02, 3.025310E+02, 3.031517E+02, 3.032307E+02
2024-06-25 22:00:15,2, 1.737123E+02, 3.000648E+02, 3.012506E+02, 8.105891E+00, 8.018633E+01, 3.115877E+02, 3.017746E+02, 3.011436E+02, 3.026471E+02, 3.027078E+02
2024-06-25 22:15:15,2, 1.577708E+02, 2.995202E+02, 3.002915E+02, 8.399422E+00, 5.817437E+01, 3.108501E+02, 3.005779E+02, 2.997897E+02, 3.012306E+02, 3.011508E+02
2024-06-25 22:30:15,2, 1.415808E+02, 2.989756E+02, 2.997335E+02, 8.498210E+00, 5.530176E+01, 3.102153E+02, 3.000695E+02, 2.992254E+02, 3.006263E+02, 3.005483E+02
2024-06-25 22:45:15,2, 1.252116E+02, 2.984311E+02, 2.991987E+02, 8.372878E+00, 5.009666E+01, 3.096540E+02, 2.996089E+02, 2.987162E+02, 3.000618E+02, 2.999773E+02
2024-06-25 23:00:15,2, 6.799300E+01, 2.978893E+02, 2.986689E+02, 6.029604E+00, 4.302915E+01, 3.091427E+02, 2.991141E+02, 2.980746E+02, 2.994616E+02, 2.993648E+02
2024-06-25 23:15:15,2, 5.766477E+01, 2.975102E+02, 2.981690E+02, 5.468236E+00, 3.810238E+01, 3.085960E+02, 2.986311E+02, 2.975838E+02, 2.987376E+02, 2.985784E+02
2024-06-25 23:30:15,2, 4.735668E+01, 2.971312E+02, 2.978002E+02, 4.715208E+00, 3.401921E+01, 3.081241E+02, 2.983185E+02, 2.973012E+02, 2.983186E+02, 2.981568E+02
2024-06-25 23:45:15,2, 3.711288E+01, 2.967522E+02, 2.974447E+02, 3.852735E+00, 2.796155E+01, 3.077064E+02, 2.980259E+02, 2.970477E+02, 2.979197E+02, 2.977530E+02
2024-06-26 00:00:15,1, 1.382305E+01, 2.963771E+02, 2.970939E+02, 1.570888E+00, 2.094958E+01, 3.073274E+02, 2.977272E+02, 2.967855E+02, 2.975069E+02, 2.973211E+02
2024-06-26 00:15:15,1, 8.712551E+00, 2.962298E+02, 2.968863E+02, 1.019384E+00, 1.817349E+01, 3.069612E+02, 2.975132E+02, 2.966506E+02, 2.971805E+02, 2.969541E+02
2024-06-26 00:30:15,1, 3.701175E+00, 2.960826E+02, 2.967191E+02, 4.436067E-01, 1.633378E+01, 3.066122E+02, 2.973001E+02, 2.964908E+02, 2.969789E+02, 2.967454E+02
2024-06-26 00:45:15,1, 0.000000E+00, 2.959353E+02, 2.965426E+02, 0.000000E+00, 1.547681E+01, 3.062790E+02, 2.970743E+02, 2.962779E+02, 2.967750E+02, 2.965413E+02
2024-06-26 01:00:15,1, 0.000000E+00, 2.957864E+02, 2.963850E+02, 0.000000E+00, 1.553170E+01, 3.059673E+02, 2.969004E+02, 2.961300E+02, 2.966068E+02, 2.963810E+02
2024-06-26 01:15:15,1, 0.000000E+00, 2.955428E+02, 2.961256E+02, 0.000000E+00, 1.923127E+01, 3.056644E+02, 2.965503E+02, 2.957545E+02, 2.963362E+02, 2.961061E+02
2024-06-26 01:30:15,1, 0.000000E+00, 2.952992E+02, 2.958240E+02, 0.000000E+00, 1.909146E+01, 3.053486E+02, 2.961671E+02, 2.953429E+02, 2.960097E+02, 2.957715E+02
2024-06-26 01:45:15,1, 0.000000E+00, 2.950556E+02, 2.955171E+02, 0.000000E+00, 1.851683E+01, 3.050273E+02, 2.957816E+02, 2.949277E+02, 2.956783E+02, 2.954315E+02
2024-06-26 02:00:15,1, 0.000000E+00, 2.948155E+02, 2.952063E+02, 0.000000E+00, 1.752734E+01, 3.047061E+02, 2.953963E+02, 2.945039E+02, 2.953465E+02, 2.950878E+02
2024-06-26 02:15:15,1, 0.000000E+00, 2.947770E+02, 2.950308E+02, 0.000000E+00, 1.625577E+01, 3.044065E+02, 2.952227E+02, 2.943184E+02, 2.951485E+02, 2.948842E+02
2024-06-26 02:30:15,1, 0.000000E+00, 2.947385E+02, 2.949398E+02, 0.000000E+00, 1.731198E+01, 3.041331E+02, 2.951201E+02, 2.942260E+02, 2.950487E+02, 2.947872E+02
2024-06-26 02:45:15,1, 0.000000E+00, 2.947001E+02, 2.948688E+02, 0.000000E+00, 1.811379E+01, 3.038791E+02, 2.950353E+02, 2.941558E+02, 2.949725E+02, 2.947151E+02
2024-06-26 03:00:15,1, 0.000000E+00, 2.946618E+02, 2.948049E+02, 0.000000E+00, 1.850923E+01, 3.036410E+02, 2.949578E+02, 2.940935E+02, 2.949046E+02, 2.946515E+02
2024-06-26 03:15:15,1, 0.000000E+00, 2.946349E+02, 2.947492E+02, 0.000000E+00, 1.550762E+01, 3.034178E+02, 2.948924E+02, 2.940416E+02, 2.948455E+02, 2.945961E+02
2024-06-26 03:30:15,1, 0.000000E+00, 2.946079E+02, 2.947015E+02, 0.000000E+00, 1.457418E+01, 3.032079E+02, 2.948353E+02, 2.940005E+02, 2.947944E+02, 2.945496E+02
2024-06-26 03:45:15,1, 0.000000E+00, 2.945810E+02, 2.946588E+02, 0.000000E+00, 1.431198E+01, 3.030092E+02, 2.947837E+02, 2.939658E+02, 2.947486E+02, 2.945087E+02
2024-06-26 04:00:15,1, 0.000000E+00, 2.945537E+02, 2.946197E+02, 0.000000E+00, 1.413600E+01, 3.028204E+02, 2.947363E+02, 2.939358E+02, 2.947067E+02, 2.944718E+02
2024-06-26 04:15:15,1, 0.000000E+00, 2.945056E+02, 2.945944E+02, 0.000000E+00, 8.468488E+00, 3.026426E+02, 2.947256E+02, 2.939555E+02, 2.946820E+02, 2.944554E+02
2024-06-26 04:30:15,1, 0.000000E+00, 2.944574E+02, 2.945857E+02, 0.000000E+00, 5.876571E+00, 3.024778E+02, 2.947308E+02, 2.939953E+02, 2.946743E+02, 2.944579E+02
2024-06-26 04:45:15,1, 0.000000E+00, 2.944093E+02, 2.945818E+02, 0.000000E+00, 4.502630E+00, 3.023234E+02, 2.947415E+02, 2.940403E+02, 2.946730E+02, 2.944667E+02
2024-06-26 05:00:15,1, 0.000000E+00, 2.943610E+02, 2.945754E+02, 0.000000E+00, 3.541646E+00, 3.021776E+02, 2.947517E+02, 2.940830E+02, 2.946699E+02, 2.944735E+02
2024-06-26 05:15:15,1, 0.000000E+00, 2.943029E+02, 2.945849E+02, 0.000000E+00,-3.690963E+00, 3.020460E+02, 2.948148E+02, 2.941844E+02, 2.946890E+02, 2.945036E+02
2024-06-26 05:30:15,1, 0.000000E+00, 2.942449E+02, 2.946069E+02, 0.000000E+00,-6.584781E+00, 3.019406E+02, 2.948923E+02, 2.943037E+02, 2.947243E+02, 2.945512E+02
2024-06-26 05:45:15,1, 0.000000E+00, 2.941868E+02, 2.946236E+02, 0.000000E+00,-7.814574E+00, 3.018542E+02, 2.949677E+02, 2.944209E+02, 2.947564E+02, 2.945956E+02
2024-06-26 06:00:15,1, 0.000000E+00, 2.941310E+02, 2.946292E+02, 0.000000E+00,-7.918907E+00, 3.017818E+02, 2.950331E+02, 2.945289E+02, 2.947785E+02, 2.946304E+02
2024-06-26 06:15:15,1, 0.000000E+00, 2.942054E+02, 2.946350E+02, 0.000000E+00, 8.855634E+00, 3.017147E+02, 2.949804E+02, 2.944393E+02, 2.947697E+02, 2.946136E+02
2024-06-26 06:30:15,1, 0.000000E+00, 2.942798E+02, 2.946405E+02, 0.000000E+00, 1.204740E+01, 3.016704E+02, 2.949240E+02, 2.943441E+02, 2.947598E+02, 2.945923E+02
2024-06-26 06:45:15,1, 0.000000E+00, 2.943542E+02, 2.946377E+02, 0.000000E+00, 1.229530E+01, 3.016412E+02, 2.948604E+02, 2.942378E+02, 2.947433E+02, 2.945630E+02
2024-06-26 07:00:15,1, 0.000000E+00, 2.944268E+02, 2.946185E+02, 0.000000E+00, 1.147490E+01, 3.016228E+02, 2.947833E+02, 2.941130E+02, 2.947129E+02, 2.945179E+02
2024-06-26 07:15:15,1, 0.000000E+00, 2.943928E+02, 2.945977E+02, 0.000000E+00, 7.467377E+00, 3.016000E+02, 2.947776E+02, 2.941144E+02, 2.946932E+02, 2.944980E+02
2024-06-26 07:30:15,1, 0.000000E+00, 2.943588E+02, 2.945861E+02, 0.000000E+00, 5.794394E+00, 3.015382E+02, 2.947764E+02, 2.941266E+02, 2.946834E+02, 2.944922E+02
2024-06-26 07:45:15,1, 0.000000E+00, 2.943249E+02, 2.945741E+02, 0.000000E+00, 4.961688E+00, 3.014551E+02, 2.947726E+02, 2.941382E+02, 2.946732E+02, 2.944867E+02
2024-06-26 08:00:15,1, 0.000000E+00, 2.942908E+02, 2.945596E+02, 0.000000E+00, 4.490990E+00, 3.013616E+02, 2.947655E+02, 2.941463E+02, 2.946604E+02, 2.944786E+02
2024-06-26 08:15:15,1, 0.000000E+00, 2.942496E+02, 2.945151E+02, 0.000000E+00, 3.497479E+00, 3.012605E+02, 2.946942E+02, 2.940649E+02, 2.946145E+02, 2.944309E+02
2024-06-26 08:30:15,1, 0.000000E+00, 2.942084E+02, 2.944448E+02, 0.000000E+00, 2.841377E+00, 3.011540E+02, 2.946013E+02, 2.939568E+02, 2.945398E+02, 2.943514E+02
2024-06-26 08:45:15,1, 0.000000E+00, 2.941672E+02, 2.943645E+02, 0.000000E+00, 2.399387E+00, 3.010457E+02, 2.944999E+02, 2.938377E+02, 2.944543E+02, 2.942607E+02
2024-06-26 09:00:15,1, 0.000000E+00, 2.941266E+02, 2.942763E+02, 0.000000E+00, 2.002297E+00, 3.009374E+02, 2.943919E+02, 2.937098E+02, 2.943610E+02, 2.941618E+02
2024-06-26 09:15:15,1, 0.000000E+00, 2.941179E+02, 2.942077E+02, 0.000000E+00, 5.284504E-01, 3.008355E+02, 2.943305E+02, 2.936387E+02, 2.942888E+02, 2.940865E+02
2024-06-26 09:30:15,1, 0.000000E+00, 2.941093E+02, 2.941629E+02, 0.000000E+00,-6.451049E-02, 3.007416E+02, 2.942898E+02, 2.935933E+02, 2.942422E+02, 2.940389E+02
2024-06-26 09:45:15,1, 0.000000E+00, 2.941007E+02, 2.941278E+02, 0.000000E+00,-3.570469E-01, 3.006545E+02, 2.942585E+02, 2.935581E+02, 2.942065E+02, 2.940025E+02
2024-06-26 10:00:15,1, 2.756436E+01, 2.940935E+02, 2.941022E+02, 3.189933E+00,-4.770841E-01, 3.005750E+02, 2.943023E+02, 2.936223E+02, 2.942062E+02, 2.940122E+02
2024-06-26 10:15:15,1, 4.488108E+01, 2.941766E+02, 2.943409E+02, 4.889778E+00, 1.226904E+00, 3.005633E+02, 2.946092E+02, 2.939717E+02, 2.945933E+02, 2.945041E+02
2024-06-26 10:30:15,1, 6.246887E+01, 2.942596E+02, 2.945927E+02, 6.327880E+00, 8.199259E+00, 3.005658E+02, 2.948835E+02, 2.943073E+02, 2.949127E+02, 2.948533E+02
2024-06-26 10:45:15,1, 8.025241E+01, 2.943426E+02, 2.947777E+02, 7.497595E+00, 1.593828E+01, 3.005842E+02, 2.951053E+02, 2.945924E+02, 2.951658E+02, 2.951396E+02
2024-06-26 11:00:15,1, 1.145527E+02, 2.944278E+02, 2.949306E+02, 9.167500E+00, 2.117063E+01, 3.006215E+02, 2.953745E+02, 2.949835E+02, 2.954018E+02, 2.954187E+02
2024-06-26 11:15:15,1, 1.354968E+02, 2.946433E+02, 2.952533E+02, 9.852163E+00, 2.940375E+01, 3.007154E+02, 2.958272E+02, 2.955523E+02, 2.958350E+02, 2.959074E+02
2024-06-26 11:30:15,1, 1.564012E+02, 2.948587E+02, 2.955602E+02, 1.033740E+01, 3.406160E+01, 3.008385E+02, 2.962382E+02, 2.960564E+02, 2.962163E+02, 2.963129E+02
2024-06-26 11:45:15,1, 1.771766E+02, 2.950742E+02, 2.958637E+02, 1.068145E+01, 3.792373E+01, 3.009884E+02, 2.966492E+02, 2.965531E+02, 2.965918E+02, 2.967123E+02
2024-06-26 12:00:15,1, 2.208974E+02, 2.952885E+02, 2.961701E+02, 1.120170E+01, 4.218840E+01, 3.011641E+02, 2.971438E+02, 2.971898E+02, 2.969860E+02, 2.971356E+02
2024-06-26 12:15:15,1, 2.435209E+02, 2.954365E+02, 2.964534E+02, 1.127426E+01, 5.953034E+01, 3.013991E+02, 2.975050E+02, 2.975902E+02, 2.973915E+02, 2.975699E+02
2024-06-26 12:30:15,1, 2.657056E+02, 2.955844E+02, 2.966436E+02, 1.131413E+01, 6.286074E+01, 3.016369E+02, 2.977420E+02, 2.978559E+02, 2.976304E+02, 2.978151E+02
2024-06-26 12:45:15,1, 2.873566E+02, 2.957324E+02, 2.968301E+02, 1.133669E+01, 6.555929E+01, 3.018775E+02, 2.979736E+02, 2.981133E+02, 2.978618E+02, 2.980527E+02
2024-06-26 13:00:15,1, 3.635680E+02, 2.958812E+02, 2.970294E+02, 1.150870E+01, 6.862366E+01, 3.021254E+02, 2.983978E+02, 2.986593E+02, 2.981438E+02, 2.983479E+02
2024-06-26 13:15:15,1, 3.875101E+02, 2.960834E+02, 2.974203E+02, 1.136222E+01, 7.999114E+01, 3.025109E+02, 2.989614E+02, 2.992648E+02, 2.987406E+02, 2.989847E+02
2024-06-26 13:30:15,1, 4.105049E+02, 2.962855E+02, 2.976856E+02, 1.122854E+01, 8.308249E+01, 3.028935E+02, 2.993283E+02, 2.996701E+02, 2.990976E+02, 2.993549E+02
2024-06-26 13:45:15,1, 4.324538E+02, 2.964876E+02, 2.979453E+02, 1.110412E+01, 8.609395E+01, 3.032749E+02, 2.996896E+02, 3.000690E+02, 2.994489E+02, 2.997199E+02
2024-06-26 14:00:15,1, 5.992352E+02, 2.966917E+02, 2.982325E+02, 1.108718E+01, 9.048217E+01, 3.036709E+02, 3.005067E+02, 3.010323E+02, 2.999324E+02, 3.002085E+02
2024-06-26 14:15:15,1, 6.251213E+02, 2.970079E+02, 2.988476E+02, 1.057052E+01, 1.159518E+02, 3.044779E+02, 3.014092E+02, 3.019196E+02, 3.009391E+02, 3.012146E+02
2024-06-26 14:30:15,1, 6.492720E+02, 2.973241E+02, 2.992145E+02, 1.026078E+01, 1.194983E+02, 3.052115E+02, 3.018538E+02, 3.023790E+02, 3.013804E+02, 3.016493E+02
2024-06-26 14:45:15,1, 6.715837E+02, 2.976403E+02, 2.995745E+02, 9.984609E+00, 1.229009E+02, 3.058924E+02, 3.022810E+02, 3.028209E+02, 3.018055E+02, 3.020693E+02
2024-06-26 15:00:15,1, 6.758170E+02, 2.979544E+02, 2.999270E+02, 9.716451E+00, 1.256920E+02, 3.065314E+02, 3.026508E+02, 3.032052E+02, 3.022060E+02, 3.024686E+02
2024-06-26 15:15:15,1, 6.937443E+02, 2.981468E+02, 3.001510E+02, 9.542107E+00, 1.226577E+02, 3.070850E+02, 3.029254E+02, 3.034954E+02, 3.024731E+02, 3.027375E+02
2024-06-26 15:30:15,1, 7.096204E+02, 2.983392E+02, 3.003758E+02, 9.358746E+00, 1.244948E+02, 3.076163E+02, 3.032164E+02, 3.037930E+02, 3.027574E+02, 3.030193E+02
2024-06-26 15:45:15,1, 7.233771E+02, 2.985316E+02, 3.005953E+02, 9.184736E+00, 1.262569E+02, 3.081256E+02, 3.034923E+02, 3.040735E+02, 3.030307E+02, 3.032897E+02
2024-06-26 16:00:15,1, 8.302042E+02, 2.987252E+02, 3.008260E+02, 9.048664E+00, 1.281193E+02, 3.086235E+02, 3.040076E+02, 3.045799E+02, 3.033728E+02, 3.036087E+02
2024-06-26 16:15:15,1, 8.407668E+02, 2.989927E+02, 3.012440E+02, 8.561794E+00, 1.283677E+02, 3.094130E+02, 3.046630E+02, 3.051915E+02, 3.040363E+02, 3.042350E+02
2024-06-26 16:30:15,1, 8.487677E+02, 2.992603E+02, 3.015362E+02, 8.329297E+00, 1.291833E+02, 3.101204E+02, 3.050388E+02, 3.055645E+02, 3.043946E+02, 3.045889E+02
2024-06-26 16:45:15,1, 8.541726E+02, 2.995279E+02, 3.018197E+02, 8.110461E+00, 1.300062E+02, 3.107620E+02, 3.053938E+02, 3.059174E+02, 3.047378E+02, 3.049284E+02
2024-06-26 17:00:15,1, 8.527692E+02, 2.997938E+02, 3.020948E+02, 7.895348E+00, 1.302656E+02, 3.113479E+02, 3.057192E+02, 3.062399E+02, 3.050649E+02, 3.052531E+02
2024-06-26 17:15:15,1, 8.529232E+02, 2.999664E+02, 3.022775E+02, 7.754266E+00, 1.258049E+02, 3.118686E+02, 3.059469E+02, 3.064553E+02, 3.052952E+02, 3.054807E+02
2024-06-26 17:30:15,1, 8.504583E+02, 3.001390E+02, 3.024451E+02, 7.619893E+00, 1.258835E+02, 3.123426E+02, 3.061562E+02, 3.066481E+02, 3.055056E+02, 3.056873E+02
2024-06-26 17:45:15,1, 8.453851E+02, 3.003117E+02, 3.026044E+02, 7.498765E+00, 1.259881E+02, 3.127721E+02, 3.063453E+02, 3.068186E+02, 3.057047E+02, 3.058828E+02
2024-06-26 18:00:15,1, 6.921378E+02, 3.004820E+02, 3.027297E+02, 7.372686E+00, 1.257573E+02, 3.131407E+02, 3.060956E+02, 3.065443E+02, 3.057683E+02, 3.059738E+02
2024-06-26 18:15:15,1, 6.836993E+02, 3.005165E+02, 3.025526E+02, 7.922852E+00, 1.295722E+02, 3.130008E+02, 3.056026E+02, 3.061323E+02, 3.052965E+02, 3.055556E+02
2024-06-26 18:30:15,1, 6.731869E+02, 3.005511E+02, 3.025658E+02, 7.897511E+00, 1.302357E+02, 3.129334E+02, 3.056066E+02, 3.061517E+02, 3.053170E+02, 3.055811E+02
2024-06-26 18:45:15,1, 6.606458E+02, 3.005856E+02, 3.025762E+02, 7.878902E+00, 1.304481E+02, 3.129064E+02, 3.056023E+02, 3.061571E+02, 3.053353E+02, 3.056028E+02
2024-06-26 19:00:15,1, 5.235260E+02, 3.006178E+02, 3.025560E+02, 7.829777E+00, 1.293760E+02, 3.128846E+02, 3.051662E+02, 3.056081E+02, 3.052314E+02, 3.055101E+02
2024-06-26 19:15:15,1, 5.102143E+02, 3.005118E+02, 3.022127E+02, 8.446250E+00, 1.161485E+02, 3.125141E+02, 3.044315E+02, 3.048401E+02, 3.045392E+02, 3.048067E+02
2024-06-26 19:30:15,1, 4.954096E+02, 3.004058E+02, 3.020670E+02, 8.539321E+00, 1.155612E+02, 3.122131E+02, 3.041923E+02, 3.045736E+02, 3.043323E+02, 3.045924E+02
2024-06-26 19:45:15,1, 4.791753E+02, 3.002997E+02, 3.019202E+02, 8.632298E+00, 1.145830E+02, 3.119540E+02, 3.039484E+02, 3.042956E+02, 3.041241E+02, 3.043745E+02
2024-06-26 20:00:15,1, 2.444870E+02, 3.001871E+02, 3.017127E+02, 8.206049E+00, 1.106329E+02, 3.116999E+02, 3.028375E+02, 3.025861E+02, 3.036832E+02, 3.038869E+02
2024-06-26 20:15:15,1, 2.344873E+02, 2.996806E+02, 3.007080E+02, 8.902832E+00, 6.599741E+01, 3.109786E+02, 3.013749E+02, 3.009585E+02, 3.020676E+02, 3.021336E+02
2024-06-26 20:30:15,1, 2.238500E+02, 2.991742E+02, 3.001943E+02, 9.098603E+00, 6.254924E+01, 3.103799E+02, 3.009006E+02, 3.004846E+02, 3.014906E+02, 3.015555E+02
2024-06-26 20:45:15,1, 2.126205E+02, 2.986677E+02, 2.996917E+02, 9.307176E+00, 5.829901E+01, 3.098659E+02, 3.004422E+02, 2.999951E+02, 3.009397E+02, 3.010033E+02
2024-06-26 21:00:15,1, 1.350431E+02, 2.981580E+02, 2.991754E+02, 8.390184E+00, 5.416157E+01, 3.094048E+02, 2.997672E+02, 2.990332E+02, 3.003200E+02, 3.003633E+02
2024-06-26 21:15:15,1, 1.267951E+02, 2.974541E+02, 2.983363E+02, 8.525549E+00, 6.203694E+01, 3.088551E+02, 2.988907E+02, 2.980422E+02, 2.992652E+02, 2.992046E+02
2024-06-26 21:30:15,1, 1.182506E+02, 2.967502E+02, 2.976469E+02, 8.452471E+00, 5.973361E+01, 3.083664E+02, 2.982880E+02, 2.974174E+02, 2.985545E+02, 2.985026E+02
2024-06-26 21:45:15,1, 1.094461E+02, 2.960463E+02, 2.969652E+02, 8.279311E+00, 5.482077E+01, 3.079213E+02, 2.976971E+02, 2.968132E+02, 2.978586E+02, 2.978175E+02
2024-06-26 22:00:15,1, 4.889710E+01, 2.953453E+02, 2.962761E+02, 4.854186E+00, 4.751276E+01, 3.075022E+02, 2.970120E+02, 2.959797E+02, 2.971084E+02, 2.970731E+02
2024-06-26 22:15:15,1, 4.441229E+01, 2.948118E+02, 2.956296E+02, 4.582865E+00, 1.862065E+01, 3.070019E+02, 2.963529E+02, 2.952982E+02, 2.961997E+02, 2.960361E+02
2024-06-26 22:30:15,1, 3.985727E+01, 2.942784E+02, 2.951071E+02, 4.224211E+00, 1.233445E+01, 3.066190E+02, 2.958911E+02, 2.948510E+02, 2.956569E+02, 2.954976E+02
2024-06-26 22:45:15,1, 3.525157E+01, 2.937449E+02, 2.945857E+02, 3.821585E+00, 7.629708E+00, 3.063240E+02, 2.954394E+02, 2.944142E+02, 2.951244E+02, 2.949741E+02
2024-06-26 23:00:15,1, 2.416770E+01, 2.932145E+02, 2.940712E+02, 2.734474E+00, 3.512426E+00, 3.060868E+02, 2.949900E+02, 2.939709E+02, 2.945877E+02, 2.944285E+02
2024-06-26 23:15:15,1, 2.049868E+01, 2.928616E+02, 2.936832E+02, 2.361739E+00, 6.155016E+00, 3.059160E+02, 2.946463E+02, 2.936426E+02, 2.941315E+02, 2.939348E+02
2024-06-26 23:30:15,1, 1.683658E+01, 2.925087E+02, 2.933589E+02, 1.972704E+00, 4.676519E+00, 3.059976E+02, 2.943887E+02, 2.933827E+02, 2.937939E+02, 2.935734E+02
2024-06-26 23:45:15,1, 1.319710E+01, 2.921557E+02, 2.930415E+02, 1.573375E+00, 2.762892E+00, 3.062543E+02, 2.941486E+02, 2.931279E+02, 2.934695E+02, 2.932187E+02
2024-06-26 00:00:15,2, 1.382305E+01, 2.963771E+02, 2.970941E+02, 1.571702E+00, 2.097628E+01, 3.073283E+02, 2.977619E+02, 2.968475E+02, 2.975144E+02, 2.973363E+02
2024-06-26 00:15:15,2, 8.712551E+00, 2.962298E+02, 2.968862E+02, 1.019419E+00, 1.820329E+01, 3.069621E+02, 2.975444E+02, 2.967104E+02, 2.971892E+02, 2.969703E+02
2024-06-26 00:30:15,2, 3.701175E+00, 2.960826E+02, 2.967194E+02, 4.437366E-01, 1.632909E+01, 3.066131E+02, 2.973298E+02, 2.965435E+02, 2.969881E+02, 2.967621E+02
2024-06-26 00:45:15,2, 0.000000E+00, 2.959353E+02, 2.965429E+02, 0.000000E+00, 1.547700E+01, 3.062799E+02, 2.971034E+02, 2.963296E+02, 2.967840E+02, 2.965576E+02
2024-06-26 01:00:15,2, 0.000000E+00, 2.957864E+02, 2.963853E+02, 0.000000E+00, 1.553329E+01, 3.059682E+02, 2.969286E+02, 2.961799E+02, 2.966155E+02, 2.963966E+02
2024-06-26 01:15:15,2, 0.000000E+00, 2.955428E+02, 2.961258E+02, 0.000000E+00, 1.923341E+01, 3.056653E+02, 2.965796E+02, 2.958063E+02, 2.963451E+02, 2.961222E+02
2024-06-26 01:30:15,2, 0.000000E+00, 2.952992E+02, 2.958242E+02, 0.000000E+00, 1.909370E+01, 3.053494E+02, 2.961977E+02, 2.953971E+02, 2.960188E+02, 2.957881E+02
2024-06-26 01:45:15,2, 0.000000E+00, 2.950556E+02, 2.955171E+02, 0.000000E+00, 1.851881E+01, 3.050282E+02, 2.958139E+02, 2.949845E+02, 2.956876E+02, 2.954486E+02
2024-06-26 02:00:15,2, 0.000000E+00, 2.948155E+02, 2.952062E+02, 0.000000E+00, 1.752780E+01, 3.047070E+02, 2.954312E+02, 2.945641E+02, 2.953556E+02, 2.951056E+02
2024-06-26 02:15:15,2, 0.000000E+00, 2.947770E+02, 2.950304E+02, 0.000000E+00, 1.625171E+01, 3.044075E+02, 2.952580E+02, 2.943792E+02, 2.951580E+02, 2.949019E+02
2024-06-26 02:30:15,2, 0.000000E+00, 2.947385E+02, 2.949393E+02, 0.000000E+00, 1.730730E+01, 3.041342E+02, 2.951549E+02, 2.942861E+02, 2.950583E+02, 2.948045E+02
2024-06-26 02:45:15,2, 0.000000E+00, 2.947001E+02, 2.948682E+02, 0.000000E+00, 1.811034E+01, 3.038802E+02, 2.950696E+02, 2.942149E+02, 2.949820E+02, 2.947320E+02
2024-06-26 03:00:15,2, 0.000000E+00, 2.946618E+02, 2.948042E+02, 0.000000E+00, 1.850743E+01, 3.036422E+02, 2.949915E+02, 2.941516E+02, 2.949140E+02, 2.946681E+02
2024-06-26 03:15:15,2, 0.000000E+00, 2.946349E+02, 2.947484E+02, 0.000000E+00, 1.550969E+01, 3.034191E+02, 2.949255E+02, 2.940987E+02, 2.948549E+02, 2.946124E+02
2024-06-26 03:30:15,2, 0.000000E+00, 2.946079E+02, 2.947007E+02, 0.000000E+00, 1.457655E+01, 3.032092E+02, 2.948677E+02, 2.940565E+02, 2.948038E+02, 2.945655E+02
2024-06-26 03:45:15,2, 0.000000E+00, 2.945810E+02, 2.946580E+02, 0.000000E+00, 1.431439E+01, 3.030106E+02, 2.948153E+02, 2.940206E+02, 2.947580E+02, 2.945243E+02
2024-06-26 04:00:15,2, 0.000000E+00, 2.945537E+02, 2.946190E+02, 0.000000E+00, 1.413839E+01, 3.028218E+02, 2.947672E+02, 2.939895E+02, 2.947162E+02, 2.944870E+02
2024-06-26 04:15:15,2, 0.000000E+00, 2.945056E+02, 2.945938E+02, 0.000000E+00, 8.480255E+00, 3.026440E+02, 2.947554E+02, 2.940070E+02, 2.946906E+02, 2.944700E+02
2024-06-26 04:30:15,2, 0.000000E+00, 2.944574E+02, 2.945851E+02, 0.000000E+00, 5.889726E+00, 3.024792E+02, 2.947593E+02, 2.940442E+02, 2.946822E+02, 2.944719E+02
2024-06-26 04:45:15,2, 0.000000E+00, 2.944093E+02, 2.945814E+02, 0.000000E+00, 4.515368E+00, 3.023248E+02, 2.947685E+02, 2.940868E+02, 2.946801E+02, 2.944800E+02
2024-06-26 05:00:15,2, 0.000000E+00, 2.943610E+02, 2.945752E+02, 0.000000E+00, 3.552801E+00, 3.021789E+02, 2.947771E+02, 2.941272E+02, 2.946768E+02, 2.944863E+02
2024-06-26 05:15:15,2, 0.000000E+00, 2.943029E+02, 2.945849E+02, 0.000000E+00,-3.681494E+00, 3.020473E+02, 2.948384E+02, 2.942257E+02, 2.946958E+02, 2.945157E+02
2024-06-26 05:30:15,2, 0.000000E+00, 2.942449E+02, 2.946070E+02, 0.000000E+00,-6.579637E+00, 3.019418E+02, 2.949140E+02, 2.943418E+02, 2.947307E+02, 2.945624E+02
2024-06-26 05:45:15,2, 0.000000E+00, 2.941868E+02, 2.946238E+02, 0.000000E+00,-7.811421E+00, 3.018554E+02, 2.949878E+02, 2.944560E+02, 2.947625E+02, 2.946061E+02
2024-06-26 06:00:15,2, 0.000000E+00, 2.941310E+02, 2.946294E+02, 0.000000E+00,-7.916138E+00, 3.017829E+02, 2.950516E+02, 2.945612E+02, 2.947841E+02, 2.946402E+02
2024-06-26 06:15:15,2, 0.000000E+00, 2.942054E+02, 2.946351E+02, 0.000000E+00, 8.857183E+00, 3.017157E+02, 2.950002E+02, 2.944742E+02, 2.947756E+02, 2.946240E+02
2024-06-26 06:30:15,2, 0.000000E+00, 2.942798E+02, 2.946407E+02, 0.000000E+00, 1.204917E+01, 3.016714E+02, 2.949454E+02, 2.943819E+02, 2.947661E+02, 2.946035E+02
2024-06-26 06:45:15,2, 0.000000E+00, 2.943542E+02, 2.946379E+02, 0.000000E+00, 1.229648E+01, 3.016422E+02, 2.948838E+02, 2.942790E+02, 2.947500E+02, 2.945751E+02
2024-06-26 07:00:15,2, 0.000000E+00, 2.944268E+02, 2.946185E+02, 0.000000E+00, 1.147398E+01, 3.016237E+02, 2.948092E+02, 2.941579E+02, 2.947200E+02, 2.945310E+02
2024-06-26 07:15:15,2, 0.000000E+00, 2.943928E+02, 2.945976E+02, 0.000000E+00, 7.469767E+00, 3.016010E+02, 2.948029E+02, 2.941586E+02, 2.947002E+02, 2.945109E+02
2024-06-26 07:30:15,2, 0.000000E+00, 2.943588E+02, 2.945860E+02, 0.000000E+00, 5.799285E+00, 3.015392E+02, 2.948010E+02, 2.941697E+02, 2.946903E+02, 2.945048E+02
2024-06-26 07:45:15,2, 0.000000E+00, 2.943249E+02, 2.945741E+02, 0.000000E+00, 4.967138E+00, 3.014561E+02, 2.947966E+02, 2.941802E+02, 2.946800E+02, 2.944990E+02
2024-06-26 08:00:15,2, 0.000000E+00, 2.942908E+02, 2.945596E+02, 0.000000E+00, 4.496076E+00, 3.013626E+02, 2.947888E+02, 2.941873E+02, 2.946670E+02, 2.944906E+02
2024-06-26 08:15:15,2, 0.000000E+00, 2.942496E+02, 2.945151E+02, 0.000000E+00, 3.501858E+00, 3.012615E+02, 2.947181E+02, 2.941068E+02, 2.946213E+02, 2.944432E+02
2024-06-26 08:30:15,2, 0.000000E+00, 2.942084E+02, 2.944447E+02, 0.000000E+00, 2.845307E+00, 3.011550E+02, 2.946261E+02, 2.939999E+02, 2.945465E+02, 2.943640E+02
2024-06-26 08:45:15,2, 0.000000E+00, 2.941672E+02, 2.943642E+02, 0.000000E+00, 2.402760E+00, 3.010467E+02, 2.945257E+02, 2.938822E+02, 2.944613E+02, 2.942736E+02
2024-06-26 09:00:15,2, 0.000000E+00, 2.941266E+02, 2.942758E+02, 0.000000E+00, 2.004285E+00, 3.009385E+02, 2.944185E+02, 2.937559E+02, 2.943686E+02, 2.941751E+02
2024-06-26 09:15:15,2, 0.000000E+00, 2.941179E+02, 2.942070E+02, 0.000000E+00, 5.314390E-01, 3.008365E+02, 2.943577E+02, 2.936858E+02, 2.942963E+02, 2.940999E+02
2024-06-26 09:30:15,2, 0.000000E+00, 2.941093E+02, 2.941620E+02, 0.000000E+00,-6.078663E-02, 3.007427E+02, 2.943173E+02, 2.936411E+02, 2.942494E+02, 2.940524E+02
2024-06-26 09:45:15,2, 0.000000E+00, 2.941007E+02, 2.941269E+02, 0.000000E+00,-3.526298E-01, 3.006556E+02, 2.942858E+02, 2.936065E+02, 2.942132E+02, 2.940162E+02
2024-06-26 10:00:15,2, 2.756436E+01, 2.940935E+02, 2.941014E+02, 3.193408E+00,-4.737463E-01, 3.005761E+02, 2.943271E+02, 2.936672E+02, 2.942118E+02, 2.940245E+02
2024-06-26 10:15:15,2, 4.488108E+01, 2.941766E+02, 2.943399E+02, 4.898491E+00, 1.233779E+00, 3.005644E+02, 2.946307E+02, 2.940070E+02, 2.945946E+02, 2.945073E+02
2024-06-26 10:30:15,2, 6.246887E+01, 2.942596E+02, 2.945918E+02, 6.342931E+00, 8.221771E+00, 3.005669E+02, 2.949010E+02, 2.943342E+02, 2.949129E+02, 2.948543E+02
2024-06-26 10:45:15,2, 8.025241E+01, 2.943426E+02, 2.947772E+02, 7.517828E+00, 1.598612E+01, 3.005853E+02, 2.951196E+02, 2.946121E+02, 2.951654E+02, 2.951392E+02
2024-06-26 11:00:15,2, 1.145527E+02, 2.944278E+02, 2.949303E+02, 9.190477E+00, 2.121790E+01, 3.006226E+02, 2.953831E+02, 2.949897E+02, 2.954007E+02, 2.954165E+02
2024-06-26 11:15:15,2, 1.354968E+02, 2.946433E+02, 2.952529E+02, 9.869611E+00, 2.945124E+01, 3.007164E+02, 2.958298E+02, 2.955443E+02, 2.958311E+02, 2.958975E+02
2024-06-26 11:30:15,2, 1.564012E+02, 2.948587E+02, 2.955600E+02, 1.034599E+01, 3.409314E+01, 3.008395E+02, 2.962364E+02, 2.960405E+02, 2.962116E+02, 2.963012E+02
2024-06-26 11:45:15,2, 1.771766E+02, 2.950742E+02, 2.958637E+02, 1.068581E+01, 3.794717E+01, 3.009894E+02, 2.966436E+02, 2.965299E+02, 2.965864E+02, 2.966987E+02
2024-06-26 12:00:15,2, 2.208974E+02, 2.952885E+02, 2.961701E+02, 1.120428E+01, 4.220829E+01, 3.011650E+02, 2.971318E+02, 2.971534E+02, 2.969793E+02, 2.971187E+02
2024-06-26 12:15:15,2, 2.435209E+02, 2.954365E+02, 2.964533E+02, 1.127766E+01, 5.954869E+01, 3.013999E+02, 2.974909E+02, 2.975502E+02, 2.973836E+02, 2.975499E+02
2024-06-26 12:30:15,2, 2.657056E+02, 2.955844E+02, 2.966435E+02, 1.131822E+01, 6.288360E+01, 3.016376E+02, 2.977267E+02, 2.978140E+02, 2.976223E+02, 2.977945E+02
2024-06-26 12:45:15,2, 2.873566E+02, 2.957324E+02, 2.968300E+02, 1.134130E+01, 6.558541E+01, 3.018781E+02, 2.979572E+02, 2.980696E+02, 2.978534E+02, 2.980315E+02
2024-06-26 13:00:15,2, 3.635680E+02, 2.958812E+02, 2.970293E+02, 1.151464E+01, 6.865163E+01, 3.021259E+02, 2.983767E+02, 2.986029E+02, 2.981344E+02, 2.983237E+02
2024-06-26 13:15:15,2, 3.875101E+02, 2.960834E+02, 2.974197E+02, 1.136853E+01, 8.001673E+01, 3.025113E+02, 2.989375E+02, 2.992022E+02, 2.987290E+02, 2.989541E+02
2024-06-26 13:30:15,2, 4.105049E+02, 2.962855E+02, 2.976850E+02, 1.123495E+01, 8.311239E+01, 3.028939E+02, 2.993028E+02, 2.996035E+02, 2.990855E+02, 2.993228E+02
2024-06-26 13:45:15,2, 4.324538E+02, 2.964876E+02, 2.979447E+02, 1.111053E+01, 8.612653E+01, 3.032751E+02, 2.996624E+02, 2.999986E+02, 2.994361E+02, 2.996862E+02
2024-06-26 14:00:15,2, 5.992352E+02, 2.966917E+02, 2.982317E+02, 1.109405E+01, 9.051276E+01, 3.036710E+02, 3.004745E+02, 3.009383E+02, 2.999181E+02, 3.001679E+02
2024-06-26 14:15:15,2, 6.251213E+02, 2.970079E+02, 2.988449E+02, 1.057992E+01, 1.159691E+02, 3.044781E+02, 3.013751E+02, 3.018185E+02, 3.009230E+02, 3.011624E+02
2024-06-26 14:30:15,2, 6.492720E+02, 2.973241E+02, 2.992118E+02, 1.027031E+01, 1.195269E+02, 3.052116E+02, 3.018194E+02, 3.022764E+02, 3.013643E+02, 3.015969E+02
2024-06-26 14:45:15,2, 6.715837E+02, 2.976403E+02, 2.995718E+02, 9.994105E+00, 1.229358E+02, 3.058924E+02, 3.022463E+02, 3.027169E+02, 3.017894E+02, 3.020165E+02
2024-06-26 15:00:15,2, 6.758170E+02, 2.979544E+02, 2.999242E+02, 9.725881E+00, 1.257336E+02, 3.065314E+02, 3.026156E+02, 3.031011E+02, 3.021899E+02, 3.024160E+02
2024-06-26 15:15:15,2, 6.937443E+02, 2.981468E+02, 3.001485E+02, 9.551041E+00, 1.227040E+02, 3.070848E+02, 3.028902E+02, 3.033907E+02, 3.024571E+02, 3.026854E+02
2024-06-26 15:30:15,2, 7.096204E+02, 2.983392E+02, 3.003732E+02, 9.367643E+00, 1.245435E+02, 3.076160E+02, 3.031811E+02, 3.036875E+02, 3.027414E+02, 3.029667E+02
2024-06-26 15:45:15,2, 7.233771E+02, 2.985316E+02, 3.005927E+02, 9.193619E+00, 1.263088E+02, 3.081252E+02, 3.034571E+02, 3.039672E+02, 3.030147E+02, 3.032368E+02
2024-06-26 16:00:15,2, 8.302042E+02, 2.987252E+02, 3.008232E+02, 9.056163E+00, 1.281479E+02, 3.086231E+02, 3.039743E+02, 3.044681E+02, 3.033569E+02, 3.035531E+02
2024-06-26 16:15:15,2, 8.407668E+02, 2.989927E+02, 3.012397E+02, 8.576219E+00, 1.284566E+02, 3.094126E+02, 3.046294E+02, 3.050751E+02, 3.040201E+02, 3.041731E+02
2024-06-26 16:30:15,2, 8.487677E+02, 2.992603E+02, 3.015318E+02, 8.344635E+00, 1.293011E+02, 3.101199E+02, 3.050053E+02, 3.054467E+02, 3.043783E+02, 3.045264E+02
2024-06-26 16:45:15,2, 8.541726E+02, 2.995279E+02, 3.018154E+02, 8.123818E+00, 1.301097E+02, 3.107614E+02, 3.053607E+02, 3.057987E+02, 3.047216E+02, 3.048654E+02
2024-06-26 17:00:15,2, 8.527692E+02, 2.997938E+02, 3.020905E+02, 7.908565E+00, 1.303746E+02, 3.113472E+02, 3.056862E+02, 3.061208E+02, 3.050487E+02, 3.051897E+02
2024-06-26 17:15:15,2, 8.529232E+02, 2.999664E+02, 3.022733E+02, 7.767141E+00, 1.259159E+02, 3.118679E+02, 3.059145E+02, 3.063366E+02, 3.052791E+02, 3.054174E+02
2024-06-26 17:30:15,2, 8.504583E+02, 3.001390E+02, 3.024410E+02, 7.632633E+00, 1.259956E+02, 3.123419E+02, 3.061245E+02, 3.065300E+02, 3.054897E+02, 3.056237E+02
2024-06-26 17:45:15,2, 8.453851E+02, 3.003117E+02, 3.026003E+02, 7.511406E+00, 1.261018E+02, 3.127714E+02, 3.063143E+02, 3.067012E+02, 3.056888E+02, 3.058189E+02
2024-06-26 18:00:15,2, 6.921378E+02, 3.004820E+02, 3.027259E+02, 7.385207E+00, 1.258763E+02, 3.131399E+02, 3.060636E+02, 3.064390E+02, 3.057524E+02, 3.059132E+02
2024-06-26 18:15:15,2, 6.836993E+02, 3.005165E+02, 3.025507E+02, 7.929846E+00, 1.296418E+02, 3.130000E+02, 3.055698E+02, 3.060305E+02, 3.052808E+02, 3.055043E+02
2024-06-26 18:30:15,2, 6.731869E+02, 3.005511E+02, 3.025640E+02, 7.904608E+00, 1.303049E+02, 3.129325E+02, 3.055730E+02, 3.060481E+02, 3.053010E+02, 3.055293E+02
2024-06-26 18:45:15,2, 6.606458E+02, 3.005856E+02, 3.025744E+02, 7.886056E+00, 1.305192E+02, 3.129055E+02, 3.055681E+02, 3.060521E+02, 3.053192E+02, 3.055507E+02
2024-06-26 19:00:15,2, 5.235260E+02, 3.006178E+02, 3.025544E+02, 7.836809E+00, 1.294512E+02, 3.128836E+02, 3.051347E+02, 3.055185E+02, 3.052160E+02, 3.054616E+02
2024-06-26 19:15:15,2, 5.102143E+02, 3.005118E+02, 3.022123E+02, 8.450162E+00, 1.161979E+02, 3.125130E+02, 3.044027E+02, 3.047596E+02, 3.045258E+02, 3.047688E+02
2024-06-26 19:30:15,2, 4.954096E+02, 3.004058E+02, 3.020666E+02, 8.543370E+00, 1.156075E+02, 3.122120E+02, 3.041645E+02, 3.044954E+02, 3.043193E+02, 3.045556E+02
2024-06-26 19:45:15,2, 4.791753E+02, 3.002997E+02, 3.019198E+02, 8.636449E+00, 1.146290E+02, 3.119529E+02, 3.039217E+02, 3.042200E+02, 3.041116E+02, 3.043388E+02
2024-06-26 20:00:15,2, 2.444870E+02, 3.001871E+02, 3.017124E+02, 8.208362E+00, 1.106792E+02, 3.116988E+02, 3.028316E+02, 3.025606E+02, 3.036745E+02, 3.038613E+02
2024-06-26 20:15:15,2, 2.344873E+02, 2.996806E+02, 3.007083E+02, 8.903975E+00, 6.602632E+01, 3.109776E+02, 3.013762E+02, 3.009470E+02, 3.020658E+02, 3.021286E+02
2024-06-26 20:30:15,2, 2.238500E+02, 2.991742E+02, 3.001950E+02, 9.085110E+00, 6.254257E+01, 3.103790E+02, 3.009021E+02, 3.004742E+02, 3.014891E+02, 3.015502E+02
2024-06-26 20:45:15,2, 2.126205E+02, 2.986677E+02, 2.996921E+02, 9.308310E+00, 5.829800E+01, 3.098650E+02, 3.004437E+02, 2.999818E+02, 3.009384E+02, 3.009990E+02
2024-06-26 21:00:15,2, 1.350431E+02, 2.981580E+02, 2.991757E+02, 8.397750E+00, 5.418312E+01, 3.094040E+02, 2.997815E+02, 2.990442E+02, 3.003199E+02, 3.003615E+02
2024-06-26 21:15:15,2, 1.267951E+02, 2.974541E+02, 2.983357E+02, 8.533527E+00, 6.215394E+01, 3.088543E+02, 2.989093E+02, 2.980613E+02, 2.992636E+02, 2.992096E+02
2024-06-26 21:30:15,2, 1.182506E+02, 2.967502E+02, 2.976468E+02, 8.464722E+00, 5.981577E+01, 3.083656E+02, 2.983089E+02, 2.974410E+02, 2.985558E+02, 2.985094E+02
2024-06-26 21:45:15,2, 1.094461E+02, 2.960463E+02, 2.969652E+02, 8.295767E+00, 5.486331E+01, 3.079206E+02, 2.977202E+02, 2.968421E+02, 2.978617E+02, 2.978276E+02
2024-06-26 22:00:15,2, 4.889710E+01, 2.953453E+02, 2.962764E+02, 4.861923E+00, 4.749130E+01, 3.075016E+02, 2.970462E+02, 2.960364E+02, 2.971161E+02, 2.970965E+02
2024-06-26 22:15:15,2, 4.441229E+01, 2.948118E+02, 2.956299E+02, 4.589687E+00, 1.863555E+01, 3.070013E+02, 2.963894E+02, 2.953624E+02, 2.962074E+02, 2.960537E+02
2024-06-26 22:30:15,2, 3.985727E+01, 2.942784E+02, 2.951074E+02, 4.230165E+00, 1.233935E+01, 3.066184E+02, 2.959276E+02, 2.949183E+02, 2.956644E+02, 2.955172E+02
2024-06-26 22:45:15,2, 3.525157E+01, 2.937449E+02, 2.945860E+02, 3.825318E+00, 7.611903E+00, 3.063234E+02, 2.954771E+02, 2.944869E+02, 2.951335E+02, 2.949984E+02
2024-06-26 23:00:15,2, 2.416770E+01, 2.932145E+02, 2.940714E+02, 2.736145E+00, 3.467362E+00, 3.060863E+02, 2.950297E+02, 2.940504E+02, 2.946006E+02, 2.944656E+02
2024-06-26 23:15:15,2, 2.049868E+01, 2.928616E+02, 2.936835E+02, 2.363002E+00, 6.133059E+00, 3.059156E+02, 2.946857E+02, 2.937216E+02, 2.941427E+02, 2.939626E+02
2024-06-26 23:30:15,2, 1.683658E+01, 2.925087E+02, 2.933590E+02, 1.973701E+00, 4.699051E+00, 3.059971E+02, 2.944264E+02, 2.934560E+02, 2.938007E+02, 2.935826E+02
2024-06-26 23:45:15,2, 1.319710E+01, 2.921557E+02, 2.930415E+02, 1.574032E+00, 2.779192E+00, 3.062538E+02, 2.941879E+02, 2.931996E+02, 2.934790E+02, 2.932344E+02
2024-06-27 00:00:15,1, 6.115095E+00, 2.918038E+02, 2.927257E+02, 7.549763E-01, 1.498071E+00, 3.065989E+02, 2.939016E+02, 2.928605E+02, 2.931497E+02, 2.928758E+02
2024-06-27 00:15:15,1, 3.854809E+00, 2.915081E+02, 2.924420E+02, 4.824259E-01, 1.374286E+01, 3.070944E+02, 2.937204E+02, 2.926674E+02, 2.928642E+02, 2.925671E+02
2024-06-27 00:30:15,1, 1.638218E+00, 2.912124E+02, 2.921907E+02, 2.063603E-01, 1.629993E+01, 3.078211E+02, 2.935959E+02, 2.925010E+02, 2.926410E+02, 2.923289E+02
2024-06-27 00:45:15,1, 0.000000E+00, 2.909168E+02, 2.919442E+02, 0.000000E+00, 1.928610E+01, 3.085636E+02, 2.934834E+02, 2.923474E+02, 2.924271E+02, 2.921005E+02
2024-06-27 01:00:15,1, 0.000000E+00, 2.906230E+02, 2.917081E+02, 0.000000E+00, 3.056696E+01, 3.091709E+02, 2.933819E+02, 2.922188E+02, 2.922266E+02, 2.918911E+02
2024-06-27 01:15:15,1, 0.000000E+00, 2.904398E+02, 2.915638E+02, 0.000000E+00, 7.069350E+01, 3.102689E+02, 2.933975E+02, 2.921797E+02, 2.921120E+02, 2.917605E+02
2024-06-27 01:30:15,1, 0.000000E+00, 2.902565E+02, 2.914471E+02, 0.000000E+00, 8.081551E+01, 3.123314E+02, 2.935572E+02, 2.922371E+02, 2.920711E+02, 2.916892E+02
2024-06-27 01:45:15,1, 0.000000E+00, 2.900733E+02, 2.913226E+02, 0.000000E+00, 8.666762E+01, 3.143660E+02, 2.937144E+02, 2.923141E+02, 2.920316E+02, 2.916268E+02
2024-06-27 02:00:15,1, 0.000000E+00, 2.898933E+02, 2.911874E+02, 0.000000E+00, 8.780380E+01, 3.162137E+02, 2.938322E+02, 2.923384E+02, 2.919703E+02, 2.915400E+02
2024-06-27 02:15:15,1, 0.000000E+00, 2.899030E+02, 2.912163E+02, 0.000000E+00, 8.626822E+01, 3.173796E+02, 2.939977E+02, 2.924328E+02, 2.920203E+02, 2.915637E+02
2024-06-27 02:30:15,1, 0.000000E+00, 2.899127E+02, 2.912508E+02, 0.000000E+00, 9.044723E+01, 3.181396E+02, 2.941157E+02, 2.925039E+02, 2.920811E+02, 2.916108E+02
2024-06-27 02:45:15,1, 0.000000E+00, 2.899223E+02, 2.912829E+02, 0.000000E+00, 9.451441E+01, 3.188567E+02, 2.942258E+02, 2.925697E+02, 2.921365E+02, 2.916531E+02
2024-06-27 03:00:15,1, 0.000000E+00, 2.899312E+02, 2.913141E+02, 0.000000E+00, 9.907222E+01, 3.195657E+02, 2.943326E+02, 2.926330E+02, 2.921904E+02, 2.916942E+02
2024-06-27 03:15:15,1, 0.000000E+00, 2.898913E+02, 2.912586E+02, 0.000000E+00, 1.052019E+02, 3.188273E+02, 2.941745E+02, 2.924791E+02, 2.921297E+02, 2.916382E+02
2024-06-27 03:30:15,1, 0.000000E+00, 2.898515E+02, 2.911832E+02, 0.000000E+00, 1.059151E+02, 3.172466E+02, 2.938713E+02, 2.922280E+02, 2.919887E+02, 2.915136E+02
2024-06-27 03:45:15,1, 0.000000E+00, 2.898117E+02, 2.911039E+02, 0.000000E+00, 1.048001E+02, 3.157725E+02, 2.935703E+02, 2.919556E+02, 2.918445E+02, 2.913765E+02
2024-06-27 04:00:15,1, 0.000000E+00, 2.897716E+02, 2.910235E+02, 0.000000E+00, 1.020948E+02, 3.145292E+02, 2.933023E+02, 2.917169E+02, 2.917086E+02, 2.912482E+02
2024-06-27 04:15:15,1, 0.000000E+00, 2.897202E+02, 2.909327E+02, 0.000000E+00, 9.114081E+01, 3.132121E+02, 2.930446E+02, 2.915189E+02, 2.915718E+02, 2.911279E+02
2024-06-27 04:30:15,1, 0.000000E+00, 2.896688E+02, 2.908284E+02, 0.000000E+00, 8.354724E+01, 3.117755E+02, 2.927613E+02, 2.913053E+02, 2.914155E+02, 2.909925E+02
2024-06-27 04:45:15,1, 0.000000E+00, 2.896173E+02, 2.907252E+02, 0.000000E+00, 7.680769E+01, 3.104834E+02, 2.924988E+02, 2.911050E+02, 2.912645E+02, 2.908602E+02
2024-06-27 05:00:15,1, 0.000000E+00, 2.895663E+02, 2.906266E+02, 0.000000E+00, 7.112657E+01, 3.093657E+02, 2.922633E+02, 2.909217E+02, 2.911244E+02, 2.907359E+02
2024-06-27 05:15:15,1, 0.000000E+00, 2.895394E+02, 2.905423E+02, 0.000000E+00, 6.517092E+01, 3.084069E+02, 2.920557E+02, 2.907503E+02, 2.910019E+02, 2.906249E+02
2024-06-27 05:30:15,1, 0.000000E+00, 2.895125E+02, 2.904659E+02, 0.000000E+00, 5.953204E+01, 3.075792E+02, 2.918698E+02, 2.905915E+02, 2.908929E+02, 2.905248E+02
2024-06-27 05:45:15,1, 0.000000E+00, 2.894857E+02, 2.903940E+02, 0.000000E+00, 5.472755E+01, 3.068595E+02, 2.916996E+02, 2.904408E+02, 2.907921E+02, 2.904308E+02
2024-06-27 06:00:15,1, 0.000000E+00, 2.894589E+02, 2.903189E+02, 0.000000E+00, 4.589613E+01, 3.062442E+02, 2.915370E+02, 2.902887E+02, 2.906943E+02, 2.903380E+02
2024-06-27 06:15:15,1, 0.000000E+00, 2.894396E+02, 2.902473E+02, 0.000000E+00, 2.276459E+01, 3.058171E+02, 2.913672E+02, 2.901105E+02, 2.905917E+02, 2.902327E+02
2024-06-27 06:30:15,1, 0.000000E+00, 2.894202E+02, 2.901896E+02, 0.000000E+00, 1.456107E+01, 3.054361E+02, 2.912199E+02, 2.899556E+02, 2.905076E+02, 2.901462E+02
2024-06-27 06:45:15,1, 0.000000E+00, 2.894009E+02, 2.901310E+02, 0.000000E+00, 1.109547E+01, 3.050717E+02, 2.910760E+02, 2.898056E+02, 2.904242E+02, 2.900613E+02
2024-06-27 07:00:15,1, 0.000000E+00, 2.893804E+02, 2.900709E+02, 0.000000E+00, 9.377237E+00, 3.047191E+02, 2.909308E+02, 2.896578E+02, 2.903390E+02, 2.899757E+02
2024-06-27 07:15:15,1, 0.000000E+00, 2.892931E+02, 2.899679E+02, 0.000000E+00, 1.255447E+01, 3.043781E+02, 2.907747E+02, 2.895050E+02, 2.902264E+02, 2.898645E+02
2024-06-27 07:30:15,1, 0.000000E+00, 2.892059E+02, 2.898531E+02, 0.000000E+00, 1.242276E+01, 3.040496E+02, 2.906097E+02, 2.893418E+02, 2.900974E+02, 2.897362E+02
2024-06-27 07:45:15,1, 0.000000E+00, 2.891186E+02, 2.897381E+02, 0.000000E+00, 1.193437E+01, 3.037327E+02, 2.904462E+02, 2.891791E+02, 2.899685E+02, 2.896077E+02
2024-06-27 08:00:15,1, 0.000000E+00, 2.890319E+02, 2.896230E+02, 0.000000E+00, 1.140526E+01, 3.034270E+02, 2.902842E+02, 2.890172E+02, 2.898398E+02, 2.894792E+02
2024-06-27 08:15:15,1, 0.000000E+00, 2.889820E+02, 2.895392E+02, 0.000000E+00, 9.499094E+00, 3.031330E+02, 2.901621E+02, 2.889095E+02, 2.897391E+02, 2.893820E+02
2024-06-27 08:30:15,1, 0.000000E+00, 2.889320E+02, 2.894671E+02, 0.000000E+00, 8.948574E+00, 3.028505E+02, 2.900516E+02, 2.888142E+02, 2.896551E+02, 2.893028E+02
2024-06-27 08:45:15,1, 0.000000E+00, 2.888820E+02, 2.893955E+02, 0.000000E+00, 8.624184E+00, 3.025785E+02, 2.899437E+02, 2.887197E+02, 2.895728E+02, 2.892247E+02
2024-06-27 09:00:15,1, 0.000000E+00, 2.888329E+02, 2.893240E+02, 0.000000E+00, 8.145742E+00, 3.023166E+02, 2.898383E+02, 2.886261E+02, 2.894912E+02, 2.891467E+02
2024-06-27 09:15:15,1, 0.000000E+00, 2.888364E+02, 2.893135E+02, 0.000000E+00, 1.683420E+00, 3.020710E+02, 2.898365E+02, 2.886565E+02, 2.894711E+02, 2.891343E+02
2024-06-27 09:30:15,1, 0.000000E+00, 2.888399E+02, 2.893280E+02, 0.000000E+00,-2.948580E-01, 3.018419E+02, 2.898569E+02, 2.887187E+02, 2.894856E+02, 2.891609E+02
2024-06-27 09:45:15,1, 0.000000E+00, 2.888434E+02, 2.893433E+02, 0.000000E+00,-1.110456E+00, 3.016263E+02, 2.898795E+02, 2.887823E+02, 2.895021E+02, 2.891894E+02
2024-06-27 10:00:15,1, 2.969415E+01, 2.888499E+02, 2.893661E+02, 3.464760E+00,-1.348258E+00, 3.014247E+02, 2.900115E+02, 2.890376E+02, 2.895507E+02, 2.892608E+02
2024-06-27 10:15:15,1, 4.866573E+01, 2.890338E+02, 2.896879E+02, 5.154141E+00, 2.059888E+00, 3.013038E+02, 2.904994E+02, 2.897071E+02, 2.900168E+02, 2.898450E+02
2024-06-27 10:30:15,1, 6.793552E+01, 2.892177E+02, 2.899740E+02, 6.502358E+00, 6.525679E+00, 3.012194E+02, 2.908983E+02, 2.902367E+02, 2.903844E+02, 2.902621E+02
2024-06-27 10:45:15,1, 8.742099E+01, 2.894017E+02, 2.902532E+02, 7.558994E+00, 1.064278E+01, 3.011703E+02, 2.912933E+02, 2.907479E+02, 2.907418E+02, 2.906622E+02
2024-06-27 11:00:15,1, 1.224274E+02, 2.895836E+02, 2.905327E+02, 8.819924E+00, 1.496330E+01, 3.011550E+02, 2.917437E+02, 2.913598E+02, 2.911093E+02, 2.910746E+02
2024-06-27 11:15:15,1, 1.449207E+02, 2.896494E+02, 2.907312E+02, 9.429042E+00, 2.926109E+01, 3.011840E+02, 2.920175E+02, 2.916978E+02, 2.914224E+02, 2.914323E+02
2024-06-27 11:30:15,1, 1.673729E+02, 2.897152E+02, 2.908486E+02, 9.859069E+00, 3.268772E+01, 3.012238E+02, 2.921940E+02, 2.919224E+02, 2.915955E+02, 2.916224E+02
2024-06-27 11:45:15,1, 1.896877E+02, 2.897810E+02, 2.909634E+02, 1.019093E+01, 3.536368E+01, 3.012752E+02, 2.923694E+02, 2.921414E+02, 2.917630E+02, 2.918058E+02
2024-06-27 12:00:15,1, 2.766032E+02, 2.898475E+02, 2.910958E+02, 1.077329E+01, 3.830761E+01, 3.013424E+02, 2.927897E+02, 2.927532E+02, 2.919941E+02, 2.920688E+02
2024-06-27 12:15:15,1, 3.050180E+02, 2.899588E+02, 2.914371E+02, 1.101451E+01, 4.692260E+01, 3.015532E+02, 2.933396E+02, 2.933533E+02, 2.925708E+02, 2.927132E+02
2024-06-27 12:30:15,1, 3.328835E+02, 2.900700E+02, 2.916217E+02, 1.103440E+01, 4.982918E+01, 3.017863E+02, 2.936517E+02, 2.937012E+02, 2.928446E+02, 2.929993E+02
2024-06-27 12:45:15,1, 3.600804E+02, 2.901813E+02, 2.918019E+02, 1.106351E+01, 5.267070E+01, 3.020377E+02, 2.939569E+02, 2.940403E+02, 2.931104E+02, 2.932774E+02
2024-06-27 13:00:15,1, 4.112745E+02, 2.902938E+02, 2.919855E+02, 1.111952E+01, 5.599531E+01, 3.023065E+02, 2.943400E+02, 2.944874E+02, 2.933950E+02, 2.935755E+02
2024-06-27 13:15:15,1, 4.384241E+02, 2.904804E+02, 2.922499E+02, 1.113154E+01, 6.721941E+01, 3.026415E+02, 2.946939E+02, 2.948421E+02, 2.937766E+02, 2.939677E+02
2024-06-27 13:30:15,1, 4.645016E+02, 2.906669E+02, 2.924704E+02, 1.109114E+01, 7.055687E+01, 3.029737E+02, 2.949650E+02, 2.951170E+02, 2.940595E+02, 2.942519E+02
2024-06-27 13:45:15,1, 4.893953E+02, 2.908534E+02, 2.926878E+02, 1.105005E+01, 7.364380E+01, 3.033041E+02, 2.952274E+02, 2.953825E+02, 2.943352E+02, 2.945286E+02
2024-06-27 14:00:15,1, 5.328966E+02, 2.910408E+02, 2.929072E+02, 1.101819E+01, 7.661727E+01, 3.036346E+02, 2.955436E+02, 2.957156E+02, 2.946224E+02, 2.948159E+02
2024-06-27 14:15:15,1, 5.559703E+02, 2.912762E+02, 2.932159E+02, 1.099467E+01, 8.020365E+01, 3.040230E+02, 2.959582E+02, 2.961567E+02, 2.950296E+02, 2.952313E+02
2024-06-27 14:30:15,1, 5.774997E+02, 2.915116E+02, 2.934991E+02, 1.093533E+01, 8.371520E+01, 3.044120E+02, 2.963175E+02, 2.965468E+02, 2.953736E+02, 2.955823E+02
2024-06-27 14:45:15,1, 5.973928E+02, 2.917470E+02, 2.937786E+02, 1.087112E+01, 8.708214E+01, 3.048006E+02, 2.966662E+02, 2.969249E+02, 2.957088E+02, 2.959240E+02
2024-06-27 15:00:15,1, 6.274868E+02, 2.919816E+02, 2.940570E+02, 1.080713E+01, 9.025700E+01, 3.051880E+02, 2.970385E+02, 2.973301E+02, 2.960460E+02, 2.962661E+02
2024-06-27 15:15:15,1, 6.441761E+02, 2.921666E+02, 2.943094E+02, 1.073628E+01, 9.212548E+01, 3.056049E+02, 2.973792E+02, 2.976930E+02, 2.963767E+02, 2.966010E+02
2024-06-27 15:30:15,1, 6.589598E+02, 2.923516E+02, 2.945340E+02, 1.066518E+01, 9.461968E+01, 3.060092E+02, 2.976718E+02, 2.980093E+02, 2.966493E+02, 2.968783E+02
2024-06-27 15:45:15,1, 6.717744E+02, 2.925366E+02, 2.947539E+02, 1.059718E+01, 9.702503E+01, 3.064009E+02, 2.979500E+02, 2.983090E+02, 2.969113E+02, 2.971444E+02
2024-06-27 16:00:15,1, 7.620378E+02, 2.927213E+02, 2.949840E+02, 1.054992E+01, 9.950741E+01, 3.067880E+02, 2.984258E+02, 2.988072E+02, 2.972291E+02, 2.974518E+02
2024-06-27 16:15:15,1, 7.717740E+02, 2.928870E+02, 2.952736E+02, 1.044902E+01, 1.023063E+02, 3.073901E+02, 2.988181E+02, 2.991511E+02, 2.976844E+02, 2.978806E+02
2024-06-27 16:30:15,1, 7.791574E+02, 2.930527E+02, 2.954510E+02, 1.037141E+01, 1.036495E+02, 3.079135E+02, 2.990004E+02, 2.993149E+02, 2.978760E+02, 2.980639E+02
2024-06-27 16:45:15,1, 7.841564E+02, 2.932184E+02, 2.956207E+02, 1.031316E+01, 1.050346E+02, 3.083749E+02, 2.991597E+02, 2.994542E+02, 2.980520E+02, 2.982319E+02
2024-06-27 17:00:15,1, 7.068866E+02, 2.933819E+02, 2.957683E+02, 1.024375E+01, 1.058679E+02, 3.087761E+02, 2.990905E+02, 2.993628E+02, 2.981489E+02, 2.983349E+02
2024-06-27 17:15:15,1, 7.070450E+02, 2.934117E+02, 2.957214E+02, 1.025320E+01, 1.019244E+02, 3.088977E+02, 2.989777E+02, 2.992860E+02, 2.979827E+02, 2.981893E+02
2024-06-27 17:30:15,1, 7.050311E+02, 2.934416E+02, 2.957560E+02, 1.024637E+01, 1.024845E+02, 3.090338E+02, 2.990245E+02, 2.993338E+02, 2.980236E+02, 2.982306E+02
2024-06-27 17:45:15,1, 7.008537E+02, 2.934715E+02, 2.957867E+02, 1.023250E+01, 1.028679E+02, 3.091723E+02, 2.990583E+02, 2.993655E+02, 2.980554E+02, 2.982616E+02
2024-06-27 18:00:15,1, 8.191025E+02, 2.935017E+02, 2.958355E+02, 1.024692E+01, 1.043261E+02, 3.093189E+02, 2.994014E+02, 2.996979E+02, 2.981788E+02, 2.983593E+02
2024-06-27 18:15:15,1, 8.091466E+02, 2.935507E+02, 2.960212E+02, 1.014191E+01, 1.182581E+02, 3.098201E+02, 2.996837E+02, 2.998938E+02, 2.985673E+02, 2.987030E+02
2024-06-27 18:30:15,1, 7.967346E+02, 2.935997E+02, 2.960482E+02, 1.008403E+01, 1.188850E+02, 3.102058E+02, 2.996562E+02, 2.998308E+02, 2.985726E+02, 2.986972E+02
2024-06-27 18:45:15,1, 7.819198E+02, 2.936488E+02, 2.960669E+02, 1.004462E+01, 1.194617E+02, 3.105000E+02, 2.996035E+02, 2.997441E+02, 2.985612E+02, 2.986762E+02
2024-06-27 19:00:15,1, 8.245917E+02, 2.936963E+02, 2.960892E+02, 1.002504E+01, 1.198326E+02, 3.107253E+02, 2.996834E+02, 2.997881E+02, 2.985843E+02, 2.986789E+02
2024-06-27 19:15:15,1, 8.036523E+02, 2.936590E+02, 2.960962E+02, 9.970441E+00, 1.167287E+02, 3.110558E+02, 2.996567E+02, 2.996865E+02, 2.986522E+02, 2.987183E+02
2024-06-27 19:30:15,1, 7.803593E+02, 2.936216E+02, 2.960102E+02, 9.960741E+00, 1.160087E+02, 3.112704E+02, 2.994560E+02, 2.994362E+02, 2.985060E+02, 2.985609E+02
2024-06-27 19:45:15,1, 7.548125E+02, 2.935843E+02, 2.959163E+02, 9.962141E+00, 1.153164E+02, 3.113890E+02, 2.992315E+02, 2.991660E+02, 2.983441E+02, 2.983901E+02
2024-06-27 20:00:15,1, 7.152814E+02, 2.935460E+02, 2.958129E+02, 9.961421E+00, 1.142672E+02, 3.114231E+02, 2.989535E+02, 2.988434E+02, 2.981585E+02, 2.981992E+02
2024-06-27 20:15:15,1, 6.860482E+02, 2.934530E+02, 2.956623E+02, 9.969122E+00, 1.106055E+02, 3.113568E+02, 2.986892E+02, 2.985706E+02, 2.979209E+02, 2.979646E+02
2024-06-27 20:30:15,1, 6.549473E+02, 2.933600E+02, 2.955186E+02, 9.971636E+00, 1.094071E+02, 3.112424E+02, 2.984349E+02, 2.983051E+02, 2.977042E+02, 2.977505E+02
2024-06-27 20:45:15,1, 6.221119E+02, 2.932669E+02, 2.953702E+02, 9.968392E+00, 1.080797E+02, 3.110794E+02, 2.981664E+02, 2.980302E+02, 2.974776E+02, 2.975291E+02
2024-06-27 21:00:15,1, 5.658907E+02, 2.931728E+02, 2.952116E+02, 9.948817E+00, 1.064124E+02, 3.108660E+02, 2.978168E+02, 2.976623E+02, 2.972204E+02, 2.972803E+02
2024-06-27 21:15:15,1, 5.313452E+02, 2.930150E+02, 2.949487E+02, 9.931891E+00, 1.016054E+02, 3.105494E+02, 2.973702E+02, 2.971895E+02, 2.968335E+02, 2.968940E+02
2024-06-27 21:30:15,1, 4.955549E+02, 2.928572E+02, 2.947035E+02, 9.917247E+00, 9.892077E+01, 3.101978E+02, 2.969561E+02, 2.967460E+02, 2.964949E+02, 2.965576E+02
2024-06-27 21:45:15,1, 4.586729E+02, 2.926994E+02, 2.944531E+02, 9.887728E+00, 9.604521E+01, 3.098099E+02, 2.965269E+02, 2.962912E+02, 2.961455E+02, 2.962132E+02
2024-06-27 22:00:15,1, 3.804546E+02, 2.925407E+02, 2.941856E+02, 9.793262E+00, 9.253862E+01, 3.093833E+02, 2.959416E+02, 2.956086E+02, 2.957431E+02, 2.958115E+02
2024-06-27 22:15:15,1, 3.455716E+02, 2.923328E+02, 2.938045E+02, 9.706465E+00, 8.329868E+01, 3.088581E+02, 2.953571E+02, 2.949898E+02, 2.951836E+02, 2.952349E+02
2024-06-27 22:30:15,1, 3.101402E+02, 2.921250E+02, 2.934989E+02, 9.623879E+00, 7.944610E+01, 3.083399E+02, 2.948923E+02, 2.944928E+02, 2.947850E+02, 2.948423E+02
2024-06-27 22:45:15,1, 2.743123E+02, 2.919172E+02, 2.931886E+02, 9.483755E+00, 7.516927E+01, 3.078227E+02, 2.944166E+02, 2.939810E+02, 2.943772E+02, 2.944417E+02
2024-06-27 23:00:15,1, 2.129680E+02, 2.917083E+02, 2.928636E+02, 9.158289E+00, 7.003674E+01, 3.073039E+02, 2.938256E+02, 2.932228E+02, 2.939296E+02, 2.939849E+02
2024-06-27 23:15:15,1, 1.806441E+02, 2.914383E+02, 2.924213E+02, 8.807122E+00, 5.773043E+01, 3.067642E+02, 2.932023E+02, 2.924966E+02, 2.933228E+02, 2.933385E+02
2024-06-27 23:30:15,1, 1.483793E+02, 2.911684E+02, 2.920449E+02, 8.332075E+00, 5.141473E+01, 3.062388E+02, 2.926812E+02, 2.918714E+02, 2.928310E+02, 2.928231E+02
2024-06-27 23:45:15,1, 1.163118E+02, 2.908985E+02, 2.916642E+02, 7.579598E+00, 4.424134E+01, 3.057271E+02, 2.921692E+02, 2.912297E+02, 2.923314E+02, 2.922711E+02
2024-06-27 00:00:15,2, 6.115095E+00, 2.918038E+02, 2.927258E+02, 7.551197E-01, 1.508883E+00, 3.065985E+02, 2.939409E+02, 2.929328E+02, 2.931601E+02, 2.928938E+02
2024-06-27 00:15:15,2, 3.854809E+00, 2.915081E+02, 2.924422E+02, 4.825730E-01, 1.373265E+01, 3.070941E+02, 2.937600E+02, 2.927388E+02, 2.928757E+02, 2.925870E+02
2024-06-27 00:30:15,2, 1.638218E+00, 2.912124E+02, 2.921909E+02, 2.064160E-01, 1.629789E+01, 3.078208E+02, 2.936370E+02, 2.925743E+02, 2.926530E+02, 2.923498E+02
2024-06-27 00:45:15,2, 0.000000E+00, 2.909168E+02, 2.919444E+02, 0.000000E+00, 1.928227E+01, 3.085634E+02, 2.935259E+02, 2.924225E+02, 2.924396E+02, 2.921222E+02
2024-06-27 01:00:15,2, 0.000000E+00, 2.906230E+02, 2.917083E+02, 0.000000E+00, 3.053526E+01, 3.091709E+02, 2.934253E+02, 2.922949E+02, 2.922395E+02, 2.919132E+02
2024-06-27 01:15:15,2, 0.000000E+00, 2.904398E+02, 2.915641E+02, 0.000000E+00, 7.067503E+01, 3.102690E+02, 2.934439E+02, 2.922609E+02, 2.921257E+02, 2.917839E+02
2024-06-27 01:30:15,2, 0.000000E+00, 2.902565E+02, 2.914476E+02, 0.000000E+00, 8.079665E+01, 3.123315E+02, 2.936053E+02, 2.923277E+02, 2.920852E+02, 2.917154E+02
2024-06-27 01:45:15,2, 0.000000E+00, 2.900733E+02, 2.913228E+02, 0.000000E+00, 8.664202E+01, 3.143662E+02, 2.937678E+02, 2.924166E+02, 2.920472E+02, 2.916564E+02
2024-06-27 02:00:15,2, 0.000000E+00, 2.898933E+02, 2.911878E+02, 0.000000E+00, 8.777934E+01, 3.162140E+02, 2.938873E+02, 2.924393E+02, 2.919864E+02, 2.915692E+02
2024-06-27 02:15:15,2, 0.000000E+00, 2.899030E+02, 2.912167E+02, 0.000000E+00, 8.624074E+01, 3.173801E+02, 2.940554E+02, 2.925383E+02, 2.920373E+02, 2.915945E+02
2024-06-27 02:30:15,2, 0.000000E+00, 2.899127E+02, 2.912512E+02, 0.000000E+00, 9.041795E+01, 3.181402E+02, 2.941751E+02, 2.926126E+02, 2.920987E+02, 2.916425E+02
2024-06-27 02:45:15,2, 0.000000E+00, 2.899223E+02, 2.912833E+02, 0.000000E+00, 9.448368E+01, 3.188574E+02, 2.942868E+02, 2.926814E+02, 2.921545E+02, 2.916857E+02
2024-06-27 03:00:15,2, 0.000000E+00, 2.899312E+02, 2.913145E+02, 0.000000E+00, 9.903983E+01, 3.195666E+02, 2.943953E+02, 2.927477E+02, 2.922089E+02, 2.917277E+02
2024-06-27 03:15:15,2, 0.000000E+00, 2.898913E+02, 2.912591E+02, 0.000000E+00, 1.051716E+02, 3.188284E+02, 2.942372E+02, 2.925946E+02, 2.921482E+02, 2.916720E+02
2024-06-27 03:30:15,2, 0.000000E+00, 2.898515E+02, 2.911835E+02, 0.000000E+00, 1.058850E+02, 3.172478E+02, 2.939341E+02, 2.923488E+02, 2.920071E+02, 2.915481E+02
2024-06-27 03:45:15,2, 0.000000E+00, 2.898117E+02, 2.911044E+02, 0.000000E+00, 1.047851E+02, 3.157736E+02, 2.936302E+02, 2.920693E+02, 2.918623E+02, 2.914102E+02
2024-06-27 04:00:15,2, 0.000000E+00, 2.897716E+02, 2.910241E+02, 0.000000E+00, 1.020809E+02, 3.145303E+02, 2.933599E+02, 2.918254E+02, 2.917258E+02, 2.912802E+02
2024-06-27 04:15:15,2, 0.000000E+00, 2.897202E+02, 2.909330E+02, 0.000000E+00, 9.112465E+01, 3.132132E+02, 2.931032E+02, 2.916228E+02, 2.915892E+02, 2.911583E+02
2024-06-27 04:30:15,2, 0.000000E+00, 2.896688E+02, 2.908287E+02, 0.000000E+00, 8.353639E+01, 3.117766E+02, 2.928168E+02, 2.914040E+02, 2.914321E+02, 2.910213E+02
2024-06-27 04:45:15,2, 0.000000E+00, 2.896173E+02, 2.907255E+02, 0.000000E+00, 7.679881E+01, 3.104844E+02, 2.925516E+02, 2.911994E+02, 2.912802E+02, 2.908876E+02
2024-06-27 05:00:15,2, 0.000000E+00, 2.895663E+02, 2.906268E+02, 0.000000E+00, 7.111903E+01, 3.093668E+02, 2.923139E+02, 2.910127E+02, 2.911393E+02, 2.907621E+02
2024-06-27 05:15:15,2, 0.000000E+00, 2.895394E+02, 2.905425E+02, 0.000000E+00, 6.516433E+01, 3.084080E+02, 2.921055E+02, 2.908405E+02, 2.910165E+02, 2.906507E+02
2024-06-27 05:30:15,2, 0.000000E+00, 2.895125E+02, 2.904661E+02, 0.000000E+00, 5.952599E+01, 3.075803E+02, 2.919190E+02, 2.906818E+02, 2.909072E+02, 2.905504E+02
2024-06-27 05:45:15,2, 0.000000E+00, 2.894857E+02, 2.903942E+02, 0.000000E+00, 5.472161E+01, 3.068606E+02, 2.917487E+02, 2.905322E+02, 2.908062E+02, 2.904562E+02
2024-06-27 06:00:15,2, 0.000000E+00, 2.894589E+02, 2.903189E+02, 0.000000E+00, 4.585737E+01, 3.062454E+02, 2.915866E+02, 2.903835E+02, 2.907083E+02, 2.903637E+02
2024-06-27 06:15:15,2, 0.000000E+00, 2.894396E+02, 2.902475E+02, 0.000000E+00, 2.275454E+01, 3.058184E+02, 2.914155E+02, 2.902009E+02, 2.906060E+02, 2.902596E+02
2024-06-27 06:30:15,2, 0.000000E+00, 2.894202E+02, 2.901898E+02, 0.000000E+00, 1.455673E+01, 3.054373E+02, 2.912676E+02, 2.900435E+02, 2.905216E+02, 2.901718E+02
2024-06-27 06:45:15,2, 0.000000E+00, 2.894009E+02, 2.901313E+02, 0.000000E+00, 1.109211E+01, 3.050728E+02, 2.911233E+02, 2.898924E+02, 2.904381E+02, 2.900864E+02
2024-06-27 07:00:15,2, 0.000000E+00, 2.893804E+02, 2.900712E+02, 0.000000E+00, 9.374182E+00, 3.047201E+02, 2.909781E+02, 2.897440E+02, 2.903528E+02, 2.900006E+02
2024-06-27 07:15:15,2, 0.000000E+00, 2.892931E+02, 2.899682E+02, 0.000000E+00, 1.255137E+01, 3.043791E+02, 2.908217E+02, 2.895907E+02, 2.902402E+02, 2.898894E+02
2024-06-27 07:30:15,2, 0.000000E+00, 2.892059E+02, 2.898534E+02, 0.000000E+00, 1.241993E+01, 3.040505E+02, 2.906567E+02, 2.894272E+02, 2.901111E+02, 2.897610E+02
2024-06-27 07:45:15,2, 0.000000E+00, 2.891186E+02, 2.897384E+02, 0.000000E+00, 1.193170E+01, 3.037336E+02, 2.904932E+02, 2.892645E+02, 2.899821E+02, 2.896323E+02
2024-06-27 08:00:15,2, 0.000000E+00, 2.890319E+02, 2.896233E+02, 0.000000E+00, 1.140274E+01, 3.034278E+02, 2.903313E+02, 2.891026E+02, 2.898534E+02, 2.895038E+02
2024-06-27 08:15:15,2, 0.000000E+00, 2.889820E+02, 2.895395E+02, 0.000000E+00, 9.496658E+00, 3.031338E+02, 2.902088E+02, 2.889939E+02, 2.897526E+02, 2.894062E+02
2024-06-27 08:30:15,2, 0.000000E+00, 2.889320E+02, 2.894674E+02, 0.000000E+00, 8.946182E+00, 3.028513E+02, 2.900979E+02, 2.888976E+02, 2.896685E+02, 2.893267E+02
2024-06-27 08:45:15,2, 0.000000E+00, 2.888820E+02, 2.893957E+02, 0.000000E+00, 8.621920E+00, 3.025793E+02, 2.899895E+02, 2.888023E+02, 2.895860E+02, 2.892483E+02
2024-06-27 09:00:15,2, 0.000000E+00, 2.888329E+02, 2.893241E+02, 0.000000E+00, 8.143664E+00, 3.023173E+02, 2.898838E+02, 2.887080E+02, 2.895042E+02, 2.891700E+02
2024-06-27 09:15:15,2, 0.000000E+00, 2.888364E+02, 2.893137E+02, 0.000000E+00, 1.681526E+00, 3.020717E+02, 2.898807E+02, 2.887362E+02, 2.894838E+02, 2.891569E+02
2024-06-27 09:30:15,2, 0.000000E+00, 2.888399E+02, 2.893282E+02, 0.000000E+00,-2.968697E-01, 3.018426E+02, 2.898995E+02, 2.887954E+02, 2.894978E+02, 2.891826E+02
2024-06-27 09:45:15,2, 0.000000E+00, 2.888434E+02, 2.893435E+02, 0.000000E+00,-1.112421E+00, 3.016270E+02, 2.899204E+02, 2.888561E+02, 2.895138E+02, 2.892103E+02
2024-06-27 10:00:15,2, 2.969415E+01, 2.888499E+02, 2.893663E+02, 3.471988E+00,-1.349362E+00, 3.014254E+02, 2.900466E+02, 2.890971E+02, 2.895613E+02, 2.892789E+02
2024-06-27 10:15:15,2, 4.866573E+01, 2.890338E+02, 2.896878E+02, 5.170397E+00, 2.072218E+00, 3.013046E+02, 2.905264E+02, 2.897494E+02, 2.900223E+02, 2.898519E+02
2024-06-27 10:30:15,2, 6.793552E+01, 2.892177E+02, 2.899739E+02, 6.524162E+00, 6.551078E+00, 3.012203E+02, 2.909193E+02, 2.902666E+02, 2.903878E+02, 2.902652E+02
2024-06-27 10:45:15,2, 8.742099E+01, 2.894017E+02, 2.902532E+02, 7.579146E+00, 1.066577E+01, 3.011712E+02, 2.913091E+02, 2.907670E+02, 2.907437E+02, 2.906624E+02
2024-06-27 11:00:15,2, 1.224274E+02, 2.895836E+02, 2.905328E+02, 8.830256E+00, 1.498099E+01, 3.011559E+02, 2.917522E+02, 2.913627E+02, 2.911094E+02, 2.910708E+02
2024-06-27 11:15:15,2, 1.449207E+02, 2.896494E+02, 2.907313E+02, 9.434446E+00, 2.926730E+01, 3.011849E+02, 2.920229E+02, 2.916950E+02, 2.914209E+02, 2.914245E+02
2024-06-27 11:30:15,2, 1.673729E+02, 2.897152E+02, 2.908488E+02, 9.862775E+00, 3.269303E+01, 3.012247E+02, 2.921971E+02, 2.919159E+02, 2.915934E+02, 2.916135E+02
2024-06-27 11:45:15,2, 1.896877E+02, 2.897810E+02, 2.909636E+02, 1.019464E+01, 3.537074E+01, 3.012760E+02, 2.923706E+02, 2.921315E+02, 2.917603E+02, 2.917957E+02
2024-06-27 12:00:15,2, 2.766032E+02, 2.898475E+02, 2.910958E+02, 1.077914E+01, 3.831639E+01, 3.013431E+02, 2.927826E+02, 2.927215E+02, 2.919894E+02, 2.920534E+02
2024-06-27 12:15:15,2, 3.050180E+02, 2.899588E+02, 2.914365E+02, 1.102034E+01, 4.692499E+01, 3.015541E+02, 2.933287E+02, 2.933136E+02, 2.925628E+02, 2.926882E+02
2024-06-27 12:30:15,2, 3.328835E+02, 2.900700E+02, 2.916211E+02, 1.104066E+01, 4.983570E+01, 3.017872E+02, 2.936393E+02, 2.936579E+02, 2.928361E+02, 2.929730E+02
2024-06-27 12:45:15,2, 3.600804E+02, 2.901813E+02, 2.918013E+02, 1.106995E+01, 5.267982E+01, 3.020385E+02, 2.939429E+02, 2.939936E+02, 2.931014E+02, 2.932498E+02
2024-06-27 13:00:15,2, 4.112745E+02, 2.902938E+02, 2.919849E+02, 1.112622E+01, 5.600563E+01, 3.023073E+02, 2.943233E+02, 2.944326E+02, 2.933851E+02, 2.935454E+02
2024-06-27 13:15:15,2, 4.384241E+02, 2.904804E+02, 2.922489E+02, 1.113820E+01, 6.722525E+01, 3.026422E+02, 2.946766E+02, 2.947855E+02, 2.937660E+02, 2.939347E+02
2024-06-27 13:30:15,2, 4.645016E+02, 2.906669E+02, 2.924694E+02, 1.109785E+01, 7.056502E+01, 3.029743E+02, 2.949475E+02, 2.950596E+02, 2.940488E+02, 2.942185E+02
2024-06-27 13:45:15,2, 4.893953E+02, 2.908534E+02, 2.926869E+02, 1.105675E+01, 7.365334E+01, 3.033047E+02, 2.952096E+02, 2.953245E+02, 2.943244E+02, 2.944948E+02
2024-06-27 14:00:15,2, 5.328966E+02, 2.910408E+02, 2.929062E+02, 1.102490E+01, 7.662752E+01, 3.036350E+02, 2.955252E+02, 2.956544E+02, 2.946114E+02, 2.947809E+02
2024-06-27 14:15:15,2, 5.559703E+02, 2.912762E+02, 2.932146E+02, 1.100142E+01, 8.021194E+01, 3.040233E+02, 2.959382E+02, 2.960915E+02, 2.950179E+02, 2.951938E+02
2024-06-27 14:30:15,2, 5.774997E+02, 2.915116E+02, 2.934978E+02, 1.094214E+01, 8.372648E+01, 3.044122E+02, 2.962963E+02, 2.964785E+02, 2.953615E+02, 2.955439E+02
2024-06-27 14:45:15,2, 5.973928E+02, 2.917470E+02, 2.937773E+02, 1.087792E+01, 8.709596E+01, 3.048007E+02, 2.966437E+02, 2.968536E+02, 2.956964E+02, 2.958846E+02
2024-06-27 15:00:15,2, 6.274868E+02, 2.919816E+02, 2.940556E+02, 1.081392E+01, 9.027287E+01, 3.051880E+02, 2.970147E+02, 2.972548E+02, 2.960332E+02, 2.962254E+02
2024-06-27 15:15:15,2, 6.441761E+02, 2.921666E+02, 2.943079E+02, 1.074309E+01, 9.214149E+01, 3.056047E+02, 2.973543E+02, 2.976147E+02, 2.963636E+02, 2.965589E+02
2024-06-27 15:30:15,2, 6.589598E+02, 2.923516E+02, 2.945326E+02, 1.067199E+01, 9.463780E+01, 3.060089E+02, 2.976459E+02, 2.979285E+02, 2.966359E+02, 2.968354E+02
2024-06-27 15:45:15,2, 6.717744E+02, 2.925366E+02, 2.947524E+02, 1.060398E+01, 9.704512E+01, 3.064005E+02, 2.979233E+02, 2.982260E+02, 2.968977E+02, 2.971008E+02
2024-06-27 16:00:15,2, 7.620378E+02, 2.927213E+02, 2.949824E+02, 1.055675E+01, 9.952707E+01, 3.067875E+02, 2.983989E+02, 2.987165E+02, 2.972152E+02, 2.974057E+02
2024-06-27 16:15:15,2, 7.717740E+02, 2.928870E+02, 2.952711E+02, 1.045641E+01, 1.023142E+02, 3.073895E+02, 2.987918E+02, 2.990603E+02, 2.976707E+02, 2.978308E+02
2024-06-27 16:30:15,2, 7.791574E+02, 2.930527E+02, 2.954484E+02, 1.037891E+01, 1.036598E+02, 3.079129E+02, 2.989749E+02, 2.992255E+02, 2.978626E+02, 2.980146E+02
2024-06-27 16:45:15,2, 7.841564E+02, 2.932184E+02, 2.956181E+02, 1.032068E+01, 1.050461E+02, 3.083743E+02, 2.991351E+02, 2.993664E+02, 2.980389E+02, 2.981831E+02
2024-06-27 17:00:15,2, 7.068866E+02, 2.933819E+02, 2.957658E+02, 1.025122E+01, 1.058826E+02, 3.087754E+02, 2.990661E+02, 2.992821E+02, 2.981361E+02, 2.982885E+02
2024-06-27 17:15:15,2, 7.070450E+02, 2.934117E+02, 2.957198E+02, 1.025995E+01, 1.019511E+02, 3.088969E+02, 2.989533E+02, 2.992059E+02, 2.979699E+02, 2.981467E+02
2024-06-27 17:30:15,2, 7.050311E+02, 2.934416E+02, 2.957545E+02, 1.025298E+01, 1.025099E+02, 3.090329E+02, 2.989998E+02, 2.992534E+02, 2.980108E+02, 2.981880E+02
2024-06-27 17:45:15,2, 7.008537E+02, 2.934715E+02, 2.957852E+02, 1.023905E+01, 1.028932E+02, 3.091713E+02, 2.990337E+02, 2.992850E+02, 2.980426E+02, 2.982190E+02
2024-06-27 18:00:15,2, 8.191025E+02, 2.935017E+02, 2.958337E+02, 1.025350E+01, 1.043472E+02, 3.093179E+02, 2.993783E+02, 2.996095E+02, 2.981662E+02, 2.983141E+02
2024-06-27 18:15:15,2, 8.091466E+02, 2.935507E+02, 2.960180E+02, 1.014959E+01, 1.182617E+02, 3.098192E+02, 2.996619E+02, 2.998064E+02, 2.985551E+02, 2.986527E+02
2024-06-27 18:30:15,2, 7.967346E+02, 2.935997E+02, 2.960450E+02, 1.009177E+01, 1.188915E+02, 3.102049E+02, 2.996359E+02, 2.997465E+02, 2.985609E+02, 2.986480E+02
2024-06-27 18:45:15,2, 7.819198E+02, 2.936488E+02, 2.960637E+02, 1.005226E+01, 1.194684E+02, 3.104992E+02, 2.995846E+02, 2.996628E+02, 2.985500E+02, 2.986280E+02
2024-06-27 19:00:15,2, 8.245917E+02, 2.936963E+02, 2.960858E+02, 1.003257E+01, 1.198375E+02, 3.107245E+02, 2.996664E+02, 2.997055E+02, 2.985735E+02, 2.986304E+02
2024-06-27 19:15:15,2, 8.036523E+02, 2.936590E+02, 2.960922E+02, 9.978364E+00, 1.167249E+02, 3.110552E+02, 2.996417E+02, 2.996075E+02, 2.986420E+02, 2.986684E+02
2024-06-27 19:30:15,2, 7.803593E+02, 2.936216E+02, 2.960063E+02, 9.968512E+00, 1.160036E+02, 3.112699E+02, 2.994429E+02, 2.993618E+02, 2.984964E+02, 2.985125E+02
2024-06-27 19:45:15,2, 7.548125E+02, 2.935843E+02, 2.959123E+02, 9.969735E+00, 1.153095E+02, 3.113887E+02, 2.992202E+02, 2.990959E+02, 2.983350E+02, 2.983432E+02
2024-06-27 20:00:15,2, 7.152814E+02, 2.935460E+02, 2.958090E+02, 9.968826E+00, 1.142592E+02, 3.114229E+02, 2.989437E+02, 2.987784E+02, 2.981498E+02, 2.981541E+02
2024-06-27 20:15:15,2, 6.860482E+02, 2.934530E+02, 2.956586E+02, 9.976300E+00, 1.105993E+02, 3.113568E+02, 2.986798E+02, 2.985070E+02, 2.979123E+02, 2.979209E+02
2024-06-27 20:30:15,2, 6.549473E+02, 2.933600E+02, 2.955149E+02, 9.978650E+00, 1.094001E+02, 3.112426E+02, 2.984257E+02, 2.982427E+02, 2.976957E+02, 2.977075E+02
2024-06-27 20:45:15,2, 6.221119E+02, 2.932669E+02, 2.953666E+02, 9.975254E+00, 1.080723E+02, 3.110798E+02, 2.981572E+02, 2.979684E+02, 2.974690E+02, 2.974864E+02
2024-06-27 21:00:15,2, 5.658907E+02, 2.931728E+02, 2.952081E+02, 9.955514E+00, 1.064056E+02, 3.108667E+02, 2.978079E+02, 2.976042E+02, 2.972119E+02, 2.972388E+02
2024-06-27 21:15:15,2, 5.313452E+02, 2.930150E+02, 2.949456E+02, 9.938246E+00, 1.016012E+02, 3.105503E+02, 2.973625E+02, 2.971347E+02, 2.968254E+02, 2.968552E+02
2024-06-27 21:30:15,2, 4.955549E+02, 2.928572E+02, 2.947004E+02, 9.923395E+00, 9.891372E+01, 3.101990E+02, 2.969493E+02, 2.966933E+02, 2.964869E+02, 2.965193E+02
2024-06-27 21:45:15,2, 4.586729E+02, 2.926994E+02, 2.944500E+02, 9.893721E+00, 9.603616E+01, 3.098114E+02, 2.965207E+02, 2.962400E+02, 2.961374E+02, 2.961749E+02
2024-06-27 22:00:15,2, 3.804546E+02, 2.925407E+02, 2.941826E+02, 9.798893E+00, 9.252944E+01, 3.093852E+02, 2.959390E+02, 2.955708E+02, 2.957355E+02, 2.957761E+02
2024-06-27 22:15:15,2, 3.455716E+02, 2.923328E+02, 2.938023E+02, 9.711857E+00, 8.329940E+01, 3.088602E+02, 2.953563E+02, 2.949562E+02, 2.951776E+02, 2.952060E+02
2024-06-27 22:30:15,2, 3.101402E+02, 2.921250E+02, 2.934966E+02, 9.628858E+00, 7.944146E+01, 3.083423E+02, 2.948922E+02, 2.944599E+02, 2.947789E+02, 2.948130E+02
2024-06-27 22:45:15,2, 2.743123E+02, 2.919172E+02, 2.931864E+02, 9.488210E+00, 7.516030E+01, 3.078255E+02, 2.944174E+02, 2.939482E+02, 2.943708E+02, 2.944116E+02
2024-06-27 23:00:15,2, 2.129680E+02, 2.917083E+02, 2.928615E+02, 9.161040E+00, 7.002271E+01, 3.073072E+02, 2.938333E+02, 2.932078E+02, 2.939239E+02, 2.939576E+02
2024-06-27 23:15:15,2, 1.806441E+02, 2.914383E+02, 2.924199E+02, 8.808478E+00, 5.771052E+01, 3.067678E+02, 2.932149E+02, 2.924892E+02, 2.933200E+02, 2.933206E+02
2024-06-27 23:30:15,2, 1.483793E+02, 2.911684E+02, 2.920436E+02, 8.332800E+00, 5.140292E+01, 3.062427E+02, 2.926979E+02, 2.918665E+02, 2.928274E+02, 2.928033E+02
2024-06-27 23:45:15,2, 1.163118E+02, 2.908985E+02, 2.916619E+02, 7.596926E+00, 4.434718E+01, 3.057314E+02, 2.921907E+02, 2.912287E+02, 2.923221E+02, 2.922517E+02
2024-06-28 00:00:15,1, 6.254467E+01, 2.906283E+02, 2.912733E+02, 5.651075E+00, 3.598531E+01, 3.052301E+02, 2.915915E+02, 2.903480E+02, 2.917869E+02, 2.916645E+02
2024-06-28 00:15:15,1, 3.941306E+01, 2.903406E+02, 2.908070E+02, 4.143589E+00, 2.660930E+01, 3.047307E+02, 2.910464E+02, 2.896397E+02, 2.911433E+02, 2.908873E+02
2024-06-28 00:30:15,1, 1.672716E+01, 2.900529E+02, 2.904331E+02, 2.031219E+00, 1.735755E+01, 3.042617E+02, 2.906441E+02, 2.891344E+02, 2.906678E+02, 2.903260E+02
2024-06-28 00:45:15,1, 0.000000E+00, 2.897652E+02, 2.900456E+02, 0.000000E+00, 8.369843E+00, 3.038252E+02, 2.901816E+02, 2.886294E+02, 2.901907E+02, 2.897516E+02
2024-06-28 01:00:15,1, 0.000000E+00, 2.894789E+02, 2.896533E+02, 0.000000E+00, 5.078571E+00, 3.034374E+02, 2.897835E+02, 2.881790E+02, 2.897863E+02, 2.893297E+02
2024-06-28 01:15:15,1, 0.000000E+00, 2.892738E+02, 2.893007E+02, 0.000000E+00, 5.038307E+00, 3.030772E+02, 2.894421E+02, 2.878548E+02, 2.894279E+02, 2.889750E+02
2024-06-28 01:30:15,1, 0.000000E+00, 2.890688E+02, 2.889770E+02, 0.000000E+00, 5.124767E+00, 3.027361E+02, 2.891241E+02, 2.875489E+02, 2.890995E+02, 2.886499E+02
2024-06-28 01:45:15,1, 0.000000E+00, 2.888637E+02, 2.886707E+02, 0.000000E+00, 5.221846E+00, 3.024114E+02, 2.888213E+02, 2.872554E+02, 2.887895E+02, 2.883425E+02
2024-06-28 02:00:15,1, 0.000000E+00, 2.886595E+02, 2.883765E+02, 0.000000E+00, 5.294015E+00, 3.021012E+02, 2.885292E+02, 2.869709E+02, 2.884921E+02, 2.880473E+02
2024-06-28 02:15:15,1, 0.000000E+00, 2.885090E+02, 2.881039E+02, 0.000000E+00, 5.255862E+00, 3.018050E+02, 2.882696E+02, 2.867276E+02, 2.882167E+02, 2.877760E+02
2024-06-28 02:30:15,1, 0.000000E+00, 2.883586E+02, 2.878573E+02, 0.000000E+00, 5.258782E+00, 3.015224E+02, 2.880323E+02, 2.865040E+02, 2.879680E+02, 2.875312E+02
2024-06-28 02:45:15,1, 0.000000E+00, 2.882082E+02, 2.876298E+02, 0.000000E+00, 5.269128E+00, 3.012520E+02, 2.878108E+02, 2.862946E+02, 2.877382E+02, 2.873050E+02
2024-06-28 03:00:15,1, 0.000000E+00, 2.880582E+02, 2.874167E+02, 0.000000E+00, 5.271446E+00, 3.009927E+02, 2.876018E+02, 2.860963E+02, 2.875229E+02, 2.870929E+02
2024-06-28 03:15:15,1, 0.000000E+00, 2.879369E+02, 2.872151E+02, 0.000000E+00, 5.135858E+00, 3.007434E+02, 2.874026E+02, 2.859077E+02, 2.873191E+02, 2.868922E+02
2024-06-28 03:30:15,1, 0.000000E+00, 2.878155E+02, 2.870229E+02, 0.000000E+00, 5.015694E+00, 3.005031E+02, 2.872117E+02, 2.857264E+02, 2.871248E+02, 2.867008E+02
2024-06-28 03:45:15,1, 0.000000E+00, 2.876941E+02, 2.868380E+02, 0.000000E+00, 4.903785E+00, 3.002712E+02, 2.870276E+02, 2.855510E+02, 2.869379E+02, 2.865167E+02
2024-06-28 04:00:15,1, 0.000000E+00, 2.875728E+02, 2.866592E+02, 0.000000E+00, 4.795410E+00, 3.000469E+02, 2.868491E+02, 2.853806E+02, 2.867572E+02, 2.863385E+02
2024-06-28 04:15:15,1, 0.000000E+00, 2.874520E+02, 2.864875E+02, 0.000000E+00, 4.646601E+00, 2.998298E+02, 2.866797E+02, 2.852201E+02, 2.865839E+02, 2.861679E+02
2024-06-28 04:30:15,1, 0.000000E+00, 2.873312E+02, 2.863234E+02, 0.000000E+00, 4.509210E+00, 2.996196E+02, 2.865173E+02, 2.850659E+02, 2.864183E+02, 2.860048E+02
2024-06-28 04:45:15,1, 0.000000E+00, 2.872104E+02, 2.861656E+02, 0.000000E+00, 4.379693E+00, 2.994158E+02, 2.863605E+02, 2.849167E+02, 2.862590E+02, 2.858479E+02
2024-06-28 05:00:15,1, 0.000000E+00, 2.870888E+02, 2.860128E+02, 0.000000E+00, 4.253471E+00, 2.992180E+02, 2.862084E+02, 2.847720E+02, 2.861048E+02, 2.856959E+02
2024-06-28 05:15:15,1, 0.000000E+00, 2.869265E+02, 2.858739E+02, 0.000000E+00, 4.008984E+00, 2.990269E+02, 2.860820E+02, 2.846584E+02, 2.859656E+02, 2.855601E+02
2024-06-28 05:30:15,1, 0.000000E+00, 2.867642E+02, 2.857539E+02, 0.000000E+00, 3.795148E+00, 2.988433E+02, 2.859723E+02, 2.845607E+02, 2.858457E+02, 2.854438E+02
2024-06-28 05:45:15,1, 0.000000E+00, 2.866018E+02, 2.856483E+02, 0.000000E+00, 3.604739E+00, 2.986666E+02, 2.858746E+02, 2.844744E+02, 2.857400E+02, 2.853414E+02
2024-06-28 06:00:15,1, 0.000000E+00, 2.864396E+02, 2.855539E+02, 0.000000E+00, 3.430879E+00, 2.984964E+02, 2.857868E+02, 2.843974E+02, 2.856454E+02, 2.852499E+02
2024-06-28 06:15:15,1, 0.000000E+00, 2.862880E+02, 2.854802E+02, 0.000000E+00, 3.164334E+00, 2.983336E+02, 2.857319E+02, 2.843608E+02, 2.855723E+02, 2.851814E+02
2024-06-28 06:30:15,1, 0.000000E+00, 2.861363E+02, 2.854318E+02, 0.000000E+00, 2.928702E+00, 2.981789E+02, 2.856989E+02, 2.843454E+02, 2.855249E+02, 2.851389E+02
2024-06-28 06:45:15,1, 0.000000E+00, 2.859846E+02, 2.854020E+02, 0.000000E+00, 2.727913E+00, 2.980320E+02, 2.856815E+02, 2.843450E+02, 2.854955E+02, 2.851146E+02
2024-06-28 07:00:15,1, 0.000000E+00, 2.858348E+02, 2.853857E+02, 0.000000E+00, 2.565064E+00, 2.978922E+02, 2.856755E+02, 2.843554E+02, 2.854800E+02, 2.851037E+02
2024-06-28 07:15:15,1, 0.000000E+00, 2.857986E+02, 2.853736E+02, 0.000000E+00, 2.833946E+00, 2.977578E+02, 2.856599E+02, 2.843515E+02, 2.854671E+02, 2.850944E+02
2024-06-28 07:30:15,1, 0.000000E+00, 2.857624E+02, 2.853598E+02, 0.000000E+00, 3.058628E+00, 2.976276E+02, 2.856431E+02, 2.843462E+02, 2.854526E+02, 2.850832E+02
2024-06-28 07:45:15,1, 0.000000E+00, 2.857262E+02, 2.853451E+02, 0.000000E+00, 3.246147E+00, 2.975014E+02, 2.856259E+02, 2.843405E+02, 2.854371E+02, 2.850711E+02
2024-06-28 08:00:15,1, 0.000000E+00, 2.856890E+02, 2.853301E+02, 0.000000E+00, 3.402708E+00, 2.973789E+02, 2.856087E+02, 2.843343E+02, 2.854215E+02, 2.850586E+02
2024-06-28 08:15:15,1, 0.000000E+00, 2.855893E+02, 2.853001E+02, 0.000000E+00, 3.516243E+00, 2.972587E+02, 2.855635E+02, 2.842889E+02, 2.853913E+02, 2.850290E+02
2024-06-28 08:30:15,1, 0.000000E+00, 2.854896E+02, 2.852471E+02, 0.000000E+00, 3.578256E+00, 2.971391E+02, 2.854994E+02, 2.842250E+02, 2.853381E+02, 2.849759E+02
2024-06-28 08:45:15,1, 0.000000E+00, 2.853899E+02, 2.851783E+02, 0.000000E+00, 3.598207E+00, 2.970203E+02, 2.854227E+02, 2.841490E+02, 2.852687E+02, 2.849068E+02
2024-06-28 09:00:15,1, 0.000000E+00, 2.852901E+02, 2.850984E+02, 0.000000E+00, 3.581654E+00, 2.969021E+02, 2.853375E+02, 2.840650E+02, 2.851884E+02, 2.848269E+02
2024-06-28 09:15:15,1, 0.000000E+00, 2.851811E+02, 2.850216E+02, 0.000000E+00, 3.320181E+00, 2.967861E+02, 2.852704E+02, 2.840073E+02, 2.851119E+02, 2.847528E+02
2024-06-28 09:30:15,1, 0.000000E+00, 2.850721E+02, 2.849562E+02, 0.000000E+00, 3.110928E+00, 2.966732E+02, 2.852130E+02, 2.839588E+02, 2.850468E+02, 2.846903E+02
2024-06-28 09:45:15,1, 0.000000E+00, 2.849630E+02, 2.848985E+02, 0.000000E+00, 2.940514E+00, 2.965634E+02, 2.851625E+02, 2.839168E+02, 2.849901E+02, 2.846361E+02
2024-06-28 10:00:15,1, 3.884453E+01, 2.848605E+02, 2.848564E+02, 4.097776E+00, 2.791224E+00, 2.964588E+02, 2.852935E+02, 2.842542E+02, 2.849803E+02, 2.846518E+02
2024-06-28 10:15:15,1, 6.412245E+01, 2.851428E+02, 2.853883E+02, 5.605519E+00, 3.046745E+00, 2.964465E+02, 2.859940E+02, 2.851590E+02, 2.856731E+02, 2.855355E+02
2024-06-28 10:30:15,1, 8.979931E+01, 2.854251E+02, 2.859375E+02, 6.630882E+00, 9.673388E+00, 2.964684E+02, 2.866073E+02, 2.858971E+02, 2.863469E+02, 2.863002E+02
2024-06-28 10:45:15,1, 1.157652E+02, 2.857074E+02, 2.863147E+02, 7.289787E+00, 1.091673E+01, 2.965145E+02, 2.870866E+02, 2.864848E+02, 2.868587E+02, 2.868821E+02
2024-06-28 11:00:15,1, 2.025809E+02, 2.859963E+02, 2.866868E+02, 8.078141E+00, 1.275196E+01, 2.965910E+02, 2.878757E+02, 2.878064E+02, 2.873925E+02, 2.875141E+02
2024-06-28 11:15:15,1, 2.399961E+02, 2.866698E+02, 2.875627E+02, 8.959514E+00, 2.404374E+01, 2.967689E+02, 2.890147E+02, 2.891215E+02, 2.886139E+02, 2.890135E+02
2024-06-28 11:30:15,1, 2.773452E+02, 2.873433E+02, 2.882924E+02, 9.456049E+00, 2.922473E+01, 2.970013E+02, 2.898494E+02, 2.899738E+02, 2.895024E+02, 2.899267E+02
2024-06-28 11:45:15,1, 3.144680E+02, 2.880169E+02, 2.890136E+02, 9.870217E+00, 3.445501E+01, 2.972861E+02, 2.906691E+02, 2.908071E+02, 2.903715E+02, 2.908148E+02
2024-06-28 12:00:15,1, 3.887618E+02, 2.886864E+02, 2.897399E+02, 1.016838E+01, 4.073123E+01, 2.976231E+02, 2.916479E+02, 2.919178E+02, 2.912710E+02, 2.917375E+02
2024-06-28 12:15:15,1, 4.288277E+02, 2.891208E+02, 2.903744E+02, 1.037286E+01, 7.036308E+01, 2.980787E+02, 2.925004E+02, 2.927284E+02, 2.922083E+02, 2.926710E+02
2024-06-28 12:30:15,1, 4.681217E+02, 2.895552E+02, 2.908931E+02, 1.038350E+01, 7.720115E+01, 2.985703E+02, 2.931332E+02, 2.932976E+02, 2.928477E+02, 2.932036E+02
2024-06-28 12:45:15,1, 5.064753E+02, 2.899896E+02, 2.914038E+02, 1.037644E+01, 8.314634E+01, 2.990968E+02, 2.937455E+02, 2.938736E+02, 2.934606E+02, 2.937501E+02
2024-06-28 13:00:15,1, 5.725071E+02, 2.904216E+02, 2.919148E+02, 1.036933E+01, 8.892188E+01, 2.996581E+02, 2.944523E+02, 2.945968E+02, 2.940884E+02, 2.943320E+02
2024-06-28 13:15:15,1, 6.103972E+02, 2.907127E+02, 2.923481E+02, 1.036265E+01, 9.263813E+01, 3.003224E+02, 2.951098E+02, 2.952472E+02, 2.947604E+02, 2.949939E+02
2024-06-28 13:30:15,1, 6.467941E+02, 2.910039E+02, 2.927075E+02, 1.030960E+01, 9.676180E+01, 3.010028E+02, 2.956388E+02, 2.957750E+02, 2.952551E+02, 2.954720E+02
2024-06-28 13:45:15,1, 6.815420E+02, 2.912950E+02, 2.930625E+02, 1.026000E+01, 1.010516E+02, 3.016974E+02, 2.961546E+02, 2.962907E+02, 2.957372E+02, 2.959390E+02
2024-06-28 14:00:15,1, 7.365144E+02, 2.915861E+02, 2.934191E+02, 1.021090E+01, 1.047143E+02, 3.024042E+02, 2.967373E+02, 2.968953E+02, 2.962311E+02, 2.964186E+02
2024-06-28 14:15:15,1, 7.684814E+02, 2.918722E+02, 2.937990E+02, 1.016627E+01, 9.980436E+01, 3.031800E+02, 2.973345E+02, 2.974928E+02, 2.968049E+02, 2.969865E+02
2024-06-28 14:30:15,1, 7.983129E+02, 2.921584E+02, 2.941395E+02, 1.010988E+01, 1.026637E+02, 3.039504E+02, 2.978481E+02, 2.980116E+02, 2.972734E+02, 2.974493E+02
2024-06-28 14:45:15,1, 8.258811E+02, 2.924445E+02, 2.944752E+02, 1.005141E+01, 1.056708E+02, 3.047140E+02, 2.983473E+02, 2.985172E+02, 2.977300E+02, 2.979020E+02
2024-06-28 15:00:15,1, 8.678401E+02, 2.927310E+02, 2.948104E+02, 9.987801E+00, 1.085187E+02, 3.054693E+02, 2.988927E+02, 2.990867E+02, 2.981928E+02, 2.983624E+02
2024-06-28 15:15:15,1, 8.909851E+02, 2.930332E+02, 2.951776E+02, 9.898208E+00, 1.105327E+02, 3.062588E+02, 2.994274E+02, 2.996209E+02, 2.987045E+02, 2.988708E+02
2024-06-28 15:30:15,1, 9.114926E+02, 2.933354E+02, 2.955184E+02, 9.817932E+00, 1.129519E+02, 3.070233E+02, 2.998882E+02, 3.000794E+02, 2.991342E+02, 2.992958E+02
2024-06-28 15:45:15,1, 9.292750E+02, 2.936376E+02, 2.958539E+02, 9.744173E+00, 1.154048E+02, 3.077623E+02, 3.003268E+02, 3.005122E+02, 2.995473E+02, 2.997064E+02
2024-06-28 16:00:15,1, 9.526806E+02, 2.939394E+02, 2.961867E+02, 9.665958E+00, 1.175398E+02, 3.084747E+02, 3.007767E+02, 3.009690E+02, 2.999545E+02, 3.001117E+02
2024-06-28 16:15:15,1, 9.649043E+02, 2.942137E+02, 2.965012E+02, 9.575762E+00, 1.174693E+02, 3.091813E+02, 3.012014E+02, 3.013997E+02, 3.003610E+02, 3.005247E+02
2024-06-28 16:30:15,1, 9.741845E+02, 2.944881E+02, 2.967958E+02, 9.480135E+00, 1.189693E+02, 3.098523E+02, 3.015743E+02, 3.017771E+02, 3.007111E+02, 3.008794E+02
2024-06-28 16:45:15,1, 9.804817E+02, 2.947624E+02, 2.970851E+02, 9.376094E+00, 1.202544E+02, 3.104872E+02, 3.019248E+02, 3.021302E+02, 3.010443E+02, 3.012172E+02
2024-06-28 17:00:15,1, 9.828422E+02, 2.950358E+02, 2.973686E+02, 9.267569E+00, 1.212304E+02, 3.110849E+02, 3.022479E+02, 3.024521E+02, 3.013598E+02, 3.015368E+02
2024-06-28 17:15:15,1, 9.831048E+02, 2.952537E+02, 2.976164E+02, 9.188898E+00, 1.207864E+02, 3.116363E+02, 3.024668E+02, 3.026103E+02, 3.015795E+02, 3.017052E+02
2024-06-28 17:30:15,1, 9.803450E+02, 2.954717E+02, 2.978531E+02, 9.119073E+00, 1.215203E+02, 3.121396E+02, 3.026482E+02, 3.027501E+02, 3.017579E+02, 3.018491E+02
2024-06-28 17:45:15,1, 9.745745E+02, 2.956896E+02, 2.980820E+02, 9.055964E+00, 1.221677E+02, 3.125947E+02, 3.027994E+02, 3.028716E+02, 3.019170E+02, 3.019864E+02
2024-06-28 18:00:15,1, 9.545486E+02, 2.959045E+02, 2.983003E+02, 8.998382E+00, 1.227045E+02, 3.130002E+02, 3.028829E+02, 3.029232E+02, 3.020455E+02, 3.021050E+02
2024-06-28 18:15:15,1, 9.429803E+02, 2.959389E+02, 2.983608E+02, 9.046465E+00, 1.225604E+02, 3.133150E+02, 3.027097E+02, 3.027134E+02, 3.019030E+02, 3.019437E+02
2024-06-28 18:30:15,1, 9.285476E+02, 2.959733E+02, 2.984012E+02, 9.073122E+00, 1.226939E+02, 3.135724E+02, 3.025725E+02, 3.025446E+02, 3.017798E+02, 3.018059E+02
2024-06-28 18:45:15,1, 9.113122E+02, 2.960077E+02, 2.984289E+02, 9.100013E+00, 1.226528E+02, 3.137743E+02, 3.024384E+02, 3.023846E+02, 3.016677E+02, 3.016838E+02
2024-06-28 19:00:15,1, 8.768300E+02, 2.960433E+02, 2.984428E+02, 9.126827E+00, 1.223287E+02, 3.139198E+02, 3.022544E+02, 3.021683E+02, 3.015451E+02, 3.015555E+02
2024-06-28 19:15:15,1, 8.545905E+02, 2.961521E+02, 2.984855E+02, 9.162659E+00, 1.212328E+02, 3.139769E+02, 3.021552E+02, 3.020584E+02, 3.014716E+02, 3.014804E+02
2024-06-28 19:30:15,1, 8.298460E+02, 2.962610E+02, 2.985514E+02, 9.179208E+00, 1.208596E+02, 3.140002E+02, 3.020887E+02, 3.019771E+02, 3.014565E+02, 3.014648E+02
2024-06-28 19:45:15,1, 8.027023E+02, 2.963698E+02, 2.986117E+02, 9.199999E+00, 1.203706E+02, 3.139841E+02, 3.020049E+02, 3.018817E+02, 3.014298E+02, 3.014395E+02
2024-06-28 20:00:15,1, 7.366659E+02, 2.964773E+02, 2.986584E+02, 9.215214E+00, 1.196022E+02, 3.139196E+02, 3.017930E+02, 3.016406E+02, 3.013595E+02, 3.013766E+02
2024-06-28 20:15:15,1, 7.065777E+02, 2.965082E+02, 2.985854E+02, 9.298955E+00, 1.168986E+02, 3.137083E+02, 3.015123E+02, 3.013616E+02, 3.011217E+02, 3.011454E+02
2024-06-28 20:30:15,1, 6.745635E+02, 2.965392E+02, 2.985524E+02, 9.341152E+00, 1.156876E+02, 3.134772E+02, 3.013161E+02, 3.011584E+02, 3.009887E+02, 3.010177E+02
2024-06-28 20:45:15,1, 6.407605E+02, 2.965701E+02, 2.985149E+02, 9.381725E+00, 1.143040E+02, 3.132176E+02, 3.011078E+02, 3.009474E+02, 3.008471E+02, 3.008840E+02
2024-06-28 21:00:15,1, 5.621626E+02, 2.965994E+02, 2.984623E+02, 9.399154E+00, 1.121173E+02, 3.129197E+02, 3.007505E+02, 3.005558E+02, 3.006551E+02, 3.007049E+02
2024-06-28 21:15:15,1, 5.278565E+02, 2.965376E+02, 2.982676E+02, 9.471833E+00, 1.005511E+02, 3.124828E+02, 3.003596E+02, 3.001706E+02, 3.002883E+02, 3.003474E+02
2024-06-28 21:30:15,1, 4.923114E+02, 2.964757E+02, 2.981299E+02, 9.515037E+00, 9.757615E+01, 3.120492E+02, 3.000810E+02, 2.998896E+02, 3.000627E+02, 3.001347E+02
2024-06-28 21:45:15,1, 4.556794E+02, 2.964139E+02, 2.979887E+02, 9.548695E+00, 9.447925E+01, 3.116079E+02, 2.997916E+02, 2.996001E+02, 2.998289E+02, 2.999164E+02
2024-06-28 22:00:15,1, 2.971094E+02, 2.963470E+02, 2.978093E+02, 9.380162E+00, 9.045916E+01, 3.111441E+02, 2.990452E+02, 2.985944E+02, 2.994588E+02, 2.995435E+02
2024-06-28 22:15:15,1, 2.698719E+02, 2.959881E+02, 2.971481E+02, 9.504780E+00, 7.053341E+01, 3.104456E+02, 2.981187E+02, 2.975927E+02, 2.984303E+02, 2.984426E+02
2024-06-28 22:30:15,1, 2.422044E+02, 2.956292E+02, 2.967257E+02, 9.597116E+00, 6.621244E+01, 3.098162E+02, 2.976261E+02, 2.970424E+02, 2.979226E+02, 2.979392E+02
2024-06-28 22:45:15,1, 2.142255E+02, 2.952703E+02, 2.963118E+02, 9.543462E+00, 6.074058E+01, 3.092335E+02, 2.971525E+02, 2.965192E+02, 2.974237E+02, 2.974424E+02
2024-06-28 23:00:15,1, 1.618245E+02, 2.949125E+02, 2.958940E+02, 9.091829E+00, 5.496357E+01, 3.086819E+02, 2.965950E+02, 2.957969E+02, 2.968982E+02, 2.969078E+02
2024-06-28 23:15:15,1, 1.372610E+02, 2.946146E+02, 2.954366E+02, 8.740475E+00, 5.858993E+01, 3.081206E+02, 2.960182E+02, 2.951102E+02, 2.962522E+02, 2.961680E+02
2024-06-28 23:30:15,1, 1.127410E+02, 2.943168E+02, 2.950669E+02, 8.161502E+00, 5.384852E+01, 3.075861E+02, 2.955731E+02, 2.945915E+02, 2.957747E+02, 2.956614E+02
2024-06-28 23:45:15,1, 8.836950E+01, 2.940189E+02, 2.947046E+02, 7.287817E+00, 4.704569E+01, 3.070728E+02, 2.951472E+02, 2.940948E+02, 2.953069E+02, 2.951658E+02
2024-06-28 00:00:15,2, 6.254467E+01, 2.906283E+02, 2.912700E+02, 5.717706E+00, 3.609814E+01, 3.052350E+02, 2.916316E+02, 2.903860E+02, 2.917939E+02, 2.916506E+02
2024-06-28 00:15:15,2, 3.941306E+01, 2.903406E+02, 2.908035E+02, 4.196983E+00, 2.674064E+01, 3.047357E+02, 2.910950E+02, 2.897086E+02, 2.911539E+02, 2.908894E+02
2024-06-28 00:30:15,2, 1.672716E+01, 2.900529E+02, 2.904302E+02, 2.038737E+00, 1.746664E+01, 3.042669E+02, 2.907014E+02, 2.892305E+02, 2.906833E+02, 2.903393E+02
2024-06-28 00:45:15,2, 0.000000E+00, 2.897652E+02, 2.900442E+02, 0.000000E+00, 8.429222E+00, 3.038302E+02, 2.902433E+02, 2.887386E+02, 2.902093E+02, 2.897822E+02
2024-06-28 01:00:15,2, 0.000000E+00, 2.894789E+02, 2.896526E+02, 0.000000E+00, 5.122622E+00, 3.034420E+02, 2.898471E+02, 2.882950E+02, 2.898060E+02, 2.893638E+02
2024-06-28 01:15:15,2, 0.000000E+00, 2.892738E+02, 2.893003E+02, 0.000000E+00, 5.068602E+00, 3.030814E+02, 2.895056E+02, 2.879694E+02, 2.894478E+02, 2.890088E+02
2024-06-28 01:30:15,2, 0.000000E+00, 2.890688E+02, 2.889765E+02, 0.000000E+00, 5.146473E+00, 3.027399E+02, 2.891874E+02, 2.876624E+02, 2.891194E+02, 2.886832E+02
2024-06-28 01:45:15,2, 0.000000E+00, 2.888637E+02, 2.886701E+02, 0.000000E+00, 5.237772E+00, 3.024150E+02, 2.888842E+02, 2.873680E+02, 2.888092E+02, 2.883754E+02
2024-06-28 02:00:15,2, 0.000000E+00, 2.886595E+02, 2.883757E+02, 0.000000E+00, 5.305848E+00, 3.021047E+02, 2.885918E+02, 2.870827E+02, 2.885114E+02, 2.880796E+02
2024-06-28 02:15:15,2, 0.000000E+00, 2.885090E+02, 2.881027E+02, 0.000000E+00, 5.264424E+00, 3.018083E+02, 2.883318E+02, 2.868377E+02, 2.882359E+02, 2.878075E+02
2024-06-28 02:30:15,2, 0.000000E+00, 2.883586E+02, 2.878558E+02, 0.000000E+00, 5.265300E+00, 3.015255E+02, 2.880940E+02, 2.866128E+02, 2.879860E+02, 2.875620E+02
2024-06-28 02:45:15,2, 0.000000E+00, 2.882082E+02, 2.876281E+02, 0.000000E+00, 5.274150E+00, 3.012551E+02, 2.878720E+02, 2.864021E+02, 2.877554E+02, 2.873351E+02
2024-06-28 03:00:15,2, 0.000000E+00, 2.880582E+02, 2.874147E+02, 0.000000E+00, 5.275384E+00, 3.009957E+02, 2.876624E+02, 2.862027E+02, 2.875396E+02, 2.871225E+02
2024-06-28 03:15:15,2, 0.000000E+00, 2.879369E+02, 2.872128E+02, 0.000000E+00, 5.139110E+00, 3.007463E+02, 2.874626E+02, 2.860130E+02, 2.873353E+02, 2.869212E+02
2024-06-28 03:30:15,2, 0.000000E+00, 2.878155E+02, 2.870203E+02, 0.000000E+00, 5.018437E+00, 3.005060E+02, 2.872712E+02, 2.858308E+02, 2.871406E+02, 2.867293E+02
2024-06-28 03:45:15,2, 0.000000E+00, 2.876941E+02, 2.868353E+02, 0.000000E+00, 4.906151E+00, 3.002740E+02, 2.870866E+02, 2.856545E+02, 2.869534E+02, 2.865447E+02
2024-06-28 04:00:15,2, 0.000000E+00, 2.875728E+02, 2.866563E+02, 0.000000E+00, 4.797489E+00, 3.000496E+02, 2.869076E+02, 2.854832E+02, 2.867725E+02, 2.863661E+02
2024-06-28 04:15:15,2, 0.000000E+00, 2.874520E+02, 2.864845E+02, 0.000000E+00, 4.648491E+00, 2.998324E+02, 2.867377E+02, 2.853220E+02, 2.865989E+02, 2.861951E+02
2024-06-28 04:30:15,2, 0.000000E+00, 2.873312E+02, 2.863204E+02, 0.000000E+00, 4.510952E+00, 2.996222E+02, 2.865749E+02, 2.851670E+02, 2.864330E+02, 2.860318E+02
2024-06-28 04:45:15,2, 0.000000E+00, 2.872104E+02, 2.861625E+02, 0.000000E+00, 4.381310E+00, 2.994184E+02, 2.864176E+02, 2.850172E+02, 2.862735E+02, 2.858746E+02
2024-06-28 05:00:15,2, 0.000000E+00, 2.870888E+02, 2.860096E+02, 0.000000E+00, 4.254979E+00, 2.992205E+02, 2.862653E+02, 2.848719E+02, 2.861191E+02, 2.857224E+02
2024-06-28 05:15:15,2, 0.000000E+00, 2.869265E+02, 2.858707E+02, 0.000000E+00, 4.010465E+00, 2.990293E+02, 2.861384E+02, 2.847573E+02, 2.859795E+02, 2.855863E+02
2024-06-28 05:30:15,2, 0.000000E+00, 2.867642E+02, 2.857507E+02, 0.000000E+00, 3.796610E+00, 2.988457E+02, 2.860282E+02, 2.846588E+02, 2.858594E+02, 2.854697E+02
2024-06-28 05:45:15,2, 0.000000E+00, 2.866018E+02, 2.856452E+02, 0.000000E+00, 3.606187E+00, 2.986690E+02, 2.859301E+02, 2.845717E+02, 2.857535E+02, 2.853670E+02
2024-06-28 06:00:15,2, 0.000000E+00, 2.864396E+02, 2.855508E+02, 0.000000E+00, 3.432322E+00, 2.984987E+02, 2.858419E+02, 2.844940E+02, 2.856587E+02, 2.852753E+02
2024-06-28 06:15:15,2, 0.000000E+00, 2.862880E+02, 2.854773E+02, 0.000000E+00, 3.165895E+00, 2.983359E+02, 2.857859E+02, 2.844562E+02, 2.855852E+02, 2.852066E+02
2024-06-28 06:30:15,2, 0.000000E+00, 2.861363E+02, 2.854293E+02, 0.000000E+00, 2.930533E+00, 2.981812E+02, 2.857517E+02, 2.844398E+02, 2.855376E+02, 2.851640E+02
2024-06-28 06:45:15,2, 0.000000E+00, 2.859846E+02, 2.854000E+02, 0.000000E+00, 2.729888E+00, 2.980341E+02, 2.857334E+02, 2.844387E+02, 2.855085E+02, 2.851397E+02
2024-06-28 07:00:15,2, 0.000000E+00, 2.858348E+02, 2.853842E+02, 0.000000E+00, 2.567113E+00, 2.978942E+02, 2.857268E+02, 2.844484E+02, 2.854932E+02, 2.851290E+02
2024-06-28 07:15:15,2, 0.000000E+00, 2.857986E+02, 2.853725E+02, 0.000000E+00, 2.835809E+00, 2.977598E+02, 2.857110E+02, 2.844440E+02, 2.854806E+02, 2.851200E+02
2024-06-28 07:30:15,2, 0.000000E+00, 2.857624E+02, 2.853590E+02, 0.000000E+00, 3.060330E+00, 2.976296E+02, 2.856939E+02, 2.844382E+02, 2.854662E+02, 2.851088E+02
2024-06-28 07:45:15,2, 0.000000E+00, 2.857262E+02, 2.853445E+02, 0.000000E+00, 3.247701E+00, 2.975033E+02, 2.856764E+02, 2.844318E+02, 2.854509E+02, 2.850967E+02
2024-06-28 08:00:15,2, 0.000000E+00, 2.856890E+02, 2.853297E+02, 0.000000E+00, 3.404122E+00, 2.973808E+02, 2.856589E+02, 2.844251E+02, 2.854353E+02, 2.850842E+02
2024-06-28 08:15:15,2, 0.000000E+00, 2.855893E+02, 2.852998E+02, 0.000000E+00, 3.517511E+00, 2.972605E+02, 2.856140E+02, 2.843800E+02, 2.854051E+02, 2.850547E+02
2024-06-28 08:30:15,2, 0.000000E+00, 2.854896E+02, 2.852468E+02, 0.000000E+00, 3.579350E+00, 2.971410E+02, 2.855500E+02, 2.843162E+02, 2.853519E+02, 2.850019E+02
2024-06-28 08:45:15,2, 0.000000E+00, 2.853899E+02, 2.851780E+02, 0.000000E+00, 3.599119E+00, 2.970221E+02, 2.854734E+02, 2.842404E+02, 2.852824E+02, 2.849327E+02
2024-06-28 09:00:15,2, 0.000000E+00, 2.852901E+02, 2.850981E+02, 0.000000E+00, 3.582403E+00, 2.969039E+02, 2.853883E+02, 2.841563E+02, 2.852021E+02, 2.848528E+02
2024-06-28 09:15:15,2, 0.000000E+00, 2.851811E+02, 2.850213E+02, 0.000000E+00, 3.320918E+00, 2.967878E+02, 2.853204E+02, 2.840980E+02, 2.851255E+02, 2.847785E+02
2024-06-28 09:30:15,2, 0.000000E+00, 2.850721E+02, 2.849560E+02, 0.000000E+00, 3.111717E+00, 2.966749E+02, 2.852625E+02, 2.840489E+02, 2.850604E+02, 2.847160E+02
2024-06-28 09:45:15,2, 0.000000E+00, 2.849630E+02, 2.848985E+02, 0.000000E+00, 2.941375E+00, 2.965651E+02, 2.852116E+02, 2.840065E+02, 2.850038E+02, 2.846617E+02
2024-06-28 10:00:15,2, 3.884453E+01, 2.848605E+02, 2.848565E+02, 4.149847E+00, 2.792979E+00, 2.964605E+02, 2.853307E+02, 2.843095E+02, 2.849926E+02, 2.846729E+02
2024-06-28 10:15:15,2, 6.412245E+01, 2.851428E+02, 2.853872E+02, 5.643606E+00, 3.048011E+00, 2.964485E+02, 2.860212E+02, 2.851935E+02, 2.856758E+02, 2.855328E+02
2024-06-28 10:30:15,2, 8.979931E+01, 2.854251E+02, 2.859368E+02, 6.643378E+00, 9.649746E+00, 2.964708E+02, 2.866310E+02, 2.859282E+02, 2.863477E+02, 2.862961E+02
2024-06-28 10:45:15,2, 1.157652E+02, 2.857074E+02, 2.863143E+02, 7.291812E+00, 1.090202E+01, 2.965171E+02, 2.871044E+02, 2.865034E+02, 2.868553E+02, 2.868652E+02
2024-06-28 11:00:15,2, 2.025809E+02, 2.859963E+02, 2.866861E+02, 8.080743E+00, 1.272817E+01, 2.965937E+02, 2.878680E+02, 2.877521E+02, 2.873849E+02, 2.874867E+02
2024-06-28 11:15:15,2, 2.399961E+02, 2.866698E+02, 2.875602E+02, 8.961584E+00, 2.398645E+01, 2.967727E+02, 2.889981E+02, 2.890478E+02, 2.885920E+02, 2.889447E+02
2024-06-28 11:30:15,2, 2.773452E+02, 2.873433E+02, 2.882900E+02, 9.458040E+00, 2.917486E+01, 2.970057E+02, 2.898313E+02, 2.898976E+02, 2.894789E+02, 2.898530E+02
2024-06-28 11:45:15,2, 3.144680E+02, 2.880169E+02, 2.890112E+02, 9.877240E+00, 3.441623E+01, 2.972908E+02, 2.906490E+02, 2.907259E+02, 2.903462E+02, 2.907347E+02
2024-06-28 12:00:15,2, 3.887618E+02, 2.886864E+02, 2.897374E+02, 1.017356E+01, 4.068608E+01, 2.976280E+02, 2.916218E+02, 2.918168E+02, 2.912443E+02, 2.916525E+02
2024-06-28 12:15:15,2, 4.288277E+02, 2.891208E+02, 2.903712E+02, 1.037852E+01, 7.031058E+01, 2.980839E+02, 2.924763E+02, 2.926391E+02, 2.921833E+02, 2.925951E+02
2024-06-28 12:30:15,2, 4.681217E+02, 2.895552E+02, 2.908896E+02, 1.038935E+01, 7.714882E+01, 2.985755E+02, 2.931131E+02, 2.932113E+02, 2.928280E+02, 2.931337E+02
2024-06-28 12:45:15,2, 5.064753E+02, 2.899896E+02, 2.914003E+02, 1.038257E+01, 8.310609E+01, 2.991019E+02, 2.937260E+02, 2.937893E+02, 2.934431E+02, 2.936839E+02
2024-06-28 13:00:15,2, 5.725071E+02, 2.904216E+02, 2.919112E+02, 1.037571E+01, 8.888505E+01, 2.996631E+02, 2.944318E+02, 2.945067E+02, 2.940717E+02, 2.942667E+02
2024-06-28 13:15:15,2, 6.103972E+02, 2.907127E+02, 2.923441E+02, 1.036916E+01, 9.259820E+01, 3.003274E+02, 2.950890E+02, 2.951548E+02, 2.947435E+02, 2.949247E+02
2024-06-28 13:30:15,2, 6.467941E+02, 2.910039E+02, 2.927034E+02, 1.031635E+01, 9.672415E+01, 3.010077E+02, 2.956182E+02, 2.956818E+02, 2.952387E+02, 2.954029E+02
2024-06-28 13:45:15,2, 6.815420E+02, 2.912950E+02, 2.930584E+02, 1.026697E+01, 1.010170E+02, 3.017021E+02, 2.961341E+02, 2.961966E+02, 2.957211E+02, 2.958699E+02
2024-06-28 14:00:15,2, 7.365144E+02, 2.915861E+02, 2.934150E+02, 1.021808E+01, 1.046835E+02, 3.024087E+02, 2.967162E+02, 2.967964E+02, 2.962151E+02, 2.963483E+02
2024-06-28 14:15:15,2, 7.684814E+02, 2.918722E+02, 2.937947E+02, 1.017389E+01, 9.977479E+01, 3.031843E+02, 2.973131E+02, 2.973915E+02, 2.967887E+02, 2.969132E+02
2024-06-28 14:30:15,2, 7.983129E+02, 2.921584E+02, 2.941352E+02, 1.011786E+01, 1.026365E+02, 3.039544E+02, 2.978268E+02, 2.979088E+02, 2.972573E+02, 2.973751E+02
2024-06-28 14:45:15,2, 8.258811E+02, 2.924445E+02, 2.944708E+02, 1.005973E+01, 1.056474E+02, 3.047179E+02, 2.983260E+02, 2.984127E+02, 2.977139E+02, 2.978268E+02
2024-06-28 15:00:15,2, 8.678401E+02, 2.927310E+02, 2.948060E+02, 9.996512E+00, 1.084994E+02, 3.054729E+02, 2.988709E+02, 2.989779E+02, 2.981765E+02, 2.982855E+02
2024-06-28 15:15:15,2, 8.909851E+02, 2.930332E+02, 2.951730E+02, 9.907529E+00, 1.105183E+02, 3.062622E+02, 2.994056E+02, 2.995102E+02, 2.986881E+02, 2.987916E+02
2024-06-28 15:30:15,2, 9.114926E+02, 2.933354E+02, 2.955141E+02, 9.818260E+00, 1.128921E+02, 3.070265E+02, 2.998677E+02, 2.999719E+02, 2.991178E+02, 2.992158E+02
2024-06-28 15:45:15,2, 9.292750E+02, 2.936376E+02, 2.958493E+02, 9.752796E+00, 1.153711E+02, 3.077653E+02, 3.003060E+02, 3.004025E+02, 2.995309E+02, 2.996258E+02
2024-06-28 16:00:15,2, 9.526806E+02, 2.939394E+02, 2.961819E+02, 9.677353E+00, 1.175470E+02, 3.084775E+02, 3.007557E+02, 3.008561E+02, 2.999379E+02, 3.000301E+02
2024-06-28 16:15:15,2, 9.649043E+02, 2.942137E+02, 2.964964E+02, 9.587905E+00, 1.174859E+02, 3.091838E+02, 3.011802E+02, 3.012845E+02, 3.003444E+02, 3.004418E+02
2024-06-28 16:30:15,2, 9.741845E+02, 2.944881E+02, 2.967910E+02, 9.492790E+00, 1.189940E+02, 3.098547E+02, 3.015532E+02, 3.016606E+02, 3.006944E+02, 3.007959E+02
2024-06-28 16:45:15,2, 9.804817E+02, 2.947624E+02, 2.970802E+02, 9.389147E+00, 1.202867E+02, 3.104895E+02, 3.019038E+02, 3.020128E+02, 3.010277E+02, 3.011333E+02
2024-06-28 17:00:15,2, 9.828422E+02, 2.950358E+02, 2.973638E+02, 9.280957E+00, 1.212699E+02, 3.110870E+02, 3.022272E+02, 3.023344E+02, 3.013432E+02, 3.014528E+02
2024-06-28 17:15:15,2, 9.831048E+02, 2.952537E+02, 2.976115E+02, 9.202060E+00, 1.208288E+02, 3.116383E+02, 3.024473E+02, 3.024958E+02, 3.015638E+02, 3.016238E+02
2024-06-28 17:30:15,2, 9.803450E+02, 2.954717E+02, 2.978481E+02, 9.132006E+00, 1.215634E+02, 3.121414E+02, 3.026299E+02, 3.026387E+02, 3.017429E+02, 3.017702E+02
2024-06-28 17:45:15,2, 9.745745E+02, 2.956896E+02, 2.980770E+02, 9.068675E+00, 1.222110E+02, 3.125964E+02, 3.027823E+02, 3.027633E+02, 3.019027E+02, 3.019098E+02
2024-06-28 18:00:15,2, 9.545486E+02, 2.959045E+02, 2.982953E+02, 9.010875E+00, 1.227484E+02, 3.130019E+02, 3.028671E+02, 3.028195E+02, 3.020319E+02, 3.020309E+02
2024-06-28 18:15:15,2, 9.429803E+02, 2.959389E+02, 2.983559E+02, 9.057829E+00, 1.225965E+02, 3.133167E+02, 3.026960E+02, 3.026170E+02, 3.018909E+02, 3.018753E+02
2024-06-28 18:30:15,2, 9.285476E+02, 2.959733E+02, 2.983963E+02, 9.083869E+00, 1.227234E+02, 3.135740E+02, 3.025604E+02, 3.024537E+02, 3.017687E+02, 3.017413E+02
2024-06-28 18:45:15,2, 9.113122E+02, 2.960077E+02, 2.984239E+02, 9.110304E+00, 1.226775E+02, 3.137760E+02, 3.024275E+02, 3.022981E+02, 3.016572E+02, 3.016222E+02
2024-06-28 19:00:15,2, 8.768300E+02, 2.960433E+02, 2.984379E+02, 9.136739E+00, 1.223498E+02, 3.139215E+02, 3.022446E+02, 3.020872E+02, 3.015352E+02, 3.014968E+02
2024-06-28 19:15:15,2, 8.545905E+02, 2.961521E+02, 2.984807E+02, 9.172207E+00, 1.212497E+02, 3.139786E+02, 3.021461E+02, 3.019798E+02, 3.014619E+02, 3.014236E+02
2024-06-28 19:30:15,2, 8.298460E+02, 2.962610E+02, 2.985466E+02, 9.188634E+00, 1.208754E+02, 3.140020E+02, 3.020800E+02, 3.019004E+02, 3.014470E+02, 3.014093E+02
2024-06-28 19:45:15,2, 8.027023E+02, 2.963698E+02, 2.986069E+02, 9.209297E+00, 1.203850E+02, 3.139860E+02, 3.019965E+02, 3.018067E+02, 3.014204E+02, 3.013850E+02
2024-06-28 20:00:15,2, 7.366659E+02, 2.964773E+02, 2.986538E+02, 9.224374E+00, 1.196165E+02, 3.139215E+02, 3.017852E+02, 3.015715E+02, 3.013504E+02, 3.013242E+02
2024-06-28 20:15:15,2, 7.065777E+02, 2.965082E+02, 2.985811E+02, 9.307337E+00, 1.169106E+02, 3.137104E+02, 3.015047E+02, 3.012949E+02, 3.011129E+02, 3.010965E+02
2024-06-28 20:30:15,2, 6.745635E+02, 2.965392E+02, 2.985482E+02, 9.349350E+00, 1.156969E+02, 3.134794E+02, 3.013086E+02, 3.010929E+02, 3.009799E+02, 3.009696E+02
2024-06-28 20:45:15,2, 6.407605E+02, 2.965701E+02, 2.985107E+02, 9.389768E+00, 1.143112E+02, 3.132200E+02, 3.011000E+02, 3.008825E+02, 3.008381E+02, 3.008365E+02
2024-06-28 21:00:15,2, 5.621626E+02, 2.965994E+02, 2.984582E+02, 9.406995E+00, 1.121247E+02, 3.129223E+02, 3.007433E+02, 3.004984E+02, 3.006462E+02, 3.006595E+02
2024-06-28 21:15:15,2, 5.278565E+02, 2.965376E+02, 2.982643E+02, 9.478987E+00, 1.005623E+02, 3.124856E+02, 3.003526E+02, 3.001148E+02, 3.002800E+02, 3.003065E+02
2024-06-28 21:30:15,2, 4.923114E+02, 2.964757E+02, 2.981265E+02, 9.522038E+00, 9.758280E+01, 3.120522E+02, 3.000735E+02, 2.998332E+02, 3.000540E+02, 3.000933E+02
2024-06-28 21:45:15,2, 4.556794E+02, 2.964139E+02, 2.979854E+02, 9.555575E+00, 9.448303E+01, 3.116111E+02, 2.997835E+02, 2.995425E+02, 2.998197E+02, 2.998744E+02
2024-06-28 22:00:15,2, 2.971094E+02, 2.963470E+02, 2.978065E+02, 9.376871E+00, 9.043457E+01, 3.111477E+02, 2.990467E+02, 2.985734E+02, 2.994512E+02, 2.995090E+02
2024-06-28 22:15:15,2, 2.698719E+02, 2.959881E+02, 2.971472E+02, 9.517897E+00, 7.057087E+01, 3.104490E+02, 2.981236E+02, 2.975779E+02, 2.984286E+02, 2.984312E+02
2024-06-28 22:30:15,2, 2.422044E+02, 2.956292E+02, 2.967249E+02, 9.603399E+00, 6.625136E+01, 3.098195E+02, 2.976336E+02, 2.970342E+02, 2.979208E+02, 2.979274E+02
2024-06-28 22:45:15,2, 2.142255E+02, 2.952703E+02, 2.963111E+02, 9.547145E+00, 6.075480E+01, 3.092368E+02, 2.971619E+02, 2.965143E+02, 2.974221E+02, 2.974310E+02
2024-06-28 23:00:15,2, 1.618245E+02, 2.949125E+02, 2.958934E+02, 9.095005E+00, 5.496058E+01, 3.086852E+02, 2.966120E+02, 2.958084E+02, 2.968974E+02, 2.968992E+02
2024-06-28 23:15:15,2, 1.372610E+02, 2.946146E+02, 2.954361E+02, 8.746031E+00, 5.863173E+01, 3.081238E+02, 2.960402E+02, 2.951302E+02, 2.962530E+02, 2.961688E+02
2024-06-28 23:30:15,2, 1.127410E+02, 2.943168E+02, 2.950658E+02, 8.178224E+00, 5.395115E+01, 3.075894E+02, 2.955985E+02, 2.946170E+02, 2.957739E+02, 2.956625E+02
2024-06-28 23:45:15,2, 8.836950E+01, 2.940189E+02, 2.947026E+02, 7.321249E+00, 4.722796E+01, 3.070760E+02, 2.951764E+02, 2.941284E+02, 2.953044E+02, 2.951671E+02
2024-06-29 00:00:15,1, 4.155763E+01, 2.937207E+02, 2.943459E+02, 4.368287E+00, 3.906196E+01, 3.065759E+02, 2.947200E+02, 2.935456E+02, 2.948199E+02, 2.946369E+02
2024-06-29 00:15:15,1, 2.616621E+01, 2.934015E+02, 2.939435E+02, 2.957184E+00, 3.406108E+01, 3.060667E+02, 2.942982E+02, 2.931241E+02, 2.942568E+02, 2.939948E+02
2024-06-29 00:30:15,1, 1.107038E+01, 2.930822E+02, 2.936041E+02, 1.339101E+00, 2.704861E+01, 3.055833E+02, 2.939648E+02, 2.928324E+02, 2.938381E+02, 2.935512E+02
2024-06-29 00:45:15,1, 0.000000E+00, 2.927630E+02, 2.932535E+02, 0.000000E+00, 2.024352E+01, 3.051198E+02, 2.935643E+02, 2.924804E+02, 2.934339E+02, 2.931210E+02
2024-06-29 01:00:15,1, 0.000000E+00, 2.924474E+02, 2.929233E+02, 0.000000E+00, 1.869998E+01, 3.046895E+02, 2.932339E+02, 2.921671E+02, 2.930952E+02, 2.927871E+02
2024-06-29 01:15:15,1, 0.000000E+00, 2.923442E+02, 2.927570E+02, 0.000000E+00, 1.366039E+01, 3.043050E+02, 2.930949E+02, 2.920470E+02, 2.929124E+02, 2.926084E+02
2024-06-29 01:30:15,1, 0.000000E+00, 2.922410E+02, 2.926641E+02, 0.000000E+00, 1.379778E+01, 3.039603E+02, 2.930173E+02, 2.920148E+02, 2.928187E+02, 2.925280E+02
2024-06-29 01:45:15,1, 0.000000E+00, 2.921377E+02, 2.925812E+02, 0.000000E+00, 1.409935E+01, 3.036438E+02, 2.929481E+02, 2.919975E+02, 2.927377E+02, 2.924624E+02
2024-06-29 02:00:15,1, 0.000000E+00, 2.920362E+02, 2.924985E+02, 0.000000E+00, 1.374931E+01, 3.033510E+02, 2.928837E+02, 2.919748E+02, 2.926592E+02, 2.923963E+02
2024-06-29 02:15:15,1, 0.000000E+00, 2.920352E+02, 2.924711E+02, 0.000000E+00, 1.102764E+01, 3.030830E+02, 2.928558E+02, 2.919673E+02, 2.926240E+02, 2.923669E+02
2024-06-29 02:30:15,1, 0.000000E+00, 2.920342E+02, 2.924667E+02, 0.000000E+00, 1.073060E+01, 3.028353E+02, 2.928461E+02, 2.919880E+02, 2.926165E+02, 2.923682E+02
2024-06-29 02:45:15,1, 0.000000E+00, 2.920331E+02, 2.924654E+02, 0.000000E+00, 1.064365E+01, 3.026039E+02, 2.928408E+02, 2.920125E+02, 2.926135E+02, 2.923738E+02
2024-06-29 03:00:15,1, 0.000000E+00, 2.920332E+02, 2.924654E+02, 0.000000E+00, 1.051605E+01, 3.023871E+02, 2.928381E+02, 2.920386E+02, 2.926122E+02, 2.923808E+02
2024-06-29 03:15:15,1, 0.000000E+00, 2.921019E+02, 2.925059E+02, 0.000000E+00, 8.591724E+00, 3.021858E+02, 2.928736E+02, 2.921000E+02, 2.926446E+02, 2.924203E+02
2024-06-29 03:30:15,1, 0.000000E+00, 2.921705E+02, 2.925675E+02, 0.000000E+00, 8.278219E+00, 3.019987E+02, 2.929283E+02, 2.921845E+02, 2.927033E+02, 2.924876E+02
2024-06-29 03:45:15,1, 0.000000E+00, 2.922391E+02, 2.926325E+02, 0.000000E+00, 8.206137E+00, 3.018237E+02, 2.929865E+02, 2.922721E+02, 2.927660E+02, 2.925587E+02
2024-06-29 04:00:15,1, 0.000000E+00, 2.923068E+02, 2.926986E+02, 0.000000E+00, 8.062978E+00, 3.016596E+02, 2.930468E+02, 2.923607E+02, 2.928302E+02, 2.926311E+02
2024-06-29 04:15:15,1, 0.000000E+00, 2.923262E+02, 2.927345E+02, 0.000000E+00, 3.858162E+00, 3.015027E+02, 2.930732E+02, 2.924144E+02, 2.928674E+02, 2.926766E+02
2024-06-29 04:30:15,1, 0.000000E+00, 2.923455E+02, 2.927529E+02, 0.000000E+00, 2.677647E+00, 3.013510E+02, 2.930866E+02, 2.924518E+02, 2.928840E+02, 2.927003E+02
2024-06-29 04:45:15,1, 0.000000E+00, 2.923648E+02, 2.927694E+02, 0.000000E+00, 2.282335E+00, 3.012049E+02, 2.930994E+02, 2.924872E+02, 2.928981E+02, 2.927212E+02
2024-06-29 05:00:15,1, 0.000000E+00, 2.923823E+02, 2.927858E+02, 0.000000E+00, 1.974106E+00, 3.010642E+02, 2.931129E+02, 2.925221E+02, 2.929125E+02, 2.927420E+02
2024-06-29 05:15:15,1, 0.000000E+00, 2.922866E+02, 2.927344E+02, 0.000000E+00,-1.075061E+00, 3.009266E+02, 2.930655E+02, 2.924910E+02, 2.928700E+02, 2.927049E+02
2024-06-29 05:30:15,1, 0.000000E+00, 2.921910E+02, 2.926502E+02, 0.000000E+00,-1.882106E+00, 3.007990E+02, 2.929918E+02, 2.924297E+02, 2.927878E+02, 2.926266E+02
2024-06-29 05:45:15,1, 0.000000E+00, 2.920953E+02, 2.925634E+02, 0.000000E+00,-2.293154E+00, 3.006785E+02, 2.929165E+02, 2.923660E+02, 2.927023E+02, 2.925447E+02
2024-06-29 06:00:15,1, 0.000000E+00, 2.919980E+02, 2.924751E+02, 0.000000E+00,-2.521323E+00, 3.005623E+02, 2.928393E+02, 2.923013E+02, 2.926151E+02, 2.924615E+02
2024-06-29 06:15:15,1, 0.000000E+00, 2.918023E+02, 2.923190E+02, 0.000000E+00, 5.010307E-01, 3.004492E+02, 2.926995E+02, 2.921637E+02, 2.924706E+02, 2.923185E+02
2024-06-29 06:30:15,1, 0.000000E+00, 2.916067E+02, 2.921389E+02, 0.000000E+00, 5.943318E-01, 3.003469E+02, 2.925394E+02, 2.920038E+02, 2.922949E+02, 2.921431E+02
2024-06-29 06:45:15,1, 0.000000E+00, 2.914110E+02, 2.919581E+02, 0.000000E+00, 3.108380E-01, 3.002515E+02, 2.923794E+02, 2.918436E+02, 2.921183E+02, 2.919668E+02
2024-06-29 07:00:15,1, 0.000000E+00, 2.912172E+02, 2.917777E+02, 0.000000E+00, 2.607814E-02, 3.001599E+02, 2.922200E+02, 2.916839E+02, 2.919420E+02, 2.917906E+02
2024-06-29 07:15:15,1, 0.000000E+00, 2.911333E+02, 2.916681E+02, 0.000000E+00, 7.033170E-01, 3.000758E+02, 2.921170E+02, 2.915823E+02, 2.918240E+02, 2.916727E+02
2024-06-29 07:30:15,1, 0.000000E+00, 2.910495E+02, 2.915852E+02, 0.000000E+00, 5.818743E-01, 3.000198E+02, 2.920392E+02, 2.915057E+02, 2.917404E+02, 2.915896E+02
2024-06-29 07:45:15,1, 0.000000E+00, 2.909657E+02, 2.915047E+02, 0.000000E+00, 3.759780E-01, 2.999813E+02, 2.919651E+02, 2.914320E+02, 2.916603E+02, 2.915099E+02
2024-06-29 08:00:15,1, 0.000000E+00, 2.908815E+02, 2.914251E+02, 0.000000E+00, 1.715715E-01, 2.999531E+02, 2.918925E+02, 2.913593E+02, 2.915814E+02, 2.914312E+02
2024-06-29 08:15:15,1, 0.000000E+00, 2.907763E+02, 2.913310E+02, 0.000000E+00, 5.482092E-02, 2.999295E+02, 2.918066E+02, 2.912715E+02, 2.914904E+02, 2.913399E+02
2024-06-29 08:30:15,1, 0.000000E+00, 2.906712E+02, 2.912318E+02, 0.000000E+00,-1.485618E-01, 2.999057E+02, 2.917162E+02, 2.911789E+02, 2.913926E+02, 2.912417E+02
2024-06-29 08:45:15,1, 0.000000E+00, 2.905660E+02, 2.911322E+02, 0.000000E+00,-3.601965E-01, 2.998803E+02, 2.916253E+02, 2.910859E+02, 2.912943E+02, 2.911429E+02
2024-06-29 09:00:15,1, 0.000000E+00, 2.904614E+02, 2.910326E+02, 0.000000E+00,-4.997048E-01, 2.998521E+02, 2.915341E+02, 2.909928E+02, 2.911958E+02, 2.910441E+02
2024-06-29 09:15:15,1, 0.000000E+00, 2.903901E+02, 2.909587E+02, 0.000000E+00, 1.021447E+00, 2.998344E+02, 2.914721E+02, 2.909318E+02, 2.911207E+02, 2.909691E+02
2024-06-29 09:30:15,1, 0.000000E+00, 2.903188E+02, 2.908959E+02, 0.000000E+00, 1.067763E+00, 2.998505E+02, 2.914227E+02, 2.908823E+02, 2.910605E+02, 2.909090E+02
2024-06-29 09:45:15,1, 0.000000E+00, 2.902474E+02, 2.908348E+02, 0.000000E+00, 9.724267E-01, 2.998839E+02, 2.913767E+02, 2.908358E+02, 2.910030E+02, 2.908516E+02
2024-06-29 10:00:15,1, 7.324646E+00, 2.901748E+02, 2.907762E+02, 9.227329E-01, 7.690254E-01, 2.999240E+02, 2.913600E+02, 2.908259E+02, 2.909534E+02, 2.908036E+02
2024-06-29 10:15:15,1, 1.218722E+01, 2.900219E+02, 2.906971E+02, 1.502198E+00,-1.641074E+00, 3.000075E+02, 2.913310E+02, 2.907951E+02, 2.909188E+02, 2.907843E+02
2024-06-29 10:30:15,1, 1.712685E+01, 2.898691E+02, 2.905804E+02, 2.074499E+00,-7.739721E-01, 3.001522E+02, 2.912622E+02, 2.907270E+02, 2.908268E+02, 2.906968E+02
2024-06-29 10:45:15,1, 2.212237E+01, 2.897163E+02, 2.904657E+02, 2.635160E+00, 1.402998E-01, 3.003240E+02, 2.912012E+02, 2.906687E+02, 2.907366E+02, 2.906104E+02
2024-06-29 11:00:15,1, 5.096456E+01, 2.895701E+02, 2.903597E+02, 5.400715E+00, 1.323137E+00, 3.005040E+02, 2.912171E+02, 2.907378E+02, 2.906727E+02, 2.905567E+02
2024-06-29 11:15:15,1, 6.043019E+01, 2.898154E+02, 2.906054E+02, 6.119697E+00, 9.664602E+00, 3.007087E+02, 2.915218E+02, 2.910629E+02, 2.909730E+02, 2.908909E+02
2024-06-29 11:30:15,1, 6.987962E+01, 2.900608E+02, 2.908660E+02, 6.760167E+00, 1.250079E+01, 3.008721E+02, 2.917967E+02, 2.913537E+02, 2.912604E+02, 2.911894E+02
2024-06-29 11:45:15,1, 7.927240E+01, 2.903062E+02, 2.911255E+02, 7.326978E+00, 1.494033E+01, 3.010180E+02, 2.920683E+02, 2.916425E+02, 2.915458E+02, 2.914860E+02
2024-06-29 12:00:15,1, 1.003287E+02, 2.905505E+02, 2.913872E+02, 8.350003E+00, 1.736991E+01, 3.011613E+02, 2.923764E+02, 2.919987E+02, 2.918418E+02, 2.917959E+02
2024-06-29 12:15:15,1, 1.107041E+02, 2.907337E+02, 2.916396E+02, 8.789719E+00, 1.863063E+01, 3.012676E+02, 2.926653E+02, 2.923144E+02, 2.921557E+02, 2.921315E+02
2024-06-29 12:30:15,1, 1.208802E+02, 2.909170E+02, 2.918422E+02, 9.166915E+00, 2.018940E+01, 3.012767E+02, 2.928871E+02, 2.925646E+02, 2.923856E+02, 2.923732E+02
2024-06-29 12:45:15,1, 1.308135E+02, 2.911003E+02, 2.920414E+02, 9.499983E+00, 2.170406E+01, 3.012584E+02, 2.931027E+02, 2.928091E+02, 2.926094E+02, 2.926090E+02
2024-06-29 13:00:15,1, 1.716977E+02, 2.912846E+02, 2.922488E+02, 1.040460E+01, 2.355137E+01, 3.012453E+02, 2.934298E+02, 2.932414E+02, 2.928629E+02, 2.928822E+02
2024-06-29 13:15:15,1, 1.830919E+02, 2.915348E+02, 2.925933E+02, 1.070705E+01, 3.082662E+01, 3.012899E+02, 2.938284E+02, 2.936813E+02, 2.932996E+02, 2.933581E+02
2024-06-29 13:30:15,1, 1.940379E+02, 2.917850E+02, 2.928591E+02, 1.086445E+01, 3.321902E+01, 3.013145E+02, 2.941069E+02, 2.939972E+02, 2.935892E+02, 2.936607E+02
2024-06-29 13:45:15,1, 2.044889E+02, 2.920352E+02, 2.931221E+02, 1.098530E+01, 3.537738E+01, 3.013406E+02, 2.943815E+02, 2.943064E+02, 2.938738E+02, 2.939576E+02
2024-06-29 14:00:15,1, 1.802153E+02, 2.922836E+02, 2.933728E+02, 1.065459E+01, 3.712183E+01, 3.013745E+02, 2.945309E+02, 2.944069E+02, 2.941212E+02, 2.942076E+02
2024-06-29 14:15:15,1, 1.880570E+02, 2.924279E+02, 2.934547E+02, 1.076561E+01, 3.518039E+01, 3.013555E+02, 2.945911E+02, 2.944873E+02, 2.941558E+02, 2.942270E+02
2024-06-29 14:30:15,1, 1.953756E+02, 2.925723E+02, 2.936133E+02, 1.088580E+01, 3.638397E+01, 3.013573E+02, 2.947688E+02, 2.946898E+02, 2.943321E+02, 2.944127E+02
2024-06-29 14:45:15,1, 2.021400E+02, 2.927167E+02, 2.937719E+02, 1.097932E+01, 3.754914E+01, 3.013758E+02, 2.949452E+02, 2.948891E+02, 2.945080E+02, 2.945970E+02
2024-06-29 15:00:15,1, 2.652149E+02, 2.928613E+02, 2.939469E+02, 1.151014E+01, 3.899981E+01, 3.014108E+02, 2.953266E+02, 2.954215E+02, 2.947385E+02, 2.948496E+02
2024-06-29 15:15:15,1, 2.723079E+02, 2.930162E+02, 2.942746E+02, 1.154279E+01, 4.251317E+01, 3.015668E+02, 2.957426E+02, 2.958625E+02, 2.952055E+02, 2.953632E+02
2024-06-29 15:30:15,1, 2.785943E+02, 2.931711E+02, 2.944481E+02, 1.154061E+01, 4.313148E+01, 3.017184E+02, 2.959388E+02, 2.960725E+02, 2.953979E+02, 2.955606E+02
2024-06-29 15:45:15,1, 2.840471E+02, 2.933260E+02, 2.946168E+02, 1.156610E+01, 4.382187E+01, 3.018641E+02, 2.961253E+02, 2.962699E+02, 2.955817E+02, 2.957491E+02
2024-06-29 16:00:15,1, 2.067735E+02, 2.934788E+02, 2.947564E+02, 1.097114E+01, 4.388619E+01, 3.019956E+02, 2.960085E+02, 2.959745E+02, 2.956777E+02, 2.958283E+02
2024-06-29 16:15:15,1, 2.094380E+02, 2.935078E+02, 2.945969E+02, 1.107701E+01, 3.913527E+01, 3.020734E+02, 2.957740E+02, 2.957308E+02, 2.953619E+02, 2.954572E+02
2024-06-29 16:30:15,1, 2.114631E+02, 2.935368E+02, 2.946465E+02, 1.118391E+01, 3.968756E+01, 3.024463E+02, 2.958611E+02, 2.958096E+02, 2.954216E+02, 2.955162E+02
2024-06-29 16:45:15,1, 2.128402E+02, 2.935657E+02, 2.947057E+02, 1.124371E+01, 4.042336E+01, 3.029954E+02, 2.959669E+02, 2.958989E+02, 2.954951E+02, 2.955856E+02
2024-06-29 17:00:15,1, 1.931846E+02, 2.935963E+02, 2.947613E+02, 1.101800E+01, 4.110248E+01, 3.036161E+02, 2.960069E+02, 2.958700E+02, 2.955510E+02, 2.956305E+02
2024-06-29 17:15:15,1, 1.932445E+02, 2.937192E+02, 2.948327E+02, 1.106633E+01, 3.901932E+01, 3.041145E+02, 2.960812E+02, 2.959209E+02, 2.955818E+02, 2.956417E+02
2024-06-29 17:30:15,1, 1.927098E+02, 2.938420E+02, 2.949650E+02, 1.109397E+01, 3.998730E+01, 3.044681E+02, 2.962254E+02, 2.960507E+02, 2.957190E+02, 2.957756E+02
2024-06-29 17:45:15,1, 1.915828E+02, 2.939649E+02, 2.950926E+02, 1.109931E+01, 4.093171E+01, 3.047440E+02, 2.963574E+02, 2.961706E+02, 2.958486E+02, 2.959022E+02
2024-06-29 18:00:15,1, 1.211973E+02, 2.940828E+02, 2.951962E+02, 9.369811E+00, 4.101509E+01, 3.049733E+02, 2.962589E+02, 2.958922E+02, 2.959025E+02, 2.959353E+02
2024-06-29 18:15:15,1, 1.197326E+02, 2.939025E+02, 2.949037E+02, 9.444936E+00, 3.082762E+01, 3.050064E+02, 2.959192E+02, 2.955269E+02, 2.954806E+02, 2.954578E+02
2024-06-29 18:30:15,1, 1.179039E+02, 2.937223E+02, 2.947383E+02, 9.445589E+00, 2.871583E+01, 3.049834E+02, 2.957846E+02, 2.953904E+02, 2.953116E+02, 2.952854E+02
2024-06-29 18:45:15,1, 1.157190E+02, 2.935420E+02, 2.945736E+02, 9.410924E+00, 2.671107E+01, 3.049490E+02, 2.956490E+02, 2.952541E+02, 2.951432E+02, 2.951131E+02
2024-06-29 19:00:15,1, 1.040633E+02, 2.933661E+02, 2.944068E+02, 8.901455E+00, 2.461135E+01, 3.049154E+02, 2.954855E+02, 2.950715E+02, 2.949645E+02, 2.949276E+02
2024-06-29 19:15:15,1, 1.014267E+02, 2.934491E+02, 2.944404E+02, 8.788753E+00, 4.243939E+01, 3.049765E+02, 2.955205E+02, 2.951087E+02, 2.949466E+02, 2.949004E+02
2024-06-29 19:30:15,1, 9.849247E+01, 2.935320E+02, 2.945660E+02, 8.667481E+00, 9.440277E+01, 3.048925E+02, 2.956468E+02, 2.952477E+02, 2.950668E+02, 2.950209E+02
2024-06-29 19:45:15,1, 9.527319E+01, 2.936149E+02, 2.946464E+02, 8.498927E+00, 9.439229E+01, 3.049591E+02, 2.957276E+02, 2.953251E+02, 2.951428E+02, 2.950953E+02
2024-06-29 20:00:15,1, 1.367937E+02, 2.936986E+02, 2.947421E+02, 1.027950E+01, 9.400459E+01, 3.050893E+02, 2.959600E+02, 2.956494E+02, 2.952680E+02, 2.952296E+02
2024-06-29 20:15:15,1, 1.312093E+02, 2.938275E+02, 2.949737E+02, 1.010486E+01, 9.842589E+01, 3.053377E+02, 2.962306E+02, 2.959033E+02, 2.955925E+02, 2.955851E+02
2024-06-29 20:30:15,1, 1.252668E+02, 2.939563E+02, 2.950955E+02, 9.896872E+00, 9.771282E+01, 3.056001E+02, 2.963429E+02, 2.959899E+02, 2.957050E+02, 2.956891E+02
2024-06-29 20:45:15,1, 1.189916E+02, 2.940852E+02, 2.952146E+02, 9.654752E+00, 9.681384E+01, 3.058528E+02, 2.964514E+02, 2.960720E+02, 2.958124E+02, 2.957877E+02
2024-06-29 21:00:15,1, 9.987978E+01, 2.942135E+02, 2.953286E+02, 8.750987E+00, 9.549827E+01, 3.060923E+02, 2.965164E+02, 2.960825E+02, 2.959040E+02, 2.958667E+02
2024-06-29 21:15:15,1, 9.378571E+01, 2.943110E+02, 2.953752E+02, 8.428178E+00, 9.188511E+01, 3.060547E+02, 2.965107E+02, 2.960568E+02, 2.959038E+02, 2.958470E+02
2024-06-29 21:30:15,1, 8.747107E+01, 2.944086E+02, 2.954319E+02, 8.059357E+00, 8.599540E+01, 3.057994E+02, 2.965120E+02, 2.960509E+02, 2.959337E+02, 2.958715E+02
2024-06-29 21:45:15,1, 8.096288E+01, 2.945062E+02, 2.954858E+02, 7.649058E+00, 7.968202E+01, 3.055403E+02, 2.965088E+02, 2.960406E+02, 2.959589E+02, 2.958910E+02
2024-06-29 22:00:15,1, 8.397062E+01, 2.946030E+02, 2.955430E+02, 7.857319E+00, 7.410520E+01, 3.053296E+02, 2.965394E+02, 2.960819E+02, 2.959947E+02, 2.959227E+02
2024-06-29 22:15:15,1, 7.627205E+01, 2.946590E+02, 2.955958E+02, 7.336491E+00, 7.388663E+01, 3.051047E+02, 2.965547E+02, 2.960925E+02, 2.960461E+02, 2.959778E+02
2024-06-29 22:30:15,1, 6.845148E+01, 2.947149E+02, 2.956121E+02, 6.772072E+00, 6.874585E+01, 3.048345E+02, 2.965180E+02, 2.960524E+02, 2.960315E+02, 2.959572E+02
2024-06-29 22:45:15,1, 6.054241E+01, 2.947709E+02, 2.956273E+02, 6.155290E+00, 6.358786E+01, 3.045818E+02, 2.964809E+02, 2.960111E+02, 2.960143E+02, 2.959335E+02
2024-06-29 23:00:15,1, 8.063836E+01, 2.948272E+02, 2.956503E+02, 7.671031E+00, 5.944606E+01, 3.043634E+02, 2.965355E+02, 2.961187E+02, 2.960267E+02, 2.959467E+02
2024-06-29 23:15:15,1, 6.839318E+01, 2.949061E+02, 2.957462E+02, 6.767213E+00, 6.768799E+01, 3.041685E+02, 2.965785E+02, 2.961413E+02, 2.961496E+02, 2.960875E+02
2024-06-29 23:30:15,1, 5.616894E+01, 2.949851E+02, 2.957598E+02, 5.785901E+00, 6.379181E+01, 3.039280E+02, 2.964998E+02, 2.960399E+02, 2.961133E+02, 2.960378E+02
2024-06-29 23:45:15,1, 4.401800E+01, 2.950640E+02, 2.957699E+02, 4.706894E+00, 5.924524E+01, 3.036854E+02, 2.964201E+02, 2.959382E+02, 2.960711E+02, 2.959819E+02
2024-06-29 00:00:15,2, 4.155763E+01, 2.937207E+02, 2.943437E+02, 4.378213E+00, 3.927359E+01, 3.065791E+02, 2.947590E+02, 2.936079E+02, 2.948200E+02, 2.946418E+02
2024-06-29 00:15:15,2, 2.616621E+01, 2.934015E+02, 2.939428E+02, 2.961285E+00, 3.416872E+01, 3.060699E+02, 2.943413E+02, 2.931982E+02, 2.942644E+02, 2.940101E+02
2024-06-29 00:30:15,2, 1.107038E+01, 2.930822E+02, 2.936039E+02, 1.339647E+00, 2.710134E+01, 3.055863E+02, 2.940080E+02, 2.929086E+02, 2.938483E+02, 2.935696E+02
2024-06-29 00:45:15,2, 0.000000E+00, 2.927630E+02, 2.932536E+02, 0.000000E+00, 2.026020E+01, 3.051227E+02, 2.936059E+02, 2.925531E+02, 2.934456E+02, 2.931428E+02
2024-06-29 01:00:15,2, 0.000000E+00, 2.924474E+02, 2.929234E+02, 0.000000E+00, 1.870769E+01, 3.046923E+02, 2.932747E+02, 2.922386E+02, 2.931067E+02, 2.928083E+02
2024-06-29 01:15:15,2, 0.000000E+00, 2.923442E+02, 2.927571E+02, 0.000000E+00, 1.366621E+01, 3.043077E+02, 2.931348E+02, 2.921171E+02, 2.929238E+02, 2.926290E+02
2024-06-29 01:30:15,2, 0.000000E+00, 2.922410E+02, 2.926643E+02, 0.000000E+00, 1.380332E+01, 3.039629E+02, 2.930552E+02, 2.920816E+02, 2.928297E+02, 2.925476E+02
2024-06-29 01:45:15,2, 0.000000E+00, 2.921377E+02, 2.925813E+02, 0.000000E+00, 1.410420E+01, 3.036463E+02, 2.929839E+02, 2.920606E+02, 2.927481E+02, 2.924809E+02
2024-06-29 02:00:15,2, 0.000000E+00, 2.920362E+02, 2.924987E+02, 0.000000E+00, 1.375314E+01, 3.033534E+02, 2.929178E+02, 2.920347E+02, 2.926691E+02, 2.924139E+02
2024-06-29 02:15:15,2, 0.000000E+00, 2.920352E+02, 2.924714E+02, 0.000000E+00, 1.103123E+01, 3.030853E+02, 2.928890E+02, 2.920259E+02, 2.926337E+02, 2.923840E+02
2024-06-29 02:30:15,2, 0.000000E+00, 2.920342E+02, 2.924669E+02, 0.000000E+00, 1.073399E+01, 3.028376E+02, 2.928782E+02, 2.920445E+02, 2.926259E+02, 2.923847E+02
2024-06-29 02:45:15,2, 0.000000E+00, 2.920331E+02, 2.924656E+02, 0.000000E+00, 1.064693E+01, 3.026061E+02, 2.928717E+02, 2.920669E+02, 2.926225E+02, 2.923897E+02
2024-06-29 03:00:15,2, 0.000000E+00, 2.920332E+02, 2.924657E+02, 0.000000E+00, 1.051930E+01, 3.023892E+02, 2.928679E+02, 2.920909E+02, 2.926209E+02, 2.923962E+02
2024-06-29 03:15:15,2, 0.000000E+00, 2.921019E+02, 2.925061E+02, 0.000000E+00, 8.594930E+00, 3.021879E+02, 2.929025E+02, 2.921506E+02, 2.926531E+02, 2.924351E+02
2024-06-29 03:30:15,2, 0.000000E+00, 2.921705E+02, 2.925678E+02, 0.000000E+00, 8.281467E+00, 3.020007E+02, 2.929559E+02, 2.922330E+02, 2.927114E+02, 2.925017E+02
2024-06-29 03:45:15,2, 0.000000E+00, 2.922391E+02, 2.926328E+02, 0.000000E+00, 8.209437E+00, 3.018257E+02, 2.930131E+02, 2.923185E+02, 2.927738E+02, 2.925723E+02
2024-06-29 04:00:15,2, 0.000000E+00, 2.923068E+02, 2.926988E+02, 0.000000E+00, 8.066349E+00, 3.016616E+02, 2.930723E+02, 2.924052E+02, 2.928377E+02, 2.926441E+02
2024-06-29 04:15:15,2, 0.000000E+00, 2.923262E+02, 2.927347E+02, 0.000000E+00, 3.861872E+00, 3.015046E+02, 2.930976E+02, 2.924570E+02, 2.928746E+02, 2.926892E+02
2024-06-29 04:30:15,2, 0.000000E+00, 2.923455E+02, 2.927531E+02, 0.000000E+00, 2.681272E+00, 3.013528E+02, 2.931102E+02, 2.924928E+02, 2.928909E+02, 2.927124E+02
2024-06-29 04:45:15,2, 0.000000E+00, 2.923648E+02, 2.927696E+02, 0.000000E+00, 2.285858E+00, 3.012067E+02, 2.931221E+02, 2.925266E+02, 2.929048E+02, 2.927328E+02
2024-06-29 05:00:15,2, 0.000000E+00, 2.923823E+02, 2.927860E+02, 0.000000E+00, 1.977579E+00, 3.010660E+02, 2.931347E+02, 2.925601E+02, 2.929189E+02, 2.927531E+02
2024-06-29 05:15:15,2, 0.000000E+00, 2.922866E+02, 2.927346E+02, 0.000000E+00,-1.071419E+00, 3.009284E+02, 2.930867E+02, 2.925278E+02, 2.928763E+02, 2.927159E+02
2024-06-29 05:30:15,2, 0.000000E+00, 2.921910E+02, 2.926504E+02, 0.000000E+00,-1.878826E+00, 3.008007E+02, 2.930125E+02, 2.924656E+02, 2.927940E+02, 2.926374E+02
2024-06-29 05:45:15,2, 0.000000E+00, 2.920953E+02, 2.925636E+02, 0.000000E+00,-2.290127E+00, 3.006802E+02, 2.929368E+02, 2.924012E+02, 2.927083E+02, 2.925552E+02
2024-06-29 06:00:15,2, 0.000000E+00, 2.919980E+02, 2.924753E+02, 0.000000E+00,-2.518262E+00, 3.005640E+02, 2.928591E+02, 2.923356E+02, 2.926210E+02, 2.924717E+02
2024-06-29 06:15:15,2, 0.000000E+00, 2.918023E+02, 2.923192E+02, 0.000000E+00, 5.034365E-01, 3.004508E+02, 2.927192E+02, 2.921979E+02, 2.924765E+02, 2.923288E+02
2024-06-29 06:30:15,2, 0.000000E+00, 2.916067E+02, 2.921391E+02, 0.000000E+00, 5.966947E-01, 3.003486E+02, 2.925591E+02, 2.920380E+02, 2.923008E+02, 2.921535E+02
2024-06-29 06:45:15,2, 0.000000E+00, 2.914110E+02, 2.919584E+02, 0.000000E+00, 3.130795E-01, 3.002531E+02, 2.923991E+02, 2.918779E+02, 2.921242E+02, 2.919771E+02
2024-06-29 07:00:15,2, 0.000000E+00, 2.912172E+02, 2.917779E+02, 0.000000E+00, 2.816941E-02, 3.001615E+02, 2.922397E+02, 2.917184E+02, 2.919479E+02, 2.918010E+02
2024-06-29 07:15:15,2, 0.000000E+00, 2.911333E+02, 2.916683E+02, 0.000000E+00, 7.051987E-01, 3.000773E+02, 2.921367E+02, 2.916168E+02, 2.918298E+02, 2.916829E+02
2024-06-29 07:30:15,2, 0.000000E+00, 2.910495E+02, 2.915854E+02, 0.000000E+00, 5.837208E-01, 3.000213E+02, 2.920589E+02, 2.915401E+02, 2.917462E+02, 2.915998E+02
2024-06-29 07:45:15,2, 0.000000E+00, 2.909657E+02, 2.915049E+02, 0.000000E+00, 3.777544E-01, 2.999828E+02, 2.919847E+02, 2.914664E+02, 2.916662E+02, 2.915201E+02
2024-06-29 08:00:15,2, 0.000000E+00, 2.908815E+02, 2.914253E+02, 0.000000E+00, 1.732698E-01, 2.999547E+02, 2.919122E+02, 2.913938E+02, 2.915873E+02, 2.914414E+02
2024-06-29 08:15:15,2, 0.000000E+00, 2.907763E+02, 2.913312E+02, 0.000000E+00, 5.643201E-02, 2.999310E+02, 2.918264E+02, 2.913062E+02, 2.914963E+02, 2.913502E+02
2024-06-29 08:30:15,2, 0.000000E+00, 2.906712E+02, 2.912320E+02, 0.000000E+00,-1.470320E-01, 2.999072E+02, 2.917361E+02, 2.912139E+02, 2.913985E+02, 2.912521E+02
2024-06-29 08:45:15,2, 0.000000E+00, 2.905660E+02, 2.911324E+02, 0.000000E+00,-3.587564E-01, 2.998818E+02, 2.916453E+02, 2.911212E+02, 2.913002E+02, 2.911535E+02
2024-06-29 09:00:15,2, 0.000000E+00, 2.904614E+02, 2.910328E+02, 0.000000E+00,-4.984022E-01, 2.998536E+02, 2.915543E+02, 2.910284E+02, 2.912018E+02, 2.910548E+02
2024-06-29 09:15:15,2, 0.000000E+00, 2.903901E+02, 2.909588E+02, 0.000000E+00, 1.022717E+00, 2.998358E+02, 2.914923E+02, 2.909678E+02, 2.911266E+02, 2.909796E+02
2024-06-29 09:30:15,2, 0.000000E+00, 2.903188E+02, 2.908961E+02, 0.000000E+00, 1.069606E+00, 2.998520E+02, 2.914429E+02, 2.909184E+02, 2.910663E+02, 2.909190E+02
2024-06-29 09:45:15,2, 0.000000E+00, 2.902474E+02, 2.908349E+02, 0.000000E+00, 9.747511E-01, 2.998854E+02, 2.913969E+02, 2.908715E+02, 2.910088E+02, 2.908612E+02
2024-06-29 10:00:15,2, 7.324646E+00, 2.901748E+02, 2.907764E+02, 9.230744E-01, 7.712698E-01, 2.999254E+02, 2.913799E+02, 2.908603E+02, 2.909590E+02, 2.908129E+02
2024-06-29 10:15:15,2, 1.218722E+01, 2.900219E+02, 2.906973E+02, 1.502931E+00,-1.635957E+00, 3.000089E+02, 2.913506E+02, 2.908283E+02, 2.909238E+02, 2.907923E+02
2024-06-29 10:30:15,2, 1.712685E+01, 2.898691E+02, 2.905806E+02, 2.075787E+00,-7.671118E-01, 3.001536E+02, 2.912813E+02, 2.907590E+02, 2.908316E+02, 2.907044E+02
2024-06-29 10:45:15,2, 2.212237E+01, 2.897163E+02, 2.904659E+02, 2.637199E+00, 1.488832E-01, 3.003254E+02, 2.912199E+02, 2.906994E+02, 2.907412E+02, 2.906175E+02
2024-06-29 11:00:15,2, 5.096456E+01, 2.895701E+02, 2.903599E+02, 5.411380E+00, 1.333474E+00, 3.005054E+02, 2.912329E+02, 2.907613E+02, 2.906767E+02, 2.905625E+02
2024-06-29 11:15:15,2, 6.043019E+01, 2.898154E+02, 2.906056E+02, 6.133214E+00, 9.682630E+00, 3.007100E+02, 2.915360E+02, 2.910828E+02, 2.909756E+02, 2.908937E+02
2024-06-29 11:30:15,2, 6.987962E+01, 2.900608E+02, 2.908663E+02, 6.776192E+00, 1.252290E+01, 3.008733E+02, 2.918099E+02, 2.913712E+02, 2.912625E+02, 2.911914E+02
2024-06-29 11:45:15,2, 7.927240E+01, 2.903062E+02, 2.911257E+02, 7.344520E+00, 1.496549E+01, 3.010192E+02, 2.920805E+02, 2.916576E+02, 2.915475E+02, 2.914871E+02
2024-06-29 12:00:15,2, 1.003287E+02, 2.905505E+02, 2.913874E+02, 8.366420E+00, 1.739685E+01, 3.011625E+02, 2.923861E+02, 2.920083E+02, 2.918428E+02, 2.917957E+02
2024-06-29 12:15:15,2, 1.107041E+02, 2.907337E+02, 2.916399E+02, 8.804236E+00, 1.865589E+01, 3.012687E+02, 2.926736E+02, 2.923210E+02, 2.921560E+02, 2.921298E+02
2024-06-29 12:30:15,2, 1.208802E+02, 2.909170E+02, 2.918426E+02, 9.179177E+00, 2.021245E+01, 3.012777E+02, 2.928940E+02, 2.925685E+02, 2.923855E+02, 2.923707E+02
2024-06-29 12:45:15,2, 1.308135E+02, 2.911003E+02, 2.920417E+02, 9.510137E+00, 2.172509E+01, 3.012594E+02, 2.931083E+02, 2.928104E+02, 2.926088E+02, 2.926055E+02
2024-06-29 13:00:15,2, 1.716977E+02, 2.912846E+02, 2.922492E+02, 1.040891E+01, 2.357033E+01, 3.012462E+02, 2.934308E+02, 2.932336E+02, 2.928614E+02, 2.928767E+02
2024-06-29 13:15:15,2, 1.830919E+02, 2.915348E+02, 2.925937E+02, 1.071663E+01, 3.084634E+01, 3.012907E+02, 2.938270E+02, 2.936690E+02, 2.932967E+02, 2.933497E+02
2024-06-29 13:30:15,2, 1.940379E+02, 2.917850E+02, 2.928596E+02, 1.086568E+01, 3.323844E+01, 3.013153E+02, 2.941040E+02, 2.939816E+02, 2.935858E+02, 2.936513E+02
2024-06-29 13:45:15,2, 2.044889E+02, 2.920352E+02, 2.931226E+02, 1.098845E+01, 3.539546E+01, 3.013413E+02, 2.943768E+02, 2.942879E+02, 2.938700E+02, 2.939473E+02
2024-06-29 14:00:15,2, 1.802153E+02, 2.922836E+02, 2.933733E+02, 1.065820E+01, 3.714283E+01, 3.013751E+02, 2.945282E+02, 2.943924E+02, 2.941175E+02, 2.941978E+02
2024-06-29 14:15:15,2, 1.880570E+02, 2.924279E+02, 2.934552E+02, 1.076862E+01, 3.519907E+01, 3.013560E+02, 2.945877E+02, 2.944715E+02, 2.941526E+02, 2.942182E+02
2024-06-29 14:30:15,2, 1.953756E+02, 2.925723E+02, 2.936137E+02, 1.088871E+01, 3.640331E+01, 3.013578E+02, 2.947643E+02, 2.946718E+02, 2.943285E+02, 2.944032E+02
2024-06-29 14:45:15,2, 2.021400E+02, 2.927167E+02, 2.937724E+02, 1.098221E+01, 3.756940E+01, 3.013763E+02, 2.949397E+02, 2.948691E+02, 2.945040E+02, 2.945868E+02
2024-06-29 15:00:15,2, 2.652149E+02, 2.928613E+02, 2.939474E+02, 1.151458E+01, 3.902167E+01, 3.014112E+02, 2.953149E+02, 2.953887E+02, 2.947333E+02, 2.948366E+02
2024-06-29 15:15:15,2, 2.723079E+02, 2.930162E+02, 2.942751E+02, 1.154732E+01, 4.254378E+01, 3.015671E+02, 2.957292E+02, 2.958269E+02, 2.951987E+02, 2.953469E+02
2024-06-29 15:30:15,2, 2.785943E+02, 2.931711E+02, 2.944486E+02, 1.154515E+01, 4.316287E+01, 3.017186E+02, 2.959248E+02, 2.960357E+02, 2.953909E+02, 2.955439E+02
2024-06-29 15:45:15,2, 2.840471E+02, 2.933260E+02, 2.946173E+02, 1.157065E+01, 4.385385E+01, 3.018642E+02, 2.961108E+02, 2.962320E+02, 2.955746E+02, 2.957319E+02
2024-06-29 16:00:15,2, 2.067735E+02, 2.934788E+02, 2.947570E+02, 1.097392E+01, 4.391774E+01, 3.019957E+02, 2.960012E+02, 2.959516E+02, 2.956718E+02, 2.958140E+02
2024-06-29 16:15:15,2, 2.094380E+02, 2.935078E+02, 2.945973E+02, 1.107960E+01, 3.915619E+01, 3.020734E+02, 2.957678E+02, 2.957095E+02, 2.953578E+02, 2.954467E+02
2024-06-29 16:30:15,2, 2.114631E+02, 2.935368E+02, 2.946470E+02, 1.118659E+01, 3.970846E+01, 3.024463E+02, 2.958551E+02, 2.957885E+02, 2.954175E+02, 2.955056E+02
2024-06-29 16:45:15,2, 2.128402E+02, 2.935657E+02, 2.947062E+02, 1.124642E+01, 4.044420E+01, 3.029954E+02, 2.959614E+02, 2.958784E+02, 2.954911E+02, 2.955751E+02
2024-06-29 17:00:15,2, 1.931846E+02, 2.935963E+02, 2.947618E+02, 1.102105E+01, 4.112290E+01, 3.036160E+02, 2.960041E+02, 2.958545E+02, 2.955476E+02, 2.956211E+02
2024-06-29 17:15:15,2, 1.932445E+02, 2.937192E+02, 2.948331E+02, 1.106926E+01, 3.903737E+01, 3.041145E+02, 2.960794E+02, 2.959069E+02, 2.955789E+02, 2.956334E+02
2024-06-29 17:30:15,2, 1.927098E+02, 2.938420E+02, 2.949654E+02, 1.109698E+01, 4.000501E+01, 3.044681E+02, 2.962240E+02, 2.960374E+02, 2.957163E+02, 2.957676E+02
2024-06-29 17:45:15,2, 1.915828E+02, 2.939649E+02, 2.950931E+02, 1.110241E+01, 4.094905E+01, 3.047440E+02, 2.963565E+02, 2.961580E+02, 2.958460E+02, 2.958944E+02
2024-06-29 18:00:15,2, 1.211973E+02, 2.940828E+02, 2.951966E+02, 9.387970E+00, 4.103492E+01, 3.049733E+02, 2.962659E+02, 2.958955E+02, 2.959013E+02, 2.959303E+02
2024-06-29 18:15:15,2, 1.197326E+02, 2.939025E+02, 2.949039E+02, 9.463566E+00, 3.086269E+01, 3.050064E+02, 2.959280E+02, 2.955335E+02, 2.954811E+02, 2.954566E+02
2024-06-29 18:30:15,2, 1.179039E+02, 2.937223E+02, 2.947386E+02, 9.467040E+00, 2.875045E+01, 3.049835E+02, 2.957937E+02, 2.953978E+02, 2.953122E+02, 2.952844E+02
2024-06-29 18:45:15,2, 1.157190E+02, 2.935420E+02, 2.945739E+02, 9.430779E+00, 2.674874E+01, 3.049491E+02, 2.956584E+02, 2.952627E+02, 2.951439E+02, 2.951123E+02
2024-06-29 19:00:15,2, 1.040633E+02, 2.933661E+02, 2.944071E+02, 8.922058E+00, 2.463959E+01, 3.049156E+02, 2.954961E+02, 2.950829E+02, 2.949656E+02, 2.949274E+02
2024-06-29 19:15:15,2, 1.014267E+02, 2.934491E+02, 2.944406E+02, 8.809422E+00, 4.240702E+01, 3.049768E+02, 2.955313E+02, 2.951206E+02, 2.949478E+02, 2.949004E+02
2024-06-29 19:30:15,2, 9.849247E+01, 2.935320E+02, 2.945663E+02, 8.688084E+00, 9.440991E+01, 3.048930E+02, 2.956574E+02, 2.952596E+02, 2.950680E+02, 2.950210E+02
2024-06-29 19:45:15,2, 9.527319E+01, 2.936149E+02, 2.946467E+02, 8.519157E+00, 9.440524E+01, 3.049597E+02, 2.957385E+02, 2.953374E+02, 2.951441E+02, 2.950956E+02
2024-06-29 20:00:15,2, 1.367937E+02, 2.936986E+02, 2.947424E+02, 1.029552E+01, 9.401729E+01, 3.050899E+02, 2.959667E+02, 2.956524E+02, 2.952685E+02, 2.952282E+02
2024-06-29 20:15:15,2, 1.312093E+02, 2.938275E+02, 2.949741E+02, 1.012299E+01, 9.844033E+01, 3.053382E+02, 2.962373E+02, 2.959063E+02, 2.955922E+02, 2.955819E+02
2024-06-29 20:30:15,2, 1.252668E+02, 2.939563E+02, 2.950959E+02, 9.916509E+00, 9.772808E+01, 3.056006E+02, 2.963507E+02, 2.959949E+02, 2.957050E+02, 2.956865E+02
2024-06-29 20:45:15,2, 1.189916E+02, 2.940852E+02, 2.952150E+02, 9.675564E+00, 9.682984E+01, 3.058534E+02, 2.964603E+02, 2.960791E+02, 2.958127E+02, 2.957858E+02
2024-06-29 21:00:15,2, 9.987978E+01, 2.942135E+02, 2.953289E+02, 8.771733E+00, 9.551476E+01, 3.060929E+02, 2.965277E+02, 2.960950E+02, 2.959049E+02, 2.958660E+02
2024-06-29 21:15:15,2, 9.378571E+01, 2.943110E+02, 2.953755E+02, 8.448105E+00, 9.190028E+01, 3.060553E+02, 2.965232E+02, 2.960720E+02, 2.959054E+02, 2.958477E+02
2024-06-29 21:30:15,2, 8.747107E+01, 2.944086E+02, 2.954322E+02, 8.077814E+00, 8.601002E+01, 3.058001E+02, 2.965252E+02, 2.960677E+02, 2.959356E+02, 2.958728E+02
2024-06-29 21:45:15,2, 8.096288E+01, 2.945062E+02, 2.954861E+02, 7.665644E+00, 7.969567E+01, 3.055410E+02, 2.965226E+02, 2.960591E+02, 2.959610E+02, 2.958929E+02
2024-06-29 22:00:15,2, 8.397062E+01, 2.946030E+02, 2.955433E+02, 7.874924E+00, 7.411769E+01, 3.053303E+02, 2.965530E+02, 2.961000E+02, 2.959969E+02, 2.959249E+02
2024-06-29 22:15:15,2, 7.627205E+01, 2.946590E+02, 2.955961E+02, 7.351546E+00, 7.389955E+01, 3.051054E+02, 2.965686E+02, 2.961117E+02, 2.960484E+02, 2.959800E+02
2024-06-29 22:30:15,2, 6.845148E+01, 2.947149E+02, 2.956124E+02, 6.784515E+00, 6.875768E+01, 3.048352E+02, 2.965324E+02, 2.960730E+02, 2.960339E+02, 2.959599E+02
2024-06-29 22:45:15,2, 6.054241E+01, 2.947709E+02, 2.956275E+02, 6.165134E+00, 6.359843E+01, 3.045825E+02, 2.964958E+02, 2.960332E+02, 2.960171E+02, 2.959369E+02
2024-06-29 23:00:15,2, 8.063836E+01, 2.948272E+02, 2.956505E+02, 7.688050E+00, 5.945554E+01, 3.043641E+02, 2.965482E+02, 2.961358E+02, 2.960292E+02, 2.959495E+02
2024-06-29 23:15:15,2, 6.839318E+01, 2.949061E+02, 2.957464E+02, 6.779845E+00, 6.769989E+01, 3.041692E+02, 2.965919E+02, 2.961603E+02, 2.961516E+02, 2.960894E+02
2024-06-29 23:30:15,2, 5.616894E+01, 2.949851E+02, 2.957600E+02, 5.794611E+00, 6.380291E+01, 3.039288E+02, 2.965147E+02, 2.960623E+02, 2.961158E+02, 2.960409E+02
2024-06-29 23:45:15,2, 4.401800E+01, 2.950640E+02, 2.957701E+02, 4.712283E+00, 5.925522E+01, 3.036862E+02, 2.964364E+02, 2.959640E+02, 2.960742E+02, 2.959861E+02
2024-06-30 00:00:15,1, 2.790912E+01, 2.951408E+02, 2.957670E+02, 3.124744E+00, 4.642021E+01, 3.034889E+02, 2.963243E+02, 2.958084E+02, 2.960166E+02, 2.959116E+02
2024-06-30 00:15:15,1, 1.754942E+01, 2.950927E+02, 2.956763E+02, 2.027425E+00, 2.252061E+01, 3.034006E+02, 2.961878E+02, 2.956457E+02, 2.958835E+02, 2.957574E+02
2024-06-30 00:30:15,1, 7.388037E+00, 2.950445E+02, 2.955899E+02, 8.874241E-01, 1.341953E+01, 3.032952E+02, 2.960601E+02, 2.955077E+02, 2.957584E+02, 2.956130E+02
2024-06-30 00:45:15,1, 0.000000E+00, 2.949963E+02, 2.954950E+02, 0.000000E+00, 9.724972E+00, 3.031710E+02, 2.959162E+02, 2.953472E+02, 2.956327E+02, 2.954722E+02
2024-06-30 01:00:15,1, 0.000000E+00, 2.949484E+02, 2.954357E+02, 0.000000E+00, 8.504979E+00, 3.030485E+02, 2.958559E+02, 2.952898E+02, 2.955687E+02, 2.954085E+02
2024-06-30 01:15:15,1, 0.000000E+00, 2.949139E+02, 2.953840E+02, 0.000000E+00, 7.554256E+00, 3.029078E+02, 2.957839E+02, 2.952108E+02, 2.955117E+02, 2.953498E+02
2024-06-30 01:30:15,1, 0.000000E+00, 2.948795E+02, 2.953314E+02, 0.000000E+00, 6.698107E+00, 3.027381E+02, 2.957094E+02, 2.951279E+02, 2.954529E+02, 2.952887E+02
2024-06-30 01:45:15,1, 0.000000E+00, 2.948451E+02, 2.952765E+02, 0.000000E+00, 6.207188E+00, 3.025641E+02, 2.956313E+02, 2.950432E+02, 2.953922E+02, 2.952260E+02
2024-06-30 02:00:15,1, 0.000000E+00, 2.948111E+02, 2.952198E+02, 0.000000E+00, 5.757077E+00, 3.023947E+02, 2.955519E+02, 2.949566E+02, 2.953292E+02, 2.951609E+02
2024-06-30 02:15:15,1, 0.000000E+00, 2.948079E+02, 2.951865E+02, 0.000000E+00, 4.088506E+00, 3.022330E+02, 2.955049E+02, 2.949100E+02, 2.952878E+02, 2.951191E+02
2024-06-30 02:30:15,1, 0.000000E+00, 2.948047E+02, 2.951652E+02, 0.000000E+00, 3.573199E+00, 3.020795E+02, 2.954686E+02, 2.948757E+02, 2.952616E+02, 2.950934E+02
2024-06-30 02:45:15,1, 0.000000E+00, 2.948015E+02, 2.951452E+02, 0.000000E+00, 3.308332E+00, 3.019347E+02, 2.954342E+02, 2.948431E+02, 2.952374E+02, 2.950697E+02
2024-06-30 03:00:15,1, 0.000000E+00, 2.947985E+02, 2.951256E+02, 0.000000E+00, 3.108935E+00, 3.017984E+02, 2.954008E+02, 2.948110E+02, 2.952138E+02, 2.950464E+02
2024-06-30 03:15:15,1, 0.000000E+00, 2.948060E+02, 2.951126E+02, 0.000000E+00, 2.580310E+00, 3.016710E+02, 2.953762E+02, 2.947872E+02, 2.951962E+02, 2.950290E+02
2024-06-30 03:30:15,1, 0.000000E+00, 2.948135E+02, 2.951037E+02, 0.000000E+00, 2.351254E+00, 3.015525E+02, 2.953559E+02, 2.947677E+02, 2.951839E+02, 2.950167E+02
2024-06-30 03:45:15,1, 0.000000E+00, 2.948210E+02, 2.950956E+02, 0.000000E+00, 2.205762E+00, 3.014412E+02, 2.953368E+02, 2.947491E+02, 2.951726E+02, 2.950055E+02
2024-06-30 04:00:15,1, 0.000000E+00, 2.948282E+02, 2.950875E+02, 0.000000E+00, 2.094178E+00, 3.013362E+02, 2.953182E+02, 2.947305E+02, 2.951615E+02, 2.949943E+02
2024-06-30 04:15:15,1, 0.000000E+00, 2.948223E+02, 2.950715E+02, 0.000000E+00, 2.139620E+00, 3.012355E+02, 2.952897E+02, 2.947016E+02, 2.951435E+02, 2.949763E+02
2024-06-30 04:30:15,1, 0.000000E+00, 2.948163E+02, 2.950494E+02, 0.000000E+00, 2.073419E+00, 3.011379E+02, 2.952565E+02, 2.946663E+02, 2.951187E+02, 2.949508E+02
2024-06-30 04:45:15,1, 0.000000E+00, 2.948104E+02, 2.950252E+02, 0.000000E+00, 1.979838E+00, 3.010438E+02, 2.952218E+02, 2.946290E+02, 2.950916E+02, 2.949229E+02
2024-06-30 05:00:15,1, 0.000000E+00, 2.948043E+02, 2.949997E+02, 0.000000E+00, 1.882460E+00, 3.009532E+02, 2.951865E+02, 2.945905E+02, 2.950634E+02, 2.948937E+02
2024-06-30 05:15:15,1, 0.000000E+00, 2.947892E+02, 2.949726E+02, 0.000000E+00, 1.887132E+00, 3.008640E+02, 2.951537E+02, 2.945550E+02, 2.950348E+02, 2.948641E+02
2024-06-30 05:30:15,1, 0.000000E+00, 2.947741E+02, 2.949441E+02, 0.000000E+00, 1.827149E+00, 3.007751E+02, 2.951199E+02, 2.945178E+02, 2.950049E+02, 2.948331E+02
2024-06-30 05:45:15,1, 0.000000E+00, 2.947589E+02, 2.949144E+02, 0.000000E+00, 1.739813E+00, 3.006882E+02, 2.950846E+02, 2.944790E+02, 2.949737E+02, 2.948008E+02
2024-06-30 06:00:15,1, 0.000000E+00, 2.947470E+02, 2.948835E+02, 0.000000E+00, 1.548079E+00, 3.006042E+02, 2.950483E+02, 2.944398E+02, 2.949411E+02, 2.947672E+02
2024-06-30 06:15:15,1, 0.000000E+00, 2.949212E+02, 2.949396E+02, 0.000000E+00,-1.411347E+00, 3.005328E+02, 2.951589E+02, 2.945903E+02, 2.949912E+02, 2.948255E+02
2024-06-30 06:30:15,1, 0.000000E+00, 2.950954E+02, 2.951076E+02, 0.000000E+00,-3.413126E+00, 3.004771E+02, 2.953670E+02, 2.948546E+02, 2.951582E+02, 2.950076E+02
2024-06-30 06:45:15,1, 0.000000E+00, 2.952697E+02, 2.953457E+02, 0.000000E+00,-5.788822E+00, 3.004328E+02, 2.956242E+02, 2.951779E+02, 2.953963E+02, 2.952644E+02
2024-06-30 07:00:15,1, 0.000000E+00, 2.954415E+02, 2.956069E+02, 0.000000E+00,-7.414188E+00, 3.003981E+02, 2.958955E+02, 2.955149E+02, 2.956621E+02, 2.955495E+02
2024-06-30 07:15:15,1, 0.000000E+00, 2.954701E+02, 2.957567E+02, 0.000000E+00,-2.556901E+00, 3.003660E+02, 2.960202E+02, 2.956546E+02, 2.958271E+02, 2.957220E+02
2024-06-30 07:30:15,1, 0.000000E+00, 2.954987E+02, 2.958116E+02, 0.000000E+00, 2.759054E-02, 3.003329E+02, 2.960709E+02, 2.957097E+02, 2.958875E+02, 2.957840E+02
2024-06-30 07:45:15,1, 0.000000E+00, 2.955274E+02, 2.958482E+02, 0.000000E+00, 8.675692E-01, 3.003004E+02, 2.961075E+02, 2.957484E+02, 2.959256E+02, 2.958225E+02
2024-06-30 08:00:15,1, 0.000000E+00, 2.955545E+02, 2.958825E+02, 0.000000E+00, 1.181088E+00, 3.002691E+02, 2.961420E+02, 2.957842E+02, 2.959605E+02, 2.958576E+02
2024-06-30 08:15:15,1, 0.000000E+00, 2.954957E+02, 2.958500E+02, 0.000000E+00, 3.256255E+00, 3.002368E+02, 2.960793E+02, 2.956998E+02, 2.959330E+02, 2.958256E+02
2024-06-30 08:30:15,1, 0.000000E+00, 2.954369E+02, 2.957759E+02, 0.000000E+00, 3.658193E+00, 3.002027E+02, 2.959826E+02, 2.955752E+02, 2.958553E+02, 2.957398E+02
2024-06-30 08:45:15,1, 0.000000E+00, 2.953781E+02, 2.956943E+02, 0.000000E+00, 3.568742E+00, 3.001664E+02, 2.958793E+02, 2.954406E+02, 2.957686E+02, 2.956441E+02
2024-06-30 09:00:15,1, 0.000000E+00, 2.953194E+02, 2.956087E+02, 0.000000E+00, 3.287541E+00, 3.001276E+02, 2.957679E+02, 2.952985E+02, 2.956766E+02, 2.955432E+02
2024-06-30 09:15:15,1, 0.000000E+00, 2.952654E+02, 2.955400E+02, 0.000000E+00, 3.448675E+00, 3.000883E+02, 2.957039E+02, 2.952285E+02, 2.956041E+02, 2.954680E+02
2024-06-30 09:30:15,1, 0.000000E+00, 2.952114E+02, 2.954883E+02, 0.000000E+00, 3.615852E+00, 3.000496E+02, 2.956545E+02, 2.951751E+02, 2.955513E+02, 2.954141E+02
2024-06-30 09:45:15,1, 0.000000E+00, 2.951574E+02, 2.954422E+02, 0.000000E+00, 3.718383E+00, 3.000111E+02, 2.956097E+02, 2.951267E+02, 2.955048E+02, 2.953666E+02
2024-06-30 10:00:15,1, 2.222806E+01, 2.951047E+02, 2.954039E+02, 2.613144E+00, 3.792580E+00, 2.999745E+02, 2.956669E+02, 2.952414E+02, 2.954850E+02, 2.953534E+02
2024-06-30 10:15:15,1, 3.730692E+01, 2.951266E+02, 2.955793E+02, 4.144136E+00, 1.103749E+01, 2.999908E+02, 2.959646E+02, 2.956213E+02, 2.957843E+02, 2.957347E+02
2024-06-30 10:30:15,1, 5.262567E+01, 2.951485E+02, 2.956683E+02, 5.528079E+00, 1.402813E+01, 3.000238E+02, 2.961162E+02, 2.958183E+02, 2.959412E+02, 2.959203E+02
2024-06-30 10:45:15,1, 6.811870E+01, 2.951704E+02, 2.957494E+02, 6.760465E+00, 1.740086E+01, 3.000743E+02, 2.962645E+02, 2.960057E+02, 2.960847E+02, 2.960892E+02
2024-06-30 11:00:15,1, 9.584282E+01, 2.951920E+02, 2.958322E+02, 8.555503E+00, 2.109591E+01, 3.001408E+02, 2.964557E+02, 2.962659E+02, 2.962380E+02, 2.962697E+02
2024-06-30 11:15:15,1, 1.137500E+02, 2.951981E+02, 2.959433E+02, 9.439043E+00, 2.388084E+01, 3.002688E+02, 2.966620E+02, 2.965020E+02, 2.964573E+02, 2.965260E+02
2024-06-30 11:30:15,1, 1.316276E+02, 2.952042E+02, 2.960130E+02, 1.016642E+01, 2.667574E+01, 3.004521E+02, 2.968196E+02, 2.966885E+02, 2.966022E+02, 2.966893E+02
2024-06-30 11:45:15,1, 1.493990E+02, 2.952103E+02, 2.960806E+02, 1.075662E+01, 2.954662E+01, 3.006676E+02, 2.969819E+02, 2.968791E+02, 2.967458E+02, 2.968506E+02
2024-06-30 12:00:15,1, 2.240889E+02, 2.952189E+02, 2.961620E+02, 1.219941E+01, 3.250156E+01, 3.009051E+02, 2.973695E+02, 2.974458E+02, 2.969500E+02, 2.970882E+02
2024-06-30 12:15:15,1, 2.473469E+02, 2.953695E+02, 2.965102E+02, 1.232134E+01, 3.820345E+01, 3.012689E+02, 2.979114E+02, 2.980416E+02, 2.975399E+02, 2.977549E+02
2024-06-30 12:30:15,1, 2.701598E+02, 2.955201E+02, 2.967245E+02, 1.234862E+01, 4.085145E+01, 3.016396E+02, 2.982318E+02, 2.983949E+02, 2.978396E+02, 2.980681E+02
2024-06-30 12:45:15,1, 2.924297E+02, 2.956707E+02, 2.969339E+02, 1.237172E+01, 4.359766E+01, 3.020125E+02, 2.985447E+02, 2.987382E+02, 2.981287E+02, 2.983708E+02
2024-06-30 13:00:15,1, 3.446897E+02, 2.958187E+02, 2.971476E+02, 1.249913E+01, 4.679183E+01, 3.023877E+02, 2.989660E+02, 2.992466E+02, 2.984428E+02, 2.987023E+02
2024-06-30 13:15:15,1, 3.676288E+02, 2.958118E+02, 2.973136E+02, 1.237412E+01, 5.723598E+01, 3.027962E+02, 2.993080E+02, 2.996258E+02, 2.987691E+02, 2.990557E+02
2024-06-30 13:30:15,1, 3.896674E+02, 2.958050E+02, 2.973841E+02, 1.229252E+01, 5.940783E+01, 3.031464E+02, 2.995000E+02, 2.998532E+02, 2.988968E+02, 2.991903E+02
2024-06-30 13:45:15,1, 4.107113E+02, 2.957982E+02, 2.974486E+02, 1.222550E+01, 6.130288E+01, 3.034689E+02, 2.996783E+02, 3.000653E+02, 2.990136E+02, 2.993145E+02
2024-06-30 14:00:15,1, 4.408912E+02, 2.957935E+02, 2.975114E+02, 1.217921E+01, 6.324554E+01, 3.037792E+02, 2.998813E+02, 3.003138E+02, 2.991323E+02, 2.994413E+02
2024-06-30 14:15:15,1, 4.601257E+02, 2.959168E+02, 2.976765E+02, 1.206632E+01, 6.867322E+01, 3.041579E+02, 3.001639E+02, 3.006167E+02, 2.993946E+02, 2.997187E+02
2024-06-30 14:30:15,1, 4.780796E+02, 2.960401E+02, 2.978359E+02, 1.194959E+01, 7.119322E+01, 3.046187E+02, 3.004291E+02, 3.008973E+02, 2.996431E+02, 2.999781E+02
2024-06-30 14:45:15,1, 4.946762E+02, 2.961634E+02, 2.979917E+02, 1.182674E+01, 7.354224E+01, 3.051154E+02, 3.006948E+02, 3.011757E+02, 2.998909E+02, 3.002364E+02
2024-06-30 15:00:15,1, 5.318114E+02, 2.962877E+02, 2.981475E+02, 1.171929E+01, 7.637392E+01, 3.056225E+02, 3.010341E+02, 3.015521E+02, 3.001580E+02, 3.005147E+02
2024-06-30 15:15:15,1, 5.460753E+02, 2.964742E+02, 2.984076E+02, 1.147225E+01, 8.857779E+01, 3.061472E+02, 3.014148E+02, 3.019650E+02, 3.005227E+02, 3.008918E+02
2024-06-30 15:30:15,1, 5.587203E+02, 2.966606E+02, 2.986373E+02, 1.125086E+01, 9.186379E+01, 3.066005E+02, 3.017134E+02, 3.022992E+02, 3.008002E+02, 3.011754E+02
2024-06-30 15:45:15,1, 5.696923E+02, 2.968471E+02, 2.988622E+02, 1.103446E+01, 9.468983E+01, 3.070139E+02, 3.019969E+02, 3.026171E+02, 3.010656E+02, 3.014463E+02
2024-06-30 16:00:15,1, 7.385800E+02, 2.970336E+02, 2.991138E+02, 1.088822E+01, 9.948971E+01, 3.074202E+02, 3.027465E+02, 3.034696E+02, 3.014612E+02, 3.018270E+02
2024-06-30 16:15:15,1, 7.481383E+02, 2.972194E+02, 2.995576E+02, 1.020570E+01, 1.283340E+02, 3.082186E+02, 3.033220E+02, 3.039577E+02, 3.021923E+02, 3.025108E+02
2024-06-30 16:30:15,1, 7.554110E+02, 2.974052E+02, 2.997573E+02, 9.999823E+00, 1.314570E+02, 3.088500E+02, 3.034101E+02, 3.040092E+02, 3.023294E+02, 3.026227E+02
2024-06-30 16:45:15,1, 7.603668E+02, 2.975911E+02, 2.999435E+02, 9.824876E+00, 1.343928E+02, 3.093727E+02, 3.034876E+02, 3.040559E+02, 3.024593E+02, 3.027321E+02
2024-06-30 17:00:15,1, 5.948981E+02, 2.977698E+02, 3.000837E+02, 9.618625E+00, 1.342671E+02, 3.098020E+02, 3.030792E+02, 3.035527E+02, 3.024389E+02, 3.027134E+02
2024-06-30 17:15:15,1, 5.951074E+02, 2.975315E+02, 2.996653E+02, 1.006562E+01, 1.001428E+02, 3.097142E+02, 3.024687E+02, 3.029872E+02, 3.017369E+02, 3.020311E+02
2024-06-30 17:30:15,1, 5.934841E+02, 2.972931E+02, 2.994432E+02, 1.014409E+01, 9.909520E+01, 3.097001E+02, 3.022883E+02, 3.028031E+02, 3.015156E+02, 3.018101E+02
2024-06-30 17:45:15,1, 5.900351E+02, 2.970548E+02, 2.992187E+02, 1.022640E+01, 9.825599E+01, 3.097252E+02, 3.020996E+02, 3.026041E+02, 3.012889E+02, 3.015815E+02
2024-06-30 18:00:15,1, 6.634701E+02, 2.968164E+02, 2.990079E+02, 1.034443E+01, 9.852983E+01, 3.097750E+02, 3.021328E+02, 3.026737E+02, 3.011225E+02, 3.014064E+02
2024-06-30 18:15:15,1, 6.554733E+02, 2.965802E+02, 2.988861E+02, 1.025826E+01, 1.112486E+02, 3.100282E+02, 3.020593E+02, 3.025326E+02, 3.011023E+02, 3.013683E+02
2024-06-30 18:30:15,1, 6.454817E+02, 2.963440E+02, 2.986324E+02, 1.033659E+01, 1.108299E+02, 3.102167E+02, 3.017405E+02, 3.021605E+02, 3.007916E+02, 3.010394E+02
2024-06-30 18:45:15,1, 6.335380E+02, 2.961078E+02, 2.983717E+02, 1.041674E+01, 1.102394E+02, 3.103478E+02, 3.014073E+02, 3.017758E+02, 3.004715E+02, 3.007023E+02
2024-06-30 19:00:15,1, 6.952137E+02, 2.958754E+02, 2.981210E+02, 1.051965E+01, 1.096960E+02, 3.104352E+02, 3.012630E+02, 3.015982E+02, 3.002061E+02, 3.004101E+02
2024-06-30 19:15:15,1, 6.776160E+02, 2.958668E+02, 2.981527E+02, 1.042677E+01, 1.111287E+02, 3.107035E+02, 3.012957E+02, 3.015676E+02, 3.003033E+02, 3.004828E+02
2024-06-30 19:30:15,1, 6.580276E+02, 2.958582E+02, 2.981026E+02, 1.042423E+01, 1.112661E+02, 3.109181E+02, 3.011494E+02, 3.013796E+02, 3.002005E+02, 3.003676E+02
2024-06-30 19:45:15,1, 6.365324E+02, 2.958496E+02, 2.980460E+02, 1.042927E+01, 1.113580E+02, 3.110755E+02, 3.009858E+02, 3.011756E+02, 3.000857E+02, 3.002414E+02
2024-06-30 20:00:15,1, 5.556266E+02, 2.958363E+02, 2.979704E+02, 1.040795E+01, 1.119892E+02, 3.111708E+02, 3.006469E+02, 3.007749E+02, 2.999102E+02, 3.000615E+02
2024-06-30 20:15:15,1, 5.329522E+02, 2.955492E+02, 2.975716E+02, 1.050585E+01, 1.206205E+02, 3.110276E+02, 3.000634E+02, 3.001499E+02, 2.993629E+02, 2.995040E+02
2024-06-30 20:30:15,1, 5.088210E+02, 2.952621E+02, 2.972165E+02, 1.052921E+01, 1.194378E+02, 3.107975E+02, 2.995763E+02, 2.996097E+02, 2.989348E+02, 2.990611E+02
2024-06-30 20:45:15,1, 4.833363E+02, 2.949749E+02, 2.968564E+02, 1.052632E+01, 1.178688E+02, 3.105153E+02, 2.990766E+02, 2.990594E+02, 2.984978E+02, 2.986101E+02
2024-06-30 21:00:15,1, 3.751334E+02, 2.946862E+02, 2.964701E+02, 1.039139E+01, 1.157568E+02, 3.101904E+02, 2.983101E+02, 2.981447E+02, 2.979763E+02, 2.980715E+02
2024-06-30 21:15:15,1, 3.522456E+02, 2.943054E+02, 2.958996E+02, 1.037492E+01, 1.113971E+02, 3.096717E+02, 2.975951E+02, 2.974252E+02, 2.972008E+02, 2.972726E+02
2024-06-30 21:30:15,1, 3.285275E+02, 2.939246E+02, 2.954813E+02, 1.030401E+01, 1.102168E+02, 3.091936E+02, 2.971223E+02, 2.969423E+02, 2.967311E+02, 2.967992E+02
2024-06-30 21:45:15,1, 3.040808E+02, 2.935438E+02, 2.950640E+02, 1.018372E+01, 1.086503E+02, 3.087434E+02, 2.966506E+02, 2.964593E+02, 2.962614E+02, 2.963252E+02
2024-06-30 22:00:15,1, 1.680981E+02, 2.931630E+02, 2.946130E+02, 9.188274E+00, 1.046534E+02, 3.083039E+02, 2.958053E+02, 2.953225E+02, 2.956780E+02, 2.957112E+02
2024-06-30 22:15:15,1, 1.526823E+02, 2.927778E+02, 2.939088E+02, 8.979137E+00, 7.380637E+01, 3.076845E+02, 2.949233E+02, 2.943623E+02, 2.946948E+02, 2.946467E+02
2024-06-30 22:30:15,1, 1.370212E+02, 2.923926E+02, 2.934794E+02, 8.751572E+00, 6.987557E+01, 3.071268E+02, 2.944493E+02, 2.938396E+02, 2.942223E+02, 2.941637E+02
2024-06-30 22:45:15,1, 1.211819E+02, 2.920074E+02, 2.930562E+02, 8.414800E+00, 6.573223E+01, 3.066148E+02, 2.939874E+02, 2.933253E+02, 2.937580E+02, 2.936876E+02
2024-06-30 23:00:15,1, 8.103744E+01, 2.916243E+02, 2.926302E+02, 6.997749E+00, 6.035151E+01, 3.061353E+02, 2.934754E+02, 2.926803E+02, 2.932712E+02, 2.931810E+02
2024-06-30 23:15:15,1, 6.872253E+01, 2.913610E+02, 2.922639E+02, 6.399269E+00, 4.478335E+01, 3.056474E+02, 2.930771E+02, 2.922510E+02, 2.927973E+02, 2.926866E+02
2024-06-30 23:30:15,1, 5.642797E+01, 2.910977E+02, 2.919852E+02, 5.630023E+00, 3.963823E+01, 3.051991E+02, 2.927967E+02, 2.919638E+02, 2.924771E+02, 2.923521E+02
2024-06-30 23:45:15,1, 4.420640E+01, 2.908344E+02, 2.917145E+02, 4.691487E+00, 3.416724E+01, 3.047811E+02, 2.925343E+02, 2.917059E+02, 2.921678E+02, 2.920324E+02
2024-06-30 00:00:15,2, 2.790912E+01, 2.951408E+02, 2.957671E+02, 3.126959E+00, 4.638858E+01, 3.034899E+02, 2.963426E+02, 2.958392E+02, 2.960203E+02, 2.959170E+02
2024-06-30 00:15:15,2, 1.754942E+01, 2.950927E+02, 2.956763E+02, 2.028351E+00, 2.252285E+01, 3.034016E+02, 2.962079E+02, 2.956814E+02, 2.958884E+02, 2.957663E+02
2024-06-30 00:30:15,2, 7.388037E+00, 2.950445E+02, 2.955900E+02, 8.875144E-01, 1.342818E+01, 3.032962E+02, 2.960805E+02, 2.955448E+02, 2.957641E+02, 2.956231E+02
2024-06-30 00:45:15,2, 0.000000E+00, 2.949963E+02, 2.954952E+02, 0.000000E+00, 9.724427E+00, 3.031720E+02, 2.959372E+02, 2.953846E+02, 2.956389E+02, 2.954830E+02
2024-06-30 01:00:15,2, 0.000000E+00, 2.949484E+02, 2.954359E+02, 0.000000E+00, 8.504014E+00, 3.030494E+02, 2.958768E+02, 2.953270E+02, 2.955748E+02, 2.954192E+02
2024-06-30 01:15:15,2, 0.000000E+00, 2.949139E+02, 2.953842E+02, 0.000000E+00, 7.553569E+00, 3.029087E+02, 2.958051E+02, 2.952485E+02, 2.955178E+02, 2.953606E+02
2024-06-30 01:30:15,2, 0.000000E+00, 2.948795E+02, 2.953316E+02, 0.000000E+00, 6.697320E+00, 3.027390E+02, 2.957310E+02, 2.951663E+02, 2.954592E+02, 2.952997E+02
2024-06-30 01:45:15,2, 0.000000E+00, 2.948451E+02, 2.952767E+02, 0.000000E+00, 6.206516E+00, 3.025650E+02, 2.956531E+02, 2.950821E+02, 2.953985E+02, 2.952372E+02
2024-06-30 02:00:15,2, 0.000000E+00, 2.948111E+02, 2.952200E+02, 0.000000E+00, 5.756364E+00, 3.023955E+02, 2.955741E+02, 2.949961E+02, 2.953356E+02, 2.951723E+02
2024-06-30 02:15:15,2, 0.000000E+00, 2.948079E+02, 2.951867E+02, 0.000000E+00, 4.087853E+00, 3.022339E+02, 2.955271E+02, 2.949496E+02, 2.952942E+02, 2.951304E+02
2024-06-30 02:30:15,2, 0.000000E+00, 2.948047E+02, 2.951654E+02, 0.000000E+00, 3.572489E+00, 3.020803E+02, 2.954907E+02, 2.949153E+02, 2.952680E+02, 2.951047E+02
2024-06-30 02:45:15,2, 0.000000E+00, 2.948015E+02, 2.951454E+02, 0.000000E+00, 3.307596E+00, 3.019355E+02, 2.954563E+02, 2.948827E+02, 2.952438E+02, 2.950810E+02
2024-06-30 03:00:15,2, 0.000000E+00, 2.947985E+02, 2.951257E+02, 0.000000E+00, 3.108196E+00, 3.017992E+02, 2.954229E+02, 2.948506E+02, 2.952201E+02, 2.950577E+02
2024-06-30 03:15:15,2, 0.000000E+00, 2.948060E+02, 2.951127E+02, 0.000000E+00, 2.579625E+00, 3.016718E+02, 2.953983E+02, 2.948267E+02, 2.952026E+02, 2.950402E+02
2024-06-30 03:30:15,2, 0.000000E+00, 2.948135E+02, 2.951039E+02, 0.000000E+00, 2.350566E+00, 3.015533E+02, 2.953780E+02, 2.948073E+02, 2.951902E+02, 2.950280E+02
2024-06-30 03:45:15,2, 0.000000E+00, 2.948210E+02, 2.950957E+02, 0.000000E+00, 2.205075E+00, 3.014420E+02, 2.953589E+02, 2.947887E+02, 2.951789E+02, 2.950168E+02
2024-06-30 04:00:15,2, 0.000000E+00, 2.948282E+02, 2.950876E+02, 0.000000E+00, 2.093500E+00, 3.013369E+02, 2.953404E+02, 2.947703E+02, 2.951679E+02, 2.950056E+02
2024-06-30 04:15:15,2, 0.000000E+00, 2.948223E+02, 2.950716E+02, 0.000000E+00, 2.138924E+00, 3.012362E+02, 2.953120E+02, 2.947414E+02, 2.951499E+02, 2.949876E+02
2024-06-30 04:30:15,2, 0.000000E+00, 2.948163E+02, 2.950495E+02, 0.000000E+00, 2.072743E+00, 3.011387E+02, 2.952789E+02, 2.947064E+02, 2.951251E+02, 2.949622E+02
2024-06-30 04:45:15,2, 0.000000E+00, 2.948104E+02, 2.950252E+02, 0.000000E+00, 1.979178E+00, 3.010446E+02, 2.952444E+02, 2.946694E+02, 2.950980E+02, 2.949344E+02
2024-06-30 05:00:15,2, 0.000000E+00, 2.948043E+02, 2.949997E+02, 0.000000E+00, 1.881806E+00, 3.009539E+02, 2.952093E+02, 2.946311E+02, 2.950699E+02, 2.949052E+02
2024-06-30 05:15:15,2, 0.000000E+00, 2.947892E+02, 2.949726E+02, 0.000000E+00, 1.886452E+00, 3.008648E+02, 2.951766E+02, 2.945959E+02, 2.950412E+02, 2.948757E+02
2024-06-30 05:30:15,2, 0.000000E+00, 2.947741E+02, 2.949441E+02, 0.000000E+00, 1.826461E+00, 3.007759E+02, 2.951430E+02, 2.945590E+02, 2.950114E+02, 2.948448E+02
2024-06-30 05:45:15,2, 0.000000E+00, 2.947589E+02, 2.949143E+02, 0.000000E+00, 1.739095E+00, 3.006890E+02, 2.951078E+02, 2.945206E+02, 2.949802E+02, 2.948126E+02
2024-06-30 06:00:15,2, 0.000000E+00, 2.947470E+02, 2.948834E+02, 0.000000E+00, 1.547370E+00, 3.006050E+02, 2.950718E+02, 2.944817E+02, 2.949477E+02, 2.947791E+02
2024-06-30 06:15:15,2, 0.000000E+00, 2.949212E+02, 2.949396E+02, 0.000000E+00,-1.410195E+00, 3.005336E+02, 2.951806E+02, 2.946295E+02, 2.949974E+02, 2.948365E+02
2024-06-30 06:30:15,2, 0.000000E+00, 2.950954E+02, 2.951077E+02, 0.000000E+00,-3.412410E+00, 3.004778E+02, 2.953862E+02, 2.948893E+02, 2.951637E+02, 2.950172E+02
2024-06-30 06:45:15,2, 0.000000E+00, 2.952697E+02, 2.953459E+02, 0.000000E+00,-5.788885E+00, 3.004335E+02, 2.956409E+02, 2.952077E+02, 2.954010E+02, 2.952725E+02
2024-06-30 07:00:15,2, 0.000000E+00, 2.954415E+02, 2.956070E+02, 0.000000E+00,-7.414393E+00, 3.003988E+02, 2.959097E+02, 2.955401E+02, 2.956660E+02, 2.955561E+02
2024-06-30 07:15:15,2, 0.000000E+00, 2.954701E+02, 2.957568E+02, 0.000000E+00,-2.558263E+00, 3.003667E+02, 2.960338E+02, 2.956787E+02, 2.958310E+02, 2.957287E+02
2024-06-30 07:30:15,2, 0.000000E+00, 2.954987E+02, 2.958117E+02, 0.000000E+00, 2.680437E-02, 3.003336E+02, 2.960843E+02, 2.957335E+02, 2.958914E+02, 2.957907E+02
2024-06-30 07:45:15,2, 0.000000E+00, 2.955274E+02, 2.958484E+02, 0.000000E+00, 8.672791E-01, 3.003011E+02, 2.961208E+02, 2.957721E+02, 2.959295E+02, 2.958292E+02
2024-06-30 08:00:15,2, 0.000000E+00, 2.955545E+02, 2.958827E+02, 0.000000E+00, 1.181019E+00, 3.002698E+02, 2.961553E+02, 2.958078E+02, 2.959644E+02, 2.958644E+02
2024-06-30 08:15:15,2, 0.000000E+00, 2.954957E+02, 2.958502E+02, 0.000000E+00, 3.256125E+00, 3.002374E+02, 2.960934E+02, 2.957250E+02, 2.959372E+02, 2.958329E+02
2024-06-30 08:30:15,2, 0.000000E+00, 2.954369E+02, 2.957761E+02, 0.000000E+00, 3.658093E+00, 3.002034E+02, 2.959979E+02, 2.956025E+02, 2.958598E+02, 2.957478E+02
2024-06-30 08:45:15,2, 0.000000E+00, 2.953781E+02, 2.956945E+02, 0.000000E+00, 3.568586E+00, 3.001670E+02, 2.958958E+02, 2.954703E+02, 2.957734E+02, 2.956528E+02
2024-06-30 09:00:15,2, 0.000000E+00, 2.953194E+02, 2.956088E+02, 0.000000E+00, 3.287252E+00, 3.001282E+02, 2.957859E+02, 2.953308E+02, 2.956818E+02, 2.955526E+02
2024-06-30 09:15:15,2, 0.000000E+00, 2.952654E+02, 2.955401E+02, 0.000000E+00, 3.448308E+00, 3.000890E+02, 2.957222E+02, 2.952615E+02, 2.956094E+02, 2.954777E+02
2024-06-30 09:30:15,2, 0.000000E+00, 2.952114E+02, 2.954884E+02, 0.000000E+00, 3.615623E+00, 3.000502E+02, 2.956731E+02, 2.952086E+02, 2.955567E+02, 2.954239E+02
2024-06-30 09:45:15,2, 0.000000E+00, 2.951574E+02, 2.954423E+02, 0.000000E+00, 3.718792E+00, 3.000118E+02, 2.956283E+02, 2.951607E+02, 2.955102E+02, 2.953765E+02
2024-06-30 10:00:15,2, 2.222806E+01, 2.951047E+02, 2.954041E+02, 2.614632E+00, 3.793934E+00, 2.999751E+02, 2.956828E+02, 2.952695E+02, 2.954899E+02, 2.953624E+02
2024-06-30 10:15:15,2, 3.730692E+01, 2.951266E+02, 2.955793E+02, 4.148476E+00, 1.103919E+01, 2.999914E+02, 2.959763E+02, 2.956400E+02, 2.957854E+02, 2.957350E+02
2024-06-30 10:30:15,2, 5.262567E+01, 2.951485E+02, 2.956683E+02, 5.536416E+00, 1.404039E+01, 3.000244E+02, 2.961254E+02, 2.958317E+02, 2.959414E+02, 2.959191E+02
2024-06-30 10:45:15,2, 6.811870E+01, 2.951704E+02, 2.957494E+02, 6.773707E+00, 1.741736E+01, 3.000749E+02, 2.962715E+02, 2.960142E+02, 2.960840E+02, 2.960862E+02
2024-06-30 11:00:15,2, 9.584282E+01, 2.951920E+02, 2.958322E+02, 8.577570E+00, 2.111742E+01, 3.001414E+02, 2.964591E+02, 2.962656E+02, 2.962361E+02, 2.962643E+02
2024-06-30 11:15:15,2, 1.137500E+02, 2.951981E+02, 2.959433E+02, 9.461747E+00, 2.390918E+01, 3.002694E+02, 2.966631E+02, 2.964965E+02, 2.964539E+02, 2.965176E+02
2024-06-30 11:30:15,2, 1.316276E+02, 2.952042E+02, 2.960130E+02, 1.018662E+01, 2.670501E+01, 3.004526E+02, 2.968190E+02, 2.966791E+02, 2.965982E+02, 2.966794E+02
2024-06-30 11:45:15,2, 1.493990E+02, 2.952103E+02, 2.960807E+02, 1.077263E+01, 2.957398E+01, 3.006681E+02, 2.969796E+02, 2.968659E+02, 2.967411E+02, 2.968392E+02
2024-06-30 12:00:15,2, 2.240889E+02, 2.952189E+02, 2.961622E+02, 1.221338E+01, 3.252721E+01, 3.009055E+02, 2.973589E+02, 2.974123E+02, 2.969435E+02, 2.970722E+02
2024-06-30 12:15:15,2, 2.473469E+02, 2.953695E+02, 2.965102E+02, 1.232525E+01, 3.821449E+01, 3.012692E+02, 2.978969E+02, 2.980001E+02, 2.975302E+02, 2.977306E+02
2024-06-30 12:30:15,2, 2.701598E+02, 2.955201E+02, 2.967245E+02, 1.235308E+01, 4.086742E+01, 3.016400E+02, 2.982155E+02, 2.983498E+02, 2.978294E+02, 2.980425E+02
2024-06-30 12:45:15,2, 2.924297E+02, 2.956707E+02, 2.969338E+02, 1.237673E+01, 4.361699E+01, 3.020127E+02, 2.985268E+02, 2.986899E+02, 2.981179E+02, 2.983438E+02
2024-06-30 13:00:15,2, 3.446897E+02, 2.958187E+02, 2.971475E+02, 1.250533E+01, 4.681354E+01, 3.023878E+02, 2.989443E+02, 2.991885E+02, 2.984311E+02, 2.986727E+02
2024-06-30 13:15:15,2, 3.676288E+02, 2.958118E+02, 2.973134E+02, 1.238080E+01, 5.725874E+01, 3.027963E+02, 2.992841E+02, 2.995627E+02, 2.987562E+02, 2.990223E+02
2024-06-30 13:30:15,2, 3.896674E+02, 2.958050E+02, 2.973839E+02, 1.229937E+01, 5.943428E+01, 3.031464E+02, 2.994745E+02, 2.997867E+02, 2.988836E+02, 2.991561E+02
2024-06-30 13:45:15,2, 4.107113E+02, 2.957982E+02, 2.974484E+02, 1.223241E+01, 6.133188E+01, 3.034688E+02, 2.996514E+02, 2.999956E+02, 2.990000E+02, 2.992795E+02
2024-06-30 14:00:15,2, 4.408912E+02, 2.957935E+02, 2.975112E+02, 1.218625E+01, 6.327637E+01, 3.037790E+02, 2.998525E+02, 3.002394E+02, 2.991183E+02, 2.994050E+02
2024-06-30 14:15:15,2, 4.601257E+02, 2.959168E+02, 2.976762E+02, 1.207348E+01, 6.870392E+01, 3.041576E+02, 3.001339E+02, 3.005391E+02, 2.993797E+02, 2.996801E+02
2024-06-30 14:30:15,2, 4.780796E+02, 2.960401E+02, 2.978357E+02, 1.195675E+01, 7.122585E+01, 3.046183E+02, 3.003981E+02, 3.008172E+02, 2.996276E+02, 2.999381E+02
2024-06-30 14:45:15,2, 4.946762E+02, 2.961634E+02, 2.979914E+02, 1.183391E+01, 7.357646E+01, 3.051149E+02, 3.006630E+02, 3.010931E+02, 2.998749E+02, 3.001950E+02
2024-06-30 15:00:15,2, 5.318114E+02, 2.962877E+02, 2.981472E+02, 1.172653E+01, 7.640889E+01, 3.056219E+02, 3.010006E+02, 3.014639E+02, 3.001413E+02, 3.004711E+02
2024-06-30 15:15:15,2, 5.460753E+02, 2.964742E+02, 2.984072E+02, 1.147975E+01, 8.861447E+01, 3.061464E+02, 3.013794E+02, 3.018721E+02, 3.005053E+02, 3.008456E+02
2024-06-30 15:30:15,2, 5.587203E+02, 2.966606E+02, 2.986369E+02, 1.125824E+01, 9.190464E+01, 3.065996E+02, 3.016764E+02, 3.022025E+02, 3.007824E+02, 3.011284E+02
2024-06-30 15:45:15,2, 5.696923E+02, 2.968471E+02, 2.988618E+02, 1.104167E+01, 9.473373E+01, 3.070129E+02, 3.019585E+02, 3.025169E+02, 3.010476E+02, 3.013985E+02
2024-06-30 16:00:15,2, 7.385800E+02, 2.970336E+02, 2.991131E+02, 1.089554E+01, 9.953110E+01, 3.074191E+02, 3.027052E+02, 3.033501E+02, 3.014424E+02, 3.017743E+02
2024-06-30 16:15:15,2, 7.481383E+02, 2.972194E+02, 2.995552E+02, 1.021643E+01, 1.283754E+02, 3.082175E+02, 3.032819E+02, 3.038385E+02, 3.021741E+02, 3.024515E+02
2024-06-30 16:30:15,2, 7.554110E+02, 2.974052E+02, 2.997549E+02, 1.001016E+01, 1.315018E+02, 3.088488E+02, 3.033721E+02, 3.038947E+02, 3.023121E+02, 3.025659E+02
2024-06-30 16:45:15,2, 7.603668E+02, 2.975911E+02, 2.999410E+02, 9.834859E+00, 1.344389E+02, 3.093715E+02, 3.034513E+02, 3.039454E+02, 3.024427E+02, 3.026774E+02
2024-06-30 17:00:15,2, 5.948981E+02, 2.977698E+02, 3.000815E+02, 9.628103E+00, 1.343206E+02, 3.098008E+02, 3.030455E+02, 3.034610E+02, 3.024236E+02, 3.026649E+02
2024-06-30 17:15:15,2, 5.951074E+02, 2.975315E+02, 2.996649E+02, 1.007160E+01, 1.001933E+02, 3.097129E+02, 3.024358E+02, 3.028993E+02, 3.017225E+02, 3.019916E+02
2024-06-30 17:30:15,2, 5.934841E+02, 2.972931E+02, 2.994428E+02, 1.015006E+01, 9.914229E+01, 3.096987E+02, 3.022554E+02, 3.027151E+02, 3.015012E+02, 3.017705E+02
2024-06-30 17:45:15,2, 5.900351E+02, 2.970548E+02, 2.992183E+02, 1.023237E+01, 9.830222E+01, 3.097238E+02, 3.020670E+02, 3.025167E+02, 3.012746E+02, 3.015421E+02
2024-06-30 18:00:15,2, 6.634701E+02, 2.968164E+02, 2.990074E+02, 1.035053E+01, 9.857296E+01, 3.097735E+02, 3.020993E+02, 3.025789E+02, 3.011080E+02, 3.013651E+02
2024-06-30 18:15:15,2, 6.554733E+02, 2.965802E+02, 2.988849E+02, 1.026541E+01, 1.112879E+02, 3.100267E+02, 3.020275E+02, 3.024408E+02, 3.010880E+02, 3.013248E+02
2024-06-30 18:30:15,2, 6.454817E+02, 2.963440E+02, 2.986312E+02, 1.034365E+01, 1.108672E+02, 3.102152E+02, 3.017109E+02, 3.020736E+02, 3.007781E+02, 3.009978E+02
2024-06-30 18:45:15,2, 6.335380E+02, 2.961078E+02, 2.983706E+02, 1.042373E+01, 1.102743E+02, 3.103463E+02, 3.013799E+02, 3.016936E+02, 3.004588E+02, 3.006625E+02
2024-06-30 19:00:15,2, 6.952137E+02, 2.958754E+02, 2.981197E+02, 1.052663E+01, 1.097262E+02, 3.104336E+02, 3.012375E+02, 3.015144E+02, 3.001939E+02, 3.003701E+02
2024-06-30 19:15:15,2, 6.776160E+02, 2.958668E+02, 2.981506E+02, 1.043487E+01, 1.111504E+02, 3.107021E+02, 3.012714E+02, 3.014857E+02, 3.002912E+02, 3.004401E+02
2024-06-30 19:30:15,2, 6.580276E+02, 2.958582E+02, 2.981004E+02, 1.043228E+01, 1.112879E+02, 3.109167E+02, 3.011268E+02, 3.013014E+02, 3.001890E+02, 3.003264E+02
2024-06-30 19:45:15,2, 6.365324E+02, 2.958496E+02, 2.980439E+02, 1.043720E+01, 1.113788E+02, 3.110742E+02, 3.009648E+02, 3.011011E+02, 3.000747E+02, 3.002016E+02
2024-06-30 20:00:15,2, 5.556266E+02, 2.958363E+02, 2.979683E+02, 1.041564E+01, 1.120099E+02, 3.111696E+02, 3.006279E+02, 3.007098E+02, 2.999000E+02, 3.000248E+02
2024-06-30 20:15:15,2, 5.329522E+02, 2.955492E+02, 2.975704E+02, 1.051257E+01, 1.206465E+02, 3.110265E+02, 3.000470E+02, 3.000913E+02, 2.993540E+02, 2.994729E+02
2024-06-30 20:30:15,2, 5.088210E+02, 2.952621E+02, 2.972153E+02, 1.053569E+01, 1.194607E+02, 3.107964E+02, 2.995620E+02, 2.995559E+02, 2.989266E+02, 2.990317E+02
2024-06-30 20:45:15,2, 4.833363E+02, 2.949749E+02, 2.968551E+02, 1.053264E+01, 1.178895E+02, 3.105143E+02, 2.990643E+02, 2.990101E+02, 2.984903E+02, 2.985823E+02
2024-06-30 21:00:15,2, 3.751334E+02, 2.946862E+02, 2.964689E+02, 1.039709E+01, 1.157771E+02, 3.101896E+02, 2.983032E+02, 2.981130E+02, 2.979702E+02, 2.980486E+02
2024-06-30 21:15:15,2, 3.522456E+02, 2.943054E+02, 2.958993E+02, 1.038015E+01, 1.114275E+02, 3.096709E+02, 2.975894E+02, 2.973966E+02, 2.971964E+02, 2.972564E+02
2024-06-30 21:30:15,2, 3.285275E+02, 2.939246E+02, 2.954810E+02, 1.030895E+01, 1.102447E+02, 3.091929E+02, 2.971168E+02, 2.969141E+02, 2.967269E+02, 2.967835E+02
2024-06-30 21:45:15,2, 3.040808E+02, 2.935438E+02, 2.950637E+02, 1.018837E+01, 1.086767E+02, 3.087427E+02, 2.966454E+02, 2.964315E+02, 2.962575E+02, 2.963101E+02
2024-06-30 22:00:15,2, 1.680981E+02, 2.931630E+02, 2.946129E+02, 9.190346E+00, 1.046783E+02, 3.083033E+02, 2.958116E+02, 2.953208E+02, 2.956762E+02, 2.957018E+02
2024-06-30 22:15:15,2, 1.526823E+02, 2.927778E+02, 2.939092E+02, 8.980854E+00, 7.382098E+01, 3.076840E+02, 2.949342E+02, 2.943688E+02, 2.946966E+02, 2.946470E+02
2024-06-30 22:30:15,2, 1.370212E+02, 2.923926E+02, 2.934798E+02, 8.754489E+00, 6.988919E+01, 3.071263E+02, 2.944625E+02, 2.938502E+02, 2.942244E+02, 2.941649E+02
2024-06-30 22:45:15,2, 1.211819E+02, 2.920074E+02, 2.930564E+02, 8.420669E+00, 6.575251E+01, 3.066143E+02, 2.940030E+02, 2.933404E+02, 2.937606E+02, 2.936898E+02
2024-06-30 23:00:15,2, 8.103744E+01, 2.916243E+02, 2.926304E+02, 7.014311E+00, 6.038858E+01, 3.061349E+02, 2.934979E+02, 2.927100E+02, 2.932745E+02, 2.931850E+02
2024-06-30 23:15:15,2, 6.872253E+01, 2.913610E+02, 2.922634E+02, 6.415593E+00, 4.487952E+01, 3.056471E+02, 2.931020E+02, 2.922881E+02, 2.928000E+02, 2.926879E+02
2024-06-30 23:30:15,2, 5.642797E+01, 2.910977E+02, 2.919851E+02, 5.643626E+00, 3.968972E+01, 3.051988E+02, 2.928235E+02, 2.920065E+02, 2.924820E+02, 2.923604E+02
2024-06-30 23:45:15,2, 4.420640E+01, 2.908344E+02, 2.917144E+02, 4.700454E+00, 3.422201E+01, 3.047809E+02, 2.925618E+02, 2.917510E+02, 2.921719E+02, 2.920366E+02
