datetime,patch,sw_in_W_m2,cas_temp_K,gpp_umol_m2_s,le_W_m2,soil_temp_top_K,leaf_temp_K,wood_temp_K
2024-01-15 00:07:30,1, 0.000000E+00, 2.655657E+02, 0.000000E+00, 4.695521E+02, 2.878163E+02, 2.858508E+02, 2.873814E+02
2024-01-15 00:22:30,1, 0.000000E+00, 2.640908E+02, 0.000000E+00, 2.340353E+01, 2.872242E+02, 2.640393E+02, 2.651072E+02
2024-01-15 00:37:30,1, 0.000000E+00, 2.647459E+02, 0.000000E+00, 5.318793E+00, 2.864162E+02, 2.648346E+02, 2.643180E+02
2024-01-15 00:52:30,1, 0.000000E+00, 2.646226E+02, 0.000000E+00, 5.906355E+00, 2.856405E+02, 2.652221E+02, 2.648922E+02
2024-01-15 01:07:30,1, 0.000000E+00, 2.643786E+02, 0.000000E+00, 3.905860E+00, 2.849953E+02, 2.649907E+02, 2.647382E+02
2024-01-15 01:22:30,1, 0.000000E+00, 2.641783E+02, 0.000000E+00, 3.098785E+00, 2.844472E+02, 2.647208E+02, 2.644869E+02
2024-01-15 01:37:30,1, 0.000000E+00, 2.639868E+02, 0.000000E+00, 2.840851E+00, 2.839711E+02, 2.645104E+02, 2.642838E+02
2024-01-15 01:52:30,1, 0.000000E+00, 2.637962E+02, 0.000000E+00, 2.708440E+00, 2.835528E+02, 2.643063E+02, 2.640887E+02
2024-01-15 02:07:30,1, 0.000000E+00, 2.636284E+02, 0.000000E+00, 2.566421E+00, 2.831782E+02, 2.641055E+02, 2.638953E+02
2024-01-15 02:22:30,1, 0.000000E+00, 2.634850E+02, 0.000000E+00, 2.444697E+00, 2.828353E+02, 2.639292E+02, 2.637249E+02
2024-01-15 02:37:30,1, 0.000000E+00, 2.633439E+02, 0.000000E+00, 2.383003E+00, 2.825175E+02, 2.637768E+02, 2.635788E+02
2024-01-15 02:52:30,1, 0.000000E+00, 2.632030E+02, 0.000000E+00, 2.326075E+00, 2.822215E+02, 2.636253E+02, 2.634346E+02
2024-01-15 03:07:30,1, 0.000000E+00, 2.630682E+02, 0.000000E+00, 2.302130E+00, 2.819446E+02, 2.634758E+02, 2.632911E+02
2024-01-15 03:22:30,1, 0.000000E+00, 2.629400E+02, 0.000000E+00, 2.295956E+00, 2.816845E+02, 2.633338E+02, 2.631542E+02
2024-01-15 03:37:30,1, 0.000000E+00, 2.628128E+02, 0.000000E+00, 2.269235E+00, 2.814385E+02, 2.631986E+02, 2.630239E+02
2024-01-15 03:52:30,1, 0.000000E+00, 2.626861E+02, 0.000000E+00, 2.232806E+00, 2.812053E+02, 2.630647E+02, 2.628947E+02
2024-01-15 04:07:30,1, 0.000000E+00, 2.625751E+02, 0.000000E+00, 2.184427E+00, 2.809846E+02, 2.629355E+02, 2.627673E+02
2024-01-15 04:22:30,1, 0.000000E+00, 2.624814E+02, 0.000000E+00, 2.150858E+00, 2.807751E+02, 2.628259E+02, 2.626566E+02
2024-01-15 04:37:30,1, 0.000000E+00, 2.623892E+02, 0.000000E+00, 2.141487E+00, 2.805741E+02, 2.627317E+02, 2.625627E+02
2024-01-15 04:52:30,1, 0.000000E+00, 2.622966E+02, 0.000000E+00, 2.121721E+00, 2.803810E+02, 2.626375E+02, 2.624698E+02
2024-01-15 05:07:30,1, 0.000000E+00, 2.622266E+02, 0.000000E+00, 2.021913E+00, 2.802009E+02, 2.625518E+02, 2.623794E+02
2024-01-15 05:22:30,1, 0.000000E+00, 2.621790E+02, 0.000000E+00, 1.909514E+00, 2.800390E+02, 2.624985E+02, 2.623146E+02
2024-01-15 05:37:30,1, 0.000000E+00, 2.621360E+02, 0.000000E+00, 1.902358E+00, 2.798870E+02, 2.624627E+02, 2.622706E+02
2024-01-15 05:52:30,1, 0.000000E+00, 2.620934E+02, 0.000000E+00, 1.895738E+00, 2.797435E+02, 2.624301E+02, 2.622308E+02
2024-01-15 06:07:30,1, 0.000000E+00, 2.620505E+02, 0.000000E+00, 2.030622E+00, 2.796027E+02, 2.623962E+02, 2.621907E+02
2024-01-15 06:22:30,1, 0.000000E+00, 2.620025E+02, 0.000000E+00, 2.192635E+00, 2.794659E+02, 2.623645E+02, 2.621510E+02
2024-01-15 06:37:30,1, 0.000000E+00, 2.619546E+02, 0.000000E+00, 2.240657E+00, 2.793342E+02, 2.623277E+02, 2.621064E+02
2024-01-15 06:52:30,1, 0.000000E+00, 2.619073E+02, 0.000000E+00, 2.255234E+00, 2.792073E+02, 2.622924E+02, 2.620622E+02
2024-01-15 07:07:30,1, 0.000000E+00, 2.618636E+02, 0.000000E+00, 2.104710E+00, 2.790840E+02, 2.622363E+02, 2.620124E+02
2024-01-15 07:22:30,1, 0.000000E+00, 2.618215E+02, 0.000000E+00, 1.868951E+00, 2.789667E+02, 2.621671E+02, 2.619615E+02
2024-01-15 07:37:30,1, 0.000000E+00, 2.617757E+02, 0.000000E+00, 1.783260E+00, 2.788522E+02, 2.620992E+02, 2.619120E+02
2024-01-15 07:52:30,1, 0.000000E+00, 2.617249E+02, 0.000000E+00, 1.718563E+00, 2.787413E+02, 2.620275E+02, 2.618587E+02
2024-01-15 08:07:30,1, 0.000000E+00, 2.616917E+02, 0.000000E+00, 1.643602E+00, 2.786386E+02, 2.619706E+02, 2.618064E+02
2024-01-15 08:22:30,1, 0.000000E+00, 2.616866E+02, 0.000000E+00, 1.622895E+00, 2.785432E+02, 2.619486E+02, 2.617767E+02
2024-01-15 08:37:30,1, 0.000000E+00, 2.616945E+02, 0.000000E+00, 1.687603E+00, 2.784491E+02, 2.619485E+02, 2.617731E+02
2024-01-15 08:52:30,1, 0.000000E+00, 2.617084E+02, 0.000000E+00, 1.763284E+00, 2.783547E+02, 2.619574E+02, 2.617812E+02
2024-01-15 09:07:30,1, 0.000000E+00, 2.617306E+02, 0.000000E+00, 1.793765E+00, 2.782617E+02, 2.619785E+02, 2.617972E+02
2024-01-15 09:22:30,1, 0.000000E+00, 2.617623E+02, 0.000000E+00, 1.807781E+00, 2.781712E+02, 2.620134E+02, 2.618231E+02
2024-01-15 09:37:30,1, 0.000000E+00, 2.617972E+02, 0.000000E+00, 1.845600E+00, 2.780817E+02, 2.620549E+02, 2.618576E+02
2024-01-15 09:52:30,1, 0.000000E+00, 2.618314E+02, 0.000000E+00, 1.873882E+00, 2.779930E+02, 2.620982E+02, 2.618948E+02
2024-01-15 10:07:30,1, 0.000000E+00, 2.618515E+02, 0.000000E+00, 1.862413E+00, 2.779046E+02, 2.621315E+02, 2.619285E+02
2024-01-15 10:22:30,1, 0.000000E+00, 2.618548E+02, 0.000000E+00, 1.795115E+00, 2.778185E+02, 2.621442E+02, 2.619465E+02
2024-01-15 10:37:30,1, 0.000000E+00, 2.618540E+02, 0.000000E+00, 1.716263E+00, 2.777371E+02, 2.621445E+02, 2.619490E+02
2024-01-15 10:52:30,1, 0.000000E+00, 2.618532E+02, 0.000000E+00, 1.663706E+00, 2.776604E+02, 2.621436E+02, 2.619484E+02
2024-01-15 11:07:30,1, 0.000000E+00, 2.618626E+02, 0.000000E+00, 1.607141E+00, 2.775895E+02, 2.621513E+02, 2.619503E+02
2024-01-15 11:22:30,1, 0.000000E+00, 2.618856E+02, 0.000000E+00, 1.577677E+00, 2.775236E+02, 2.621757E+02, 2.619643E+02
2024-01-15 11:37:30,1, 0.000000E+00, 2.619128E+02, 0.000000E+00, 1.601586E+00, 2.774597E+02, 2.622106E+02, 2.619909E+02
2024-01-15 11:52:30,1, 0.000000E+00, 2.619403E+02, 0.000000E+00, 1.627793E+00, 2.773973E+02, 2.622477E+02, 2.620211E+02
2024-01-15 12:07:30,1, 0.000000E+00, 2.619428E+02, 0.000000E+00, 1.671888E+00, 2.773320E+02, 2.622590E+02, 2.620436E+02
2024-01-15 12:22:30,1, 0.000000E+00, 2.619158E+02, 0.000000E+00, 1.644306E+00, 2.772648E+02, 2.622258E+02, 2.620357E+02
2024-01-15 12:37:30,1, 0.000000E+00, 2.618793E+02, 0.000000E+00, 1.526220E+00, 2.772014E+02, 2.621715E+02, 2.620009E+02
2024-01-15 12:52:30,1, 0.000000E+00, 2.618329E+02, 0.000000E+00, 1.405056E+00, 2.771429E+02, 2.621084E+02, 2.619567E+02
2024-01-15 13:07:30,1, 6.457475E+01, 2.625987E+02, 8.053560E-01, 1.238730E+00, 2.771831E+02, 2.626484E+02, 2.622370E+02
2024-01-15 13:22:30,1, 9.585768E+01, 2.626730E+02, 8.758836E-01, 4.645723E+00, 2.771712E+02, 2.635379E+02, 2.630660E+02
2024-01-15 13:37:30,1, 1.258880E+02, 2.629894E+02, 9.710796E-01, 3.652002E+00, 2.772151E+02, 2.637259E+02, 2.632297E+02
2024-01-15 13:52:30,1, 1.545370E+02, 2.632408E+02, 9.994087E-01, 3.876728E+00, 2.772847E+02, 2.642654E+02, 2.636657E+02
2024-01-15 14:07:30,1, 2.225139E+02, 2.638613E+02, 1.063009E+00, 3.936561E+00, 2.774061E+02, 2.649867E+02, 2.641886E+02
2024-01-15 14:22:30,1, 2.537753E+02, 2.641776E+02, 1.168776E+00, 4.457115E+00, 2.775677E+02, 2.657586E+02, 2.649058E+02
2024-01-15 14:37:30,1, 2.829187E+02, 2.646273E+02, 1.265660E+00, 4.569732E+00, 2.777750E+02, 2.661800E+02, 2.653016E+02
2024-01-15 14:52:30,1, 3.098190E+02, 2.650194E+02, 1.325700E+00, 5.017036E+00, 2.780115E+02, 2.667837E+02, 2.658444E+02
2024-01-15 15:07:30,1, 3.576563E+02, 2.655280E+02, 1.412202E+00, 5.574098E+00, 2.783076E+02, 2.674589E+02, 2.664051E+02
2024-01-15 15:22:30,1, 3.812735E+02, 2.658807E+02, 1.521091E+00, 6.318939E+00, 2.786265E+02, 2.680580E+02, 2.669771E+02
2024-01-15 15:37:30,1, 4.021548E+02, 2.662964E+02, 1.616266E+00, 6.717461E+00, 2.789633E+02, 2.684893E+02, 2.673863E+02
2024-01-15 15:52:30,1, 4.202106E+02, 2.666820E+02, 1.689309E+00, 7.242070E+00, 2.793070E+02, 2.689941E+02, 2.678590E+02
2024-01-15 16:07:30,1, 4.465689E+02, 2.670657E+02, 1.777522E+00, 7.926208E+00, 2.796725E+02, 2.695214E+02, 2.683309E+02
2024-01-15 16:22:30,1, 4.590680E+02, 2.673548E+02, 1.876620E+00, 8.651023E+00, 2.800330E+02, 2.699449E+02, 2.687462E+02
2024-01-15 16:37:30,1, 4.684697E+02, 2.676777E+02, 1.957083E+00, 9.077613E+00, 2.803828E+02, 2.702702E+02, 2.690627E+02
2024-01-15 16:52:30,1, 4.747335E+02, 2.679815E+02, 2.021297E+00, 9.559081E+00, 2.807148E+02, 2.706251E+02, 2.694082E+02
2024-01-15 17:07:30,1, 4.797878E+02, 2.682425E+02, 2.093064E+00, 9.966581E+00, 2.810287E+02, 2.709455E+02, 2.697278E+02
2024-01-15 17:22:30,1, 4.797088E+02, 2.684586E+02, 2.160272E+00, 1.028055E+01, 2.813157E+02, 2.711912E+02, 2.699867E+02
2024-01-15 17:37:30,1, 4.764394E+02, 2.686851E+02, 2.212507E+00, 1.054713E+01, 2.815717E+02, 2.713827E+02, 2.701940E+02
2024-01-15 17:52:30,1, 4.699934E+02, 2.688998E+02, 2.253975E+00, 1.083880E+01, 2.817928E+02, 2.715704E+02, 2.704031E+02
2024-01-15 18:07:30,1, 4.508550E+02, 2.689489E+02, 2.295071E+00, 1.117035E+01, 2.819570E+02, 2.716371E+02, 2.705411E+02
2024-01-15 18:22:30,1, 4.384156E+02, 2.689592E+02, 2.307455E+00, 1.122431E+01, 2.820795E+02, 2.715960E+02, 2.705392E+02
2024-01-15 18:37:30,1, 4.229860E+02, 2.689756E+02, 2.298426E+00, 1.113390E+01, 2.821572E+02, 2.715146E+02, 2.704948E+02
2024-01-15 18:52:30,1, 4.046323E+02, 2.689810E+02, 2.279797E+00, 1.103106E+01, 2.821886E+02, 2.714222E+02, 2.704472E+02
2024-01-15 19:07:30,1, 3.662845E+02, 2.689388E+02, 2.258592E+00, 1.082641E+01, 2.821507E+02, 2.711736E+02, 2.703113E+02
2024-01-15 19:22:30,1, 3.434020E+02, 2.689936E+02, 2.199128E+00, 1.056730E+01, 2.820752E+02, 2.710127E+02, 2.701997E+02
2024-01-15 19:37:30,1, 3.179859E+02, 2.690030E+02, 2.164787E+00, 1.048219E+01, 2.819629E+02, 2.709090E+02, 2.701671E+02
2024-01-15 19:52:30,1, 2.901451E+02, 2.690081E+02, 2.141169E+00, 1.022974E+01, 2.818171E+02, 2.707224E+02, 2.700716E+02
2024-01-15 20:07:30,1, 2.137887E+02, 2.687007E+02, 2.098616E+00, 9.697375E+00, 2.816123E+02, 2.701801E+02, 2.697714E+02
2024-01-15 20:22:30,1, 1.872109E+02, 2.685993E+02, 1.962360E+00, 8.722720E+00, 2.813962E+02, 2.697416E+02, 2.693842E+02
2024-01-15 20:37:30,1, 1.589573E+02, 2.684363E+02, 1.876881E+00, 8.440577E+00, 2.811674E+02, 2.694831E+02, 2.691891E+02
2024-01-15 20:52:30,1, 1.291489E+02, 2.682553E+02, 1.818661E+00, 7.911302E+00, 2.809334E+02, 2.691072E+02, 2.689090E+02
2024-01-15 21:07:30,1, 8.138652E+01, 2.677880E+02, 1.736391E+00, 6.626483E+00, 2.806896E+02, 2.685846E+02, 2.685378E+02
2024-01-15 21:22:30,1, 5.434826E+01, 2.672928E+02, 1.599094E+00, 4.608272E+00, 2.804409E+02, 2.679342E+02, 2.679678E+02
2024-01-15 21:37:30,1, 2.635072E+01, 2.667783E+02, 1.348011E+00, 3.260504E+00, 2.801860E+02, 2.672785E+02, 2.673697E+02
2024-01-15 21:52:30,1, 0.000000E+00, 2.662607E+02, 0.000000E+00, 8.490234E-01, 2.799295E+02, 2.666603E+02, 2.667558E+02
2024-01-15 22:07:30,1, 0.000000E+00, 2.658242E+02, 0.000000E+00, 1.476565E+00, 2.796997E+02, 2.662072E+02, 2.662564E+02
2024-01-15 22:22:30,1, 0.000000E+00, 2.653519E+02, 0.000000E+00, 3.374274E+00, 2.794789E+02, 2.658091E+02, 2.658310E+02
2024-01-15 22:37:30,1, 0.000000E+00, 2.648623E+02, 0.000000E+00, 4.047825E+00, 2.792687E+02, 2.653623E+02, 2.653659E+02
2024-01-15 22:52:30,1, 0.000000E+00, 2.643708E+02, 0.000000E+00, 4.218928E+00, 2.790669E+02, 2.649057E+02, 2.648859E+02
2024-01-15 23:07:30,1, 0.000000E+00, 2.640893E+02, 0.000000E+00, 1.804437E+00, 2.789213E+02, 2.643922E+02, 2.643856E+02
2024-01-15 23:22:30,1, 0.000000E+00, 2.639110E+02, 0.000000E+00, 1.313089E+00, 2.787767E+02, 2.641661E+02, 2.641211E+02
2024-01-15 23:37:30,1, 0.000000E+00, 2.637567E+02, 0.000000E+00, 1.463468E+00, 2.786344E+02, 2.639884E+02, 2.639432E+02
2024-01-15 23:52:30,1, 0.000000E+00, 2.636125E+02, 0.000000E+00, 1.619127E+00, 2.784953E+02, 2.638221E+02, 2.637854E+02
2024-01-15 00:07:30,2, 0.000000E+00, 2.655663E+02, 0.000000E+00, 4.695366E+02, 2.878166E+02, 2.859002E+02, 2.873954E+02
2024-01-15 00:22:30,2, 0.000000E+00, 2.640904E+02, 0.000000E+00, 2.341395E+01, 2.872247E+02, 2.640761E+02, 2.651182E+02
2024-01-15 00:37:30,2, 0.000000E+00, 2.647453E+02, 0.000000E+00, 5.319073E+00, 2.864168E+02, 2.648962E+02, 2.643357E+02
2024-01-15 00:52:30,2, 0.000000E+00, 2.646224E+02, 0.000000E+00, 5.909382E+00, 2.856414E+02, 2.652695E+02, 2.649054E+02
2024-01-15 01:07:30,2, 0.000000E+00, 2.643788E+02, 0.000000E+00, 3.907523E+00, 2.849963E+02, 2.650373E+02, 2.647515E+02
2024-01-15 01:22:30,2, 0.000000E+00, 2.641786E+02, 0.000000E+00, 3.099733E+00, 2.844482E+02, 2.647676E+02, 2.645005E+02
2024-01-15 01:37:30,2, 0.000000E+00, 2.639870E+02, 0.000000E+00, 2.841535E+00, 2.839722E+02, 2.645577E+02, 2.642976E+02
2024-01-15 01:52:30,2, 0.000000E+00, 2.637965E+02, 0.000000E+00, 2.708939E+00, 2.835538E+02, 2.643538E+02, 2.641026E+02
2024-01-15 02:07:30,2, 0.000000E+00, 2.636286E+02, 0.000000E+00, 2.566877E+00, 2.831793E+02, 2.641531E+02, 2.639092E+02
2024-01-15 02:22:30,2, 0.000000E+00, 2.634852E+02, 0.000000E+00, 2.445178E+00, 2.828364E+02, 2.639768E+02, 2.637388E+02
2024-01-15 02:37:30,2, 0.000000E+00, 2.633441E+02, 0.000000E+00, 2.383503E+00, 2.825187E+02, 2.638244E+02, 2.635927E+02
2024-01-15 02:52:30,2, 0.000000E+00, 2.632031E+02, 0.000000E+00, 2.326576E+00, 2.822227E+02, 2.636728E+02, 2.634485E+02
2024-01-15 03:07:30,2, 0.000000E+00, 2.630683E+02, 0.000000E+00, 2.302637E+00, 2.819459E+02, 2.635233E+02, 2.633050E+02
2024-01-15 03:22:30,2, 0.000000E+00, 2.629401E+02, 0.000000E+00, 2.296478E+00, 2.816857E+02, 2.633813E+02, 2.631680E+02
2024-01-15 03:37:30,2, 0.000000E+00, 2.628129E+02, 0.000000E+00, 2.269772E+00, 2.814398E+02, 2.632461E+02, 2.630377E+02
2024-01-15 03:52:30,2, 0.000000E+00, 2.626862E+02, 0.000000E+00, 2.233350E+00, 2.812066E+02, 2.631123E+02, 2.629086E+02
2024-01-15 04:07:30,2, 0.000000E+00, 2.625751E+02, 0.000000E+00, 2.184972E+00, 2.809860E+02, 2.629830E+02, 2.627811E+02
2024-01-15 04:22:30,2, 0.000000E+00, 2.624814E+02, 0.000000E+00, 2.151420E+00, 2.807765E+02, 2.628733E+02, 2.626704E+02
2024-01-15 04:37:30,2, 0.000000E+00, 2.623892E+02, 0.000000E+00, 2.142073E+00, 2.805755E+02, 2.627790E+02, 2.625765E+02
2024-01-15 04:52:30,2, 0.000000E+00, 2.622966E+02, 0.000000E+00, 2.122312E+00, 2.803824E+02, 2.626845E+02, 2.624835E+02
2024-01-15 05:07:30,2, 0.000000E+00, 2.622266E+02, 0.000000E+00, 2.022491E+00, 2.802024E+02, 2.625988E+02, 2.623930E+02
2024-01-15 05:22:30,2, 0.000000E+00, 2.621790E+02, 0.000000E+00, 1.910098E+00, 2.800405E+02, 2.625459E+02, 2.623284E+02
2024-01-15 05:37:30,2, 0.000000E+00, 2.621360E+02, 0.000000E+00, 1.902976E+00, 2.798885E+02, 2.625097E+02, 2.622843E+02
2024-01-15 05:52:30,2, 0.000000E+00, 2.620935E+02, 0.000000E+00, 1.896372E+00, 2.797451E+02, 2.624769E+02, 2.622445E+02
2024-01-15 06:07:30,2, 0.000000E+00, 2.620506E+02, 0.000000E+00, 2.031295E+00, 2.796042E+02, 2.624422E+02, 2.622042E+02
2024-01-15 06:22:30,2, 0.000000E+00, 2.620026E+02, 0.000000E+00, 2.193268E+00, 2.794674E+02, 2.624099E+02, 2.621644E+02
2024-01-15 06:37:30,2, 0.000000E+00, 2.619548E+02, 0.000000E+00, 2.241277E+00, 2.793357E+02, 2.623726E+02, 2.621196E+02
2024-01-15 06:52:30,2, 0.000000E+00, 2.619075E+02, 0.000000E+00, 2.255829E+00, 2.792088E+02, 2.623367E+02, 2.620753E+02
2024-01-15 07:07:30,2, 0.000000E+00, 2.618638E+02, 0.000000E+00, 2.105319E+00, 2.790855E+02, 2.622808E+02, 2.620256E+02
2024-01-15 07:22:30,2, 0.000000E+00, 2.618217E+02, 0.000000E+00, 1.869521E+00, 2.789681E+02, 2.622129E+02, 2.619751E+02
2024-01-15 07:37:30,2, 0.000000E+00, 2.617758E+02, 0.000000E+00, 1.783858E+00, 2.788536E+02, 2.621460E+02, 2.619259E+02
2024-01-15 07:52:30,2, 0.000000E+00, 2.617250E+02, 0.000000E+00, 1.719045E+00, 2.787427E+02, 2.620755E+02, 2.618729E+02
2024-01-15 08:07:30,2, 0.000000E+00, 2.616916E+02, 0.000000E+00, 1.643870E+00, 2.786401E+02, 2.620195E+02, 2.618208E+02
2024-01-15 08:22:30,2, 0.000000E+00, 2.616863E+02, 0.000000E+00, 1.622911E+00, 2.785447E+02, 2.619975E+02, 2.617911E+02
2024-01-15 08:37:30,2, 0.000000E+00, 2.616942E+02, 0.000000E+00, 1.687542E+00, 2.784508E+02, 2.619969E+02, 2.617872E+02
2024-01-15 08:52:30,2, 0.000000E+00, 2.617080E+02, 0.000000E+00, 1.763476E+00, 2.783564E+02, 2.620051E+02, 2.617950E+02
2024-01-15 09:07:30,2, 0.000000E+00, 2.617303E+02, 0.000000E+00, 1.794409E+00, 2.782635E+02, 2.620253E+02, 2.618107E+02
2024-01-15 09:22:30,2, 0.000000E+00, 2.617622E+02, 0.000000E+00, 1.808951E+00, 2.781731E+02, 2.620592E+02, 2.618364E+02
2024-01-15 09:37:30,2, 0.000000E+00, 2.617973E+02, 0.000000E+00, 1.847264E+00, 2.780835E+02, 2.620998E+02, 2.618707E+02
2024-01-15 09:52:30,2, 0.000000E+00, 2.618315E+02, 0.000000E+00, 1.875659E+00, 2.779947E+02, 2.621422E+02, 2.619078E+02
2024-01-15 10:07:30,2, 0.000000E+00, 2.618517E+02, 0.000000E+00, 1.863978E+00, 2.779063E+02, 2.621749E+02, 2.619414E+02
2024-01-15 10:22:30,2, 0.000000E+00, 2.618549E+02, 0.000000E+00, 1.796337E+00, 2.778202E+02, 2.621875E+02, 2.619594E+02
2024-01-15 10:37:30,2, 0.000000E+00, 2.618542E+02, 0.000000E+00, 1.717175E+00, 2.777387E+02, 2.621878E+02, 2.619619E+02
2024-01-15 10:52:30,2, 0.000000E+00, 2.618534E+02, 0.000000E+00, 1.664469E+00, 2.776620E+02, 2.621870E+02, 2.619613E+02
2024-01-15 11:07:30,2, 0.000000E+00, 2.618627E+02, 0.000000E+00, 1.607852E+00, 2.775911E+02, 2.621946E+02, 2.619632E+02
2024-01-15 11:22:30,2, 0.000000E+00, 2.618858E+02, 0.000000E+00, 1.578417E+00, 2.775252E+02, 2.622186E+02, 2.619772E+02
2024-01-15 11:37:30,2, 0.000000E+00, 2.619131E+02, 0.000000E+00, 1.602435E+00, 2.774613E+02, 2.622529E+02, 2.620036E+02
2024-01-15 11:52:30,2, 0.000000E+00, 2.619406E+02, 0.000000E+00, 1.628708E+00, 2.773988E+02, 2.622894E+02, 2.620336E+02
2024-01-15 12:07:30,2, 0.000000E+00, 2.619431E+02, 0.000000E+00, 1.672788E+00, 2.773335E+02, 2.623007E+02, 2.620562E+02
2024-01-15 12:22:30,2, 0.000000E+00, 2.619160E+02, 0.000000E+00, 1.645054E+00, 2.772663E+02, 2.622684E+02, 2.620485E+02
2024-01-15 12:37:30,2, 0.000000E+00, 2.618795E+02, 0.000000E+00, 1.526791E+00, 2.772028E+02, 2.622156E+02, 2.620141E+02
2024-01-15 12:52:30,2, 0.000000E+00, 2.618329E+02, 0.000000E+00, 1.405482E+00, 2.771443E+02, 2.621543E+02, 2.619704E+02
2024-01-15 13:07:30,2, 6.457475E+01, 2.625962E+02, 8.058955E-01, 1.238734E+00, 2.771858E+02, 2.626532E+02, 2.622306E+02
2024-01-15 13:22:30,2, 9.585768E+01, 2.626722E+02, 8.754144E-01, 4.642588E+00, 2.771750E+02, 2.635416E+02, 2.630589E+02
2024-01-15 13:37:30,2, 1.258880E+02, 2.629874E+02, 9.713917E-01, 3.653676E+00, 2.772198E+02, 2.637259E+02, 2.632221E+02
2024-01-15 13:52:30,2, 1.545370E+02, 2.632393E+02, 9.997043E-01, 3.876055E+00, 2.772901E+02, 2.642626E+02, 2.636562E+02
2024-01-15 14:07:30,2, 2.225139E+02, 2.638571E+02, 1.063120E+00, 3.935479E+00, 2.774128E+02, 2.649604E+02, 2.641687E+02
2024-01-15 14:22:30,2, 2.537753E+02, 2.641751E+02, 1.168428E+00, 4.452318E+00, 2.775754E+02, 2.657367E+02, 2.648862E+02
2024-01-15 14:37:30,2, 2.829187E+02, 2.646241E+02, 1.264960E+00, 4.566636E+00, 2.777833E+02, 2.661597E+02, 2.652838E+02
2024-01-15 14:52:30,2, 3.098190E+02, 2.650164E+02, 1.325212E+00, 5.012550E+00, 2.780203E+02, 2.667642E+02, 2.658267E+02
2024-01-15 15:07:30,2, 3.576563E+02, 2.655244E+02, 1.411508E+00, 5.568739E+00, 2.783168E+02, 2.674352E+02, 2.663857E+02
2024-01-15 15:22:30,2, 3.812735E+02, 2.658774E+02, 1.520156E+00, 6.311948E+00, 2.786361E+02, 2.680361E+02, 2.669582E+02
2024-01-15 15:37:30,2, 4.021548E+02, 2.662929E+02, 1.615173E+00, 6.710370E+00, 2.789731E+02, 2.684686E+02, 2.673683E+02
2024-01-15 15:52:30,2, 4.202106E+02, 2.666786E+02, 1.688233E+00, 7.234232E+00, 2.793170E+02, 2.689743E+02, 2.678413E+02
2024-01-15 16:07:30,2, 4.465689E+02, 2.670622E+02, 1.776338E+00, 7.917678E+00, 2.796825E+02, 2.695006E+02, 2.683129E+02
2024-01-15 16:22:30,2, 4.590680E+02, 2.673514E+02, 1.875306E+00, 8.641561E+00, 2.800431E+02, 2.699248E+02, 2.687285E+02
2024-01-15 16:37:30,2, 4.684697E+02, 2.676742E+02, 1.955692E+00, 9.067698E+00, 2.803930E+02, 2.702506E+02, 2.690452E+02
2024-01-15 16:52:30,2, 4.747335E+02, 2.679781E+02, 2.019883E+00, 9.548675E+00, 2.807251E+02, 2.706058E+02, 2.693909E+02
2024-01-15 17:07:30,2, 4.797878E+02, 2.682391E+02, 2.091593E+00, 9.955818E+00, 2.810391E+02, 2.709262E+02, 2.697104E+02
2024-01-15 17:22:30,2, 4.797088E+02, 2.684552E+02, 2.158760E+00, 1.026939E+01, 2.813262E+02, 2.711721E+02, 2.699694E+02
2024-01-15 17:37:30,2, 4.764394E+02, 2.686816E+02, 2.210972E+00, 1.053561E+01, 2.815823E+02, 2.713636E+02, 2.701766E+02
2024-01-15 17:52:30,2, 4.699934E+02, 2.688964E+02, 2.252433E+00, 1.082704E+01, 2.818035E+02, 2.715513E+02, 2.703857E+02
2024-01-15 18:07:30,2, 4.508550E+02, 2.689456E+02, 2.293523E+00, 1.115902E+01, 2.819679E+02, 2.716193E+02, 2.705242E+02
2024-01-15 18:22:30,2, 4.384156E+02, 2.689558E+02, 2.306005E+00, 1.121343E+01, 2.820905E+02, 2.715778E+02, 2.705222E+02
2024-01-15 18:37:30,2, 4.229860E+02, 2.689723E+02, 2.297038E+00, 1.112310E+01, 2.821684E+02, 2.714961E+02, 2.704774E+02
2024-01-15 18:52:30,2, 4.046323E+02, 2.689777E+02, 2.278448E+00, 1.102064E+01, 2.822001E+02, 2.714031E+02, 2.704295E+02
2024-01-15 19:07:30,2, 3.662845E+02, 2.689358E+02, 2.257308E+00, 1.081693E+01, 2.821624E+02, 2.711571E+02, 2.702947E+02
2024-01-15 19:22:30,2, 3.434020E+02, 2.689904E+02, 2.198105E+00, 1.055899E+01, 2.820873E+02, 2.709950E+02, 2.701827E+02
2024-01-15 19:37:30,2, 3.179859E+02, 2.689999E+02, 2.163866E+00, 1.047413E+01, 2.819754E+02, 2.708903E+02, 2.701493E+02
2024-01-15 19:52:30,2, 2.901451E+02, 2.690049E+02, 2.140281E+00, 1.022226E+01, 2.818302E+02, 2.707026E+02, 2.700532E+02
2024-01-15 20:07:30,2, 2.137887E+02, 2.686995E+02, 2.097830E+00, 9.693371E+00, 2.816252E+02, 2.701788E+02, 2.697615E+02
2024-01-15 20:22:30,2, 1.872109E+02, 2.685975E+02, 1.962427E+00, 8.723576E+00, 2.814092E+02, 2.697388E+02, 2.693747E+02
2024-01-15 20:37:30,2, 1.589573E+02, 2.684345E+02, 1.877263E+00, 8.439792E+00, 2.811806E+02, 2.694808E+02, 2.691793E+02
2024-01-15 20:52:30,2, 1.291489E+02, 2.682536E+02, 1.818963E+00, 7.911270E+00, 2.809469E+02, 2.691069E+02, 2.689000E+02
2024-01-15 21:07:30,2, 8.138652E+01, 2.677877E+02, 1.736811E+00, 6.629096E+00, 2.807029E+02, 2.686051E+02, 2.685384E+02
2024-01-15 21:22:30,2, 5.434826E+01, 2.672926E+02, 1.599815E+00, 4.613511E+00, 2.804539E+02, 2.679607E+02, 2.679717E+02
2024-01-15 21:37:30,2, 2.635072E+01, 2.667787E+02, 1.354343E+00, 3.269096E+00, 2.801985E+02, 2.673153E+02, 2.673788E+02
2024-01-15 21:52:30,2, 0.000000E+00, 2.662617E+02, 0.000000E+00, 8.539202E-01, 2.799411E+02, 2.667097E+02, 2.667708E+02
2024-01-15 22:07:30,2, 0.000000E+00, 2.658248E+02, 0.000000E+00, 1.480935E+00, 2.797106E+02, 2.662555E+02, 2.662716E+02
2024-01-15 22:22:30,2, 0.000000E+00, 2.653522E+02, 0.000000E+00, 3.377054E+00, 2.794893E+02, 2.658572E+02, 2.658458E+02
2024-01-15 22:37:30,2, 0.000000E+00, 2.648627E+02, 0.000000E+00, 4.049213E+00, 2.792787E+02, 2.654094E+02, 2.653802E+02
2024-01-15 22:52:30,2, 0.000000E+00, 2.643713E+02, 0.000000E+00, 4.220443E+00, 2.790764E+02, 2.649527E+02, 2.649002E+02
2024-01-15 23:07:30,2, 0.000000E+00, 2.640913E+02, 0.000000E+00, 1.813023E+00, 2.789303E+02, 2.644457E+02, 2.644023E+02
2024-01-15 23:22:30,2, 0.000000E+00, 2.639137E+02, 0.000000E+00, 1.313700E+00, 2.787853E+02, 2.642191E+02, 2.641385E+02
2024-01-15 23:37:30,2, 0.000000E+00, 2.637584E+02, 0.000000E+00, 1.464227E+00, 2.786429E+02, 2.640442E+02, 2.639617E+02
2024-01-15 23:52:30,2, 0.000000E+00, 2.636117E+02, 0.000000E+00, 1.619749E+00, 2.785036E+02, 2.638795E+02, 2.638036E+02
2024-01-16 00:07:30,1, 0.000000E+00, 2.635447E+02, 0.000000E+00, 1.587589E+00, 2.783648E+02, 2.637195E+02, 2.636537E+02
2024-01-16 00:22:30,1, 0.000000E+00, 2.636107E+02, 0.000000E+00, 1.456265E+00, 2.782483E+02, 2.637287E+02, 2.636092E+02
2024-01-16 00:37:30,1, 0.000000E+00, 2.637830E+02, 0.000000E+00, 1.390442E+00, 2.781460E+02, 2.638509E+02, 2.636921E+02
2024-01-16 00:52:30,1, 0.000000E+00, 2.640358E+02, 0.000000E+00, 1.357256E+00, 2.780580E+02, 2.640609E+02, 2.638758E+02
2024-01-16 01:07:30,1, 0.000000E+00, 2.643427E+02, 0.000000E+00, 1.369866E+00, 2.779849E+02, 2.643463E+02, 2.641386E+02
2024-01-16 01:22:30,1, 0.000000E+00, 2.646810E+02, 0.000000E+00, 1.421444E+00, 2.779271E+02, 2.646836E+02, 2.644551E+02
2024-01-16 01:37:30,1, 0.000000E+00, 2.650397E+02, 0.000000E+00, 1.482988E+00, 2.778836E+02, 2.650454E+02, 2.648010E+02
2024-01-16 01:52:30,1, 0.000000E+00, 2.654127E+02, 0.000000E+00, 1.556024E+00, 2.778533E+02, 2.654247E+02, 2.651665E+02
2024-01-16 02:07:30,1, 0.000000E+00, 2.657570E+02, 0.000000E+00, 1.653732E+00, 2.778321E+02, 2.657905E+02, 2.655377E+02
2024-01-16 02:22:30,1, 0.000000E+00, 2.660381E+02, 0.000000E+00, 1.777546E+00, 2.778160E+02, 2.661035E+02, 2.658731E+02
2024-01-16 02:37:30,1, 0.000000E+00, 2.662693E+02, 0.000000E+00, 1.910444E+00, 2.778039E+02, 2.663608E+02, 2.661474E+02
2024-01-16 02:52:30,1, 0.000000E+00, 2.664624E+02, 0.000000E+00, 2.057337E+00, 2.777947E+02, 2.665772E+02, 2.663745E+02
2024-01-16 03:07:30,1, 0.000000E+00, 2.666481E+02, 0.000000E+00, 2.124904E+00, 2.777885E+02, 2.667711E+02, 2.665681E+02
2024-01-16 03:22:30,1, 0.000000E+00, 2.668527E+02, 0.000000E+00, 2.096930E+00, 2.777861E+02, 2.669712E+02, 2.667586E+02
2024-01-16 03:37:30,1, 0.000000E+00, 2.670727E+02, 0.000000E+00, 2.095202E+00, 2.777874E+02, 2.671898E+02, 2.669678E+02
2024-01-16 03:52:30,1, 0.000000E+00, 2.673029E+02, 0.000000E+00, 2.116709E+00, 2.777928E+02, 2.674209E+02, 2.671916E+02
2024-01-16 04:07:30,1, 0.000000E+00, 2.674892E+02, 0.000000E+00, 2.199527E+00, 2.777984E+02, 2.676274E+02, 2.674149E+02
2024-01-16 04:22:30,1, 0.000000E+00, 2.675897E+02, 0.000000E+00, 2.328245E+00, 2.778007E+02, 2.677583E+02, 2.675846E+02
2024-01-16 04:37:30,1, 0.000000E+00, 2.676314E+02, 0.000000E+00, 2.321800E+00, 2.777989E+02, 2.678134E+02, 2.676713E+02
2024-01-16 04:52:30,1, 0.000000E+00, 2.676380E+02, 0.000000E+00, 2.199760E+00, 2.777927E+02, 2.678248E+02, 2.677038E+02
2024-01-16 05:07:30,1, 0.000000E+00, 2.676497E+02, 0.000000E+00, 1.974791E+00, 2.777848E+02, 2.678342E+02, 2.677113E+02
2024-01-16 05:22:30,1, 0.000000E+00, 2.676906E+02, 0.000000E+00, 1.747293E+00, 2.777782E+02, 2.678752E+02, 2.677319E+02
2024-01-16 05:37:30,1, 0.000000E+00, 2.677475E+02, 0.000000E+00, 1.614635E+00, 2.777735E+02, 2.679406E+02, 2.677803E+02
2024-01-16 05:52:30,1, 0.000000E+00, 2.678079E+02, 0.000000E+00, 1.551163E+00, 2.777709E+02, 2.680171E+02, 2.678432E+02
2024-01-16 06:07:30,1, 0.000000E+00, 2.678195E+02, 0.000000E+00, 1.808998E+00, 2.777688E+02, 2.680864E+02, 2.679063E+02
2024-01-16 06:22:30,1, 0.000000E+00, 2.676940E+02, 0.000000E+00, 2.726873E+00, 2.777571E+02, 2.681013E+02, 2.679189E+02
2024-01-16 06:37:30,1, 0.000000E+00, 2.676470E+02, 0.000000E+00, 1.608966E+00, 2.777520E+02, 2.679771E+02, 2.677937E+02
2024-01-16 06:52:30,1, 0.000000E+00, 2.675676E+02, 0.000000E+00, 1.642441E+00, 2.777408E+02, 2.679686E+02, 2.677583E+02
2024-01-16 07:07:30,1, 0.000000E+00, 2.673037E+02, 0.000000E+00, 1.220628E+00, 2.777185E+02, 2.678907E+02, 2.676791E+02
2024-01-16 07:22:30,1, 0.000000E+00, 2.669145E+02, 0.000000E+00,-4.203415E-02, 2.776901E+02, 2.676187E+02, 2.674123E+02
2024-01-16 07:37:30,1, 0.000000E+00, 2.665424E+02, 0.000000E+00,-6.587999E-01, 2.776561E+02, 2.672510E+02, 2.670290E+02
2024-01-16 07:52:30,1, 0.000000E+00, 2.661739E+02, 0.000000E+00,-9.555914E-01, 2.776142E+02, 2.669252E+02, 2.666699E+02
2024-01-16 08:07:30,1, 0.000000E+00, 2.659260E+02, 0.000000E+00,-6.769374E-01, 2.775715E+02, 2.666012E+02, 2.663141E+02
2024-01-16 08:22:30,1, 0.000000E+00, 2.658032E+02, 0.000000E+00,-2.623347E-01, 2.775323E+02, 2.664111E+02, 2.660830E+02
2024-01-16 08:37:30,1, 0.000000E+00, 2.656500E+02, 0.000000E+00,-1.752686E-01, 2.774921E+02, 2.663242E+02, 2.659705E+02
2024-01-16 08:52:30,1, 0.000000E+00, 2.654964E+02, 0.000000E+00,-1.715457E-01, 2.774541E+02, 2.661833E+02, 2.658206E+02
2024-01-16 09:07:30,1, 0.000000E+00, 2.655600E+02, 0.000000E+00,-1.479618E-01, 2.774266E+02, 2.660717E+02, 2.656795E+02
2024-01-16 09:22:30,1, 0.000000E+00, 2.658358E+02, 0.000000E+00,-1.099896E-01, 2.774225E+02, 2.661994E+02, 2.657624E+02
2024-01-16 09:37:30,1, 0.000000E+00, 2.658561E+02, 0.000000E+00,-1.639735E-01, 2.774063E+02, 2.665001E+02, 2.660455E+02
2024-01-16 09:52:30,1, 0.000000E+00, 2.660843E+02, 0.000000E+00,-1.184465E-01, 2.774135E+02, 2.665037E+02, 2.660610E+02
2024-01-16 10:07:30,1, 0.000000E+00, 2.661397E+02, 0.000000E+00,-2.043588E-01, 2.774126E+02, 2.667657E+02, 2.662991E+02
2024-01-16 10:22:30,1, 0.000000E+00, 2.662603E+02, 0.000000E+00,-2.688156E-01, 2.774276E+02, 2.667917E+02, 2.663457E+02
2024-01-16 10:37:30,1, 0.000000E+00, 2.663620E+02, 0.000000E+00,-3.252309E-01, 2.774454E+02, 2.669304E+02, 2.664716E+02
2024-01-16 10:52:30,1, 0.000000E+00, 2.664675E+02, 0.000000E+00,-3.499783E-01, 2.774684E+02, 2.670288E+02, 2.665722E+02
2024-01-16 11:07:30,1, 0.000000E+00, 2.665650E+02, 0.000000E+00,-2.818780E-01, 2.774945E+02, 2.671413E+02, 2.666798E+02
2024-01-16 11:22:30,1, 0.000000E+00, 2.666580E+02, 0.000000E+00,-1.641548E-01, 2.775264E+02, 2.672457E+02, 2.667794E+02
2024-01-16 11:37:30,1, 0.000000E+00, 2.667550E+02, 0.000000E+00,-1.145403E-01, 2.775623E+02, 2.673461E+02, 2.668747E+02
2024-01-16 11:52:30,1, 0.000000E+00, 2.668504E+02, 0.000000E+00,-9.628080E-02, 2.776008E+02, 2.674520E+02, 2.669744E+02
2024-01-16 12:07:30,1, 0.000000E+00, 2.669171E+02, 0.000000E+00,-4.101953E-02, 2.776409E+02, 2.675463E+02, 2.670695E+02
2024-01-16 12:22:30,1, 0.000000E+00, 2.669710E+02, 0.000000E+00, 2.798754E-02, 2.776859E+02, 2.676049E+02, 2.671339E+02
2024-01-16 12:37:30,1, 0.000000E+00, 2.670350E+02, 0.000000E+00, 4.655068E-02, 2.777340E+02, 2.676561E+02, 2.671870E+02
2024-01-16 12:52:30,1, 0.000000E+00, 2.670934E+02, 0.000000E+00, 4.671439E-02, 2.777837E+02, 2.677193E+02, 2.672508E+02
2024-01-16 13:07:30,1, 1.252893E+01, 2.673358E+02, 1.176166E+00, 1.233815E+00, 2.778633E+02, 2.678763E+02, 2.673795E+02
2024-01-16 13:22:30,1, 1.851059E+01, 2.674555E+02, 1.363345E+00, 2.717330E+00, 2.779585E+02, 2.681662E+02, 2.676536E+02
2024-01-16 13:37:30,1, 2.425353E+01, 2.676950E+02, 1.478879E+00, 2.998715E+00, 2.780714E+02, 2.682951E+02, 2.677892E+02
2024-01-16 13:52:30,1, 2.973315E+01, 2.678281E+02, 1.539786E+00, 3.966625E+00, 2.781870E+02, 2.685865E+02, 2.680595E+02
2024-01-16 14:07:30,1, 3.945437E+01, 2.679928E+02, 1.620987E+00, 4.173300E+00, 2.783235E+02, 2.687739E+02, 2.682309E+02
2024-01-16 14:22:30,1, 4.497142E+01, 2.680373E+02, 1.664702E+00, 4.690611E+00, 2.784749E+02, 2.689755E+02, 2.684198E+02
2024-01-16 14:37:30,1, 5.011577E+01, 2.681565E+02, 1.705690E+00, 4.472118E+00, 2.786376E+02, 2.690461E+02, 2.684829E+02
2024-01-16 14:52:30,1, 5.486539E+01, 2.682356E+02, 1.723909E+00, 4.768917E+00, 2.788014E+02, 2.692199E+02, 2.686305E+02
2024-01-16 15:07:30,1, 5.297556E+01, 2.682800E+02, 1.752207E+00, 4.440219E+00, 2.789589E+02, 2.692667E+02, 2.686951E+02
2024-01-16 15:22:30,1, 5.646633E+01, 2.683692E+02, 1.762542E+00, 3.953221E+00, 2.791211E+02, 2.693657E+02, 2.687643E+02
2024-01-16 15:37:30,1, 5.955411E+01, 2.684260E+02, 1.783962E+00, 3.959752E+00, 2.792836E+02, 2.694989E+02, 2.688740E+02
2024-01-16 15:52:30,1, 6.222568E+01, 2.684963E+02, 1.810118E+00, 3.914568E+00, 2.794448E+02, 2.695863E+02, 2.689456E+02
2024-01-16 16:07:30,1, 7.333951E+01, 2.685805E+02, 1.833044E+00, 4.368111E+00, 2.796155E+02, 2.697807E+02, 2.690788E+02
2024-01-16 16:22:30,1, 7.539473E+01, 2.685752E+02, 1.873179E+00, 4.923490E+00, 2.797782E+02, 2.698705E+02, 2.691685E+02
2024-01-16 16:37:30,1, 7.694374E+01, 2.686208E+02, 1.889789E+00, 4.913047E+00, 2.799318E+02, 2.698786E+02, 2.691693E+02
2024-01-16 16:52:30,1, 7.797989E+01, 2.686501E+02, 1.891828E+00, 5.054757E+00, 2.800727E+02, 2.699463E+02, 2.692223E+02
2024-01-16 17:07:30,1, 6.758210E+01, 2.686198E+02, 1.897940E+00, 5.383508E+00, 2.801716E+02, 2.698584E+02, 2.691884E+02
2024-01-16 17:22:30,1, 6.758154E+01, 2.686580E+02, 1.876222E+00, 5.766731E+00, 2.802436E+02, 2.698225E+02, 2.691490E+02
2024-01-16 17:37:30,1, 6.713372E+01, 2.686587E+02, 1.867252E+00, 6.079397E+00, 2.802975E+02, 2.698353E+02, 2.691716E+02
2024-01-16 17:52:30,1, 6.624056E+01, 2.686621E+02, 1.867764E+00, 6.115057E+00, 2.803406E+02, 2.697930E+02, 2.691503E+02
2024-01-16 18:07:30,1, 9.470579E+01, 2.687214E+02, 1.872300E+00, 7.722487E+00, 2.804136E+02, 2.699969E+02, 2.692555E+02
2024-01-16 18:22:30,1, 9.212244E+01, 2.685215E+02, 1.917368E+00, 9.710420E+00, 2.804534E+02, 2.699291E+02, 2.692581E+02
2024-01-16 18:37:30,1, 8.891425E+01, 2.683816E+02, 1.901417E+00, 9.777964E+00, 2.804686E+02, 2.696551E+02, 2.690220E+02
2024-01-16 18:52:30,1, 8.509497E+01, 2.682362E+02, 1.848942E+00, 9.887612E+00, 2.804604E+02, 2.694771E+02, 2.688591E+02
2024-01-16 19:07:30,1, 1.389203E+02, 2.683862E+02, 1.824966E+00, 1.012762E+01, 2.805309E+02, 2.697184E+02, 2.689064E+02
2024-01-16 19:22:30,1, 1.303286E+02, 2.682425E+02, 1.879662E+00, 1.059358E+01, 2.805623E+02, 2.697205E+02, 2.689941E+02
2024-01-16 19:37:30,1, 1.207821E+02, 2.681540E+02, 1.873732E+00, 1.029144E+01, 2.805630E+02, 2.694568E+02, 2.687974E+02
2024-01-16 19:52:30,1, 1.103218E+02, 2.680630E+02, 1.821619E+00, 1.025831E+01, 2.805334E+02, 2.692837E+02, 2.686671E+02
2024-01-16 20:07:30,1, 1.531564E+02, 2.681811E+02, 1.791931E+00, 1.019636E+01, 2.805408E+02, 2.694685E+02, 2.687220E+02
2024-01-16 20:22:30,1, 1.343587E+02, 2.679730E+02, 1.834171E+00, 1.013337E+01, 2.804792E+02, 2.693722E+02, 2.687481E+02
2024-01-16 20:37:30,1, 1.143720E+02, 2.678084E+02, 1.806737E+00, 9.578448E+00, 2.803695E+02, 2.689727E+02, 2.684546E+02
2024-01-16 20:52:30,1, 9.328197E+01, 2.676394E+02, 1.727659E+00, 9.281174E+00, 2.802193E+02, 2.686478E+02, 2.682130E+02
2024-01-16 21:07:30,1, 6.378208E+01, 2.673925E+02, 1.656701E+00, 7.965242E+00, 2.800315E+02, 2.682575E+02, 2.679369E+02
2024-01-16 21:22:30,1, 4.315286E+01, 2.671582E+02, 1.561898E+00, 6.297369E+00, 2.798199E+02, 2.678648E+02, 2.676182E+02
2024-01-16 21:37:30,1, 2.178898E+01, 2.669097E+02, 1.372460E+00, 5.407081E+00, 2.795919E+02, 2.674779E+02, 2.673065E+02
2024-01-16 21:52:30,1, 0.000000E+00, 2.666619E+02, 0.000000E+00, 3.086380E+00, 2.793530E+02, 2.670962E+02, 2.669737E+02
2024-01-16 22:07:30,1, 0.000000E+00, 2.664317E+02, 0.000000E+00, 2.423111E+00, 2.791274E+02, 2.668096E+02, 2.667144E+02
2024-01-16 22:22:30,1, 0.000000E+00, 2.661286E+02, 0.000000E+00, 2.215690E+00, 2.788978E+02, 2.664870E+02, 2.664568E+02
2024-01-16 22:37:30,1, 0.000000E+00, 2.658114E+02, 0.000000E+00, 2.020001E+00, 2.786697E+02, 2.660935E+02, 2.661269E+02
2024-01-16 22:52:30,1, 0.000000E+00, 2.654822E+02, 0.000000E+00, 1.852864E+00, 2.784465E+02, 2.656921E+02, 2.657847E+02
2024-01-16 23:07:30,1, 0.000000E+00, 2.651886E+02, 0.000000E+00, 1.590636E+00, 2.782409E+02, 2.653272E+02, 2.654449E+02
2024-01-16 23:22:30,1, 0.000000E+00, 2.649528E+02, 0.000000E+00, 1.345986E+00, 2.780568E+02, 2.650602E+02, 2.651587E+02
2024-01-16 23:37:30,1, 0.000000E+00, 2.647437E+02, 0.000000E+00, 1.269537E+00, 2.778869E+02, 2.648413E+02, 2.649277E+02
2024-01-16 23:52:30,1, 0.000000E+00, 2.645509E+02, 0.000000E+00, 1.237597E+00, 2.777274E+02, 2.646442E+02, 2.647219E+02
2024-01-16 00:07:30,2, 0.000000E+00, 2.635425E+02, 0.000000E+00, 1.587555E+00, 2.783730E+02, 2.637685E+02, 2.636678E+02
2024-01-16 00:22:30,2, 0.000000E+00, 2.636087E+02, 0.000000E+00, 1.456168E+00, 2.782564E+02, 2.637739E+02, 2.636212E+02
2024-01-16 00:37:30,2, 0.000000E+00, 2.637811E+02, 0.000000E+00, 1.390517E+00, 2.781538E+02, 2.638957E+02, 2.637041E+02
2024-01-16 00:52:30,2, 0.000000E+00, 2.640341E+02, 0.000000E+00, 1.357446E+00, 2.780656E+02, 2.641031E+02, 2.638871E+02
2024-01-16 01:07:30,2, 0.000000E+00, 2.643413E+02, 0.000000E+00, 1.370134E+00, 2.779924E+02, 2.643867E+02, 2.641495E+02
2024-01-16 01:22:30,2, 0.000000E+00, 2.646800E+02, 0.000000E+00, 1.421807E+00, 2.779343E+02, 2.647229E+02, 2.644659E+02
2024-01-16 01:37:30,2, 0.000000E+00, 2.650390E+02, 0.000000E+00, 1.483458E+00, 2.778907E+02, 2.650837E+02, 2.648118E+02
2024-01-16 01:52:30,2, 0.000000E+00, 2.654122E+02, 0.000000E+00, 1.556600E+00, 2.778602E+02, 2.654620E+02, 2.651772E+02
2024-01-16 02:07:30,2, 0.000000E+00, 2.657565E+02, 0.000000E+00, 1.654409E+00, 2.778388E+02, 2.658274E+02, 2.655486E+02
2024-01-16 02:22:30,2, 0.000000E+00, 2.660377E+02, 0.000000E+00, 1.778311E+00, 2.778226E+02, 2.661407E+02, 2.658841E+02
2024-01-16 02:37:30,2, 0.000000E+00, 2.662684E+02, 0.000000E+00, 1.911241E+00, 2.778104E+02, 2.663988E+02, 2.661587E+02
2024-01-16 02:52:30,2, 0.000000E+00, 2.664612E+02, 0.000000E+00, 2.057903E+00, 2.778011E+02, 2.666138E+02, 2.663850E+02
2024-01-16 03:07:30,2, 0.000000E+00, 2.666475E+02, 0.000000E+00, 2.125232E+00, 2.777948E+02, 2.668043E+02, 2.665774E+02
2024-01-16 03:22:30,2, 0.000000E+00, 2.668533E+02, 0.000000E+00, 2.097857E+00, 2.777922E+02, 2.670035E+02, 2.667679E+02
2024-01-16 03:37:30,2, 0.000000E+00, 2.670744E+02, 0.000000E+00, 2.097207E+00, 2.777934E+02, 2.672222E+02, 2.669780E+02
2024-01-16 03:52:30,2, 0.000000E+00, 2.673054E+02, 0.000000E+00, 2.119759E+00, 2.777986E+02, 2.674528E+02, 2.672024E+02
2024-01-16 04:07:30,2, 0.000000E+00, 2.674924E+02, 0.000000E+00, 2.204135E+00, 2.778042E+02, 2.676595E+02, 2.674264E+02
2024-01-16 04:22:30,2, 0.000000E+00, 2.675935E+02, 0.000000E+00, 2.335404E+00, 2.778063E+02, 2.677911E+02, 2.675967E+02
2024-01-16 04:37:30,2, 0.000000E+00, 2.676351E+02, 0.000000E+00, 2.330066E+00, 2.778044E+02, 2.678482E+02, 2.676845E+02
2024-01-16 04:52:30,2, 0.000000E+00, 2.676413E+02, 0.000000E+00, 2.206819E+00, 2.777981E+02, 2.678599E+02, 2.677170E+02
2024-01-16 05:07:30,2, 0.000000E+00, 2.676527E+02, 0.000000E+00, 1.979312E+00, 2.777902E+02, 2.678686E+02, 2.677240E+02
2024-01-16 05:22:30,2, 0.000000E+00, 2.676935E+02, 0.000000E+00, 1.750459E+00, 2.777836E+02, 2.679084E+02, 2.677441E+02
2024-01-16 05:37:30,2, 0.000000E+00, 2.677503E+02, 0.000000E+00, 1.617896E+00, 2.777788E+02, 2.679730E+02, 2.677922E+02
2024-01-16 05:52:30,2, 0.000000E+00, 2.678103E+02, 0.000000E+00, 1.555485E+00, 2.777760E+02, 2.680490E+02, 2.678548E+02
2024-01-16 06:07:30,2, 0.000000E+00, 2.678200E+02, 0.000000E+00, 1.820935E+00, 2.777739E+02, 2.681181E+02, 2.679176E+02
2024-01-16 06:22:30,2, 0.000000E+00, 2.676944E+02, 0.000000E+00, 2.718028E+00, 2.777621E+02, 2.681295E+02, 2.679279E+02
2024-01-16 06:37:30,2, 0.000000E+00, 2.676477E+02, 0.000000E+00, 1.606352E+00, 2.777568E+02, 2.680058E+02, 2.678027E+02
2024-01-16 06:52:30,2, 0.000000E+00, 2.675681E+02, 0.000000E+00, 1.640740E+00, 2.777454E+02, 2.679968E+02, 2.677674E+02
2024-01-16 07:07:30,2, 0.000000E+00, 2.673043E+02, 0.000000E+00, 1.216370E+00, 2.777230E+02, 2.679184E+02, 2.676879E+02
2024-01-16 07:22:30,2, 0.000000E+00, 2.669152E+02, 0.000000E+00,-4.407929E-02, 2.776946E+02, 2.676460E+02, 2.674211E+02
2024-01-16 07:37:30,2, 0.000000E+00, 2.665426E+02, 0.000000E+00,-6.582965E-01, 2.776605E+02, 2.672829E+02, 2.670391E+02
2024-01-16 07:52:30,2, 0.000000E+00, 2.661740E+02, 0.000000E+00,-9.545404E-01, 2.776186E+02, 2.669550E+02, 2.666791E+02
2024-01-16 08:07:30,2, 0.000000E+00, 2.659260E+02, 0.000000E+00,-6.753031E-01, 2.775758E+02, 2.666327E+02, 2.663236E+02
2024-01-16 08:22:30,2, 0.000000E+00, 2.658038E+02, 0.000000E+00,-2.623998E-01, 2.775366E+02, 2.664370E+02, 2.660910E+02
2024-01-16 08:37:30,2, 0.000000E+00, 2.656507E+02, 0.000000E+00,-1.750328E-01, 2.774963E+02, 2.663530E+02, 2.659798E+02
2024-01-16 08:52:30,2, 0.000000E+00, 2.654968E+02, 0.000000E+00,-1.715518E-01, 2.774582E+02, 2.662114E+02, 2.658298E+02
2024-01-16 09:07:30,2, 0.000000E+00, 2.655604E+02, 0.000000E+00,-1.477471E-01, 2.774307E+02, 2.660995E+02, 2.656882E+02
2024-01-16 09:22:30,2, 0.000000E+00, 2.658357E+02, 0.000000E+00,-1.098456E-01, 2.774264E+02, 2.662264E+02, 2.657709E+02
2024-01-16 09:37:30,2, 0.000000E+00, 2.658567E+02, 0.000000E+00,-1.631140E-01, 2.774102E+02, 2.665251E+02, 2.660531E+02
2024-01-16 09:52:30,2, 0.000000E+00, 2.660839E+02, 0.000000E+00,-1.179533E-01, 2.774172E+02, 2.665298E+02, 2.660694E+02
2024-01-16 10:07:30,2, 0.000000E+00, 2.661402E+02, 0.000000E+00,-2.032796E-01, 2.774164E+02, 2.667888E+02, 2.663058E+02
2024-01-16 10:22:30,2, 0.000000E+00, 2.662604E+02, 0.000000E+00,-2.679687E-01, 2.774312E+02, 2.668157E+02, 2.663533E+02
2024-01-16 10:37:30,2, 0.000000E+00, 2.663620E+02, 0.000000E+00,-3.242123E-01, 2.774491E+02, 2.669547E+02, 2.664791E+02
2024-01-16 10:52:30,2, 0.000000E+00, 2.664674E+02, 0.000000E+00,-3.490253E-01, 2.774721E+02, 2.670529E+02, 2.665797E+02
2024-01-16 11:07:30,2, 0.000000E+00, 2.665650E+02, 0.000000E+00,-2.809425E-01, 2.774982E+02, 2.671646E+02, 2.666869E+02
2024-01-16 11:22:30,2, 0.000000E+00, 2.666584E+02, 0.000000E+00,-1.633020E-01, 2.775300E+02, 2.672671E+02, 2.667860E+02
2024-01-16 11:37:30,2, 0.000000E+00, 2.667553E+02, 0.000000E+00,-1.136842E-01, 2.775659E+02, 2.673680E+02, 2.668816E+02
2024-01-16 11:52:30,2, 0.000000E+00, 2.668506E+02, 0.000000E+00,-9.539575E-02, 2.776044E+02, 2.674734E+02, 2.669811E+02
2024-01-16 12:07:30,2, 0.000000E+00, 2.669173E+02, 0.000000E+00,-4.012159E-02, 2.776444E+02, 2.675677E+02, 2.670762E+02
2024-01-16 12:22:30,2, 0.000000E+00, 2.669713E+02, 0.000000E+00, 2.875422E-02, 2.776893E+02, 2.676259E+02, 2.671405E+02
2024-01-16 12:37:30,2, 0.000000E+00, 2.670353E+02, 0.000000E+00, 4.728492E-02, 2.777374E+02, 2.676771E+02, 2.671936E+02
2024-01-16 12:52:30,2, 0.000000E+00, 2.670936E+02, 0.000000E+00, 4.748127E-02, 2.777870E+02, 2.677407E+02, 2.672575E+02
2024-01-16 13:07:30,2, 1.252893E+01, 2.673358E+02, 1.178266E+00, 1.236405E+00, 2.778666E+02, 2.678942E+02, 2.673844E+02
2024-01-16 13:22:30,2, 1.851059E+01, 2.674559E+02, 1.364135E+00, 2.718420E+00, 2.779617E+02, 2.681827E+02, 2.676575E+02
2024-01-16 13:37:30,2, 2.425353E+01, 2.676950E+02, 1.479329E+00, 3.002351E+00, 2.780746E+02, 2.683108E+02, 2.677930E+02
2024-01-16 13:52:30,2, 2.973315E+01, 2.678284E+02, 1.540368E+00, 3.966686E+00, 2.781902E+02, 2.686010E+02, 2.680625E+02
2024-01-16 14:07:30,2, 3.945437E+01, 2.679928E+02, 1.621896E+00, 4.176386E+00, 2.783266E+02, 2.687870E+02, 2.682335E+02
2024-01-16 14:22:30,2, 4.497142E+01, 2.680375E+02, 1.665830E+00, 4.691732E+00, 2.784780E+02, 2.689882E+02, 2.684220E+02
2024-01-16 14:37:30,2, 5.011577E+01, 2.681566E+02, 1.706974E+00, 4.474771E+00, 2.786407E+02, 2.690582E+02, 2.684850E+02
2024-01-16 14:52:30,2, 5.486539E+01, 2.682358E+02, 1.725288E+00, 4.771062E+00, 2.788044E+02, 2.692312E+02, 2.686321E+02
2024-01-16 15:07:30,2, 5.297556E+01, 2.682801E+02, 1.753574E+00, 4.443092E+00, 2.789619E+02, 2.692790E+02, 2.686971E+02
2024-01-16 15:22:30,2, 5.646633E+01, 2.683693E+02, 1.763934E+00, 3.956087E+00, 2.791241E+02, 2.693767E+02, 2.687658E+02
2024-01-16 15:37:30,2, 5.955411E+01, 2.684261E+02, 1.785421E+00, 3.962852E+00, 2.792865E+02, 2.695095E+02, 2.688753E+02
2024-01-16 15:52:30,2, 6.222568E+01, 2.684964E+02, 1.811631E+00, 3.917819E+00, 2.794477E+02, 2.695964E+02, 2.689467E+02
2024-01-16 16:07:30,2, 7.333951E+01, 2.685805E+02, 1.834628E+00, 4.371745E+00, 2.796183E+02, 2.697883E+02, 2.690787E+02
2024-01-16 16:22:30,2, 7.539473E+01, 2.685754E+02, 1.874906E+00, 4.927105E+00, 2.797810E+02, 2.698782E+02, 2.691683E+02
2024-01-16 16:37:30,2, 7.694374E+01, 2.686209E+02, 1.891370E+00, 4.917052E+00, 2.799346E+02, 2.698866E+02, 2.691693E+02
2024-01-16 16:52:30,2, 7.797989E+01, 2.686504E+02, 1.893545E+00, 5.058113E+00, 2.800754E+02, 2.699541E+02, 2.692222E+02
2024-01-16 17:07:30,2, 6.758210E+01, 2.686203E+02, 1.899232E+00, 5.386476E+00, 2.801742E+02, 2.698698E+02, 2.691902E+02
2024-01-16 17:22:30,2, 6.758154E+01, 2.686584E+02, 1.877077E+00, 5.770635E+00, 2.802461E+02, 2.698343E+02, 2.691515E+02
2024-01-16 17:37:30,2, 6.713372E+01, 2.686591E+02, 1.868534E+00, 6.082584E+00, 2.803000E+02, 2.698471E+02, 2.691741E+02
2024-01-16 17:52:30,2, 6.624056E+01, 2.686625E+02, 1.868954E+00, 6.118218E+00, 2.803431E+02, 2.698047E+02, 2.691529E+02
2024-01-16 18:07:30,2, 9.470579E+01, 2.687218E+02, 1.873551E+00, 7.726004E+00, 2.804160E+02, 2.700037E+02, 2.692561E+02
2024-01-16 18:22:30,2, 9.212244E+01, 2.685220E+02, 1.918669E+00, 9.714085E+00, 2.804558E+02, 2.699377E+02, 2.692594E+02
2024-01-16 18:37:30,2, 8.891425E+01, 2.683820E+02, 1.902711E+00, 9.781722E+00, 2.804710E+02, 2.696641E+02, 2.690236E+02
2024-01-16 18:52:30,2, 8.509497E+01, 2.682366E+02, 1.850198E+00, 9.891238E+00, 2.804627E+02, 2.694868E+02, 2.688610E+02
2024-01-16 19:07:30,2, 1.389203E+02, 2.683866E+02, 1.826220E+00, 1.013151E+01, 2.805332E+02, 2.697204E+02, 2.689050E+02
2024-01-16 19:22:30,2, 1.303286E+02, 2.682429E+02, 1.880956E+00, 1.059771E+01, 2.805645E+02, 2.697259E+02, 2.689940E+02
2024-01-16 19:37:30,2, 1.207821E+02, 2.681544E+02, 1.875019E+00, 1.029552E+01, 2.805653E+02, 2.694635E+02, 2.687978E+02
2024-01-16 19:52:30,2, 1.103218E+02, 2.680634E+02, 1.822864E+00, 1.026223E+01, 2.805357E+02, 2.692922E+02, 2.686682E+02
2024-01-16 20:07:30,2, 1.531564E+02, 2.681808E+02, 1.793152E+00, 1.019989E+01, 2.805432E+02, 2.694679E+02, 2.687190E+02
2024-01-16 20:22:30,2, 1.343587E+02, 2.679729E+02, 1.835248E+00, 1.013571E+01, 2.804819E+02, 2.693756E+02, 2.687461E+02
2024-01-16 20:37:30,2, 1.143720E+02, 2.678082E+02, 1.807713E+00, 9.581332E+00, 2.803724E+02, 2.689788E+02, 2.684536E+02
2024-01-16 20:52:30,2, 9.328197E+01, 2.676393E+02, 1.728644E+00, 9.283898E+00, 2.802224E+02, 2.686571E+02, 2.682132E+02
2024-01-16 21:07:30,2, 6.378208E+01, 2.673926E+02, 1.657617E+00, 7.968074E+00, 2.800347E+02, 2.682736E+02, 2.679399E+02
2024-01-16 21:22:30,2, 4.315286E+01, 2.671583E+02, 1.562756E+00, 6.300426E+00, 2.798233E+02, 2.678847E+02, 2.676228E+02
2024-01-16 21:37:30,2, 2.178898E+01, 2.669098E+02, 1.375244E+00, 5.412568E+00, 2.795953E+02, 2.675039E+02, 2.673134E+02
2024-01-16 21:52:30,2, 0.000000E+00, 2.666624E+02, 0.000000E+00, 3.088153E+00, 2.793563E+02, 2.671265E+02, 2.669827E+02
2024-01-16 22:07:30,2, 0.000000E+00, 2.664322E+02, 0.000000E+00, 2.424617E+00, 2.791306E+02, 2.668418E+02, 2.667241E+02
2024-01-16 22:22:30,2, 0.000000E+00, 2.661289E+02, 0.000000E+00, 2.216766E+00, 2.789009E+02, 2.665217E+02, 2.664672E+02
2024-01-16 22:37:30,2, 0.000000E+00, 2.658115E+02, 0.000000E+00, 2.020783E+00, 2.786728E+02, 2.661305E+02, 2.661378E+02
2024-01-16 22:52:30,2, 0.000000E+00, 2.654820E+02, 0.000000E+00, 1.853801E+00, 2.784497E+02, 2.657326E+02, 2.657965E+02
2024-01-16 23:07:30,2, 0.000000E+00, 2.651875E+02, 0.000000E+00, 1.592038E+00, 2.782441E+02, 2.653728E+02, 2.654579E+02
2024-01-16 23:22:30,2, 0.000000E+00, 2.649513E+02, 0.000000E+00, 1.345097E+00, 2.780602E+02, 2.650994E+02, 2.651695E+02
2024-01-16 23:37:30,2, 0.000000E+00, 2.647425E+02, 0.000000E+00, 1.268134E+00, 2.778904E+02, 2.648808E+02, 2.649383E+02
2024-01-16 23:52:30,2, 0.000000E+00, 2.645499E+02, 0.000000E+00, 1.237133E+00, 2.777310E+02, 2.646846E+02, 2.647330E+02
2024-01-17 00:07:30,1, 0.000000E+00, 2.643701E+02, 0.000000E+00, 1.118467E+00, 2.775832E+02, 2.644713E+02, 2.645349E+02
2024-01-17 00:22:30,1, 0.000000E+00, 2.641888E+02, 0.000000E+00, 9.299381E-01, 2.774589E+02, 2.643191E+02, 2.643626E+02
2024-01-17 00:37:30,1, 0.000000E+00, 2.639933E+02, 0.000000E+00, 7.626249E-01, 2.773520E+02, 2.641604E+02, 2.641878E+02
2024-01-17 00:52:30,1, 0.000000E+00, 2.637721E+02, 0.000000E+00, 5.789168E-01, 2.772609E+02, 2.639813E+02, 2.639963E+02
2024-01-17 01:07:30,1, 0.000000E+00, 2.635852E+02, 0.000000E+00, 4.583572E-01, 2.771801E+02, 2.638127E+02, 2.637906E+02
2024-01-17 01:22:30,1, 0.000000E+00, 2.635173E+02, 0.000000E+00, 4.949016E-01, 2.771026E+02, 2.637105E+02, 2.636292E+02
2024-01-17 01:37:30,1, 0.000000E+00, 2.635418E+02, 0.000000E+00, 5.288832E-01, 2.770302E+02, 2.637196E+02, 2.635844E+02
2024-01-17 01:52:30,1, 0.000000E+00, 2.636303E+02, 0.000000E+00, 5.609480E-01, 2.769649E+02, 2.638023E+02, 2.636265E+02
2024-01-17 02:07:30,1, 0.000000E+00, 2.637144E+02, 0.000000E+00, 6.899645E-01, 2.768976E+02, 2.638796E+02, 2.637116E+02
2024-01-17 02:22:30,1, 0.000000E+00, 2.637373E+02, 0.000000E+00, 8.798901E-01, 2.768187E+02, 2.638982E+02, 2.637761E+02
2024-01-17 02:37:30,1, 0.000000E+00, 2.637020E+02, 0.000000E+00, 9.759072E-01, 2.767314E+02, 2.638634E+02, 2.637817E+02
2024-01-17 02:52:30,1, 0.000000E+00, 2.635985E+02, 0.000000E+00, 8.830072E-01, 2.766421E+02, 2.637731E+02, 2.637297E+02
2024-01-17 03:07:30,1, 0.000000E+00, 2.634462E+02, 0.000000E+00, 7.199959E-01, 2.765599E+02, 2.636406E+02, 2.636169E+02
2024-01-17 03:22:30,1, 0.000000E+00, 2.632721E+02, 0.000000E+00, 5.786730E-01, 2.764883E+02, 2.634912E+02, 2.634649E+02
2024-01-17 03:37:30,1, 0.000000E+00, 2.631187E+02, 0.000000E+00, 5.673788E-01, 2.764182E+02, 2.633356E+02, 2.632961E+02
2024-01-17 03:52:30,1, 0.000000E+00, 2.629968E+02, 0.000000E+00, 5.949118E-01, 2.763474E+02, 2.632059E+02, 2.631498E+02
2024-01-17 04:07:30,1, 0.000000E+00, 2.629560E+02, 0.000000E+00, 6.418547E-01, 2.762817E+02, 2.631475E+02, 2.630471E+02
2024-01-17 04:22:30,1, 0.000000E+00, 2.630354E+02, 0.000000E+00, 7.218952E-01, 2.762263E+02, 2.632043E+02, 2.630358E+02
2024-01-17 04:37:30,1, 0.000000E+00, 2.632054E+02, 0.000000E+00, 8.279304E-01, 2.761820E+02, 2.633631E+02, 2.631392E+02
2024-01-17 04:52:30,1, 0.000000E+00, 2.634386E+02, 0.000000E+00, 9.733619E-01, 2.761490E+02, 2.635957E+02, 2.633284E+02
2024-01-17 05:07:30,1, 0.000000E+00, 2.636872E+02, 0.000000E+00, 1.493941E+00, 2.761173E+02, 2.638571E+02, 2.635704E+02
2024-01-17 05:22:30,1, 0.000000E+00, 2.638633E+02, 0.000000E+00, 3.410582E+00, 2.760584E+02, 2.640800E+02, 2.638108E+02
2024-01-17 05:37:30,1, 0.000000E+00, 2.638883E+02, 0.000000E+00, 3.736645E+00, 2.759861E+02, 2.642179E+02, 2.639743E+02
2024-01-17 05:52:30,1, 0.000000E+00, 2.638764E+02, 0.000000E+00, 2.931655E+00, 2.759194E+02, 2.642333E+02, 2.639964E+02
2024-01-17 06:07:30,1, 0.000000E+00, 2.637759E+02, 0.000000E+00, 2.876772E+00, 2.758495E+02, 2.642011E+02, 2.639784E+02
2024-01-17 06:22:30,1, 0.000000E+00, 2.635921E+02, 0.000000E+00, 3.053510E+00, 2.757729E+02, 2.640560E+02, 2.638646E+02
2024-01-17 06:37:30,1, 0.000000E+00, 2.634126E+02, 0.000000E+00, 2.977983E+00, 2.756930E+02, 2.638450E+02, 2.636728E+02
2024-01-17 06:52:30,1, 0.000000E+00, 2.632371E+02, 0.000000E+00, 2.954229E+00, 2.756086E+02, 2.636488E+02, 2.634883E+02
2024-01-17 07:07:30,1, 0.000000E+00, 2.630944E+02, 0.000000E+00, 2.867186E+00, 2.755258E+02, 2.634789E+02, 2.633144E+02
2024-01-17 07:22:30,1, 0.000000E+00, 2.629868E+02, 0.000000E+00, 2.808909E+00, 2.754487E+02, 2.633634E+02, 2.631797E+02
2024-01-17 07:37:30,1, 0.000000E+00, 2.628776E+02, 0.000000E+00, 2.858974E+00, 2.753746E+02, 2.632755E+02, 2.630779E+02
2024-01-17 07:52:30,1, 0.000000E+00, 2.627663E+02, 0.000000E+00, 2.878773E+00, 2.753032E+02, 2.631815E+02, 2.629731E+02
2024-01-17 08:07:30,1, 0.000000E+00, 2.626170E+02, 0.000000E+00, 2.921852E+00, 2.752291E+02, 2.630586E+02, 2.628584E+02
2024-01-17 08:22:30,1, 0.000000E+00, 2.624306E+02, 0.000000E+00, 2.911767E+00, 2.751486E+02, 2.628734E+02, 2.626986E+02
2024-01-17 08:37:30,1, 0.000000E+00, 2.622450E+02, 0.000000E+00, 2.851756E+00, 2.750639E+02, 2.626594E+02, 2.625041E+02
2024-01-17 08:52:30,1, 0.000000E+00, 2.620604E+02, 0.000000E+00, 2.824809E+00, 2.749752E+02, 2.624503E+02, 2.623116E+02
2024-01-17 09:07:30,1, 0.000000E+00, 2.619021E+02, 0.000000E+00, 2.645009E+00, 2.748865E+02, 2.622594E+02, 2.621252E+02
2024-01-17 09:22:30,1, 0.000000E+00, 2.617725E+02, 0.000000E+00, 2.456899E+00, 2.747985E+02, 2.621110E+02, 2.619697E+02
2024-01-17 09:37:30,1, 0.000000E+00, 2.616425E+02, 0.000000E+00, 2.438500E+00, 2.747096E+02, 2.619855E+02, 2.618413E+02
2024-01-17 09:52:30,1, 0.000000E+00, 2.615109E+02, 0.000000E+00, 2.429389E+00, 2.746205E+02, 2.618559E+02, 2.617113E+02
2024-01-17 10:07:30,1, 0.000000E+00, 2.613801E+02, 0.000000E+00, 2.299464E+00, 2.745318E+02, 2.617177E+02, 2.615778E+02
2024-01-17 10:22:30,1, 0.000000E+00, 2.612504E+02, 0.000000E+00, 2.128762E+00, 2.744425E+02, 2.615738E+02, 2.614431E+02
2024-01-17 10:37:30,1, 0.000000E+00, 2.611209E+02, 0.000000E+00, 2.061744E+00, 2.743527E+02, 2.614317E+02, 2.613098E+02
2024-01-17 10:52:30,1, 0.000000E+00, 2.609910E+02, 0.000000E+00, 2.029705E+00, 2.742628E+02, 2.612894E+02, 2.611765E+02
2024-01-17 11:07:30,1, 0.000000E+00, 2.608594E+02, 0.000000E+00, 1.975911E+00, 2.741754E+02, 2.611448E+02, 2.610424E+02
2024-01-17 11:22:30,1, 0.000000E+00, 2.607266E+02, 0.000000E+00, 1.939618E+00, 2.740885E+02, 2.609952E+02, 2.609056E+02
2024-01-17 11:37:30,1, 0.000000E+00, 2.605926E+02, 0.000000E+00, 1.913574E+00, 2.740022E+02, 2.608450E+02, 2.607677E+02
2024-01-17 11:52:30,1, 0.000000E+00, 2.604568E+02, 0.000000E+00, 1.890394E+00, 2.739166E+02, 2.606933E+02, 2.606285E+02
2024-01-17 12:07:30,1, 0.000000E+00, 2.603362E+02, 0.000000E+00, 1.811484E+00, 2.738356E+02, 2.605475E+02, 2.604899E+02
2024-01-17 12:22:30,1, 0.000000E+00, 2.602357E+02, 0.000000E+00, 1.737856E+00, 2.737599E+02, 2.604237E+02, 2.603685E+02
2024-01-17 12:37:30,1, 0.000000E+00, 2.601416E+02, 0.000000E+00, 1.734957E+00, 2.736862E+02, 2.603180E+02, 2.602665E+02
2024-01-17 12:52:30,1, 0.000000E+00, 2.600485E+02, 0.000000E+00, 1.740479E+00, 2.736138E+02, 2.602165E+02, 2.601702E+02
2024-01-17 13:07:30,1, 6.221386E+01, 2.606402E+02, 6.568183E-01, 1.878343E+00, 2.736337E+02, 2.606921E+02, 2.603731E+02
2024-01-17 13:22:30,1, 9.145793E+01, 2.608482E+02, 7.057251E-01, 3.762910E+00, 2.736299E+02, 2.614224E+02, 2.610328E+02
2024-01-17 13:37:30,1, 1.195387E+02, 2.610701E+02, 7.721108E-01, 3.427698E+00, 2.736680E+02, 2.617666E+02, 2.613244E+02
2024-01-17 13:52:30,1, 1.463360E+02, 2.612918E+02, 8.076156E-01, 3.443103E+00, 2.737371E+02, 2.621639E+02, 2.616365E+02
2024-01-17 14:07:30,1, 2.066952E+02, 2.617584E+02, 8.467798E-01, 3.402096E+00, 2.738509E+02, 2.627845E+02, 2.620753E+02
2024-01-17 14:22:30,1, 2.354509E+02, 2.620165E+02, 9.190067E-01, 3.495337E+00, 2.740011E+02, 2.633788E+02, 2.626182E+02
2024-01-17 14:37:30,1, 2.622695E+02, 2.623285E+02, 9.794737E-01, 3.569883E+00, 2.741876E+02, 2.637414E+02, 2.629434E+02
2024-01-17 14:52:30,1, 2.870364E+02, 2.626233E+02, 1.020291E+00, 3.797622E+00, 2.743997E+02, 2.641799E+02, 2.633266E+02
2024-01-17 15:07:30,1, 3.252501E+02, 2.629927E+02, 1.070070E+00, 4.006548E+00, 2.746544E+02, 2.646858E+02, 2.637400E+02
2024-01-17 15:22:30,1, 3.466302E+02, 2.632856E+02, 1.133119E+00, 4.254871E+00, 2.749304E+02, 2.651506E+02, 2.641640E+02
2024-01-17 15:37:30,1, 3.655504E+02, 2.635939E+02, 1.190491E+00, 4.489389E+00, 2.752220E+02, 2.655257E+02, 2.645046E+02
2024-01-17 15:52:30,1, 3.819298E+02, 2.638926E+02, 1.239235E+00, 4.764247E+00, 2.755212E+02, 2.659130E+02, 2.648564E+02
2024-01-17 16:07:30,1, 4.310826E+02, 2.643046E+02, 1.291152E+00, 5.217668E+00, 2.758770E+02, 2.664739E+02, 2.653017E+02
2024-01-17 16:22:30,1, 4.431734E+02, 2.645473E+02, 1.373649E+00, 5.740847E+00, 2.762179E+02, 2.668600E+02, 2.657113E+02
2024-01-17 16:37:30,1, 4.523037E+02, 2.648366E+02, 1.428405E+00, 5.971124E+00, 2.765398E+02, 2.670857E+02, 2.659536E+02
2024-01-17 16:52:30,1, 4.584345E+02, 2.651102E+02, 1.461682E+00, 6.235366E+00, 2.768369E+02, 2.673650E+02, 2.662422E+02
2024-01-17 17:07:30,1, 4.471789E+02, 2.652623E+02, 1.503521E+00, 6.740869E+00, 2.770847E+02, 2.675289E+02, 2.664643E+02
2024-01-17 17:22:30,1, 4.472426E+02, 2.654151E+02, 1.526990E+00, 7.220305E+00, 2.773112E+02, 2.676724E+02, 2.666174E+02
2024-01-17 17:37:30,1, 4.443614E+02, 2.655599E+02, 1.549570E+00, 7.443277E+00, 2.775120E+02, 2.678028E+02, 2.667637E+02
2024-01-17 17:52:30,1, 4.385478E+02, 2.656982E+02, 1.569936E+00, 7.596193E+00, 2.776838E+02, 2.679079E+02, 2.668934E+02
2024-01-17 18:07:30,1, 4.253615E+02, 2.657990E+02, 1.586531E+00, 7.915121E+00, 2.778168E+02, 2.679717E+02, 2.669957E+02
2024-01-17 18:22:30,1, 4.138903E+02, 2.658988E+02, 1.596242E+00, 8.238766E+00, 2.779192E+02, 2.680210E+02, 2.670705E+02
2024-01-17 18:37:30,1, 3.996278E+02, 2.659900E+02, 1.604523E+00, 8.370057E+00, 2.779880E+02, 2.680521E+02, 2.671356E+02
2024-01-17 18:52:30,1, 3.826350E+02, 2.660740E+02, 1.609721E+00, 8.438340E+00, 2.780212E+02, 2.680568E+02, 2.671831E+02
2024-01-17 19:07:30,1, 3.581793E+02, 2.661004E+02, 1.610579E+00, 8.206208E+00, 2.780111E+02, 2.680095E+02, 2.671969E+02
2024-01-17 19:22:30,1, 3.362499E+02, 2.661151E+02, 1.602166E+00, 7.839486E+00, 2.779661E+02, 2.679273E+02, 2.671627E+02
2024-01-17 19:37:30,1, 3.118750E+02, 2.661214E+02, 1.589153E+00, 7.690280E+00, 2.778861E+02, 2.678179E+02, 2.671082E+02
2024-01-17 19:52:30,1, 2.851592E+02, 2.661175E+02, 1.571279E+00, 7.562668E+00, 2.777725E+02, 2.676813E+02, 2.670356E+02
2024-01-17 20:07:30,1, 2.277021E+02, 2.659094E+02, 1.548356E+00, 7.158946E+00, 2.776080E+02, 2.673130E+02, 2.668348E+02
2024-01-17 20:22:30,1, 2.001120E+02, 2.657883E+02, 1.479028E+00, 6.529842E+00, 2.774207E+02, 2.669443E+02, 2.665413E+02
2024-01-17 20:37:30,1, 1.707714E+02, 2.656380E+02, 1.421352E+00, 6.205576E+00, 2.772128E+02, 2.666467E+02, 2.663254E+02
2024-01-17 20:52:30,1, 1.398059E+02, 2.654676E+02, 1.372155E+00, 5.850388E+00, 2.769908E+02, 2.662881E+02, 2.660664E+02
2024-01-17 21:07:30,1, 8.623677E+01, 2.651075E+02, 1.314167E+00, 5.224213E+00, 2.767606E+02, 2.657661E+02, 2.657094E+02
2024-01-17 21:22:30,1, 5.907512E+01, 2.648358E+02, 1.219368E+00, 4.367694E+00, 2.765269E+02, 2.652321E+02, 2.652594E+02
2024-01-17 21:37:30,1, 3.094262E+01, 2.645340E+02, 1.108629E+00, 3.818107E+00, 2.762883E+02, 2.647874E+02, 2.648935E+02
2024-01-17 21:52:30,1, 1.959756E+00, 2.641649E+02, 2.748135E-01, 2.184970E+00, 2.760548E+02, 2.643106E+02, 2.644837E+02
2024-01-17 22:07:30,1, 0.000000E+00, 2.638502E+02, 0.000000E+00, 1.226022E+00, 2.758702E+02, 2.639565E+02, 2.641137E+02
2024-01-17 22:22:30,1, 0.000000E+00, 2.635065E+02, 0.000000E+00, 7.756598E-01, 2.757235E+02, 2.636656E+02, 2.638056E+02
2024-01-17 22:37:30,1, 0.000000E+00, 2.630901E+02, 0.000000E+00, 4.476510E-01, 2.756050E+02, 2.633240E+02, 2.634610E+02
2024-01-17 22:52:30,1, 0.000000E+00, 2.627477E+02, 0.000000E+00, 4.469245E-01, 2.754900E+02, 2.629601E+02, 2.630602E+02
2024-01-17 23:07:30,1, 0.000000E+00, 2.624910E+02, 0.000000E+00, 4.689162E-01, 2.753772E+02, 2.626875E+02, 2.627387E+02
2024-01-17 23:22:30,1, 0.000000E+00, 2.623105E+02, 0.000000E+00, 4.992370E-01, 2.752689E+02, 2.624886E+02, 2.624992E+02
2024-01-17 23:37:30,1, 0.000000E+00, 2.621887E+02, 0.000000E+00, 5.280905E-01, 2.751661E+02, 2.623518E+02, 2.623316E+02
2024-01-17 23:52:30,1, 0.000000E+00, 2.621114E+02, 0.000000E+00, 5.544247E-01, 2.750694E+02, 2.622629E+02, 2.622195E+02
2024-01-17 00:07:30,2, 0.000000E+00, 2.643691E+02, 0.000000E+00, 1.118197E+00, 2.775868E+02, 2.645126E+02, 2.645464E+02
2024-01-17 00:22:30,2, 0.000000E+00, 2.641875E+02, 0.000000E+00, 9.292762E-01, 2.774625E+02, 2.643615E+02, 2.643745E+02
2024-01-17 00:37:30,2, 0.000000E+00, 2.639917E+02, 0.000000E+00, 7.610799E-01, 2.773557E+02, 2.642027E+02, 2.641996E+02
2024-01-17 00:52:30,2, 0.000000E+00, 2.637697E+02, 0.000000E+00, 5.773757E-01, 2.772646E+02, 2.640276E+02, 2.640092E+02
2024-01-17 01:07:30,2, 0.000000E+00, 2.635819E+02, 0.000000E+00, 4.593174E-01, 2.771838E+02, 2.638604E+02, 2.638032E+02
2024-01-17 01:22:30,2, 0.000000E+00, 2.635135E+02, 0.000000E+00, 4.955100E-01, 2.771063E+02, 2.637540E+02, 2.636399E+02
2024-01-17 01:37:30,2, 0.000000E+00, 2.635386E+02, 0.000000E+00, 5.299496E-01, 2.770337E+02, 2.637600E+02, 2.635939E+02
2024-01-17 01:52:30,2, 0.000000E+00, 2.636282E+02, 0.000000E+00, 5.619363E-01, 2.769683E+02, 2.638416E+02, 2.636361E+02
2024-01-17 02:07:30,2, 0.000000E+00, 2.637125E+02, 0.000000E+00, 6.879971E-01, 2.769010E+02, 2.639199E+02, 2.637223E+02
2024-01-17 02:22:30,2, 0.000000E+00, 2.637349E+02, 0.000000E+00, 8.768568E-01, 2.768223E+02, 2.639396E+02, 2.637872E+02
2024-01-17 02:37:30,2, 0.000000E+00, 2.636985E+02, 0.000000E+00, 9.716684E-01, 2.767352E+02, 2.639043E+02, 2.637922E+02
2024-01-17 02:52:30,2, 0.000000E+00, 2.635935E+02, 0.000000E+00, 8.775806E-01, 2.766462E+02, 2.638139E+02, 2.637394E+02
2024-01-17 03:07:30,2, 0.000000E+00, 2.634388E+02, 0.000000E+00, 7.120625E-01, 2.765644E+02, 2.636818E+02, 2.636258E+02
2024-01-17 03:22:30,2, 0.000000E+00, 2.632620E+02, 0.000000E+00, 5.710858E-01, 2.764930E+02, 2.635321E+02, 2.634720E+02
2024-01-17 03:37:30,2, 0.000000E+00, 2.631103E+02, 0.000000E+00, 5.718162E-01, 2.764226E+02, 2.633744E+02, 2.633007E+02
2024-01-17 03:52:30,2, 0.000000E+00, 2.629895E+02, 0.000000E+00, 5.966510E-01, 2.763516E+02, 2.632463E+02, 2.631560E+02
2024-01-17 04:07:30,2, 0.000000E+00, 2.629497E+02, 0.000000E+00, 6.435978E-01, 2.762856E+02, 2.631862E+02, 2.630535E+02
2024-01-17 04:22:30,2, 0.000000E+00, 2.630308E+02, 0.000000E+00, 7.234209E-01, 2.762301E+02, 2.632398E+02, 2.630421E+02
2024-01-17 04:37:30,2, 0.000000E+00, 2.632031E+02, 0.000000E+00, 8.293847E-01, 2.761856E+02, 2.633978E+02, 2.631465E+02
2024-01-17 04:52:30,2, 0.000000E+00, 2.634386E+02, 0.000000E+00, 9.750766E-01, 2.761524E+02, 2.636298E+02, 2.633370E+02
2024-01-17 05:07:30,2, 0.000000E+00, 2.636900E+02, 0.000000E+00, 1.496909E+00, 2.761206E+02, 2.638878E+02, 2.635797E+02
2024-01-17 05:22:30,2, 0.000000E+00, 2.638658E+02, 0.000000E+00, 3.435843E+00, 2.760612E+02, 2.641134E+02, 2.638227E+02
2024-01-17 05:37:30,2, 0.000000E+00, 2.638888E+02, 0.000000E+00, 3.741971E+00, 2.759886E+02, 2.642482E+02, 2.639850E+02
2024-01-17 05:52:30,2, 0.000000E+00, 2.638767E+02, 0.000000E+00, 2.925309E+00, 2.759220E+02, 2.642615E+02, 2.640051E+02
2024-01-17 06:07:30,2, 0.000000E+00, 2.637763E+02, 0.000000E+00, 2.873274E+00, 2.758522E+02, 2.642291E+02, 2.639868E+02
2024-01-17 06:22:30,2, 0.000000E+00, 2.635925E+02, 0.000000E+00, 3.052481E+00, 2.757756E+02, 2.640845E+02, 2.638732E+02
2024-01-17 06:37:30,2, 0.000000E+00, 2.634130E+02, 0.000000E+00, 2.977875E+00, 2.756957E+02, 2.638741E+02, 2.636815E+02
2024-01-17 06:52:30,2, 0.000000E+00, 2.632375E+02, 0.000000E+00, 2.954466E+00, 2.756113E+02, 2.636785E+02, 2.634972E+02
2024-01-17 07:07:30,2, 0.000000E+00, 2.630947E+02, 0.000000E+00, 2.867566E+00, 2.755285E+02, 2.635088E+02, 2.633234E+02
2024-01-17 07:22:30,2, 0.000000E+00, 2.629872E+02, 0.000000E+00, 2.809302E+00, 2.754514E+02, 2.633931E+02, 2.631886E+02
2024-01-17 07:37:30,2, 0.000000E+00, 2.628779E+02, 0.000000E+00, 2.859303E+00, 2.753773E+02, 2.633047E+02, 2.630867E+02
2024-01-17 07:52:30,2, 0.000000E+00, 2.627666E+02, 0.000000E+00, 2.879108E+00, 2.753059E+02, 2.632103E+02, 2.629818E+02
2024-01-17 08:07:30,2, 0.000000E+00, 2.626173E+02, 0.000000E+00, 2.922175E+00, 2.752318E+02, 2.630876E+02, 2.628671E+02
2024-01-17 08:22:30,2, 0.000000E+00, 2.624309E+02, 0.000000E+00, 2.912091E+00, 2.751513E+02, 2.629033E+02, 2.627076E+02
2024-01-17 08:37:30,2, 0.000000E+00, 2.622454E+02, 0.000000E+00, 2.852131E+00, 2.750666E+02, 2.626902E+02, 2.625133E+02
2024-01-17 08:52:30,2, 0.000000E+00, 2.620608E+02, 0.000000E+00, 2.825226E+00, 2.749779E+02, 2.624821E+02, 2.623212E+02
2024-01-17 09:07:30,2, 0.000000E+00, 2.619024E+02, 0.000000E+00, 2.645456E+00, 2.748892E+02, 2.622917E+02, 2.621349E+02
2024-01-17 09:22:30,2, 0.000000E+00, 2.617728E+02, 0.000000E+00, 2.457339E+00, 2.748011E+02, 2.621434E+02, 2.619794E+02
2024-01-17 09:37:30,2, 0.000000E+00, 2.616428E+02, 0.000000E+00, 2.438889E+00, 2.747123E+02, 2.620178E+02, 2.618509E+02
2024-01-17 09:52:30,2, 0.000000E+00, 2.615112E+02, 0.000000E+00, 2.429780E+00, 2.746232E+02, 2.618881E+02, 2.617209E+02
2024-01-17 10:07:30,2, 0.000000E+00, 2.613803E+02, 0.000000E+00, 2.299904E+00, 2.745345E+02, 2.617502E+02, 2.615874E+02
2024-01-17 10:22:30,2, 0.000000E+00, 2.612506E+02, 0.000000E+00, 2.129247E+00, 2.744452E+02, 2.616069E+02, 2.614529E+02
2024-01-17 10:37:30,2, 0.000000E+00, 2.611211E+02, 0.000000E+00, 2.062238E+00, 2.743554E+02, 2.614652E+02, 2.613197E+02
2024-01-17 10:52:30,2, 0.000000E+00, 2.609912E+02, 0.000000E+00, 2.030194E+00, 2.742655E+02, 2.613234E+02, 2.611866E+02
2024-01-17 11:07:30,2, 0.000000E+00, 2.608596E+02, 0.000000E+00, 1.976348E+00, 2.741781E+02, 2.611797E+02, 2.610527E+02
2024-01-17 11:22:30,2, 0.000000E+00, 2.607267E+02, 0.000000E+00, 1.940127E+00, 2.740912E+02, 2.610310E+02, 2.609161E+02
2024-01-17 11:37:30,2, 0.000000E+00, 2.605926E+02, 0.000000E+00, 1.914074E+00, 2.740049E+02, 2.608817E+02, 2.607784E+02
2024-01-17 11:52:30,2, 0.000000E+00, 2.604567E+02, 0.000000E+00, 1.890859E+00, 2.739194E+02, 2.607309E+02, 2.606395E+02
2024-01-17 12:07:30,2, 0.000000E+00, 2.603360E+02, 0.000000E+00, 1.811865E+00, 2.738384E+02, 2.605863E+02, 2.605011E+02
2024-01-17 12:22:30,2, 0.000000E+00, 2.602352E+02, 0.000000E+00, 1.738150E+00, 2.737628E+02, 2.604638E+02, 2.603800E+02
2024-01-17 12:37:30,2, 0.000000E+00, 2.601408E+02, 0.000000E+00, 1.734739E+00, 2.736892E+02, 2.603581E+02, 2.602778E+02
2024-01-17 12:52:30,2, 0.000000E+00, 2.600476E+02, 0.000000E+00, 1.739830E+00, 2.736170E+02, 2.602565E+02, 2.601813E+02
2024-01-17 13:07:30,2, 6.221386E+01, 2.606377E+02, 6.573351E-01, 1.876580E+00, 2.736379E+02, 2.607036E+02, 2.603715E+02
2024-01-17 13:22:30,2, 9.145793E+01, 2.608474E+02, 7.059981E-01, 3.763356E+00, 2.736350E+02, 2.614276E+02, 2.610279E+02
2024-01-17 13:37:30,2, 1.195387E+02, 2.610689E+02, 7.724023E-01, 3.431310E+00, 2.736736E+02, 2.617679E+02, 2.613188E+02
2024-01-17 13:52:30,2, 1.463360E+02, 2.612906E+02, 8.079348E-01, 3.444292E+00, 2.737431E+02, 2.621626E+02, 2.616298E+02
2024-01-17 14:07:30,2, 2.066952E+02, 2.617553E+02, 8.470203E-01, 3.402289E+00, 2.738579E+02, 2.627649E+02, 2.620606E+02
2024-01-17 14:22:30,2, 2.354509E+02, 2.620142E+02, 9.189718E-01, 3.493513E+00, 2.740087E+02, 2.633616E+02, 2.626034E+02
2024-01-17 14:37:30,2, 2.622695E+02, 2.623261E+02, 9.792457E-01, 3.568689E+00, 2.741956E+02, 2.637250E+02, 2.629296E+02
2024-01-17 14:52:30,2, 2.870364E+02, 2.626209E+02, 1.020154E+00, 3.795989E+00, 2.744080E+02, 2.641640E+02, 2.633131E+02
2024-01-17 15:07:30,2, 3.252501E+02, 2.629897E+02, 1.069868E+00, 4.004454E+00, 2.746630E+02, 2.646669E+02, 2.637253E+02
2024-01-17 15:22:30,2, 3.466302E+02, 2.632829E+02, 1.132770E+00, 4.251993E+00, 2.749393E+02, 2.651324E+02, 2.641494E+02
2024-01-17 15:37:30,2, 3.655504E+02, 2.635911E+02, 1.190061E+00, 4.486487E+00, 2.752310E+02, 2.655081E+02, 2.644905E+02
2024-01-17 15:52:30,2, 3.819298E+02, 2.638899E+02, 1.238819E+00, 4.761082E+00, 2.755303E+02, 2.658957E+02, 2.648426E+02
2024-01-17 16:07:30,2, 4.310826E+02, 2.643010E+02, 1.290698E+00, 5.213610E+00, 2.758863E+02, 2.664528E+02, 2.652862E+02
2024-01-17 16:22:30,2, 4.431734E+02, 2.645440E+02, 1.372910E+00, 5.735385E+00, 2.762273E+02, 2.668401E+02, 2.656958E+02
2024-01-17 16:37:30,2, 4.523037E+02, 2.648332E+02, 1.427554E+00, 5.965823E+00, 2.765494E+02, 2.670673E+02, 2.659389E+02
2024-01-17 16:52:30,2, 4.584345E+02, 2.651068E+02, 1.460891E+00, 6.229819E+00, 2.768466E+02, 2.673475E+02, 2.662278E+02
2024-01-17 17:07:30,2, 4.471789E+02, 2.652592E+02, 1.502689E+00, 6.735378E+00, 2.770944E+02, 2.675135E+02, 2.664508E+02
2024-01-17 17:22:30,2, 4.472426E+02, 2.654119E+02, 1.526250E+00, 7.215065E+00, 2.773209E+02, 2.676575E+02, 2.666042E+02
2024-01-17 17:37:30,2, 4.443614E+02, 2.655567E+02, 1.548853E+00, 7.437876E+00, 2.775219E+02, 2.677881E+02, 2.667504E+02
2024-01-17 17:52:30,2, 4.385478E+02, 2.656950E+02, 1.569191E+00, 7.590778E+00, 2.776937E+02, 2.678935E+02, 2.668801E+02
2024-01-17 18:07:30,2, 4.253615E+02, 2.657959E+02, 1.585790E+00, 7.909723E+00, 2.778269E+02, 2.679578E+02, 2.669825E+02
2024-01-17 18:22:30,2, 4.138903E+02, 2.658956E+02, 1.595540E+00, 8.233528E+00, 2.779294E+02, 2.680068E+02, 2.670572E+02
2024-01-17 18:37:30,2, 3.996278E+02, 2.659869E+02, 1.603846E+00, 8.364863E+00, 2.779984E+02, 2.680374E+02, 2.671220E+02
2024-01-17 18:52:30,2, 3.826350E+02, 2.660709E+02, 1.609053E+00, 8.433274E+00, 2.780318E+02, 2.680415E+02, 2.671691E+02
2024-01-17 19:07:30,2, 3.581793E+02, 2.660975E+02, 1.609934E+00, 8.201548E+00, 2.780220E+02, 2.679942E+02, 2.671828E+02
2024-01-17 19:22:30,2, 3.362499E+02, 2.661121E+02, 1.601597E+00, 7.835334E+00, 2.779773E+02, 2.679110E+02, 2.671482E+02
2024-01-17 19:37:30,2, 3.118750E+02, 2.661184E+02, 1.588643E+00, 7.686280E+00, 2.778977E+02, 2.678004E+02, 2.670931E+02
2024-01-17 19:52:30,2, 2.851592E+02, 2.661146E+02, 1.570808E+00, 7.558932E+00, 2.777846E+02, 2.676626E+02, 2.670199E+02
2024-01-17 20:07:30,2, 2.277021E+02, 2.659076E+02, 1.547944E+00, 7.156729E+00, 2.776202E+02, 2.673038E+02, 2.668233E+02
2024-01-17 20:22:30,2, 2.001120E+02, 2.657862E+02, 1.479018E+00, 6.529817E+00, 2.774332E+02, 2.669349E+02, 2.665303E+02
2024-01-17 20:37:30,2, 1.707714E+02, 2.656361E+02, 1.421530E+00, 6.205335E+00, 2.772257E+02, 2.666376E+02, 2.663142E+02
2024-01-17 20:52:30,2, 1.398059E+02, 2.654657E+02, 1.372343E+00, 5.850618E+00, 2.770042E+02, 2.662806E+02, 2.660558E+02
2024-01-17 21:07:30,2, 8.623677E+01, 2.651072E+02, 1.314445E+00, 5.225649E+00, 2.767737E+02, 2.657805E+02, 2.657086E+02
2024-01-17 21:22:30,2, 5.907512E+01, 2.648356E+02, 1.219931E+00, 4.371223E+00, 2.765397E+02, 2.652514E+02, 2.652616E+02
2024-01-17 21:37:30,2, 3.094262E+01, 2.645341E+02, 1.110179E+00, 3.822542E+00, 2.763008E+02, 2.648165E+02, 2.649000E+02
2024-01-17 21:52:30,2, 1.959756E+00, 2.641649E+02, 2.765146E-01, 2.192194E+00, 2.760666E+02, 2.643544E+02, 2.644961E+02
2024-01-17 22:07:30,2, 0.000000E+00, 2.638497E+02, 0.000000E+00, 1.229101E+00, 2.758814E+02, 2.639990E+02, 2.641262E+02
2024-01-17 22:22:30,2, 0.000000E+00, 2.635063E+02, 0.000000E+00, 7.758033E-01, 2.757342E+02, 2.637061E+02, 2.638175E+02
2024-01-17 22:37:30,2, 0.000000E+00, 2.630904E+02, 0.000000E+00, 4.482162E-01, 2.756152E+02, 2.633711E+02, 2.634752E+02
2024-01-17 22:52:30,2, 0.000000E+00, 2.627463E+02, 0.000000E+00, 4.481147E-01, 2.754999E+02, 2.630116E+02, 2.630757E+02
2024-01-17 23:07:30,2, 0.000000E+00, 2.624875E+02, 0.000000E+00, 4.699948E-01, 2.753869E+02, 2.627350E+02, 2.627518E+02
2024-01-17 23:22:30,2, 0.000000E+00, 2.623062E+02, 0.000000E+00, 5.002002E-01, 2.752783E+02, 2.625311E+02, 2.625093E+02
2024-01-17 23:37:30,2, 0.000000E+00, 2.621847E+02, 0.000000E+00, 5.289752E-01, 2.751752E+02, 2.623923E+02, 2.623406E+02
2024-01-17 23:52:30,2, 0.000000E+00, 2.621081E+02, 0.000000E+00, 5.553055E-01, 2.750782E+02, 2.623027E+02, 2.622285E+02
2024-01-18 00:07:30,1, 0.000000E+00, 2.620531E+02, 0.000000E+00, 5.790663E-01, 2.749776E+02, 2.621992E+02, 2.621461E+02
2024-01-18 00:22:30,1, 0.000000E+00, 2.619937E+02, 0.000000E+00, 6.003959E-01, 2.748893E+02, 2.621387E+02, 2.620869E+02
2024-01-18 00:37:30,1, 0.000000E+00, 2.619332E+02, 0.000000E+00, 6.163626E-01, 2.748044E+02, 2.620763E+02, 2.620265E+02
2024-01-18 00:52:30,1, 0.000000E+00, 2.618721E+02, 0.000000E+00, 6.277076E-01, 2.747224E+02, 2.620135E+02, 2.619651E+02
2024-01-18 01:07:30,1, 0.000000E+00, 2.618027E+02, 0.000000E+00, 6.315076E-01, 2.746423E+02, 2.619446E+02, 2.619016E+02
2024-01-18 01:22:30,1, 0.000000E+00, 2.617185E+02, 0.000000E+00, 6.278845E-01, 2.745633E+02, 2.618623E+02, 2.618281E+02
2024-01-18 01:37:30,1, 0.000000E+00, 2.616229E+02, 0.000000E+00, 6.206358E-01, 2.744850E+02, 2.617671E+02, 2.617405E+02
2024-01-18 01:52:30,1, 0.000000E+00, 2.615190E+02, 0.000000E+00, 6.105074E-01, 2.744073E+02, 2.616626E+02, 2.616421E+02
2024-01-18 02:07:30,1, 0.000000E+00, 2.614072E+02, 0.000000E+00, 6.365484E-01, 2.743297E+02, 2.615498E+02, 2.615353E+02
2024-01-18 02:22:30,1, 0.000000E+00, 2.612876E+02, 0.000000E+00, 6.938137E-01, 2.742521E+02, 2.614289E+02, 2.614206E+02
2024-01-18 02:37:30,1, 0.000000E+00, 2.611619E+02, 0.000000E+00, 7.406331E-01, 2.741744E+02, 2.613015E+02, 2.612985E+02
2024-01-18 02:52:30,1, 0.000000E+00, 2.610313E+02, 0.000000E+00, 7.786624E-01, 2.740964E+02, 2.611690E+02, 2.611706E+02
2024-01-18 03:07:30,1, 0.000000E+00, 2.609164E+02, 0.000000E+00, 7.718560E-01, 2.740198E+02, 2.610442E+02, 2.610416E+02
2024-01-18 03:22:30,1, 0.000000E+00, 2.608339E+02, 0.000000E+00, 7.283145E-01, 2.739460E+02, 2.609477E+02, 2.609319E+02
2024-01-18 03:37:30,1, 0.000000E+00, 2.607773E+02, 0.000000E+00, 6.906790E-01, 2.738752E+02, 2.608802E+02, 2.608538E+02
2024-01-18 03:52:30,1, 0.000000E+00, 2.607404E+02, 0.000000E+00, 6.575541E-01, 2.738074E+02, 2.608345E+02, 2.608003E+02
2024-01-18 04:07:30,1, 0.000000E+00, 2.607347E+02, 0.000000E+00, 6.197156E-01, 2.737441E+02, 2.608161E+02, 2.607688E+02
2024-01-18 04:22:30,1, 0.000000E+00, 2.607699E+02, 0.000000E+00, 5.785630E-01, 2.736863E+02, 2.608365E+02, 2.607709E+02
2024-01-18 04:37:30,1, 0.000000E+00, 2.608372E+02, 0.000000E+00, 5.432680E-01, 2.736341E+02, 2.608933E+02, 2.608125E+02
2024-01-18 04:52:30,1, 0.000000E+00, 2.609290E+02, 0.000000E+00, 5.128087E-01, 2.735874E+02, 2.609775E+02, 2.608849E+02
2024-01-18 05:07:30,1, 0.000000E+00, 2.610318E+02, 0.000000E+00, 4.847481E-01, 2.735454E+02, 2.610775E+02, 2.609792E+02
2024-01-18 05:22:30,1, 0.000000E+00, 2.611347E+02, 0.000000E+00, 4.582134E-01, 2.735073E+02, 2.611808E+02, 2.610822E+02
2024-01-18 05:37:30,1, 0.000000E+00, 2.612377E+02, 0.000000E+00, 4.342229E-01, 2.734728E+02, 2.612839E+02, 2.611852E+02
2024-01-18 05:52:30,1, 0.000000E+00, 2.613409E+02, 0.000000E+00, 4.125553E-01, 2.734416E+02, 2.613873E+02, 2.612884E+02
2024-01-18 06:07:30,1, 0.000000E+00, 2.614347E+02, 0.000000E+00, 3.990498E-01, 2.734125E+02, 2.614850E+02, 2.613900E+02
2024-01-18 06:22:30,1, 0.000000E+00, 2.615109E+02, 0.000000E+00, 3.924889E-01, 2.733847E+02, 2.615675E+02, 2.614804E+02
2024-01-18 06:37:30,1, 0.000000E+00, 2.615736E+02, 0.000000E+00, 3.856275E-01, 2.733580E+02, 2.616341E+02, 2.615538E+02
2024-01-18 06:52:30,1, 0.000000E+00, 2.616264E+02, 0.000000E+00, 3.785047E-01, 2.733320E+02, 2.616896E+02, 2.616143E+02
2024-01-18 07:07:30,1, 0.000000E+00, 2.617319E+02, 0.000000E+00, 3.797129E-01, 2.733114E+02, 2.617766E+02, 2.616774E+02
2024-01-18 07:22:30,1, 0.000000E+00, 2.619407E+02, 0.000000E+00, 3.921581E-01, 2.733008E+02, 2.619538E+02, 2.618044E+02
2024-01-18 07:37:30,1, 0.000000E+00, 2.622305E+02, 0.000000E+00, 4.104479E-01, 2.733005E+02, 2.622240E+02, 2.620318E+02
2024-01-18 07:52:30,1, 0.000000E+00, 2.625797E+02, 0.000000E+00, 4.350944E-01, 2.733110E+02, 2.625623E+02, 2.623364E+02
2024-01-18 08:07:30,1, 0.000000E+00, 2.629205E+02, 0.000000E+00, 4.572141E-01, 2.733282E+02, 2.629161E+02, 2.626875E+02
2024-01-18 08:22:30,1, 0.000000E+00, 2.632001E+02, 0.000000E+00, 4.737718E-01, 2.733476E+02, 2.632197E+02, 2.630174E+02
2024-01-18 08:37:30,1, 0.000000E+00, 2.634318E+02, 0.000000E+00, 4.900454E-01, 2.733683E+02, 2.634678E+02, 2.632877E+02
2024-01-18 08:52:30,1, 0.000000E+00, 2.636288E+02, 0.000000E+00, 5.053707E-01, 2.733895E+02, 2.636770E+02, 2.635129E+02
2024-01-18 09:07:30,1, 0.000000E+00, 2.637970E+02, 0.000000E+00, 5.277287E-01, 2.734105E+02, 2.638555E+02, 2.637044E+02
2024-01-18 09:22:30,1, 0.000000E+00, 2.639405E+02, 0.000000E+00, 5.562880E-01, 2.734309E+02, 2.640082E+02, 2.638680E+02
2024-01-18 09:37:30,1, 0.000000E+00, 2.640661E+02, 0.000000E+00, 5.815628E-01, 2.734504E+02, 2.641404E+02, 2.640083E+02
2024-01-18 09:52:30,1, 0.000000E+00, 2.641785E+02, 0.000000E+00, 6.037323E-01, 2.734692E+02, 2.642578E+02, 2.641314E+02
2024-01-18 10:07:30,1, 0.000000E+00, 2.642580E+02, 0.000000E+00, 6.262602E-01, 2.734853E+02, 2.643474E+02, 2.642370E+02
2024-01-18 10:22:30,1, 0.000000E+00, 2.642891E+02, 0.000000E+00, 6.451120E-01, 2.734968E+02, 2.643902E+02, 2.643055E+02
2024-01-18 10:37:30,1, 0.000000E+00, 2.642845E+02, 0.000000E+00, 6.536970E-01, 2.735038E+02, 2.643913E+02, 2.643274E+02
2024-01-18 10:52:30,1, 0.000000E+00, 2.642542E+02, 0.000000E+00, 6.532144E-01, 2.735062E+02, 2.643637E+02, 2.643158E+02
2024-01-18 11:07:30,1, 0.000000E+00, 2.642801E+02, 0.000000E+00, 6.228900E-01, 2.735105E+02, 2.643727E+02, 2.642973E+02
2024-01-18 11:22:30,1, 0.000000E+00, 2.644262E+02, 0.000000E+00, 5.876082E-01, 2.735236E+02, 2.644916E+02, 2.643513E+02
2024-01-18 11:37:30,1, 0.000000E+00, 2.646623E+02, 0.000000E+00, 5.771006E-01, 2.735462E+02, 2.647156E+02, 2.645211E+02
2024-01-18 11:52:30,1, 0.000000E+00, 2.649603E+02, 0.000000E+00, 5.879805E-01, 2.735788E+02, 2.650135E+02, 2.647763E+02
2024-01-18 12:07:30,1, 0.000000E+00, 2.652226E+02, 0.000000E+00, 6.301089E-01, 2.736150E+02, 2.653029E+02, 2.650720E+02
2024-01-18 12:22:30,1, 0.000000E+00, 2.653786E+02, 0.000000E+00, 7.091463E-01, 2.736493E+02, 2.654949E+02, 2.653132E+02
2024-01-18 12:37:30,1, 0.000000E+00, 2.654666E+02, 0.000000E+00, 8.853699E-01, 2.736767E+02, 2.655964E+02, 2.654529E+02
2024-01-18 12:52:30,1, 0.000000E+00, 2.655125E+02, 0.000000E+00, 1.002132E+00, 2.736961E+02, 2.656460E+02, 2.655293E+02
2024-01-18 13:07:30,1, 3.200857E+01, 2.659283E+02, 1.193084E+00, 1.238012E+00, 2.737717E+02, 2.659880E+02, 2.657494E+02
2024-01-18 13:22:30,1, 4.680861E+01, 2.662127E+02, 1.258363E+00, 3.711206E+00, 2.738411E+02, 2.664821E+02, 2.662052E+02
2024-01-18 13:37:30,1, 6.102180E+01, 2.663695E+02, 1.331547E+00, 4.321653E+00, 2.739217E+02, 2.667885E+02, 2.665119E+02
2024-01-18 13:52:30,1, 7.458727E+01, 2.665689E+02, 1.381762E+00, 4.002876E+00, 2.740198E+02, 2.670231E+02, 2.667134E+02
2024-01-18 14:07:30,1, 1.320841E+02, 2.670929E+02, 1.424240E+00, 3.995685E+00, 2.741929E+02, 2.676717E+02, 2.671453E+02
2024-01-18 14:22:30,1, 1.503587E+02, 2.672396E+02, 1.538932E+00, 4.501069E+00, 2.743760E+02, 2.682181E+02, 2.676941E+02
2024-01-18 14:37:30,1, 1.674058E+02, 2.675292E+02, 1.627422E+00, 4.245907E+00, 2.745735E+02, 2.684046E+02, 2.678751E+02
2024-01-18 14:52:30,1, 1.831524E+02, 2.677865E+02, 1.662520E+00, 4.542078E+00, 2.747736E+02, 2.687866E+02, 2.682150E+02
2024-01-18 15:07:30,1, 1.669399E+02, 2.678893E+02, 1.728426E+00, 4.494732E+00, 2.749359E+02, 2.688892E+02, 2.683963E+02
2024-01-18 15:22:30,1, 1.778836E+02, 2.681809E+02, 1.742765E+00, 4.290298E+00, 2.751108E+02, 2.691205E+02, 2.685575E+02
2024-01-18 15:37:30,1, 1.875724E+02, 2.684054E+02, 1.788407E+00, 4.647681E+00, 2.752944E+02, 2.695106E+02, 2.688942E+02
2024-01-18 15:52:30,1, 1.959647E+02, 2.686351E+02, 1.862343E+00, 4.880585E+00, 2.754874E+02, 2.697966E+02, 2.691497E+02
2024-01-18 16:07:30,1, 2.248727E+02, 2.689742E+02, 1.920350E+00, 5.291900E+00, 2.757201E+02, 2.702413E+02, 2.694887E+02
2024-01-18 16:22:30,1, 2.311831E+02, 2.691811E+02, 2.013554E+00, 5.810656E+00, 2.759476E+02, 2.705787E+02, 2.698318E+02
2024-01-18 16:37:30,1, 2.359571E+02, 2.694274E+02, 2.081943E+00, 6.001687E+00, 2.761678E+02, 2.707908E+02, 2.700443E+02
2024-01-18 16:52:30,1, 2.391744E+02, 2.696611E+02, 2.127034E+00, 6.280517E+00, 2.763772E+02, 2.710514E+02, 2.702979E+02
2024-01-18 17:07:30,1, 1.971136E+02, 2.696391E+02, 2.179538E+00, 6.447270E+00, 2.764991E+02, 2.709729E+02, 2.703734E+02
2024-01-18 17:22:30,1, 1.971702E+02, 2.697996E+02, 2.154296E+00, 6.403161E+00, 2.766222E+02, 2.710023E+02, 2.703714E+02
2024-01-18 17:37:30,1, 1.959354E+02, 2.699083E+02, 2.162559E+00, 6.670865E+00, 2.767434E+02, 2.711905E+02, 2.705419E+02
2024-01-18 17:52:30,1, 1.934143E+02, 2.700162E+02, 2.201988E+00, 6.753432E+00, 2.768633E+02, 2.712906E+02, 2.706466E+02
2024-01-18 18:07:30,1, 1.952046E+02, 2.701263E+02, 2.223958E+00, 6.915308E+00, 2.769858E+02, 2.714268E+02, 2.707689E+02
2024-01-18 18:22:30,1, 1.900000E+02, 2.701823E+02, 2.253651E+00, 7.049222E+00, 2.770976E+02, 2.714965E+02, 2.708614E+02
2024-01-18 18:37:30,1, 1.835215E+02, 2.702482E+02, 2.266831E+00, 6.995550E+00, 2.771965E+02, 2.715127E+02, 2.708985E+02
2024-01-18 18:52:30,1, 1.757967E+02, 2.703079E+02, 2.268219E+00, 6.957213E+00, 2.772808E+02, 2.715369E+02, 2.709435E+02
2024-01-18 19:07:30,1, 1.622412E+02, 2.703507E+02, 2.270162E+00, 6.982628E+00, 2.773436E+02, 2.715069E+02, 2.709574E+02
2024-01-18 19:22:30,1, 1.524082E+02, 2.704260E+02, 2.259238E+00, 7.017640E+00, 2.773960E+02, 2.714955E+02, 2.709707E+02
2024-01-18 19:37:30,1, 1.414750E+02, 2.704860E+02, 2.253313E+00, 7.019818E+00, 2.774364E+02, 2.715030E+02, 2.710103E+02
2024-01-18 19:52:30,1, 1.294883E+02, 2.705415E+02, 2.250476E+00, 6.923876E+00, 2.774644E+02, 2.714819E+02, 2.710285E+02
2024-01-18 20:07:30,1, 8.986836E+01, 2.704110E+02, 2.231850E+00, 6.712388E+00, 2.774346E+02, 2.712375E+02, 2.709302E+02
2024-01-18 20:22:30,1, 7.911865E+01, 2.704232E+02, 2.164065E+00, 6.187507E+00, 2.774022E+02, 2.710683E+02, 2.707744E+02
2024-01-18 20:37:30,1, 6.768484E+01, 2.704021E+02, 2.119710E+00, 6.168194E+00, 2.773642E+02, 2.710252E+02, 2.707538E+02
2024-01-18 20:52:30,1, 5.561589E+01, 2.703732E+02, 2.091812E+00, 5.900597E+00, 2.773224E+02, 2.709195E+02, 2.706885E+02
2024-01-18 21:07:30,1, 3.863810E+01, 2.702542E+02, 2.011635E+00, 5.220280E+00, 2.772653E+02, 2.707683E+02, 2.705937E+02
2024-01-18 21:22:30,1, 2.678351E+01, 2.701177E+02, 1.861198E+00, 4.065123E+00, 2.772029E+02, 2.705749E+02, 2.704310E+02
2024-01-18 21:37:30,1, 1.450370E+01, 2.699831E+02, 1.461683E+00, 2.920770E+00, 2.771349E+02, 2.703739E+02, 2.702489E+02
2024-01-18 21:52:30,1, 1.851252E+00, 2.698620E+02, 2.639852E-01, 1.025119E+00, 2.770618E+02, 2.701918E+02, 2.700619E+02
2024-01-18 22:07:30,1, 0.000000E+00, 2.697764E+02, 0.000000E+00, 7.107158E-01, 2.770001E+02, 2.700579E+02, 2.699315E+02
2024-01-18 22:22:30,1, 0.000000E+00, 2.696514E+02, 0.000000E+00, 1.270477E+00, 2.769359E+02, 2.699486E+02, 2.698383E+02
2024-01-18 22:37:30,1, 0.000000E+00, 2.695350E+02, 0.000000E+00, 1.266971E+00, 2.768794E+02, 2.697863E+02, 2.697018E+02
2024-01-18 22:52:30,1, 0.000000E+00, 2.694148E+02, 0.000000E+00, 1.287740E+00, 2.768250E+02, 2.696451E+02, 2.695774E+02
2024-01-18 23:07:30,1, 0.000000E+00, 2.692633E+02, 0.000000E+00, 1.551908E+00, 2.767673E+02, 2.695019E+02, 2.694499E+02
2024-01-18 23:22:30,1, 0.000000E+00, 2.690807E+02, 0.000000E+00, 1.806188E+00, 2.767034E+02, 2.693297E+02, 2.692919E+02
2024-01-18 23:37:30,1, 0.000000E+00, 2.688931E+02, 0.000000E+00, 1.668383E+00, 2.766393E+02, 2.691255E+02, 2.691023E+02
2024-01-18 23:52:30,1, 0.000000E+00, 2.687031E+02, 0.000000E+00, 1.490890E+00, 2.765757E+02, 2.689205E+02, 2.689089E+02
2024-01-18 00:07:30,2, 0.000000E+00, 2.620505E+02, 0.000000E+00, 5.799680E-01, 2.749861E+02, 2.622392E+02, 2.621557E+02
2024-01-18 00:22:30,2, 0.000000E+00, 2.619917E+02, 0.000000E+00, 6.013211E-01, 2.748976E+02, 2.621791E+02, 2.620972E+02
2024-01-18 00:37:30,2, 0.000000E+00, 2.619317E+02, 0.000000E+00, 6.173039E-01, 2.748125E+02, 2.621170E+02, 2.620373E+02
2024-01-18 00:52:30,2, 0.000000E+00, 2.618710E+02, 0.000000E+00, 6.286524E-01, 2.747303E+02, 2.620544E+02, 2.619763E+02
2024-01-18 01:07:30,2, 0.000000E+00, 2.618018E+02, 0.000000E+00, 6.324456E-01, 2.746501E+02, 2.619857E+02, 2.619130E+02
2024-01-18 01:22:30,2, 0.000000E+00, 2.617177E+02, 0.000000E+00, 6.288102E-01, 2.745709E+02, 2.619036E+02, 2.618398E+02
2024-01-18 01:37:30,2, 0.000000E+00, 2.616223E+02, 0.000000E+00, 6.215450E-01, 2.744925E+02, 2.618087E+02, 2.617524E+02
2024-01-18 01:52:30,2, 0.000000E+00, 2.615185E+02, 0.000000E+00, 6.113931E-01, 2.744146E+02, 2.617043E+02, 2.616541E+02
2024-01-18 02:07:30,2, 0.000000E+00, 2.614068E+02, 0.000000E+00, 6.373980E-01, 2.743370E+02, 2.615915E+02, 2.615474E+02
2024-01-18 02:22:30,2, 0.000000E+00, 2.612873E+02, 0.000000E+00, 6.946201E-01, 2.742593E+02, 2.614706E+02, 2.614327E+02
2024-01-18 02:37:30,2, 0.000000E+00, 2.611617E+02, 0.000000E+00, 7.413987E-01, 2.741814E+02, 2.613432E+02, 2.613107E+02
2024-01-18 02:52:30,2, 0.000000E+00, 2.610314E+02, 0.000000E+00, 7.793897E-01, 2.741034E+02, 2.612106E+02, 2.611829E+02
2024-01-18 03:07:30,2, 0.000000E+00, 2.609167E+02, 0.000000E+00, 7.725515E-01, 2.740267E+02, 2.610856E+02, 2.610539E+02
2024-01-18 03:22:30,2, 0.000000E+00, 2.608346E+02, 0.000000E+00, 7.289724E-01, 2.739528E+02, 2.609886E+02, 2.609444E+02
2024-01-18 03:37:30,2, 0.000000E+00, 2.607781E+02, 0.000000E+00, 6.913409E-01, 2.738819E+02, 2.609221E+02, 2.608667E+02
2024-01-18 03:52:30,2, 0.000000E+00, 2.607412E+02, 0.000000E+00, 6.582090E-01, 2.738141E+02, 2.608762E+02, 2.608133E+02
2024-01-18 04:07:30,2, 0.000000E+00, 2.607354E+02, 0.000000E+00, 6.203543E-01, 2.737506E+02, 2.608574E+02, 2.607817E+02
2024-01-18 04:22:30,2, 0.000000E+00, 2.607704E+02, 0.000000E+00, 5.791888E-01, 2.736928E+02, 2.608772E+02, 2.607834E+02
2024-01-18 04:37:30,2, 0.000000E+00, 2.608377E+02, 0.000000E+00, 5.438847E-01, 2.736405E+02, 2.609334E+02, 2.608248E+02
2024-01-18 04:52:30,2, 0.000000E+00, 2.609294E+02, 0.000000E+00, 5.134198E-01, 2.735937E+02, 2.610169E+02, 2.608969E+02
2024-01-18 05:07:30,2, 0.000000E+00, 2.610321E+02, 0.000000E+00, 4.853560E-01, 2.735517E+02, 2.611163E+02, 2.609910E+02
2024-01-18 05:22:30,2, 0.000000E+00, 2.611350E+02, 0.000000E+00, 4.588195E-01, 2.735136E+02, 2.612192E+02, 2.610938E+02
2024-01-18 05:37:30,2, 0.000000E+00, 2.612379E+02, 0.000000E+00, 4.348279E-01, 2.734790E+02, 2.613219E+02, 2.611967E+02
2024-01-18 05:52:30,2, 0.000000E+00, 2.613411E+02, 0.000000E+00, 4.131594E-01, 2.734476E+02, 2.614250E+02, 2.612997E+02
2024-01-18 06:07:30,2, 0.000000E+00, 2.614348E+02, 0.000000E+00, 3.996528E-01, 2.734185E+02, 2.615224E+02, 2.614013E+02
2024-01-18 06:22:30,2, 0.000000E+00, 2.615110E+02, 0.000000E+00, 3.930896E-01, 2.733907E+02, 2.616047E+02, 2.614916E+02
2024-01-18 06:37:30,2, 0.000000E+00, 2.615737E+02, 0.000000E+00, 3.862241E-01, 2.733639E+02, 2.616711E+02, 2.615649E+02
2024-01-18 06:52:30,2, 0.000000E+00, 2.616265E+02, 0.000000E+00, 3.790956E-01, 2.733378E+02, 2.617265E+02, 2.616254E+02
2024-01-18 07:07:30,2, 0.000000E+00, 2.617319E+02, 0.000000E+00, 3.802963E-01, 2.733171E+02, 2.618126E+02, 2.616882E+02
2024-01-18 07:22:30,2, 0.000000E+00, 2.619407E+02, 0.000000E+00, 3.927369E-01, 2.733065E+02, 2.619882E+02, 2.618147E+02
2024-01-18 07:37:30,2, 0.000000E+00, 2.622304E+02, 0.000000E+00, 4.110288E-01, 2.733062E+02, 2.622568E+02, 2.620416E+02
2024-01-18 07:52:30,2, 0.000000E+00, 2.625796E+02, 0.000000E+00, 4.356861E-01, 2.733166E+02, 2.625934E+02, 2.623457E+02
2024-01-18 08:07:30,2, 0.000000E+00, 2.629204E+02, 0.000000E+00, 4.578290E-01, 2.733338E+02, 2.629466E+02, 2.626965E+02
2024-01-18 08:22:30,2, 0.000000E+00, 2.632001E+02, 0.000000E+00, 4.744178E-01, 2.733531E+02, 2.632502E+02, 2.630265E+02
2024-01-18 08:37:30,2, 0.000000E+00, 2.634318E+02, 0.000000E+00, 4.907207E-01, 2.733737E+02, 2.634984E+02, 2.632970E+02
2024-01-18 08:52:30,2, 0.000000E+00, 2.636286E+02, 0.000000E+00, 5.060644E-01, 2.733949E+02, 2.637076E+02, 2.635221E+02
2024-01-18 09:07:30,2, 0.000000E+00, 2.637966E+02, 0.000000E+00, 5.284229E-01, 2.734158E+02, 2.638862E+02, 2.637136E+02
2024-01-18 09:22:30,2, 0.000000E+00, 2.639399E+02, 0.000000E+00, 5.569607E-01, 2.734362E+02, 2.640389E+02, 2.638771E+02
2024-01-18 09:37:30,2, 0.000000E+00, 2.640649E+02, 0.000000E+00, 5.821822E-01, 2.734557E+02, 2.641716E+02, 2.640173E+02
2024-01-18 09:52:30,2, 0.000000E+00, 2.641770E+02, 0.000000E+00, 6.042592E-01, 2.734744E+02, 2.642871E+02, 2.641395E+02
2024-01-18 10:07:30,2, 0.000000E+00, 2.642566E+02, 0.000000E+00, 6.267229E-01, 2.734905E+02, 2.643766E+02, 2.642449E+02
2024-01-18 10:22:30,2, 0.000000E+00, 2.642879E+02, 0.000000E+00, 6.455853E-01, 2.735019E+02, 2.644195E+02, 2.643133E+02
2024-01-18 10:37:30,2, 0.000000E+00, 2.642835E+02, 0.000000E+00, 6.541291E-01, 2.735089E+02, 2.644211E+02, 2.643356E+02
2024-01-18 10:52:30,2, 0.000000E+00, 2.642533E+02, 0.000000E+00, 6.537451E-01, 2.735112E+02, 2.643941E+02, 2.643242E+02
2024-01-18 11:07:30,2, 0.000000E+00, 2.642792E+02, 0.000000E+00, 6.235583E-01, 2.735155E+02, 2.644021E+02, 2.643055E+02
2024-01-18 11:22:30,2, 0.000000E+00, 2.644255E+02, 0.000000E+00, 5.882942E-01, 2.735285E+02, 2.645197E+02, 2.643592E+02
2024-01-18 11:37:30,2, 0.000000E+00, 2.646608E+02, 0.000000E+00, 5.778332E-01, 2.735510E+02, 2.647460E+02, 2.645299E+02
2024-01-18 11:52:30,2, 0.000000E+00, 2.649580E+02, 0.000000E+00, 5.885804E-01, 2.735837E+02, 2.650391E+02, 2.647830E+02
2024-01-18 12:07:30,2, 0.000000E+00, 2.652203E+02, 0.000000E+00, 6.304904E-01, 2.736199E+02, 2.653280E+02, 2.650780E+02
2024-01-18 12:22:30,2, 0.000000E+00, 2.653773E+02, 0.000000E+00, 7.087090E-01, 2.736541E+02, 2.655168E+02, 2.653183E+02
2024-01-18 12:37:30,2, 0.000000E+00, 2.654666E+02, 0.000000E+00, 8.809764E-01, 2.736814E+02, 2.656190E+02, 2.654588E+02
2024-01-18 12:52:30,2, 0.000000E+00, 2.655133E+02, 0.000000E+00, 1.004820E+00, 2.737008E+02, 2.656710E+02, 2.655368E+02
2024-01-18 13:07:30,2, 3.200857E+01, 2.659305E+02, 1.193632E+00, 1.244892E+00, 2.737762E+02, 2.660019E+02, 2.657522E+02
2024-01-18 13:22:30,2, 4.680861E+01, 2.662126E+02, 1.258151E+00, 3.728425E+00, 2.738453E+02, 2.665032E+02, 2.662129E+02
2024-01-18 13:37:30,2, 6.102180E+01, 2.663695E+02, 1.333399E+00, 4.318348E+00, 2.739260E+02, 2.667976E+02, 2.665132E+02
2024-01-18 13:52:30,2, 7.458727E+01, 2.665693E+02, 1.382421E+00, 4.003621E+00, 2.740240E+02, 2.670313E+02, 2.667141E+02
2024-01-18 14:07:30,2, 1.320841E+02, 2.670922E+02, 1.425191E+00, 3.999233E+00, 2.741973E+02, 2.676669E+02, 2.671408E+02
2024-01-18 14:22:30,2, 1.503587E+02, 2.672397E+02, 1.539869E+00, 4.502170E+00, 2.743805E+02, 2.682142E+02, 2.676893E+02
2024-01-18 14:37:30,2, 1.674058E+02, 2.675291E+02, 1.628244E+00, 4.248986E+00, 2.745779E+02, 2.683998E+02, 2.678703E+02
2024-01-18 14:52:30,2, 1.831524E+02, 2.677864E+02, 1.663514E+00, 4.544900E+00, 2.747780E+02, 2.687809E+02, 2.682097E+02
2024-01-18 15:07:30,2, 1.669399E+02, 2.678896E+02, 1.729399E+00, 4.498116E+00, 2.749402E+02, 2.688876E+02, 2.683929E+02
2024-01-18 15:22:30,2, 1.778836E+02, 2.681811E+02, 1.743873E+00, 4.294498E+00, 2.751149E+02, 2.691164E+02, 2.685535E+02
2024-01-18 15:37:30,2, 1.875724E+02, 2.684057E+02, 1.789609E+00, 4.651679E+00, 2.752984E+02, 2.695050E+02, 2.688895E+02
2024-01-18 15:52:30,2, 1.959647E+02, 2.686354E+02, 1.863557E+00, 4.884943E+00, 2.754913E+02, 2.697896E+02, 2.691446E+02
2024-01-18 16:07:30,2, 2.248727E+02, 2.689742E+02, 1.921628E+00, 5.296218E+00, 2.757238E+02, 2.702302E+02, 2.694819E+02
2024-01-18 16:22:30,2, 2.311831E+02, 2.691813E+02, 2.014816E+00, 5.814777E+00, 2.759512E+02, 2.705676E+02, 2.698249E+02
2024-01-18 16:37:30,2, 2.359571E+02, 2.694276E+02, 2.083217E+00, 6.006169E+00, 2.761714E+02, 2.707794E+02, 2.700373E+02
2024-01-18 16:52:30,2, 2.391744E+02, 2.696613E+02, 2.128369E+00, 6.285029E+00, 2.763807E+02, 2.710397E+02, 2.702908E+02
2024-01-18 17:07:30,2, 1.971136E+02, 2.696396E+02, 2.180891E+00, 6.452265E+00, 2.765025E+02, 2.709666E+02, 2.703687E+02
2024-01-18 17:22:30,2, 1.971702E+02, 2.698000E+02, 2.155760E+00, 6.408726E+00, 2.766254E+02, 2.709949E+02, 2.703665E+02
2024-01-18 17:37:30,2, 1.959354E+02, 2.699087E+02, 2.164079E+00, 6.676196E+00, 2.767466E+02, 2.711830E+02, 2.705368E+02
2024-01-18 17:52:30,2, 1.934143E+02, 2.700166E+02, 2.203500E+00, 6.758908E+00, 2.768664E+02, 2.712830E+02, 2.706416E+02
2024-01-18 18:07:30,2, 1.952046E+02, 2.701266E+02, 2.225495E+00, 6.920768E+00, 2.769888E+02, 2.714187E+02, 2.707637E+02
2024-01-18 18:22:30,2, 1.900000E+02, 2.701826E+02, 2.255193E+00, 7.054630E+00, 2.771005E+02, 2.714892E+02, 2.708564E+02
2024-01-18 18:37:30,2, 1.835215E+02, 2.702485E+02, 2.268373E+00, 7.000959E+00, 2.771994E+02, 2.715060E+02, 2.708938E+02
2024-01-18 18:52:30,2, 1.757967E+02, 2.703082E+02, 2.269759E+00, 6.962529E+00, 2.772837E+02, 2.715311E+02, 2.709391E+02
2024-01-18 19:07:30,2, 1.622412E+02, 2.703511E+02, 2.271694E+00, 6.987849E+00, 2.773464E+02, 2.715028E+02, 2.709536E+02
2024-01-18 19:22:30,2, 1.524082E+02, 2.704263E+02, 2.260766E+00, 7.022788E+00, 2.773988E+02, 2.714922E+02, 2.709673E+02
2024-01-18 19:37:30,2, 1.414750E+02, 2.704863E+02, 2.254833E+00, 7.024823E+00, 2.774392E+02, 2.715009E+02, 2.710074E+02
2024-01-18 19:52:30,2, 1.294883E+02, 2.705417E+02, 2.251980E+00, 6.928780E+00, 2.774672E+02, 2.714810E+02, 2.710261E+02
2024-01-18 20:07:30,2, 8.986836E+01, 2.704113E+02, 2.233304E+00, 6.717064E+00, 2.774373E+02, 2.712428E+02, 2.709305E+02
2024-01-18 20:22:30,2, 7.911865E+01, 2.704235E+02, 2.165471E+00, 6.192212E+00, 2.774049E+02, 2.710740E+02, 2.707749E+02
2024-01-18 20:37:30,2, 6.768484E+01, 2.704024E+02, 2.121052E+00, 6.172326E+00, 2.773670E+02, 2.710325E+02, 2.707549E+02
2024-01-18 20:52:30,2, 5.561589E+01, 2.703734E+02, 2.093004E+00, 5.904461E+00, 2.773252E+02, 2.709284E+02, 2.706902E+02
2024-01-18 21:07:30,2, 3.863810E+01, 2.702545E+02, 2.012437E+00, 5.223317E+00, 2.772681E+02, 2.707801E+02, 2.705966E+02
2024-01-18 21:22:30,2, 2.678351E+01, 2.701179E+02, 1.862231E+00, 4.068149E+00, 2.772058E+02, 2.705889E+02, 2.704347E+02
2024-01-18 21:37:30,2, 1.450370E+01, 2.699832E+02, 1.465709E+00, 2.927279E+00, 2.771378E+02, 2.703914E+02, 2.702537E+02
2024-01-18 21:52:30,2, 1.851252E+00, 2.698625E+02, 2.641211E-01, 1.027267E+00, 2.770647E+02, 2.702106E+02, 2.700675E+02
2024-01-18 22:07:30,2, 0.000000E+00, 2.697770E+02, 0.000000E+00, 7.132453E-01, 2.770029E+02, 2.700787E+02, 2.699382E+02
2024-01-18 22:22:30,2, 0.000000E+00, 2.696516E+02, 0.000000E+00, 1.273206E+00, 2.769386E+02, 2.699695E+02, 2.698451E+02
2024-01-18 22:37:30,2, 0.000000E+00, 2.695355E+02, 0.000000E+00, 1.267237E+00, 2.768822E+02, 2.698087E+02, 2.697087E+02
2024-01-18 22:52:30,2, 0.000000E+00, 2.694153E+02, 0.000000E+00, 1.290277E+00, 2.768277E+02, 2.696688E+02, 2.695849E+02
2024-01-18 23:07:30,2, 0.000000E+00, 2.692638E+02, 0.000000E+00, 1.555161E+00, 2.767699E+02, 2.695265E+02, 2.694578E+02
2024-01-18 23:22:30,2, 0.000000E+00, 2.690810E+02, 0.000000E+00, 1.807579E+00, 2.767061E+02, 2.693548E+02, 2.692998E+02
2024-01-18 23:37:30,2, 0.000000E+00, 2.688935E+02, 0.000000E+00, 1.668650E+00, 2.766420E+02, 2.691517E+02, 2.691104E+02
2024-01-18 23:52:30,2, 0.000000E+00, 2.687037E+02, 0.000000E+00, 1.492444E+00, 2.765784E+02, 2.689479E+02, 2.689175E+02
2024-01-19 00:07:30,1, 0.000000E+00, 2.684365E+02, 0.000000E+00, 2.744032E+00, 2.764930E+02, 2.687089E+02, 2.687124E+02
2024-01-19 00:22:30,1, 0.000000E+00, 2.680594E+02, 0.000000E+00, 3.635211E+00, 2.763963E+02, 2.683846E+02, 2.684282E+02
2024-01-19 00:37:30,1, 0.000000E+00, 2.676675E+02, 0.000000E+00, 3.328308E+00, 2.762933E+02, 2.679576E+02, 2.680357E+02
2024-01-19 00:52:30,1, 0.000000E+00, 2.672727E+02, 0.000000E+00, 3.019339E+00, 2.761847E+02, 2.675297E+02, 2.676323E+02
2024-01-19 01:07:30,1, 0.000000E+00, 2.668733E+02, 0.000000E+00, 1.494680E+00, 2.760925E+02, 2.670977E+02, 2.672242E+02
2024-01-19 01:22:30,1, 0.000000E+00, 2.665432E+02, 0.000000E+00, 1.423248E+00, 2.759964E+02, 2.667439E+02, 2.668385E+02
2024-01-19 01:37:30,1, 0.000000E+00, 2.662530E+02, 0.000000E+00, 1.528599E+00, 2.758987E+02, 2.664424E+02, 2.665169E+02
2024-01-19 01:52:30,1, 0.000000E+00, 2.659894E+02, 0.000000E+00, 1.650724E+00, 2.758009E+02, 2.661705E+02, 2.662320E+02
2024-01-19 02:07:30,1, 0.000000E+00, 2.657538E+02, 0.000000E+00, 1.562157E+00, 2.757040E+02, 2.659220E+02, 2.659729E+02
2024-01-19 02:22:30,1, 0.000000E+00, 2.655487E+02, 0.000000E+00, 1.354854E+00, 2.756084E+02, 2.656980E+02, 2.657408E+02
2024-01-19 02:37:30,1, 0.000000E+00, 2.653642E+02, 0.000000E+00, 1.223842E+00, 2.755143E+02, 2.655053E+02, 2.655393E+02
2024-01-19 02:52:30,1, 0.000000E+00, 2.651930E+02, 0.000000E+00, 1.130322E+00, 2.754223E+02, 2.653253E+02, 2.653560E+02
2024-01-19 03:07:30,1, 0.000000E+00, 2.650568E+02, 0.000000E+00, 9.148864E-01, 2.753334E+02, 2.651702E+02, 2.651897E+02
2024-01-19 03:22:30,1, 0.000000E+00, 2.649727E+02, 0.000000E+00, 6.240251E-01, 2.752492E+02, 2.650596E+02, 2.650613E+02
2024-01-19 03:37:30,1, 0.000000E+00, 2.649284E+02, 0.000000E+00, 3.974238E-01, 2.751698E+02, 2.649937E+02, 2.649827E+02
2024-01-19 03:52:30,1, 0.000000E+00, 2.649135E+02, 0.000000E+00, 2.114844E-01, 2.750952E+02, 2.649588E+02, 2.649412E+02
2024-01-19 04:07:30,1, 0.000000E+00, 2.649172E+02, 0.000000E+00, 1.714563E-01, 2.750261E+02, 2.649537E+02, 2.649292E+02
2024-01-19 04:22:30,1, 0.000000E+00, 2.649302E+02, 0.000000E+00, 2.553763E-01, 2.749628E+02, 2.649680E+02, 2.649360E+02
2024-01-19 04:37:30,1, 0.000000E+00, 2.649491E+02, 0.000000E+00, 3.322166E-01, 2.749050E+02, 2.649888E+02, 2.649513E+02
2024-01-19 04:52:30,1, 0.000000E+00, 2.649725E+02, 0.000000E+00, 4.029422E-01, 2.748520E+02, 2.650150E+02, 2.649723E+02
2024-01-19 05:07:30,1, 0.000000E+00, 2.650217E+02, 0.000000E+00, 4.498445E-01, 2.748050E+02, 2.650589E+02, 2.650019E+02
2024-01-19 05:22:30,1, 0.000000E+00, 2.651136E+02, 0.000000E+00, 4.761368E-01, 2.747652E+02, 2.651412E+02, 2.650611E+02
2024-01-19 05:37:30,1, 0.000000E+00, 2.652384E+02, 0.000000E+00, 5.045645E-01, 2.747324E+02, 2.652615E+02, 2.651617E+02
2024-01-19 05:52:30,1, 0.000000E+00, 2.653872E+02, 0.000000E+00, 5.357263E-01, 2.747067E+02, 2.654091E+02, 2.652935E+02
2024-01-19 06:07:30,1, 0.000000E+00, 2.655359E+02, 0.000000E+00, 4.195045E-01, 2.746856E+02, 2.655598E+02, 2.654431E+02
2024-01-19 06:22:30,1, 0.000000E+00, 2.656670E+02, 0.000000E+00, 1.686372E-01, 2.746669E+02, 2.656924E+02, 2.655870E+02
2024-01-19 06:37:30,1, 0.000000E+00, 2.657854E+02, 0.000000E+00,-5.294162E-02, 2.746503E+02, 2.658101E+02, 2.657142E+02
2024-01-19 06:52:30,1, 0.000000E+00, 2.658950E+02, 0.000000E+00,-2.479019E-01, 2.746355E+02, 2.659180E+02, 2.658295E+02
2024-01-19 07:07:30,1, 0.000000E+00, 2.660268E+02, 0.000000E+00,-2.381478E-01, 2.746249E+02, 2.660423E+02, 2.659436E+02
2024-01-19 07:22:30,1, 0.000000E+00, 2.662039E+02, 0.000000E+00,-4.413669E-02, 2.746219E+02, 2.662111E+02, 2.660866E+02
2024-01-19 07:37:30,1, 0.000000E+00, 2.664146E+02, 0.000000E+00, 1.370655E-01, 2.746263E+02, 2.664198E+02, 2.662734E+02
2024-01-19 07:52:30,1, 0.000000E+00, 2.666488E+02, 0.000000E+00, 3.112077E-01, 2.746380E+02, 2.666562E+02, 2.664922E+02
2024-01-19 08:07:30,1, 0.000000E+00, 2.668616E+02, 0.000000E+00, 4.180706E-01, 2.746536E+02, 2.668853E+02, 2.667251E+02
2024-01-19 08:22:30,1, 0.000000E+00, 2.670195E+02, 0.000000E+00, 4.572446E-01, 2.746716E+02, 2.670656E+02, 2.669284E+02
2024-01-19 08:37:30,1, 0.000000E+00, 2.671362E+02, 0.000000E+00, 4.937048E-01, 2.746905E+02, 2.671976E+02, 2.670786E+02
2024-01-19 08:52:30,1, 0.000000E+00, 2.672241E+02, 0.000000E+00, 5.260249E-01, 2.747092E+02, 2.672971E+02, 2.671902E+02
2024-01-19 09:07:30,1, 0.000000E+00, 2.673037E+02, 0.000000E+00, 5.523610E-01, 2.747281E+02, 2.673821E+02, 2.672773E+02
2024-01-19 09:22:30,1, 0.000000E+00, 2.673896E+02, 0.000000E+00, 5.753925E-01, 2.747492E+02, 2.674705E+02, 2.673597E+02
2024-01-19 09:37:30,1, 0.000000E+00, 2.674803E+02, 0.000000E+00, 6.004428E-01, 2.747719E+02, 2.675654E+02, 2.674484E+02
2024-01-19 09:52:30,1, 0.000000E+00, 2.675737E+02, 0.000000E+00, 6.278749E-01, 2.747959E+02, 2.676642E+02, 2.675417E+02
2024-01-19 10:07:30,1, 0.000000E+00, 2.676742E+02, 0.000000E+00, 6.051712E-01, 2.748222E+02, 2.677714E+02, 2.676394E+02
2024-01-19 10:22:30,1, 0.000000E+00, 2.677841E+02, 0.000000E+00, 5.373632E-01, 2.748526E+02, 2.678908E+02, 2.677458E+02
2024-01-19 10:37:30,1, 0.000000E+00, 2.678976E+02, 0.000000E+00, 4.850013E-01, 2.748863E+02, 2.680166E+02, 2.678607E+02
2024-01-19 10:52:30,1, 0.000000E+00, 2.680090E+02, 0.000000E+00, 4.432300E-01, 2.749228E+02, 2.681456E+02, 2.679791E+02
2024-01-19 11:07:30,1, 0.000000E+00, 2.678977E+02, 0.000000E+00, 1.456929E+00, 2.749562E+02, 2.682501E+02, 2.680884E+02
2024-01-19 11:22:30,1, 0.000000E+00, 2.674718E+02, 0.000000E+00, 2.963463E+00, 2.749787E+02, 2.681133E+02, 2.679694E+02
2024-01-19 11:37:30,1, 0.000000E+00, 2.670976E+02, 0.000000E+00, 2.723806E+00, 2.749954E+02, 2.677007E+02, 2.675470E+02
2024-01-19 11:52:30,1, 0.000000E+00, 2.667404E+02, 0.000000E+00, 2.704482E+00, 2.749999E+02, 2.673872E+02, 2.671909E+02
2024-01-19 12:07:30,1, 0.000000E+00, 2.665207E+02, 0.000000E+00, 1.986767E+00, 2.749997E+02, 2.670667E+02, 2.668444E+02
2024-01-19 12:22:30,1, 0.000000E+00, 2.664565E+02, 0.000000E+00, 1.215559E+00, 2.749985E+02, 2.668795E+02, 2.666344E+02
2024-01-19 12:37:30,1, 0.000000E+00, 2.663507E+02, 0.000000E+00, 1.176141E+00, 2.749912E+02, 2.668293E+02, 2.665743E+02
2024-01-19 12:52:30,1, 0.000000E+00, 2.662443E+02, 0.000000E+00, 1.070581E+00, 2.749829E+02, 2.667087E+02, 2.664640E+02
2024-01-19 13:07:30,1, 2.905365E+01, 2.668066E+02, 1.318560E+00, 5.088509E-01, 2.750534E+02, 2.669195E+02, 2.665316E+02
2024-01-19 13:22:30,1, 4.225655E+01, 2.671609E+02, 1.382722E+00, 1.358513E+00, 2.751210E+02, 2.676347E+02, 2.671669E+02
2024-01-19 13:37:30,1, 5.493754E+01, 2.676943E+02, 1.497001E+00, 1.101506E+00, 2.752251E+02, 2.680196E+02, 2.675595E+02
2024-01-19 13:52:30,1, 6.704233E+01, 2.679744E+02, 1.568940E+00, 1.889358E+00, 2.753327E+02, 2.686131E+02, 2.681271E+02
2024-01-19 14:07:30,1, 6.497235E+01, 2.682398E+02, 1.664944E+00, 2.346214E+00, 2.754381E+02, 2.687822E+02, 2.683659E+02
2024-01-19 14:22:30,1, 7.390869E+01, 2.684601E+02, 1.697023E+00, 3.507488E+00, 2.755522E+02, 2.691191E+02, 2.686718E+02
2024-01-19 14:37:30,1, 8.224641E+01, 2.686953E+02, 1.760316E+00, 4.011870E+00, 2.756771E+02, 2.693780E+02, 2.689205E+02
2024-01-19 14:52:30,1, 8.994981E+01, 2.689230E+02, 1.810275E+00, 4.434726E+00, 2.758084E+02, 2.696613E+02, 2.691868E+02
2024-01-19 15:07:30,1, 1.050282E+02, 2.691639E+02, 1.867127E+00, 5.094832E+00, 2.759601E+02, 2.700029E+02, 2.694790E+02
2024-01-19 15:22:30,1, 1.118925E+02, 2.693123E+02, 1.936775E+00, 5.851891E+00, 2.761181E+02, 2.702711E+02, 2.697401E+02
2024-01-19 15:37:30,1, 1.179721E+02, 2.695047E+02, 1.990975E+00, 6.034567E+00, 2.762798E+02, 2.704560E+02, 2.699117E+02
2024-01-19 15:52:30,1, 1.232410E+02, 2.696772E+02, 2.030077E+00, 6.417880E+00, 2.764409E+02, 2.706933E+02, 2.701291E+02
2024-01-19 16:07:30,1, 1.666824E+02, 2.700076E+02, 2.084819E+00, 7.388145E+00, 2.766694E+02, 2.712290E+02, 2.704927E+02
2024-01-19 16:22:30,1, 1.713606E+02, 2.700022E+02, 2.209682E+00, 8.722765E+00, 2.768908E+02, 2.714961E+02, 2.708022E+02
2024-01-19 16:37:30,1, 1.749060E+02, 2.701354E+02, 2.265255E+00, 8.508655E+00, 2.771018E+02, 2.714698E+02, 2.707904E+02
2024-01-19 16:52:30,1, 1.773037E+02, 2.702298E+02, 2.260710E+00, 8.906301E+00, 2.772954E+02, 2.716283E+02, 2.709332E+02
2024-01-19 17:07:30,1, 1.611585E+02, 2.702009E+02, 2.292521E+00, 8.803075E+00, 2.774465E+02, 2.715532E+02, 2.709410E+02
2024-01-19 17:22:30,1, 1.612272E+02, 2.702513E+02, 2.271040E+00, 8.445848E+00, 2.775879E+02, 2.715313E+02, 2.709085E+02
2024-01-19 17:37:30,1, 1.602455E+02, 2.702708E+02, 2.266550E+00, 8.564082E+00, 2.777185E+02, 2.715743E+02, 2.709497E+02
2024-01-19 17:52:30,1, 1.582175E+02, 2.702899E+02, 2.274700E+00, 8.587209E+00, 2.778389E+02, 2.715673E+02, 2.709525E+02
2024-01-19 18:07:30,1, 2.153547E+02, 2.705219E+02, 2.278215E+00, 9.329149E+00, 2.780478E+02, 2.720164E+02, 2.711890E+02
2024-01-19 18:22:30,1, 2.096779E+02, 2.703465E+02, 2.392750E+00, 1.023716E+01, 2.782226E+02, 2.720944E+02, 2.713520E+02
2024-01-19 18:37:30,1, 2.026034E+02, 2.702808E+02, 2.403974E+00, 9.768340E+00, 2.783621E+02, 2.718215E+02, 2.711272E+02
2024-01-19 18:52:30,1, 1.941617E+02, 2.702013E+02, 2.339410E+00, 9.684351E+00, 2.784637E+02, 2.717073E+02, 2.710292E+02
2024-01-19 19:07:30,1, 1.772397E+02, 2.700252E+02, 2.308638E+00, 9.028100E+00, 2.785191E+02, 2.714946E+02, 2.708789E+02
2024-01-19 19:22:30,1, 1.666064E+02, 2.698366E+02, 2.256113E+00, 8.091943E+00, 2.785411E+02, 2.712487E+02, 2.706620E+02
2024-01-19 19:37:30,1, 1.547793E+02, 2.696438E+02, 2.199138E+00, 7.598350E+00, 2.785339E+02, 2.709878E+02, 2.704308E+02
2024-01-19 19:52:30,1, 1.418090E+02, 2.694456E+02, 2.139372E+00, 7.203403E+00, 2.785006E+02, 2.707156E+02, 2.701923E+02
2024-01-19 20:07:30,1, 1.191444E+02, 2.691561E+02, 2.076734E+00, 7.355670E+00, 2.784292E+02, 2.703769E+02, 2.699170E+02
2024-01-19 20:22:30,1, 1.050755E+02, 2.688625E+02, 2.000939E+00, 7.589422E+00, 2.783366E+02, 2.700225E+02, 2.695872E+02
2024-01-19 20:37:30,1, 9.010866E+01, 2.685638E+02, 1.926087E+00, 7.348449E+00, 2.782253E+02, 2.696583E+02, 2.692502E+02
2024-01-19 20:52:30,1, 7.430796E+01, 2.682600E+02, 1.849197E+00, 7.001463E+00, 2.780973E+02, 2.692813E+02, 2.689046E+02
2024-01-19 21:07:30,1, 5.357355E+01, 2.679106E+02, 1.764174E+00, 6.411641E+00, 2.779440E+02, 2.688559E+02, 2.685338E+02
2024-01-19 21:22:30,1, 3.755733E+01, 2.675607E+02, 1.656700E+00, 5.710609E+00, 2.777702E+02, 2.684149E+02, 2.681330E+02
2024-01-19 21:37:30,1, 2.096463E+01, 2.672056E+02, 1.457615E+00, 5.081149E+00, 2.775796E+02, 2.679713E+02, 2.677290E+02
2024-01-19 21:52:30,1, 3.866506E+00, 2.668527E+02, 5.210766E-01, 3.575699E+00, 2.773749E+02, 2.675318E+02, 2.673159E+02
2024-01-19 22:07:30,1, 0.000000E+00, 2.665751E+02, 0.000000E+00, 2.775544E+00, 2.771797E+02, 2.671780E+02, 2.669539E+02
2024-01-19 22:22:30,1, 0.000000E+00, 2.663325E+02, 0.000000E+00, 2.720022E+00, 2.769951E+02, 2.669106E+02, 2.666792E+02
2024-01-19 22:37:30,1, 0.000000E+00, 2.660874E+02, 0.000000E+00, 2.702071E+00, 2.768202E+02, 2.666670E+02, 2.664362E+02
2024-01-19 22:52:30,1, 0.000000E+00, 2.658411E+02, 0.000000E+00, 2.670920E+00, 2.766541E+02, 2.664189E+02, 2.661900E+02
2024-01-19 23:07:30,1, 0.000000E+00, 2.656287E+02, 0.000000E+00, 2.619276E+00, 2.764974E+02, 2.661760E+02, 2.659446E+02
2024-01-19 23:22:30,1, 0.000000E+00, 2.654515E+02, 0.000000E+00, 2.589806E+00, 2.763497E+02, 2.659741E+02, 2.657352E+02
2024-01-19 23:37:30,1, 0.000000E+00, 2.652741E+02, 0.000000E+00, 2.595717E+00, 2.762092E+02, 2.658018E+02, 2.655594E+02
2024-01-19 23:52:30,1, 0.000000E+00, 2.650953E+02, 0.000000E+00, 2.586006E+00, 2.760754E+02, 2.656247E+02, 2.653820E+02
2024-01-19 00:07:30,2, 0.000000E+00, 2.684367E+02, 0.000000E+00, 2.746672E+00, 2.764956E+02, 2.687361E+02, 2.687210E+02
2024-01-19 00:22:30,2, 0.000000E+00, 2.680595E+02, 0.000000E+00, 3.631557E+00, 2.763990E+02, 2.684129E+02, 2.684368E+02
2024-01-19 00:37:30,2, 0.000000E+00, 2.676676E+02, 0.000000E+00, 3.326511E+00, 2.762961E+02, 2.679876E+02, 2.680446E+02
2024-01-19 00:52:30,2, 0.000000E+00, 2.672728E+02, 0.000000E+00, 3.019898E+00, 2.761875E+02, 2.675624E+02, 2.676422E+02
2024-01-19 01:07:30,2, 0.000000E+00, 2.668729E+02, 0.000000E+00, 1.494963E+00, 2.760954E+02, 2.671375E+02, 2.672365E+02
2024-01-19 01:22:30,2, 0.000000E+00, 2.665424E+02, 0.000000E+00, 1.422773E+00, 2.759993E+02, 2.667795E+02, 2.668490E+02
2024-01-19 01:37:30,2, 0.000000E+00, 2.662520E+02, 0.000000E+00, 1.528053E+00, 2.759017E+02, 2.664795E+02, 2.665275E+02
2024-01-19 01:52:30,2, 0.000000E+00, 2.659876E+02, 0.000000E+00, 1.650227E+00, 2.758039E+02, 2.662079E+02, 2.662425E+02
2024-01-19 02:07:30,2, 0.000000E+00, 2.657511E+02, 0.000000E+00, 1.561675E+00, 2.757070E+02, 2.659594E+02, 2.659829E+02
2024-01-19 02:22:30,2, 0.000000E+00, 2.655442E+02, 0.000000E+00, 1.354635E+00, 2.756114E+02, 2.657367E+02, 2.657504E+02
2024-01-19 02:37:30,2, 0.000000E+00, 2.653587E+02, 0.000000E+00, 1.223410E+00, 2.755175E+02, 2.655389E+02, 2.655463E+02
2024-01-19 02:52:30,2, 0.000000E+00, 2.651876E+02, 0.000000E+00, 1.129961E+00, 2.754254E+02, 2.653582E+02, 2.653621E+02
2024-01-19 03:07:30,2, 0.000000E+00, 2.650519E+02, 0.000000E+00, 9.149435E-01, 2.753365E+02, 2.652021E+02, 2.651955E+02
2024-01-19 03:22:30,2, 0.000000E+00, 2.649685E+02, 0.000000E+00, 6.243844E-01, 2.752522E+02, 2.650902E+02, 2.650670E+02
2024-01-19 03:37:30,2, 0.000000E+00, 2.649252E+02, 0.000000E+00, 3.978901E-01, 2.751727E+02, 2.650241E+02, 2.649889E+02
2024-01-19 03:52:30,2, 0.000000E+00, 2.649111E+02, 0.000000E+00, 2.119835E-01, 2.750981E+02, 2.649900E+02, 2.649483E+02
2024-01-19 04:07:30,2, 0.000000E+00, 2.649152E+02, 0.000000E+00, 1.719106E-01, 2.750290E+02, 2.649851E+02, 2.649368E+02
2024-01-19 04:22:30,2, 0.000000E+00, 2.649286E+02, 0.000000E+00, 2.557619E-01, 2.749657E+02, 2.649995E+02, 2.649440E+02
2024-01-19 04:37:30,2, 0.000000E+00, 2.649477E+02, 0.000000E+00, 3.325505E-01, 2.749079E+02, 2.650204E+02, 2.649596E+02
2024-01-19 04:52:30,2, 0.000000E+00, 2.649713E+02, 0.000000E+00, 4.032359E-01, 2.748549E+02, 2.650465E+02, 2.649808E+02
2024-01-19 05:07:30,2, 0.000000E+00, 2.650206E+02, 0.000000E+00, 4.501114E-01, 2.748079E+02, 2.650901E+02, 2.650104E+02
2024-01-19 05:22:30,2, 0.000000E+00, 2.651126E+02, 0.000000E+00, 4.763871E-01, 2.747681E+02, 2.651717E+02, 2.650695E+02
2024-01-19 05:37:30,2, 0.000000E+00, 2.652374E+02, 0.000000E+00, 5.048007E-01, 2.747353E+02, 2.652913E+02, 2.651699E+02
2024-01-19 05:52:30,2, 0.000000E+00, 2.653862E+02, 0.000000E+00, 5.359513E-01, 2.747095E+02, 2.654383E+02, 2.653016E+02
2024-01-19 06:07:30,2, 0.000000E+00, 2.655349E+02, 0.000000E+00, 4.197517E-01, 2.746885E+02, 2.655885E+02, 2.654510E+02
2024-01-19 06:22:30,2, 0.000000E+00, 2.656660E+02, 0.000000E+00, 1.689322E-01, 2.746698E+02, 2.657208E+02, 2.655949E+02
2024-01-19 06:37:30,2, 0.000000E+00, 2.657845E+02, 0.000000E+00,-5.261163E-02, 2.746532E+02, 2.658382E+02, 2.657220E+02
2024-01-19 06:52:30,2, 0.000000E+00, 2.658942E+02, 0.000000E+00,-2.475483E-01, 2.746383E+02, 2.659457E+02, 2.658372E+02
2024-01-19 07:07:30,2, 0.000000E+00, 2.660259E+02, 0.000000E+00,-2.378121E-01, 2.746277E+02, 2.660694E+02, 2.659512E+02
2024-01-19 07:22:30,2, 0.000000E+00, 2.662030E+02, 0.000000E+00,-4.384708E-02, 2.746248E+02, 2.662373E+02, 2.660939E+02
2024-01-19 07:37:30,2, 0.000000E+00, 2.664138E+02, 0.000000E+00, 1.373210E-01, 2.746292E+02, 2.664450E+02, 2.662805E+02
2024-01-19 07:52:30,2, 0.000000E+00, 2.666480E+02, 0.000000E+00, 3.114370E-01, 2.746408E+02, 2.666806E+02, 2.664990E+02
2024-01-19 08:07:30,2, 0.000000E+00, 2.668608E+02, 0.000000E+00, 4.182918E-01, 2.746564E+02, 2.669094E+02, 2.667319E+02
2024-01-19 08:22:30,2, 0.000000E+00, 2.670186E+02, 0.000000E+00, 4.574718E-01, 2.746744E+02, 2.670899E+02, 2.669352E+02
2024-01-19 08:37:30,2, 0.000000E+00, 2.671352E+02, 0.000000E+00, 4.939338E-01, 2.746933E+02, 2.672223E+02, 2.670855E+02
2024-01-19 08:52:30,2, 0.000000E+00, 2.672231E+02, 0.000000E+00, 5.262273E-01, 2.747120E+02, 2.673214E+02, 2.671969E+02
2024-01-19 09:07:30,2, 0.000000E+00, 2.673028E+02, 0.000000E+00, 5.525412E-01, 2.747309E+02, 2.674054E+02, 2.672837E+02
2024-01-19 09:22:30,2, 0.000000E+00, 2.673891E+02, 0.000000E+00, 5.756188E-01, 2.747520E+02, 2.674935E+02, 2.673660E+02
2024-01-19 09:37:30,2, 0.000000E+00, 2.674803E+02, 0.000000E+00, 6.007729E-01, 2.747746E+02, 2.675881E+02, 2.674550E+02
2024-01-19 09:52:30,2, 0.000000E+00, 2.675742E+02, 0.000000E+00, 6.283445E-01, 2.747986E+02, 2.676864E+02, 2.675484E+02
2024-01-19 10:07:30,2, 0.000000E+00, 2.676754E+02, 0.000000E+00, 6.058296E-01, 2.748249E+02, 2.677928E+02, 2.676462E+02
2024-01-19 10:22:30,2, 0.000000E+00, 2.677861E+02, 0.000000E+00, 5.382795E-01, 2.748552E+02, 2.679114E+02, 2.677529E+02
2024-01-19 10:37:30,2, 0.000000E+00, 2.679001E+02, 0.000000E+00, 4.862874E-01, 2.748890E+02, 2.680380E+02, 2.678686E+02
2024-01-19 10:52:30,2, 0.000000E+00, 2.680115E+02, 0.000000E+00, 4.447330E-01, 2.749254E+02, 2.681668E+02, 2.679872E+02
2024-01-19 11:07:30,2, 0.000000E+00, 2.678967E+02, 0.000000E+00, 1.471769E+00, 2.749586E+02, 2.682720E+02, 2.680968E+02
2024-01-19 11:22:30,2, 0.000000E+00, 2.674720E+02, 0.000000E+00, 2.953192E+00, 2.749812E+02, 2.681306E+02, 2.679740E+02
2024-01-19 11:37:30,2, 0.000000E+00, 2.670979E+02, 0.000000E+00, 2.722823E+00, 2.749978E+02, 2.677211E+02, 2.675534E+02
2024-01-19 11:52:30,2, 0.000000E+00, 2.667405E+02, 0.000000E+00, 2.704643E+00, 2.750024E+02, 2.674072E+02, 2.671972E+02
2024-01-19 12:07:30,2, 0.000000E+00, 2.665208E+02, 0.000000E+00, 1.986856E+00, 2.750022E+02, 2.670865E+02, 2.668505E+02
2024-01-19 12:22:30,2, 0.000000E+00, 2.664565E+02, 0.000000E+00, 1.216125E+00, 2.750010E+02, 2.669007E+02, 2.666409E+02
2024-01-19 12:37:30,2, 0.000000E+00, 2.663510E+02, 0.000000E+00, 1.176282E+00, 2.749937E+02, 2.668492E+02, 2.665804E+02
2024-01-19 12:52:30,2, 0.000000E+00, 2.662447E+02, 0.000000E+00, 1.070875E+00, 2.749854E+02, 2.667289E+02, 2.664703E+02
2024-01-19 13:07:30,2, 2.905365E+01, 2.668060E+02, 1.318870E+00, 5.094011E-01, 2.750558E+02, 2.669355E+02, 2.665362E+02
2024-01-19 13:22:30,2, 4.225655E+01, 2.671629E+02, 1.384445E+00, 1.354074E+00, 2.751236E+02, 2.676419E+02, 2.671670E+02
2024-01-19 13:37:30,2, 5.493754E+01, 2.676923E+02, 1.496067E+00, 1.113066E+00, 2.752271E+02, 2.680297E+02, 2.675622E+02
2024-01-19 13:52:30,2, 6.704233E+01, 2.679760E+02, 1.570513E+00, 1.882545E+00, 2.753349E+02, 2.686169E+02, 2.681251E+02
2024-01-19 14:07:30,2, 6.497235E+01, 2.682392E+02, 1.665495E+00, 2.354070E+00, 2.754402E+02, 2.687912E+02, 2.683683E+02
2024-01-19 14:22:30,2, 7.390869E+01, 2.684607E+02, 1.698436E+00, 3.505348E+00, 2.755543E+02, 2.691234E+02, 2.686709E+02
2024-01-19 14:37:30,2, 8.224641E+01, 2.686954E+02, 1.761273E+00, 4.016630E+00, 2.756791E+02, 2.693830E+02, 2.689206E+02
2024-01-19 14:52:30,2, 8.994981E+01, 2.689233E+02, 1.811581E+00, 4.436733E+00, 2.758104E+02, 2.696644E+02, 2.691859E+02
2024-01-19 15:07:30,2, 1.050282E+02, 2.691642E+02, 1.868337E+00, 5.098246E+00, 2.759621E+02, 2.700038E+02, 2.694773E+02
2024-01-19 15:22:30,2, 1.118925E+02, 2.693127E+02, 1.938104E+00, 5.855250E+00, 2.761201E+02, 2.702711E+02, 2.697380E+02
2024-01-19 15:37:30,2, 1.179721E+02, 2.695050E+02, 1.992329E+00, 6.038328E+00, 2.762817E+02, 2.704551E+02, 2.699092E+02
2024-01-19 15:52:30,2, 1.232410E+02, 2.696776E+02, 2.031473E+00, 6.421688E+00, 2.764427E+02, 2.706916E+02, 2.701263E+02
2024-01-19 16:07:30,2, 1.666824E+02, 2.700079E+02, 2.086257E+00, 7.392388E+00, 2.766711E+02, 2.712201E+02, 2.704868E+02
2024-01-19 16:22:30,2, 1.713606E+02, 2.700026E+02, 2.211197E+00, 8.727263E+00, 2.768925E+02, 2.714888E+02, 2.707969E+02
2024-01-19 16:37:30,2, 1.749060E+02, 2.701358E+02, 2.266809E+00, 8.513671E+00, 2.771034E+02, 2.714621E+02, 2.707850E+02
2024-01-19 16:52:30,2, 1.773037E+02, 2.702302E+02, 2.262283E+00, 8.911123E+00, 2.772970E+02, 2.716209E+02, 2.709278E+02
2024-01-19 17:07:30,2, 1.611585E+02, 2.702013E+02, 2.294097E+00, 8.808141E+00, 2.774480E+02, 2.715487E+02, 2.709369E+02
2024-01-19 17:22:30,2, 1.612272E+02, 2.702517E+02, 2.272625E+00, 8.450987E+00, 2.775894E+02, 2.715263E+02, 2.709044E+02
2024-01-19 17:37:30,2, 1.602455E+02, 2.702712E+02, 2.268132E+00, 8.569188E+00, 2.777200E+02, 2.715697E+02, 2.709458E+02
2024-01-19 17:52:30,2, 1.582175E+02, 2.702903E+02, 2.276280E+00, 8.592433E+00, 2.778404E+02, 2.715631E+02, 2.709488E+02
2024-01-19 18:07:30,2, 2.153547E+02, 2.705220E+02, 2.279806E+00, 9.334268E+00, 2.780492E+02, 2.720042E+02, 2.711819E+02
2024-01-19 18:22:30,2, 2.096779E+02, 2.703468E+02, 2.394302E+00, 1.024187E+01, 2.782240E+02, 2.720853E+02, 2.713460E+02
2024-01-19 18:37:30,2, 2.026034E+02, 2.702810E+02, 2.405500E+00, 9.773388E+00, 2.783635E+02, 2.718135E+02, 2.711218E+02
2024-01-19 18:52:30,2, 1.941617E+02, 2.702015E+02, 2.340933E+00, 9.689128E+00, 2.784651E+02, 2.717008E+02, 2.710243E+02
2024-01-19 19:07:30,2, 1.772397E+02, 2.700255E+02, 2.310119E+00, 9.032900E+00, 2.785205E+02, 2.714907E+02, 2.708750E+02
2024-01-19 19:22:30,2, 1.666064E+02, 2.698368E+02, 2.257581E+00, 8.096690E+00, 2.785425E+02, 2.712461E+02, 2.706587E+02
2024-01-19 19:37:30,2, 1.547793E+02, 2.696441E+02, 2.200573E+00, 7.602762E+00, 2.785353E+02, 2.709867E+02, 2.704281E+02
2024-01-19 19:52:30,2, 1.418090E+02, 2.694458E+02, 2.140757E+00, 7.207550E+00, 2.785021E+02, 2.707161E+02, 2.701902E+02
2024-01-19 20:07:30,2, 1.191444E+02, 2.691564E+02, 2.078068E+00, 7.359587E+00, 2.784308E+02, 2.703805E+02, 2.699163E+02
2024-01-19 20:22:30,2, 1.050755E+02, 2.688627E+02, 2.002235E+00, 7.593079E+00, 2.783382E+02, 2.700273E+02, 2.695870E+02
2024-01-19 20:37:30,2, 9.010866E+01, 2.685640E+02, 1.927332E+00, 7.351823E+00, 2.782270E+02, 2.696647E+02, 2.692507E+02
2024-01-19 20:52:30,2, 7.430796E+01, 2.682602E+02, 1.850367E+00, 7.004541E+00, 2.780990E+02, 2.692895E+02, 2.689058E+02
2024-01-19 21:07:30,2, 5.357355E+01, 2.679108E+02, 1.765211E+00, 6.414385E+00, 2.779458E+02, 2.688674E+02, 2.685364E+02
2024-01-19 21:22:30,2, 3.755733E+01, 2.675609E+02, 1.657513E+00, 5.712905E+00, 2.777720E+02, 2.684288E+02, 2.681365E+02
2024-01-19 21:37:30,2, 2.096463E+01, 2.672058E+02, 1.459089E+00, 5.083810E+00, 2.775815E+02, 2.679883E+02, 2.677337E+02
2024-01-19 21:52:30,2, 3.866506E+00, 2.668529E+02, 5.219765E-01, 3.578488E+00, 2.773768E+02, 2.675525E+02, 2.673219E+02
2024-01-19 22:07:30,2, 0.000000E+00, 2.665753E+02, 0.000000E+00, 2.776820E+00, 2.771817E+02, 2.671992E+02, 2.669603E+02
2024-01-19 22:22:30,2, 0.000000E+00, 2.663326E+02, 0.000000E+00, 2.720886E+00, 2.769971E+02, 2.669325E+02, 2.666857E+02
2024-01-19 22:37:30,2, 0.000000E+00, 2.660874E+02, 0.000000E+00, 2.702901E+00, 2.768222E+02, 2.666896E+02, 2.664428E+02
2024-01-19 22:52:30,2, 0.000000E+00, 2.658410E+02, 0.000000E+00, 2.671755E+00, 2.766561E+02, 2.664419E+02, 2.661967E+02
2024-01-19 23:07:30,2, 0.000000E+00, 2.656286E+02, 0.000000E+00, 2.620188E+00, 2.764994E+02, 2.661996E+02, 2.659514E+02
2024-01-19 23:22:30,2, 0.000000E+00, 2.654517E+02, 0.000000E+00, 2.590088E+00, 2.763517E+02, 2.659956E+02, 2.657414E+02
2024-01-19 23:37:30,2, 0.000000E+00, 2.652745E+02, 0.000000E+00, 2.595935E+00, 2.762112E+02, 2.658230E+02, 2.655657E+02
2024-01-19 23:52:30,2, 0.000000E+00, 2.650958E+02, 0.000000E+00, 2.586294E+00, 2.760774E+02, 2.656463E+02, 2.653886E+02
2024-01-20 00:07:30,1, 0.000000E+00, 2.649116E+02, 0.000000E+00, 2.556007E+00, 2.759457E+02, 2.654354E+02, 2.652001E+02
2024-01-20 00:22:30,1, 0.000000E+00, 2.647230E+02, 0.000000E+00, 2.515129E+00, 2.758180E+02, 2.652311E+02, 2.650103E+02
2024-01-20 00:37:30,1, 0.000000E+00, 2.645349E+02, 0.000000E+00, 2.483974E+00, 2.756920E+02, 2.650241E+02, 2.648163E+02
2024-01-20 00:52:30,1, 0.000000E+00, 2.643468E+02, 0.000000E+00, 2.460324E+00, 2.755675E+02, 2.648179E+02, 2.646229E+02
2024-01-20 01:07:30,1, 0.000000E+00, 2.641875E+02, 0.000000E+00, 2.367779E+00, 2.754472E+02, 2.646266E+02, 2.644338E+02
2024-01-20 01:22:30,1, 0.000000E+00, 2.640584E+02, 0.000000E+00, 2.283831E+00, 2.753325E+02, 2.644778E+02, 2.642775E+02
2024-01-20 01:37:30,1, 0.000000E+00, 2.639284E+02, 0.000000E+00, 2.282496E+00, 2.752217E+02, 2.643534E+02, 2.641498E+02
2024-01-20 01:52:30,1, 0.000000E+00, 2.637971E+02, 0.000000E+00, 2.276953E+00, 2.751147E+02, 2.642246E+02, 2.640201E+02
2024-01-20 02:07:30,1, 0.000000E+00, 2.636951E+02, 0.000000E+00, 2.267615E+00, 2.750138E+02, 2.641059E+02, 2.638925E+02
2024-01-20 02:22:30,1, 0.000000E+00, 2.636231E+02, 0.000000E+00, 2.292092E+00, 2.749195E+02, 2.640261E+02, 2.637970E+02
2024-01-20 02:37:30,1, 0.000000E+00, 2.635493E+02, 0.000000E+00, 2.340880E+00, 2.748299E+02, 2.639708E+02, 2.637299E+02
2024-01-20 02:52:30,1, 0.000000E+00, 2.634741E+02, 0.000000E+00, 2.360244E+00, 2.747450E+02, 2.639102E+02, 2.636599E+02
2024-01-20 03:07:30,1, 0.000000E+00, 2.634098E+02, 0.000000E+00, 2.271122E+00, 2.746654E+02, 2.638480E+02, 2.635886E+02
2024-01-20 03:22:30,1, 0.000000E+00, 2.633565E+02, 0.000000E+00, 2.159509E+00, 2.745918E+02, 2.637961E+02, 2.635280E+02
2024-01-20 03:37:30,1, 0.000000E+00, 2.633026E+02, 0.000000E+00, 2.138158E+00, 2.745228E+02, 2.637538E+02, 2.634781E+02
2024-01-20 03:52:30,1, 0.000000E+00, 2.632484E+02, 0.000000E+00, 2.134863E+00, 2.744580E+02, 2.637101E+02, 2.634272E+02
2024-01-20 04:07:30,1, 0.000000E+00, 2.631904E+02, 0.000000E+00, 2.059143E+00, 2.743955E+02, 2.636600E+02, 2.633743E+02
2024-01-20 04:22:30,1, 0.000000E+00, 2.631290E+02, 0.000000E+00, 1.953339E+00, 2.743345E+02, 2.636007E+02, 2.633160E+02
2024-01-20 04:37:30,1, 0.000000E+00, 2.630683E+02, 0.000000E+00, 1.914874E+00, 2.742747E+02, 2.635395E+02, 2.632547E+02
2024-01-20 04:52:30,1, 0.000000E+00, 2.630078E+02, 0.000000E+00, 1.902915E+00, 2.742160E+02, 2.634794E+02, 2.631942E+02
2024-01-20 05:07:30,1, 0.000000E+00, 2.629377E+02, 0.000000E+00, 1.837755E+00, 2.741568E+02, 2.634125E+02, 2.631318E+02
2024-01-20 05:22:30,1, 0.000000E+00, 2.628589E+02, 0.000000E+00, 1.743349E+00, 2.740964E+02, 2.633304E+02, 2.630582E+02
2024-01-20 05:37:30,1, 0.000000E+00, 2.627811E+02, 0.000000E+00, 1.699735E+00, 2.740353E+02, 2.632419E+02, 2.629765E+02
2024-01-20 05:52:30,1, 0.000000E+00, 2.627035E+02, 0.000000E+00, 1.681018E+00, 2.739733E+02, 2.631552E+02, 2.628961E+02
2024-01-20 06:07:30,1, 0.000000E+00, 2.626838E+02, 0.000000E+00, 1.592806E+00, 2.739156E+02, 2.630864E+02, 2.628211E+02
2024-01-20 06:22:30,1, 0.000000E+00, 2.627218E+02, 0.000000E+00, 1.532758E+00, 2.738637E+02, 2.630911E+02, 2.628086E+02
2024-01-20 06:37:30,1, 0.000000E+00, 2.627492E+02, 0.000000E+00, 1.583542E+00, 2.738139E+02, 2.631405E+02, 2.628498E+02
2024-01-20 06:52:30,1, 0.000000E+00, 2.627750E+02, 0.000000E+00, 1.595910E+00, 2.737677E+02, 2.631728E+02, 2.628785E+02
2024-01-20 07:07:30,1, 0.000000E+00, 2.627575E+02, 0.000000E+00, 1.607923E+00, 2.737204E+02, 2.631920E+02, 2.629022E+02
2024-01-20 07:22:30,1, 0.000000E+00, 2.627011E+02, 0.000000E+00, 1.570594E+00, 2.736702E+02, 2.631568E+02, 2.628795E+02
2024-01-20 07:37:30,1, 0.000000E+00, 2.626493E+02, 0.000000E+00, 1.525064E+00, 2.736189E+02, 2.630914E+02, 2.628204E+02
2024-01-20 07:52:30,1, 0.000000E+00, 2.625991E+02, 0.000000E+00, 1.509896E+00, 2.735662E+02, 2.630351E+02, 2.627672E+02
2024-01-20 08:07:30,1, 0.000000E+00, 2.625300E+02, 0.000000E+00, 1.505973E+00, 2.735109E+02, 2.629727E+02, 2.627133E+02
2024-01-20 08:22:30,1, 0.000000E+00, 2.624435E+02, 0.000000E+00, 1.489185E+00, 2.734531E+02, 2.628860E+02, 2.626391E+02
2024-01-20 08:37:30,1, 0.000000E+00, 2.623581E+02, 0.000000E+00, 1.464787E+00, 2.733935E+02, 2.627854E+02, 2.625483E+02
2024-01-20 08:52:30,1, 0.000000E+00, 2.622735E+02, 0.000000E+00, 1.449576E+00, 2.733322E+02, 2.626880E+02, 2.624594E+02
2024-01-20 09:07:30,1, 0.000000E+00, 2.622109E+02, 0.000000E+00, 1.456784E+00, 2.732731E+02, 2.626100E+02, 2.623766E+02
2024-01-20 09:22:30,1, 0.000000E+00, 2.621703E+02, 0.000000E+00, 1.489102E+00, 2.732199E+02, 2.625709E+02, 2.623208E+02
2024-01-20 09:37:30,1, 0.000000E+00, 2.621273E+02, 0.000000E+00, 1.515658E+00, 2.731707E+02, 2.625484E+02, 2.622854E+02
2024-01-20 09:52:30,1, 0.000000E+00, 2.620835E+02, 0.000000E+00, 1.523336E+00, 2.731600E+02, 2.625214E+02, 2.622470E+02
2024-01-20 10:07:30,1, 0.000000E+00, 2.620291E+02, 0.000000E+00, 1.537470E+00, 2.731600E+02, 2.624855E+02, 2.622054E+02
2024-01-20 10:22:30,1, 0.000000E+00, 2.619636E+02, 0.000000E+00, 1.546243E+00, 2.731600E+02, 2.624294E+02, 2.621506E+02
2024-01-20 10:37:30,1, 0.000000E+00, 2.618993E+02, 0.000000E+00, 1.541512E+00, 2.731600E+02, 2.623650E+02, 2.620853E+02
2024-01-20 10:52:30,1, 0.000000E+00, 2.618354E+02, 0.000000E+00, 1.539905E+00, 2.731600E+02, 2.623031E+02, 2.620216E+02
2024-01-20 11:07:30,1, 0.000000E+00, 2.617740E+02, 0.000000E+00, 1.473856E+00, 2.731600E+02, 2.622423E+02, 2.619587E+02
2024-01-20 11:22:30,1, 0.000000E+00, 2.617151E+02, 0.000000E+00, 1.388032E+00, 2.731600E+02, 2.621848E+02, 2.618984E+02
2024-01-20 11:37:30,1, 0.000000E+00, 2.616560E+02, 0.000000E+00, 1.360067E+00, 2.731600E+02, 2.621294E+02, 2.618405E+02
2024-01-20 11:52:30,1, 0.000000E+00, 2.615967E+02, 0.000000E+00, 1.348715E+00, 2.731600E+02, 2.620734E+02, 2.617823E+02
2024-01-20 12:07:30,1, 0.000000E+00, 2.615414E+02, 0.000000E+00, 1.274999E+00, 2.731600E+02, 2.620119E+02, 2.617224E+02
2024-01-20 12:22:30,1, 0.000000E+00, 2.614904E+02, 0.000000E+00, 1.183015E+00, 2.731600E+02, 2.619498E+02, 2.616652E+02
2024-01-20 12:37:30,1, 0.000000E+00, 2.614392E+02, 0.000000E+00, 1.151038E+00, 2.731600E+02, 2.618917E+02, 2.616120E+02
2024-01-20 12:52:30,1, 0.000000E+00, 2.613877E+02, 0.000000E+00, 1.135729E+00, 2.731600E+02, 2.618329E+02, 2.615587E+02
2024-01-20 13:07:30,1, 2.850675E+01, 2.615410E+02, 7.934190E-01, 2.086658E+00, 2.731600E+02, 2.620011E+02, 2.616211E+02
2024-01-20 13:22:30,1, 4.122824E+01, 2.616215E+02, 8.157781E-01, 2.869221E+00, 2.731600E+02, 2.622327E+02, 2.618154E+02
2024-01-20 13:37:30,1, 5.344837E+01, 2.617046E+02, 8.407251E-01, 3.116259E+00, 2.731600E+02, 2.623710E+02, 2.619284E+02
2024-01-20 13:52:30,1, 6.511480E+01, 2.617869E+02, 8.564864E-01, 3.259227E+00, 2.731600E+02, 2.625203E+02, 2.620456E+02
2024-01-20 14:07:30,1, 1.261342E+02, 2.621556E+02, 8.751240E-01, 3.390698E+00, 2.731600E+02, 2.630317E+02, 2.623405E+02
2024-01-20 14:22:30,1, 1.433739E+02, 2.622878E+02, 9.341205E-01, 3.643244E+00, 2.731600E+02, 2.634418E+02, 2.627397E+02
2024-01-20 14:37:30,1, 1.594619E+02, 2.624624E+02, 9.775410E-01, 3.680519E+00, 2.731600E+02, 2.636187E+02, 2.629033E+02
2024-01-20 14:52:30,1, 1.743291E+02, 2.626330E+02, 9.985580E-01, 3.823822E+00, 2.731600E+02, 2.638641E+02, 2.631161E+02
2024-01-20 15:07:30,1, 1.868856E+02, 2.627801E+02, 1.026801E+00, 3.782803E+00, 2.731600E+02, 2.640902E+02, 2.633170E+02
2024-01-20 15:22:30,1, 1.990591E+02, 2.629178E+02, 1.053666E+00, 3.682479E+00, 2.731600E+02, 2.643049E+02, 2.634981E+02
2024-01-20 15:37:30,1, 2.098454E+02, 2.630511E+02, 1.079930E+00, 3.753808E+00, 2.731800E+02, 2.645019E+02, 2.636653E+02
2024-01-20 15:52:30,1, 2.191981E+02, 2.631806E+02, 1.104464E+00, 3.862717E+00, 2.734316E+02, 2.646879E+02, 2.638245E+02
2024-01-20 16:07:30,1, 2.686747E+02, 2.634656E+02, 1.128260E+00, 4.155556E+00, 2.737266E+02, 2.651350E+02, 2.641128E+02
2024-01-20 16:22:30,1, 2.762138E+02, 2.635622E+02, 1.188400E+00, 4.506462E+00, 2.739927E+02, 2.654211E+02, 2.644041E+02
2024-01-20 16:37:30,1, 2.819374E+02, 2.636920E+02, 1.224651E+00, 4.614034E+00, 2.742334E+02, 2.655275E+02, 2.645092E+02
2024-01-20 16:52:30,1, 2.858207E+02, 2.638155E+02, 1.238875E+00, 4.742846E+00, 2.744487E+02, 2.656798E+02, 2.646499E+02
2024-01-20 17:07:30,1, 3.346356E+02, 2.640702E+02, 1.259086E+00, 5.022440E+00, 2.747254E+02, 2.660802E+02, 2.649210E+02
2024-01-20 17:22:30,1, 3.348228E+02, 2.641268E+02, 1.317547E+00, 5.328732E+00, 2.749686E+02, 2.662813E+02, 2.651574E+02
2024-01-20 17:37:30,1, 3.328405E+02, 2.642199E+02, 1.344431E+00, 5.380803E+00, 2.751784E+02, 2.662978E+02, 2.651992E+02
2024-01-20 17:52:30,1, 3.286971E+02, 2.643054E+02, 1.346229E+00, 5.453117E+00, 2.753536E+02, 2.663620E+02, 2.652792E+02
2024-01-20 18:07:30,1, 2.910205E+02, 2.642846E+02, 1.354150E+00, 5.146952E+00, 2.754441E+02, 2.662185E+02, 2.652471E+02
2024-01-20 18:22:30,1, 2.834356E+02, 2.643778E+02, 1.330071E+00, 4.743998E+00, 2.755174E+02, 2.661770E+02, 2.652135E+02
2024-01-20 18:37:30,1, 2.739729E+02, 2.644425E+02, 1.323907E+00, 4.706045E+00, 2.755726E+02, 2.662234E+02, 2.652828E+02
2024-01-20 18:52:30,1, 2.626728E+02, 2.645011E+02, 1.329368E+00, 4.679379E+00, 2.756097E+02, 2.662155E+02, 2.653133E+02
2024-01-20 19:07:30,1, 2.598822E+02, 2.645576E+02, 1.327458E+00, 4.730173E+00, 2.756417E+02, 2.662626E+02, 2.653678E+02
2024-01-20 19:22:30,1, 2.444488E+02, 2.645350E+02, 1.334423E+00, 4.764134E+00, 2.756481E+02, 2.662243E+02, 2.653771E+02
2024-01-20 19:37:30,1, 2.272771E+02, 2.645187E+02, 1.327804E+00, 4.670212E+00, 2.756286E+02, 2.661051E+02, 2.653051E+02
2024-01-20 19:52:30,1, 2.084407E+02, 2.644962E+02, 1.309969E+00, 4.567753E+00, 2.755830E+02, 2.659893E+02, 2.652365E+02
2024-01-20 20:07:30,1, 1.611182E+02, 2.643050E+02, 1.291757E+00, 4.289369E+00, 2.754817E+02, 2.656727E+02, 2.650637E+02
2024-01-20 20:22:30,1, 1.423369E+02, 2.641869E+02, 1.241609E+00, 3.922248E+00, 2.753637E+02, 2.653804E+02, 2.648203E+02
2024-01-20 20:37:30,1, 1.223535E+02, 2.640532E+02, 1.201541E+00, 3.708234E+00, 2.752289E+02, 2.651503E+02, 2.646445E+02
2024-01-20 20:52:30,1, 1.012536E+02, 2.639090E+02, 1.168664E+00, 3.488863E+00, 2.750798E+02, 2.648840E+02, 2.644446E+02
2024-01-20 21:07:30,1, 6.736754E+01, 2.636784E+02, 1.130299E+00, 3.059142E+00, 2.749053E+02, 2.645219E+02, 2.641915E+02
2024-01-20 21:22:30,1, 4.773685E+01, 2.634867E+02, 1.077130E+00, 2.563707E+00, 2.747232E+02, 2.641698E+02, 2.639000E+02
2024-01-20 21:37:30,1, 2.739724E+01, 2.632834E+02, 1.017828E+00, 2.247441E+00, 2.745326E+02, 2.638490E+02, 2.636431E+02
2024-01-20 21:52:30,1, 6.435803E+00, 2.630698E+02, 6.767193E-01, 1.601315E+00, 2.743342E+02, 2.635068E+02, 2.633673E+02
2024-01-20 22:07:30,1, 0.000000E+00, 2.629344E+02, 0.000000E+00, 7.026520E-01, 2.741502E+02, 2.632668E+02, 2.631326E+02
2024-01-20 22:22:30,1, 0.000000E+00, 2.628363E+02, 0.000000E+00, 4.690088E-01, 2.739833E+02, 2.631286E+02, 2.629962E+02
2024-01-20 22:37:30,1, 0.000000E+00, 2.627355E+02, 0.000000E+00, 3.744621E-01, 2.738310E+02, 2.630155E+02, 2.628935E+02
2024-01-20 22:52:30,1, 0.000000E+00, 2.626333E+02, 0.000000E+00, 3.161320E-01, 2.736894E+02, 2.628968E+02, 2.627874E+02
2024-01-20 23:07:30,1, 0.000000E+00, 2.625902E+02, 0.000000E+00, 1.649012E-01, 2.735642E+02, 2.628062E+02, 2.626884E+02
2024-01-20 23:22:30,1, 0.000000E+00, 2.626174E+02, 0.000000E+00, 1.323484E-03, 2.734560E+02, 2.628013E+02, 2.626563E+02
2024-01-20 23:37:30,1, 0.000000E+00, 2.626558E+02, 0.000000E+00,-6.469917E-02, 2.733587E+02, 2.628565E+02, 2.626913E+02
2024-01-20 23:52:30,1, 0.000000E+00, 2.626923E+02, 0.000000E+00,-9.916389E-02, 2.732711E+02, 2.629145E+02, 2.627352E+02
2024-01-20 00:07:30,2, 0.000000E+00, 2.649121E+02, 0.000000E+00, 2.556096E+00, 2.759477E+02, 2.654573E+02, 2.652069E+02
2024-01-20 00:22:30,2, 0.000000E+00, 2.647235E+02, 0.000000E+00, 2.515183E+00, 2.758199E+02, 2.652539E+02, 2.650173E+02
2024-01-20 00:37:30,2, 0.000000E+00, 2.645354E+02, 0.000000E+00, 2.484063E+00, 2.756939E+02, 2.650477E+02, 2.648235E+02
2024-01-20 00:52:30,2, 0.000000E+00, 2.643472E+02, 0.000000E+00, 2.460414E+00, 2.755694E+02, 2.648422E+02, 2.646303E+02
2024-01-20 01:07:30,2, 0.000000E+00, 2.641878E+02, 0.000000E+00, 2.367917E+00, 2.754492E+02, 2.646513E+02, 2.644413E+02
2024-01-20 01:22:30,2, 0.000000E+00, 2.640588E+02, 0.000000E+00, 2.284020E+00, 2.753345E+02, 2.645025E+02, 2.642850E+02
2024-01-20 01:37:30,2, 0.000000E+00, 2.639288E+02, 0.000000E+00, 2.282669E+00, 2.752236E+02, 2.643781E+02, 2.641572E+02
2024-01-20 01:52:30,2, 0.000000E+00, 2.637974E+02, 0.000000E+00, 2.277126E+00, 2.751167E+02, 2.642492E+02, 2.640275E+02
2024-01-20 02:07:30,2, 0.000000E+00, 2.636954E+02, 0.000000E+00, 2.267833E+00, 2.750158E+02, 2.641303E+02, 2.638998E+02
2024-01-20 02:22:30,2, 0.000000E+00, 2.636235E+02, 0.000000E+00, 2.292344E+00, 2.749215E+02, 2.640501E+02, 2.638042E+02
2024-01-20 02:37:30,2, 0.000000E+00, 2.635497E+02, 0.000000E+00, 2.341106E+00, 2.748319E+02, 2.639944E+02, 2.637370E+02
2024-01-20 02:52:30,2, 0.000000E+00, 2.634744E+02, 0.000000E+00, 2.360470E+00, 2.747470E+02, 2.639333E+02, 2.636669E+02
2024-01-20 03:07:30,2, 0.000000E+00, 2.634101E+02, 0.000000E+00, 2.271374E+00, 2.746674E+02, 2.638708E+02, 2.635955E+02
2024-01-20 03:22:30,2, 0.000000E+00, 2.633568E+02, 0.000000E+00, 2.159781E+00, 2.745938E+02, 2.638187E+02, 2.635349E+02
2024-01-20 03:37:30,2, 0.000000E+00, 2.633029E+02, 0.000000E+00, 2.138427E+00, 2.745248E+02, 2.637763E+02, 2.634849E+02
2024-01-20 03:52:30,2, 0.000000E+00, 2.632487E+02, 0.000000E+00, 2.135132E+00, 2.744600E+02, 2.637323E+02, 2.634340E+02
2024-01-20 04:07:30,2, 0.000000E+00, 2.631907E+02, 0.000000E+00, 2.059412E+00, 2.743975E+02, 2.636821E+02, 2.633810E+02
2024-01-20 04:22:30,2, 0.000000E+00, 2.631293E+02, 0.000000E+00, 1.953606E+00, 2.743365E+02, 2.636228E+02, 2.633227E+02
2024-01-20 04:37:30,2, 0.000000E+00, 2.630686E+02, 0.000000E+00, 1.915143E+00, 2.742767E+02, 2.635616E+02, 2.632614E+02
2024-01-20 04:52:30,2, 0.000000E+00, 2.630081E+02, 0.000000E+00, 1.903184E+00, 2.742179E+02, 2.635015E+02, 2.632009E+02
2024-01-20 05:07:30,2, 0.000000E+00, 2.629380E+02, 0.000000E+00, 1.838015E+00, 2.741588E+02, 2.634348E+02, 2.631385E+02
2024-01-20 05:22:30,2, 0.000000E+00, 2.628592E+02, 0.000000E+00, 1.743600E+00, 2.740984E+02, 2.633529E+02, 2.630650E+02
2024-01-20 05:37:30,2, 0.000000E+00, 2.627814E+02, 0.000000E+00, 1.699989E+00, 2.740372E+02, 2.632646E+02, 2.629834E+02
2024-01-20 05:52:30,2, 0.000000E+00, 2.627038E+02, 0.000000E+00, 1.681275E+00, 2.739753E+02, 2.631782E+02, 2.629030E+02
2024-01-20 06:07:30,2, 0.000000E+00, 2.626841E+02, 0.000000E+00, 1.593114E+00, 2.739176E+02, 2.631094E+02, 2.628281E+02
2024-01-20 06:22:30,2, 0.000000E+00, 2.627221E+02, 0.000000E+00, 1.533108E+00, 2.738657E+02, 2.631136E+02, 2.628154E+02
2024-01-20 06:37:30,2, 0.000000E+00, 2.627495E+02, 0.000000E+00, 1.583819E+00, 2.738159E+02, 2.631624E+02, 2.628564E+02
2024-01-20 06:52:30,2, 0.000000E+00, 2.627752E+02, 0.000000E+00, 1.596221E+00, 2.737696E+02, 2.631942E+02, 2.628850E+02
2024-01-20 07:07:30,2, 0.000000E+00, 2.627578E+02, 0.000000E+00, 1.608216E+00, 2.737223E+02, 2.632131E+02, 2.629086E+02
2024-01-20 07:22:30,2, 0.000000E+00, 2.627014E+02, 0.000000E+00, 1.570886E+00, 2.736721E+02, 2.631779E+02, 2.628859E+02
2024-01-20 07:37:30,2, 0.000000E+00, 2.626496E+02, 0.000000E+00, 1.525355E+00, 2.736208E+02, 2.631125E+02, 2.628268E+02
2024-01-20 07:52:30,2, 0.000000E+00, 2.625994E+02, 0.000000E+00, 1.510197E+00, 2.735681E+02, 2.630563E+02, 2.627736E+02
2024-01-20 08:07:30,2, 0.000000E+00, 2.625303E+02, 0.000000E+00, 1.506263E+00, 2.735128E+02, 2.629941E+02, 2.627198E+02
2024-01-20 08:22:30,2, 0.000000E+00, 2.624438E+02, 0.000000E+00, 1.489457E+00, 2.734550E+02, 2.629076E+02, 2.626456E+02
2024-01-20 08:37:30,2, 0.000000E+00, 2.623584E+02, 0.000000E+00, 1.465056E+00, 2.733954E+02, 2.628073E+02, 2.625549E+02
2024-01-20 08:52:30,2, 0.000000E+00, 2.622738E+02, 0.000000E+00, 1.449849E+00, 2.733341E+02, 2.627102E+02, 2.624661E+02
2024-01-20 09:07:30,2, 0.000000E+00, 2.622112E+02, 0.000000E+00, 1.457069E+00, 2.732750E+02, 2.626321E+02, 2.623833E+02
2024-01-20 09:22:30,2, 0.000000E+00, 2.621706E+02, 0.000000E+00, 1.489396E+00, 2.732218E+02, 2.625926E+02, 2.623274E+02
2024-01-20 09:37:30,2, 0.000000E+00, 2.621276E+02, 0.000000E+00, 1.515949E+00, 2.731726E+02, 2.625696E+02, 2.622918E+02
2024-01-20 09:52:30,2, 0.000000E+00, 2.620837E+02, 0.000000E+00, 1.523635E+00, 2.731600E+02, 2.625422E+02, 2.622533E+02
2024-01-20 10:07:30,2, 0.000000E+00, 2.620293E+02, 0.000000E+00, 1.537674E+00, 2.731600E+02, 2.625059E+02, 2.622116E+02
2024-01-20 10:22:30,2, 0.000000E+00, 2.619638E+02, 0.000000E+00, 1.546333E+00, 2.731600E+02, 2.624499E+02, 2.621567E+02
2024-01-20 10:37:30,2, 0.000000E+00, 2.618995E+02, 0.000000E+00, 1.541629E+00, 2.731600E+02, 2.623855E+02, 2.620914E+02
2024-01-20 10:52:30,2, 0.000000E+00, 2.618356E+02, 0.000000E+00, 1.540032E+00, 2.731600E+02, 2.623237E+02, 2.620278E+02
2024-01-20 11:07:30,2, 0.000000E+00, 2.617742E+02, 0.000000E+00, 1.473986E+00, 2.731600E+02, 2.622630E+02, 2.619649E+02
2024-01-20 11:22:30,2, 0.000000E+00, 2.617153E+02, 0.000000E+00, 1.388166E+00, 2.731600E+02, 2.622056E+02, 2.619046E+02
2024-01-20 11:37:30,2, 0.000000E+00, 2.616562E+02, 0.000000E+00, 1.360197E+00, 2.731600E+02, 2.621503E+02, 2.618468E+02
2024-01-20 11:52:30,2, 0.000000E+00, 2.615969E+02, 0.000000E+00, 1.348839E+00, 2.731600E+02, 2.620944E+02, 2.617886E+02
2024-01-20 12:07:30,2, 0.000000E+00, 2.615416E+02, 0.000000E+00, 1.275119E+00, 2.731600E+02, 2.620332E+02, 2.617287E+02
2024-01-20 12:22:30,2, 0.000000E+00, 2.614906E+02, 0.000000E+00, 1.183136E+00, 2.731600E+02, 2.619714E+02, 2.616716E+02
2024-01-20 12:37:30,2, 0.000000E+00, 2.614394E+02, 0.000000E+00, 1.151157E+00, 2.731600E+02, 2.619137E+02, 2.616186E+02
2024-01-20 12:52:30,2, 0.000000E+00, 2.613879E+02, 0.000000E+00, 1.135843E+00, 2.731600E+02, 2.618553E+02, 2.615653E+02
2024-01-20 13:07:30,2, 2.850675E+01, 2.615411E+02, 7.937884E-01, 2.087122E+00, 2.731600E+02, 2.620189E+02, 2.616260E+02
2024-01-20 13:22:30,2, 4.122824E+01, 2.616213E+02, 8.163146E-01, 2.870159E+00, 2.731600E+02, 2.622504E+02, 2.618203E+02
2024-01-20 13:37:30,2, 5.344837E+01, 2.617047E+02, 8.416601E-01, 3.116875E+00, 2.731600E+02, 2.623839E+02, 2.619310E+02
2024-01-20 13:52:30,2, 6.511480E+01, 2.617872E+02, 8.569467E-01, 3.260368E+00, 2.731600E+02, 2.625320E+02, 2.620479E+02
2024-01-20 14:07:30,2, 1.261342E+02, 2.621555E+02, 8.756881E-01, 3.392061E+00, 2.731600E+02, 2.630321E+02, 2.623382E+02
2024-01-20 14:22:30,2, 1.433739E+02, 2.622878E+02, 9.346906E-01, 3.644270E+00, 2.731600E+02, 2.634422E+02, 2.627371E+02
2024-01-20 14:37:30,2, 1.594619E+02, 2.624624E+02, 9.780986E-01, 3.681894E+00, 2.731600E+02, 2.636176E+02, 2.629003E+02
2024-01-20 14:52:30,2, 1.743291E+02, 2.626330E+02, 9.991547E-01, 3.825246E+00, 2.731600E+02, 2.638618E+02, 2.631127E+02
2024-01-20 15:07:30,2, 1.868856E+02, 2.627802E+02, 1.027410E+00, 3.784366E+00, 2.731600E+02, 2.640868E+02, 2.633132E+02
2024-01-20 15:22:30,2, 1.990591E+02, 2.629179E+02, 1.054297E+00, 3.684136E+00, 2.731600E+02, 2.643001E+02, 2.634938E+02
2024-01-20 15:37:30,2, 2.098454E+02, 2.630512E+02, 1.080581E+00, 3.755525E+00, 2.731876E+02, 2.644959E+02, 2.636606E+02
2024-01-20 15:52:30,2, 2.191981E+02, 2.631811E+02, 1.105134E+00, 3.865066E+00, 2.734378E+02, 2.646813E+02, 2.638195E+02
2024-01-20 16:07:30,2, 2.686747E+02, 2.634654E+02, 1.128992E+00, 4.157943E+00, 2.737318E+02, 2.651231E+02, 2.641059E+02
2024-01-20 16:22:30,2, 2.762138E+02, 2.635621E+02, 1.189071E+00, 4.508177E+00, 2.739972E+02, 2.654092E+02, 2.643967E+02
2024-01-20 16:37:30,2, 2.819374E+02, 2.636919E+02, 1.225260E+00, 4.615925E+00, 2.742374E+02, 2.655156E+02, 2.645019E+02
2024-01-20 16:52:30,2, 2.858207E+02, 2.638154E+02, 1.239519E+00, 4.744712E+00, 2.744524E+02, 2.656680E+02, 2.646425E+02
2024-01-20 17:07:30,2, 3.346356E+02, 2.640691E+02, 1.259728E+00, 5.023707E+00, 2.747289E+02, 2.660639E+02, 2.649118E+02
2024-01-20 17:22:30,2, 3.348228E+02, 2.641261E+02, 1.317982E+00, 5.329068E+00, 2.749721E+02, 2.662655E+02, 2.651476E+02
2024-01-20 17:37:30,2, 3.328405E+02, 2.642191E+02, 1.344778E+00, 5.381374E+00, 2.751818E+02, 2.662828E+02, 2.651899E+02
2024-01-20 17:52:30,2, 3.286971E+02, 2.643046E+02, 1.346630E+00, 5.453668E+00, 2.753570E+02, 2.663477E+02, 2.652701E+02
2024-01-20 18:07:30,2, 2.910205E+02, 2.642844E+02, 1.354542E+00, 5.148002E+00, 2.754473E+02, 2.662081E+02, 2.652396E+02
2024-01-20 18:22:30,2, 2.834356E+02, 2.643774E+02, 1.330622E+00, 4.745726E+00, 2.755205E+02, 2.661673E+02, 2.652066E+02
2024-01-20 18:37:30,2, 2.739729E+02, 2.644421E+02, 1.324525E+00, 4.707602E+00, 2.755757E+02, 2.662141E+02, 2.652760E+02
2024-01-20 18:52:30,2, 2.626728E+02, 2.645008E+02, 1.329958E+00, 4.680929E+00, 2.756128E+02, 2.662069E+02, 2.653068E+02
2024-01-20 19:07:30,2, 2.598822E+02, 2.645570E+02, 1.328054E+00, 4.731550E+00, 2.756449E+02, 2.662532E+02, 2.653608E+02
2024-01-20 19:22:30,2, 2.444488E+02, 2.645344E+02, 1.334971E+00, 4.765294E+00, 2.756514E+02, 2.662155E+02, 2.653702E+02
2024-01-20 19:37:30,2, 2.272771E+02, 2.645181E+02, 1.328332E+00, 4.671427E+00, 2.756320E+02, 2.660969E+02, 2.652985E+02
2024-01-20 19:52:30,2, 2.084407E+02, 2.644956E+02, 1.310509E+00, 4.568972E+00, 2.755865E+02, 2.659818E+02, 2.652300E+02
2024-01-20 20:07:30,2, 1.611182E+02, 2.643050E+02, 1.292296E+00, 4.291023E+00, 2.754852E+02, 2.656727E+02, 2.650605E+02
2024-01-20 20:22:30,2, 1.423369E+02, 2.641868E+02, 1.242267E+00, 3.924454E+00, 2.753672E+02, 2.653817E+02, 2.648180E+02
2024-01-20 20:37:30,2, 1.223535E+02, 2.640530E+02, 1.202251E+00, 3.710207E+00, 2.752325E+02, 2.651532E+02, 2.646426E+02
2024-01-20 20:52:30,2, 1.012536E+02, 2.639089E+02, 1.169338E+00, 3.490759E+00, 2.750834E+02, 2.648888E+02, 2.644435E+02
2024-01-20 21:07:30,2, 6.736754E+01, 2.636786E+02, 1.130957E+00, 3.061086E+00, 2.749090E+02, 2.645341E+02, 2.641935E+02
2024-01-20 21:22:30,2, 4.773685E+01, 2.634869E+02, 1.077791E+00, 2.565756E+00, 2.747268E+02, 2.641846E+02, 2.639033E+02
2024-01-20 21:37:30,2, 2.739724E+01, 2.632836E+02, 1.018493E+00, 2.249253E+00, 2.745362E+02, 2.638678E+02, 2.636479E+02
2024-01-20 21:52:30,2, 6.435803E+00, 2.630699E+02, 6.818379E-01, 1.608720E+00, 2.743377E+02, 2.635313E+02, 2.633742E+02
2024-01-20 22:07:30,2, 0.000000E+00, 2.629347E+02, 0.000000E+00, 7.049436E-01, 2.741536E+02, 2.632907E+02, 2.631396E+02
2024-01-20 22:22:30,2, 0.000000E+00, 2.628366E+02, 0.000000E+00, 4.701087E-01, 2.739866E+02, 2.631533E+02, 2.630035E+02
2024-01-20 22:37:30,2, 0.000000E+00, 2.627359E+02, 0.000000E+00, 3.751745E-01, 2.738341E+02, 2.630406E+02, 2.629010E+02
2024-01-20 22:52:30,2, 0.000000E+00, 2.626336E+02, 0.000000E+00, 3.167035E-01, 2.736925E+02, 2.629221E+02, 2.627949E+02
2024-01-20 23:07:30,2, 0.000000E+00, 2.625905E+02, 0.000000E+00, 1.654176E-01, 2.735672E+02, 2.628313E+02, 2.626958E+02
2024-01-20 23:22:30,2, 0.000000E+00, 2.626177E+02, 0.000000E+00, 1.836407E-03, 2.734589E+02, 2.628255E+02, 2.626634E+02
2024-01-20 23:37:30,2, 0.000000E+00, 2.626561E+02, 0.000000E+00,-6.418924E-02, 2.733616E+02, 2.628796E+02, 2.626982E+02
2024-01-20 23:52:30,2, 0.000000E+00, 2.626926E+02, 0.000000E+00,-9.867905E-02, 2.732739E+02, 2.629366E+02, 2.627418E+02
2024-01-21 00:07:30,1, 0.000000E+00, 2.627341E+02, 0.000000E+00,-5.034902E-02, 2.731929E+02, 2.629643E+02, 2.627754E+02
2024-01-21 00:22:30,1, 0.000000E+00, 2.627840E+02, 0.000000E+00, 2.725395E-02, 2.731600E+02, 2.630148E+02, 2.628196E+02
2024-01-21 00:37:30,1, 0.000000E+00, 2.628378E+02, 0.000000E+00, 4.607462E-02, 2.731600E+02, 2.630764E+02, 2.628728E+02
2024-01-21 00:52:30,1, 0.000000E+00, 2.628932E+02, 0.000000E+00, 4.754664E-02, 2.731600E+02, 2.631424E+02, 2.629300E+02
2024-01-21 01:07:30,1, 0.000000E+00, 2.629563E+02, 0.000000E+00, 1.251121E-02, 2.731600E+02, 2.632022E+02, 2.629867E+02
2024-01-21 01:22:30,1, 0.000000E+00, 2.630287E+02, 0.000000E+00,-3.415030E-02, 2.731600E+02, 2.632628E+02, 2.630492E+02
2024-01-21 01:37:30,1, 0.000000E+00, 2.631025E+02, 0.000000E+00,-5.482119E-02, 2.731600E+02, 2.633323E+02, 2.631207E+02
2024-01-21 01:52:30,1, 0.000000E+00, 2.631758E+02, 0.000000E+00,-6.730918E-02, 2.731600E+02, 2.634018E+02, 2.631934E+02
2024-01-21 02:07:30,1, 0.000000E+00, 2.632411E+02, 0.000000E+00, 4.928135E-02, 2.731600E+02, 2.634716E+02, 2.632657E+02
2024-01-21 02:22:30,1, 0.000000E+00, 2.632969E+02, 0.000000E+00, 2.114496E-01, 2.731600E+02, 2.635341E+02, 2.633301E+02
2024-01-21 02:37:30,1, 0.000000E+00, 2.633516E+02, 0.000000E+00, 2.626249E-01, 2.731600E+02, 2.635884E+02, 2.633855E+02
2024-01-21 02:52:30,1, 0.000000E+00, 2.634067E+02, 0.000000E+00, 2.768751E-01, 2.731600E+02, 2.636428E+02, 2.634402E+02
2024-01-21 03:07:30,1, 0.000000E+00, 2.634537E+02, 0.000000E+00, 5.655526E-01, 2.731600E+02, 2.636986E+02, 2.634953E+02
2024-01-21 03:22:30,1, 0.000000E+00, 2.634909E+02, 0.000000E+00, 9.587097E-01, 2.731600E+02, 2.637475E+02, 2.635427E+02
2024-01-21 03:37:30,1, 0.000000E+00, 2.635270E+02, 0.000000E+00, 1.095647E+00, 2.731600E+02, 2.637878E+02, 2.635808E+02
2024-01-21 03:52:30,1, 0.000000E+00, 2.635633E+02, 0.000000E+00, 1.146701E+00, 2.731600E+02, 2.638282E+02, 2.636180E+02
2024-01-21 04:07:30,1, 0.000000E+00, 2.635899E+02, 0.000000E+00, 1.199428E+00, 2.731600E+02, 2.638714E+02, 2.636563E+02
2024-01-21 04:22:30,1, 0.000000E+00, 2.636051E+02, 0.000000E+00, 1.248994E+00, 2.731600E+02, 2.639072E+02, 2.636856E+02
2024-01-21 04:37:30,1, 0.000000E+00, 2.636193E+02, 0.000000E+00, 1.266235E+00, 2.731600E+02, 2.639330E+02, 2.637040E+02
2024-01-21 04:52:30,1, 0.000000E+00, 2.636341E+02, 0.000000E+00, 1.277105E+00, 2.731600E+02, 2.639593E+02, 2.637218E+02
2024-01-21 05:07:30,1, 0.000000E+00, 2.636203E+02, 0.000000E+00, 1.295032E+00, 2.731600E+02, 2.639714E+02, 2.637358E+02
2024-01-21 05:22:30,1, 0.000000E+00, 2.635759E+02, 0.000000E+00, 1.293203E+00, 2.731600E+02, 2.639448E+02, 2.637183E+02
2024-01-21 05:37:30,1, 0.000000E+00, 2.635331E+02, 0.000000E+00, 1.276379E+00, 2.731600E+02, 2.638930E+02, 2.636718E+02
2024-01-21 05:52:30,1, 0.000000E+00, 2.634916E+02, 0.000000E+00, 1.269508E+00, 2.731600E+02, 2.638463E+02, 2.636278E+02
2024-01-21 06:07:30,1, 0.000000E+00, 2.634587E+02, 0.000000E+00, 1.349842E+00, 2.731600E+02, 2.638109E+02, 2.635881E+02
2024-01-21 06:22:30,1, 0.000000E+00, 2.634341E+02, 0.000000E+00, 1.464204E+00, 2.731600E+02, 2.637933E+02, 2.635595E+02
2024-01-21 06:37:30,1, 0.000000E+00, 2.634086E+02, 0.000000E+00, 1.508178E+00, 2.731600E+02, 2.637815E+02, 2.635386E+02
2024-01-21 06:52:30,1, 0.000000E+00, 2.633826E+02, 0.000000E+00, 1.525802E+00, 2.731600E+02, 2.637680E+02, 2.635164E+02
2024-01-21 07:07:30,1, 0.000000E+00, 2.633431E+02, 0.000000E+00, 1.494469E+00, 2.731600E+02, 2.637435E+02, 2.634909E+02
2024-01-21 07:22:30,1, 0.000000E+00, 2.632906E+02, 0.000000E+00, 1.439618E+00, 2.731600E+02, 2.636963E+02, 2.634492E+02
2024-01-21 07:37:30,1, 0.000000E+00, 2.632390E+02, 0.000000E+00, 1.416973E+00, 2.731600E+02, 2.636390E+02, 2.633953E+02
2024-01-21 07:52:30,1, 0.000000E+00, 2.631878E+02, 0.000000E+00, 1.409371E+00, 2.731600E+02, 2.635840E+02, 2.633426E+02
2024-01-21 08:07:30,1, 0.000000E+00, 2.631292E+02, 0.000000E+00, 1.395441E+00, 2.731600E+02, 2.635225E+02, 2.632885E+02
2024-01-21 08:22:30,1, 0.000000E+00, 2.630632E+02, 0.000000E+00, 1.374730E+00, 2.731600E+02, 2.634475E+02, 2.632252E+02
2024-01-21 08:37:30,1, 0.000000E+00, 2.629975E+02, 0.000000E+00, 1.360777E+00, 2.731600E+02, 2.633668E+02, 2.631550E+02
2024-01-21 08:52:30,1, 0.000000E+00, 2.629319E+02, 0.000000E+00, 1.351669E+00, 2.731600E+02, 2.632872E+02, 2.630853E+02
2024-01-21 09:07:30,1, 0.000000E+00, 2.628999E+02, 0.000000E+00, 1.297882E+00, 2.731600E+02, 2.632270E+02, 2.630213E+02
2024-01-21 09:22:30,1, 0.000000E+00, 2.629015E+02, 0.000000E+00, 1.248635E+00, 2.731600E+02, 2.632190E+02, 2.629964E+02
2024-01-21 09:37:30,1, 0.000000E+00, 2.629036E+02, 0.000000E+00, 1.254667E+00, 2.731600E+02, 2.632363E+02, 2.630025E+02
2024-01-21 09:52:30,1, 0.000000E+00, 2.629033E+02, 0.000000E+00, 1.264870E+00, 2.731600E+02, 2.632495E+02, 2.630078E+02
2024-01-21 10:07:30,1, 0.000000E+00, 2.629067E+02, 0.000000E+00, 1.121674E+00, 2.731600E+02, 2.632575E+02, 2.630100E+02
2024-01-21 10:22:30,1, 0.000000E+00, 2.629144E+02, 0.000000E+00, 9.347698E-01, 2.731600E+02, 2.632648E+02, 2.630147E+02
2024-01-21 10:37:30,1, 0.000000E+00, 2.629220E+02, 0.000000E+00, 8.772799E-01, 2.731600E+02, 2.632764E+02, 2.630235E+02
2024-01-21 10:52:30,1, 0.000000E+00, 2.629293E+02, 0.000000E+00, 8.579292E-01, 2.731600E+02, 2.632873E+02, 2.630321E+02
2024-01-21 11:07:30,1, 0.000000E+00, 2.629157E+02, 0.000000E+00, 9.093505E-01, 2.731600E+02, 2.632820E+02, 2.630358E+02
2024-01-21 11:22:30,1, 0.000000E+00, 2.628824E+02, 0.000000E+00, 9.730485E-01, 2.731600E+02, 2.632418E+02, 2.630145E+02
2024-01-21 11:37:30,1, 0.000000E+00, 2.628508E+02, 0.000000E+00, 9.783418E-01, 2.731600E+02, 2.631868E+02, 2.629750E+02
2024-01-21 11:52:30,1, 0.000000E+00, 2.628192E+02, 0.000000E+00, 9.711408E-01, 2.731600E+02, 2.631365E+02, 2.629380E+02
2024-01-21 12:07:30,1, 0.000000E+00, 2.628045E+02, 0.000000E+00, 9.436216E-01, 2.731600E+02, 2.630948E+02, 2.629035E+02
2024-01-21 12:22:30,1, 0.000000E+00, 2.628095E+02, 0.000000E+00, 9.158471E-01, 2.731600E+02, 2.630792E+02, 2.628885E+02
2024-01-21 12:37:30,1, 0.000000E+00, 2.628158E+02, 0.000000E+00, 9.134776E-01, 2.731600E+02, 2.630794E+02, 2.628921E+02
2024-01-21 12:52:30,1, 0.000000E+00, 2.628211E+02, 0.000000E+00, 9.122682E-01, 2.731600E+02, 2.630785E+02, 2.628963E+02
2024-01-21 13:07:30,1, 3.980255E+01, 2.631444E+02, 9.149666E-01, 1.781198E+00, 2.731600E+02, 2.634018E+02, 2.630615E+02
2024-01-21 13:22:30,1, 5.723251E+01, 2.634017E+02, 9.568953E-01, 2.510966E+00, 2.731600E+02, 2.638473E+02, 2.634439E+02
2024-01-21 13:37:30,1, 7.397753E+01, 2.636276E+02, 1.009482E+00, 2.858795E+00, 2.731600E+02, 2.641959E+02, 2.637491E+02
2024-01-21 13:52:30,1, 8.996591E+01, 2.638581E+02, 1.052853E+00, 3.062758E+00, 2.731600E+02, 2.645195E+02, 2.640234E+02
2024-01-21 14:07:30,1, 1.305980E+02, 2.641950E+02, 1.094828E+00, 3.295563E+00, 2.731600E+02, 2.650067E+02, 2.643848E+02
2024-01-21 14:22:30,1, 1.483291E+02, 2.643786E+02, 1.160814E+00, 3.544267E+00, 2.731600E+02, 2.653935E+02, 2.647573E+02
2024-01-21 14:37:30,1, 1.648786E+02, 2.645873E+02, 1.211116E+00, 3.656223E+00, 2.731600E+02, 2.656317E+02, 2.649775E+02
2024-01-21 14:52:30,1, 1.801756E+02, 2.647917E+02, 1.244455E+00, 3.840089E+00, 2.731600E+02, 2.659081E+02, 2.652255E+02
2024-01-21 15:07:30,1, 2.265203E+02, 2.651320E+02, 1.283605E+00, 3.957265E+00, 2.731600E+02, 2.663829E+02, 2.655732E+02
2024-01-21 15:22:30,1, 2.412222E+02, 2.653145E+02, 1.356212E+00, 4.076946E+00, 2.731600E+02, 2.667567E+02, 2.659397E+02
2024-01-21 15:37:30,1, 2.542537E+02, 2.655252E+02, 1.411071E+00, 4.176774E+00, 2.731600E+02, 2.669752E+02, 2.661485E+02
2024-01-21 15:52:30,1, 2.655588E+02, 2.657301E+02, 1.445341E+00, 4.357582E+00, 2.731600E+02, 2.672333E+02, 2.663873E+02
2024-01-21 16:07:30,1, 2.612636E+02, 2.658823E+02, 1.485608E+00, 4.479234E+00, 2.731600E+02, 2.674009E+02, 2.665742E+02
2024-01-21 16:22:30,1, 2.685908E+02, 2.660940E+02, 1.511556E+00, 4.594372E+00, 2.731600E+02, 2.676222E+02, 2.667577E+02
2024-01-21 16:37:30,1, 2.741625E+02, 2.662858E+02, 1.548728E+00, 4.807196E+00, 2.731600E+02, 2.678840E+02, 2.669922E+02
2024-01-21 16:52:30,1, 2.779546E+02, 2.664733E+02, 1.592701E+00, 4.997359E+00, 2.731600E+02, 2.681082E+02, 2.671993E+02
2024-01-21 17:07:30,1, 3.099063E+02, 2.667410E+02, 1.631810E+00, 5.366035E+00, 2.731600E+02, 2.684864E+02, 2.674888E+02
2024-01-21 17:22:30,1, 3.101191E+02, 2.668572E+02, 1.700574E+00, 5.744475E+00, 2.731600E+02, 2.687038E+02, 2.677419E+02
2024-01-21 17:37:30,1, 3.083336E+02, 2.670046E+02, 1.738165E+00, 5.829951E+00, 2.731600E+02, 2.687815E+02, 2.678465E+02
2024-01-21 17:52:30,1, 3.045575E+02, 2.671445E+02, 1.752116E+00, 5.937823E+00, 2.736501E+02, 2.688982E+02, 2.679828E+02
2024-01-21 18:07:30,1, 2.854120E+02, 2.672475E+02, 1.772310E+00, 5.544347E+00, 2.740746E+02, 2.689348E+02, 2.680678E+02
2024-01-21 18:22:30,1, 2.780569E+02, 2.673941E+02, 1.775116E+00, 5.027068E+00, 2.744069E+02, 2.690109E+02, 2.681555E+02
2024-01-21 18:37:30,1, 2.688709E+02, 2.675197E+02, 1.787193E+00, 4.974472E+00, 2.746676E+02, 2.691074E+02, 2.682771E+02
2024-01-21 18:52:30,1, 2.578933E+02, 2.676385E+02, 1.802642E+00, 4.963259E+00, 2.748705E+02, 2.691632E+02, 2.683694E+02
2024-01-21 19:07:30,1, 2.528905E+02, 2.677426E+02, 1.811003E+00, 5.628564E+00, 2.750360E+02, 2.692523E+02, 2.684766E+02
2024-01-21 19:22:30,1, 2.380246E+02, 2.677724E+02, 1.826421E+00, 6.405535E+00, 2.751558E+02, 2.692562E+02, 2.685344E+02
2024-01-21 19:37:30,1, 2.214790E+02, 2.678091E+02, 1.824307E+00, 6.476547E+00, 2.752344E+02, 2.691824E+02, 2.685154E+02
2024-01-21 19:52:30,1, 2.033246E+02, 2.678379E+02, 1.807900E+00, 6.428204E+00, 2.752748E+02, 2.691107E+02, 2.684995E+02
2024-01-21 20:07:30,1, 2.030432E+02, 2.678918E+02, 1.792081E+00, 6.282797E+00, 2.752963E+02, 2.691244E+02, 2.685308E+02
2024-01-21 20:22:30,1, 1.796782E+02, 2.677832E+02, 1.796062E+00, 6.018426E+00, 2.752732E+02, 2.689734E+02, 2.684925E+02
2024-01-21 20:37:30,1, 1.548136E+02, 2.676890E+02, 1.761858E+00, 5.588670E+00, 2.752100E+02, 2.686631E+02, 2.682906E+02
2024-01-21 20:52:30,1, 1.285560E+02, 2.675809E+02, 1.700346E+00, 5.224219E+00, 2.751103E+02, 2.683702E+02, 2.681017E+02
2024-01-21 21:07:30,1, 9.215514E+01, 2.673197E+02, 1.640058E+00, 4.423885E+00, 2.749822E+02, 2.680026E+02, 2.678637E+02
2024-01-21 21:22:30,1, 6.597215E+01, 2.670308E+02, 1.558776E+00, 3.371935E+00, 2.748367E+02, 2.675694E+02, 2.675143E+02
2024-01-21 21:37:30,1, 3.884057E+01, 2.667182E+02, 1.444856E+00, 2.646624E+00, 2.746756E+02, 2.671065E+02, 2.671337E+02
2024-01-21 21:52:30,1, 1.087659E+01, 2.663714E+02, 9.770799E-01, 1.583795E+00, 2.745020E+02, 2.665964E+02, 2.667158E+02
2024-01-21 22:07:30,1, 0.000000E+00, 2.660486E+02, 0.000000E+00, 4.958929E-01, 2.743462E+02, 2.662133E+02, 2.663314E+02
2024-01-21 22:22:30,1, 0.000000E+00, 2.657493E+02, 0.000000E+00, 2.683590E-01, 2.742148E+02, 2.658958E+02, 2.660098E+02
2024-01-21 22:37:30,1, 0.000000E+00, 2.654339E+02, 0.000000E+00, 1.424286E-01, 2.741025E+02, 2.655858E+02, 2.657062E+02
2024-01-21 22:52:30,1, 0.000000E+00, 2.650852E+02, 0.000000E+00, 6.260007E-02, 2.740041E+02, 2.652662E+02, 2.653882E+02
2024-01-21 23:07:30,1, 0.000000E+00, 2.647648E+02, 0.000000E+00, 1.134391E-01, 2.739063E+02, 2.649377E+02, 2.650452E+02
2024-01-21 23:22:30,1, 0.000000E+00, 2.644711E+02, 0.000000E+00, 2.182635E-01, 2.738084E+02, 2.646332E+02, 2.647293E+02
2024-01-21 23:37:30,1, 0.000000E+00, 2.641981E+02, 0.000000E+00, 2.936914E-01, 2.737108E+02, 2.643465E+02, 2.644375E+02
2024-01-21 23:52:30,1, 0.000000E+00, 2.639372E+02, 0.000000E+00, 3.499931E-01, 2.736136E+02, 2.640876E+02, 2.641683E+02
2024-01-21 00:07:30,2, 0.000000E+00, 2.627344E+02, 0.000000E+00,-4.989812E-02, 2.731957E+02, 2.629857E+02, 2.627818E+02
2024-01-21 00:22:30,2, 0.000000E+00, 2.627844E+02, 0.000000E+00, 2.767937E-02, 2.731600E+02, 2.630356E+02, 2.628258E+02
2024-01-21 00:37:30,2, 0.000000E+00, 2.628380E+02, 0.000000E+00, 4.635844E-02, 2.731600E+02, 2.630964E+02, 2.628788E+02
2024-01-21 00:52:30,2, 0.000000E+00, 2.628934E+02, 0.000000E+00, 4.776403E-02, 2.731600E+02, 2.631619E+02, 2.629357E+02
2024-01-21 01:07:30,2, 0.000000E+00, 2.629565E+02, 0.000000E+00, 1.270793E-02, 2.731600E+02, 2.632215E+02, 2.629924E+02
2024-01-21 01:22:30,2, 0.000000E+00, 2.630289E+02, 0.000000E+00,-3.396290E-02, 2.731600E+02, 2.632823E+02, 2.630549E+02
2024-01-21 01:37:30,2, 0.000000E+00, 2.631026E+02, 0.000000E+00,-5.464118E-02, 2.731600E+02, 2.633518E+02, 2.631265E+02
2024-01-21 01:52:30,2, 0.000000E+00, 2.631760E+02, 0.000000E+00,-6.713426E-02, 2.731600E+02, 2.634214E+02, 2.631992E+02
2024-01-21 02:07:30,2, 0.000000E+00, 2.632413E+02, 0.000000E+00, 4.944005E-02, 2.731600E+02, 2.634912E+02, 2.632715E+02
2024-01-21 02:22:30,2, 0.000000E+00, 2.632971E+02, 0.000000E+00, 2.115971E-01, 2.731600E+02, 2.635535E+02, 2.633359E+02
2024-01-21 02:37:30,2, 0.000000E+00, 2.633518E+02, 0.000000E+00, 2.627772E-01, 2.731600E+02, 2.636077E+02, 2.633913E+02
2024-01-21 02:52:30,2, 0.000000E+00, 2.634069E+02, 0.000000E+00, 2.770310E-01, 2.731600E+02, 2.636620E+02, 2.634459E+02
2024-01-21 03:07:30,2, 0.000000E+00, 2.634539E+02, 0.000000E+00, 5.656826E-01, 2.731600E+02, 2.637175E+02, 2.635009E+02
2024-01-21 03:22:30,2, 0.000000E+00, 2.634911E+02, 0.000000E+00, 9.588230E-01, 2.731600E+02, 2.637660E+02, 2.635482E+02
2024-01-21 03:37:30,2, 0.000000E+00, 2.635271E+02, 0.000000E+00, 1.095783E+00, 2.731600E+02, 2.638060E+02, 2.635861E+02
2024-01-21 03:52:30,2, 0.000000E+00, 2.635635E+02, 0.000000E+00, 1.146859E+00, 2.731600E+02, 2.638459E+02, 2.636232E+02
2024-01-21 04:07:30,2, 0.000000E+00, 2.635900E+02, 0.000000E+00, 1.199599E+00, 2.731600E+02, 2.638889E+02, 2.636614E+02
2024-01-21 04:22:30,2, 0.000000E+00, 2.636053E+02, 0.000000E+00, 1.249174E+00, 2.731600E+02, 2.639245E+02, 2.636907E+02
2024-01-21 04:37:30,2, 0.000000E+00, 2.636195E+02, 0.000000E+00, 1.266423E+00, 2.731600E+02, 2.639500E+02, 2.637090E+02
2024-01-21 04:52:30,2, 0.000000E+00, 2.636343E+02, 0.000000E+00, 1.277301E+00, 2.731600E+02, 2.639761E+02, 2.637268E+02
2024-01-21 05:07:30,2, 0.000000E+00, 2.636204E+02, 0.000000E+00, 1.295248E+00, 2.731600E+02, 2.639881E+02, 2.637407E+02
2024-01-21 05:22:30,2, 0.000000E+00, 2.635761E+02, 0.000000E+00, 1.293381E+00, 2.731600E+02, 2.639616E+02, 2.637233E+02
2024-01-21 05:37:30,2, 0.000000E+00, 2.635333E+02, 0.000000E+00, 1.276537E+00, 2.731600E+02, 2.639101E+02, 2.636769E+02
2024-01-21 05:52:30,2, 0.000000E+00, 2.634918E+02, 0.000000E+00, 1.269665E+00, 2.731600E+02, 2.638636E+02, 2.636330E+02
2024-01-21 06:07:30,2, 0.000000E+00, 2.634589E+02, 0.000000E+00, 1.349998E+00, 2.731600E+02, 2.638282E+02, 2.635932E+02
2024-01-21 06:22:30,2, 0.000000E+00, 2.634343E+02, 0.000000E+00, 1.464366E+00, 2.731600E+02, 2.638102E+02, 2.635646E+02
2024-01-21 06:37:30,2, 0.000000E+00, 2.634087E+02, 0.000000E+00, 1.508355E+00, 2.731600E+02, 2.637982E+02, 2.635435E+02
2024-01-21 06:52:30,2, 0.000000E+00, 2.633827E+02, 0.000000E+00, 1.525992E+00, 2.731600E+02, 2.637844E+02, 2.635213E+02
2024-01-21 07:07:30,2, 0.000000E+00, 2.633433E+02, 0.000000E+00, 1.494652E+00, 2.731600E+02, 2.637599E+02, 2.634957E+02
2024-01-21 07:22:30,2, 0.000000E+00, 2.632908E+02, 0.000000E+00, 1.439745E+00, 2.731600E+02, 2.637127E+02, 2.634541E+02
2024-01-21 07:37:30,2, 0.000000E+00, 2.632391E+02, 0.000000E+00, 1.417077E+00, 2.731600E+02, 2.636556E+02, 2.634002E+02
2024-01-21 07:52:30,2, 0.000000E+00, 2.631880E+02, 0.000000E+00, 1.409499E+00, 2.731600E+02, 2.636009E+02, 2.633476E+02
2024-01-21 08:07:30,2, 0.000000E+00, 2.631294E+02, 0.000000E+00, 1.395564E+00, 2.731600E+02, 2.635397E+02, 2.632936E+02
2024-01-21 08:22:30,2, 0.000000E+00, 2.630634E+02, 0.000000E+00, 1.374844E+00, 2.731600E+02, 2.634653E+02, 2.632305E+02
2024-01-21 08:37:30,2, 0.000000E+00, 2.629977E+02, 0.000000E+00, 1.360895E+00, 2.731600E+02, 2.633852E+02, 2.631604E+02
2024-01-21 08:52:30,2, 0.000000E+00, 2.629321E+02, 0.000000E+00, 1.351789E+00, 2.731600E+02, 2.633061E+02, 2.630908E+02
2024-01-21 09:07:30,2, 0.000000E+00, 2.629001E+02, 0.000000E+00, 1.298015E+00, 2.731600E+02, 2.632461E+02, 2.630269E+02
2024-01-21 09:22:30,2, 0.000000E+00, 2.629017E+02, 0.000000E+00, 1.248769E+00, 2.731600E+02, 2.632380E+02, 2.630020E+02
2024-01-21 09:37:30,2, 0.000000E+00, 2.629038E+02, 0.000000E+00, 1.254832E+00, 2.731600E+02, 2.632550E+02, 2.630080E+02
2024-01-21 09:52:30,2, 0.000000E+00, 2.629035E+02, 0.000000E+00, 1.265059E+00, 2.731600E+02, 2.632679E+02, 2.630133E+02
2024-01-21 10:07:30,2, 0.000000E+00, 2.629069E+02, 0.000000E+00, 1.121857E+00, 2.731600E+02, 2.632757E+02, 2.630154E+02
2024-01-21 10:22:30,2, 0.000000E+00, 2.629145E+02, 0.000000E+00, 9.349631E-01, 2.731600E+02, 2.632831E+02, 2.630201E+02
2024-01-21 10:37:30,2, 0.000000E+00, 2.629221E+02, 0.000000E+00, 8.774659E-01, 2.731600E+02, 2.632946E+02, 2.630289E+02
2024-01-21 10:52:30,2, 0.000000E+00, 2.629294E+02, 0.000000E+00, 8.581093E-01, 2.731600E+02, 2.633056E+02, 2.630375E+02
2024-01-21 11:07:30,2, 0.000000E+00, 2.629158E+02, 0.000000E+00, 9.095120E-01, 2.731600E+02, 2.633006E+02, 2.630413E+02
2024-01-21 11:22:30,2, 0.000000E+00, 2.628826E+02, 0.000000E+00, 9.731836E-01, 2.731600E+02, 2.632610E+02, 2.630202E+02
2024-01-21 11:37:30,2, 0.000000E+00, 2.628510E+02, 0.000000E+00, 9.784683E-01, 2.731600E+02, 2.632065E+02, 2.629808E+02
2024-01-21 11:52:30,2, 0.000000E+00, 2.628194E+02, 0.000000E+00, 9.712509E-01, 2.731600E+02, 2.631570E+02, 2.629441E+02
2024-01-21 12:07:30,2, 0.000000E+00, 2.628046E+02, 0.000000E+00, 9.437469E-01, 2.731600E+02, 2.631157E+02, 2.629097E+02
2024-01-21 12:22:30,2, 0.000000E+00, 2.628097E+02, 0.000000E+00, 9.159791E-01, 2.731600E+02, 2.631003E+02, 2.628948E+02
2024-01-21 12:37:30,2, 0.000000E+00, 2.628159E+02, 0.000000E+00, 9.136172E-01, 2.731600E+02, 2.631006E+02, 2.628984E+02
2024-01-21 12:52:30,2, 0.000000E+00, 2.628213E+02, 0.000000E+00, 9.124118E-01, 2.731600E+02, 2.630998E+02, 2.629026E+02
2024-01-21 13:07:30,2, 3.980255E+01, 2.631446E+02, 9.154382E-01, 1.781557E+00, 2.731600E+02, 2.634151E+02, 2.630645E+02
2024-01-21 13:22:30,2, 5.723251E+01, 2.634019E+02, 9.573486E-01, 2.511843E+00, 2.731600E+02, 2.638580E+02, 2.634460E+02
2024-01-21 13:37:30,2, 7.397753E+01, 2.636276E+02, 1.010091E+00, 2.859989E+00, 2.731600E+02, 2.642031E+02, 2.637498E+02
2024-01-21 13:52:30,2, 8.996591E+01, 2.638582E+02, 1.053524E+00, 3.064095E+00, 2.731600E+02, 2.645244E+02, 2.640233E+02
2024-01-21 14:07:30,2, 1.305980E+02, 2.641948E+02, 1.095527E+00, 3.297026E+00, 2.731600E+02, 2.650042E+02, 2.643816E+02
2024-01-21 14:22:30,2, 1.483291E+02, 2.643785E+02, 1.161512E+00, 3.545539E+00, 2.731600E+02, 2.653903E+02, 2.647537E+02
2024-01-21 14:37:30,2, 1.648786E+02, 2.645873E+02, 1.211805E+00, 3.657778E+00, 2.731600E+02, 2.656273E+02, 2.649734E+02
2024-01-21 14:52:30,2, 1.801756E+02, 2.647916E+02, 1.245185E+00, 3.841736E+00, 2.731600E+02, 2.659026E+02, 2.652210E+02
2024-01-21 15:07:30,2, 2.265203E+02, 2.651313E+02, 1.284355E+00, 3.958694E+00, 2.731600E+02, 2.663711E+02, 2.655660E+02
2024-01-21 15:22:30,2, 2.412222E+02, 2.653141E+02, 1.356874E+00, 4.077896E+00, 2.731600E+02, 2.667444E+02, 2.659320E+02
2024-01-21 15:37:30,2, 2.542537E+02, 2.655248E+02, 1.411691E+00, 4.177991E+00, 2.731600E+02, 2.669622E+02, 2.661406E+02
2024-01-21 15:52:30,2, 2.655588E+02, 2.657296E+02, 1.446014E+00, 4.358827E+00, 2.731600E+02, 2.672196E+02, 2.663792E+02
2024-01-21 16:07:30,2, 2.612636E+02, 2.658821E+02, 1.486288E+00, 4.480741E+00, 2.731600E+02, 2.673877E+02, 2.665664E+02
2024-01-21 16:22:30,2, 2.685908E+02, 2.660937E+02, 1.512314E+00, 4.596198E+00, 2.731600E+02, 2.676076E+02, 2.667496E+02
2024-01-21 16:37:30,2, 2.741625E+02, 2.662855E+02, 1.549535E+00, 4.809047E+00, 2.731600E+02, 2.678682E+02, 2.669837E+02
2024-01-21 16:52:30,2, 2.779546E+02, 2.664731E+02, 1.593520E+00, 4.999311E+00, 2.731600E+02, 2.680915E+02, 2.671906E+02
2024-01-21 17:07:30,2, 3.099063E+02, 2.667402E+02, 1.632657E+00, 5.367653E+00, 2.731600E+02, 2.684661E+02, 2.674786E+02
2024-01-21 17:22:30,2, 3.101191E+02, 2.668567E+02, 1.701294E+00, 5.745400E+00, 2.731600E+02, 2.686837E+02, 2.677314E+02
2024-01-21 17:37:30,2, 3.083336E+02, 2.670040E+02, 1.738834E+00, 5.831106E+00, 2.731600E+02, 2.687616E+02, 2.678361E+02
2024-01-21 17:52:30,2, 3.045575E+02, 2.671439E+02, 1.752829E+00, 5.938929E+00, 2.736654E+02, 2.688785E+02, 2.679724E+02
2024-01-21 18:07:30,2, 2.854120E+02, 2.672478E+02, 1.773020E+00, 5.547024E+00, 2.740872E+02, 2.689185E+02, 2.680587E+02
2024-01-21 18:22:30,2, 2.780569E+02, 2.673941E+02, 1.776045E+00, 5.031018E+00, 2.744175E+02, 2.689958E+02, 2.681474E+02
2024-01-21 18:37:30,2, 2.688709E+02, 2.675196E+02, 1.788234E+00, 4.977779E+00, 2.746767E+02, 2.690929E+02, 2.682690E+02
2024-01-21 18:52:30,2, 2.578933E+02, 2.676384E+02, 1.803602E+00, 4.966358E+00, 2.748786E+02, 2.691496E+02, 2.683615E+02
2024-01-21 19:07:30,2, 2.528905E+02, 2.677422E+02, 1.811963E+00, 5.631277E+00, 2.750434E+02, 2.692386E+02, 2.684685E+02
2024-01-21 19:22:30,2, 2.380246E+02, 2.677720E+02, 1.827325E+00, 6.407798E+00, 2.751627E+02, 2.692435E+02, 2.685266E+02
2024-01-21 19:37:30,2, 2.214790E+02, 2.678087E+02, 1.825178E+00, 6.478813E+00, 2.752409E+02, 2.691709E+02, 2.685079E+02
2024-01-21 19:52:30,2, 2.033246E+02, 2.678374E+02, 1.808772E+00, 6.430344E+00, 2.752811E+02, 2.691003E+02, 2.684924E+02
2024-01-21 20:07:30,2, 2.030432E+02, 2.678906E+02, 1.792945E+00, 6.284384E+00, 2.753026E+02, 2.691103E+02, 2.685217E+02
2024-01-21 20:22:30,2, 1.796782E+02, 2.677822E+02, 1.796753E+00, 6.019028E+00, 2.752797E+02, 2.689615E+02, 2.684836E+02
2024-01-21 20:37:30,2, 1.548136E+02, 2.676880E+02, 1.762473E+00, 5.589609E+00, 2.752166E+02, 2.686533E+02, 2.682825E+02
2024-01-21 20:52:30,2, 1.285560E+02, 2.675798E+02, 1.701015E+00, 5.225156E+00, 2.751173E+02, 2.683629E+02, 2.680943E+02
2024-01-21 21:07:30,2, 9.215514E+01, 2.673192E+02, 1.640738E+00, 4.425464E+00, 2.749892E+02, 2.680048E+02, 2.678603E+02
2024-01-21 21:22:30,2, 6.597215E+01, 2.670304E+02, 1.559586E+00, 3.374496E+00, 2.748438E+02, 2.675756E+02, 2.675129E+02
2024-01-21 21:37:30,2, 3.884057E+01, 2.667180E+02, 1.446322E+00, 2.649372E+00, 2.746827E+02, 2.671203E+02, 2.671355E+02
2024-01-21 21:52:30,2, 1.087659E+01, 2.663717E+02, 9.967225E-01, 1.601602E+00, 2.745088E+02, 2.666205E+02, 2.667220E+02
2024-01-21 22:07:30,2, 0.000000E+00, 2.660495E+02, 0.000000E+00, 5.026560E-01, 2.743525E+02, 2.662429E+02, 2.663403E+02
2024-01-21 22:22:30,2, 0.000000E+00, 2.657495E+02, 0.000000E+00, 2.721757E-01, 2.742207E+02, 2.659297E+02, 2.660204E+02
2024-01-21 22:37:30,2, 0.000000E+00, 2.654322E+02, 0.000000E+00, 1.444722E-01, 2.741082E+02, 2.656230E+02, 2.657173E+02
2024-01-21 22:52:30,2, 0.000000E+00, 2.650819E+02, 0.000000E+00, 6.380233E-02, 2.740098E+02, 2.653031E+02, 2.653981E+02
2024-01-21 23:07:30,2, 0.000000E+00, 2.647606E+02, 0.000000E+00, 1.143147E-01, 2.739118E+02, 2.649717E+02, 2.650530E+02
2024-01-21 23:22:30,2, 0.000000E+00, 2.644661E+02, 0.000000E+00, 2.189564E-01, 2.738138E+02, 2.646680E+02, 2.647367E+02
2024-01-21 23:37:30,2, 0.000000E+00, 2.641910E+02, 0.000000E+00, 2.944532E-01, 2.737160E+02, 2.643853E+02, 2.644455E+02
2024-01-21 23:52:30,2, 0.000000E+00, 2.639291E+02, 0.000000E+00, 3.503798E-01, 2.736188E+02, 2.641181E+02, 2.641724E+02
2024-01-22 00:07:30,1, 0.000000E+00, 2.637293E+02, 0.000000E+00, 3.887905E-01, 2.735210E+02, 2.638624E+02, 2.639180E+02
2024-01-22 00:22:30,1, 0.000000E+00, 2.636087E+02, 0.000000E+00, 4.195644E-01, 2.734362E+02, 2.637204E+02, 2.637297E+02
2024-01-22 00:37:30,1, 0.000000E+00, 2.635551E+02, 0.000000E+00, 4.514998E-01, 2.733595E+02, 2.636518E+02, 2.636247E+02
2024-01-22 00:52:30,1, 0.000000E+00, 2.635518E+02, 0.000000E+00, 4.844563E-01, 2.732911E+02, 2.636379E+02, 2.635830E+02
2024-01-22 01:07:30,1, 0.000000E+00, 2.635826E+02, 0.000000E+00, 5.054934E-01, 2.732305E+02, 2.636627E+02, 2.635882E+02
2024-01-22 01:22:30,1, 0.000000E+00, 2.636353E+02, 0.000000E+00, 5.151479E-01, 2.731768E+02, 2.637124E+02, 2.636247E+02
2024-01-22 01:37:30,1, 0.000000E+00, 2.637041E+02, 0.000000E+00, 5.274112E-01, 2.731600E+02, 2.637805E+02, 2.636821E+02
2024-01-22 01:52:30,1, 0.000000E+00, 2.637876E+02, 0.000000E+00, 5.425200E-01, 2.731600E+02, 2.638654E+02, 2.637558E+02
2024-01-22 02:07:30,1, 0.000000E+00, 2.638153E+02, 0.000000E+00, 6.195076E-01, 2.731600E+02, 2.639152E+02, 2.638291E+02
2024-01-22 02:22:30,1, 0.000000E+00, 2.637324E+02, 0.000000E+00, 7.516768E-01, 2.731600E+02, 2.638627E+02, 2.638324E+02
2024-01-22 02:37:30,1, 0.000000E+00, 2.635683E+02, 0.000000E+00, 8.487677E-01, 2.731600E+02, 2.637139E+02, 2.637295E+02
2024-01-22 02:52:30,1, 0.000000E+00, 2.633470E+02, 0.000000E+00, 9.050946E-01, 2.731600E+02, 2.635012E+02, 2.635505E+02
2024-01-22 03:07:30,1, 0.000000E+00, 2.631453E+02, 0.000000E+00, 9.106178E-01, 2.731600E+02, 2.632932E+02, 2.633331E+02
2024-01-22 03:22:30,1, 0.000000E+00, 2.630217E+02, 0.000000E+00, 9.026855E-01, 2.731600E+02, 2.631559E+02, 2.631508E+02
2024-01-22 03:37:30,1, 0.000000E+00, 2.629571E+02, 0.000000E+00, 9.177628E-01, 2.731600E+02, 2.630855E+02, 2.630431E+02
2024-01-22 03:52:30,1, 0.000000E+00, 2.629351E+02, 0.000000E+00, 9.479791E-01, 2.731600E+02, 2.630619E+02, 2.629909E+02
2024-01-22 04:07:30,1, 0.000000E+00, 2.628973E+02, 0.000000E+00, 1.036153E+00, 2.731600E+02, 2.630374E+02, 2.629681E+02
2024-01-22 04:22:30,1, 0.000000E+00, 2.628004E+02, 0.000000E+00, 1.168043E+00, 2.731600E+02, 2.629594E+02, 2.629181E+02
2024-01-22 04:37:30,1, 0.000000E+00, 2.626597E+02, 0.000000E+00, 1.265297E+00, 2.731600E+02, 2.628294E+02, 2.628111E+02
2024-01-22 04:52:30,1, 0.000000E+00, 2.624879E+02, 0.000000E+00, 1.325413E+00, 2.731600E+02, 2.626662E+02, 2.626634E+02
2024-01-22 05:07:30,1, 0.000000E+00, 2.623203E+02, 0.000000E+00, 1.378189E+00, 2.731600E+02, 2.625010E+02, 2.624936E+02
2024-01-22 05:22:30,1, 0.000000E+00, 2.621825E+02, 0.000000E+00, 1.450337E+00, 2.731600E+02, 2.623638E+02, 2.623351E+02
2024-01-22 05:37:30,1, 0.000000E+00, 2.620658E+02, 0.000000E+00, 1.541447E+00, 2.731600E+02, 2.622522E+02, 2.622051E+02
2024-01-22 05:52:30,1, 0.000000E+00, 2.619623E+02, 0.000000E+00, 1.654666E+00, 2.731600E+02, 2.621570E+02, 2.620948E+02
2024-01-22 06:07:30,1, 0.000000E+00, 2.618632E+02, 0.000000E+00, 1.773393E+00, 2.731600E+02, 2.620653E+02, 2.619949E+02
2024-01-22 06:22:30,1, 0.000000E+00, 2.617641E+02, 0.000000E+00, 1.864288E+00, 2.731600E+02, 2.619703E+02, 2.618970E+02
2024-01-22 06:37:30,1, 0.000000E+00, 2.616651E+02, 0.000000E+00, 1.946254E+00, 2.731600E+02, 2.618757E+02, 2.617993E+02
2024-01-22 06:52:30,1, 0.000000E+00, 2.615656E+02, 0.000000E+00, 2.020721E+00, 2.731600E+02, 2.617810E+02, 2.617016E+02
2024-01-22 07:07:30,1, 0.000000E+00, 2.614600E+02, 0.000000E+00, 2.270288E+00, 2.731600E+02, 2.616920E+02, 2.616052E+02
2024-01-22 07:22:30,1, 0.000000E+00, 2.613290E+02, 0.000000E+00, 4.595801E+00, 2.731600E+02, 2.616316E+02, 2.615145E+02
2024-01-22 07:37:30,1, 0.000000E+00, 2.611164E+02, 0.000000E+00, 4.355355E+00, 2.731600E+02, 2.615136E+02, 2.613876E+02
2024-01-22 07:52:30,1, 0.000000E+00, 2.608983E+02, 0.000000E+00, 3.157843E+00, 2.731600E+02, 2.613182E+02, 2.611802E+02
2024-01-22 08:07:30,1, 0.000000E+00, 2.606659E+02, 0.000000E+00, 2.650693E+00, 2.731600E+02, 2.611152E+02, 2.609666E+02
2024-01-22 08:22:30,1, 0.000000E+00, 2.604152E+02, 0.000000E+00, 2.432640E+00, 2.731600E+02, 2.608843E+02, 2.607347E+02
2024-01-22 08:37:30,1, 0.000000E+00, 2.601648E+02, 0.000000E+00, 2.311573E+00, 2.731600E+02, 2.606390E+02, 2.604855E+02
2024-01-22 08:52:30,1, 0.000000E+00, 2.599152E+02, 0.000000E+00, 2.265622E+00, 2.731600E+02, 2.603965E+02, 2.602374E+02
2024-01-22 09:07:30,1, 0.000000E+00, 2.597036E+02, 0.000000E+00, 2.010358E+00, 2.731600E+02, 2.601597E+02, 2.599916E+02
2024-01-22 09:22:30,1, 0.000000E+00, 2.595330E+02, 0.000000E+00, 1.736510E+00, 2.731600E+02, 2.599662E+02, 2.597855E+02
2024-01-22 09:37:30,1, 0.000000E+00, 2.593611E+02, 0.000000E+00, 1.695125E+00, 2.731600E+02, 2.598065E+02, 2.596180E+02
2024-01-22 09:52:30,1, 0.000000E+00, 2.591868E+02, 0.000000E+00, 1.674856E+00, 2.731600E+02, 2.596398E+02, 2.594476E+02
2024-01-22 10:07:30,1, 0.000000E+00, 2.590432E+02, 0.000000E+00, 1.593491E+00, 2.731600E+02, 2.594797E+02, 2.592775E+02
2024-01-22 10:22:30,1, 0.000000E+00, 2.589307E+02, 0.000000E+00, 1.538249E+00, 2.731600E+02, 2.593572E+02, 2.591401E+02
2024-01-22 10:37:30,1, 0.000000E+00, 2.588151E+02, 0.000000E+00, 1.570022E+00, 2.731600E+02, 2.592591E+02, 2.590318E+02
2024-01-22 10:52:30,1, 0.000000E+00, 2.586977E+02, 0.000000E+00, 1.578915E+00, 2.731600E+02, 2.591538E+02, 2.589192E+02
2024-01-22 11:07:30,1, 0.000000E+00, 2.585829E+02, 0.000000E+00, 1.589396E+00, 2.731600E+02, 2.590445E+02, 2.588042E+02
2024-01-22 11:22:30,1, 0.000000E+00, 2.584706E+02, 0.000000E+00, 1.607855E+00, 2.731600E+02, 2.589351E+02, 2.586910E+02
2024-01-22 11:37:30,1, 0.000000E+00, 2.583582E+02, 0.000000E+00, 1.621202E+00, 2.731600E+02, 2.588279E+02, 2.585801E+02
2024-01-22 11:52:30,1, 0.000000E+00, 2.582456E+02, 0.000000E+00, 1.628991E+00, 2.731600E+02, 2.587203E+02, 2.584691E+02
2024-01-22 12:07:30,1, 0.000000E+00, 2.581833E+02, 0.000000E+00, 1.504309E+00, 2.731600E+02, 2.586325E+02, 2.583639E+02
2024-01-22 12:22:30,1, 0.000000E+00, 2.581694E+02, 0.000000E+00, 1.400360E+00, 2.731600E+02, 2.586113E+02, 2.583138E+02
2024-01-22 12:37:30,1, 0.000000E+00, 2.581449E+02, 0.000000E+00, 1.437312E+00, 2.731600E+02, 2.586258E+02, 2.583082E+02
2024-01-22 12:52:30,1, 0.000000E+00, 2.581188E+02, 0.000000E+00, 1.440024E+00, 2.731600E+02, 2.586239E+02, 2.582903E+02
2024-01-22 13:07:30,1, 7.758852E+01, 2.593007E+02, 5.501339E-01, 5.073745E-01, 2.731600E+02, 2.594080E+02, 2.586782E+02
2024-01-22 13:22:30,1, 1.109062E+02, 2.593821E+02, 6.190840E-01, 6.006957E-01, 2.731600E+02, 2.607046E+02, 2.599332E+02
2024-01-22 13:37:30,1, 1.429184E+02, 2.603568E+02, 7.179611E-01, 5.890249E-02, 2.731600E+02, 2.608769E+02, 2.601113E+02
2024-01-22 13:52:30,1, 1.734878E+02, 2.606384E+02, 7.379860E-01, 2.513585E-01, 2.731600E+02, 2.621275E+02, 2.612314E+02
2024-01-22 14:07:30,1, 2.308158E+02, 2.619652E+02, 8.501386E-01, 6.580693E-02, 2.731600E+02, 2.627302E+02, 2.617326E+02
2024-01-22 14:22:30,1, 2.619336E+02, 2.623717E+02, 9.217054E-01, 1.421006E-01, 2.731600E+02, 2.642547E+02, 2.631677E+02
2024-01-22 14:37:30,1, 2.909827E+02, 2.635764E+02, 1.085247E+00, 2.464983E-01, 2.731600E+02, 2.646508E+02, 2.636155E+02
2024-01-22 14:52:30,1, 3.178389E+02, 2.641226E+02, 1.137211E+00, 8.518628E-01, 2.731600E+02, 2.660301E+02, 2.649166E+02
2024-01-22 15:07:30,1, 3.650691E+02, 2.660986E+02, 1.316033E+00, 6.536904E-01, 2.731600E+02, 2.668056E+02, 2.656385E+02
2024-01-22 15:22:30,1, 3.886706E+02, 2.667233E+02, 1.437704E+00, 1.520782E+00, 2.731600E+02, 2.688402E+02, 2.676584E+02
2024-01-22 15:37:30,1, 4.095982E+02, 2.695577E+02, 1.766544E+00, 1.188899E+00, 2.731600E+02, 2.695116E+02, 2.684184E+02
2024-01-22 15:52:30,1, 4.277621E+02, 2.692022E+02, 1.905781E+00, 5.206305E+00, 2.731600E+02, 2.721797E+02, 2.711507E+02
2024-01-22 16:07:30,1, 4.060685E+02, 2.709108E+02, 2.468885E+00, 4.150893E+00, 2.731600E+02, 2.712642E+02, 2.705800E+02
2024-01-22 16:22:30,1, 4.174468E+02, 2.706804E+02, 2.258069E+00, 9.979217E+00, 2.731600E+02, 2.732325E+02, 2.723878E+02
2024-01-22 16:37:30,1, 4.261122E+02, 2.715333E+02, 2.713907E+00, 8.538335E+00, 2.731600E+02, 2.726755E+02, 2.720246E+02
2024-01-22 16:52:30,1, 4.320276E+02, 2.719865E+02, 2.592881E+00, 1.057161E+01, 2.731600E+02, 2.737069E+02, 2.729541E+02
2024-01-22 17:07:30,1, 4.402588E+02, 2.725242E+02, 2.850933E+00, 1.109980E+01, 2.731600E+02, 2.740461E+02, 2.733735E+02
2024-01-22 17:22:30,1, 4.406143E+02, 2.729498E+02, 2.948908E+00, 1.208278E+01, 2.731600E+02, 2.745370E+02, 2.738967E+02
2024-01-22 17:37:30,1, 4.381469E+02, 2.734104E+02, 3.083909E+00, 1.264874E+01, 2.731600E+02, 2.748727E+02, 2.742891E+02
2024-01-22 17:52:30,1, 4.328671E+02, 2.738528E+02, 3.181375E+00, 1.339376E+01, 2.731600E+02, 2.752544E+02, 2.747190E+02
2024-01-22 18:07:30,1, 3.626331E+02, 2.739111E+02, 3.290524E+00, 1.379690E+01, 2.731600E+02, 2.752079E+02, 2.748883E+02
2024-01-22 18:22:30,1, 3.533925E+02, 2.742019E+02, 3.265231E+00, 1.328762E+01, 2.733841E+02, 2.752716E+02, 2.749349E+02
2024-01-22 18:37:30,1, 3.418395E+02, 2.744161E+02, 3.288240E+00, 1.399916E+01, 2.741956E+02, 2.755497E+02, 2.752032E+02
2024-01-22 18:52:30,1, 3.280235E+02, 2.746544E+02, 3.369244E+00, 1.435299E+01, 2.748378E+02, 2.757418E+02, 2.753858E+02
2024-01-22 19:07:30,1, 1.561180E+02, 2.740603E+02, 3.398733E+00, 1.321751E+01, 2.750973E+02, 2.748946E+02, 2.750182E+02
2024-01-22 19:22:30,1, 1.470338E+02, 2.741290E+02, 3.101147E+00, 9.863344E+00, 2.752978E+02, 2.744692E+02, 2.744734E+02
2024-01-22 19:37:30,1, 1.369200E+02, 2.741215E+02, 2.990360E+00, 1.086743E+01, 2.754646E+02, 2.746527E+02, 2.745674E+02
2024-01-22 19:52:30,1, 1.258201E+02, 2.740829E+02, 3.033312E+00, 1.079709E+01, 2.756147E+02, 2.746464E+02, 2.745403E+02
2024-01-22 20:07:30,1, 8.777696E+01, 2.738020E+02, 3.003626E+00, 1.067345E+01, 2.756935E+02, 2.743727E+02, 2.743667E+02
2024-01-22 20:22:30,1, 7.780545E+01, 2.735886E+02, 2.905249E+00, 9.817277E+00, 2.757471E+02, 2.740522E+02, 2.740561E+02
2024-01-22 20:37:30,1, 6.719228E+01, 2.733697E+02, 2.800435E+00, 9.319375E+00, 2.757767E+02, 2.738018E+02, 2.738132E+02
2024-01-22 20:52:30,1, 5.598292E+01, 2.731405E+02, 2.697966E+00, 8.683397E+00, 2.757857E+02, 2.735275E+02, 2.735572E+02
2024-01-22 21:07:30,1, 3.224959E+01, 2.728616E+02, 2.396080E+00, 7.754199E+00, 2.757602E+02, 2.731632E+02, 2.732433E+02
2024-01-22 21:22:30,1, 2.331280E+01, 2.726931E+02, 2.089403E+00, 6.449159E+00, 2.757361E+02, 2.728872E+02, 2.729491E+02
2024-01-22 21:37:30,1, 1.405123E+01, 2.725296E+02, 1.572811E+00, 5.731386E+00, 2.757098E+02, 2.727141E+02, 2.727571E+02
2024-01-22 21:52:30,1, 4.504553E+00, 2.723677E+02, 6.141398E-01, 4.007557E+00, 2.756812E+02, 2.725482E+02, 2.725620E+02
2024-01-22 22:07:30,1, 0.000000E+00, 2.722509E+02, 0.000000E+00, 2.555580E+00, 2.756534E+02, 2.723998E+02, 2.723901E+02
2024-01-22 22:22:30,1, 0.000000E+00, 2.721889E+02, 0.000000E+00, 2.036727E+00, 2.756285E+02, 2.723117E+02, 2.722820E+02
2024-01-22 22:37:30,1, 0.000000E+00, 2.721402E+02, 0.000000E+00, 1.945369E+00, 2.756060E+02, 2.722682E+02, 2.722253E+02
2024-01-22 22:52:30,1, 0.000000E+00, 2.720909E+02, 0.000000E+00, 1.921744E+00, 2.755860E+02, 2.722301E+02, 2.721794E+02
2024-01-22 23:07:30,1, 0.000000E+00, 2.720349E+02, 0.000000E+00, 1.884226E+00, 2.755667E+02, 2.721734E+02, 2.721277E+02
2024-01-22 23:22:30,1, 0.000000E+00, 2.719724E+02, 0.000000E+00, 1.827605E+00, 2.755461E+02, 2.720955E+02, 2.720652E+02
2024-01-22 23:37:30,1, 0.000000E+00, 2.719077E+02, 0.000000E+00, 1.766414E+00, 2.755241E+02, 2.720138E+02, 2.719969E+02
2024-01-22 23:52:30,1, 0.000000E+00, 2.718401E+02, 0.000000E+00, 1.711400E+00, 2.755013E+02, 2.719301E+02, 2.719265E+02
2024-01-22 00:07:30,2, 0.000000E+00, 2.637216E+02, 0.000000E+00, 3.890575E-01, 2.735259E+02, 2.638930E+02, 2.639214E+02
2024-01-22 00:22:30,2, 0.000000E+00, 2.636018E+02, 0.000000E+00, 4.197820E-01, 2.734409E+02, 2.637481E+02, 2.637326E+02
2024-01-22 00:37:30,2, 0.000000E+00, 2.635497E+02, 0.000000E+00, 4.516841E-01, 2.733640E+02, 2.636792E+02, 2.636281E+02
2024-01-22 00:52:30,2, 0.000000E+00, 2.635477E+02, 0.000000E+00, 4.846614E-01, 2.732955E+02, 2.636659E+02, 2.635876E+02
2024-01-22 01:07:30,2, 0.000000E+00, 2.635793E+02, 0.000000E+00, 5.057409E-01, 2.732347E+02, 2.636914E+02, 2.635939E+02
2024-01-22 01:22:30,2, 0.000000E+00, 2.636325E+02, 0.000000E+00, 5.154297E-01, 2.731810E+02, 2.637417E+02, 2.636312E+02
2024-01-22 01:37:30,2, 0.000000E+00, 2.637016E+02, 0.000000E+00, 5.276960E-01, 2.731600E+02, 2.638098E+02, 2.636889E+02
2024-01-22 01:52:30,2, 0.000000E+00, 2.637848E+02, 0.000000E+00, 5.427518E-01, 2.731600E+02, 2.638941E+02, 2.637626E+02
2024-01-22 02:07:30,2, 0.000000E+00, 2.638125E+02, 0.000000E+00, 6.195397E-01, 2.731600E+02, 2.639437E+02, 2.638357E+02
2024-01-22 02:22:30,2, 0.000000E+00, 2.637297E+02, 0.000000E+00, 7.514545E-01, 2.731600E+02, 2.638927E+02, 2.638395E+02
2024-01-22 02:37:30,2, 0.000000E+00, 2.635653E+02, 0.000000E+00, 8.484944E-01, 2.731600E+02, 2.637470E+02, 2.637375E+02
2024-01-22 02:52:30,2, 0.000000E+00, 2.633428E+02, 0.000000E+00, 9.047702E-01, 2.731600E+02, 2.635369E+02, 2.635591E+02
2024-01-22 03:07:30,2, 0.000000E+00, 2.631399E+02, 0.000000E+00, 9.101128E-01, 2.731600E+02, 2.633276E+02, 2.633404E+02
2024-01-22 03:22:30,2, 0.000000E+00, 2.630159E+02, 0.000000E+00, 9.019978E-01, 2.731600E+02, 2.631868E+02, 2.631562E+02
2024-01-22 03:37:30,2, 0.000000E+00, 2.629517E+02, 0.000000E+00, 9.169808E-01, 2.731600E+02, 2.631149E+02, 2.630479E+02
2024-01-22 03:52:30,2, 0.000000E+00, 2.629304E+02, 0.000000E+00, 9.472182E-01, 2.731600E+02, 2.630910E+02, 2.629958E+02
2024-01-22 04:07:30,2, 0.000000E+00, 2.628934E+02, 0.000000E+00, 1.035321E+00, 2.731600E+02, 2.630676E+02, 2.629739E+02
2024-01-22 04:22:30,2, 0.000000E+00, 2.627968E+02, 0.000000E+00, 1.167094E+00, 2.731600E+02, 2.629921E+02, 2.629251E+02
2024-01-22 04:37:30,2, 0.000000E+00, 2.626558E+02, 0.000000E+00, 1.264324E+00, 2.731600E+02, 2.628644E+02, 2.628190E+02
2024-01-22 04:52:30,2, 0.000000E+00, 2.624837E+02, 0.000000E+00, 1.324231E+00, 2.731600E+02, 2.627016E+02, 2.626714E+02
2024-01-22 05:07:30,2, 0.000000E+00, 2.623160E+02, 0.000000E+00, 1.376718E+00, 2.731600E+02, 2.625359E+02, 2.625010E+02
2024-01-22 05:22:30,2, 0.000000E+00, 2.621784E+02, 0.000000E+00, 1.448612E+00, 2.731600E+02, 2.623980E+02, 2.623423E+02
2024-01-22 05:37:30,2, 0.000000E+00, 2.620623E+02, 0.000000E+00, 1.539542E+00, 2.731600E+02, 2.622862E+02, 2.622124E+02
2024-01-22 05:52:30,2, 0.000000E+00, 2.619596E+02, 0.000000E+00, 1.652644E+00, 2.731600E+02, 2.621911E+02, 2.621026E+02
2024-01-22 06:07:30,2, 0.000000E+00, 2.618613E+02, 0.000000E+00, 1.771560E+00, 2.731600E+02, 2.621000E+02, 2.620034E+02
2024-01-22 06:22:30,2, 0.000000E+00, 2.617629E+02, 0.000000E+00, 1.863766E+00, 2.731600E+02, 2.620059E+02, 2.619064E+02
2024-01-22 06:37:30,2, 0.000000E+00, 2.616645E+02, 0.000000E+00, 1.946893E+00, 2.731600E+02, 2.619121E+02, 2.618094E+02
2024-01-22 06:52:30,2, 0.000000E+00, 2.615654E+02, 0.000000E+00, 2.022233E+00, 2.731600E+02, 2.618180E+02, 2.617123E+02
2024-01-22 07:07:30,2, 0.000000E+00, 2.614602E+02, 0.000000E+00, 2.269383E+00, 2.731600E+02, 2.617294E+02, 2.616164E+02
2024-01-22 07:22:30,2, 0.000000E+00, 2.613291E+02, 0.000000E+00, 4.603512E+00, 2.731600E+02, 2.616655E+02, 2.615247E+02
2024-01-22 07:37:30,2, 0.000000E+00, 2.611164E+02, 0.000000E+00, 4.358341E+00, 2.731600E+02, 2.615460E+02, 2.613972E+02
2024-01-22 07:52:30,2, 0.000000E+00, 2.608984E+02, 0.000000E+00, 3.158876E+00, 2.731600E+02, 2.613501E+02, 2.611897E+02
2024-01-22 08:07:30,2, 0.000000E+00, 2.606661E+02, 0.000000E+00, 2.651439E+00, 2.731600E+02, 2.611473E+02, 2.609762E+02
2024-01-22 08:22:30,2, 0.000000E+00, 2.604154E+02, 0.000000E+00, 2.432956E+00, 2.731600E+02, 2.609168E+02, 2.607444E+02
2024-01-22 08:37:30,2, 0.000000E+00, 2.601650E+02, 0.000000E+00, 2.311612E+00, 2.731600E+02, 2.606719E+02, 2.604954E+02
2024-01-22 08:52:30,2, 0.000000E+00, 2.599154E+02, 0.000000E+00, 2.265552E+00, 2.731600E+02, 2.604299E+02, 2.602474E+02
2024-01-22 09:07:30,2, 0.000000E+00, 2.597039E+02, 0.000000E+00, 2.010289E+00, 2.731600E+02, 2.601937E+02, 2.600018E+02
2024-01-22 09:22:30,2, 0.000000E+00, 2.595333E+02, 0.000000E+00, 1.736465E+00, 2.731600E+02, 2.600008E+02, 2.597958E+02
2024-01-22 09:37:30,2, 0.000000E+00, 2.593614E+02, 0.000000E+00, 1.694990E+00, 2.731600E+02, 2.598413E+02, 2.596284E+02
2024-01-22 09:52:30,2, 0.000000E+00, 2.591870E+02, 0.000000E+00, 1.674668E+00, 2.731600E+02, 2.596749E+02, 2.594581E+02
2024-01-22 10:07:30,2, 0.000000E+00, 2.590434E+02, 0.000000E+00, 1.593365E+00, 2.731600E+02, 2.595151E+02, 2.592881E+02
2024-01-22 10:22:30,2, 0.000000E+00, 2.589309E+02, 0.000000E+00, 1.538171E+00, 2.731600E+02, 2.593927E+02, 2.591508E+02
2024-01-22 10:37:30,2, 0.000000E+00, 2.588153E+02, 0.000000E+00, 1.569872E+00, 2.731600E+02, 2.592944E+02, 2.590424E+02
2024-01-22 10:52:30,2, 0.000000E+00, 2.586979E+02, 0.000000E+00, 1.578741E+00, 2.731600E+02, 2.591890E+02, 2.589298E+02
2024-01-22 11:07:30,2, 0.000000E+00, 2.585832E+02, 0.000000E+00, 1.589242E+00, 2.731600E+02, 2.590798E+02, 2.588148E+02
2024-01-22 11:22:30,2, 0.000000E+00, 2.584708E+02, 0.000000E+00, 1.607714E+00, 2.731600E+02, 2.589704E+02, 2.587016E+02
2024-01-22 11:37:30,2, 0.000000E+00, 2.583584E+02, 0.000000E+00, 1.621054E+00, 2.731600E+02, 2.588634E+02, 2.585907E+02
2024-01-22 11:52:30,2, 0.000000E+00, 2.582459E+02, 0.000000E+00, 1.628836E+00, 2.731600E+02, 2.587558E+02, 2.584797E+02
2024-01-22 12:07:30,2, 0.000000E+00, 2.581836E+02, 0.000000E+00, 1.504222E+00, 2.731600E+02, 2.586678E+02, 2.583745E+02
2024-01-22 12:22:30,2, 0.000000E+00, 2.581697E+02, 0.000000E+00, 1.400290E+00, 2.731600E+02, 2.586461E+02, 2.583243E+02
2024-01-22 12:37:30,2, 0.000000E+00, 2.581452E+02, 0.000000E+00, 1.437140E+00, 2.731600E+02, 2.586596E+02, 2.583183E+02
2024-01-22 12:52:30,2, 0.000000E+00, 2.581191E+02, 0.000000E+00, 1.439866E+00, 2.731600E+02, 2.586570E+02, 2.583002E+02
2024-01-22 13:07:30,2, 7.758852E+01, 2.592957E+02, 5.503751E-01, 5.078842E-01, 2.731600E+02, 2.593974E+02, 2.586675E+02
2024-01-22 13:22:30,2, 1.109062E+02, 2.593803E+02, 6.193853E-01, 6.016269E-01, 2.731600E+02, 2.606992E+02, 2.599221E+02
2024-01-22 13:37:30,2, 1.429184E+02, 2.603556E+02, 7.193084E-01, 5.844760E-02, 2.731600E+02, 2.608613E+02, 2.600970E+02
2024-01-22 13:52:30,2, 1.734878E+02, 2.606364E+02, 7.378512E-01, 2.504941E-01, 2.731600E+02, 2.621120E+02, 2.612176E+02
2024-01-22 14:07:30,2, 2.308158E+02, 2.619628E+02, 8.501508E-01, 6.413561E-02, 2.731600E+02, 2.626964E+02, 2.617099E+02
2024-01-22 14:22:30,2, 2.619336E+02, 2.623688E+02, 9.213116E-01, 1.386978E-01, 2.731600E+02, 2.642266E+02, 2.631477E+02
2024-01-22 14:37:30,2, 2.909827E+02, 2.635746E+02, 1.084701E+00, 2.427558E-01, 2.731600E+02, 2.646200E+02, 2.635943E+02
2024-01-22 14:52:30,2, 3.178389E+02, 2.641191E+02, 1.136655E+00, 8.475303E-01, 2.731600E+02, 2.660026E+02, 2.648979E+02
2024-01-22 15:07:30,2, 3.650691E+02, 2.661021E+02, 1.315492E+00, 6.466934E-01, 2.731600E+02, 2.667707E+02, 2.656159E+02
2024-01-22 15:22:30,2, 3.886706E+02, 2.667159E+02, 1.436841E+00, 1.519714E+00, 2.731600E+02, 2.688163E+02, 2.676450E+02
2024-01-22 15:37:30,2, 4.095982E+02, 2.695805E+02, 1.766535E+00, 1.161926E+00, 2.731600E+02, 2.694758E+02, 2.683948E+02
2024-01-22 15:52:30,2, 4.277621E+02, 2.691935E+02, 1.905337E+00, 5.234813E+00, 2.731600E+02, 2.721667E+02, 2.711526E+02
2024-01-22 16:07:30,2, 4.060685E+02, 2.709280E+02, 2.470165E+00, 4.093689E+00, 2.731600E+02, 2.712312E+02, 2.705584E+02
2024-01-22 16:22:30,2, 4.174468E+02, 2.706725E+02, 2.256970E+00, 1.003863E+01, 2.731600E+02, 2.732379E+02, 2.723982E+02
2024-01-22 16:37:30,2, 4.261122E+02, 2.715323E+02, 2.719156E+00, 8.508623E+00, 2.731600E+02, 2.726346E+02, 2.719991E+02
2024-01-22 16:52:30,2, 4.320276E+02, 2.719826E+02, 2.589850E+00, 1.057258E+01, 2.731600E+02, 2.736817E+02, 2.729392E+02
2024-01-22 17:07:30,2, 4.402588E+02, 2.725209E+02, 2.850896E+00, 1.108424E+01, 2.731600E+02, 2.740131E+02, 2.733537E+02
2024-01-22 17:22:30,2, 4.406143E+02, 2.729464E+02, 2.947418E+00, 1.206937E+01, 2.731600E+02, 2.745058E+02, 2.738782E+02
2024-01-22 17:37:30,2, 4.381469E+02, 2.734068E+02, 3.082834E+00, 1.263367E+01, 2.731600E+02, 2.748407E+02, 2.742703E+02
2024-01-22 17:52:30,2, 4.328671E+02, 2.738492E+02, 3.180225E+00, 1.337790E+01, 2.731600E+02, 2.752222E+02, 2.747001E+02
2024-01-22 18:07:30,2, 3.626331E+02, 2.739094E+02, 3.289379E+00, 1.378612E+01, 2.731600E+02, 2.751816E+02, 2.748722E+02
2024-01-22 18:22:30,2, 3.533925E+02, 2.741994E+02, 3.265191E+00, 1.328376E+01, 2.734333E+02, 2.752448E+02, 2.749200E+02
2024-01-22 18:37:30,2, 3.418395E+02, 2.744154E+02, 3.288618E+00, 1.399842E+01, 2.742359E+02, 2.755253E+02, 2.751886E+02
2024-01-22 18:52:30,2, 3.280235E+02, 2.746532E+02, 3.370179E+00, 1.436046E+01, 2.748715E+02, 2.757178E+02, 2.753726E+02
2024-01-22 19:07:30,2, 1.561180E+02, 2.740621E+02, 3.399962E+00, 1.322707E+01, 2.751255E+02, 2.748923E+02, 2.750144E+02
2024-01-22 19:22:30,2, 1.470338E+02, 2.741302E+02, 3.103380E+00, 9.886243E+00, 2.753219E+02, 2.744648E+02, 2.744709E+02
2024-01-22 19:37:30,2, 1.369200E+02, 2.741225E+02, 2.993108E+00, 1.087999E+01, 2.754857E+02, 2.746474E+02, 2.745645E+02
2024-01-22 19:52:30,2, 1.258201E+02, 2.740838E+02, 3.035782E+00, 1.080935E+01, 2.756334E+02, 2.746401E+02, 2.745371E+02
2024-01-22 20:07:30,2, 8.777696E+01, 2.738030E+02, 3.005926E+00, 1.068484E+01, 2.757104E+02, 2.743713E+02, 2.743656E+02
2024-01-22 20:22:30,2, 7.780545E+01, 2.735894E+02, 2.907381E+00, 9.828637E+00, 2.757624E+02, 2.740515E+02, 2.740554E+02
2024-01-22 20:37:30,2, 6.719228E+01, 2.733705E+02, 2.802350E+00, 9.329206E+00, 2.757908E+02, 2.738028E+02, 2.738130E+02
2024-01-22 20:52:30,2, 5.598292E+01, 2.731412E+02, 2.699554E+00, 8.692013E+00, 2.757988E+02, 2.735301E+02, 2.735576E+02
2024-01-22 21:07:30,2, 3.224959E+01, 2.728623E+02, 2.397973E+00, 7.762752E+00, 2.757724E+02, 2.731699E+02, 2.732451E+02
2024-01-22 21:22:30,2, 2.331280E+01, 2.726938E+02, 2.093028E+00, 6.460038E+00, 2.757476E+02, 2.728950E+02, 2.729513E+02
2024-01-22 21:37:30,2, 1.405123E+01, 2.725302E+02, 1.576905E+00, 5.744889E+00, 2.757207E+02, 2.727244E+02, 2.727598E+02
2024-01-22 21:52:30,2, 4.504553E+00, 2.723685E+02, 6.146513E-01, 4.013027E+00, 2.756916E+02, 2.725577E+02, 2.725650E+02
2024-01-22 22:07:30,2, 0.000000E+00, 2.722520E+02, 0.000000E+00, 2.559483E+00, 2.756633E+02, 2.724097E+02, 2.723937E+02
2024-01-22 22:22:30,2, 0.000000E+00, 2.721900E+02, 0.000000E+00, 2.040190E+00, 2.756380E+02, 2.723219E+02, 2.722858E+02
2024-01-22 22:37:30,2, 0.000000E+00, 2.721412E+02, 0.000000E+00, 1.947957E+00, 2.756150E+02, 2.722782E+02, 2.722291E+02
2024-01-22 22:52:30,2, 0.000000E+00, 2.720918E+02, 0.000000E+00, 1.923518E+00, 2.755947E+02, 2.722397E+02, 2.721830E+02
2024-01-22 23:07:30,2, 0.000000E+00, 2.720358E+02, 0.000000E+00, 1.885717E+00, 2.755751E+02, 2.721831E+02, 2.721313E+02
2024-01-22 23:22:30,2, 0.000000E+00, 2.719732E+02, 0.000000E+00, 1.829232E+00, 2.755541E+02, 2.721058E+02, 2.720689E+02
2024-01-22 23:37:30,2, 0.000000E+00, 2.719086E+02, 0.000000E+00, 1.768298E+00, 2.755319E+02, 2.720248E+02, 2.720008E+02
2024-01-22 23:52:30,2, 0.000000E+00, 2.718410E+02, 0.000000E+00, 1.713466E+00, 2.755088E+02, 2.719419E+02, 2.719307E+02
