datetime,patch,cas_temp_K,gpp_umol_m2_s,le_W_m2,soil_temp_top_K,leaf_temp_K
2024-01-01 00:15:00,1, 2.734368E+02, 0.000000E+00, 2.267514E+00, 2.871453E+02, 0.000000E+00
2024-01-01 00:45:00,1, 2.737827E+02, 0.000000E+00, 4.399247E-01, 2.865242E+02, 0.000000E+00
2024-01-01 01:15:00,1, 2.738512E+02, 0.000000E+00, 9.231865E-01, 2.860427E+02, 0.000000E+00
2024-01-01 01:45:00,1, 2.737373E+02, 0.000000E+00, 9.532749E-01, 2.856287E+02, 0.000000E+00
2024-01-01 02:15:00,1, 2.736910E+02, 0.000000E+00, 7.928614E-01, 2.852845E+02, 0.000000E+00
2024-01-01 02:45:00,1, 2.736810E+02, 0.000000E+00, 7.273713E-01, 2.850400E+02, 0.000000E+00
2024-01-01 03:15:00,1, 2.736411E+02, 0.000000E+00, 7.647970E-01, 2.848164E+02, 0.000000E+00
2024-01-01 03:45:00,1, 2.735792E+02, 0.000000E+00, 8.020505E-01, 2.846009E+02, 0.000000E+00
2024-01-01 04:15:00,1, 2.735409E+02, 0.000000E+00, 8.481221E-01, 2.844011E+02, 0.000000E+00
2024-01-01 04:45:00,1, 2.735224E+02, 0.000000E+00, 9.258673E-01, 2.842270E+02, 0.000000E+00
2024-01-01 05:15:00,1, 2.734916E+02, 0.000000E+00, 1.007843E+00, 2.840759E+02, 0.000000E+00
2024-01-01 05:45:00,1, 2.734547E+02, 0.000000E+00, 1.066116E+00, 2.839084E+02, 0.000000E+00
2024-01-01 06:15:00,1, 2.733408E+02, 0.000000E+00, 1.414260E+00, 2.837041E+02, 0.000000E+00
2024-01-01 06:45:00,1, 2.731642E+02, 0.000000E+00, 1.810869E+00, 2.834162E+02, 0.000000E+00
2024-01-01 07:15:00,1, 2.730194E+02, 0.000000E+00, 1.798885E+00, 2.831219E+02, 0.000000E+00
2024-01-01 07:45:00,1, 2.729009E+02, 0.000000E+00, 1.703018E+00, 2.828527E+02, 0.000000E+00
2024-01-01 08:15:00,1, 2.727426E+02, 0.000000E+00, 1.730729E+00, 2.825591E+02, 0.000000E+00
2024-01-01 08:45:00,1, 2.725468E+02, 0.000000E+00, 1.739445E+00, 2.822079E+02, 0.000000E+00
2024-01-01 09:15:00,1, 2.724250E+02, 0.000000E+00, 1.806783E+00, 2.819338E+02, 0.000000E+00
2024-01-01 09:45:00,1, 2.723776E+02, 0.000000E+00, 1.962321E+00, 2.818180E+02, 0.000000E+00
2024-01-01 10:15:00,1, 2.723232E+02, 0.000000E+00, 2.037381E+00, 2.817622E+02, 0.000000E+00
2024-01-01 10:45:00,1, 2.722651E+02, 0.000000E+00, 1.983626E+00, 2.817139E+02, 0.000000E+00
2024-01-01 11:15:00,1, 2.721869E+02, 0.000000E+00, 1.933331E+00, 2.816386E+02, 0.000000E+00
2024-01-01 11:45:00,1, 2.720889E+02, 0.000000E+00, 1.857041E+00, 2.815118E+02, 0.000000E+00
2024-01-01 12:15:00,1, 2.720021E+02, 0.000000E+00, 1.778420E+00, 2.813826E+02, 0.000000E+00
2024-01-01 12:45:00,1, 2.719255E+02, 0.000000E+00, 1.730903E+00, 2.812781E+02, 0.000000E+00
2024-01-01 13:15:00,1, 2.719411E+02, 0.000000E+00, 1.563323E+00, 2.814756E+02, 0.000000E+00
2024-01-01 13:45:00,1, 2.720337E+02, 0.000000E+00, 1.286425E+00, 2.818052E+02, 0.000000E+00
2024-01-01 14:15:00,1, 2.721720E+02, 0.000000E+00, 1.254778E+00, 2.823307E+02, 0.000000E+00
2024-01-01 14:45:00,1, 2.723596E+02, 0.000000E+00, 1.141922E+00, 2.829099E+02, 0.000000E+00
2024-01-01 15:15:00,1, 2.726099E+02, 0.000000E+00, 9.821944E-01, 2.844088E+02, 0.000000E+00
2024-01-01 15:45:00,1, 2.729373E+02, 0.000000E+00, 8.450188E-01, 2.855206E+02, 0.000000E+00
2024-01-01 16:15:00,1, 2.733033E+02, 0.000000E+00, 8.453990E-01, 2.871174E+02, 0.000000E+00
2024-01-01 16:45:00,1, 2.737004E+02, 0.000000E+00, 9.304479E-01, 2.883503E+02, 0.000000E+00
2024-01-01 17:15:00,1, 2.740317E+02, 0.000000E+00, 1.371149E+00, 2.887633E+02, 0.000000E+00
2024-01-01 17:45:00,1, 2.740732E+02, 0.000000E+00, 2.750923E+00, 2.891929E+02, 0.000000E+00
2024-01-01 18:15:00,1, 2.738038E+02, 0.000000E+00, 2.512874E+00, 2.888081E+02, 0.000000E+00
2024-01-01 18:45:00,1, 2.733317E+02, 0.000000E+00, 2.435121E+00, 2.885978E+02, 0.000000E+00
2024-01-01 19:15:00,1, 2.729971E+02, 0.000000E+00, 2.214744E+00, 2.883515E+02, 0.000000E+00
2024-01-01 19:45:00,1, 2.727903E+02, 0.000000E+00, 2.054311E+00, 2.879204E+02, 0.000000E+00
2024-01-01 20:15:00,1, 2.725274E+02, 0.000000E+00, 2.008698E+00, 2.871487E+02, 0.000000E+00
2024-01-01 20:45:00,1, 2.722253E+02, 0.000000E+00, 1.914116E+00, 2.864154E+02, 0.000000E+00
2024-01-01 21:15:00,1, 2.719360E+02, 0.000000E+00, 1.828508E+00, 2.855756E+02, 0.000000E+00
2024-01-01 21:45:00,1, 2.716512E+02, 0.000000E+00, 1.739357E+00, 2.848061E+02, 0.000000E+00
2024-01-01 22:15:00,1, 2.714026E+02, 0.000000E+00, 1.633770E+00, 2.842245E+02, 0.000000E+00
2024-01-01 22:45:00,1, 2.711883E+02, 0.000000E+00, 1.550439E+00, 2.837253E+02, 0.000000E+00
2024-01-01 23:15:00,1, 2.710252E+02, 0.000000E+00, 1.506233E+00, 2.832984E+02, 0.000000E+00
2024-01-01 23:45:00,1, 2.709115E+02, 0.000000E+00, 1.477714E+00, 2.829388E+02, 0.000000E+00
2024-01-01 00:15:00,2, 2.734368E+02, 0.000000E+00, 2.267514E+00, 2.871453E+02, 0.000000E+00
2024-01-01 00:45:00,2, 2.737827E+02, 0.000000E+00, 4.399247E-01, 2.865242E+02, 0.000000E+00
2024-01-01 01:15:00,2, 2.738512E+02, 0.000000E+00, 9.231865E-01, 2.860427E+02, 0.000000E+00
2024-01-01 01:45:00,2, 2.737373E+02, 0.000000E+00, 9.532749E-01, 2.856287E+02, 0.000000E+00
2024-01-01 02:15:00,2, 2.736910E+02, 0.000000E+00, 7.928614E-01, 2.852845E+02, 0.000000E+00
2024-01-01 02:45:00,2, 2.736810E+02, 0.000000E+00, 7.273713E-01, 2.850400E+02, 0.000000E+00
2024-01-01 03:15:00,2, 2.736411E+02, 0.000000E+00, 7.647970E-01, 2.848164E+02, 0.000000E+00
2024-01-01 03:45:00,2, 2.735792E+02, 0.000000E+00, 8.020505E-01, 2.846009E+02, 0.000000E+00
2024-01-01 04:15:00,2, 2.735409E+02, 0.000000E+00, 8.481221E-01, 2.844011E+02, 0.000000E+00
2024-01-01 04:45:00,2, 2.735224E+02, 0.000000E+00, 9.258673E-01, 2.842270E+02, 0.000000E+00
2024-01-01 05:15:00,2, 2.734916E+02, 0.000000E+00, 1.007843E+00, 2.840759E+02, 0.000000E+00
2024-01-01 05:45:00,2, 2.734547E+02, 0.000000E+00, 1.066116E+00, 2.839084E+02, 0.000000E+00
2024-01-01 06:15:00,2, 2.733408E+02, 0.000000E+00, 1.414260E+00, 2.837041E+02, 0.000000E+00
2024-01-01 06:45:00,2, 2.731642E+02, 0.000000E+00, 1.810869E+00, 2.834162E+02, 0.000000E+00
2024-01-01 07:15:00,2, 2.730194E+02, 0.000000E+00, 1.798885E+00, 2.831219E+02, 0.000000E+00
2024-01-01 07:45:00,2, 2.729009E+02, 0.000000E+00, 1.703018E+00, 2.828527E+02, 0.000000E+00
2024-01-01 08:15:00,2, 2.727426E+02, 0.000000E+00, 1.730729E+00, 2.825591E+02, 0.000000E+00
2024-01-01 08:45:00,2, 2.725468E+02, 0.000000E+00, 1.739445E+00, 2.822079E+02, 0.000000E+00
2024-01-01 09:15:00,2, 2.724250E+02, 0.000000E+00, 1.806783E+00, 2.819338E+02, 0.000000E+00
2024-01-01 09:45:00,2, 2.723776E+02, 0.000000E+00, 1.962321E+00, 2.818180E+02, 0.000000E+00
2024-01-01 10:15:00,2, 2.723232E+02, 0.000000E+00, 2.037381E+00, 2.817622E+02, 0.000000E+00
2024-01-01 10:45:00,2, 2.722651E+02, 0.000000E+00, 1.983626E+00, 2.817139E+02, 0.000000E+00
2024-01-01 11:15:00,2, 2.721869E+02, 0.000000E+00, 1.933331E+00, 2.816386E+02, 0.000000E+00
2024-01-01 11:45:00,2, 2.720889E+02, 0.000000E+00, 1.857041E+00, 2.815118E+02, 0.000000E+00
2024-01-01 12:15:00,2, 2.720021E+02, 0.000000E+00, 1.778420E+00, 2.813826E+02, 0.000000E+00
2024-01-01 12:45:00,2, 2.719255E+02, 0.000000E+00, 1.730903E+00, 2.812781E+02, 0.000000E+00
2024-01-01 13:15:00,2, 2.719411E+02, 0.000000E+00, 1.563323E+00, 2.814756E+02, 0.000000E+00
2024-01-01 13:45:00,2, 2.720337E+02, 0.000000E+00, 1.286425E+00, 2.818052E+02, 0.000000E+00
2024-01-01 14:15:00,2, 2.721720E+02, 0.000000E+00, 1.254778E+00, 2.823307E+02, 0.000000E+00
2024-01-01 14:45:00,2, 2.723596E+02, 0.000000E+00, 1.141922E+00, 2.829099E+02, 0.000000E+00
2024-01-01 15:15:00,2, 2.726099E+02, 0.000000E+00, 9.821944E-01, 2.844088E+02, 0.000000E+00
2024-01-01 15:45:00,2, 2.729373E+02, 0.000000E+00, 8.450188E-01, 2.855206E+02, 0.000000E+00
2024-01-01 16:15:00,2, 2.733033E+02, 0.000000E+00, 8.453990E-01, 2.871174E+02, 0.000000E+00
2024-01-01 16:45:00,2, 2.737004E+02, 0.000000E+00, 9.304479E-01, 2.883503E+02, 0.000000E+00
2024-01-01 17:15:00,2, 2.740317E+02, 0.000000E+00, 1.371149E+00, 2.887633E+02, 0.000000E+00
2024-01-01 17:45:00,2, 2.740732E+02, 0.000000E+00, 2.750923E+00, 2.891929E+02, 0.000000E+00
2024-01-01 18:15:00,2, 2.738038E+02, 0.000000E+00, 2.512874E+00, 2.888081E+02, 0.000000E+00
2024-01-01 18:45:00,2, 2.733317E+02, 0.000000E+00, 2.435121E+00, 2.885978E+02, 0.000000E+00
2024-01-01 19:15:00,2, 2.729971E+02, 0.000000E+00, 2.214744E+00, 2.883515E+02, 0.000000E+00
2024-01-01 19:45:00,2, 2.727903E+02, 0.000000E+00, 2.054311E+00, 2.879204E+02, 0.000000E+00
2024-01-01 20:15:00,2, 2.725274E+02, 0.000000E+00, 2.008698E+00, 2.871487E+02, 0.000000E+00
2024-01-01 20:45:00,2, 2.722253E+02, 0.000000E+00, 1.914116E+00, 2.864154E+02, 0.000000E+00
2024-01-01 21:15:00,2, 2.719360E+02, 0.000000E+00, 1.828508E+00, 2.855756E+02, 0.000000E+00
2024-01-01 21:45:00,2, 2.716512E+02, 0.000000E+00, 1.739357E+00, 2.848061E+02, 0.000000E+00
2024-01-01 22:15:00,2, 2.714026E+02, 0.000000E+00, 1.633770E+00, 2.842245E+02, 0.000000E+00
2024-01-01 22:45:00,2, 2.711883E+02, 0.000000E+00, 1.550439E+00, 2.837253E+02, 0.000000E+00
2024-01-01 23:15:00,2, 2.710252E+02, 0.000000E+00, 1.506233E+00, 2.832984E+02, 0.000000E+00
2024-01-01 23:45:00,2, 2.709115E+02, 0.000000E+00, 1.477714E+00, 2.829388E+02, 0.000000E+00
2024-01-01 00:15:00,3, 2.734368E+02, 0.000000E+00, 2.267514E+00, 2.871453E+02, 0.000000E+00
2024-01-01 00:45:00,3, 2.737827E+02, 0.000000E+00, 4.399247E-01, 2.865242E+02, 0.000000E+00
2024-01-01 01:15:00,3, 2.738512E+02, 0.000000E+00, 9.231865E-01, 2.860427E+02, 0.000000E+00
2024-01-01 01:45:00,3, 2.737373E+02, 0.000000E+00, 9.532749E-01, 2.856287E+02, 0.000000E+00
2024-01-01 02:15:00,3, 2.736910E+02, 0.000000E+00, 7.928614E-01, 2.852845E+02, 0.000000E+00
2024-01-01 02:45:00,3, 2.736810E+02, 0.000000E+00, 7.273713E-01, 2.850400E+02, 0.000000E+00
2024-01-01 03:15:00,3, 2.736411E+02, 0.000000E+00, 7.647970E-01, 2.848164E+02, 0.000000E+00
2024-01-01 03:45:00,3, 2.735792E+02, 0.000000E+00, 8.020505E-01, 2.846009E+02, 0.000000E+00
2024-01-01 04:15:00,3, 2.735409E+02, 0.000000E+00, 8.481221E-01, 2.844011E+02, 0.000000E+00
2024-01-01 04:45:00,3, 2.735224E+02, 0.000000E+00, 9.258673E-01, 2.842270E+02, 0.000000E+00
2024-01-01 05:15:00,3, 2.734916E+02, 0.000000E+00, 1.007843E+00, 2.840759E+02, 0.000000E+00
2024-01-01 05:45:00,3, 2.734547E+02, 0.000000E+00, 1.066116E+00, 2.839084E+02, 0.000000E+00
2024-01-01 06:15:00,3, 2.733408E+02, 0.000000E+00, 1.414260E+00, 2.837041E+02, 0.000000E+00
2024-01-01 06:45:00,3, 2.731642E+02, 0.000000E+00, 1.810869E+00, 2.834162E+02, 0.000000E+00
2024-01-01 07:15:00,3, 2.730194E+02, 0.000000E+00, 1.798885E+00, 2.831219E+02, 0.000000E+00
2024-01-01 07:45:00,3, 2.729009E+02, 0.000000E+00, 1.703018E+00, 2.828527E+02, 0.000000E+00
2024-01-01 08:15:00,3, 2.727426E+02, 0.000000E+00, 1.730729E+00, 2.825591E+02, 0.000000E+00
2024-01-01 08:45:00,3, 2.725468E+02, 0.000000E+00, 1.739445E+00, 2.822079E+02, 0.000000E+00
2024-01-01 09:15:00,3, 2.724250E+02, 0.000000E+00, 1.806783E+00, 2.819338E+02, 0.000000E+00
2024-01-01 09:45:00,3, 2.723776E+02, 0.000000E+00, 1.962321E+00, 2.818180E+02, 0.000000E+00
2024-01-01 10:15:00,3, 2.723232E+02, 0.000000E+00, 2.037381E+00, 2.817622E+02, 0.000000E+00
2024-01-01 10:45:00,3, 2.722651E+02, 0.000000E+00, 1.983626E+00, 2.817139E+02, 0.000000E+00
2024-01-01 11:15:00,3, 2.721869E+02, 0.000000E+00, 1.933331E+00, 2.816386E+02, 0.000000E+00
2024-01-01 11:45:00,3, 2.720889E+02, 0.000000E+00, 1.857041E+00, 2.815118E+02, 0.000000E+00
2024-01-01 12:15:00,3, 2.720021E+02, 0.000000E+00, 1.778420E+00, 2.813826E+02, 0.000000E+00
2024-01-01 12:45:00,3, 2.719255E+02, 0.000000E+00, 1.730903E+00, 2.812781E+02, 0.000000E+00
2024-01-01 13:15:00,3, 2.719411E+02, 0.000000E+00, 1.563323E+00, 2.814756E+02, 0.000000E+00
2024-01-01 13:45:00,3, 2.720337E+02, 0.000000E+00, 1.286425E+00, 2.818052E+02, 0.000000E+00
2024-01-01 14:15:00,3, 2.721720E+02, 0.000000E+00, 1.254778E+00, 2.823307E+02, 0.000000E+00
2024-01-01 14:45:00,3, 2.723596E+02, 0.000000E+00, 1.141922E+00, 2.829099E+02, 0.000000E+00
2024-01-01 15:15:00,3, 2.726099E+02, 0.000000E+00, 9.821944E-01, 2.844088E+02, 0.000000E+00
2024-01-01 15:45:00,3, 2.729373E+02, 0.000000E+00, 8.450188E-01, 2.855206E+02, 0.000000E+00
2024-01-01 16:15:00,3, 2.733033E+02, 0.000000E+00, 8.453990E-01, 2.871174E+02, 0.000000E+00
2024-01-01 16:45:00,3, 2.737004E+02, 0.000000E+00, 9.304479E-01, 2.883503E+02, 0.000000E+00
2024-01-01 17:15:00,3, 2.740317E+02, 0.000000E+00, 1.371149E+00, 2.887633E+02, 0.000000E+00
2024-01-01 17:45:00,3, 2.740732E+02, 0.000000E+00, 2.750923E+00, 2.891929E+02, 0.000000E+00
2024-01-01 18:15:00,3, 2.738038E+02, 0.000000E+00, 2.512874E+00, 2.888081E+02, 0.000000E+00
2024-01-01 18:45:00,3, 2.733317E+02, 0.000000E+00, 2.435121E+00, 2.885978E+02, 0.000000E+00
2024-01-01 19:15:00,3, 2.729971E+02, 0.000000E+00, 2.214744E+00, 2.883515E+02, 0.000000E+00
2024-01-01 19:45:00,3, 2.727903E+02, 0.000000E+00, 2.054311E+00, 2.879204E+02, 0.000000E+00
2024-01-01 20:15:00,3, 2.725274E+02, 0.000000E+00, 2.008698E+00, 2.871487E+02, 0.000000E+00
2024-01-01 20:45:00,3, 2.722253E+02, 0.000000E+00, 1.914116E+00, 2.864154E+02, 0.000000E+00
2024-01-01 21:15:00,3, 2.719360E+02, 0.000000E+00, 1.828508E+00, 2.855756E+02, 0.000000E+00
2024-01-01 21:45:00,3, 2.716512E+02, 0.000000E+00, 1.739357E+00, 2.848061E+02, 0.000000E+00
2024-01-01 22:15:00,3, 2.714026E+02, 0.000000E+00, 1.633770E+00, 2.842245E+02, 0.000000E+00
2024-01-01 22:45:00,3, 2.711883E+02, 0.000000E+00, 1.550439E+00, 2.837253E+02, 0.000000E+00
2024-01-01 23:15:00,3, 2.710252E+02, 0.000000E+00, 1.506233E+00, 2.832984E+02, 0.000000E+00
2024-01-01 23:45:00,3, 2.709115E+02, 0.000000E+00, 1.477714E+00, 2.829388E+02, 0.000000E+00
2024-01-01 00:15:00,4, 2.734368E+02, 0.000000E+00, 2.267514E+00, 2.871453E+02, 0.000000E+00
2024-01-01 00:45:00,4, 2.737827E+02, 0.000000E+00, 4.399247E-01, 2.865242E+02, 0.000000E+00
2024-01-01 01:15:00,4, 2.738512E+02, 0.000000E+00, 9.231865E-01, 2.860427E+02, 0.000000E+00
2024-01-01 01:45:00,4, 2.737373E+02, 0.000000E+00, 9.532749E-01, 2.856287E+02, 0.000000E+00
2024-01-01 02:15:00,4, 2.736910E+02, 0.000000E+00, 7.928614E-01, 2.852845E+02, 0.000000E+00
2024-01-01 02:45:00,4, 2.736810E+02, 0.000000E+00, 7.273713E-01, 2.850400E+02, 0.000000E+00
2024-01-01 03:15:00,4, 2.736411E+02, 0.000000E+00, 7.647970E-01, 2.848164E+02, 0.000000E+00
2024-01-01 03:45:00,4, 2.735792E+02, 0.000000E+00, 8.020505E-01, 2.846009E+02, 0.000000E+00
2024-01-01 04:15:00,4, 2.735409E+02, 0.000000E+00, 8.481221E-01, 2.844011E+02, 0.000000E+00
2024-01-01 04:45:00,4, 2.735224E+02, 0.000000E+00, 9.258673E-01, 2.842270E+02, 0.000000E+00
2024-01-01 05:15:00,4, 2.734916E+02, 0.000000E+00, 1.007843E+00, 2.840759E+02, 0.000000E+00
2024-01-01 05:45:00,4, 2.734547E+02, 0.000000E+00, 1.066116E+00, 2.839084E+02, 0.000000E+00
2024-01-01 06:15:00,4, 2.733408E+02, 0.000000E+00, 1.414260E+00, 2.837041E+02, 0.000000E+00
2024-01-01 06:45:00,4, 2.731642E+02, 0.000000E+00, 1.810869E+00, 2.834162E+02, 0.000000E+00
2024-01-01 07:15:00,4, 2.730194E+02, 0.000000E+00, 1.798885E+00, 2.831219E+02, 0.000000E+00
2024-01-01 07:45:00,4, 2.729009E+02, 0.000000E+00, 1.703018E+00, 2.828527E+02, 0.000000E+00
2024-01-01 08:15:00,4, 2.727426E+02, 0.000000E+00, 1.730729E+00, 2.825591E+02, 0.000000E+00
2024-01-01 08:45:00,4, 2.725468E+02, 0.000000E+00, 1.739445E+00, 2.822079E+02, 0.000000E+00
2024-01-01 09:15:00,4, 2.724250E+02, 0.000000E+00, 1.806783E+00, 2.819338E+02, 0.000000E+00
2024-01-01 09:45:00,4, 2.723776E+02, 0.000000E+00, 1.962321E+00, 2.818180E+02, 0.000000E+00
2024-01-01 10:15:00,4, 2.723232E+02, 0.000000E+00, 2.037381E+00, 2.817622E+02, 0.000000E+00
2024-01-01 10:45:00,4, 2.722651E+02, 0.000000E+00, 1.983626E+00, 2.817139E+02, 0.000000E+00
2024-01-01 11:15:00,4, 2.721869E+02, 0.000000E+00, 1.933331E+00, 2.816386E+02, 0.000000E+00
2024-01-01 11:45:00,4, 2.720889E+02, 0.000000E+00, 1.857041E+00, 2.815118E+02, 0.000000E+00
2024-01-01 12:15:00,4, 2.720021E+02, 0.000000E+00, 1.778420E+00, 2.813826E+02, 0.000000E+00
2024-01-01 12:45:00,4, 2.719255E+02, 0.000000E+00, 1.730903E+00, 2.812781E+02, 0.000000E+00
2024-01-01 13:15:00,4, 2.719411E+02, 0.000000E+00, 1.563323E+00, 2.814756E+02, 0.000000E+00
2024-01-01 13:45:00,4, 2.720337E+02, 0.000000E+00, 1.286425E+00, 2.818052E+02, 0.000000E+00
2024-01-01 14:15:00,4, 2.721720E+02, 0.000000E+00, 1.254778E+00, 2.823307E+02, 0.000000E+00
2024-01-01 14:45:00,4, 2.723596E+02, 0.000000E+00, 1.141922E+00, 2.829099E+02, 0.000000E+00
2024-01-01 15:15:00,4, 2.726099E+02, 0.000000E+00, 9.821944E-01, 2.844088E+02, 0.000000E+00
2024-01-01 15:45:00,4, 2.729373E+02, 0.000000E+00, 8.450188E-01, 2.855206E+02, 0.000000E+00
2024-01-01 16:15:00,4, 2.733033E+02, 0.000000E+00, 8.453990E-01, 2.871174E+02, 0.000000E+00
2024-01-01 16:45:00,4, 2.737004E+02, 0.000000E+00, 9.304479E-01, 2.883503E+02, 0.000000E+00
2024-01-01 17:15:00,4, 2.740317E+02, 0.000000E+00, 1.371149E+00, 2.887633E+02, 0.000000E+00
2024-01-01 17:45:00,4, 2.740732E+02, 0.000000E+00, 2.750923E+00, 2.891929E+02, 0.000000E+00
2024-01-01 18:15:00,4, 2.738038E+02, 0.000000E+00, 2.512874E+00, 2.888081E+02, 0.000000E+00
2024-01-01 18:45:00,4, 2.733317E+02, 0.000000E+00, 2.435121E+00, 2.885978E+02, 0.000000E+00
2024-01-01 19:15:00,4, 2.729971E+02, 0.000000E+00, 2.214744E+00, 2.883515E+02, 0.000000E+00
2024-01-01 19:45:00,4, 2.727903E+02, 0.000000E+00, 2.054311E+00, 2.879204E+02, 0.000000E+00
2024-01-01 20:15:00,4, 2.725274E+02, 0.000000E+00, 2.008698E+00, 2.871487E+02, 0.000000E+00
2024-01-01 20:45:00,4, 2.722253E+02, 0.000000E+00, 1.914116E+00, 2.864154E+02, 0.000000E+00
2024-01-01 21:15:00,4, 2.719360E+02, 0.000000E+00, 1.828508E+00, 2.855756E+02, 0.000000E+00
2024-01-01 21:45:00,4, 2.716512E+02, 0.000000E+00, 1.739357E+00, 2.848061E+02, 0.000000E+00
2024-01-01 22:15:00,4, 2.714026E+02, 0.000000E+00, 1.633770E+00, 2.842245E+02, 0.000000E+00
2024-01-01 22:45:00,4, 2.711883E+02, 0.000000E+00, 1.550439E+00, 2.837253E+02, 0.000000E+00
2024-01-01 23:15:00,4, 2.710252E+02, 0.000000E+00, 1.506233E+00, 2.832984E+02, 0.000000E+00
2024-01-01 23:45:00,4, 2.709115E+02, 0.000000E+00, 1.477714E+00, 2.829388E+02, 0.000000E+00
2024-01-01 00:15:00,5, 2.734368E+02, 0.000000E+00, 2.267514E+00, 2.871453E+02, 0.000000E+00
2024-01-01 00:45:00,5, 2.737827E+02, 0.000000E+00, 4.399247E-01, 2.865242E+02, 0.000000E+00
2024-01-01 01:15:00,5, 2.738512E+02, 0.000000E+00, 9.231865E-01, 2.860427E+02, 0.000000E+00
2024-01-01 01:45:00,5, 2.737373E+02, 0.000000E+00, 9.532749E-01, 2.856287E+02, 0.000000E+00
2024-01-01 02:15:00,5, 2.736910E+02, 0.000000E+00, 7.928614E-01, 2.852845E+02, 0.000000E+00
2024-01-01 02:45:00,5, 2.736810E+02, 0.000000E+00, 7.273713E-01, 2.850400E+02, 0.000000E+00
2024-01-01 03:15:00,5, 2.736411E+02, 0.000000E+00, 7.647970E-01, 2.848164E+02, 0.000000E+00
2024-01-01 03:45:00,5, 2.735792E+02, 0.000000E+00, 8.020505E-01, 2.846009E+02, 0.000000E+00
2024-01-01 04:15:00,5, 2.735409E+02, 0.000000E+00, 8.481221E-01, 2.844011E+02, 0.000000E+00
2024-01-01 04:45:00,5, 2.735224E+02, 0.000000E+00, 9.258673E-01, 2.842270E+02, 0.000000E+00
2024-01-01 05:15:00,5, 2.734916E+02, 0.000000E+00, 1.007843E+00, 2.840759E+02, 0.000000E+00
2024-01-01 05:45:00,5, 2.734547E+02, 0.000000E+00, 1.066116E+00, 2.839084E+02, 0.000000E+00
2024-01-01 06:15:00,5, 2.733408E+02, 0.000000E+00, 1.414260E+00, 2.837041E+02, 0.000000E+00
2024-01-01 06:45:00,5, 2.731642E+02, 0.000000E+00, 1.810869E+00, 2.834162E+02, 0.000000E+00
2024-01-01 07:15:00,5, 2.730194E+02, 0.000000E+00, 1.798885E+00, 2.831219E+02, 0.000000E+00
2024-01-01 07:45:00,5, 2.729009E+02, 0.000000E+00, 1.703018E+00, 2.828527E+02, 0.000000E+00
2024-01-01 08:15:00,5, 2.727426E+02, 0.000000E+00, 1.730729E+00, 2.825591E+02, 0.000000E+00
2024-01-01 08:45:00,5, 2.725468E+02, 0.000000E+00, 1.739445E+00, 2.822079E+02, 0.000000E+00
2024-01-01 09:15:00,5, 2.724250E+02, 0.000000E+00, 1.806783E+00, 2.819338E+02, 0.000000E+00
2024-01-01 09:45:00,5, 2.723776E+02, 0.000000E+00, 1.962321E+00, 2.818180E+02, 0.000000E+00
2024-01-01 10:15:00,5, 2.723232E+02, 0.000000E+00, 2.037381E+00, 2.817622E+02, 0.000000E+00
2024-01-01 10:45:00,5, 2.722651E+02, 0.000000E+00, 1.983626E+00, 2.817139E+02, 0.000000E+00
2024-01-01 11:15:00,5, 2.721869E+02, 0.000000E+00, 1.933331E+00, 2.816386E+02, 0.000000E+00
2024-01-01 11:45:00,5, 2.720889E+02, 0.000000E+00, 1.857041E+00, 2.815118E+02, 0.000000E+00
2024-01-01 12:15:00,5, 2.720021E+02, 0.000000E+00, 1.778420E+00, 2.813826E+02, 0.000000E+00
2024-01-01 12:45:00,5, 2.719255E+02, 0.000000E+00, 1.730903E+00, 2.812781E+02, 0.000000E+00
2024-01-01 13:15:00,5, 2.719411E+02, 0.000000E+00, 1.563323E+00, 2.814756E+02, 0.000000E+00
2024-01-01 13:45:00,5, 2.720337E+02, 0.000000E+00, 1.286425E+00, 2.818052E+02, 0.000000E+00
2024-01-01 14:15:00,5, 2.721720E+02, 0.000000E+00, 1.254778E+00, 2.823307E+02, 0.000000E+00
2024-01-01 14:45:00,5, 2.723596E+02, 0.000000E+00, 1.141922E+00, 2.829099E+02, 0.000000E+00
2024-01-01 15:15:00,5, 2.726099E+02, 0.000000E+00, 9.821944E-01, 2.844088E+02, 0.000000E+00
2024-01-01 15:45:00,5, 2.729373E+02, 0.000000E+00, 8.450188E-01, 2.855206E+02, 0.000000E+00
2024-01-01 16:15:00,5, 2.733033E+02, 0.000000E+00, 8.453990E-01, 2.871174E+02, 0.000000E+00
2024-01-01 16:45:00,5, 2.737004E+02, 0.000000E+00, 9.304479E-01, 2.883503E+02, 0.000000E+00
2024-01-01 17:15:00,5, 2.740317E+02, 0.000000E+00, 1.371149E+00, 2.887633E+02, 0.000000E+00
2024-01-01 17:45:00,5, 2.740732E+02, 0.000000E+00, 2.750923E+00, 2.891929E+02, 0.000000E+00
2024-01-01 18:15:00,5, 2.738038E+02, 0.000000E+00, 2.512874E+00, 2.888081E+02, 0.000000E+00
2024-01-01 18:45:00,5, 2.733317E+02, 0.000000E+00, 2.435121E+00, 2.885978E+02, 0.000000E+00
2024-01-01 19:15:00,5, 2.729971E+02, 0.000000E+00, 2.214744E+00, 2.883515E+02, 0.000000E+00
2024-01-01 19:45:00,5, 2.727903E+02, 0.000000E+00, 2.054311E+00, 2.879204E+02, 0.000000E+00
2024-01-01 20:15:00,5, 2.725274E+02, 0.000000E+00, 2.008698E+00, 2.871487E+02, 0.000000E+00
2024-01-01 20:45:00,5, 2.722253E+02, 0.000000E+00, 1.914116E+00, 2.864154E+02, 0.000000E+00
2024-01-01 21:15:00,5, 2.719360E+02, 0.000000E+00, 1.828508E+00, 2.855756E+02, 0.000000E+00
2024-01-01 21:45:00,5, 2.716512E+02, 0.000000E+00, 1.739357E+00, 2.848061E+02, 0.000000E+00
2024-01-01 22:15:00,5, 2.714026E+02, 0.000000E+00, 1.633770E+00, 2.842245E+02, 0.000000E+00
2024-01-01 22:45:00,5, 2.711883E+02, 0.000000E+00, 1.550439E+00, 2.837253E+02, 0.000000E+00
2024-01-01 23:15:00,5, 2.710252E+02, 0.000000E+00, 1.506233E+00, 2.832984E+02, 0.000000E+00
2024-01-01 23:45:00,5, 2.709115E+02, 0.000000E+00, 1.477714E+00, 2.829388E+02, 0.000000E+00
2024-01-01 00:15:00,6, 2.734368E+02, 0.000000E+00, 2.267514E+00, 2.871453E+02, 0.000000E+00
2024-01-01 00:45:00,6, 2.737827E+02, 0.000000E+00, 4.399247E-01, 2.865242E+02, 0.000000E+00
2024-01-01 01:15:00,6, 2.738512E+02, 0.000000E+00, 9.231865E-01, 2.860427E+02, 0.000000E+00
2024-01-01 01:45:00,6, 2.737373E+02, 0.000000E+00, 9.532749E-01, 2.856287E+02, 0.000000E+00
2024-01-01 02:15:00,6, 2.736910E+02, 0.000000E+00, 7.928614E-01, 2.852845E+02, 0.000000E+00
2024-01-01 02:45:00,6, 2.736810E+02, 0.000000E+00, 7.273713E-01, 2.850400E+02, 0.000000E+00
2024-01-01 03:15:00,6, 2.736411E+02, 0.000000E+00, 7.647970E-01, 2.848164E+02, 0.000000E+00
2024-01-01 03:45:00,6, 2.735792E+02, 0.000000E+00, 8.020505E-01, 2.846009E+02, 0.000000E+00
2024-01-01 04:15:00,6, 2.735409E+02, 0.000000E+00, 8.481221E-01, 2.844011E+02, 0.000000E+00
2024-01-01 04:45:00,6, 2.735224E+02, 0.000000E+00, 9.258673E-01, 2.842270E+02, 0.000000E+00
2024-01-01 05:15:00,6, 2.734916E+02, 0.000000E+00, 1.007843E+00, 2.840759E+02, 0.000000E+00
2024-01-01 05:45:00,6, 2.734547E+02, 0.000000E+00, 1.066116E+00, 2.839084E+02, 0.000000E+00
2024-01-01 06:15:00,6, 2.733408E+02, 0.000000E+00, 1.414260E+00, 2.837041E+02, 0.000000E+00
2024-01-01 06:45:00,6, 2.731642E+02, 0.000000E+00, 1.810869E+00, 2.834162E+02, 0.000000E+00
2024-01-01 07:15:00,6, 2.730194E+02, 0.000000E+00, 1.798885E+00, 2.831219E+02, 0.000000E+00
2024-01-01 07:45:00,6, 2.729009E+02, 0.000000E+00, 1.703018E+00, 2.828527E+02, 0.000000E+00
2024-01-01 08:15:00,6, 2.727426E+02, 0.000000E+00, 1.730729E+00, 2.825591E+02, 0.000000E+00
2024-01-01 08:45:00,6, 2.725468E+02, 0.000000E+00, 1.739445E+00, 2.822079E+02, 0.000000E+00
2024-01-01 09:15:00,6, 2.724250E+02, 0.000000E+00, 1.806783E+00, 2.819338E+02, 0.000000E+00
2024-01-01 09:45:00,6, 2.723776E+02, 0.000000E+00, 1.962321E+00, 2.818180E+02, 0.000000E+00
2024-01-01 10:15:00,6, 2.723232E+02, 0.000000E+00, 2.037381E+00, 2.817622E+02, 0.000000E+00
2024-01-01 10:45:00,6, 2.722651E+02, 0.000000E+00, 1.983626E+00, 2.817139E+02, 0.000000E+00
2024-01-01 11:15:00,6, 2.721869E+02, 0.000000E+00, 1.933331E+00, 2.816386E+02, 0.000000E+00
2024-01-01 11:45:00,6, 2.720889E+02, 0.000000E+00, 1.857041E+00, 2.815118E+02, 0.000000E+00
2024-01-01 12:15:00,6, 2.720021E+02, 0.000000E+00, 1.778420E+00, 2.813826E+02, 0.000000E+00
2024-01-01 12:45:00,6, 2.719255E+02, 0.000000E+00, 1.730903E+00, 2.812781E+02, 0.000000E+00
2024-01-01 13:15:00,6, 2.719411E+02, 0.000000E+00, 1.563323E+00, 2.814756E+02, 0.000000E+00
2024-01-01 13:45:00,6, 2.720337E+02, 0.000000E+00, 1.286425E+00, 2.818052E+02, 0.000000E+00
2024-01-01 14:15:00,6, 2.721720E+02, 0.000000E+00, 1.254778E+00, 2.823307E+02, 0.000000E+00
2024-01-01 14:45:00,6, 2.723596E+02, 0.000000E+00, 1.141922E+00, 2.829099E+02, 0.000000E+00
2024-01-01 15:15:00,6, 2.726099E+02, 0.000000E+00, 9.821944E-01, 2.844088E+02, 0.000000E+00
2024-01-01 15:45:00,6, 2.729373E+02, 0.000000E+00, 8.450188E-01, 2.855206E+02, 0.000000E+00
2024-01-01 16:15:00,6, 2.733033E+02, 0.000000E+00, 8.453990E-01, 2.871174E+02, 0.000000E+00
2024-01-01 16:45:00,6, 2.737004E+02, 0.000000E+00, 9.304479E-01, 2.883503E+02, 0.000000E+00
2024-01-01 17:15:00,6, 2.740317E+02, 0.000000E+00, 1.371149E+00, 2.887633E+02, 0.000000E+00
2024-01-01 17:45:00,6, 2.740732E+02, 0.000000E+00, 2.750923E+00, 2.891929E+02, 0.000000E+00
2024-01-01 18:15:00,6, 2.738038E+02, 0.000000E+00, 2.512874E+00, 2.888081E+02, 0.000000E+00
2024-01-01 18:45:00,6, 2.733317E+02, 0.000000E+00, 2.435121E+00, 2.885978E+02, 0.000000E+00
2024-01-01 19:15:00,6, 2.729971E+02, 0.000000E+00, 2.214744E+00, 2.883515E+02, 0.000000E+00
2024-01-01 19:45:00,6, 2.727903E+02, 0.000000E+00, 2.054311E+00, 2.879204E+02, 0.000000E+00
2024-01-01 20:15:00,6, 2.725274E+02, 0.000000E+00, 2.008698E+00, 2.871487E+02, 0.000000E+00
2024-01-01 20:45:00,6, 2.722253E+02, 0.000000E+00, 1.914116E+00, 2.864154E+02, 0.000000E+00
2024-01-01 21:15:00,6, 2.719360E+02, 0.000000E+00, 1.828508E+00, 2.855756E+02, 0.000000E+00
2024-01-01 21:45:00,6, 2.716512E+02, 0.000000E+00, 1.739357E+00, 2.848061E+02, 0.000000E+00
2024-01-01 22:15:00,6, 2.714026E+02, 0.000000E+00, 1.633770E+00, 2.842245E+02, 0.000000E+00
2024-01-01 22:45:00,6, 2.711883E+02, 0.000000E+00, 1.550439E+00, 2.837253E+02, 0.000000E+00
2024-01-01 23:15:00,6, 2.710252E+02, 0.000000E+00, 1.506233E+00, 2.832984E+02, 0.000000E+00
2024-01-01 23:45:00,6, 2.709115E+02, 0.000000E+00, 1.477714E+00, 2.829388E+02, 0.000000E+00
2024-01-02 00:15:00,1, 2.707902E+02, 0.000000E+00, 1.460209E+00, 2.826256E+02, 0.000000E+00
2024-01-02 00:45:00,1, 2.706664E+02, 0.000000E+00, 1.434766E+00, 2.823488E+02, 0.000000E+00
2024-01-02 01:15:00,1, 2.705836E+02, 0.000000E+00, 1.321224E+00, 2.821040E+02, 0.000000E+00
2024-01-02 01:45:00,1, 2.705367E+02, 0.000000E+00, 1.196051E+00, 2.818860E+02, 0.000000E+00
2024-01-02 02:15:00,1, 2.705090E+02, 0.000000E+00, 1.128251E+00, 2.816771E+02, 0.000000E+00
2024-01-02 02:45:00,1, 2.705021E+02, 0.000000E+00, 1.064542E+00, 2.814663E+02, 0.000000E+00
2024-01-02 03:15:00,1, 2.705334E+02, 0.000000E+00, 1.060820E+00, 2.812721E+02, 0.000000E+00
2024-01-02 03:45:00,1, 2.706028E+02, 0.000000E+00, 1.077312E+00, 2.811047E+02, 0.000000E+00
2024-01-02 04:15:00,1, 2.706650E+02, 0.000000E+00, 9.288578E-01, 2.809411E+02, 0.000000E+00
2024-01-02 04:45:00,1, 2.707258E+02, 0.000000E+00, 6.920365E-01, 2.807717E+02, 0.000000E+00
2024-01-02 05:15:00,1, 2.707933E+02, 0.000000E+00, 6.185915E-01, 2.806153E+02, 0.000000E+00
2024-01-02 05:45:00,1, 2.708670E+02, 0.000000E+00, 6.269418E-01, 2.804777E+02, 0.000000E+00
2024-01-02 06:15:00,1, 2.709673E+02, 0.000000E+00, 5.721362E-01, 2.803599E+02, 0.000000E+00
2024-01-02 06:45:00,1, 2.710911E+02, 0.000000E+00, 4.996711E-01, 2.802601E+02, 0.000000E+00
2024-01-02 07:15:00,1, 2.711844E+02, 0.000000E+00, 5.195042E-01, 2.801514E+02, 0.000000E+00
2024-01-02 07:45:00,1, 2.712311E+02, 0.000000E+00, 5.419537E-01, 2.800245E+02, 0.000000E+00
2024-01-02 08:15:00,1, 2.712758E+02, 0.000000E+00, 5.874809E-01, 2.798952E+02, 0.000000E+00
2024-01-02 08:45:00,1, 2.713219E+02, 0.000000E+00, 6.840201E-01, 2.797660E+02, 0.000000E+00
2024-01-02 09:15:00,1, 2.713321E+02, 0.000000E+00, 5.819127E-01, 2.795994E+02, 0.000000E+00
2024-01-02 09:45:00,1, 2.712994E+02, 0.000000E+00, 3.724917E-01, 2.793744E+02, 0.000000E+00
2024-01-02 10:15:00,1, 2.712946E+02, 0.000000E+00, 2.211217E-01, 2.791717E+02, 0.000000E+00
2024-01-02 10:45:00,1, 2.712991E+02, 0.000000E+00, 1.554031E-01, 2.790283E+02, 0.000000E+00
2024-01-02 11:15:00,1, 2.712925E+02, 0.000000E+00, 2.723739E-01, 2.788970E+02, 0.000000E+00
2024-01-02 11:45:00,1, 2.712754E+02, 0.000000E+00, 4.576305E-01, 2.787534E+02, 0.000000E+00
2024-01-02 12:15:00,1, 2.712718E+02, 0.000000E+00, 5.381256E-01, 2.786075E+02, 0.000000E+00
2024-01-02 12:45:00,1, 2.712786E+02, 0.000000E+00, 5.978728E-01, 2.784609E+02, 0.000000E+00
2024-01-02 13:15:00,1, 2.713735E+02, 0.000000E+00, 5.041190E-01, 2.787879E+02, 0.000000E+00
2024-01-02 13:45:00,1, 2.715411E+02, 0.000000E+00, 5.972104E-01, 2.792686E+02, 0.000000E+00
2024-01-02 14:15:00,1, 2.717884E+02, 0.000000E+00, 5.439969E-01, 2.803819E+02, 0.000000E+00
2024-01-02 14:45:00,1, 2.721279E+02, 0.000000E+00, 4.427199E-01, 2.815996E+02, 0.000000E+00
2024-01-02 15:15:00,1, 2.725401E+02, 0.000000E+00, 3.794185E-01, 2.832540E+02, 0.000000E+00
2024-01-02 15:45:00,1, 2.730192E+02, 0.000000E+00, 3.401378E-01, 2.846933E+02, 0.000000E+00
2024-01-02 16:15:00,1, 2.735386E+02, 0.000000E+00, 3.469996E-01, 2.860343E+02, 0.000000E+00
2024-01-02 16:45:00,1, 2.740800E+02, 0.000000E+00, 3.868710E-01, 2.871982E+02, 0.000000E+00
2024-01-02 17:15:00,1, 2.746359E+02, 0.000000E+00, 4.434916E-01, 2.885691E+02, 0.000000E+00
2024-01-02 17:45:00,1, 2.752045E+02, 0.000000E+00, 5.229733E-01, 2.895425E+02, 0.000000E+00
2024-01-02 18:15:00,1, 2.757561E+02, 0.000000E+00, 5.189769E-01, 2.900196E+02, 0.000000E+00
2024-01-02 18:45:00,1, 2.762643E+02, 0.000000E+00, 4.279993E-01, 2.902865E+02, 0.000000E+00
2024-01-02 19:15:00,1, 2.766909E+02, 0.000000E+00, 4.897944E-01, 2.901745E+02, 0.000000E+00
2024-01-02 19:45:00,1, 2.769634E+02, 0.000000E+00, 7.724741E-01, 2.897167E+02, 0.000000E+00
2024-01-02 20:15:00,1, 2.767684E+02, 0.000000E+00, 1.252912E+00, 2.886795E+02, 0.000000E+00
2024-01-02 20:45:00,1, 2.763288E+02, 0.000000E+00, 6.100645E-01, 2.874761E+02, 0.000000E+00
2024-01-02 21:15:00,1, 2.757953E+02, 0.000000E+00, 7.302940E-01, 2.859265E+02, 0.000000E+00
2024-01-02 21:45:00,1, 2.751674E+02, 0.000000E+00, 1.042613E+00, 2.844054E+02, 0.000000E+00
2024-01-02 22:15:00,1, 2.745719E+02, 0.000000E+00, 1.240950E+00, 2.832814E+02, 0.000000E+00
2024-01-02 22:45:00,1, 2.739966E+02, 0.000000E+00, 1.482851E+00, 2.823915E+02, 0.000000E+00
2024-01-02 23:15:00,1, 2.736018E+02, 0.000000E+00, 1.542165E+00, 2.816568E+02, 0.000000E+00
2024-01-02 23:45:00,1, 2.733720E+02, 0.000000E+00, 1.620033E+00, 2.810356E+02, 0.000000E+00
2024-01-02 00:15:00,2, 2.707902E+02, 0.000000E+00, 1.460209E+00, 2.826256E+02, 0.000000E+00
2024-01-02 00:45:00,2, 2.706664E+02, 0.000000E+00, 1.434766E+00, 2.823488E+02, 0.000000E+00
2024-01-02 01:15:00,2, 2.705836E+02, 0.000000E+00, 1.321224E+00, 2.821040E+02, 0.000000E+00
2024-01-02 01:45:00,2, 2.705367E+02, 0.000000E+00, 1.196051E+00, 2.818860E+02, 0.000000E+00
2024-01-02 02:15:00,2, 2.705090E+02, 0.000000E+00, 1.128251E+00, 2.816771E+02, 0.000000E+00
2024-01-02 02:45:00,2, 2.705021E+02, 0.000000E+00, 1.064542E+00, 2.814663E+02, 0.000000E+00
2024-01-02 03:15:00,2, 2.705334E+02, 0.000000E+00, 1.060820E+00, 2.812721E+02, 0.000000E+00
2024-01-02 03:45:00,2, 2.706028E+02, 0.000000E+00, 1.077312E+00, 2.811047E+02, 0.000000E+00
2024-01-02 04:15:00,2, 2.706650E+02, 0.000000E+00, 9.288578E-01, 2.809411E+02, 0.000000E+00
2024-01-02 04:45:00,2, 2.707258E+02, 0.000000E+00, 6.920365E-01, 2.807717E+02, 0.000000E+00
2024-01-02 05:15:00,2, 2.707933E+02, 0.000000E+00, 6.185915E-01, 2.806153E+02, 0.000000E+00
2024-01-02 05:45:00,2, 2.708670E+02, 0.000000E+00, 6.269418E-01, 2.804777E+02, 0.000000E+00
2024-01-02 06:15:00,2, 2.709673E+02, 0.000000E+00, 5.721362E-01, 2.803599E+02, 0.000000E+00
2024-01-02 06:45:00,2, 2.710911E+02, 0.000000E+00, 4.996711E-01, 2.802601E+02, 0.000000E+00
2024-01-02 07:15:00,2, 2.711844E+02, 0.000000E+00, 5.195042E-01, 2.801514E+02, 0.000000E+00
2024-01-02 07:45:00,2, 2.712311E+02, 0.000000E+00, 5.419537E-01, 2.800245E+02, 0.000000E+00
2024-01-02 08:15:00,2, 2.712758E+02, 0.000000E+00, 5.874809E-01, 2.798952E+02, 0.000000E+00
2024-01-02 08:45:00,2, 2.713219E+02, 0.000000E+00, 6.840201E-01, 2.797660E+02, 0.000000E+00
2024-01-02 09:15:00,2, 2.713321E+02, 0.000000E+00, 5.819127E-01, 2.795994E+02, 0.000000E+00
2024-01-02 09:45:00,2, 2.712994E+02, 0.000000E+00, 3.724917E-01, 2.793744E+02, 0.000000E+00
2024-01-02 10:15:00,2, 2.712946E+02, 0.000000E+00, 2.211217E-01, 2.791717E+02, 0.000000E+00
2024-01-02 10:45:00,2, 2.712991E+02, 0.000000E+00, 1.554031E-01, 2.790283E+02, 0.000000E+00
2024-01-02 11:15:00,2, 2.712925E+02, 0.000000E+00, 2.723739E-01, 2.788970E+02, 0.000000E+00
2024-01-02 11:45:00,2, 2.712754E+02, 0.000000E+00, 4.576305E-01, 2.787534E+02, 0.000000E+00
2024-01-02 12:15:00,2, 2.712718E+02, 0.000000E+00, 5.381256E-01, 2.786075E+02, 0.000000E+00
2024-01-02 12:45:00,2, 2.712786E+02, 0.000000E+00, 5.978728E-01, 2.784609E+02, 0.000000E+00
2024-01-02 13:15:00,2, 2.713735E+02, 0.000000E+00, 5.041190E-01, 2.787879E+02, 0.000000E+00
2024-01-02 13:45:00,2, 2.715411E+02, 0.000000E+00, 5.972104E-01, 2.792686E+02, 0.000000E+00
2024-01-02 14:15:00,2, 2.717884E+02, 0.000000E+00, 5.439969E-01, 2.803819E+02, 0.000000E+00
2024-01-02 14:45:00,2, 2.721279E+02, 0.000000E+00, 4.427199E-01, 2.815996E+02, 0.000000E+00
2024-01-02 15:15:00,2, 2.725401E+02, 0.000000E+00, 3.794185E-01, 2.832540E+02, 0.000000E+00
2024-01-02 15:45:00,2, 2.730192E+02, 0.000000E+00, 3.401378E-01, 2.846933E+02, 0.000000E+00
2024-01-02 16:15:00,2, 2.735386E+02, 0.000000E+00, 3.469996E-01, 2.860343E+02, 0.000000E+00
2024-01-02 16:45:00,2, 2.740800E+02, 0.000000E+00, 3.868710E-01, 2.871982E+02, 0.000000E+00
2024-01-02 17:15:00,2, 2.746359E+02, 0.000000E+00, 4.434916E-01, 2.885691E+02, 0.000000E+00
2024-01-02 17:45:00,2, 2.752045E+02, 0.000000E+00, 5.229733E-01, 2.895425E+02, 0.000000E+00
2024-01-02 18:15:00,2, 2.757561E+02, 0.000000E+00, 5.189769E-01, 2.900196E+02, 0.000000E+00
2024-01-02 18:45:00,2, 2.762643E+02, 0.000000E+00, 4.279993E-01, 2.902865E+02, 0.000000E+00
2024-01-02 19:15:00,2, 2.766909E+02, 0.000000E+00, 4.897944E-01, 2.901745E+02, 0.000000E+00
2024-01-02 19:45:00,2, 2.769634E+02, 0.000000E+00, 7.724741E-01, 2.897167E+02, 0.000000E+00
2024-01-02 20:15:00,2, 2.767684E+02, 0.000000E+00, 1.252912E+00, 2.886795E+02, 0.000000E+00
2024-01-02 20:45:00,2, 2.763288E+02, 0.000000E+00, 6.100645E-01, 2.874761E+02, 0.000000E+00
2024-01-02 21:15:00,2, 2.757953E+02, 0.000000E+00, 7.302940E-01, 2.859265E+02, 0.000000E+00
2024-01-02 21:45:00,2, 2.751674E+02, 0.000000E+00, 1.042613E+00, 2.844054E+02, 0.000000E+00
2024-01-02 22:15:00,2, 2.745719E+02, 0.000000E+00, 1.240950E+00, 2.832814E+02, 0.000000E+00
2024-01-02 22:45:00,2, 2.739966E+02, 0.000000E+00, 1.482851E+00, 2.823915E+02, 0.000000E+00
2024-01-02 23:15:00,2, 2.736018E+02, 0.000000E+00, 1.542165E+00, 2.816568E+02, 0.000000E+00
2024-01-02 23:45:00,2, 2.733720E+02, 0.000000E+00, 1.620033E+00, 2.810356E+02, 0.000000E+00
2024-01-02 00:15:00,3, 2.707902E+02, 0.000000E+00, 1.460209E+00, 2.826256E+02, 0.000000E+00
2024-01-02 00:45:00,3, 2.706664E+02, 0.000000E+00, 1.434766E+00, 2.823488E+02, 0.000000E+00
2024-01-02 01:15:00,3, 2.705836E+02, 0.000000E+00, 1.321224E+00, 2.821040E+02, 0.000000E+00
2024-01-02 01:45:00,3, 2.705367E+02, 0.000000E+00, 1.196051E+00, 2.818860E+02, 0.000000E+00
2024-01-02 02:15:00,3, 2.705090E+02, 0.000000E+00, 1.128251E+00, 2.816771E+02, 0.000000E+00
2024-01-02 02:45:00,3, 2.705021E+02, 0.000000E+00, 1.064542E+00, 2.814663E+02, 0.000000E+00
2024-01-02 03:15:00,3, 2.705334E+02, 0.000000E+00, 1.060820E+00, 2.812721E+02, 0.000000E+00
2024-01-02 03:45:00,3, 2.706028E+02, 0.000000E+00, 1.077312E+00, 2.811047E+02, 0.000000E+00
2024-01-02 04:15:00,3, 2.706650E+02, 0.000000E+00, 9.288578E-01, 2.809411E+02, 0.000000E+00
2024-01-02 04:45:00,3, 2.707258E+02, 0.000000E+00, 6.920365E-01, 2.807717E+02, 0.000000E+00
2024-01-02 05:15:00,3, 2.707933E+02, 0.000000E+00, 6.185915E-01, 2.806153E+02, 0.000000E+00
2024-01-02 05:45:00,3, 2.708670E+02, 0.000000E+00, 6.269418E-01, 2.804777E+02, 0.000000E+00
2024-01-02 06:15:00,3, 2.709673E+02, 0.000000E+00, 5.721362E-01, 2.803599E+02, 0.000000E+00
2024-01-02 06:45:00,3, 2.710911E+02, 0.000000E+00, 4.996711E-01, 2.802601E+02, 0.000000E+00
2024-01-02 07:15:00,3, 2.711844E+02, 0.000000E+00, 5.195042E-01, 2.801514E+02, 0.000000E+00
2024-01-02 07:45:00,3, 2.712311E+02, 0.000000E+00, 5.419537E-01, 2.800245E+02, 0.000000E+00
2024-01-02 08:15:00,3, 2.712758E+02, 0.000000E+00, 5.874809E-01, 2.798952E+02, 0.000000E+00
2024-01-02 08:45:00,3, 2.713219E+02, 0.000000E+00, 6.840201E-01, 2.797660E+02, 0.000000E+00
2024-01-02 09:15:00,3, 2.713321E+02, 0.000000E+00, 5.819127E-01, 2.795994E+02, 0.000000E+00
2024-01-02 09:45:00,3, 2.712994E+02, 0.000000E+00, 3.724917E-01, 2.793744E+02, 0.000000E+00
2024-01-02 10:15:00,3, 2.712946E+02, 0.000000E+00, 2.211217E-01, 2.791717E+02, 0.000000E+00
2024-01-02 10:45:00,3, 2.712991E+02, 0.000000E+00, 1.554031E-01, 2.790283E+02, 0.000000E+00
2024-01-02 11:15:00,3, 2.712925E+02, 0.000000E+00, 2.723739E-01, 2.788970E+02, 0.000000E+00
2024-01-02 11:45:00,3, 2.712754E+02, 0.000000E+00, 4.576305E-01, 2.787534E+02, 0.000000E+00
2024-01-02 12:15:00,3, 2.712718E+02, 0.000000E+00, 5.381256E-01, 2.786075E+02, 0.000000E+00
2024-01-02 12:45:00,3, 2.712786E+02, 0.000000E+00, 5.978728E-01, 2.784609E+02, 0.000000E+00
2024-01-02 13:15:00,3, 2.713735E+02, 0.000000E+00, 5.041190E-01, 2.787879E+02, 0.000000E+00
2024-01-02 13:45:00,3, 2.715411E+02, 0.000000E+00, 5.972104E-01, 2.792686E+02, 0.000000E+00
2024-01-02 14:15:00,3, 2.717884E+02, 0.000000E+00, 5.439969E-01, 2.803819E+02, 0.000000E+00
2024-01-02 14:45:00,3, 2.721279E+02, 0.000000E+00, 4.427199E-01, 2.815996E+02, 0.000000E+00
2024-01-02 15:15:00,3, 2.725401E+02, 0.000000E+00, 3.794185E-01, 2.832540E+02, 0.000000E+00
2024-01-02 15:45:00,3, 2.730192E+02, 0.000000E+00, 3.401378E-01, 2.846933E+02, 0.000000E+00
2024-01-02 16:15:00,3, 2.735386E+02, 0.000000E+00, 3.469996E-01, 2.860343E+02, 0.000000E+00
2024-01-02 16:45:00,3, 2.740800E+02, 0.000000E+00, 3.868710E-01, 2.871982E+02, 0.000000E+00
2024-01-02 17:15:00,3, 2.746359E+02, 0.000000E+00, 4.434916E-01, 2.885691E+02, 0.000000E+00
2024-01-02 17:45:00,3, 2.752045E+02, 0.000000E+00, 5.229733E-01, 2.895425E+02, 0.000000E+00
2024-01-02 18:15:00,3, 2.757561E+02, 0.000000E+00, 5.189769E-01, 2.900196E+02, 0.000000E+00
2024-01-02 18:45:00,3, 2.762643E+02, 0.000000E+00, 4.279993E-01, 2.902865E+02, 0.000000E+00
2024-01-02 19:15:00,3, 2.766909E+02, 0.000000E+00, 4.897944E-01, 2.901745E+02, 0.000000E+00
2024-01-02 19:45:00,3, 2.769634E+02, 0.000000E+00, 7.724741E-01, 2.897167E+02, 0.000000E+00
2024-01-02 20:15:00,3, 2.767684E+02, 0.000000E+00, 1.252912E+00, 2.886795E+02, 0.000000E+00
2024-01-02 20:45:00,3, 2.763288E+02, 0.000000E+00, 6.100645E-01, 2.874761E+02, 0.000000E+00
2024-01-02 21:15:00,3, 2.757953E+02, 0.000000E+00, 7.302940E-01, 2.859265E+02, 0.000000E+00
2024-01-02 21:45:00,3, 2.751674E+02, 0.000000E+00, 1.042613E+00, 2.844054E+02, 0.000000E+00
2024-01-02 22:15:00,3, 2.745719E+02, 0.000000E+00, 1.240950E+00, 2.832814E+02, 0.000000E+00
2024-01-02 22:45:00,3, 2.739966E+02, 0.000000E+00, 1.482851E+00, 2.823915E+02, 0.000000E+00
2024-01-02 23:15:00,3, 2.736018E+02, 0.000000E+00, 1.542165E+00, 2.816568E+02, 0.000000E+00
2024-01-02 23:45:00,3, 2.733720E+02, 0.000000E+00, 1.620033E+00, 2.810356E+02, 0.000000E+00
2024-01-02 00:15:00,4, 2.707902E+02, 0.000000E+00, 1.460209E+00, 2.826256E+02, 0.000000E+00
2024-01-02 00:45:00,4, 2.706664E+02, 0.000000E+00, 1.434766E+00, 2.823488E+02, 0.000000E+00
2024-01-02 01:15:00,4, 2.705836E+02, 0.000000E+00, 1.321224E+00, 2.821040E+02, 0.000000E+00
2024-01-02 01:45:00,4, 2.705367E+02, 0.000000E+00, 1.196051E+00, 2.818860E+02, 0.000000E+00
2024-01-02 02:15:00,4, 2.705090E+02, 0.000000E+00, 1.128251E+00, 2.816771E+02, 0.000000E+00
2024-01-02 02:45:00,4, 2.705021E+02, 0.000000E+00, 1.064542E+00, 2.814663E+02, 0.000000E+00
2024-01-02 03:15:00,4, 2.705334E+02, 0.000000E+00, 1.060820E+00, 2.812721E+02, 0.000000E+00
2024-01-02 03:45:00,4, 2.706028E+02, 0.000000E+00, 1.077312E+00, 2.811047E+02, 0.000000E+00
2024-01-02 04:15:00,4, 2.706650E+02, 0.000000E+00, 9.288578E-01, 2.809411E+02, 0.000000E+00
2024-01-02 04:45:00,4, 2.707258E+02, 0.000000E+00, 6.920365E-01, 2.807717E+02, 0.000000E+00
2024-01-02 05:15:00,4, 2.707933E+02, 0.000000E+00, 6.185915E-01, 2.806153E+02, 0.000000E+00
2024-01-02 05:45:00,4, 2.708670E+02, 0.000000E+00, 6.269418E-01, 2.804777E+02, 0.000000E+00
2024-01-02 06:15:00,4, 2.709673E+02, 0.000000E+00, 5.721362E-01, 2.803599E+02, 0.000000E+00
2024-01-02 06:45:00,4, 2.710911E+02, 0.000000E+00, 4.996711E-01, 2.802601E+02, 0.000000E+00
2024-01-02 07:15:00,4, 2.711844E+02, 0.000000E+00, 5.195042E-01, 2.801514E+02, 0.000000E+00
2024-01-02 07:45:00,4, 2.712311E+02, 0.000000E+00, 5.419537E-01, 2.800245E+02, 0.000000E+00
2024-01-02 08:15:00,4, 2.712758E+02, 0.000000E+00, 5.874809E-01, 2.798952E+02, 0.000000E+00
2024-01-02 08:45:00,4, 2.713219E+02, 0.000000E+00, 6.840201E-01, 2.797660E+02, 0.000000E+00
2024-01-02 09:15:00,4, 2.713321E+02, 0.000000E+00, 5.819127E-01, 2.795994E+02, 0.000000E+00
2024-01-02 09:45:00,4, 2.712994E+02, 0.000000E+00, 3.724917E-01, 2.793744E+02, 0.000000E+00
2024-01-02 10:15:00,4, 2.712946E+02, 0.000000E+00, 2.211217E-01, 2.791717E+02, 0.000000E+00
2024-01-02 10:45:00,4, 2.712991E+02, 0.000000E+00, 1.554031E-01, 2.790283E+02, 0.000000E+00
2024-01-02 11:15:00,4, 2.712925E+02, 0.000000E+00, 2.723739E-01, 2.788970E+02, 0.000000E+00
2024-01-02 11:45:00,4, 2.712754E+02, 0.000000E+00, 4.576305E-01, 2.787534E+02, 0.000000E+00
2024-01-02 12:15:00,4, 2.712718E+02, 0.000000E+00, 5.381256E-01, 2.786075E+02, 0.000000E+00
2024-01-02 12:45:00,4, 2.712786E+02, 0.000000E+00, 5.978728E-01, 2.784609E+02, 0.000000E+00
2024-01-02 13:15:00,4, 2.713735E+02, 0.000000E+00, 5.041190E-01, 2.787879E+02, 0.000000E+00
2024-01-02 13:45:00,4, 2.715411E+02, 0.000000E+00, 5.972104E-01, 2.792686E+02, 0.000000E+00
2024-01-02 14:15:00,4, 2.717884E+02, 0.000000E+00, 5.439969E-01, 2.803819E+02, 0.000000E+00
2024-01-02 14:45:00,4, 2.721279E+02, 0.000000E+00, 4.427199E-01, 2.815996E+02, 0.000000E+00
2024-01-02 15:15:00,4, 2.725401E+02, 0.000000E+00, 3.794185E-01, 2.832540E+02, 0.000000E+00
2024-01-02 15:45:00,4, 2.730192E+02, 0.000000E+00, 3.401378E-01, 2.846933E+02, 0.000000E+00
2024-01-02 16:15:00,4, 2.735386E+02, 0.000000E+00, 3.469996E-01, 2.860343E+02, 0.000000E+00
2024-01-02 16:45:00,4, 2.740800E+02, 0.000000E+00, 3.868710E-01, 2.871982E+02, 0.000000E+00
2024-01-02 17:15:00,4, 2.746359E+02, 0.000000E+00, 4.434916E-01, 2.885691E+02, 0.000000E+00
2024-01-02 17:45:00,4, 2.752045E+02, 0.000000E+00, 5.229733E-01, 2.895425E+02, 0.000000E+00
2024-01-02 18:15:00,4, 2.757561E+02, 0.000000E+00, 5.189769E-01, 2.900196E+02, 0.000000E+00
2024-01-02 18:45:00,4, 2.762643E+02, 0.000000E+00, 4.279993E-01, 2.902865E+02, 0.000000E+00
2024-01-02 19:15:00,4, 2.766909E+02, 0.000000E+00, 4.897944E-01, 2.901745E+02, 0.000000E+00
2024-01-02 19:45:00,4, 2.769634E+02, 0.000000E+00, 7.724741E-01, 2.897167E+02, 0.000000E+00
2024-01-02 20:15:00,4, 2.767684E+02, 0.000000E+00, 1.252912E+00, 2.886795E+02, 0.000000E+00
2024-01-02 20:45:00,4, 2.763288E+02, 0.000000E+00, 6.100645E-01, 2.874761E+02, 0.000000E+00
2024-01-02 21:15:00,4, 2.757953E+02, 0.000000E+00, 7.302940E-01, 2.859265E+02, 0.000000E+00
2024-01-02 21:45:00,4, 2.751674E+02, 0.000000E+00, 1.042613E+00, 2.844054E+02, 0.000000E+00
2024-01-02 22:15:00,4, 2.745719E+02, 0.000000E+00, 1.240950E+00, 2.832814E+02, 0.000000E+00
2024-01-02 22:45:00,4, 2.739966E+02, 0.000000E+00, 1.482851E+00, 2.823915E+02, 0.000000E+00
2024-01-02 23:15:00,4, 2.736018E+02, 0.000000E+00, 1.542165E+00, 2.816568E+02, 0.000000E+00
2024-01-02 23:45:00,4, 2.733720E+02, 0.000000E+00, 1.620033E+00, 2.810356E+02, 0.000000E+00
2024-01-02 00:15:00,5, 2.707902E+02, 0.000000E+00, 1.460209E+00, 2.826256E+02, 0.000000E+00
2024-01-02 00:45:00,5, 2.706664E+02, 0.000000E+00, 1.434766E+00, 2.823488E+02, 0.000000E+00
2024-01-02 01:15:00,5, 2.705836E+02, 0.000000E+00, 1.321224E+00, 2.821040E+02, 0.000000E+00
2024-01-02 01:45:00,5, 2.705367E+02, 0.000000E+00, 1.196051E+00, 2.818860E+02, 0.000000E+00
2024-01-02 02:15:00,5, 2.705090E+02, 0.000000E+00, 1.128251E+00, 2.816771E+02, 0.000000E+00
2024-01-02 02:45:00,5, 2.705021E+02, 0.000000E+00, 1.064542E+00, 2.814663E+02, 0.000000E+00
2024-01-02 03:15:00,5, 2.705334E+02, 0.000000E+00, 1.060820E+00, 2.812721E+02, 0.000000E+00
2024-01-02 03:45:00,5, 2.706028E+02, 0.000000E+00, 1.077312E+00, 2.811047E+02, 0.000000E+00
2024-01-02 04:15:00,5, 2.706650E+02, 0.000000E+00, 9.288578E-01, 2.809411E+02, 0.000000E+00
2024-01-02 04:45:00,5, 2.707258E+02, 0.000000E+00, 6.920365E-01, 2.807717E+02, 0.000000E+00
2024-01-02 05:15:00,5, 2.707933E+02, 0.000000E+00, 6.185915E-01, 2.806153E+02, 0.000000E+00
2024-01-02 05:45:00,5, 2.708670E+02, 0.000000E+00, 6.269418E-01, 2.804777E+02, 0.000000E+00
2024-01-02 06:15:00,5, 2.709673E+02, 0.000000E+00, 5.721362E-01, 2.803599E+02, 0.000000E+00
2024-01-02 06:45:00,5, 2.710911E+02, 0.000000E+00, 4.996711E-01, 2.802601E+02, 0.000000E+00
2024-01-02 07:15:00,5, 2.711844E+02, 0.000000E+00, 5.195042E-01, 2.801514E+02, 0.000000E+00
2024-01-02 07:45:00,5, 2.712311E+02, 0.000000E+00, 5.419537E-01, 2.800245E+02, 0.000000E+00
2024-01-02 08:15:00,5, 2.712758E+02, 0.000000E+00, 5.874809E-01, 2.798952E+02, 0.000000E+00
2024-01-02 08:45:00,5, 2.713219E+02, 0.000000E+00, 6.840201E-01, 2.797660E+02, 0.000000E+00
2024-01-02 09:15:00,5, 2.713321E+02, 0.000000E+00, 5.819127E-01, 2.795994E+02, 0.000000E+00
2024-01-02 09:45:00,5, 2.712994E+02, 0.000000E+00, 3.724917E-01, 2.793744E+02, 0.000000E+00
2024-01-02 10:15:00,5, 2.712946E+02, 0.000000E+00, 2.211217E-01, 2.791717E+02, 0.000000E+00
2024-01-02 10:45:00,5, 2.712991E+02, 0.000000E+00, 1.554031E-01, 2.790283E+02, 0.000000E+00
2024-01-02 11:15:00,5, 2.712925E+02, 0.000000E+00, 2.723739E-01, 2.788970E+02, 0.000000E+00
2024-01-02 11:45:00,5, 2.712754E+02, 0.000000E+00, 4.576305E-01, 2.787534E+02, 0.000000E+00
2024-01-02 12:15:00,5, 2.712718E+02, 0.000000E+00, 5.381256E-01, 2.786075E+02, 0.000000E+00
2024-01-02 12:45:00,5, 2.712786E+02, 0.000000E+00, 5.978728E-01, 2.784609E+02, 0.000000E+00
2024-01-02 13:15:00,5, 2.713735E+02, 0.000000E+00, 5.041190E-01, 2.787879E+02, 0.000000E+00
2024-01-02 13:45:00,5, 2.715411E+02, 0.000000E+00, 5.972104E-01, 2.792686E+02, 0.000000E+00
2024-01-02 14:15:00,5, 2.717884E+02, 0.000000E+00, 5.439969E-01, 2.803819E+02, 0.000000E+00
2024-01-02 14:45:00,5, 2.721279E+02, 0.000000E+00, 4.427199E-01, 2.815996E+02, 0.000000E+00
2024-01-02 15:15:00,5, 2.725401E+02, 0.000000E+00, 3.794185E-01, 2.832540E+02, 0.000000E+00
2024-01-02 15:45:00,5, 2.730192E+02, 0.000000E+00, 3.401378E-01, 2.846933E+02, 0.000000E+00
2024-01-02 16:15:00,5, 2.735386E+02, 0.000000E+00, 3.469996E-01, 2.860343E+02, 0.000000E+00
2024-01-02 16:45:00,5, 2.740800E+02, 0.000000E+00, 3.868710E-01, 2.871982E+02, 0.000000E+00
2024-01-02 17:15:00,5, 2.746359E+02, 0.000000E+00, 4.434916E-01, 2.885691E+02, 0.000000E+00
2024-01-02 17:45:00,5, 2.752045E+02, 0.000000E+00, 5.229733E-01, 2.895425E+02, 0.000000E+00
2024-01-02 18:15:00,5, 2.757561E+02, 0.000000E+00, 5.189769E-01, 2.900196E+02, 0.000000E+00
2024-01-02 18:45:00,5, 2.762643E+02, 0.000000E+00, 4.279993E-01, 2.902865E+02, 0.000000E+00
2024-01-02 19:15:00,5, 2.766909E+02, 0.000000E+00, 4.897944E-01, 2.901745E+02, 0.000000E+00
2024-01-02 19:45:00,5, 2.769634E+02, 0.000000E+00, 7.724741E-01, 2.897167E+02, 0.000000E+00
2024-01-02 20:15:00,5, 2.767684E+02, 0.000000E+00, 1.252912E+00, 2.886795E+02, 0.000000E+00
2024-01-02 20:45:00,5, 2.763288E+02, 0.000000E+00, 6.100645E-01, 2.874761E+02, 0.000000E+00
2024-01-02 21:15:00,5, 2.757953E+02, 0.000000E+00, 7.302940E-01, 2.859265E+02, 0.000000E+00
2024-01-02 21:45:00,5, 2.751674E+02, 0.000000E+00, 1.042613E+00, 2.844054E+02, 0.000000E+00
2024-01-02 22:15:00,5, 2.745719E+02, 0.000000E+00, 1.240950E+00, 2.832814E+02, 0.000000E+00
2024-01-02 22:45:00,5, 2.739966E+02, 0.000000E+00, 1.482851E+00, 2.823915E+02, 0.000000E+00
2024-01-02 23:15:00,5, 2.736018E+02, 0.000000E+00, 1.542165E+00, 2.816568E+02, 0.000000E+00
2024-01-02 23:45:00,5, 2.733720E+02, 0.000000E+00, 1.620033E+00, 2.810356E+02, 0.000000E+00
2024-01-02 00:15:00,6, 2.707902E+02, 0.000000E+00, 1.460209E+00, 2.826256E+02, 0.000000E+00
2024-01-02 00:45:00,6, 2.706664E+02, 0.000000E+00, 1.434766E+00, 2.823488E+02, 0.000000E+00
2024-01-02 01:15:00,6, 2.705836E+02, 0.000000E+00, 1.321224E+00, 2.821040E+02, 0.000000E+00
2024-01-02 01:45:00,6, 2.705367E+02, 0.000000E+00, 1.196051E+00, 2.818860E+02, 0.000000E+00
2024-01-02 02:15:00,6, 2.705090E+02, 0.000000E+00, 1.128251E+00, 2.816771E+02, 0.000000E+00
2024-01-02 02:45:00,6, 2.705021E+02, 0.000000E+00, 1.064542E+00, 2.814663E+02, 0.000000E+00
2024-01-02 03:15:00,6, 2.705334E+02, 0.000000E+00, 1.060820E+00, 2.812721E+02, 0.000000E+00
2024-01-02 03:45:00,6, 2.706028E+02, 0.000000E+00, 1.077312E+00, 2.811047E+02, 0.000000E+00
2024-01-02 04:15:00,6, 2.706650E+02, 0.000000E+00, 9.288578E-01, 2.809411E+02, 0.000000E+00
2024-01-02 04:45:00,6, 2.707258E+02, 0.000000E+00, 6.920365E-01, 2.807717E+02, 0.000000E+00
2024-01-02 05:15:00,6, 2.707933E+02, 0.000000E+00, 6.185915E-01, 2.806153E+02, 0.000000E+00
2024-01-02 05:45:00,6, 2.708670E+02, 0.000000E+00, 6.269418E-01, 2.804777E+02, 0.000000E+00
2024-01-02 06:15:00,6, 2.709673E+02, 0.000000E+00, 5.721362E-01, 2.803599E+02, 0.000000E+00
2024-01-02 06:45:00,6, 2.710911E+02, 0.000000E+00, 4.996711E-01, 2.802601E+02, 0.000000E+00
2024-01-02 07:15:00,6, 2.711844E+02, 0.000000E+00, 5.195042E-01, 2.801514E+02, 0.000000E+00
2024-01-02 07:45:00,6, 2.712311E+02, 0.000000E+00, 5.419537E-01, 2.800245E+02, 0.000000E+00
2024-01-02 08:15:00,6, 2.712758E+02, 0.000000E+00, 5.874809E-01, 2.798952E+02, 0.000000E+00
2024-01-02 08:45:00,6, 2.713219E+02, 0.000000E+00, 6.840201E-01, 2.797660E+02, 0.000000E+00
2024-01-02 09:15:00,6, 2.713321E+02, 0.000000E+00, 5.819127E-01, 2.795994E+02, 0.000000E+00
2024-01-02 09:45:00,6, 2.712994E+02, 0.000000E+00, 3.724917E-01, 2.793744E+02, 0.000000E+00
2024-01-02 10:15:00,6, 2.712946E+02, 0.000000E+00, 2.211217E-01, 2.791717E+02, 0.000000E+00
2024-01-02 10:45:00,6, 2.712991E+02, 0.000000E+00, 1.554031E-01, 2.790283E+02, 0.000000E+00
2024-01-02 11:15:00,6, 2.712925E+02, 0.000000E+00, 2.723739E-01, 2.788970E+02, 0.000000E+00
2024-01-02 11:45:00,6, 2.712754E+02, 0.000000E+00, 4.576305E-01, 2.787534E+02, 0.000000E+00
2024-01-02 12:15:00,6, 2.712718E+02, 0.000000E+00, 5.381256E-01, 2.786075E+02, 0.000000E+00
2024-01-02 12:45:00,6, 2.712786E+02, 0.000000E+00, 5.978728E-01, 2.784609E+02, 0.000000E+00
2024-01-02 13:15:00,6, 2.713735E+02, 0.000000E+00, 5.041190E-01, 2.787879E+02, 0.000000E+00
2024-01-02 13:45:00,6, 2.715411E+02, 0.000000E+00, 5.972104E-01, 2.792686E+02, 0.000000E+00
2024-01-02 14:15:00,6, 2.717884E+02, 0.000000E+00, 5.439969E-01, 2.803819E+02, 0.000000E+00
2024-01-02 14:45:00,6, 2.721279E+02, 0.000000E+00, 4.427199E-01, 2.815996E+02, 0.000000E+00
2024-01-02 15:15:00,6, 2.725401E+02, 0.000000E+00, 3.794185E-01, 2.832540E+02, 0.000000E+00
2024-01-02 15:45:00,6, 2.730192E+02, 0.000000E+00, 3.401378E-01, 2.846933E+02, 0.000000E+00
2024-01-02 16:15:00,6, 2.735386E+02, 0.000000E+00, 3.469996E-01, 2.860343E+02, 0.000000E+00
2024-01-02 16:45:00,6, 2.740800E+02, 0.000000E+00, 3.868710E-01, 2.871982E+02, 0.000000E+00
2024-01-02 17:15:00,6, 2.746359E+02, 0.000000E+00, 4.434916E-01, 2.885691E+02, 0.000000E+00
2024-01-02 17:45:00,6, 2.752045E+02, 0.000000E+00, 5.229733E-01, 2.895425E+02, 0.000000E+00
2024-01-02 18:15:00,6, 2.757561E+02, 0.000000E+00, 5.189769E-01, 2.900196E+02, 0.000000E+00
2024-01-02 18:45:00,6, 2.762643E+02, 0.000000E+00, 4.279993E-01, 2.902865E+02, 0.000000E+00
2024-01-02 19:15:00,6, 2.766909E+02, 0.000000E+00, 4.897944E-01, 2.901745E+02, 0.000000E+00
2024-01-02 19:45:00,6, 2.769634E+02, 0.000000E+00, 7.724741E-01, 2.897167E+02, 0.000000E+00
2024-01-02 20:15:00,6, 2.767684E+02, 0.000000E+00, 1.252912E+00, 2.886795E+02, 0.000000E+00
2024-01-02 20:45:00,6, 2.763288E+02, 0.000000E+00, 6.100645E-01, 2.874761E+02, 0.000000E+00
2024-01-02 21:15:00,6, 2.757953E+02, 0.000000E+00, 7.302940E-01, 2.859265E+02, 0.000000E+00
2024-01-02 21:45:00,6, 2.751674E+02, 0.000000E+00, 1.042613E+00, 2.844054E+02, 0.000000E+00
2024-01-02 22:15:00,6, 2.745719E+02, 0.000000E+00, 1.240950E+00, 2.832814E+02, 0.000000E+00
2024-01-02 22:45:00,6, 2.739966E+02, 0.000000E+00, 1.482851E+00, 2.823915E+02, 0.000000E+00
2024-01-02 23:15:00,6, 2.736018E+02, 0.000000E+00, 1.542165E+00, 2.816568E+02, 0.000000E+00
2024-01-02 23:45:00,6, 2.733720E+02, 0.000000E+00, 1.620033E+00, 2.810356E+02, 0.000000E+00
2024-01-03 00:15:00,1, 2.731251E+02, 0.000000E+00, 1.347303E+00, 2.805019E+02, 0.000000E+00
2024-01-03 00:45:00,1, 2.728704E+02, 0.000000E+00, 9.327500E-01, 2.800430E+02, 0.000000E+00
2024-01-03 01:15:00,1, 2.726147E+02, 0.000000E+00, 8.782569E-01, 2.796230E+02, 0.000000E+00
2024-01-03 01:45:00,1, 2.723577E+02, 0.000000E+00, 9.244289E-01, 2.792181E+02, 0.000000E+00
2024-01-03 02:15:00,1, 2.721797E+02, 0.000000E+00, 9.153125E-01, 2.788802E+02, 0.000000E+00
2024-01-03 02:45:00,1, 2.720796E+02, 0.000000E+00, 9.069435E-01, 2.786397E+02, 0.000000E+00
2024-01-03 03:15:00,1, 2.719867E+02, 0.000000E+00, 9.235489E-01, 2.784433E+02, 0.000000E+00
2024-01-03 03:45:00,1, 2.719083E+02, 0.000000E+00, 9.035425E-01, 2.782623E+02, 0.000000E+00
2024-01-03 04:15:00,1, 2.718445E+02, 0.000000E+00, 8.053741E-01, 2.780950E+02, 0.000000E+00
2024-01-03 04:45:00,1, 2.717961E+02, 0.000000E+00, 6.577847E-01, 2.779405E+02, 0.000000E+00
2024-01-03 05:15:00,1, 2.718382E+02, 0.000000E+00, 4.412085E-01, 2.778803E+02, 0.000000E+00
2024-01-03 05:45:00,1, 2.719437E+02, 0.000000E+00, 3.171801E-01, 2.779639E+02, 0.000000E+00
2024-01-03 06:15:00,1, 2.720698E+02, 0.000000E+00, 9.497701E-02, 2.780985E+02, 0.000000E+00
2024-01-03 06:45:00,1, 2.722015E+02, 0.000000E+00,-2.222989E-01, 2.782284E+02, 0.000000E+00
2024-01-03 07:15:00,1, 2.723247E+02, 0.000000E+00,-3.260713E-01, 2.783441E+02, 0.000000E+00
2024-01-03 07:45:00,1, 2.724291E+02, 0.000000E+00,-2.794416E-01, 2.784351E+02, 0.000000E+00
2024-01-03 08:15:00,1, 2.725134E+02, 0.000000E+00,-2.568524E-01, 2.785021E+02, 0.000000E+00
2024-01-03 08:45:00,1, 2.725767E+02, 0.000000E+00,-2.527901E-01, 2.785434E+02, 0.000000E+00
2024-01-03 09:15:00,1, 2.726285E+02, 0.000000E+00,-2.252726E-01, 2.785783E+02, 0.000000E+00
2024-01-03 09:45:00,1, 2.726757E+02, 0.000000E+00,-1.851886E-01, 2.786186E+02, 0.000000E+00
2024-01-03 10:15:00,1, 2.727000E+02, 0.000000E+00,-1.137406E-01, 2.786135E+02, 0.000000E+00
2024-01-03 10:45:00,1, 2.726862E+02, 0.000000E+00,-9.636929E-03, 2.785320E+02, 0.000000E+00
2024-01-03 11:15:00,1, 2.726770E+02, 0.000000E+00, 1.112170E-01, 2.784416E+02, 0.000000E+00
2024-01-03 11:45:00,1, 2.726853E+02, 0.000000E+00, 2.260049E-01, 2.783834E+02, 0.000000E+00
2024-01-03 12:15:00,1, 2.726975E+02, 0.000000E+00, 2.896678E-01, 2.783364E+02, 0.000000E+00
2024-01-03 12:45:00,1, 2.727103E+02, 0.000000E+00, 3.233421E-01, 2.782887E+02, 0.000000E+00
2024-01-03 13:15:00,1, 2.727896E+02, 0.000000E+00, 2.836846E-01, 2.785731E+02, 0.000000E+00
2024-01-03 13:45:00,1, 2.729418E+02, 0.000000E+00, 2.511464E-01, 2.789968E+02, 0.000000E+00
2024-01-03 14:15:00,1, 2.731603E+02, 0.000000E+00, 3.630125E-01, 2.797640E+02, 0.000000E+00
2024-01-03 14:45:00,1, 2.734485E+02, 0.000000E+00, 5.614012E-01, 2.805840E+02, 0.000000E+00
2024-01-03 15:15:00,1, 2.737876E+02, 0.000000E+00, 6.395403E-01, 2.817073E+02, 0.000000E+00
2024-01-03 15:45:00,1, 2.741702E+02, 0.000000E+00, 6.436572E-01, 2.827804E+02, 0.000000E+00
2024-01-03 16:15:00,1, 2.745449E+02, 0.000000E+00, 7.891723E-01, 2.830066E+02, 0.000000E+00
2024-01-03 16:45:00,1, 2.748554E+02, 0.000000E+00, 1.057013E+00, 2.834080E+02, 0.000000E+00
2024-01-03 17:15:00,1, 2.751148E+02, 0.000000E+00, 1.250478E+00, 2.838421E+02, 0.000000E+00
2024-01-03 17:45:00,1, 2.753310E+02, 0.000000E+00, 1.362561E+00, 2.841861E+02, 0.000000E+00
2024-01-03 18:15:00,1, 2.755151E+02, 0.000000E+00, 1.320152E+00, 2.844604E+02, 0.000000E+00
2024-01-03 18:45:00,1, 2.756824E+02, 0.000000E+00, 1.140491E+00, 2.845973E+02, 0.000000E+00
2024-01-03 19:15:00,1, 2.757765E+02, 0.000000E+00, 9.499433E-01, 2.844204E+02, 0.000000E+00
2024-01-03 19:45:00,1, 2.756976E+02, 0.000000E+00, 7.323991E-01, 2.842225E+02, 0.000000E+00
2024-01-03 20:15:00,1, 2.755699E+02, 0.000000E+00, 2.565952E-01, 2.839448E+02, 0.000000E+00
2024-01-03 20:45:00,1, 2.753880E+02, 0.000000E+00,-1.826734E-02, 2.835502E+02, 0.000000E+00
2024-01-03 21:15:00,1, 2.751196E+02, 0.000000E+00, 4.073364E-01, 2.830103E+02, 0.000000E+00
2024-01-03 21:45:00,1, 2.747656E+02, 0.000000E+00, 1.097817E+00, 2.823347E+02, 0.000000E+00
2024-01-03 22:15:00,1, 2.744503E+02, 0.000000E+00, 1.082562E+00, 2.818325E+02, 0.000000E+00
2024-01-03 22:45:00,1, 2.741744E+02, 0.000000E+00, 9.052771E-01, 2.814899E+02, 0.000000E+00
2024-01-03 23:15:00,1, 2.739641E+02, 0.000000E+00, 7.562195E-01, 2.811951E+02, 0.000000E+00
2024-01-03 23:45:00,1, 2.738173E+02, 0.000000E+00, 6.098060E-01, 2.808839E+02, 0.000000E+00
2024-01-03 00:15:00,2, 2.731251E+02, 0.000000E+00, 1.347303E+00, 2.805019E+02, 0.000000E+00
2024-01-03 00:45:00,2, 2.728704E+02, 0.000000E+00, 9.327500E-01, 2.800430E+02, 0.000000E+00
2024-01-03 01:15:00,2, 2.726147E+02, 0.000000E+00, 8.782569E-01, 2.796230E+02, 0.000000E+00
2024-01-03 01:45:00,2, 2.723577E+02, 0.000000E+00, 9.244289E-01, 2.792181E+02, 0.000000E+00
2024-01-03 02:15:00,2, 2.721797E+02, 0.000000E+00, 9.153125E-01, 2.788802E+02, 0.000000E+00
2024-01-03 02:45:00,2, 2.720796E+02, 0.000000E+00, 9.069435E-01, 2.786397E+02, 0.000000E+00
2024-01-03 03:15:00,2, 2.719867E+02, 0.000000E+00, 9.235489E-01, 2.784433E+02, 0.000000E+00
2024-01-03 03:45:00,2, 2.719083E+02, 0.000000E+00, 9.035425E-01, 2.782623E+02, 0.000000E+00
2024-01-03 04:15:00,2, 2.718445E+02, 0.000000E+00, 8.053741E-01, 2.780950E+02, 0.000000E+00
2024-01-03 04:45:00,2, 2.717961E+02, 0.000000E+00, 6.577847E-01, 2.779405E+02, 0.000000E+00
2024-01-03 05:15:00,2, 2.718382E+02, 0.000000E+00, 4.412085E-01, 2.778803E+02, 0.000000E+00
2024-01-03 05:45:00,2, 2.719437E+02, 0.000000E+00, 3.171801E-01, 2.779639E+02, 0.000000E+00
2024-01-03 06:15:00,2, 2.720698E+02, 0.000000E+00, 9.497701E-02, 2.780985E+02, 0.000000E+00
2024-01-03 06:45:00,2, 2.722015E+02, 0.000000E+00,-2.222989E-01, 2.782284E+02, 0.000000E+00
2024-01-03 07:15:00,2, 2.723247E+02, 0.000000E+00,-3.260713E-01, 2.783441E+02, 0.000000E+00
2024-01-03 07:45:00,2, 2.724291E+02, 0.000000E+00,-2.794416E-01, 2.784351E+02, 0.000000E+00
2024-01-03 08:15:00,2, 2.725134E+02, 0.000000E+00,-2.568524E-01, 2.785021E+02, 0.000000E+00
2024-01-03 08:45:00,2, 2.725767E+02, 0.000000E+00,-2.527901E-01, 2.785434E+02, 0.000000E+00
2024-01-03 09:15:00,2, 2.726285E+02, 0.000000E+00,-2.252726E-01, 2.785783E+02, 0.000000E+00
2024-01-03 09:45:00,2, 2.726757E+02, 0.000000E+00,-1.851886E-01, 2.786186E+02, 0.000000E+00
2024-01-03 10:15:00,2, 2.727000E+02, 0.000000E+00,-1.137406E-01, 2.786135E+02, 0.000000E+00
2024-01-03 10:45:00,2, 2.726862E+02, 0.000000E+00,-9.636929E-03, 2.785320E+02, 0.000000E+00
2024-01-03 11:15:00,2, 2.726770E+02, 0.000000E+00, 1.112170E-01, 2.784416E+02, 0.000000E+00
2024-01-03 11:45:00,2, 2.726853E+02, 0.000000E+00, 2.260049E-01, 2.783834E+02, 0.000000E+00
2024-01-03 12:15:00,2, 2.726975E+02, 0.000000E+00, 2.896678E-01, 2.783364E+02, 0.000000E+00
2024-01-03 12:45:00,2, 2.727103E+02, 0.000000E+00, 3.233421E-01, 2.782887E+02, 0.000000E+00
2024-01-03 13:15:00,2, 2.727896E+02, 0.000000E+00, 2.836846E-01, 2.785731E+02, 0.000000E+00
2024-01-03 13:45:00,2, 2.729418E+02, 0.000000E+00, 2.511464E-01, 2.789968E+02, 0.000000E+00
2024-01-03 14:15:00,2, 2.731603E+02, 0.000000E+00, 3.630125E-01, 2.797640E+02, 0.000000E+00
2024-01-03 14:45:00,2, 2.734485E+02, 0.000000E+00, 5.614012E-01, 2.805840E+02, 0.000000E+00
2024-01-03 15:15:00,2, 2.737876E+02, 0.000000E+00, 6.395403E-01, 2.817073E+02, 0.000000E+00
2024-01-03 15:45:00,2, 2.741702E+02, 0.000000E+00, 6.436572E-01, 2.827804E+02, 0.000000E+00
2024-01-03 16:15:00,2, 2.745449E+02, 0.000000E+00, 7.891723E-01, 2.830066E+02, 0.000000E+00
2024-01-03 16:45:00,2, 2.748554E+02, 0.000000E+00, 1.057013E+00, 2.834080E+02, 0.000000E+00
2024-01-03 17:15:00,2, 2.751148E+02, 0.000000E+00, 1.250478E+00, 2.838421E+02, 0.000000E+00
2024-01-03 17:45:00,2, 2.753310E+02, 0.000000E+00, 1.362561E+00, 2.841861E+02, 0.000000E+00
2024-01-03 18:15:00,2, 2.755151E+02, 0.000000E+00, 1.320152E+00, 2.844604E+02, 0.000000E+00
2024-01-03 18:45:00,2, 2.756824E+02, 0.000000E+00, 1.140491E+00, 2.845973E+02, 0.000000E+00
2024-01-03 19:15:00,2, 2.757765E+02, 0.000000E+00, 9.499433E-01, 2.844204E+02, 0.000000E+00
2024-01-03 19:45:00,2, 2.756976E+02, 0.000000E+00, 7.323991E-01, 2.842225E+02, 0.000000E+00
2024-01-03 20:15:00,2, 2.755699E+02, 0.000000E+00, 2.565952E-01, 2.839448E+02, 0.000000E+00
2024-01-03 20:45:00,2, 2.753880E+02, 0.000000E+00,-1.826734E-02, 2.835502E+02, 0.000000E+00
2024-01-03 21:15:00,2, 2.751196E+02, 0.000000E+00, 4.073364E-01, 2.830103E+02, 0.000000E+00
2024-01-03 21:45:00,2, 2.747656E+02, 0.000000E+00, 1.097817E+00, 2.823347E+02, 0.000000E+00
2024-01-03 22:15:00,2, 2.744503E+02, 0.000000E+00, 1.082562E+00, 2.818325E+02, 0.000000E+00
2024-01-03 22:45:00,2, 2.741744E+02, 0.000000E+00, 9.052771E-01, 2.814899E+02, 0.000000E+00
2024-01-03 23:15:00,2, 2.739641E+02, 0.000000E+00, 7.562195E-01, 2.811951E+02, 0.000000E+00
2024-01-03 23:45:00,2, 2.738173E+02, 0.000000E+00, 6.098060E-01, 2.808839E+02, 0.000000E+00
2024-01-03 00:15:00,3, 2.731251E+02, 0.000000E+00, 1.347303E+00, 2.805019E+02, 0.000000E+00
2024-01-03 00:45:00,3, 2.728704E+02, 0.000000E+00, 9.327500E-01, 2.800430E+02, 0.000000E+00
2024-01-03 01:15:00,3, 2.726147E+02, 0.000000E+00, 8.782569E-01, 2.796230E+02, 0.000000E+00
2024-01-03 01:45:00,3, 2.723577E+02, 0.000000E+00, 9.244289E-01, 2.792181E+02, 0.000000E+00
2024-01-03 02:15:00,3, 2.721797E+02, 0.000000E+00, 9.153125E-01, 2.788802E+02, 0.000000E+00
2024-01-03 02:45:00,3, 2.720796E+02, 0.000000E+00, 9.069435E-01, 2.786397E+02, 0.000000E+00
2024-01-03 03:15:00,3, 2.719867E+02, 0.000000E+00, 9.235489E-01, 2.784433E+02, 0.000000E+00
2024-01-03 03:45:00,3, 2.719083E+02, 0.000000E+00, 9.035425E-01, 2.782623E+02, 0.000000E+00
2024-01-03 04:15:00,3, 2.718445E+02, 0.000000E+00, 8.053741E-01, 2.780950E+02, 0.000000E+00
2024-01-03 04:45:00,3, 2.717961E+02, 0.000000E+00, 6.577847E-01, 2.779405E+02, 0.000000E+00
2024-01-03 05:15:00,3, 2.718382E+02, 0.000000E+00, 4.412085E-01, 2.778803E+02, 0.000000E+00
2024-01-03 05:45:00,3, 2.719437E+02, 0.000000E+00, 3.171801E-01, 2.779639E+02, 0.000000E+00
2024-01-03 06:15:00,3, 2.720698E+02, 0.000000E+00, 9.497701E-02, 2.780985E+02, 0.000000E+00
2024-01-03 06:45:00,3, 2.722015E+02, 0.000000E+00,-2.222989E-01, 2.782284E+02, 0.000000E+00
2024-01-03 07:15:00,3, 2.723247E+02, 0.000000E+00,-3.260713E-01, 2.783441E+02, 0.000000E+00
2024-01-03 07:45:00,3, 2.724291E+02, 0.000000E+00,-2.794416E-01, 2.784351E+02, 0.000000E+00
2024-01-03 08:15:00,3, 2.725134E+02, 0.000000E+00,-2.568524E-01, 2.785021E+02, 0.000000E+00
2024-01-03 08:45:00,3, 2.725767E+02, 0.000000E+00,-2.527901E-01, 2.785434E+02, 0.000000E+00
2024-01-03 09:15:00,3, 2.726285E+02, 0.000000E+00,-2.252726E-01, 2.785783E+02, 0.000000E+00
2024-01-03 09:45:00,3, 2.726757E+02, 0.000000E+00,-1.851886E-01, 2.786186E+02, 0.000000E+00
2024-01-03 10:15:00,3, 2.727000E+02, 0.000000E+00,-1.137406E-01, 2.786135E+02, 0.000000E+00
2024-01-03 10:45:00,3, 2.726862E+02, 0.000000E+00,-9.636929E-03, 2.785320E+02, 0.000000E+00
2024-01-03 11:15:00,3, 2.726770E+02, 0.000000E+00, 1.112170E-01, 2.784416E+02, 0.000000E+00
2024-01-03 11:45:00,3, 2.726853E+02, 0.000000E+00, 2.260049E-01, 2.783834E+02, 0.000000E+00
2024-01-03 12:15:00,3, 2.726975E+02, 0.000000E+00, 2.896678E-01, 2.783364E+02, 0.000000E+00
2024-01-03 12:45:00,3, 2.727103E+02, 0.000000E+00, 3.233421E-01, 2.782887E+02, 0.000000E+00
2024-01-03 13:15:00,3, 2.727896E+02, 0.000000E+00, 2.836846E-01, 2.785731E+02, 0.000000E+00
2024-01-03 13:45:00,3, 2.729418E+02, 0.000000E+00, 2.511464E-01, 2.789968E+02, 0.000000E+00
2024-01-03 14:15:00,3, 2.731603E+02, 0.000000E+00, 3.630125E-01, 2.797640E+02, 0.000000E+00
2024-01-03 14:45:00,3, 2.734485E+02, 0.000000E+00, 5.614012E-01, 2.805840E+02, 0.000000E+00
2024-01-03 15:15:00,3, 2.737876E+02, 0.000000E+00, 6.395403E-01, 2.817073E+02, 0.000000E+00
2024-01-03 15:45:00,3, 2.741702E+02, 0.000000E+00, 6.436572E-01, 2.827804E+02, 0.000000E+00
2024-01-03 16:15:00,3, 2.745449E+02, 0.000000E+00, 7.891723E-01, 2.830066E+02, 0.000000E+00
2024-01-03 16:45:00,3, 2.748554E+02, 0.000000E+00, 1.057013E+00, 2.834080E+02, 0.000000E+00
2024-01-03 17:15:00,3, 2.751148E+02, 0.000000E+00, 1.250478E+00, 2.838421E+02, 0.000000E+00
2024-01-03 17:45:00,3, 2.753310E+02, 0.000000E+00, 1.362561E+00, 2.841861E+02, 0.000000E+00
2024-01-03 18:15:00,3, 2.755151E+02, 0.000000E+00, 1.320152E+00, 2.844604E+02, 0.000000E+00
2024-01-03 18:45:00,3, 2.756824E+02, 0.000000E+00, 1.140491E+00, 2.845973E+02, 0.000000E+00
2024-01-03 19:15:00,3, 2.757765E+02, 0.000000E+00, 9.499433E-01, 2.844204E+02, 0.000000E+00
2024-01-03 19:45:00,3, 2.756976E+02, 0.000000E+00, 7.323991E-01, 2.842225E+02, 0.000000E+00
2024-01-03 20:15:00,3, 2.755699E+02, 0.000000E+00, 2.565952E-01, 2.839448E+02, 0.000000E+00
2024-01-03 20:45:00,3, 2.753880E+02, 0.000000E+00,-1.826734E-02, 2.835502E+02, 0.000000E+00
2024-01-03 21:15:00,3, 2.751196E+02, 0.000000E+00, 4.073364E-01, 2.830103E+02, 0.000000E+00
2024-01-03 21:45:00,3, 2.747656E+02, 0.000000E+00, 1.097817E+00, 2.823347E+02, 0.000000E+00
2024-01-03 22:15:00,3, 2.744503E+02, 0.000000E+00, 1.082562E+00, 2.818325E+02, 0.000000E+00
2024-01-03 22:45:00,3, 2.741744E+02, 0.000000E+00, 9.052771E-01, 2.814899E+02, 0.000000E+00
2024-01-03 23:15:00,3, 2.739641E+02, 0.000000E+00, 7.562195E-01, 2.811951E+02, 0.000000E+00
2024-01-03 23:45:00,3, 2.738173E+02, 0.000000E+00, 6.098060E-01, 2.808839E+02, 0.000000E+00
2024-01-03 00:15:00,4, 2.731251E+02, 0.000000E+00, 1.347303E+00, 2.805019E+02, 0.000000E+00
2024-01-03 00:45:00,4, 2.728704E+02, 0.000000E+00, 9.327500E-01, 2.800430E+02, 0.000000E+00
2024-01-03 01:15:00,4, 2.726147E+02, 0.000000E+00, 8.782569E-01, 2.796230E+02, 0.000000E+00
2024-01-03 01:45:00,4, 2.723577E+02, 0.000000E+00, 9.244289E-01, 2.792181E+02, 0.000000E+00
2024-01-03 02:15:00,4, 2.721797E+02, 0.000000E+00, 9.153125E-01, 2.788802E+02, 0.000000E+00
2024-01-03 02:45:00,4, 2.720796E+02, 0.000000E+00, 9.069435E-01, 2.786397E+02, 0.000000E+00
2024-01-03 03:15:00,4, 2.719867E+02, 0.000000E+00, 9.235489E-01, 2.784433E+02, 0.000000E+00
2024-01-03 03:45:00,4, 2.719083E+02, 0.000000E+00, 9.035425E-01, 2.782623E+02, 0.000000E+00
2024-01-03 04:15:00,4, 2.718445E+02, 0.000000E+00, 8.053741E-01, 2.780950E+02, 0.000000E+00
2024-01-03 04:45:00,4, 2.717961E+02, 0.000000E+00, 6.577847E-01, 2.779405E+02, 0.000000E+00
2024-01-03 05:15:00,4, 2.718382E+02, 0.000000E+00, 4.412085E-01, 2.778803E+02, 0.000000E+00
2024-01-03 05:45:00,4, 2.719437E+02, 0.000000E+00, 3.171801E-01, 2.779639E+02, 0.000000E+00
2024-01-03 06:15:00,4, 2.720698E+02, 0.000000E+00, 9.497701E-02, 2.780985E+02, 0.000000E+00
2024-01-03 06:45:00,4, 2.722015E+02, 0.000000E+00,-2.222989E-01, 2.782284E+02, 0.000000E+00
2024-01-03 07:15:00,4, 2.723247E+02, 0.000000E+00,-3.260713E-01, 2.783441E+02, 0.000000E+00
2024-01-03 07:45:00,4, 2.724291E+02, 0.000000E+00,-2.794416E-01, 2.784351E+02, 0.000000E+00
2024-01-03 08:15:00,4, 2.725134E+02, 0.000000E+00,-2.568524E-01, 2.785021E+02, 0.000000E+00
2024-01-03 08:45:00,4, 2.725767E+02, 0.000000E+00,-2.527901E-01, 2.785434E+02, 0.000000E+00
2024-01-03 09:15:00,4, 2.726285E+02, 0.000000E+00,-2.252726E-01, 2.785783E+02, 0.000000E+00
2024-01-03 09:45:00,4, 2.726757E+02, 0.000000E+00,-1.851886E-01, 2.786186E+02, 0.000000E+00
2024-01-03 10:15:00,4, 2.727000E+02, 0.000000E+00,-1.137406E-01, 2.786135E+02, 0.000000E+00
2024-01-03 10:45:00,4, 2.726862E+02, 0.000000E+00,-9.636929E-03, 2.785320E+02, 0.000000E+00
2024-01-03 11:15:00,4, 2.726770E+02, 0.000000E+00, 1.112170E-01, 2.784416E+02, 0.000000E+00
2024-01-03 11:45:00,4, 2.726853E+02, 0.000000E+00, 2.260049E-01, 2.783834E+02, 0.000000E+00
2024-01-03 12:15:00,4, 2.726975E+02, 0.000000E+00, 2.896678E-01, 2.783364E+02, 0.000000E+00
2024-01-03 12:45:00,4, 2.727103E+02, 0.000000E+00, 3.233421E-01, 2.782887E+02, 0.000000E+00
2024-01-03 13:15:00,4, 2.727896E+02, 0.000000E+00, 2.836846E-01, 2.785731E+02, 0.000000E+00
2024-01-03 13:45:00,4, 2.729418E+02, 0.000000E+00, 2.511464E-01, 2.789968E+02, 0.000000E+00
2024-01-03 14:15:00,4, 2.731603E+02, 0.000000E+00, 3.630125E-01, 2.797640E+02, 0.000000E+00
2024-01-03 14:45:00,4, 2.734485E+02, 0.000000E+00, 5.614012E-01, 2.805840E+02, 0.000000E+00
2024-01-03 15:15:00,4, 2.737876E+02, 0.000000E+00, 6.395403E-01, 2.817073E+02, 0.000000E+00
2024-01-03 15:45:00,4, 2.741702E+02, 0.000000E+00, 6.436572E-01, 2.827804E+02, 0.000000E+00
2024-01-03 16:15:00,4, 2.745449E+02, 0.000000E+00, 7.891723E-01, 2.830066E+02, 0.000000E+00
2024-01-03 16:45:00,4, 2.748554E+02, 0.000000E+00, 1.057013E+00, 2.834080E+02, 0.000000E+00
2024-01-03 17:15:00,4, 2.751148E+02, 0.000000E+00, 1.250478E+00, 2.838421E+02, 0.000000E+00
2024-01-03 17:45:00,4, 2.753310E+02, 0.000000E+00, 1.362561E+00, 2.841861E+02, 0.000000E+00
2024-01-03 18:15:00,4, 2.755151E+02, 0.000000E+00, 1.320152E+00, 2.844604E+02, 0.000000E+00
2024-01-03 18:45:00,4, 2.756824E+02, 0.000000E+00, 1.140491E+00, 2.845973E+02, 0.000000E+00
2024-01-03 19:15:00,4, 2.757765E+02, 0.000000E+00, 9.499433E-01, 2.844204E+02, 0.000000E+00
2024-01-03 19:45:00,4, 2.756976E+02, 0.000000E+00, 7.323991E-01, 2.842225E+02, 0.000000E+00
2024-01-03 20:15:00,4, 2.755699E+02, 0.000000E+00, 2.565952E-01, 2.839448E+02, 0.000000E+00
2024-01-03 20:45:00,4, 2.753880E+02, 0.000000E+00,-1.826734E-02, 2.835502E+02, 0.000000E+00
2024-01-03 21:15:00,4, 2.751196E+02, 0.000000E+00, 4.073364E-01, 2.830103E+02, 0.000000E+00
2024-01-03 21:45:00,4, 2.747656E+02, 0.000000E+00, 1.097817E+00, 2.823347E+02, 0.000000E+00
2024-01-03 22:15:00,4, 2.744503E+02, 0.000000E+00, 1.082562E+00, 2.818325E+02, 0.000000E+00
2024-01-03 22:45:00,4, 2.741744E+02, 0.000000E+00, 9.052771E-01, 2.814899E+02, 0.000000E+00
2024-01-03 23:15:00,4, 2.739641E+02, 0.000000E+00, 7.562195E-01, 2.811951E+02, 0.000000E+00
2024-01-03 23:45:00,4, 2.738173E+02, 0.000000E+00, 6.098060E-01, 2.808839E+02, 0.000000E+00
2024-01-03 00:15:00,5, 2.731251E+02, 0.000000E+00, 1.347303E+00, 2.805019E+02, 0.000000E+00
2024-01-03 00:45:00,5, 2.728704E+02, 0.000000E+00, 9.327500E-01, 2.800430E+02, 0.000000E+00
2024-01-03 01:15:00,5, 2.726147E+02, 0.000000E+00, 8.782569E-01, 2.796230E+02, 0.000000E+00
2024-01-03 01:45:00,5, 2.723577E+02, 0.000000E+00, 9.244289E-01, 2.792181E+02, 0.000000E+00
2024-01-03 02:15:00,5, 2.721797E+02, 0.000000E+00, 9.153125E-01, 2.788802E+02, 0.000000E+00
2024-01-03 02:45:00,5, 2.720796E+02, 0.000000E+00, 9.069435E-01, 2.786397E+02, 0.000000E+00
2024-01-03 03:15:00,5, 2.719867E+02, 0.000000E+00, 9.235489E-01, 2.784433E+02, 0.000000E+00
2024-01-03 03:45:00,5, 2.719083E+02, 0.000000E+00, 9.035425E-01, 2.782623E+02, 0.000000E+00
2024-01-03 04:15:00,5, 2.718445E+02, 0.000000E+00, 8.053741E-01, 2.780950E+02, 0.000000E+00
2024-01-03 04:45:00,5, 2.717961E+02, 0.000000E+00, 6.577847E-01, 2.779405E+02, 0.000000E+00
2024-01-03 05:15:00,5, 2.718382E+02, 0.000000E+00, 4.412085E-01, 2.778803E+02, 0.000000E+00
2024-01-03 05:45:00,5, 2.719437E+02, 0.000000E+00, 3.171801E-01, 2.779639E+02, 0.000000E+00
2024-01-03 06:15:00,5, 2.720698E+02, 0.000000E+00, 9.497701E-02, 2.780985E+02, 0.000000E+00
2024-01-03 06:45:00,5, 2.722015E+02, 0.000000E+00,-2.222989E-01, 2.782284E+02, 0.000000E+00
2024-01-03 07:15:00,5, 2.723247E+02, 0.000000E+00,-3.260713E-01, 2.783441E+02, 0.000000E+00
2024-01-03 07:45:00,5, 2.724291E+02, 0.000000E+00,-2.794416E-01, 2.784351E+02, 0.000000E+00
2024-01-03 08:15:00,5, 2.725134E+02, 0.000000E+00,-2.568524E-01, 2.785021E+02, 0.000000E+00
2024-01-03 08:45:00,5, 2.725767E+02, 0.000000E+00,-2.527901E-01, 2.785434E+02, 0.000000E+00
2024-01-03 09:15:00,5, 2.726285E+02, 0.000000E+00,-2.252726E-01, 2.785783E+02, 0.000000E+00
2024-01-03 09:45:00,5, 2.726757E+02, 0.000000E+00,-1.851886E-01, 2.786186E+02, 0.000000E+00
2024-01-03 10:15:00,5, 2.727000E+02, 0.000000E+00,-1.137406E-01, 2.786135E+02, 0.000000E+00
2024-01-03 10:45:00,5, 2.726862E+02, 0.000000E+00,-9.636929E-03, 2.785320E+02, 0.000000E+00
2024-01-03 11:15:00,5, 2.726770E+02, 0.000000E+00, 1.112170E-01, 2.784416E+02, 0.000000E+00
2024-01-03 11:45:00,5, 2.726853E+02, 0.000000E+00, 2.260049E-01, 2.783834E+02, 0.000000E+00
2024-01-03 12:15:00,5, 2.726975E+02, 0.000000E+00, 2.896678E-01, 2.783364E+02, 0.000000E+00
2024-01-03 12:45:00,5, 2.727103E+02, 0.000000E+00, 3.233421E-01, 2.782887E+02, 0.000000E+00
2024-01-03 13:15:00,5, 2.727896E+02, 0.000000E+00, 2.836846E-01, 2.785731E+02, 0.000000E+00
2024-01-03 13:45:00,5, 2.729418E+02, 0.000000E+00, 2.511464E-01, 2.789968E+02, 0.000000E+00
2024-01-03 14:15:00,5, 2.731603E+02, 0.000000E+00, 3.630125E-01, 2.797640E+02, 0.000000E+00
2024-01-03 14:45:00,5, 2.734485E+02, 0.000000E+00, 5.614012E-01, 2.805840E+02, 0.000000E+00
2024-01-03 15:15:00,5, 2.737876E+02, 0.000000E+00, 6.395403E-01, 2.817073E+02, 0.000000E+00
2024-01-03 15:45:00,5, 2.741702E+02, 0.000000E+00, 6.436572E-01, 2.827804E+02, 0.000000E+00
2024-01-03 16:15:00,5, 2.745449E+02, 0.000000E+00, 7.891723E-01, 2.830066E+02, 0.000000E+00
2024-01-03 16:45:00,5, 2.748554E+02, 0.000000E+00, 1.057013E+00, 2.834080E+02, 0.000000E+00
2024-01-03 17:15:00,5, 2.751148E+02, 0.000000E+00, 1.250478E+00, 2.838421E+02, 0.000000E+00
2024-01-03 17:45:00,5, 2.753310E+02, 0.000000E+00, 1.362561E+00, 2.841861E+02, 0.000000E+00
2024-01-03 18:15:00,5, 2.755151E+02, 0.000000E+00, 1.320152E+00, 2.844604E+02, 0.000000E+00
2024-01-03 18:45:00,5, 2.756824E+02, 0.000000E+00, 1.140491E+00, 2.845973E+02, 0.000000E+00
2024-01-03 19:15:00,5, 2.757765E+02, 0.000000E+00, 9.499433E-01, 2.844204E+02, 0.000000E+00
2024-01-03 19:45:00,5, 2.756976E+02, 0.000000E+00, 7.323991E-01, 2.842225E+02, 0.000000E+00
2024-01-03 20:15:00,5, 2.755699E+02, 0.000000E+00, 2.565952E-01, 2.839448E+02, 0.000000E+00
2024-01-03 20:45:00,5, 2.753880E+02, 0.000000E+00,-1.826734E-02, 2.835502E+02, 0.000000E+00
2024-01-03 21:15:00,5, 2.751196E+02, 0.000000E+00, 4.073364E-01, 2.830103E+02, 0.000000E+00
2024-01-03 21:45:00,5, 2.747656E+02, 0.000000E+00, 1.097817E+00, 2.823347E+02, 0.000000E+00
2024-01-03 22:15:00,5, 2.744503E+02, 0.000000E+00, 1.082562E+00, 2.818325E+02, 0.000000E+00
2024-01-03 22:45:00,5, 2.741744E+02, 0.000000E+00, 9.052771E-01, 2.814899E+02, 0.000000E+00
2024-01-03 23:15:00,5, 2.739641E+02, 0.000000E+00, 7.562195E-01, 2.811951E+02, 0.000000E+00
2024-01-03 23:45:00,5, 2.738173E+02, 0.000000E+00, 6.098060E-01, 2.808839E+02, 0.000000E+00
2024-01-03 00:15:00,6, 2.731251E+02, 0.000000E+00, 1.347303E+00, 2.805019E+02, 0.000000E+00
2024-01-03 00:45:00,6, 2.728704E+02, 0.000000E+00, 9.327500E-01, 2.800430E+02, 0.000000E+00
2024-01-03 01:15:00,6, 2.726147E+02, 0.000000E+00, 8.782569E-01, 2.796230E+02, 0.000000E+00
2024-01-03 01:45:00,6, 2.723577E+02, 0.000000E+00, 9.244289E-01, 2.792181E+02, 0.000000E+00
2024-01-03 02:15:00,6, 2.721797E+02, 0.000000E+00, 9.153125E-01, 2.788802E+02, 0.000000E+00
2024-01-03 02:45:00,6, 2.720796E+02, 0.000000E+00, 9.069435E-01, 2.786397E+02, 0.000000E+00
2024-01-03 03:15:00,6, 2.719867E+02, 0.000000E+00, 9.235489E-01, 2.784433E+02, 0.000000E+00
2024-01-03 03:45:00,6, 2.719083E+02, 0.000000E+00, 9.035425E-01, 2.782623E+02, 0.000000E+00
2024-01-03 04:15:00,6, 2.718445E+02, 0.000000E+00, 8.053741E-01, 2.780950E+02, 0.000000E+00
2024-01-03 04:45:00,6, 2.717961E+02, 0.000000E+00, 6.577847E-01, 2.779405E+02, 0.000000E+00
2024-01-03 05:15:00,6, 2.718382E+02, 0.000000E+00, 4.412085E-01, 2.778803E+02, 0.000000E+00
2024-01-03 05:45:00,6, 2.719437E+02, 0.000000E+00, 3.171801E-01, 2.779639E+02, 0.000000E+00
2024-01-03 06:15:00,6, 2.720698E+02, 0.000000E+00, 9.497701E-02, 2.780985E+02, 0.000000E+00
2024-01-03 06:45:00,6, 2.722015E+02, 0.000000E+00,-2.222989E-01, 2.782284E+02, 0.000000E+00
2024-01-03 07:15:00,6, 2.723247E+02, 0.000000E+00,-3.260713E-01, 2.783441E+02, 0.000000E+00
2024-01-03 07:45:00,6, 2.724291E+02, 0.000000E+00,-2.794416E-01, 2.784351E+02, 0.000000E+00
2024-01-03 08:15:00,6, 2.725134E+02, 0.000000E+00,-2.568524E-01, 2.785021E+02, 0.000000E+00
2024-01-03 08:45:00,6, 2.725767E+02, 0.000000E+00,-2.527901E-01, 2.785434E+02, 0.000000E+00
2024-01-03 09:15:00,6, 2.726285E+02, 0.000000E+00,-2.252726E-01, 2.785783E+02, 0.000000E+00
2024-01-03 09:45:00,6, 2.726757E+02, 0.000000E+00,-1.851886E-01, 2.786186E+02, 0.000000E+00
2024-01-03 10:15:00,6, 2.727000E+02, 0.000000E+00,-1.137406E-01, 2.786135E+02, 0.000000E+00
2024-01-03 10:45:00,6, 2.726862E+02, 0.000000E+00,-9.636929E-03, 2.785320E+02, 0.000000E+00
2024-01-03 11:15:00,6, 2.726770E+02, 0.000000E+00, 1.112170E-01, 2.784416E+02, 0.000000E+00
2024-01-03 11:45:00,6, 2.726853E+02, 0.000000E+00, 2.260049E-01, 2.783834E+02, 0.000000E+00
2024-01-03 12:15:00,6, 2.726975E+02, 0.000000E+00, 2.896678E-01, 2.783364E+02, 0.000000E+00
2024-01-03 12:45:00,6, 2.727103E+02, 0.000000E+00, 3.233421E-01, 2.782887E+02, 0.000000E+00
2024-01-03 13:15:00,6, 2.727896E+02, 0.000000E+00, 2.836846E-01, 2.785731E+02, 0.000000E+00
2024-01-03 13:45:00,6, 2.729418E+02, 0.000000E+00, 2.511464E-01, 2.789968E+02, 0.000000E+00
2024-01-03 14:15:00,6, 2.731603E+02, 0.000000E+00, 3.630125E-01, 2.797640E+02, 0.000000E+00
2024-01-03 14:45:00,6, 2.734485E+02, 0.000000E+00, 5.614012E-01, 2.805840E+02, 0.000000E+00
2024-01-03 15:15:00,6, 2.737876E+02, 0.000000E+00, 6.395403E-01, 2.817073E+02, 0.000000E+00
2024-01-03 15:45:00,6, 2.741702E+02, 0.000000E+00, 6.436572E-01, 2.827804E+02, 0.000000E+00
2024-01-03 16:15:00,6, 2.745449E+02, 0.000000E+00, 7.891723E-01, 2.830066E+02, 0.000000E+00
2024-01-03 16:45:00,6, 2.748554E+02, 0.000000E+00, 1.057013E+00, 2.834080E+02, 0.000000E+00
2024-01-03 17:15:00,6, 2.751148E+02, 0.000000E+00, 1.250478E+00, 2.838421E+02, 0.000000E+00
2024-01-03 17:45:00,6, 2.753310E+02, 0.000000E+00, 1.362561E+00, 2.841861E+02, 0.000000E+00
2024-01-03 18:15:00,6, 2.755151E+02, 0.000000E+00, 1.320152E+00, 2.844604E+02, 0.000000E+00
2024-01-03 18:45:00,6, 2.756824E+02, 0.000000E+00, 1.140491E+00, 2.845973E+02, 0.000000E+00
2024-01-03 19:15:00,6, 2.757765E+02, 0.000000E+00, 9.499433E-01, 2.844204E+02, 0.000000E+00
2024-01-03 19:45:00,6, 2.756976E+02, 0.000000E+00, 7.323991E-01, 2.842225E+02, 0.000000E+00
2024-01-03 20:15:00,6, 2.755699E+02, 0.000000E+00, 2.565952E-01, 2.839448E+02, 0.000000E+00
2024-01-03 20:45:00,6, 2.753880E+02, 0.000000E+00,-1.826734E-02, 2.835502E+02, 0.000000E+00
2024-01-03 21:15:00,6, 2.751196E+02, 0.000000E+00, 4.073364E-01, 2.830103E+02, 0.000000E+00
2024-01-03 21:45:00,6, 2.747656E+02, 0.000000E+00, 1.097817E+00, 2.823347E+02, 0.000000E+00
2024-01-03 22:15:00,6, 2.744503E+02, 0.000000E+00, 1.082562E+00, 2.818325E+02, 0.000000E+00
2024-01-03 22:45:00,6, 2.741744E+02, 0.000000E+00, 9.052771E-01, 2.814899E+02, 0.000000E+00
2024-01-03 23:15:00,6, 2.739641E+02, 0.000000E+00, 7.562195E-01, 2.811951E+02, 0.000000E+00
2024-01-03 23:45:00,6, 2.738173E+02, 0.000000E+00, 6.098060E-01, 2.808839E+02, 0.000000E+00
2024-01-04 00:15:00,1, 2.737853E+02, 0.000000E+00, 3.091166E-01, 2.806231E+02, 0.000000E+00
2024-01-04 00:45:00,1, 2.738198E+02, 0.000000E+00, 8.669283E-02, 2.804379E+02, 0.000000E+00
2024-01-04 01:15:00,1, 2.738015E+02, 0.000000E+00, 1.681211E-01, 2.802600E+02, 0.000000E+00
2024-01-04 01:45:00,1, 2.736800E+02, 0.000000E+00, 4.851504E-01, 2.800414E+02, 0.000000E+00
2024-01-04 02:15:00,1, 2.736254E+02, 0.000000E+00, 4.540676E-01, 2.798564E+02, 0.000000E+00
2024-01-04 02:45:00,1, 2.735903E+02, 0.000000E+00, 3.927464E-01, 2.797384E+02, 0.000000E+00
2024-01-04 03:15:00,1, 2.735475E+02, 0.000000E+00, 4.110232E-01, 2.796401E+02, 0.000000E+00
2024-01-04 03:45:00,1, 2.735031E+02, 0.000000E+00, 4.334956E-01, 2.795368E+02, 0.000000E+00
2024-01-04 04:15:00,1, 2.734465E+02, 0.000000E+00, 4.628986E-01, 2.794181E+02, 0.000000E+00
2024-01-04 04:45:00,1, 2.733725E+02, 0.000000E+00, 5.149482E-01, 2.792722E+02, 0.000000E+00
2024-01-04 05:15:00,1, 2.733583E+02, 0.000000E+00, 3.692952E-01, 2.791592E+02, 0.000000E+00
2024-01-04 05:45:00,1, 2.733693E+02, 0.000000E+00, 2.816198E-01, 2.791149E+02, 0.000000E+00
2024-01-04 06:15:00,1, 2.734404E+02, 0.000000E+00, 1.569759E-01, 2.791039E+02, 0.000000E+00
2024-01-04 06:45:00,1, 2.735678E+02, 0.000000E+00, 3.866103E-02, 2.791184E+02, 0.000000E+00
2024-01-04 07:15:00,1, 2.736890E+02, 0.000000E+00, 1.586720E-02, 2.791058E+02, 0.000000E+00
2024-01-04 07:45:00,1, 2.737641E+02, 0.000000E+00, 5.045450E-02, 2.790633E+02, 0.000000E+00
2024-01-04 08:15:00,1, 2.737065E+02, 0.000000E+00, 3.285587E-01, 2.788951E+02, 0.000000E+00
2024-01-04 08:45:00,1, 2.734150E+02, 0.000000E+00, 7.875506E-01, 2.785043E+02, 0.000000E+00
2024-01-04 09:15:00,1, 2.732701E+02, 0.000000E+00, 7.279471E-01, 2.781609E+02, 0.000000E+00
2024-01-04 09:45:00,1, 2.732472E+02, 0.000000E+00, 5.887198E-01, 2.780176E+02, 0.000000E+00
2024-01-04 10:15:00,1, 2.731988E+02, 0.000000E+00, 6.353703E-01, 2.779478E+02, 0.000000E+00
2024-01-04 10:45:00,1, 2.731335E+02, 0.000000E+00, 5.659866E-01, 2.779155E+02, 0.000000E+00
2024-01-04 11:15:00,1, 2.730692E+02, 0.000000E+00, 6.730262E-01, 2.779150E+02, 0.000000E+00
2024-01-04 11:45:00,1, 2.730062E+02, 0.000000E+00, 8.680832E-01, 2.779612E+02, 0.000000E+00
2024-01-04 12:15:00,1, 2.728958E+02, 0.000000E+00, 1.063607E+00, 2.779528E+02, 0.000000E+00
2024-01-04 12:45:00,1, 2.727306E+02, 0.000000E+00, 1.176995E+00, 2.778638E+02, 0.000000E+00
2024-01-04 13:15:00,1, 2.726100E+02, 0.000000E+00, 1.573377E+00, 2.781652E+02, 0.000000E+00
2024-01-04 13:45:00,1, 2.725287E+02, 0.000000E+00, 2.080110E+00, 2.786139E+02, 0.000000E+00
2024-01-04 14:15:00,1, 2.724748E+02, 0.000000E+00, 2.779318E+00, 2.792882E+02, 0.000000E+00
2024-01-04 14:45:00,1, 2.724438E+02, 0.000000E+00, 3.395632E+00, 2.800353E+02, 0.000000E+00
2024-01-04 15:15:00,1, 2.723297E+02, 0.000000E+00, 2.977943E+00, 2.804719E+02, 0.000000E+00
2024-01-04 15:45:00,1, 2.721399E+02, 0.000000E+00, 2.517063E+00, 2.810229E+02, 0.000000E+00
2024-01-04 16:15:00,1, 2.720390E+02, 0.000000E+00, 2.364520E+00, 2.821905E+02, 0.000000E+00
2024-01-04 16:45:00,1, 2.720079E+02, 0.000000E+00, 2.334518E+00, 2.831346E+02, 0.000000E+00
2024-01-04 17:15:00,1, 2.719313E+02, 0.000000E+00, 2.256588E+00, 2.837539E+02, 0.000000E+00
2024-01-04 17:45:00,1, 2.718198E+02, 0.000000E+00, 2.137041E+00, 2.841972E+02, 0.000000E+00
2024-01-04 18:15:00,1, 2.716409E+02, 0.000000E+00, 1.624227E+00, 2.845909E+02, 0.000000E+00
2024-01-04 18:45:00,1, 2.714454E+02, 0.000000E+00, 1.318386E+00, 2.847595E+02, 0.000000E+00
2024-01-04 19:15:00,1, 2.712243E+02, 0.000000E+00, 1.660552E+00, 2.845980E+02, 0.000000E+00
2024-01-04 19:45:00,1, 2.710400E+02, 0.000000E+00, 1.949006E+00, 2.842240E+02, 0.000000E+00
2024-01-04 20:15:00,1, 2.707900E+02, 0.000000E+00, 1.808231E+00, 2.836451E+02, 0.000000E+00
2024-01-04 20:45:00,1, 2.704921E+02, 0.000000E+00, 1.573159E+00, 2.828415E+02, 0.000000E+00
2024-01-04 21:15:00,1, 2.701574E+02, 0.000000E+00, 1.475135E+00, 2.817861E+02, 0.000000E+00
2024-01-04 21:45:00,1, 2.697773E+02, 0.000000E+00, 1.356392E+00, 2.806482E+02, 0.000000E+00
2024-01-04 22:15:00,1, 2.695106E+02, 0.000000E+00, 1.238732E+00, 2.798092E+02, 0.000000E+00
2024-01-04 22:45:00,1, 2.693412E+02, 0.000000E+00, 1.144270E+00, 2.791705E+02, 0.000000E+00
2024-01-04 23:15:00,1, 2.691924E+02, 0.000000E+00, 1.048936E+00, 2.786398E+02, 0.000000E+00
2024-01-04 23:45:00,1, 2.690722E+02, 0.000000E+00, 9.495325E-01, 2.781707E+02, 0.000000E+00
2024-01-04 00:15:00,2, 2.737853E+02, 0.000000E+00, 3.091166E-01, 2.806231E+02, 0.000000E+00
2024-01-04 00:45:00,2, 2.738198E+02, 0.000000E+00, 8.669283E-02, 2.804379E+02, 0.000000E+00
2024-01-04 01:15:00,2, 2.738015E+02, 0.000000E+00, 1.681211E-01, 2.802600E+02, 0.000000E+00
2024-01-04 01:45:00,2, 2.736800E+02, 0.000000E+00, 4.851504E-01, 2.800414E+02, 0.000000E+00
2024-01-04 02:15:00,2, 2.736254E+02, 0.000000E+00, 4.540676E-01, 2.798564E+02, 0.000000E+00
2024-01-04 02:45:00,2, 2.735903E+02, 0.000000E+00, 3.927464E-01, 2.797384E+02, 0.000000E+00
2024-01-04 03:15:00,2, 2.735475E+02, 0.000000E+00, 4.110232E-01, 2.796401E+02, 0.000000E+00
2024-01-04 03:45:00,2, 2.735031E+02, 0.000000E+00, 4.334956E-01, 2.795368E+02, 0.000000E+00
2024-01-04 04:15:00,2, 2.734465E+02, 0.000000E+00, 4.628986E-01, 2.794181E+02, 0.000000E+00
2024-01-04 04:45:00,2, 2.733725E+02, 0.000000E+00, 5.149482E-01, 2.792722E+02, 0.000000E+00
2024-01-04 05:15:00,2, 2.733583E+02, 0.000000E+00, 3.692952E-01, 2.791592E+02, 0.000000E+00
2024-01-04 05:45:00,2, 2.733693E+02, 0.000000E+00, 2.816198E-01, 2.791149E+02, 0.000000E+00
2024-01-04 06:15:00,2, 2.734404E+02, 0.000000E+00, 1.569759E-01, 2.791039E+02, 0.000000E+00
2024-01-04 06:45:00,2, 2.735678E+02, 0.000000E+00, 3.866103E-02, 2.791184E+02, 0.000000E+00
2024-01-04 07:15:00,2, 2.736890E+02, 0.000000E+00, 1.586720E-02, 2.791058E+02, 0.000000E+00
2024-01-04 07:45:00,2, 2.737641E+02, 0.000000E+00, 5.045450E-02, 2.790633E+02, 0.000000E+00
2024-01-04 08:15:00,2, 2.737065E+02, 0.000000E+00, 3.285587E-01, 2.788951E+02, 0.000000E+00
2024-01-04 08:45:00,2, 2.734150E+02, 0.000000E+00, 7.875506E-01, 2.785043E+02, 0.000000E+00
2024-01-04 09:15:00,2, 2.732701E+02, 0.000000E+00, 7.279471E-01, 2.781609E+02, 0.000000E+00
2024-01-04 09:45:00,2, 2.732472E+02, 0.000000E+00, 5.887198E-01, 2.780176E+02, 0.000000E+00
2024-01-04 10:15:00,2, 2.731988E+02, 0.000000E+00, 6.353703E-01, 2.779478E+02, 0.000000E+00
2024-01-04 10:45:00,2, 2.731335E+02, 0.000000E+00, 5.659866E-01, 2.779155E+02, 0.000000E+00
2024-01-04 11:15:00,2, 2.730692E+02, 0.000000E+00, 6.730262E-01, 2.779150E+02, 0.000000E+00
2024-01-04 11:45:00,2, 2.730062E+02, 0.000000E+00, 8.680832E-01, 2.779612E+02, 0.000000E+00
2024-01-04 12:15:00,2, 2.728958E+02, 0.000000E+00, 1.063607E+00, 2.779528E+02, 0.000000E+00
2024-01-04 12:45:00,2, 2.727306E+02, 0.000000E+00, 1.176995E+00, 2.778638E+02, 0.000000E+00
2024-01-04 13:15:00,2, 2.726100E+02, 0.000000E+00, 1.573377E+00, 2.781652E+02, 0.000000E+00
2024-01-04 13:45:00,2, 2.725287E+02, 0.000000E+00, 2.080110E+00, 2.786139E+02, 0.000000E+00
2024-01-04 14:15:00,2, 2.724748E+02, 0.000000E+00, 2.779318E+00, 2.792882E+02, 0.000000E+00
2024-01-04 14:45:00,2, 2.724438E+02, 0.000000E+00, 3.395632E+00, 2.800353E+02, 0.000000E+00
2024-01-04 15:15:00,2, 2.723297E+02, 0.000000E+00, 2.977943E+00, 2.804719E+02, 0.000000E+00
2024-01-04 15:45:00,2, 2.721399E+02, 0.000000E+00, 2.517063E+00, 2.810229E+02, 0.000000E+00
2024-01-04 16:15:00,2, 2.720390E+02, 0.000000E+00, 2.364520E+00, 2.821905E+02, 0.000000E+00
2024-01-04 16:45:00,2, 2.720079E+02, 0.000000E+00, 2.334518E+00, 2.831346E+02, 0.000000E+00
2024-01-04 17:15:00,2, 2.719313E+02, 0.000000E+00, 2.256588E+00, 2.837539E+02, 0.000000E+00
2024-01-04 17:45:00,2, 2.718198E+02, 0.000000E+00, 2.137041E+00, 2.841972E+02, 0.000000E+00
2024-01-04 18:15:00,2, 2.716409E+02, 0.000000E+00, 1.624227E+00, 2.845909E+02, 0.000000E+00
2024-01-04 18:45:00,2, 2.714454E+02, 0.000000E+00, 1.318386E+00, 2.847595E+02, 0.000000E+00
2024-01-04 19:15:00,2, 2.712243E+02, 0.000000E+00, 1.660552E+00, 2.845980E+02, 0.000000E+00
2024-01-04 19:45:00,2, 2.710400E+02, 0.000000E+00, 1.949006E+00, 2.842240E+02, 0.000000E+00
2024-01-04 20:15:00,2, 2.707900E+02, 0.000000E+00, 1.808231E+00, 2.836451E+02, 0.000000E+00
2024-01-04 20:45:00,2, 2.704921E+02, 0.000000E+00, 1.573159E+00, 2.828415E+02, 0.000000E+00
2024-01-04 21:15:00,2, 2.701574E+02, 0.000000E+00, 1.475135E+00, 2.817861E+02, 0.000000E+00
2024-01-04 21:45:00,2, 2.697773E+02, 0.000000E+00, 1.356392E+00, 2.806482E+02, 0.000000E+00
2024-01-04 22:15:00,2, 2.695106E+02, 0.000000E+00, 1.238732E+00, 2.798092E+02, 0.000000E+00
2024-01-04 22:45:00,2, 2.693412E+02, 0.000000E+00, 1.144270E+00, 2.791705E+02, 0.000000E+00
2024-01-04 23:15:00,2, 2.691924E+02, 0.000000E+00, 1.048936E+00, 2.786398E+02, 0.000000E+00
2024-01-04 23:45:00,2, 2.690722E+02, 0.000000E+00, 9.495325E-01, 2.781707E+02, 0.000000E+00
2024-01-04 00:15:00,3, 2.737853E+02, 0.000000E+00, 3.091166E-01, 2.806231E+02, 0.000000E+00
2024-01-04 00:45:00,3, 2.738198E+02, 0.000000E+00, 8.669283E-02, 2.804379E+02, 0.000000E+00
2024-01-04 01:15:00,3, 2.738015E+02, 0.000000E+00, 1.681211E-01, 2.802600E+02, 0.000000E+00
2024-01-04 01:45:00,3, 2.736800E+02, 0.000000E+00, 4.851504E-01, 2.800414E+02, 0.000000E+00
2024-01-04 02:15:00,3, 2.736254E+02, 0.000000E+00, 4.540676E-01, 2.798564E+02, 0.000000E+00
2024-01-04 02:45:00,3, 2.735903E+02, 0.000000E+00, 3.927464E-01, 2.797384E+02, 0.000000E+00
2024-01-04 03:15:00,3, 2.735475E+02, 0.000000E+00, 4.110232E-01, 2.796401E+02, 0.000000E+00
2024-01-04 03:45:00,3, 2.735031E+02, 0.000000E+00, 4.334956E-01, 2.795368E+02, 0.000000E+00
2024-01-04 04:15:00,3, 2.734465E+02, 0.000000E+00, 4.628986E-01, 2.794181E+02, 0.000000E+00
2024-01-04 04:45:00,3, 2.733725E+02, 0.000000E+00, 5.149482E-01, 2.792722E+02, 0.000000E+00
2024-01-04 05:15:00,3, 2.733583E+02, 0.000000E+00, 3.692952E-01, 2.791592E+02, 0.000000E+00
2024-01-04 05:45:00,3, 2.733693E+02, 0.000000E+00, 2.816198E-01, 2.791149E+02, 0.000000E+00
2024-01-04 06:15:00,3, 2.734404E+02, 0.000000E+00, 1.569759E-01, 2.791039E+02, 0.000000E+00
2024-01-04 06:45:00,3, 2.735678E+02, 0.000000E+00, 3.866103E-02, 2.791184E+02, 0.000000E+00
2024-01-04 07:15:00,3, 2.736890E+02, 0.000000E+00, 1.586720E-02, 2.791058E+02, 0.000000E+00
2024-01-04 07:45:00,3, 2.737641E+02, 0.000000E+00, 5.045450E-02, 2.790633E+02, 0.000000E+00
2024-01-04 08:15:00,3, 2.737065E+02, 0.000000E+00, 3.285587E-01, 2.788951E+02, 0.000000E+00
2024-01-04 08:45:00,3, 2.734150E+02, 0.000000E+00, 7.875506E-01, 2.785043E+02, 0.000000E+00
2024-01-04 09:15:00,3, 2.732701E+02, 0.000000E+00, 7.279471E-01, 2.781609E+02, 0.000000E+00
2024-01-04 09:45:00,3, 2.732472E+02, 0.000000E+00, 5.887198E-01, 2.780176E+02, 0.000000E+00
2024-01-04 10:15:00,3, 2.731988E+02, 0.000000E+00, 6.353703E-01, 2.779478E+02, 0.000000E+00
2024-01-04 10:45:00,3, 2.731335E+02, 0.000000E+00, 5.659866E-01, 2.779155E+02, 0.000000E+00
2024-01-04 11:15:00,3, 2.730692E+02, 0.000000E+00, 6.730262E-01, 2.779150E+02, 0.000000E+00
2024-01-04 11:45:00,3, 2.730062E+02, 0.000000E+00, 8.680832E-01, 2.779612E+02, 0.000000E+00
2024-01-04 12:15:00,3, 2.728958E+02, 0.000000E+00, 1.063607E+00, 2.779528E+02, 0.000000E+00
2024-01-04 12:45:00,3, 2.727306E+02, 0.000000E+00, 1.176995E+00, 2.778638E+02, 0.000000E+00
2024-01-04 13:15:00,3, 2.726100E+02, 0.000000E+00, 1.573377E+00, 2.781652E+02, 0.000000E+00
2024-01-04 13:45:00,3, 2.725287E+02, 0.000000E+00, 2.080110E+00, 2.786139E+02, 0.000000E+00
2024-01-04 14:15:00,3, 2.724748E+02, 0.000000E+00, 2.779318E+00, 2.792882E+02, 0.000000E+00
2024-01-04 14:45:00,3, 2.724438E+02, 0.000000E+00, 3.395632E+00, 2.800353E+02, 0.000000E+00
2024-01-04 15:15:00,3, 2.723297E+02, 0.000000E+00, 2.977943E+00, 2.804719E+02, 0.000000E+00
2024-01-04 15:45:00,3, 2.721399E+02, 0.000000E+00, 2.517063E+00, 2.810229E+02, 0.000000E+00
2024-01-04 16:15:00,3, 2.720390E+02, 0.000000E+00, 2.364520E+00, 2.821905E+02, 0.000000E+00
2024-01-04 16:45:00,3, 2.720079E+02, 0.000000E+00, 2.334518E+00, 2.831346E+02, 0.000000E+00
2024-01-04 17:15:00,3, 2.719313E+02, 0.000000E+00, 2.256588E+00, 2.837539E+02, 0.000000E+00
2024-01-04 17:45:00,3, 2.718198E+02, 0.000000E+00, 2.137041E+00, 2.841972E+02, 0.000000E+00
2024-01-04 18:15:00,3, 2.716409E+02, 0.000000E+00, 1.624227E+00, 2.845909E+02, 0.000000E+00
2024-01-04 18:45:00,3, 2.714454E+02, 0.000000E+00, 1.318386E+00, 2.847595E+02, 0.000000E+00
2024-01-04 19:15:00,3, 2.712243E+02, 0.000000E+00, 1.660552E+00, 2.845980E+02, 0.000000E+00
2024-01-04 19:45:00,3, 2.710400E+02, 0.000000E+00, 1.949006E+00, 2.842240E+02, 0.000000E+00
2024-01-04 20:15:00,3, 2.707900E+02, 0.000000E+00, 1.808231E+00, 2.836451E+02, 0.000000E+00
2024-01-04 20:45:00,3, 2.704921E+02, 0.000000E+00, 1.573159E+00, 2.828415E+02, 0.000000E+00
2024-01-04 21:15:00,3, 2.701574E+02, 0.000000E+00, 1.475135E+00, 2.817861E+02, 0.000000E+00
2024-01-04 21:45:00,3, 2.697773E+02, 0.000000E+00, 1.356392E+00, 2.806482E+02, 0.000000E+00
2024-01-04 22:15:00,3, 2.695106E+02, 0.000000E+00, 1.238732E+00, 2.798092E+02, 0.000000E+00
2024-01-04 22:45:00,3, 2.693412E+02, 0.000000E+00, 1.144270E+00, 2.791705E+02, 0.000000E+00
2024-01-04 23:15:00,3, 2.691924E+02, 0.000000E+00, 1.048936E+00, 2.786398E+02, 0.000000E+00
2024-01-04 23:45:00,3, 2.690722E+02, 0.000000E+00, 9.495325E-01, 2.781707E+02, 0.000000E+00
2024-01-04 00:15:00,4, 2.737853E+02, 0.000000E+00, 3.091166E-01, 2.806231E+02, 0.000000E+00
2024-01-04 00:45:00,4, 2.738198E+02, 0.000000E+00, 8.669283E-02, 2.804379E+02, 0.000000E+00
2024-01-04 01:15:00,4, 2.738015E+02, 0.000000E+00, 1.681211E-01, 2.802600E+02, 0.000000E+00
2024-01-04 01:45:00,4, 2.736800E+02, 0.000000E+00, 4.851504E-01, 2.800414E+02, 0.000000E+00
2024-01-04 02:15:00,4, 2.736254E+02, 0.000000E+00, 4.540676E-01, 2.798564E+02, 0.000000E+00
2024-01-04 02:45:00,4, 2.735903E+02, 0.000000E+00, 3.927464E-01, 2.797384E+02, 0.000000E+00
2024-01-04 03:15:00,4, 2.735475E+02, 0.000000E+00, 4.110232E-01, 2.796401E+02, 0.000000E+00
2024-01-04 03:45:00,4, 2.735031E+02, 0.000000E+00, 4.334956E-01, 2.795368E+02, 0.000000E+00
2024-01-04 04:15:00,4, 2.734465E+02, 0.000000E+00, 4.628986E-01, 2.794181E+02, 0.000000E+00
2024-01-04 04:45:00,4, 2.733725E+02, 0.000000E+00, 5.149482E-01, 2.792722E+02, 0.000000E+00
2024-01-04 05:15:00,4, 2.733583E+02, 0.000000E+00, 3.692952E-01, 2.791592E+02, 0.000000E+00
2024-01-04 05:45:00,4, 2.733693E+02, 0.000000E+00, 2.816198E-01, 2.791149E+02, 0.000000E+00
2024-01-04 06:15:00,4, 2.734404E+02, 0.000000E+00, 1.569759E-01, 2.791039E+02, 0.000000E+00
2024-01-04 06:45:00,4, 2.735678E+02, 0.000000E+00, 3.866103E-02, 2.791184E+02, 0.000000E+00
2024-01-04 07:15:00,4, 2.736890E+02, 0.000000E+00, 1.586720E-02, 2.791058E+02, 0.000000E+00
2024-01-04 07:45:00,4, 2.737641E+02, 0.000000E+00, 5.045450E-02, 2.790633E+02, 0.000000E+00
2024-01-04 08:15:00,4, 2.737065E+02, 0.000000E+00, 3.285587E-01, 2.788951E+02, 0.000000E+00
2024-01-04 08:45:00,4, 2.734150E+02, 0.000000E+00, 7.875506E-01, 2.785043E+02, 0.000000E+00
2024-01-04 09:15:00,4, 2.732701E+02, 0.000000E+00, 7.279471E-01, 2.781609E+02, 0.000000E+00
2024-01-04 09:45:00,4, 2.732472E+02, 0.000000E+00, 5.887198E-01, 2.780176E+02, 0.000000E+00
2024-01-04 10:15:00,4, 2.731988E+02, 0.000000E+00, 6.353703E-01, 2.779478E+02, 0.000000E+00
2024-01-04 10:45:00,4, 2.731335E+02, 0.000000E+00, 5.659866E-01, 2.779155E+02, 0.000000E+00
2024-01-04 11:15:00,4, 2.730692E+02, 0.000000E+00, 6.730262E-01, 2.779150E+02, 0.000000E+00
2024-01-04 11:45:00,4, 2.730062E+02, 0.000000E+00, 8.680832E-01, 2.779612E+02, 0.000000E+00
2024-01-04 12:15:00,4, 2.728958E+02, 0.000000E+00, 1.063607E+00, 2.779528E+02, 0.000000E+00
2024-01-04 12:45:00,4, 2.727306E+02, 0.000000E+00, 1.176995E+00, 2.778638E+02, 0.000000E+00
2024-01-04 13:15:00,4, 2.726100E+02, 0.000000E+00, 1.573377E+00, 2.781652E+02, 0.000000E+00
2024-01-04 13:45:00,4, 2.725287E+02, 0.000000E+00, 2.080110E+00, 2.786139E+02, 0.000000E+00
2024-01-04 14:15:00,4, 2.724748E+02, 0.000000E+00, 2.779318E+00, 2.792882E+02, 0.000000E+00
2024-01-04 14:45:00,4, 2.724438E+02, 0.000000E+00, 3.395632E+00, 2.800353E+02, 0.000000E+00
2024-01-04 15:15:00,4, 2.723297E+02, 0.000000E+00, 2.977943E+00, 2.804719E+02, 0.000000E+00
2024-01-04 15:45:00,4, 2.721399E+02, 0.000000E+00, 2.517063E+00, 2.810229E+02, 0.000000E+00
2024-01-04 16:15:00,4, 2.720390E+02, 0.000000E+00, 2.364520E+00, 2.821905E+02, 0.000000E+00
2024-01-04 16:45:00,4, 2.720079E+02, 0.000000E+00, 2.334518E+00, 2.831346E+02, 0.000000E+00
2024-01-04 17:15:00,4, 2.719313E+02, 0.000000E+00, 2.256588E+00, 2.837539E+02, 0.000000E+00
2024-01-04 17:45:00,4, 2.718198E+02, 0.000000E+00, 2.137041E+00, 2.841972E+02, 0.000000E+00
2024-01-04 18:15:00,4, 2.716409E+02, 0.000000E+00, 1.624227E+00, 2.845909E+02, 0.000000E+00
2024-01-04 18:45:00,4, 2.714454E+02, 0.000000E+00, 1.318386E+00, 2.847595E+02, 0.000000E+00
2024-01-04 19:15:00,4, 2.712243E+02, 0.000000E+00, 1.660552E+00, 2.845980E+02, 0.000000E+00
2024-01-04 19:45:00,4, 2.710400E+02, 0.000000E+00, 1.949006E+00, 2.842240E+02, 0.000000E+00
2024-01-04 20:15:00,4, 2.707900E+02, 0.000000E+00, 1.808231E+00, 2.836451E+02, 0.000000E+00
2024-01-04 20:45:00,4, 2.704921E+02, 0.000000E+00, 1.573159E+00, 2.828415E+02, 0.000000E+00
2024-01-04 21:15:00,4, 2.701574E+02, 0.000000E+00, 1.475135E+00, 2.817861E+02, 0.000000E+00
2024-01-04 21:45:00,4, 2.697773E+02, 0.000000E+00, 1.356392E+00, 2.806482E+02, 0.000000E+00
2024-01-04 22:15:00,4, 2.695106E+02, 0.000000E+00, 1.238732E+00, 2.798092E+02, 0.000000E+00
2024-01-04 22:45:00,4, 2.693412E+02, 0.000000E+00, 1.144270E+00, 2.791705E+02, 0.000000E+00
2024-01-04 23:15:00,4, 2.691924E+02, 0.000000E+00, 1.048936E+00, 2.786398E+02, 0.000000E+00
2024-01-04 23:45:00,4, 2.690722E+02, 0.000000E+00, 9.495325E-01, 2.781707E+02, 0.000000E+00
2024-01-04 00:15:00,5, 2.737853E+02, 0.000000E+00, 3.091166E-01, 2.806231E+02, 0.000000E+00
2024-01-04 00:45:00,5, 2.738198E+02, 0.000000E+00, 8.669283E-02, 2.804379E+02, 0.000000E+00
2024-01-04 01:15:00,5, 2.738015E+02, 0.000000E+00, 1.681211E-01, 2.802600E+02, 0.000000E+00
2024-01-04 01:45:00,5, 2.736800E+02, 0.000000E+00, 4.851504E-01, 2.800414E+02, 0.000000E+00
2024-01-04 02:15:00,5, 2.736254E+02, 0.000000E+00, 4.540676E-01, 2.798564E+02, 0.000000E+00
2024-01-04 02:45:00,5, 2.735903E+02, 0.000000E+00, 3.927464E-01, 2.797384E+02, 0.000000E+00
2024-01-04 03:15:00,5, 2.735475E+02, 0.000000E+00, 4.110232E-01, 2.796401E+02, 0.000000E+00
2024-01-04 03:45:00,5, 2.735031E+02, 0.000000E+00, 4.334956E-01, 2.795368E+02, 0.000000E+00
2024-01-04 04:15:00,5, 2.734465E+02, 0.000000E+00, 4.628986E-01, 2.794181E+02, 0.000000E+00
2024-01-04 04:45:00,5, 2.733725E+02, 0.000000E+00, 5.149482E-01, 2.792722E+02, 0.000000E+00
2024-01-04 05:15:00,5, 2.733583E+02, 0.000000E+00, 3.692952E-01, 2.791592E+02, 0.000000E+00
2024-01-04 05:45:00,5, 2.733693E+02, 0.000000E+00, 2.816198E-01, 2.791149E+02, 0.000000E+00
2024-01-04 06:15:00,5, 2.734404E+02, 0.000000E+00, 1.569759E-01, 2.791039E+02, 0.000000E+00
2024-01-04 06:45:00,5, 2.735678E+02, 0.000000E+00, 3.866103E-02, 2.791184E+02, 0.000000E+00
2024-01-04 07:15:00,5, 2.736890E+02, 0.000000E+00, 1.586720E-02, 2.791058E+02, 0.000000E+00
2024-01-04 07:45:00,5, 2.737641E+02, 0.000000E+00, 5.045450E-02, 2.790633E+02, 0.000000E+00
2024-01-04 08:15:00,5, 2.737065E+02, 0.000000E+00, 3.285587E-01, 2.788951E+02, 0.000000E+00
2024-01-04 08:45:00,5, 2.734150E+02, 0.000000E+00, 7.875506E-01, 2.785043E+02, 0.000000E+00
2024-01-04 09:15:00,5, 2.732701E+02, 0.000000E+00, 7.279471E-01, 2.781609E+02, 0.000000E+00
2024-01-04 09:45:00,5, 2.732472E+02, 0.000000E+00, 5.887198E-01, 2.780176E+02, 0.000000E+00
2024-01-04 10:15:00,5, 2.731988E+02, 0.000000E+00, 6.353703E-01, 2.779478E+02, 0.000000E+00
2024-01-04 10:45:00,5, 2.731335E+02, 0.000000E+00, 5.659866E-01, 2.779155E+02, 0.000000E+00
2024-01-04 11:15:00,5, 2.730692E+02, 0.000000E+00, 6.730262E-01, 2.779150E+02, 0.000000E+00
2024-01-04 11:45:00,5, 2.730062E+02, 0.000000E+00, 8.680832E-01, 2.779612E+02, 0.000000E+00
2024-01-04 12:15:00,5, 2.728958E+02, 0.000000E+00, 1.063607E+00, 2.779528E+02, 0.000000E+00
2024-01-04 12:45:00,5, 2.727306E+02, 0.000000E+00, 1.176995E+00, 2.778638E+02, 0.000000E+00
2024-01-04 13:15:00,5, 2.726100E+02, 0.000000E+00, 1.573377E+00, 2.781652E+02, 0.000000E+00
2024-01-04 13:45:00,5, 2.725287E+02, 0.000000E+00, 2.080110E+00, 2.786139E+02, 0.000000E+00
2024-01-04 14:15:00,5, 2.724748E+02, 0.000000E+00, 2.779318E+00, 2.792882E+02, 0.000000E+00
2024-01-04 14:45:00,5, 2.724438E+02, 0.000000E+00, 3.395632E+00, 2.800353E+02, 0.000000E+00
2024-01-04 15:15:00,5, 2.723297E+02, 0.000000E+00, 2.977943E+00, 2.804719E+02, 0.000000E+00
2024-01-04 15:45:00,5, 2.721399E+02, 0.000000E+00, 2.517063E+00, 2.810229E+02, 0.000000E+00
2024-01-04 16:15:00,5, 2.720390E+02, 0.000000E+00, 2.364520E+00, 2.821905E+02, 0.000000E+00
2024-01-04 16:45:00,5, 2.720079E+02, 0.000000E+00, 2.334518E+00, 2.831346E+02, 0.000000E+00
2024-01-04 17:15:00,5, 2.719313E+02, 0.000000E+00, 2.256588E+00, 2.837539E+02, 0.000000E+00
2024-01-04 17:45:00,5, 2.718198E+02, 0.000000E+00, 2.137041E+00, 2.841972E+02, 0.000000E+00
2024-01-04 18:15:00,5, 2.716409E+02, 0.000000E+00, 1.624227E+00, 2.845909E+02, 0.000000E+00
2024-01-04 18:45:00,5, 2.714454E+02, 0.000000E+00, 1.318386E+00, 2.847595E+02, 0.000000E+00
2024-01-04 19:15:00,5, 2.712243E+02, 0.000000E+00, 1.660552E+00, 2.845980E+02, 0.000000E+00
2024-01-04 19:45:00,5, 2.710400E+02, 0.000000E+00, 1.949006E+00, 2.842240E+02, 0.000000E+00
2024-01-04 20:15:00,5, 2.707900E+02, 0.000000E+00, 1.808231E+00, 2.836451E+02, 0.000000E+00
2024-01-04 20:45:00,5, 2.704921E+02, 0.000000E+00, 1.573159E+00, 2.828415E+02, 0.000000E+00
2024-01-04 21:15:00,5, 2.701574E+02, 0.000000E+00, 1.475135E+00, 2.817861E+02, 0.000000E+00
2024-01-04 21:45:00,5, 2.697773E+02, 0.000000E+00, 1.356392E+00, 2.806482E+02, 0.000000E+00
2024-01-04 22:15:00,5, 2.695106E+02, 0.000000E+00, 1.238732E+00, 2.798092E+02, 0.000000E+00
2024-01-04 22:45:00,5, 2.693412E+02, 0.000000E+00, 1.144270E+00, 2.791705E+02, 0.000000E+00
2024-01-04 23:15:00,5, 2.691924E+02, 0.000000E+00, 1.048936E+00, 2.786398E+02, 0.000000E+00
2024-01-04 23:45:00,5, 2.690722E+02, 0.000000E+00, 9.495325E-01, 2.781707E+02, 0.000000E+00
2024-01-04 00:15:00,6, 2.737853E+02, 0.000000E+00, 3.091166E-01, 2.806231E+02, 0.000000E+00
2024-01-04 00:45:00,6, 2.738198E+02, 0.000000E+00, 8.669283E-02, 2.804379E+02, 0.000000E+00
2024-01-04 01:15:00,6, 2.738015E+02, 0.000000E+00, 1.681211E-01, 2.802600E+02, 0.000000E+00
2024-01-04 01:45:00,6, 2.736800E+02, 0.000000E+00, 4.851504E-01, 2.800414E+02, 0.000000E+00
2024-01-04 02:15:00,6, 2.736254E+02, 0.000000E+00, 4.540676E-01, 2.798564E+02, 0.000000E+00
2024-01-04 02:45:00,6, 2.735903E+02, 0.000000E+00, 3.927464E-01, 2.797384E+02, 0.000000E+00
2024-01-04 03:15:00,6, 2.735475E+02, 0.000000E+00, 4.110232E-01, 2.796401E+02, 0.000000E+00
2024-01-04 03:45:00,6, 2.735031E+02, 0.000000E+00, 4.334956E-01, 2.795368E+02, 0.000000E+00
2024-01-04 04:15:00,6, 2.734465E+02, 0.000000E+00, 4.628986E-01, 2.794181E+02, 0.000000E+00
2024-01-04 04:45:00,6, 2.733725E+02, 0.000000E+00, 5.149482E-01, 2.792722E+02, 0.000000E+00
2024-01-04 05:15:00,6, 2.733583E+02, 0.000000E+00, 3.692952E-01, 2.791592E+02, 0.000000E+00
2024-01-04 05:45:00,6, 2.733693E+02, 0.000000E+00, 2.816198E-01, 2.791149E+02, 0.000000E+00
2024-01-04 06:15:00,6, 2.734404E+02, 0.000000E+00, 1.569759E-01, 2.791039E+02, 0.000000E+00
2024-01-04 06:45:00,6, 2.735678E+02, 0.000000E+00, 3.866103E-02, 2.791184E+02, 0.000000E+00
2024-01-04 07:15:00,6, 2.736890E+02, 0.000000E+00, 1.586720E-02, 2.791058E+02, 0.000000E+00
2024-01-04 07:45:00,6, 2.737641E+02, 0.000000E+00, 5.045450E-02, 2.790633E+02, 0.000000E+00
2024-01-04 08:15:00,6, 2.737065E+02, 0.000000E+00, 3.285587E-01, 2.788951E+02, 0.000000E+00
2024-01-04 08:45:00,6, 2.734150E+02, 0.000000E+00, 7.875506E-01, 2.785043E+02, 0.000000E+00
2024-01-04 09:15:00,6, 2.732701E+02, 0.000000E+00, 7.279471E-01, 2.781609E+02, 0.000000E+00
2024-01-04 09:45:00,6, 2.732472E+02, 0.000000E+00, 5.887198E-01, 2.780176E+02, 0.000000E+00
2024-01-04 10:15:00,6, 2.731988E+02, 0.000000E+00, 6.353703E-01, 2.779478E+02, 0.000000E+00
2024-01-04 10:45:00,6, 2.731335E+02, 0.000000E+00, 5.659866E-01, 2.779155E+02, 0.000000E+00
2024-01-04 11:15:00,6, 2.730692E+02, 0.000000E+00, 6.730262E-01, 2.779150E+02, 0.000000E+00
2024-01-04 11:45:00,6, 2.730062E+02, 0.000000E+00, 8.680832E-01, 2.779612E+02, 0.000000E+00
2024-01-04 12:15:00,6, 2.728958E+02, 0.000000E+00, 1.063607E+00, 2.779528E+02, 0.000000E+00
2024-01-04 12:45:00,6, 2.727306E+02, 0.000000E+00, 1.176995E+00, 2.778638E+02, 0.000000E+00
2024-01-04 13:15:00,6, 2.726100E+02, 0.000000E+00, 1.573377E+00, 2.781652E+02, 0.000000E+00
2024-01-04 13:45:00,6, 2.725287E+02, 0.000000E+00, 2.080110E+00, 2.786139E+02, 0.000000E+00
2024-01-04 14:15:00,6, 2.724748E+02, 0.000000E+00, 2.779318E+00, 2.792882E+02, 0.000000E+00
2024-01-04 14:45:00,6, 2.724438E+02, 0.000000E+00, 3.395632E+00, 2.800353E+02, 0.000000E+00
2024-01-04 15:15:00,6, 2.723297E+02, 0.000000E+00, 2.977943E+00, 2.804719E+02, 0.000000E+00
2024-01-04 15:45:00,6, 2.721399E+02, 0.000000E+00, 2.517063E+00, 2.810229E+02, 0.000000E+00
2024-01-04 16:15:00,6, 2.720390E+02, 0.000000E+00, 2.364520E+00, 2.821905E+02, 0.000000E+00
2024-01-04 16:45:00,6, 2.720079E+02, 0.000000E+00, 2.334518E+00, 2.831346E+02, 0.000000E+00
2024-01-04 17:15:00,6, 2.719313E+02, 0.000000E+00, 2.256588E+00, 2.837539E+02, 0.000000E+00
2024-01-04 17:45:00,6, 2.718198E+02, 0.000000E+00, 2.137041E+00, 2.841972E+02, 0.000000E+00
2024-01-04 18:15:00,6, 2.716409E+02, 0.000000E+00, 1.624227E+00, 2.845909E+02, 0.000000E+00
2024-01-04 18:45:00,6, 2.714454E+02, 0.000000E+00, 1.318386E+00, 2.847595E+02, 0.000000E+00
2024-01-04 19:15:00,6, 2.712243E+02, 0.000000E+00, 1.660552E+00, 2.845980E+02, 0.000000E+00
2024-01-04 19:45:00,6, 2.710400E+02, 0.000000E+00, 1.949006E+00, 2.842240E+02, 0.000000E+00
2024-01-04 20:15:00,6, 2.707900E+02, 0.000000E+00, 1.808231E+00, 2.836451E+02, 0.000000E+00
2024-01-04 20:45:00,6, 2.704921E+02, 0.000000E+00, 1.573159E+00, 2.828415E+02, 0.000000E+00
2024-01-04 21:15:00,6, 2.701574E+02, 0.000000E+00, 1.475135E+00, 2.817861E+02, 0.000000E+00
2024-01-04 21:45:00,6, 2.697773E+02, 0.000000E+00, 1.356392E+00, 2.806482E+02, 0.000000E+00
2024-01-04 22:15:00,6, 2.695106E+02, 0.000000E+00, 1.238732E+00, 2.798092E+02, 0.000000E+00
2024-01-04 22:45:00,6, 2.693412E+02, 0.000000E+00, 1.144270E+00, 2.791705E+02, 0.000000E+00
2024-01-04 23:15:00,6, 2.691924E+02, 0.000000E+00, 1.048936E+00, 2.786398E+02, 0.000000E+00
2024-01-04 23:45:00,6, 2.690722E+02, 0.000000E+00, 9.495325E-01, 2.781707E+02, 0.000000E+00
2024-01-05 00:15:00,1, 2.689730E+02, 0.000000E+00, 8.990819E-01, 2.777705E+02, 0.000000E+00
2024-01-05 00:45:00,1, 2.688957E+02, 0.000000E+00, 8.612448E-01, 2.774438E+02, 0.000000E+00
2024-01-05 01:15:00,1, 2.688419E+02, 0.000000E+00, 7.950303E-01, 2.771516E+02, 0.000000E+00
2024-01-05 01:45:00,1, 2.688078E+02, 0.000000E+00, 7.232616E-01, 2.768699E+02, 0.000000E+00
2024-01-05 02:15:00,1, 2.688242E+02, 0.000000E+00, 6.514649E-01, 2.766641E+02, 0.000000E+00
2024-01-05 02:45:00,1, 2.688847E+02, 0.000000E+00, 5.957195E-01, 2.765692E+02, 0.000000E+00
2024-01-05 03:15:00,1, 2.689424E+02, 0.000000E+00, 6.117526E-01, 2.765066E+02, 0.000000E+00
2024-01-05 03:45:00,1, 2.689948E+02, 0.000000E+00, 6.368549E-01, 2.764329E+02, 0.000000E+00
2024-01-05 04:15:00,1, 2.690334E+02, 0.000000E+00, 6.181139E-01, 2.763491E+02, 0.000000E+00
2024-01-05 04:45:00,1, 2.690579E+02, 0.000000E+00, 5.848150E-01, 2.762533E+02, 0.000000E+00
2024-01-05 05:15:00,1, 2.690935E+02, 0.000000E+00, 5.998209E-01, 2.761826E+02, 0.000000E+00
2024-01-05 05:45:00,1, 2.691419E+02, 0.000000E+00, 6.353831E-01, 2.761581E+02, 0.000000E+00
2024-01-05 06:15:00,1, 2.691532E+02, 0.000000E+00, 6.361390E-01, 2.761207E+02, 0.000000E+00
2024-01-05 06:45:00,1, 2.691214E+02, 0.000000E+00, 6.127530E-01, 2.760373E+02, 0.000000E+00
2024-01-05 07:15:00,1, 2.691047E+02, 0.000000E+00, 6.170875E-01, 2.759397E+02, 0.000000E+00
2024-01-05 07:45:00,1, 2.691028E+02, 0.000000E+00, 6.500220E-01, 2.758404E+02, 0.000000E+00
2024-01-05 08:15:00,1, 2.690945E+02, 0.000000E+00, 6.814690E-01, 2.757253E+02, 0.000000E+00
2024-01-05 08:45:00,1, 2.690796E+02, 0.000000E+00, 7.043937E-01, 2.755872E+02, 0.000000E+00
2024-01-05 09:15:00,1, 2.690313E+02, 0.000000E+00, 6.791608E-01, 2.753855E+02, 0.000000E+00
2024-01-05 09:45:00,1, 2.689447E+02, 0.000000E+00, 6.209817E-01, 2.750937E+02, 0.000000E+00
2024-01-05 10:15:00,1, 2.688688E+02, 0.000000E+00, 4.322586E-01, 2.747783E+02, 0.000000E+00
2024-01-05 10:45:00,1, 2.687896E+02, 0.000000E+00, 2.385353E-01, 2.744713E+02, 0.000000E+00
2024-01-05 11:15:00,1, 2.687647E+02, 0.000000E+00, 1.237203E-01, 2.742266E+02, 0.000000E+00
2024-01-05 11:45:00,1, 2.687796E+02, 0.000000E+00, 7.001721E-02, 2.740754E+02, 0.000000E+00
2024-01-05 12:15:00,1, 2.688099E+02, 0.000000E+00,-3.111838E-02, 2.739641E+02, 0.000000E+00
2024-01-05 12:45:00,1, 2.688513E+02, 0.000000E+00,-1.564441E-01, 2.738624E+02, 0.000000E+00
2024-01-05 13:15:00,1, 2.689585E+02, 0.000000E+00,-2.158754E-01, 2.743315E+02, 0.000000E+00
2024-01-05 13:45:00,1, 2.691489E+02, 0.000000E+00,-2.362272E-01, 2.750766E+02, 0.000000E+00
2024-01-05 14:15:00,1, 2.694159E+02, 0.000000E+00, 1.322841E-02, 2.762824E+02, 0.000000E+00
2024-01-05 14:45:00,1, 2.697622E+02, 0.000000E+00, 4.339410E-01, 2.775259E+02, 0.000000E+00
2024-01-05 15:15:00,1, 2.701652E+02, 0.000000E+00, 5.027149E-01, 2.792795E+02, 0.000000E+00
2024-01-05 15:45:00,1, 2.706167E+02, 0.000000E+00, 3.390977E-01, 2.808741E+02, 0.000000E+00
2024-01-05 16:15:00,1, 2.710951E+02, 0.000000E+00, 3.243886E-01, 2.822074E+02, 0.000000E+00
2024-01-05 16:45:00,1, 2.715809E+02, 0.000000E+00, 4.253578E-01, 2.834045E+02, 0.000000E+00
2024-01-05 17:15:00,1, 2.720661E+02, 0.000000E+00, 5.182450E-01, 2.844147E+02, 0.000000E+00
2024-01-05 17:45:00,1, 2.725430E+02, 0.000000E+00, 6.027277E-01, 2.852724E+02, 0.000000E+00
2024-01-05 18:15:00,1, 2.729856E+02, 0.000000E+00, 5.900638E-01, 2.855718E+02, 0.000000E+00
2024-01-05 18:45:00,1, 2.733617E+02, 0.000000E+00, 4.766932E-01, 2.858273E+02, 0.000000E+00
2024-01-05 19:15:00,1, 2.736732E+02, 0.000000E+00, 5.800567E-01, 2.861904E+02, 0.000000E+00
2024-01-05 19:45:00,1, 2.739202E+02, 0.000000E+00, 9.019411E-01, 2.859747E+02, 0.000000E+00
2024-01-05 20:15:00,1, 2.738589E+02, 0.000000E+00, 1.444816E+00, 2.852578E+02, 0.000000E+00
2024-01-05 20:45:00,1, 2.735104E+02, 0.000000E+00, 8.546314E-01, 2.841194E+02, 0.000000E+00
2024-01-05 21:15:00,1, 2.731458E+02, 0.000000E+00, 5.406701E-01, 2.825024E+02, 0.000000E+00
2024-01-05 21:45:00,1, 2.727674E+02, 0.000000E+00, 3.884315E-01, 2.810292E+02, 0.000000E+00
2024-01-05 22:15:00,1, 2.723772E+02, 0.000000E+00, 3.082143E-01, 2.800296E+02, 0.000000E+00
2024-01-05 22:45:00,1, 2.719784E+02, 0.000000E+00, 3.012880E-01, 2.793281E+02, 0.000000E+00
2024-01-05 23:15:00,1, 2.716354E+02, 0.000000E+00, 5.445702E-01, 2.787509E+02, 0.000000E+00
2024-01-05 23:45:00,1, 2.713415E+02, 0.000000E+00, 8.995401E-01, 2.781975E+02, 0.000000E+00
2024-01-05 00:15:00,2, 2.689730E+02, 0.000000E+00, 8.990819E-01, 2.777705E+02, 0.000000E+00
2024-01-05 00:45:00,2, 2.688957E+02, 0.000000E+00, 8.612448E-01, 2.774438E+02, 0.000000E+00
2024-01-05 01:15:00,2, 2.688419E+02, 0.000000E+00, 7.950303E-01, 2.771516E+02, 0.000000E+00
2024-01-05 01:45:00,2, 2.688078E+02, 0.000000E+00, 7.232616E-01, 2.768699E+02, 0.000000E+00
2024-01-05 02:15:00,2, 2.688242E+02, 0.000000E+00, 6.514649E-01, 2.766641E+02, 0.000000E+00
2024-01-05 02:45:00,2, 2.688847E+02, 0.000000E+00, 5.957195E-01, 2.765692E+02, 0.000000E+00
2024-01-05 03:15:00,2, 2.689424E+02, 0.000000E+00, 6.117526E-01, 2.765066E+02, 0.000000E+00
2024-01-05 03:45:00,2, 2.689948E+02, 0.000000E+00, 6.368549E-01, 2.764329E+02, 0.000000E+00
2024-01-05 04:15:00,2, 2.690334E+02, 0.000000E+00, 6.181139E-01, 2.763491E+02, 0.000000E+00
2024-01-05 04:45:00,2, 2.690579E+02, 0.000000E+00, 5.848150E-01, 2.762533E+02, 0.000000E+00
2024-01-05 05:15:00,2, 2.690935E+02, 0.000000E+00, 5.998209E-01, 2.761826E+02, 0.000000E+00
2024-01-05 05:45:00,2, 2.691419E+02, 0.000000E+00, 6.353831E-01, 2.761581E+02, 0.000000E+00
2024-01-05 06:15:00,2, 2.691532E+02, 0.000000E+00, 6.361390E-01, 2.761207E+02, 0.000000E+00
2024-01-05 06:45:00,2, 2.691214E+02, 0.000000E+00, 6.127530E-01, 2.760373E+02, 0.000000E+00
2024-01-05 07:15:00,2, 2.691047E+02, 0.000000E+00, 6.170875E-01, 2.759397E+02, 0.000000E+00
2024-01-05 07:45:00,2, 2.691028E+02, 0.000000E+00, 6.500220E-01, 2.758404E+02, 0.000000E+00
2024-01-05 08:15:00,2, 2.690945E+02, 0.000000E+00, 6.814690E-01, 2.757253E+02, 0.000000E+00
2024-01-05 08:45:00,2, 2.690796E+02, 0.000000E+00, 7.043937E-01, 2.755872E+02, 0.000000E+00
2024-01-05 09:15:00,2, 2.690313E+02, 0.000000E+00, 6.791608E-01, 2.753855E+02, 0.000000E+00
2024-01-05 09:45:00,2, 2.689447E+02, 0.000000E+00, 6.209817E-01, 2.750937E+02, 0.000000E+00
2024-01-05 10:15:00,2, 2.688688E+02, 0.000000E+00, 4.322586E-01, 2.747783E+02, 0.000000E+00
2024-01-05 10:45:00,2, 2.687896E+02, 0.000000E+00, 2.385353E-01, 2.744713E+02, 0.000000E+00
2024-01-05 11:15:00,2, 2.687647E+02, 0.000000E+00, 1.237203E-01, 2.742266E+02, 0.000000E+00
2024-01-05 11:45:00,2, 2.687796E+02, 0.000000E+00, 7.001721E-02, 2.740754E+02, 0.000000E+00
2024-01-05 12:15:00,2, 2.688099E+02, 0.000000E+00,-3.111838E-02, 2.739641E+02, 0.000000E+00
2024-01-05 12:45:00,2, 2.688513E+02, 0.000000E+00,-1.564441E-01, 2.738624E+02, 0.000000E+00
2024-01-05 13:15:00,2, 2.689585E+02, 0.000000E+00,-2.158754E-01, 2.743315E+02, 0.000000E+00
2024-01-05 13:45:00,2, 2.691489E+02, 0.000000E+00,-2.362272E-01, 2.750766E+02, 0.000000E+00
2024-01-05 14:15:00,2, 2.694159E+02, 0.000000E+00, 1.322841E-02, 2.762824E+02, 0.000000E+00
2024-01-05 14:45:00,2, 2.697622E+02, 0.000000E+00, 4.339410E-01, 2.775259E+02, 0.000000E+00
2024-01-05 15:15:00,2, 2.701652E+02, 0.000000E+00, 5.027149E-01, 2.792795E+02, 0.000000E+00
2024-01-05 15:45:00,2, 2.706167E+02, 0.000000E+00, 3.390977E-01, 2.808741E+02, 0.000000E+00
2024-01-05 16:15:00,2, 2.710951E+02, 0.000000E+00, 3.243886E-01, 2.822074E+02, 0.000000E+00
2024-01-05 16:45:00,2, 2.715809E+02, 0.000000E+00, 4.253578E-01, 2.834045E+02, 0.000000E+00
2024-01-05 17:15:00,2, 2.720661E+02, 0.000000E+00, 5.182450E-01, 2.844147E+02, 0.000000E+00
2024-01-05 17:45:00,2, 2.725430E+02, 0.000000E+00, 6.027277E-01, 2.852724E+02, 0.000000E+00
2024-01-05 18:15:00,2, 2.729856E+02, 0.000000E+00, 5.900638E-01, 2.855718E+02, 0.000000E+00
2024-01-05 18:45:00,2, 2.733617E+02, 0.000000E+00, 4.766932E-01, 2.858273E+02, 0.000000E+00
2024-01-05 19:15:00,2, 2.736732E+02, 0.000000E+00, 5.800567E-01, 2.861904E+02, 0.000000E+00
2024-01-05 19:45:00,2, 2.739202E+02, 0.000000E+00, 9.019411E-01, 2.859747E+02, 0.000000E+00
2024-01-05 20:15:00,2, 2.738589E+02, 0.000000E+00, 1.444816E+00, 2.852578E+02, 0.000000E+00
2024-01-05 20:45:00,2, 2.735104E+02, 0.000000E+00, 8.546314E-01, 2.841194E+02, 0.000000E+00
2024-01-05 21:15:00,2, 2.731458E+02, 0.000000E+00, 5.406701E-01, 2.825024E+02, 0.000000E+00
2024-01-05 21:45:00,2, 2.727674E+02, 0.000000E+00, 3.884315E-01, 2.810292E+02, 0.000000E+00
2024-01-05 22:15:00,2, 2.723772E+02, 0.000000E+00, 3.082143E-01, 2.800296E+02, 0.000000E+00
2024-01-05 22:45:00,2, 2.719784E+02, 0.000000E+00, 3.012880E-01, 2.793281E+02, 0.000000E+00
2024-01-05 23:15:00,2, 2.716354E+02, 0.000000E+00, 5.445702E-01, 2.787509E+02, 0.000000E+00
2024-01-05 23:45:00,2, 2.713415E+02, 0.000000E+00, 8.995401E-01, 2.781975E+02, 0.000000E+00
2024-01-05 00:15:00,3, 2.689730E+02, 0.000000E+00, 8.990819E-01, 2.777705E+02, 0.000000E+00
2024-01-05 00:45:00,3, 2.688957E+02, 0.000000E+00, 8.612448E-01, 2.774438E+02, 0.000000E+00
2024-01-05 01:15:00,3, 2.688419E+02, 0.000000E+00, 7.950303E-01, 2.771516E+02, 0.000000E+00
2024-01-05 01:45:00,3, 2.688078E+02, 0.000000E+00, 7.232616E-01, 2.768699E+02, 0.000000E+00
2024-01-05 02:15:00,3, 2.688242E+02, 0.000000E+00, 6.514649E-01, 2.766641E+02, 0.000000E+00
2024-01-05 02:45:00,3, 2.688847E+02, 0.000000E+00, 5.957195E-01, 2.765692E+02, 0.000000E+00
2024-01-05 03:15:00,3, 2.689424E+02, 0.000000E+00, 6.117526E-01, 2.765066E+02, 0.000000E+00
2024-01-05 03:45:00,3, 2.689948E+02, 0.000000E+00, 6.368549E-01, 2.764329E+02, 0.000000E+00
2024-01-05 04:15:00,3, 2.690334E+02, 0.000000E+00, 6.181139E-01, 2.763491E+02, 0.000000E+00
2024-01-05 04:45:00,3, 2.690579E+02, 0.000000E+00, 5.848150E-01, 2.762533E+02, 0.000000E+00
2024-01-05 05:15:00,3, 2.690935E+02, 0.000000E+00, 5.998209E-01, 2.761826E+02, 0.000000E+00
2024-01-05 05:45:00,3, 2.691419E+02, 0.000000E+00, 6.353831E-01, 2.761581E+02, 0.000000E+00
2024-01-05 06:15:00,3, 2.691532E+02, 0.000000E+00, 6.361390E-01, 2.761207E+02, 0.000000E+00
2024-01-05 06:45:00,3, 2.691214E+02, 0.000000E+00, 6.127530E-01, 2.760373E+02, 0.000000E+00
2024-01-05 07:15:00,3, 2.691047E+02, 0.000000E+00, 6.170875E-01, 2.759397E+02, 0.000000E+00
2024-01-05 07:45:00,3, 2.691028E+02, 0.000000E+00, 6.500220E-01, 2.758404E+02, 0.000000E+00
2024-01-05 08:15:00,3, 2.690945E+02, 0.000000E+00, 6.814690E-01, 2.757253E+02, 0.000000E+00
2024-01-05 08:45:00,3, 2.690796E+02, 0.000000E+00, 7.043937E-01, 2.755872E+02, 0.000000E+00
2024-01-05 09:15:00,3, 2.690313E+02, 0.000000E+00, 6.791608E-01, 2.753855E+02, 0.000000E+00
2024-01-05 09:45:00,3, 2.689447E+02, 0.000000E+00, 6.209817E-01, 2.750937E+02, 0.000000E+00
2024-01-05 10:15:00,3, 2.688688E+02, 0.000000E+00, 4.322586E-01, 2.747783E+02, 0.000000E+00
2024-01-05 10:45:00,3, 2.687896E+02, 0.000000E+00, 2.385353E-01, 2.744713E+02, 0.000000E+00
2024-01-05 11:15:00,3, 2.687647E+02, 0.000000E+00, 1.237203E-01, 2.742266E+02, 0.000000E+00
2024-01-05 11:45:00,3, 2.687796E+02, 0.000000E+00, 7.001721E-02, 2.740754E+02, 0.000000E+00
2024-01-05 12:15:00,3, 2.688099E+02, 0.000000E+00,-3.111838E-02, 2.739641E+02, 0.000000E+00
2024-01-05 12:45:00,3, 2.688513E+02, 0.000000E+00,-1.564441E-01, 2.738624E+02, 0.000000E+00
2024-01-05 13:15:00,3, 2.689585E+02, 0.000000E+00,-2.158754E-01, 2.743315E+02, 0.000000E+00
2024-01-05 13:45:00,3, 2.691489E+02, 0.000000E+00,-2.362272E-01, 2.750766E+02, 0.000000E+00
2024-01-05 14:15:00,3, 2.694159E+02, 0.000000E+00, 1.322841E-02, 2.762824E+02, 0.000000E+00
2024-01-05 14:45:00,3, 2.697622E+02, 0.000000E+00, 4.339410E-01, 2.775259E+02, 0.000000E+00
2024-01-05 15:15:00,3, 2.701652E+02, 0.000000E+00, 5.027149E-01, 2.792795E+02, 0.000000E+00
2024-01-05 15:45:00,3, 2.706167E+02, 0.000000E+00, 3.390977E-01, 2.808741E+02, 0.000000E+00
2024-01-05 16:15:00,3, 2.710951E+02, 0.000000E+00, 3.243886E-01, 2.822074E+02, 0.000000E+00
2024-01-05 16:45:00,3, 2.715809E+02, 0.000000E+00, 4.253578E-01, 2.834045E+02, 0.000000E+00
2024-01-05 17:15:00,3, 2.720661E+02, 0.000000E+00, 5.182450E-01, 2.844147E+02, 0.000000E+00
2024-01-05 17:45:00,3, 2.725430E+02, 0.000000E+00, 6.027277E-01, 2.852724E+02, 0.000000E+00
2024-01-05 18:15:00,3, 2.729856E+02, 0.000000E+00, 5.900638E-01, 2.855718E+02, 0.000000E+00
2024-01-05 18:45:00,3, 2.733617E+02, 0.000000E+00, 4.766932E-01, 2.858273E+02, 0.000000E+00
2024-01-05 19:15:00,3, 2.736732E+02, 0.000000E+00, 5.800567E-01, 2.861904E+02, 0.000000E+00
2024-01-05 19:45:00,3, 2.739202E+02, 0.000000E+00, 9.019411E-01, 2.859747E+02, 0.000000E+00
2024-01-05 20:15:00,3, 2.738589E+02, 0.000000E+00, 1.444816E+00, 2.852578E+02, 0.000000E+00
2024-01-05 20:45:00,3, 2.735104E+02, 0.000000E+00, 8.546314E-01, 2.841194E+02, 0.000000E+00
2024-01-05 21:15:00,3, 2.731458E+02, 0.000000E+00, 5.406701E-01, 2.825024E+02, 0.000000E+00
2024-01-05 21:45:00,3, 2.727674E+02, 0.000000E+00, 3.884315E-01, 2.810292E+02, 0.000000E+00
2024-01-05 22:15:00,3, 2.723772E+02, 0.000000E+00, 3.082143E-01, 2.800296E+02, 0.000000E+00
2024-01-05 22:45:00,3, 2.719784E+02, 0.000000E+00, 3.012880E-01, 2.793281E+02, 0.000000E+00
2024-01-05 23:15:00,3, 2.716354E+02, 0.000000E+00, 5.445702E-01, 2.787509E+02, 0.000000E+00
2024-01-05 23:45:00,3, 2.713415E+02, 0.000000E+00, 8.995401E-01, 2.781975E+02, 0.000000E+00
2024-01-05 00:15:00,4, 2.689730E+02, 0.000000E+00, 8.990819E-01, 2.777705E+02, 0.000000E+00
2024-01-05 00:45:00,4, 2.688957E+02, 0.000000E+00, 8.612448E-01, 2.774438E+02, 0.000000E+00
2024-01-05 01:15:00,4, 2.688419E+02, 0.000000E+00, 7.950303E-01, 2.771516E+02, 0.000000E+00
2024-01-05 01:45:00,4, 2.688078E+02, 0.000000E+00, 7.232616E-01, 2.768699E+02, 0.000000E+00
2024-01-05 02:15:00,4, 2.688242E+02, 0.000000E+00, 6.514649E-01, 2.766641E+02, 0.000000E+00
2024-01-05 02:45:00,4, 2.688847E+02, 0.000000E+00, 5.957195E-01, 2.765692E+02, 0.000000E+00
2024-01-05 03:15:00,4, 2.689424E+02, 0.000000E+00, 6.117526E-01, 2.765066E+02, 0.000000E+00
2024-01-05 03:45:00,4, 2.689948E+02, 0.000000E+00, 6.368549E-01, 2.764329E+02, 0.000000E+00
2024-01-05 04:15:00,4, 2.690334E+02, 0.000000E+00, 6.181139E-01, 2.763491E+02, 0.000000E+00
2024-01-05 04:45:00,4, 2.690579E+02, 0.000000E+00, 5.848150E-01, 2.762533E+02, 0.000000E+00
2024-01-05 05:15:00,4, 2.690935E+02, 0.000000E+00, 5.998209E-01, 2.761826E+02, 0.000000E+00
2024-01-05 05:45:00,4, 2.691419E+02, 0.000000E+00, 6.353831E-01, 2.761581E+02, 0.000000E+00
2024-01-05 06:15:00,4, 2.691532E+02, 0.000000E+00, 6.361390E-01, 2.761207E+02, 0.000000E+00
2024-01-05 06:45:00,4, 2.691214E+02, 0.000000E+00, 6.127530E-01, 2.760373E+02, 0.000000E+00
2024-01-05 07:15:00,4, 2.691047E+02, 0.000000E+00, 6.170875E-01, 2.759397E+02, 0.000000E+00
2024-01-05 07:45:00,4, 2.691028E+02, 0.000000E+00, 6.500220E-01, 2.758404E+02, 0.000000E+00
2024-01-05 08:15:00,4, 2.690945E+02, 0.000000E+00, 6.814690E-01, 2.757253E+02, 0.000000E+00
2024-01-05 08:45:00,4, 2.690796E+02, 0.000000E+00, 7.043937E-01, 2.755872E+02, 0.000000E+00
2024-01-05 09:15:00,4, 2.690313E+02, 0.000000E+00, 6.791608E-01, 2.753855E+02, 0.000000E+00
2024-01-05 09:45:00,4, 2.689447E+02, 0.000000E+00, 6.209817E-01, 2.750937E+02, 0.000000E+00
2024-01-05 10:15:00,4, 2.688688E+02, 0.000000E+00, 4.322586E-01, 2.747783E+02, 0.000000E+00
2024-01-05 10:45:00,4, 2.687896E+02, 0.000000E+00, 2.385353E-01, 2.744713E+02, 0.000000E+00
2024-01-05 11:15:00,4, 2.687647E+02, 0.000000E+00, 1.237203E-01, 2.742266E+02, 0.000000E+00
2024-01-05 11:45:00,4, 2.687796E+02, 0.000000E+00, 7.001721E-02, 2.740754E+02, 0.000000E+00
2024-01-05 12:15:00,4, 2.688099E+02, 0.000000E+00,-3.111838E-02, 2.739641E+02, 0.000000E+00
2024-01-05 12:45:00,4, 2.688513E+02, 0.000000E+00,-1.564441E-01, 2.738624E+02, 0.000000E+00
2024-01-05 13:15:00,4, 2.689585E+02, 0.000000E+00,-2.158754E-01, 2.743315E+02, 0.000000E+00
2024-01-05 13:45:00,4, 2.691489E+02, 0.000000E+00,-2.362272E-01, 2.750766E+02, 0.000000E+00
2024-01-05 14:15:00,4, 2.694159E+02, 0.000000E+00, 1.322841E-02, 2.762824E+02, 0.000000E+00
2024-01-05 14:45:00,4, 2.697622E+02, 0.000000E+00, 4.339410E-01, 2.775259E+02, 0.000000E+00
2024-01-05 15:15:00,4, 2.701652E+02, 0.000000E+00, 5.027149E-01, 2.792795E+02, 0.000000E+00
2024-01-05 15:45:00,4, 2.706167E+02, 0.000000E+00, 3.390977E-01, 2.808741E+02, 0.000000E+00
2024-01-05 16:15:00,4, 2.710951E+02, 0.000000E+00, 3.243886E-01, 2.822074E+02, 0.000000E+00
2024-01-05 16:45:00,4, 2.715809E+02, 0.000000E+00, 4.253578E-01, 2.834045E+02, 0.000000E+00
2024-01-05 17:15:00,4, 2.720661E+02, 0.000000E+00, 5.182450E-01, 2.844147E+02, 0.000000E+00
2024-01-05 17:45:00,4, 2.725430E+02, 0.000000E+00, 6.027277E-01, 2.852724E+02, 0.000000E+00
2024-01-05 18:15:00,4, 2.729856E+02, 0.000000E+00, 5.900638E-01, 2.855718E+02, 0.000000E+00
2024-01-05 18:45:00,4, 2.733617E+02, 0.000000E+00, 4.766932E-01, 2.858273E+02, 0.000000E+00
2024-01-05 19:15:00,4, 2.736732E+02, 0.000000E+00, 5.800567E-01, 2.861904E+02, 0.000000E+00
2024-01-05 19:45:00,4, 2.739202E+02, 0.000000E+00, 9.019411E-01, 2.859747E+02, 0.000000E+00
2024-01-05 20:15:00,4, 2.738589E+02, 0.000000E+00, 1.444816E+00, 2.852578E+02, 0.000000E+00
2024-01-05 20:45:00,4, 2.735104E+02, 0.000000E+00, 8.546314E-01, 2.841194E+02, 0.000000E+00
2024-01-05 21:15:00,4, 2.731458E+02, 0.000000E+00, 5.406701E-01, 2.825024E+02, 0.000000E+00
2024-01-05 21:45:00,4, 2.727674E+02, 0.000000E+00, 3.884315E-01, 2.810292E+02, 0.000000E+00
2024-01-05 22:15:00,4, 2.723772E+02, 0.000000E+00, 3.082143E-01, 2.800296E+02, 0.000000E+00
2024-01-05 22:45:00,4, 2.719784E+02, 0.000000E+00, 3.012880E-01, 2.793281E+02, 0.000000E+00
2024-01-05 23:15:00,4, 2.716354E+02, 0.000000E+00, 5.445702E-01, 2.787509E+02, 0.000000E+00
2024-01-05 23:45:00,4, 2.713415E+02, 0.000000E+00, 8.995401E-01, 2.781975E+02, 0.000000E+00
2024-01-05 00:15:00,5, 2.689730E+02, 0.000000E+00, 8.990819E-01, 2.777705E+02, 0.000000E+00
2024-01-05 00:45:00,5, 2.688957E+02, 0.000000E+00, 8.612448E-01, 2.774438E+02, 0.000000E+00
2024-01-05 01:15:00,5, 2.688419E+02, 0.000000E+00, 7.950303E-01, 2.771516E+02, 0.000000E+00
2024-01-05 01:45:00,5, 2.688078E+02, 0.000000E+00, 7.232616E-01, 2.768699E+02, 0.000000E+00
2024-01-05 02:15:00,5, 2.688242E+02, 0.000000E+00, 6.514649E-01, 2.766641E+02, 0.000000E+00
2024-01-05 02:45:00,5, 2.688847E+02, 0.000000E+00, 5.957195E-01, 2.765692E+02, 0.000000E+00
2024-01-05 03:15:00,5, 2.689424E+02, 0.000000E+00, 6.117526E-01, 2.765066E+02, 0.000000E+00
2024-01-05 03:45:00,5, 2.689948E+02, 0.000000E+00, 6.368549E-01, 2.764329E+02, 0.000000E+00
2024-01-05 04:15:00,5, 2.690334E+02, 0.000000E+00, 6.181139E-01, 2.763491E+02, 0.000000E+00
2024-01-05 04:45:00,5, 2.690579E+02, 0.000000E+00, 5.848150E-01, 2.762533E+02, 0.000000E+00
2024-01-05 05:15:00,5, 2.690935E+02, 0.000000E+00, 5.998209E-01, 2.761826E+02, 0.000000E+00
2024-01-05 05:45:00,5, 2.691419E+02, 0.000000E+00, 6.353831E-01, 2.761581E+02, 0.000000E+00
2024-01-05 06:15:00,5, 2.691532E+02, 0.000000E+00, 6.361390E-01, 2.761207E+02, 0.000000E+00
2024-01-05 06:45:00,5, 2.691214E+02, 0.000000E+00, 6.127530E-01, 2.760373E+02, 0.000000E+00
2024-01-05 07:15:00,5, 2.691047E+02, 0.000000E+00, 6.170875E-01, 2.759397E+02, 0.000000E+00
2024-01-05 07:45:00,5, 2.691028E+02, 0.000000E+00, 6.500220E-01, 2.758404E+02, 0.000000E+00
2024-01-05 08:15:00,5, 2.690945E+02, 0.000000E+00, 6.814690E-01, 2.757253E+02, 0.000000E+00
2024-01-05 08:45:00,5, 2.690796E+02, 0.000000E+00, 7.043937E-01, 2.755872E+02, 0.000000E+00
2024-01-05 09:15:00,5, 2.690313E+02, 0.000000E+00, 6.791608E-01, 2.753855E+02, 0.000000E+00
2024-01-05 09:45:00,5, 2.689447E+02, 0.000000E+00, 6.209817E-01, 2.750937E+02, 0.000000E+00
2024-01-05 10:15:00,5, 2.688688E+02, 0.000000E+00, 4.322586E-01, 2.747783E+02, 0.000000E+00
2024-01-05 10:45:00,5, 2.687896E+02, 0.000000E+00, 2.385353E-01, 2.744713E+02, 0.000000E+00
2024-01-05 11:15:00,5, 2.687647E+02, 0.000000E+00, 1.237203E-01, 2.742266E+02, 0.000000E+00
2024-01-05 11:45:00,5, 2.687796E+02, 0.000000E+00, 7.001721E-02, 2.740754E+02, 0.000000E+00
2024-01-05 12:15:00,5, 2.688099E+02, 0.000000E+00,-3.111838E-02, 2.739641E+02, 0.000000E+00
2024-01-05 12:45:00,5, 2.688513E+02, 0.000000E+00,-1.564441E-01, 2.738624E+02, 0.000000E+00
2024-01-05 13:15:00,5, 2.689585E+02, 0.000000E+00,-2.158754E-01, 2.743315E+02, 0.000000E+00
2024-01-05 13:45:00,5, 2.691489E+02, 0.000000E+00,-2.362272E-01, 2.750766E+02, 0.000000E+00
2024-01-05 14:15:00,5, 2.694159E+02, 0.000000E+00, 1.322841E-02, 2.762824E+02, 0.000000E+00
2024-01-05 14:45:00,5, 2.697622E+02, 0.000000E+00, 4.339410E-01, 2.775259E+02, 0.000000E+00
2024-01-05 15:15:00,5, 2.701652E+02, 0.000000E+00, 5.027149E-01, 2.792795E+02, 0.000000E+00
2024-01-05 15:45:00,5, 2.706167E+02, 0.000000E+00, 3.390977E-01, 2.808741E+02, 0.000000E+00
2024-01-05 16:15:00,5, 2.710951E+02, 0.000000E+00, 3.243886E-01, 2.822074E+02, 0.000000E+00
2024-01-05 16:45:00,5, 2.715809E+02, 0.000000E+00, 4.253578E-01, 2.834045E+02, 0.000000E+00
2024-01-05 17:15:00,5, 2.720661E+02, 0.000000E+00, 5.182450E-01, 2.844147E+02, 0.000000E+00
2024-01-05 17:45:00,5, 2.725430E+02, 0.000000E+00, 6.027277E-01, 2.852724E+02, 0.000000E+00
2024-01-05 18:15:00,5, 2.729856E+02, 0.000000E+00, 5.900638E-01, 2.855718E+02, 0.000000E+00
2024-01-05 18:45:00,5, 2.733617E+02, 0.000000E+00, 4.766932E-01, 2.858273E+02, 0.000000E+00
2024-01-05 19:15:00,5, 2.736732E+02, 0.000000E+00, 5.800567E-01, 2.861904E+02, 0.000000E+00
2024-01-05 19:45:00,5, 2.739202E+02, 0.000000E+00, 9.019411E-01, 2.859747E+02, 0.000000E+00
2024-01-05 20:15:00,5, 2.738589E+02, 0.000000E+00, 1.444816E+00, 2.852578E+02, 0.000000E+00
2024-01-05 20:45:00,5, 2.735104E+02, 0.000000E+00, 8.546314E-01, 2.841194E+02, 0.000000E+00
2024-01-05 21:15:00,5, 2.731458E+02, 0.000000E+00, 5.406701E-01, 2.825024E+02, 0.000000E+00
2024-01-05 21:45:00,5, 2.727674E+02, 0.000000E+00, 3.884315E-01, 2.810292E+02, 0.000000E+00
2024-01-05 22:15:00,5, 2.723772E+02, 0.000000E+00, 3.082143E-01, 2.800296E+02, 0.000000E+00
2024-01-05 22:45:00,5, 2.719784E+02, 0.000000E+00, 3.012880E-01, 2.793281E+02, 0.000000E+00
2024-01-05 23:15:00,5, 2.716354E+02, 0.000000E+00, 5.445702E-01, 2.787509E+02, 0.000000E+00
2024-01-05 23:45:00,5, 2.713415E+02, 0.000000E+00, 8.995401E-01, 2.781975E+02, 0.000000E+00
2024-01-05 00:15:00,6, 2.689730E+02, 0.000000E+00, 8.990819E-01, 2.777705E+02, 0.000000E+00
2024-01-05 00:45:00,6, 2.688957E+02, 0.000000E+00, 8.612448E-01, 2.774438E+02, 0.000000E+00
2024-01-05 01:15:00,6, 2.688419E+02, 0.000000E+00, 7.950303E-01, 2.771516E+02, 0.000000E+00
2024-01-05 01:45:00,6, 2.688078E+02, 0.000000E+00, 7.232616E-01, 2.768699E+02, 0.000000E+00
2024-01-05 02:15:00,6, 2.688242E+02, 0.000000E+00, 6.514649E-01, 2.766641E+02, 0.000000E+00
2024-01-05 02:45:00,6, 2.688847E+02, 0.000000E+00, 5.957195E-01, 2.765692E+02, 0.000000E+00
2024-01-05 03:15:00,6, 2.689424E+02, 0.000000E+00, 6.117526E-01, 2.765066E+02, 0.000000E+00
2024-01-05 03:45:00,6, 2.689948E+02, 0.000000E+00, 6.368549E-01, 2.764329E+02, 0.000000E+00
2024-01-05 04:15:00,6, 2.690334E+02, 0.000000E+00, 6.181139E-01, 2.763491E+02, 0.000000E+00
2024-01-05 04:45:00,6, 2.690579E+02, 0.000000E+00, 5.848150E-01, 2.762533E+02, 0.000000E+00
2024-01-05 05:15:00,6, 2.690935E+02, 0.000000E+00, 5.998209E-01, 2.761826E+02, 0.000000E+00
2024-01-05 05:45:00,6, 2.691419E+02, 0.000000E+00, 6.353831E-01, 2.761581E+02, 0.000000E+00
2024-01-05 06:15:00,6, 2.691532E+02, 0.000000E+00, 6.361390E-01, 2.761207E+02, 0.000000E+00
2024-01-05 06:45:00,6, 2.691214E+02, 0.000000E+00, 6.127530E-01, 2.760373E+02, 0.000000E+00
2024-01-05 07:15:00,6, 2.691047E+02, 0.000000E+00, 6.170875E-01, 2.759397E+02, 0.000000E+00
2024-01-05 07:45:00,6, 2.691028E+02, 0.000000E+00, 6.500220E-01, 2.758404E+02, 0.000000E+00
2024-01-05 08:15:00,6, 2.690945E+02, 0.000000E+00, 6.814690E-01, 2.757253E+02, 0.000000E+00
2024-01-05 08:45:00,6, 2.690796E+02, 0.000000E+00, 7.043937E-01, 2.755872E+02, 0.000000E+00
2024-01-05 09:15:00,6, 2.690313E+02, 0.000000E+00, 6.791608E-01, 2.753855E+02, 0.000000E+00
2024-01-05 09:45:00,6, 2.689447E+02, 0.000000E+00, 6.209817E-01, 2.750937E+02, 0.000000E+00
2024-01-05 10:15:00,6, 2.688688E+02, 0.000000E+00, 4.322586E-01, 2.747783E+02, 0.000000E+00
2024-01-05 10:45:00,6, 2.687896E+02, 0.000000E+00, 2.385353E-01, 2.744713E+02, 0.000000E+00
2024-01-05 11:15:00,6, 2.687647E+02, 0.000000E+00, 1.237203E-01, 2.742266E+02, 0.000000E+00
2024-01-05 11:45:00,6, 2.687796E+02, 0.000000E+00, 7.001721E-02, 2.740754E+02, 0.000000E+00
2024-01-05 12:15:00,6, 2.688099E+02, 0.000000E+00,-3.111838E-02, 2.739641E+02, 0.000000E+00
2024-01-05 12:45:00,6, 2.688513E+02, 0.000000E+00,-1.564441E-01, 2.738624E+02, 0.000000E+00
2024-01-05 13:15:00,6, 2.689585E+02, 0.000000E+00,-2.158754E-01, 2.743315E+02, 0.000000E+00
2024-01-05 13:45:00,6, 2.691489E+02, 0.000000E+00,-2.362272E-01, 2.750766E+02, 0.000000E+00
2024-01-05 14:15:00,6, 2.694159E+02, 0.000000E+00, 1.322841E-02, 2.762824E+02, 0.000000E+00
2024-01-05 14:45:00,6, 2.697622E+02, 0.000000E+00, 4.339410E-01, 2.775259E+02, 0.000000E+00
2024-01-05 15:15:00,6, 2.701652E+02, 0.000000E+00, 5.027149E-01, 2.792795E+02, 0.000000E+00
2024-01-05 15:45:00,6, 2.706167E+02, 0.000000E+00, 3.390977E-01, 2.808741E+02, 0.000000E+00
2024-01-05 16:15:00,6, 2.710951E+02, 0.000000E+00, 3.243886E-01, 2.822074E+02, 0.000000E+00
2024-01-05 16:45:00,6, 2.715809E+02, 0.000000E+00, 4.253578E-01, 2.834045E+02, 0.000000E+00
2024-01-05 17:15:00,6, 2.720661E+02, 0.000000E+00, 5.182450E-01, 2.844147E+02, 0.000000E+00
2024-01-05 17:45:00,6, 2.725430E+02, 0.000000E+00, 6.027277E-01, 2.852724E+02, 0.000000E+00
2024-01-05 18:15:00,6, 2.729856E+02, 0.000000E+00, 5.900638E-01, 2.855718E+02, 0.000000E+00
2024-01-05 18:45:00,6, 2.733617E+02, 0.000000E+00, 4.766932E-01, 2.858273E+02, 0.000000E+00
2024-01-05 19:15:00,6, 2.736732E+02, 0.000000E+00, 5.800567E-01, 2.861904E+02, 0.000000E+00
2024-01-05 19:45:00,6, 2.739202E+02, 0.000000E+00, 9.019411E-01, 2.859747E+02, 0.000000E+00
2024-01-05 20:15:00,6, 2.738589E+02, 0.000000E+00, 1.444816E+00, 2.852578E+02, 0.000000E+00
2024-01-05 20:45:00,6, 2.735104E+02, 0.000000E+00, 8.546314E-01, 2.841194E+02, 0.000000E+00
2024-01-05 21:15:00,6, 2.731458E+02, 0.000000E+00, 5.406701E-01, 2.825024E+02, 0.000000E+00
2024-01-05 21:45:00,6, 2.727674E+02, 0.000000E+00, 3.884315E-01, 2.810292E+02, 0.000000E+00
2024-01-05 22:15:00,6, 2.723772E+02, 0.000000E+00, 3.082143E-01, 2.800296E+02, 0.000000E+00
2024-01-05 22:45:00,6, 2.719784E+02, 0.000000E+00, 3.012880E-01, 2.793281E+02, 0.000000E+00
2024-01-05 23:15:00,6, 2.716354E+02, 0.000000E+00, 5.445702E-01, 2.787509E+02, 0.000000E+00
2024-01-05 23:45:00,6, 2.713415E+02, 0.000000E+00, 8.995401E-01, 2.781975E+02, 0.000000E+00
